# RUN_PARAMS {"alfanat":0.0,"batch":true,"bussola":1,"calore_scal":false,"calore_vett":false,"campo_spinoriale":true,"chi_basc":false,"chi_core":true,"chi_da_spinore":false,"coppia":1.0,"costanti_effettive":{"CS_M":2.0,"GAMMA":0.05,"K_C":2.0,"LAM":0.8,"PHI_CRIT":6.283185307179586,"SCALA_B":1.0},"cs_dinamico":false,"csv":"condensazione.csv","da_libera":false,"db_cleanup":false,"db_ogni":250,"denoise":false,"deparam_orologio":false,"diaglog":"csv\\_seal_fase3\\_stab_on.csv","diffres":0.0,"dpi":100,"dt":null,"elast_c":null,"fps":20,"frames":0,"gamma":0.05,"giri":1.0,"guscio_morbido":false,"ham":0.0,"kfrange":0.0,"kuramoto_su2":false,"lam":0.8,"leggi_attive":{"CHI_BASC":false,"CHI_CORE":true,"CS_DINAMICO":false,"LS_AZIM":false,"OLON_PART":false,"PAV_COM":false,"PLAST_DIN":false,"POLO_MATURO":false,"REGIME":"deterministico","SPINORE":true,"SPINORE_VIVO":true,"SPIN_FEEDBACK":false,"SPIN_LARMOR":false,"SYNC_UPDATE":false,"TAU_USA_D0":false,"VERLET":false,"VERSO_CHI":false,"VIRIALE":false,"ZETA_LOC":false,"ZETA_VIR":false},"ls_azim":false,"maxnodi":4000000,"mitmax":0,"mupsi":-0.05,"nmasse":3,"nmasse_effettive":3,"nodi":900,"ogni":50,"ogni_effettivo":50,"olon_part":false,"out":null,"passi":300,"passi_effettivi":300,"passi_per_frame":null,"pav_com":false,"plam":1.0,"plast_din":false,"plastmit":0.0,"polo_maturo":false,"regime":null,"scala":1.0,"scuotimento":false,"seed":1,"seed_effettivo":1,"sep":8.0,"sep_effettivo":8.0,"size":null,"solo_materia":false,"spin_feedback":false,"spin_larmor":false,"spin_positivi":false,"spinore_corretto":true,"spinore_vivo":true,"sync":false,"sync_db":null,"sync_fase_orologio":false,"sync_spinore":false,"tau_d0":false,"tauloc":1.0,"tempo_proprio_orientato":false,"test":null,"trace_out":null,"trace_segno":false,"tw_spinore":false,"verlet":false,"verso_chi":false,"viriale":false,"vista_rete":false,"zeta":0.75,"zeta_loc":false,"zeta_vir":false}
step,n,n_archi,I2_min,I2_max,I2_mean,I2_absmax,r_min,r_max,r_mean,tw_min,tw_max,tw_mean,tw_absmax,phi_min,phi_max,phi_mean,phivel_min,phivel_max,phivel_mean,phivel_absmax,d_min,d_max,d_mean,d0_min,d0_max,d0_mean,eta_min,eta_max,eta_mean,tau_min,tau_max,tau_mean,dmin_nodi,xi_termo,n_naninf,n_I2_grandi,n_lontani,m0_I2pesata,m0_raggio,m0_N,m0_coer,m0_spin,m0_spin_disp,m0_spin_core,m0_spin_core_disp,m0_spin_axis_R,m0_omega_axis_R,m0_spin_core_cv,m0_Mdyn,m0_Mcoh,m0_Rinerzia,m0_Jrot,m0_Jshell_frac,m0_Ncore,m0_Nshell,m0_vort_pos,m0_vort_neg,m0_carica,m0_coer_nucleo,m0_N_nucleo,m0_raggio_nucleo,m0_Lz,m0_Lz_norm,m0_picco_picco,m0_picco_n_dominio,m0_picco_chi,m0_picco_spin,m0_picco_spin_x,m0_picco_spin_y,m0_picco_spin_z,m0_picco_spinor_alpha_re,m0_picco_spinor_alpha_im,m0_picco_spinor_beta_re,m0_picco_spinor_beta_im,m0_picco_coerenza,m0_picco_verso_x,m0_picco_verso_y,m0_picco_verso_z,m1_picco_picco,m1_picco_n_dominio,m1_picco_chi,m1_picco_spin,m1_picco_spin_x,m1_picco_spin_y,m1_picco_spin_z,m1_picco_spinor_alpha_re,m1_picco_spinor_alpha_im,m1_picco_spinor_beta_re,m1_picco_spinor_beta_im,m1_picco_coerenza,m1_picco_verso_x,m1_picco_verso_y,m1_picco_verso_z,m2_picco_picco,m2_picco_n_dominio,m2_picco_chi,m2_picco_spin,m2_picco_spin_x,m2_picco_spin_y,m2_picco_spin_z,m2_picco_spinor_alpha_re,m2_picco_spinor_alpha_im,m2_picco_spinor_beta_re,m2_picco_spinor_beta_im,m2_picco_coerenza,m2_picco_verso_x,m2_picco_verso_y,m2_picco_verso_z,chi_core_media,chi_core_abs_media,rho0_core_max,rho_c_core,r_core_medio,n_cicli_topologici,circolazione_topologica_max,circolazione_topologica_media_assoluta,circolazione_topologica_rms,corrente_arco_max,gradiente_rho_arco_media_assoluta,circolazione_topologica_media,olonomia_fase_max,olonomia_fase_media_assoluta,olonomia_fase_rms,berry_spin_max,berry_spin_media_assoluta,berry_spin_rms,berry_spin_media,spin_feedback_arco,spin_cluster_modulo,spin_cluster_omega,spin_neel_modulo,spin_neel_omega,spin_axis_R,segno_arco_coer,verso_arco_coer,segno_ov_absmedia,spin_overlap_arco,ncrit_adattivo,rho_critica,lambda_eff_min,lambda_eff_med,lambda_eff_max,lambda_eff_ratio_med,rho_su_rhoc_max,m1_N,m1_coer,m1_coer_nucleo,m1_spin,m1_Lz,m2_N,m2_coer,m2_coer_nucleo,m2_spin,m2_Lz,n_masse,coer_01,cosphi_01,Lz_orb_01,dist_01,coer_02,cosphi_02,Lz_orb_02,dist_02,coer_12,cosphi_12,Lz_orb_12,dist_12,scala_com,rcom_01,rcom_02,rcom_12,tw_q,tw_disp,sync_rel,d0_disp,rchi_pos,rchi_neg,rchi_ratio,frac_chi_neg,dens_g0,dens_g1,dens_g2,dens_g3,dens_g4,guscio_idx,centro_N,centro_coer,centro_cosphi,guscio_N,guscio_coer,guscio_cosphi,guscio_circ,m0_picco_spin_plus,m0_picco_spin_minus,m0_picco_contrasto,m0_picco_q_x,m0_picco_q_y,m0_picco_q_z,m0_picco_q_modulo,m0_picco_n_plus,m0_picco_n_minus,m1_picco_spin_plus,m1_picco_spin_minus,m1_picco_contrasto,m1_picco_q_x,m1_picco_q_y,m1_picco_q_z,m1_picco_q_modulo,m1_picco_n_plus,m1_picco_n_minus,m2_picco_spin_plus,m2_picco_spin_minus,m2_picco_contrasto,m2_picco_q_x,m2_picco_q_y,m2_picco_q_z,m2_picco_q_modulo,m2_picco_n_plus,m2_picco_n_minus
0,1196,207563,0.0,3.813431718430469e-12,2.6927146231189826e-14,3.813431718430469e-12,0.4321400133875771,8.759983136030806,7.673157935128965,-9.22018539488634,9.230908194338886,-0.00017427619820946063,9.230908194338886,0.00016920300822390326,12.566347903676304,6.36916235450973,-0.928090934077479,1.0879596805795027,-0.01756806904461633,1.0879596805795027,0.15499823105891794,2.398412673123195,1.2135134568767407,0.15499823105891794,2.3982793442339587,1.2131170615391096,0.0,0.057961677902268874,0.0030338914927773683,1.0,1.0,1.0,0.013072801179502953,-0.12062291429775888,0,0,0,0.0,0.6008518713893629,372,0.9988,0.01293,0.4375928106028945,0.0,0.0,0.0,0.04208594201128887,0.0,0.0,0.0,0.0,0.0,0.0,372,0,0,0,0,0.9987,372,0.6008518713893629,0.0,0.0,80.0,372.0,-0.0214705,1.0,0.0,0.0,1.0,1.0,0.0,0.0,0.0,0.0,0.0,0.0,1.0,452.0,372.0,-0.0268493,1.0,0.0,0.0,1.0,1.0,0.0,0.0,0.0,0.0,0.0,0.0,1.0,824.0,372.0,-0.0914128,1.0,0.0,0.0,1.0,1.0,0.0,0.0,0.0,0.0,0.0,0.0,1.0,-0.1,1.0,3.4076708608435783e-12,289.78281860540505,0.0,256,2.3992835292702736e-18,4.621205842446745e-20,1.6678544629464867e-19,2.4058659502272107e-18,1.6936275204046069e-15,-1.3039590259941625e-20,24.72707280235892,7.4936299645662245,9.175312224926321,3.136730337061012,1.1359186037124105,1.456246029004852,-0.2456888809633122,0.0,0.9347924158485689,0.0,0.04356226390742983,0.0,0.0,0.0,0.0,0.0,0.0,621.4857873344093,289.7828177215713,0.6091702876917264,0.609170287691728,0.609170287691728,0.76146285961466,1.315961984362539e-14,372,0.9989,0.9989,-0.01902,0.0,372,0.9987,0.9986,-0.04491,0.0,3,0.9976,1.0,0.0,0.0,0.9975,1.0,0.0,0.0,0.9976,1.0,0.0,0.0,0.0,0.0,0.0,0.0,0.0015,1.0,1.25981,0.27115,0.9821,0.9778,0.9956,0.5251,3.9438,1.3501,0.1066,0.0,12.9328,3.2793,0,0.0,0.0,0,0.0,0.0,0.0,0.0,0.0,0.0,0.0,0.0,0.0,0.0,182.0,190.0,0.0,0.0,0.0,0.0,0.0,0.0,0.0,181.0,191.0,0.0,0.0,0.0,0.0,0.0,0.0,0.0,169.0,203.0
1,1196,207563,6.266254244503217e-15,5.01274915085773e-11,2.6116311955810557e-11,5.01274915085773e-11,0.4462366482950117,8.765030743216636,7.673159085347639,-9.217184711552552,8.851305996074856,-0.0024561623439104995,9.217184711552552,0.00018195145841555863,12.566137185093128,6.73390323199043,-0.9318038609289463,1.0920132812834804,-0.017582860489817234,1.0920132812834804,0.15499823105892555,2.3984129297035,1.2135134564204866,0.154998231058918,2.397912863086257,1.212353074458749,0.01,0.06796167790226887,0.013033891492777366,0.00309614362861399,1.4142030646926835,0.939651776091495,0.013108017705412573,-0.13722510472016478,0,0,0,1.06621733074367e-08,0.6006602783407535,372,0.9877,0.01389,0.44070641471954863,0.02664028218336846,0.43987041459559306,0.9999836720897399,0.04208594201128887,1.0870092285553097,1.0786678750268465e-08,1.0662173358634142e-08,1.0116772995004344,3.670099894057242e-09,0.0,372,0,0,0,0,0.9877,372,0.6006602783407535,-1.559034,-1.559034072362287,333.0,372.0,0.0030226,0.9999836,0.0001241,-3.82e-05,0.9999836,1.0,0.0001072,6.2e-05,-1.88e-05,0.9884575,0.0001241,-3.82e-05,1.0,701.0,372.0,-0.0093447,0.9999857,0.0001887,-0.0003181,0.9999856,1.0,-0.0001752,9.51e-05,-0.0001589,0.9877488,0.0001887,-0.0003181,0.9999999,1003.0,372.0,-0.1167212,0.9999835,-7.68e-05,-0.0001947,0.9999834,1.0,2.09e-05,-3.84e-05,-9.76e-05,0.8900425,-7.68e-05,-0.0001947,1.0,-0.05016722408026756,1.0,3.320689901785574e-11,289.7828263373804,0.0,256,2.9604460651224294e-18,1.3774899771695672e-19,3.1298347577002704e-19,2.8317392803225993e-18,8.56033212059226e-12,-1.785711543857363e-20,18.711150813817316,5.719540438266419,6.849174703191073,3.016790458757479,1.0394709018657728,1.3750667812633393,-0.001685577494229245,0.0,0.936289599299382,0.0028586182130209297,0.03892177086755727,0.11080912367033936,0.9981108638547109,0.9749056856572974,0.973711732736085,0.9845969691435014,0.9868558663680428,621.4858093622083,289.7828279925667,0.6091702876917053,0.609170287691716,0.609170287691728,0.761462859614645,1.7298296057026243e-13,372,0.986,0.986,-0.01874,0.556985,372,0.8937,0.8937,-0.08642,0.537607,3,0.9739,1.0,2.620804,13.85,0.8827,0.9983,-2.617997,13.948,0.8812,0.9982,-1.575518,13.866,8.0183,1.7273,1.7395,1.7292,0.25504,0.80066,1.2586,0.27116,0.9821,0.9778,0.9956,0.5251,3.9438,1.3501,0.1066,0.0,12.9328,3.2793,80,0.0489,0.6667,30,0.1141,0.9627,1.0,0.9999837,0.9999837,0.0,0.0001311,0.0002678,0.0030225,0.0030372,182.0,190.0,0.9999866,0.9999848,9e-07,3.22e-05,0.0001195,-0.0093436,0.0093444,181.0,191.0,0.999984,0.999983,5e-07,-6.01e-05,-5.49e-05,-0.1167188,0.1167188,169.0,203.0
2,1196,207563,1.4423122582125216e-14,4.9548113065543636e-11,2.4153872417540392e-11,4.9548113065543636e-11,0.4462365996307856,8.76503074117858,7.673159084868769,-9.208472057160257,9.215112848588364,-0.008224344198687858,9.215112848588364,0.0010310555595196929,12.566167848912091,6.417086538125927,-0.9318038661841518,1.0920132870165293,-0.017572976838040304,1.0920132870165293,0.15499823105892555,2.3984147628322536,1.213513457692778,0.15498571182592447,2.3977482996086716,1.2095212426860704,0.010000014142115625,0.08210380766814372,0.013979866546181233,0.007759098653853824,1.4141693919789775,1.016903225285445,0.013141443995512493,-0.13722512771156575,0,0,0,1.0521827626634787e-08,0.6006691461739977,372,0.9814,0.01069,0.440290547552886,0.026662157121004736,0.4398022765056956,0.9999836861664955,0.04208337496266613,1.0868408341080738,1.0728283503546388e-08,1.052182872756191e-08,1.0196215678215395,3.6521256819124656e-09,0.0,372,0,0,0,0,0.9814,372,0.6006691461739977,-0.000637,-0.000636962532807317,409.0,372.0,-0.0057078,0.9999836,0.000103,-5.63e-05,0.9999836,1.0,0.0001032,5.15e-05,-2.79e-05,0.9807559,0.000103,-5.63e-05,1.0,701.0,372.0,-0.0178188,0.9999856,0.0002001,-0.0003386,0.9999855,1.0,-0.0001644,0.0001007,-0.0001691,0.9785509,0.0002001,-0.0003386,0.9999999,1194.0,372.0,-0.2024614,0.9999833,-8.63e-05,-0.0001752,0.9999833,1.0,1e-07,-4.32e-05,-8.78e-05,0.7252119,-8.63e-05,-0.0001752,1.0,-0.05016722408026756,1.0,5.012777507266827e-11,289.7828279925958,0.0,256,1.2014736525692303e-17,5.002846002141145e-19,1.163637848081334e-18,1.190942083070561e-17,8.152675199041757e-12,-1.460008070233002e-19,18.700304570966736,5.549903592229941,6.752770078468592,3.100310310399281,0.9923644143957314,1.3207032178119793,-0.07224680544415435,0.0,0.9277224114717169,0.0037173755130194227,0.050183222761942085,0.11700388008966377,0.9924916878008411,0.953981159579248,0.9596717118303602,0.9819141701339852,0.9798358559151804,621.4858084126032,289.7828275497903,0.609170287691702,0.6091702876917156,0.609170287691728,0.7614628596146444,1.7098360687722364e-13,372,0.9767,0.9767,-0.02267,0.004238,372,0.7577,0.7577,-0.14318,0.023558,3,0.9586,1.0,3.5e-05,13.851,0.7442,0.9795,-0.000171,13.958,0.7406,0.9792,-0.000655,13.869,8.0209,1.7268,1.7402,1.729,0.27034,0.92932,1.25776,0.26336,0.9821,0.9778,0.9956,0.5251,3.9438,1.3501,0.1066,0.0,12.9328,3.2793,80,0.0916,-0.8862,30,0.06,0.9855,2.0,0.9999836,0.9999837,-0.0,0.0001126,0.0002499,-0.0057077,0.0057143,182.0,190.0,0.9999865,0.9999848,9e-07,4.45e-05,0.0001095,-0.0178177,0.017818,181.0,191.0,0.999984,0.9999828,6e-07,1.02e-05,2.53e-05,-0.2024575,0.2024575,169.0,203.0
3,1196,207563,1.9246115870935186e-15,9.198583945672422e-10,2.6351017412887186e-10,9.198583945672422e-10,0.4462364234684108,8.765030757052813,7.673159078890027,-9.375289473534412,9.422031503190672,-0.012374392280402899,9.422031503190672,0.0008831200794359989,12.566170093789186,5.987858619196236,-0.9332850064266014,1.0931822166777518,-0.017491118251219465,1.0931822166777518,0.15499899505317977,2.3984195486668294,1.2135134815617599,0.1549868746807011,2.396839324988185,1.2036181042712153,0.0100309736813202,0.09624573218950867,0.023377933687334963,0.2881766942126148,1.4139934389533102,1.0722757662220364,0.01317317174639661,-0.15341201445507358,0,0,0,8.350204913393607e-08,0.6082383047664082,372,0.9659,0.01144,0.4426009983683005,0.04659004277475717,0.4409460749202314,0.9930221715262089,0.131914277604241,1.0807858359836862,8.729629444014766e-08,8.35022262338835e-08,1.0454367311793251,3.000429089385967e-08,0.019678651622871437,368,4,0,0,0,0.9659,372,0.6082383047664082,0.059095,0.059095309452313005,420.0,372.0,0.0423104,0.992966,-0.0091018,0.0047283,0.9929131,0.9999868,0.0001066,-0.004553,0.0023915,0.9657547,-0.0091663,0.0047618,0.9999467,782.0,372.0,-0.0006696,0.9936931,-0.0017128,0.0182188,0.9935246,0.9999578,-0.0002655,-0.0008182,0.0091432,0.9556364,-0.0017237,0.0183344,0.9998304,1194.0,372.0,-0.2220209,0.9819441,0.0056194,0.0320011,0.9814064,0.9998637,0.0001159,0.0028649,0.0162584,0.5454251,0.0057227,0.0325895,0.9994524,-0.05016722408026756,1.0,1.1712951883495015e-09,289.78285262573996,0.0,256,4.9545253329586586e-17,2.4770730404544965e-18,5.828543517347076e-18,1.467554449981345e-16,1.514092127013314e-10,3.902525690186016e-19,19.30181488132672,5.289247186352551,6.517534164236513,3.1376029024660035,1.053033763742992,1.3322673323495688,0.20545430413698648,0.0,0.9163427009601663,0.021214412638464086,0.05143294540758528,0.03906914062222592,0.9838363694338941,0.9829481584760394,0.9575035014124078,0.9777040355601817,0.978751750706204,621.4858564119428,289.78284993064625,0.6091702876909015,0.6091702876915874,0.609170287691728,0.7614628596144842,3.1743023950085108e-12,372,0.959,0.959,-0.02395,0.136811,372,0.5987,0.5987,-0.14754,0.123354,3,0.9263,1.0,0.007073,13.927,0.5828,0.857,0.003172,14.066,0.5787,0.8593,0.00315,13.913,8.0651,1.7268,1.7441,1.7251,0.28337,0.72223,1.25629,0.24251,0.9821,0.9778,0.9956,0.5251,3.9438,1.3501,0.1066,0.0,12.9328,3.2793,80,0.1467,-0.9208,30,0.0652,0.3527,1.0,0.9903307,0.9958943,-0.0028011,0.0053132,0.0051694,0.0392645,0.0399581,182.0,190.0,0.990841,0.9965824,-0.0028888,0.0054776,0.0032262,-0.0035865,0.007299,181.0,191.0,0.9688151,0.9903375,-0.0109856,0.0024499,-0.0023622,-0.2283147,0.22834,169.0,203.0
4,1196,207563,7.089861294433538e-14,5.709809297289199e-09,1.3615607049359402e-09,5.709809297289199e-09,0.44623607680938354,8.765030959792085,7.673159057381924,-9.211931474308592,9.401516225336959,-0.017185557420564754,9.401516225336959,0.0007641752321614348,12.566343166074624,5.738288754972872,-0.936630902022237,1.0972590999343126,-0.017589339576154234,1.0972590999343126,0.1550035330629618,2.398430318866831,1.2135138624952264,0.1549919404621742,2.3955124110625494,1.193508283801802,0.01734175866075982,0.11038289136856877,0.03412867042360581,0.0993342750813685,1.4141773628478034,1.0348915999742054,0.013203267666342654,-0.16901768103656892,0,0,0,4.3055744845516593e-07,0.6071875936432927,372,0.9576,0.01212,0.4454272730064719,0.036181062962762675,0.4428431366733172,0.3711508688690265,0.5629336950729619,1.0736781221912561,4.598880586356261e-07,4.30559142873393e-07,1.0681182045432893,1.5576343829872273e-07,0.024636592005371667,367,5,0,0,0,0.9576,372,0.6071875936432927,0.002972,0.0029722368704869773,113.0,372.0,0.012228,0.3701071,0.2096615,-0.1744546,0.2501737,0.9536776,-0.0012551,0.2287934,-0.1953228,0.9597059,0.5664887,-0.4713626,0.6759496,738.0,372.0,-0.0295448,0.398659,0.1105818,-0.3822907,-0.0235478,0.7412509,-0.000863,0.1504772,-0.654143,0.9493189,0.2773845,-0.9589415,-0.0590674,1194.0,372.0,-0.1550333,0.1658294,-0.0159211,0.1629827,0.0261255,-0.9027002,-0.0022752,-0.0362317,-0.4287359,0.5143197,-0.096009,0.9828336,0.1575447,-0.05016722408026756,1.0,6.0512082768275295e-09,289.7828928522063,0.0,256,9.347869466362819e-17,5.1638096613865824e-18,1.1861309172993444e-17,2.126891984957166e-15,7.547625235359161e-10,-2.9762036442381756e-19,16.924702904567084,5.349900304706915,6.490747996243079,3.1342991536056046,0.9733603152925581,1.34552541385773,0.010340630475168477,0.0,0.23919900187210766,1.0377937788524705,0.07022737451329682,3.0015230125208343,0.16667209754670817,0.3463734955585798,0.10715591866876989,0.9736941207426432,0.5535779593343853,621.4859398377407,289.78288882994735,0.6091702876909173,0.6091702876914696,0.609170287691728,0.761462859614337,1.9703748969939607e-11,372,0.9495,0.9495,-0.02367,-0.105754,372,0.5218,0.5218,-0.14901,-0.087201,3,0.9092,1.0,-0.001382,13.903,0.5082,0.8557,0.001806,14.044,0.5039,0.8575,9.8e-05,13.929,8.059,1.7251,1.7427,1.7283,0.30116,0.63752,1.25481,0.20366,0.9821,0.9778,0.9956,0.5251,3.9438,1.3501,0.1066,0.0,12.9328,3.2793,80,0.0841,-0.8419,30,0.0517,0.1805,1.0,0.3914636,0.3733483,0.0236859,0.0526119,0.0764634,0.0302273,0.0976133,182.0,190.0,0.3593,0.4926752,-0.1565482,0.003514,0.0802055,0.1551062,0.1746517,181.0,191.0,0.149172,0.2705644,-0.2892109,-0.0076032,-0.1415407,0.0958347,0.1711019,169.0,203.0
5,1196,207563,6.312670819530453e-14,2.0238811800233794e-08,4.383210717395317e-09,2.0238811800233794e-08,0.4462353428112397,8.765031692595443,7.67315901998107,-9.240251825974497,9.447376382255571,-0.011806353354384541,9.447376382255571,2.869490430672283e-05,12.566368206514037,5.549728787319088,-0.9402485743531291,1.1009301724084621,-0.01762918708615977,1.1009301724084621,0.1550118966268544,2.398451809508561,1.2135149812732804,0.15500168878559678,2.392770484890945,1.1786924923204256,0.02101013455628279,0.12447707094121502,0.044568192399195294,0.004948730740762297,1.414186010958913,0.9348667678958053,0.013231711129533997,-0.18398298933658092,0,0,0,1.1076162923744328e-06,0.6098225394106744,372,0.9564,0.01243,0.44753493939815003,0.036946932308100054,0.44414801054994385,0.11924194868603438,0.4503135561575044,1.0670985022416843,1.1961718223777802e-06,1.1076648082361077e-06,1.0799041492368209,3.968859577455403e-07,0.028351370983056224,367,5,0,0,0,0.9564,372,0.6098225394106744,0.017892,0.01789201481744418,113.0,372.0,0.0090759,0.1238726,-0.1054647,0.0289867,-0.0581498,-0.9708949,0.1476986,0.18669,-0.0263637,0.9545166,-0.8513961,0.2340044,-0.4694323,738.0,372.0,-0.035174,0.0576932,-0.0025608,-0.0365783,-0.0445419,-0.7431696,-0.2228176,0.629809,0.0373094,0.9473093,-0.0443864,-0.6340136,-0.772047,1194.0,372.0,-0.1112059,0.0588224,0.0422067,0.0383358,0.0144584,-0.3626172,-0.1741388,0.1280823,0.9065205,0.4960598,0.7175264,0.6517204,0.2457975,-0.05016722408026756,1.0,2.080192151094063e-08,289.782946747383,0.0,256,7.298167255627544e-16,1.400761941516446e-17,5.23249395825906e-17,1.6167695167053834e-14,2.5674865763587165e-09,-2.3306756595576794e-18,17.7210033746144,5.2021900404191666,6.312589907009757,3.123493332721041,1.2691438591784516,1.6697147422523826,0.14167853140859038,0.0,0.039881401581872464,2.1649181735763405,0.011794570728072775,1.136998504955033,0.0473431893133027,0.0052948154142933,0.0013048529320268856,0.8186211612999558,0.5006524264660135,621.4860577541016,289.7829438113098,0.6091702876916785,0.6091702876917158,0.609170287691728,0.7614628596146447,6.984128028394991e-11,372,0.9497,0.9497,-0.02349,0.111732,372,0.5035,0.5035,-0.14805,-0.065019,3,0.9084,1.0,0.001476,13.881,0.4924,0.8686,0.001536,14.044,0.4889,0.8687,0.00016,13.918,8.0527,1.7237,1.744,1.7284,0.31082,0.63075,1.25336,0.15436,0.9821,0.9778,0.9956,0.5251,3.9438,1.3501,0.1066,0.0,12.9328,3.2793,80,0.0352,0.4915,31,0.0725,0.2874,-0.0,0.0933761,0.1558388,-0.250638,0.0205719,-0.0081054,0.0230035,0.0319071,182.0,190.0,0.0957382,0.0530906,0.2865546,0.0166289,0.0149192,-0.0441448,0.0494759,181.0,191.0,0.143571,0.0562493,0.4370012,0.026554,0.0662671,-0.0392226,0.0814546,169.0,203.0
6,1197,207564,0.0,4.2423202906611584e-08,9.653758423736678e-09,4.2423202906611584e-08,0.4461839952586375,8.764985040580434,7.668843123675051,-9.32836676669805,9.26534567573863,-0.010562720150252844,9.32836676669805,5.620559137068363e-05,12.56613966839666,5.385022016843055,-0.9436431206249769,1.1041907347809343,-0.017901388679650583,1.1041907347809343,0.15502308057474204,2.398497963175185,1.2118118447334103,0.155012063032873,2.390757863109544,1.1620864042702104,0.0,0.13861601934396572,0.053417679102472276,0.00709534753530594,1.4141742014639922,0.9662910213179383,0.01325862322606354,-0.1984065142874034,0,0,0,2.372689823985394e-06,0.6173612399356513,372,0.9614,0.0125,0.44943955255228873,0.020716929384343045,0.44416857546890837,0.02328351163887541,0.4253970651521152,1.060229714642502,2.5329482369770965e-06,2.3729258693410467e-06,1.067436732728818,8.057503447099081e-07,0.027894590919537495,367,5,0,0,0,0.9614,372,0.6173612399356513,-0.046385,-0.04638479385104932,164.0,372.0,-0.0298558,0.018192,0.0072207,-0.0118702,-0.0117435,-0.8817718,0.3106992,0.2795228,-0.2186583,0.9520235,0.3969144,-0.6524938,-0.6455314,745.0,372.0,-0.0858434,0.0242419,-0.0121019,0.0141555,-0.0155189,-0.5086594,0.3552936,0.1513903,-0.7694888,0.9444964,-0.499214,0.5839269,-0.6401677,858.0,372.0,-0.0760067,0.0954363,0.016929,0.0935527,0.0083307,-0.7106175,0.4593574,-0.1368831,-0.5150501,0.4747546,0.177385,0.9802627,0.0872906,-0.05016722408026756,1.0,4.2014964080636006e-08,289.7830023223756,0.0,256,1.0801601457382576e-15,1.393757850198784e-17,7.124691985315339e-17,6.00073247722023e-14,6.5782883677281675e-09,-4.916498051056989e-18,18.795191386824506,5.798391842783259,7.023957944653339,3.072085927114675,0.9137142622334589,1.2258999347385655,0.07961397564798668,0.0,0.0375062783907975,1.666975344746184,0.029622768324977324,1.4731863592000705,0.04910436341925241,0.004617031286575512,0.0021303431279631672,0.8112878790336541,0.5010651715639817,621.4861787583199,289.7830002324606,0.6091702876916028,0.609170287691706,0.609170287691728,0.7614628596146324,1.4639645138803925e-10,372,0.955,0.955,-0.02359,-0.051417,372,0.5022,0.5022,-0.14461,0.031178,3,0.9183,1.0,-0.000834,13.874,0.4909,0.8835,0.001438,14.034,0.4877,0.8826,0.000495,13.938,8.0534,1.7228,1.7426,1.7307,0.3164,0.63915,1.25291,0.19024,0.9825,0.9767,0.994,0.5255,4.0506,1.3502,0.1066,0.0,12.9333,3.1929,81,0.1658,0.8289,32,0.2105,0.6603,3.0,0.0357321,0.0480781,-0.1473095,0.0048066,0.0374648,-0.008305,0.0386741,182.0,190.0,0.046021,0.0385629,0.0881738,0.0161672,-0.0147741,-0.0263501,0.0342634,181.0,191.0,0.0568508,0.1377983,-0.4158639,-0.006667,-0.0521579,0.0223375,0.0571303,169.0,203.0
7,1197,207564,1.165947438073851e-13,8.533391264062669e-08,2.0713209863688168e-08,8.533391264062669e-08,0.4461807933998786,8.764989012409501,7.6688432278417515,-9.364320649728613,9.23669079627697,-0.007109888280635629,9.364320649728613,9.586114730672976e-05,12.566359260227012,5.32160662120771,-0.9478435503204782,1.1083160198530362,-0.01818409134416266,1.1083160198530362,0.1550663676117135,2.398590951284374,1.211825029238933,0.1550548467077967,2.390315157771083,1.1341415464145903,0.01414192386787412,0.15273496466227054,0.06301802048292904,0.0007002176383654746,1.4142076114071336,0.9092992063276523,0.013283947131187699,-0.21283993376707916,0,0,0,5.045994399390835e-06,0.6195005244433922,372,0.9698,0.01434,0.4521087476685037,0.006535286007574393,0.4460758034091062,0.051216947334789056,0.4191613405619757,1.0566605656167667,5.26671182277098e-06,5.046429198020259e-06,1.0436511870288676,1.6529860573667287e-06,0.0063481768750766315,370,2,0,0,0,0.9698,372,0.6195005244433922,-0.147882,-0.14788157712947125,164.0,372.0,-0.0526773,0.0503446,-0.0389067,0.0054816,0.031477,0.1045355,-0.3085626,0.5235431,0.7872509,0.9619843,-0.7728078,0.1088823,0.6252302,745.0,372.0,-0.0821792,0.0420543,0.0297394,0.0126305,0.0269185,-0.235733,0.7501847,-0.0126679,0.6176507,0.9598475,0.7071661,0.3003366,0.640089,1131.0,372.0,-0.078301,0.0666023,-0.0135763,-0.0131832,0.0638573,-0.5098924,0.6051409,-0.2155218,-0.5721578,0.4931491,-0.2038407,-0.1979388,0.9587853,-0.050960735171261484,1.0,8.130507927604378e-08,289.7830814577452,0.0,256,2.3741978767961568e-15,2.8989979884022577e-17,1.5447917979068473e-16,2.0157741901352398e-13,1.369682238031472e-08,6.7449068839667675e-18,34.18861723626958,8.916200825784216,11.198134440377357,3.1306128616189834,1.1538609102557362,1.4450464328196901,-0.0022164026441226885,0.0,0.01823094858088073,1.292124636905807,0.017475581561322055,2.3826939529750693,0.0461605769055024,-0.0005370844528074772,-0.0008591550528136562,0.8042850560299695,0.4995704224735933,621.4863634426209,289.78308634599404,0.609170287691257,0.6091702876916938,0.609170287691728,0.7614628596146172,2.9447513212948547e-10,372,0.9625,0.9625,-0.02108,-0.041261,372,0.5213,0.5213,-0.13854,0.158869,3,0.9335,1.0,-0.00089,13.853,0.5069,0.894,-0.000144,14.04,0.503,0.893,-0.002218,13.94,8.0509,1.7207,1.744,1.7315,0.32217,0.65619,1.25143,0.21042,0.9825,0.9767,0.994,0.5255,4.0505,1.3502,0.1066,0.0,12.9333,3.193,81,0.1943,0.9027,32,0.2237,0.7683,-0.0,0.1278961,0.0817258,0.2202553,-0.0415455,0.0819672,-0.0078207,0.0922269,182.0,190.0,0.0407592,0.0537844,-0.1377691,0.0072172,-0.0103869,-0.0215655,0.0250009,181.0,191.0,0.1722495,0.0737345,0.4004935,0.0360111,-0.0752947,0.0660417,0.1064312,169.0,203.0
8,1219,207591,0.0,1.8074559619788258e-07,3.9512107836897855e-08,1.8074559619788258e-07,0.4679620940534817,8.803238849808151,7.675110085056118,-9.283716254334164,9.194837275768307,-0.004306163752618912,9.283716254334164,7.063328229151011e-05,12.566321469669086,5.115524445575402,-0.9510892664024546,1.11087867450241,-0.016758713181282185,1.11087867450241,0.155124820313131,2.3987751380281557,1.202322613869892,0.08488127564102754,2.3891021729357282,1.0706172000875407,0.0,0.16687547236417694,0.07111864618991943,0.02791597101432608,1.414206414524013,1.0419603384452714,8.318146459200098e-12,-0.22706616421220244,0,0,0,9.35503414126715e-06,0.6165681589925229,381,0.9298,0.01528,0.45429538679611586,-0.00194498371103134,0.44793708459501574,0.04297593308868551,0.4162041278727384,1.0634067569160912,9.66094443841247e-06,9.355581143142424e-06,1.0326396928846986,2.9731320394893642e-06,0.0,372,9,0,0,0,0.9302,380,0.6155496037320545,-0.351155,-0.35115467520745725,131.0,373.0,-0.0573472,0.0527604,0.0396778,-0.0295504,0.0183332,0.1071301,0.1028209,0.9888917,-0.0066423,0.9684026,0.7520374,-0.560087,0.34748,745.0,372.0,-0.0693945,0.1055406,0.0461497,0.0033312,0.0948574,-0.8802053,-0.2460113,-0.2742672,-0.2991565,0.9675195,0.4372696,0.0315634,0.8987764,1131.0,372.0,-0.0983244,0.0196713,-0.0023966,0.0070069,0.0182241,0.9350555,-0.0043547,0.3111284,-0.1698569,0.5263253,-0.1218305,0.3562012,0.9264329,-0.050960735171261484,1.0,1.6403175177568802e-07,289.78317941742097,0.0,256,1.2250804430536158e-15,4.0995182566853643e-17,1.075624481352664e-16,6.401591154289331e-13,2.7169327824039297e-08,8.465572800023257e-18,20.074508307031003,5.366949207580327,6.526380613081971,3.1245111308819586,1.1040777051471131,1.4268487032028028,-0.278985684141385,0.0,0.029465679531676666,0.5700871257677625,0.02231106058443165,0.37170872504390384,0.0510736604547101,0.00037849250198852266,0.0010077572434497716,0.7986935056812157,0.500503878621725,621.4865882961217,289.7831911893909,0.6091702876907095,0.6091702876916791,0.609170287691728,0.7614628596145989,6.23726985185122e-10,383,0.9123,0.9123,-0.01956,-0.010187,374,0.5436,0.5436,-0.12635,0.007758,3,0.8489,1.0,-0.000617,13.853,0.5059,0.9037,-0.000276,14.03,0.4964,0.9024,0.000245,13.938,8.0486,1.7212,1.7431,1.7318,0.32836,0.67063,1.26378,0.18456,0.9824,0.9775,0.995,0.5275,4.02,1.4105,0.0635,0.0,13.0827,3.2544,81,0.1069,0.9119,32,0.1253,0.9379,-1.0,0.0370987,0.0704821,-0.31031,-0.007183,0.0167544,-0.0165059,0.0245917,185.0,188.0,0.0670036,0.141669,-0.3578113,-0.0086201,0.0078113,-0.046325,0.0477633,181.0,191.0,0.059726,0.0564284,0.0283892,-0.0090102,-0.0534848,0.0064717,0.0546232,169.0,203.0
9,1250,207630,0.0,3.5473827319915745e-07,6.733362046598537e-08,3.5473827319915745e-07,0.44014858264891665,8.766728534083418,7.684354526102949,-9.395179199554084,9.387076929234302,0.002395519800871917,9.395179199554084,1.286801446941598e-05,12.566366734428302,4.927253372088895,-0.9514111876456849,1.1148990995981936,-0.015895346598720533,1.1148990995981936,0.1552431857161409,2.3991077648584405,1.1890414783396688,0.05,2.3862812191603475,1.00996867369925,0.0,0.1810162435768425,0.07820408311741142,0.0003312956272891743,1.4141929274440963,0.8772409510749214,7.071725766870557e-11,-0.24060001117151728,0,0,0,1.7438447881960934e-05,0.6075484597406501,392,0.897,0.01471,0.4556469852877052,-0.0034181371921216254,0.4514522852561468,0.02966652505037409,0.4112032192787822,1.0836030358052113,1.803008534433095e-05,1.743967999197845e-05,1.033854139102556,5.627604530648475e-06,7.624160777105845e-09,376,16,0,0,0,0.897,392,0.6075484597406501,-0.039535,-0.039534632828830185,113.0,373.0,-0.0649393,0.0312587,-0.0033021,0.0231061,-0.0207922,0.3728873,-0.8345989,0.3806823,-0.1395737,0.9671263,-0.1056364,0.7391878,-0.6651634,806.0,373.0,-0.0784589,0.0625353,-0.0094972,0.053031,0.0317518,0.1238205,0.227948,-0.0128849,-0.9656822,0.9698428,-0.1518688,0.8480171,0.507743,827.0,372.0,-0.08486,0.0337189,0.0209578,-0.0262377,0.0030527,-0.6550534,-0.7011937,-0.2712586,-0.0751748,0.5823193,0.6215457,-0.7781288,0.0905342,-0.054963084495488104,1.0,3.1553055856801773e-07,289.78329661009684,0.0,256,7.130117165530897e-16,4.8085320050064947e-17,7.704862980803521e-17,2.0338482913330343e-12,4.4901119686744894e-08,8.770247137776766e-18,31.177712791331384,7.639505938356045,9.970161785564498,3.1090972533106926,1.032830403326262,1.342272950607254,0.03987826598432626,0.0,0.007022156203648089,1.2227898988792743,0.017158888043805144,1.682828741774482,0.017499696600080765,-0.000997292955936677,-0.0013672531648205634,0.7972618970130421,0.4993163734175898,621.4868294114019,289.7833036152367,0.6091702876900448,0.6091702876916345,0.609170287691728,0.7614628596145431,1.2241501452070043e-09,389,0.9154,0.9154,-0.01764,0.008371,388,0.5303,0.5303,-0.11246,0.005309,3,0.8214,0.9999,-0.001298,13.863,0.4779,0.8863,-0.00094,14.022,0.4875,0.8807,-3.3e-05,13.944,8.0503,1.7221,1.7419,1.7321,0.33479,0.6774,1.28284,0.16286,0.983,0.9779,0.9947,0.5272,4.0404,1.3468,0.1063,0.0,13.5152,3.345,81,0.0626,-0.5947,32,0.0824,-0.352,1.0,0.0219927,0.0671702,-0.5066845,0.0233695,-0.0273115,0.0223766,0.0423411,183.0,190.0,0.0681637,0.0658936,0.0169344,0.0066747,0.0088841,-0.0215355,0.0242334,182.0,191.0,0.0407632,0.0658123,-0.235036,-0.026027,0.0183681,0.0330577,0.0459086,169.0,203.0
10,1282,207668,0.0,6.261529637228648e-07,1.117847670846665e-07,6.261529637228648e-07,0.4332707552361493,8.780143712513572,7.694903985183979,-12.439641090255014,9.375545402743644,0.05245393221403878,12.439641090255014,8.802766517751706e-05,12.566154069329217,4.823242307869294,-0.9544149127793767,1.119618560363547,-0.01555116103960125,1.119618560363547,0.15546794780261405,2.399696657862389,1.1731438169998767,0.0660996287978618,2.3799972349943364,0.9472431945340587,0.0,0.19515828891326742,0.0862163460901969,0.015160821169192262,1.414168872959872,0.9054024494076468,3.5492887947988114e-09,-0.25357066270607453,0,0,0,2.858256144365876e-05,0.5967153160671352,401,0.8824,0.01698,0.45734778144199856,-0.005727189256281195,0.4552694051858405,0.08832247473069207,0.39463662606646926,1.0981827995200353,2.9600688553298635e-05,2.85842907886517e-05,1.0355579143859837,9.500800353760667e-06,0.010843203966165761,381,20,0,0,0,0.8824,401,0.5967153160671352,0.226885,0.22688497168610966,113.0,375.0,-0.0544593,0.0817891,0.0321166,-0.0510004,-0.0552895,0.5379328,-0.6468995,-0.5291265,-0.1103381,0.9690833,0.3926766,-0.6235607,-0.6760008,738.0,374.0,-0.0855424,0.0531004,-0.0055831,-0.042337,-0.0315605,-0.9015946,-0.2079405,-0.1974082,0.3239104,0.9647814,-0.1051422,-0.7972997,-0.5943554,827.0,372.0,-0.0697869,0.0750382,-0.0252438,-0.0571564,0.0415527,0.1719027,-0.0654714,-0.4552879,0.8711348,0.6244889,-0.3364128,-0.7616973,0.5537541,-0.0544,1.0,5.770390610815958e-07,289.7834335879422,0.0,256,1.859327692982013e-15,1.302364138703295e-16,2.3730217947164876e-16,4.7754014672088925e-12,7.142212897801958e-08,2.0968004815230167e-17,24.08454653323578,7.261227036694499,9.063954266528373,3.0695288822650375,0.9879801509782975,1.2877889618174216,-0.004810752453407573,0.0,0.044385681636756324,2.1554667815166817,0.012782014549717566,2.3744709698187414,0.07152050595118625,-0.0007548132558193039,0.0035947228654744736,0.7891965491733584,0.5017973614327373,621.4870976852278,289.7834287044129,0.6091702876886453,0.6091702876916086,0.609170287691728,0.7614628596145108,2.1607618024340448e-09,396,0.8918,0.8918,-0.01787,0.011068,404,0.5312,0.5312,-0.1006,-0.004957,3,0.7871,0.9999,-0.001148,13.882,0.4701,0.8761,-0.001903,14.016,0.4751,0.8813,1e-05,13.941,8.0521,1.724,1.7407,1.7314,0.33758,0.67361,1.30298,0.18678,0.9839,0.9779,0.9939,0.5234,4.068,1.3203,0.1285,0.0,13.9763,3.4357,81,0.1484,-0.8589,32,0.2041,-0.7843,2.0,0.1317078,0.0455562,0.4860077,0.0116914,-0.0088134,-0.0447712,0.0471045,186.0,189.0,0.0528452,0.064282,-0.0976439,-0.0224566,0.0165875,0.0017944,0.0279762,184.0,190.0,0.1100832,0.073855,0.1969583,-0.0445037,-0.01541,-0.0227026,0.0522825,169.0,203.0
11,1318,207715,0.0,9.6059096745404e-07,1.5983267496123068e-07,9.6059096745404e-07,0.4103068717652994,8.849881935701172,7.702649480767266,-12.750601247957258,11.601651151990337,0.07565973921989025,12.750601247957258,0.0001260975987822377,12.565981962922212,4.8109877249534705,-0.9589684737368929,1.1219520543746826,-0.013415917633874874,1.1219520543746826,0.15560840248236718,2.4006190107284295,1.157337101748855,0.05,2.366432713371009,0.8837673533084476,0.0,0.20929894622852163,0.09270202865850243,0.07343470607037395,1.4141860034072482,1.0474634566069407,7.678146414406805e-10,-0.2661534689024331,0,0,0,3.552124267047041e-05,0.5902952196403947,412,0.8518,0.01895,0.45763069810864165,-0.005713339104121123,0.4572405228313311,0.05727224693473113,0.36540083646035254,1.1150043294785923,3.6804825070825905e-05,3.552238102604881e-05,1.0361024235350853,1.1909306093144806e-05,0.01036470952694858,386,26,0,0,0,0.8518,412,0.5902952196403947,-0.021253,-0.021253128833635504,113.0,376.0,-0.0441009,0.0480543,-0.0291482,0.0337168,0.0179658,-0.1097434,-0.6867282,-0.706587,0.1307498,0.971277,-0.6065675,0.7016411,0.3738657,738.0,375.0,-0.0854499,0.0348979,-0.0121941,0.0230547,0.0231871,0.9174031,-0.027943,0.0301789,-0.3958282,0.9596846,-0.3494239,0.6606349,0.664428,827.0,372.0,-0.0356608,0.0665723,0.0081048,0.0650938,0.0113567,-0.5711493,0.4401285,-0.0773185,0.6885471,0.6312962,0.1217437,0.9777918,0.170592,-0.046801872074883,1.0,9.240517535427952e-07,289.78353929585234,0.0,256,5.499842214353263e-15,2.2020127267092516e-16,5.526606129133189e-16,9.284261969133646e-12,1.034263359879071e-07,-2.05270640597088e-17,25.028780033134684,7.17652824099571,9.084820663120846,3.1369902963633036,1.0294526984929007,1.3428319821075219,0.12216898835805155,0.0,0.017207542187976016,2.8053219600092114,0.020266218018026118,1.9032811699261813,0.036320684211268,0.0015075339902172495,-0.0005484083366460691,0.7790262611898916,0.49972579583167714,621.4873093547748,289.78352740047166,0.6091702876899258,0.6091702876916052,0.609170287691728,0.7614628596145064,3.3148570454335512e-09,400,0.8825,0.8825,-0.01913,-0.012932,425,0.5046,0.5046,-0.09118,-0.046184,3,0.7517,1.0,1.8e-05,13.88,0.4315,0.8538,-0.000853,14.01,0.4471,0.8498,-0.000122,13.926,8.0476,1.7248,1.7408,1.7305,0.33813,0.66447,1.32816,0.19029,0.9846,0.9781,0.9934,0.5205,3.9256,1.3439,0.1273,0.0,14.2641,3.6336,81,0.1582,-0.9491,32,0.2137,-0.9553,1.0,0.0728922,0.1072235,-0.1906066,0.0451269,-0.0440621,0.0490612,0.0799057,187.0,189.0,0.0526599,0.0697581,-0.1396705,-0.0145899,0.0061307,-0.0505773,0.0529954,185.0,190.0,0.1246737,0.0357597,0.5542112,-0.021046,0.0544088,-0.0088336,0.0590024,169.0,203.0
12,1339,207740,0.0,1.457616071533588e-06,2.3630314578329972e-07,1.457616071533588e-06,0.36422471099086323,8.881009636516577,7.707509453359135,-12.98820883237946,12.32487616840279,0.07560335819375046,12.98820883237946,0.0002089990123736966,12.566135306739488,4.650608651534107,-0.9620433631032949,1.1272831649033477,-0.012452514334576802,1.1272831649033477,0.15606030715055158,2.401883137167784,1.1526256528648162,0.053689553440975035,2.338162818459121,0.863034267722917,0.0,0.2234100829998008,0.1017824413882211,0.0006543689099721695,1.414166466826406,0.9391562852264508,8.182515239026277e-10,-0.2781719761013478,0,0,0,5.636741730972032e-05,0.5843162551343397,424,0.8157,0.01978,0.46067461503794377,-0.003877716462465586,0.4612375860795491,0.07080316978952048,0.37032669654312644,1.1313848161500246,5.837390649293438e-05,5.636859291997844e-05,1.0355750156084738,1.9020333082160402e-05,0.010356731789674656,388,36,0,0,0,0.8157,424,0.5843162551343397,0.047951,0.047951125151193486,113.0,376.0,-0.0344473,0.0595604,-0.0304223,0.0447247,-0.0249324,0.5989612,0.0066538,-0.6616677,0.4509956,0.97178,-0.5107803,0.7509136,-0.4186076,738.0,376.0,-0.0707985,0.0660078,-0.0132341,-0.0477257,0.0436366,-0.8201336,0.5549924,-0.0767088,-0.1161035,0.955669,-0.2004937,-0.7230305,0.6610818,827.0,372.0,-0.0343207,0.0347101,-0.0181014,0.0117571,-0.0271827,-0.0026804,-0.6083688,-0.0299153,-0.7930859,0.640881,-0.5215023,0.3387217,-0.7831366,-0.0409711684370258,1.0,1.4208989539603007e-06,289.78368917837327,0.0,256,3.477415137499143e-15,2.613917235539154e-16,5.993919991155474e-16,1.9590076115145582e-11,1.501790015443659e-07,3.878657806791055e-17,15.716284588424031,5.392003419627841,6.474835914200669,3.1105768097235806,0.9824632999501086,1.3063597483149125,-0.02166541218726266,0.0,0.029074560472248486,1.8484709532560797,0.025719460398996686,1.7684252532295341,0.048567432640628204,-0.001275386782968689,0.0011487553663908489,0.7825352790300529,0.5005743776831956,621.4876318560944,289.7836777745317,0.6091702876876084,0.6091702876915,0.609170287691728,0.7614628596143749,5.030014398076956e-09,403,0.8774,0.8774,-0.01892,0.009664,431,0.5363,0.5363,-0.08771,-0.027426,3,0.7157,0.9998,-0.000299,13.877,0.4376,0.8813,-7.2e-05,14.006,0.4707,0.8714,-0.000171,13.925,8.046,1.7247,1.7407,1.7307,0.33847,0.65924,1.34256,0.17807,0.9849,0.9783,0.9933,0.5183,3.9212,1.3424,0.1272,0.0,14.4957,3.6968,81,0.1099,-0.9957,32,0.132,-0.9614,0.0,0.1022699,0.0326993,0.5154551,-0.0182098,0.0153771,-0.0364978,0.0435906,188.0,188.0,0.0813332,0.0817288,-0.002426,-0.0151865,-0.02221,-0.0400535,0.0482514,186.0,190.0,0.0624342,0.02938,0.3600127,0.0039918,0.0287969,-0.0151417,0.032779,169.0,203.0
13,1379,207789,0.0,2.114616233670868e-06,3.185005666459866e-07,2.114616233670868e-06,0.3800639614061866,8.931825252575749,7.716483428866596,-11.660065102231254,10.730810005462658,0.05713469636623037,11.660065102231254,0.00019082175575313443,12.566112045685058,4.5496778789059045,-0.9638638489061655,1.1328763063894922,-0.011650143788375039,1.1328763063894922,0.15676494977262606,2.4033220687702954,1.138508188040924,0.06263425026010638,2.286570533230716,0.8357744736103003,0.0,0.23750180066396864,0.1079945997929734,4.369409762183807e-05,1.4141729511115952,0.950297004134463,6.742442279417942e-10,-0.29001060314381905,0,0,0,8.594838364739811e-05,0.5793679218770338,434,0.8009,0.02043,0.4625809190504228,-0.003761298574734367,0.464455967072573,0.033239998945605746,0.33299726820431647,1.1604305300451,8.879695226155259e-05,8.594996417342971e-05,1.033123784465788,2.9147909795387336e-05,0.010435490046491476,392,42,0,0,0,0.8009,434,0.5793679218770338,0.071382,0.07138192159622148,113.0,377.0,-0.0250014,0.035386,-0.0172293,0.0306493,-0.0039925,-0.3777909,0.6031566,-0.2645796,-0.6507487,0.9717646,-0.4868949,0.8661428,-0.1128276,782.0,372.0,-0.0907533,0.073345,-0.0011016,0.0586564,0.0440194,0.0461715,0.2299061,0.3830098,-0.8934847,0.9545051,-0.01502,0.7997324,0.6001687,827.0,372.0,-0.02843,0.1061128,0.0132727,-0.1016783,0.0272999,-0.128589,0.9513866,0.279735,-0.0087577,0.6508641,0.1250806,-0.9582096,0.2572728,-0.03659447348767737,1.0,2.080177657349621e-06,289.7838270402503,0.0,256,4.7709023601131036e-15,2.9399021753080135e-16,6.173117222110757e-16,2.8010954692537594e-11,2.025912225161781e-07,3.395649958211016e-17,17.96961157914567,5.673927378887308,6.759880917463583,3.131246322836345,1.1514082530772267,1.4425111025486332,-0.1376662809420255,0.0,0.02437104405854451,1.3521197503517866,0.01671247909540417,1.1965296705444,0.051046924461745975,0.00023752569153844076,0.0017532329146987258,0.7740856510823737,0.5008766164573495,621.4879037690497,289.7838045605403,0.6091702876850693,0.6091702876912493,0.609170287691728,0.7614628596140616,7.297220204827188e-09,410,0.8474,0.8474,-0.01802,0.007913,454,0.479,0.479,-0.08571,-0.027489,3,0.6788,0.9998,-0.000221,13.878,0.3838,0.8624,-0.000179,14.004,0.4062,0.851,1.6e-05,13.926,8.046,1.7249,1.7405,1.7308,0.33802,0.65329,1.37154,0.16143,0.9856,0.9785,0.9928,0.5134,3.8806,1.3285,0.1259,0.0,14.8,3.8138,81,0.0364,-0.2714,32,0.1107,-0.3037,3.0,0.0722627,0.0440991,0.2420348,-0.0217794,0.0166279,0.0387378,0.0474494,191.0,186.0,0.0685664,0.0891911,-0.1307365,0.0227097,-0.0024636,-0.0278265,0.0360016,181.0,191.0,0.0832076,0.1558988,-0.3040116,0.0017475,0.0578147,0.0389256,0.0697194,169.0,203.0
14,1413,207836,0.0,3.0194591766267817e-06,4.305148224113936e-07,3.0194591766267817e-06,0.44023694749624076,8.998202554475958,7.71934716055373,-11.760872538795043,11.182753337375013,0.04372771895007315,11.760872538795043,0.0005992609889512251,12.566344494754718,4.5107106770001515,-0.9707584922630352,1.1379964594264182,-0.010692475545750913,1.1379964594264182,0.1578916853409602,2.4046325644917803,1.1270756671349151,0.05991375574158653,2.276597850309467,0.8169123350932708,0.0,0.251642386917583,0.11495594009468943,0.001947710614508602,1.414194120129689,0.9635419394205648,7.499443491765772e-08,-0.301553409360592,0,0,0,0.0001246929525667457,0.5766071273082977,439,0.8147,0.02121,0.4624409472606451,-0.003611259806550903,0.4684837690599624,0.05047844841621035,0.3114552557686717,1.1837621891830419,0.00012827613297122195,0.00012469454682865675,1.0287228770917038,4.242461184159421e-05,0.007261314708524574,400,39,0,0,0,0.8147,439,0.5766071273082977,0.003121,0.0031206822320806182,113.0,379.0,-0.0149583,0.0468636,0.0132597,-0.0446263,-0.0053735,-0.0091237,-0.001305,0.9960219,-0.0886309,0.9727951,0.2829415,-0.9522587,-0.1146623,782.0,372.0,-0.0805635,0.0447881,-0.0232022,0.0201952,-0.0325544,-0.655054,-0.2466762,0.5139619,0.4958813,0.9513193,-0.5180425,0.4509062,-0.7268532,827.0,372.0,-0.0282698,0.1046005,-0.0061393,0.0254427,-0.1012731,-0.4891519,-0.1094628,0.5025967,-0.7043755,0.6610411,-0.0586924,0.2432371,-0.9681895,-0.026831036983321246,1.0,2.9462121677557707e-06,289.78395060993074,0.0,256,6.775562251088306e-15,2.6982453132395407e-16,6.403828462236558e-16,4.6720492654162534e-11,2.719725009010762e-07,-4.171250427468849e-18,18.04414452490738,5.5580465184343275,6.624198383512512,3.137834249774217,1.2008506787998,1.5068048427180691,-0.1482051517414687,0.0,0.04576762786119908,2.3919391822473464,0.040555250184761006,2.3907460929798243,0.05397687724541429,0.0015663428285091182,0.00023464419265674545,0.761543641725363,0.5001173220963285,621.488166730521,289.7839271727024,0.6091702876750638,0.6091702876914261,0.609170287691728,0.7614628596142826,1.04196916857548e-08,413,0.8426,0.8426,-0.01659,-0.00279,480,0.4519,0.4519,-0.08269,-0.008021,3,0.6865,0.9994,-0.000476,13.87,0.3684,0.8421,3.3e-05,13.998,0.381,0.8226,-0.000398,13.925,8.0432,1.7244,1.7404,1.7313,0.33789,0.64789,1.39117,0.18496,0.9858,0.9788,0.9929,0.5131,3.8273,1.3102,0.1241,0.1034,14.8952,3.8918,81,0.1555,0.8167,31,0.2362,0.6826,2.0,0.1094578,0.043462,0.4315716,0.0462088,-0.036456,-0.0335423,0.0677449,193.0,186.0,0.0916841,0.0437233,0.3541966,0.0140582,-0.0033703,-0.0495396,0.0516058,181.0,191.0,0.1189742,0.0938501,0.1180512,-0.0032303,0.0190368,-0.0050267,0.0199525,169.0,203.0
15,1453,207886,0.0,3.872728858165133e-06,5.621952428552259e-07,3.872728858165133e-06,0.547882168072826,9.07371034391821,7.720818016197466,-11.866294599531132,12.488007993157229,0.03146075869528323,12.488007993157229,9.259545605993183e-05,12.565984615237992,4.549382371294499,-0.9779523895020871,1.1429332742603724,-0.009952770328631327,1.1429332742603724,0.1594192066004049,2.405329543685621,1.1197950046444851,0.053163994484615396,2.255378711240517,0.7813681465966626,0.0,0.2657842786780108,0.12087937399875233,0.0017159663695445193,1.4141725504501639,0.8570667847320087,8.351646129865157e-08,-0.312910589454145,0,0,0,0.00017408913073364688,0.5766126318693299,443,0.8161,0.01987,0.46423830680978784,-0.003070598877681169,0.47289381764350547,0.05890633408680116,0.28883640388554394,1.213966989186769,0.00017862271607041417,0.0001740921984892304,1.0260236680362447,5.952198745955987e-05,1.3246251665556282e-06,405,38,0,0,0,0.8161,443,0.5766126318693299,-0.000276,-0.00027621493460650015,187.0,372.0,-0.0495101,0.0558507,0.023259,-0.0147213,0.0485963,-0.7130592,0.2231644,-0.2662825,-0.6089645,0.9746243,0.4164502,-0.2635824,0.8701112,782.0,372.0,-0.0663069,0.073217,-0.0093858,0.0508121,-0.0518727,0.051525,-0.5432635,0.5412347,0.639746,0.9540982,-0.1281919,0.6939922,-0.7084784,1131.0,372.0,-0.0234467,0.0928108,-0.0634406,-0.0558644,-0.0383186,0.1397089,0.1436685,-0.4599212,0.865051,0.6693687,-0.6835471,-0.6019169,-0.4128672,-0.026185421089879687,1.0,4.123995797239423e-06,289.7840402721383,0.0,256,6.277215213467912e-15,3.930439940627294e-16,7.783071391815049e-16,6.311553161760065e-11,3.550528141632459e-07,-5.834296334147756e-17,24.10165895133111,7.16276995745555,8.815660100995503,3.1165120424745925,1.152987505618489,1.475001108066403,-0.06104527092253637,0.0,0.033085196483953014,0.7615655669706946,0.0406566289368352,2.439908761694678,0.07957009774948533,-0.0018496179727960868,0.0074854607819985165,0.7571015015305692,0.5037427303909994,621.4883586929014,289.7840166798169,0.6091702876751859,0.6091702876913523,0.609170287691728,0.7614628596141904,1.3364190691179911e-08,417,0.8374,0.8374,-0.01383,-0.00753,512,0.4198,0.4198,-0.0765,-0.016052,3,0.6834,1.0,1.7e-05,13.867,0.3434,0.7836,0.000108,13.994,0.3523,0.7774,0.000155,13.922,8.0411,1.7245,1.7403,1.7314,0.33836,0.64684,1.41709,0.18595,0.9856,0.9792,0.9936,0.5114,3.7659,1.3231,0.1018,0.5816,14.7241,3.9098,81,0.2164,0.8757,31,0.2703,0.8063,0.0,0.1068061,0.049304,0.3683428,-0.0187161,-0.0419908,0.0354811,0.0580726,182.0,190.0,0.0905702,0.1093226,-0.0938118,-0.0240768,0.0262954,0.0611406,0.0707765,181.0,191.0,0.0907882,0.1024895,-0.0605416,0.0241543,-0.0150952,0.002516,0.0285942,169.0,203.0
16,1496,207941,0.0,5.26780328433417e-06,7.119468900219981e-07,5.26780328433417e-06,0.5927705395441889,9.106609975216148,7.725993939957429,-11.990973606997311,12.666233787788963,0.03063678501815342,12.666233787788963,0.00034330038368324267,12.56618612343762,4.577176438567666,-0.9855772266001519,1.1437952172648238,-0.01044373603322427,1.1437952172648238,0.16069133602511315,2.408898993376102,1.115101021667302,0.057218215506811165,2.2120391136193085,0.7724359978116051,0.0,0.2799248813172329,0.12676042928092773,0.0027675855910112013,1.4141631141691544,0.8896611672889004,1.0109344721838467e-08,-0.3239291326381404,0,0,0,0.00020349143137519648,0.5726266372873234,454,0.7824,0.02002,0.4660823869721624,-0.0055369973483300194,0.4755572875111169,0.10031121775677712,0.2875251419664799,1.2367530751036966,0.00020840028694945814,0.00020349591318461483,1.0241006007840265,6.997536506385372e-05,1.98361254151681e-06,406,48,0,0,0,0.7824,454,0.5726266372873234,-0.052526,-0.05252605841988012,113.0,380.0,-0.0217454,0.0876245,0.0540407,-0.0682721,-0.0098273,0.3745503,0.3364751,0.8639893,-0.0043628,0.9770381,0.6167303,-0.7791442,-0.1121522,782.0,373.0,-0.0379863,0.0414347,-0.0312725,0.0223297,0.0154998,0.452906,0.3184453,0.7708495,-0.3150552,0.9574495,-0.7547434,0.538913,0.3740792,1131.0,372.0,-0.0264599,0.0505561,0.0449612,0.0040827,-0.0227539,-0.0657166,0.4158289,0.1302448,0.8976658,0.6704341,0.8893329,0.0807562,-0.4500726,-0.022711631108052306,1.0,5.255501776697501e-06,289.7841511250737,0.0,256,7.598951846557423e-15,1.2647884859214308e-15,1.7562129636940854e-15,9.750110393506183e-11,4.484543074064769e-07,1.7960044420984509e-16,19.569342998832045,5.753998267916387,6.918646724972274,3.126356599248014,1.0482896313671635,1.3543797600640022,0.002956981014596183,0.0,0.023865149677491784,1.5253656232012032,0.02220483133471602,1.792099884711496,0.04700313783690004,-0.00017273778715029689,0.000244317446124935,0.751578942724859,0.5001221587230625,621.4886067651547,289.78413234952006,0.609170287671796,0.6091702876909524,0.609170287691728,0.7614628596136904,1.817837036701673e-08,426,0.8121,0.8121,-0.01271,0.004815,535,0.4226,0.4226,-0.07244,-0.002794,3,0.6353,1.0,-0.000315,13.848,0.3309,0.7905,3.9e-05,13.98,0.3435,0.7859,-0.000484,13.91,8.0327,1.724,1.7404,1.7317,0.33966,0.64663,1.44438,0.17706,0.9856,0.9798,0.9941,0.5114,3.6391,1.3478,0.1011,0.8809,14.8711,4.0865,81,0.1603,0.8786,32,0.2033,0.8721,-1.0,0.0940904,0.084189,0.0555384,0.0128746,0.0050929,0.0081263,0.0160539,194.0,186.0,0.0818906,0.1064232,-0.1302752,-0.0201985,-0.0818304,-0.0195821,0.0865312,182.0,191.0,0.0895181,0.0236103,0.582593,0.0284504,-0.0136516,-0.0232265,0.0391824,169.0,203.0
17,1532,207983,0.0,6.968373735404502e-06,8.921877906209212e-07,6.968373735404502e-06,0.6134997768418731,9.145847473354289,7.729318811649134,-12.11048825655919,12.660896233609614,0.02161153259157087,12.660896233609614,0.00014677130047904992,12.566174869613304,4.5576092356166695,-0.9929808656855118,1.147460295298681,-0.009697361753005328,1.147460295298681,0.16144054889503373,2.412969098685173,1.1118683961122395,0.09518894469054595,2.124912560028284,0.7731349406673181,0.0,0.29406600546216255,0.13326534965818929,0.0036626083233496365,1.414137511751695,0.923841760656358,7.502039474211084e-08,-0.33469398547088763,0,0,0,0.0002327299417732459,0.5708383912183118,464,0.761,0.02195,0.4673039566306594,-0.0026217551525953287,0.47804438117057335,0.07144587098457142,0.24417248063671695,1.2596156759033637,0.00023917942358537322,0.00023273537765725226,1.0276882955783846,8.079297354508506e-05,2.4008293760871468e-06,411,53,0,0,0,0.761,464,0.5708383912183118,0.045807,0.04580681986767732,164.0,377.0,-0.0108673,0.069852,0.0244716,-0.0644375,0.0113251,0.7962434,-0.0353173,-0.0794382,-0.5986976,0.9742457,0.3503349,-0.9224854,0.1621297,782.0,373.0,-0.0317924,0.0637378,-0.0071892,0.0612855,0.0159657,0.5246794,-0.0122988,0.0063388,0.8511874,0.9523954,-0.112793,0.961526,0.2504906,1131.0,372.0,-0.0165151,0.0926414,0.0181972,0.0397587,0.0816734,0.8685919,0.4488897,-0.208071,0.0274343,0.681487,0.1964267,0.4291677,0.8816074,-0.022727272727272728,1.0,6.89433635559961e-06,289.7842972658545,0.0,256,9.585042025491563e-15,1.545839834601188e-15,2.4181078097071793e-15,1.5885454717823648e-10,5.61157959589066e-07,-7.045993742745796e-17,22.49151891323768,7.438216596803986,9.262564852697189,3.1361143060693073,0.7761172560810788,1.1299395724480799,-0.08547059233196158,0.0,0.03330100901483096,2.36675199961026,0.019476346883508362,2.009733501230277,0.06225548039174262,0.0008006978803379939,0.0021350646285219705,0.7498170763521623,0.501067532314261,621.4888727335415,289.7842563637294,0.6091702876568582,0.6091702876911897,0.609170287691728,0.7614628596139872,2.404676438549507e-08,432,0.7991,0.7991,-0.01199,-0.014666,555,0.409,0.409,-0.06816,-0.00093,3,0.6082,1.0,0.000866,13.849,0.3113,0.8001,-0.000379,13.982,0.3269,0.7968,0.000159,13.897,8.0305,1.7245,1.7411,1.7305,0.34029,0.64158,1.46373,0.16156,0.9854,0.9803,0.9949,0.5085,3.6125,1.3045,0.1204,1.2042,14.8961,4.1235,81,0.0571,0.7469,32,0.1104,0.9999,1.0,0.1001176,0.0808271,0.1066097,0.0488927,0.0009449,-0.0311549,0.0579829,194.0,183.0,0.080153,0.0748673,0.0340967,-0.003864,-0.011252,0.0423178,0.0439584,182.0,191.0,0.1202967,0.0688193,0.2722002,0.0199005,0.013554,0.0168333,0.0293786,169.0,203.0
18,1568,208030,0.0,8.760152964669928e-06,1.0798862667540353e-06,8.760152964669928e-06,0.5955600916582738,9.169241876573006,7.729274669138741,-12.326205768612922,12.449793775922997,-0.007623065944254924,12.449793775922997,0.0001455150197733205,12.565953638634808,4.564372836846753,-0.999834974970345,1.1512726857858264,-0.009479570241097173,1.1512726857858264,0.1625041003180529,2.415306007293747,1.1102430865035204,0.07568328899112742,1.9515408059752606,0.7771580312541204,0.0,0.30820571174952976,0.13971515252560793,0.0004826985008975493,1.4141566133722125,0.9005532955011044,7.955725001762563e-09,-0.34531675836189063,0,0,0,0.00026856208344272503,0.568837948081963,469,0.7605,0.02395,0.46742692237269057,-0.0019480832869843876,0.48024894492352493,0.049399545785781984,0.2277063784028834,1.2779274711184723,0.0002775131068758457,0.00026857016695212073,1.0332983369866218,9.40094203266101e-05,0.005514835314960236,414,55,1,1,0,0.7605,469,0.568837948081963,0.014364,0.014363684052083103,164.0,377.0,-0.004037,0.0631215,-0.0457544,-0.0262528,0.0346649,-0.7026414,-0.5654498,-0.4317546,0.012232,0.9722555,-0.7248613,-0.4159092,0.5491772,738.0,379.0,0.0178713,0.034384,0.0065234,-0.0336538,-0.0026692,0.521937,-0.8435503,0.1256893,0.0143823,0.9503464,0.1897233,-0.9787639,-0.0776295,1013.0,372.0,-0.0123462,0.0848085,-0.0512274,-0.0511942,0.044129,0.5325891,0.358191,0.409907,0.6480929,0.687092,-0.6040371,-0.6036455,0.5203378,-0.016971279373368148,1.0,8.707265019434925e-06,289.784442033905,0.0,256,2.5614166589459277e-14,3.143647782444108e-15,5.542647880510566e-15,2.564853029687204e-10,6.791329844105029e-07,-6.557234238854578e-16,24.85778725015618,7.510459063451843,9.456753028854616,3.122208949107924,0.9430686758663854,1.2782178024843143,-0.11332567915166827,0.0,0.030466296374937855,1.8792165948525612,0.015582287934616981,1.897682728830963,0.05097962970383564,0.0030358337150552016,-0.0006195128805514392,0.7425765575270512,0.4996902435597244,621.4891966865916,289.78440741469404,0.6091702876258879,0.6091702876913094,0.609170287691728,0.7614628596141367,3.022989760844437e-08,440,0.7736,0.7736,-0.01194,0.01735,578,0.4003,0.4003,-0.06226,-0.006832,3,0.5883,0.9999,0.000227,13.847,0.3045,0.7636,-9.3e-05,13.983,0.3097,0.7709,-0.000104,13.892,8.0296,1.7245,1.7415,1.7302,0.33897,0.64183,1.4861,0.18194,0.9852,0.9806,0.9953,0.5064,3.6916,1.2305,0.1397,1.9242,14.6334,3.964,81,0.1053,-0.9514,31,0.172,-0.3029,2.0,0.0641756,0.0638078,0.0028738,-0.0071866,0.0044976,-0.0062168,0.010513,196.0,181.0,0.0964139,0.098531,-0.0108604,0.0168738,0.0083685,-0.0892224,0.0911888,193.0,186.0,0.1576166,0.0231585,0.743787,-0.0279531,-0.0486329,0.0453044,0.0721043,169.0,203.0
19,1600,208067,0.0,1.109941457652233e-05,1.3030310673377266e-06,1.109941457652233e-05,0.5546854340129048,9.231548111985562,7.722124645024845,-12.569000149479942,12.697740507235164,-0.026982740735780074,12.697740507235164,0.0004993985947123747,12.566291920590539,4.47533434431824,-1.0077209088806662,1.1547071994458156,-0.00924819021054569,1.1547071994458156,0.16313156211069038,2.4193275956625735,1.1113284915236923,0.07567948946043279,1.6106414080373062,0.7676074726165553,0.0,0.3223425163235547,0.1464466636037813,0.00029202655398286037,1.4141702646469319,0.8894054965825751,7.341422191666132e-08,-0.35587834388108014,0,0,0,0.0002963850144839301,0.5686279360817038,473,0.7508,0.02532,0.4678888417652581,-0.0017734460758324201,0.4814932041773818,0.053975827033250684,0.24428516464938482,1.2976469471235588,0.00030757933066164183,0.0002963932341480382,1.0377407282786237,0.00010456838850489804,0.004867063281583861,419,54,1,1,0,0.7508,473,0.5686279360817038,0.030113,0.030113137044294858,244.0,372.0,-0.0426607,0.0532448,0.0292763,-0.0328442,0.0299862,0.8801692,-0.2861131,-0.2165862,-0.3106958,0.9663521,0.5498427,-0.6168519,0.5631755,738.0,379.0,0.0210402,0.0470033,0.0354981,0.0221542,0.0214099,0.8746885,0.1034785,-0.0791464,0.4668491,0.9489282,0.7552255,0.4713333,0.455499,1013.0,372.0,-0.0073096,0.0253848,-0.0053646,-0.0102671,0.0225875,-0.17409,0.415514,-0.8914987,0.0476533,0.689409,-0.2113313,-0.4044601,0.889804,-0.012755102040816327,1.0,1.1083367087534115e-05,289.78458679186843,0.0,256,2.548139570583722e-14,2.8089649045502378e-15,4.320358053970388e-15,3.8453116241360137e-10,8.210283793642842e-07,-2.6322888211661877e-16,29.38753714258237,8.070734026445262,10.103819200285127,3.134018551359133,1.222300263041404,1.559257839530683,-0.11879393041040485,0.0,0.030282603985774283,2.4576858742860375,0.01525841207209878,1.0299661119744783,0.023131249555510377,-0.000261531374543142,-0.0004624145281214092,0.7420108744997043,0.49976879273593944,621.4895154734711,289.7845560568063,0.6091702876644487,0.6091702876903897,0.609170287691728,0.7614628596129871,3.830229853362689e-08,442,0.7745,0.7745,-0.01158,-0.005526,604,0.3788,0.3788,-0.05794,-0.003313,3,0.5816,1.0,0.000167,13.852,0.2847,0.7354,-0.000372,13.983,0.2937,0.7354,0.000175,13.888,8.0297,1.725,1.7415,1.7296,0.33802,0.63542,1.50526,0.18296,0.9848,0.9806,0.9957,0.5062,3.7433,1.1493,0.1576,3.1241,13.8458,3.6988,81,0.2116,-0.9176,31,0.2861,-0.7149,1.0,0.0707101,0.0713772,-0.0046951,-0.0233264,0.0194457,0.0361009,0.0471756,182.0,190.0,0.0455312,0.0700392,-0.2120613,0.0048655,-0.0345601,-0.0019647,0.0349562,193.0,186.0,0.0562367,0.0692212,-0.1034966,-0.0499679,0.0058473,-0.0285276,0.0578343,169.0,203.0
20,1627,208102,0.0,1.3707705531713799e-05,1.5584196114936037e-06,1.3707705531713799e-05,0.5508788740635362,9.276926106838838,7.711749547148495,-11.799415559781794,12.113015615000748,-0.031155622732473822,12.113015615000748,0.00022803338360688485,12.565961239522446,4.492460687473109,-1.0156412613731247,1.1616964011356716,-0.008735633530639404,1.1616964011356716,0.1638505544005045,2.4230030807927476,1.1110334795021093,0.07703209151303692,1.4965002104954541,0.7626528744067148,0.0,0.3364748766366317,0.15358703840416948,0.001032670104972211,1.4141621369958863,0.8639225849253569,2.67597712499582e-08,-0.366231546208553,0,0,0,0.0003321373491417583,0.5688966345757648,473,0.7575,0.02656,0.46891389481837725,0.001160290254817219,0.483535912355636,0.03196567181858434,0.24864142493241762,1.3095098161596637,0.00034581547760774954,0.00033214785605798717,1.0411492090058116,0.00011778992325533333,0.012613363618369625,419,54,0,0,0,0.7575,473,0.5688966345757648,0.005403,0.005402981557491859,244.0,372.0,-0.037114,0.0408922,0.0387063,0.0131387,-0.0011697,-0.918948,0.0063502,0.388265,0.0688808,0.9640078,0.9465452,0.3213005,-0.0286038,486.0,372.0,-0.0555513,0.0469114,0.0247185,-0.0351357,0.0188455,-0.4916748,-0.0730231,0.2420812,-0.8332588,0.9394716,0.5269195,-0.7489804,0.4017266,920.0,372.0,-0.0016494,0.021006,0.0169432,0.0086505,-0.008908,-0.4712275,-0.6095395,-0.5950661,0.2286975,0.6924455,0.8065863,0.4118083,-0.4240665,-0.0125,1.0,1.3873077797498967e-05,289.7847167201165,0.0,256,2.9574083088160233e-14,2.6978714881968173e-15,4.3597327099405016e-15,4.953550786447442e-10,9.856350520506731e-07,-3.747096175266315e-17,23.89100037976093,6.157397231136975,7.690401837306794,3.117509699370225,1.2340699985699284,1.546474229547604,-0.11736217076132957,0.0,0.017255824199061024,0.3802816407016097,0.006535555354676092,2.2234163554573474,0.015215765293549973,0.0028220817927738645,-0.0019221328518897165,0.7329815999128015,0.4990389335740553,621.489805611739,289.7846913408088,0.6091702876233337,0.609170287690052,0.609170287691728,0.761462859612565,4.7303069973397924e-08,445,0.7656,0.7656,-0.01116,0.029141,628,0.3718,0.3718,-0.05563,0.001051,3,0.58,1.0,0.000206,13.85,0.2816,0.7499,-0.000122,13.985,0.2846,0.7517,-0.000112,13.884,8.029,1.7251,1.7418,1.7293,0.33636,0.63012,1.52081,0.17238,0.9842,0.9806,0.9964,0.504,3.5093,1.1698,0.1755,4.4284,12.9431,3.6882,81,0.1833,-0.9096,30,0.3145,-0.9264,-1.0,0.0928873,0.0473903,0.324335,0.0334755,0.0118751,0.047684,0.0594592,182.0,190.0,0.0528758,0.0870162,-0.2440485,0.0110362,0.0552228,0.0096493,0.0571355,180.0,192.0,0.0194076,0.0451793,-0.3990241,-0.0046371,-0.0198015,0.0188893,0.0277562,169.0,203.0
21,1644,208123,0.0,1.661539819611873e-05,1.8302480334405418e-06,1.661539819611873e-05,0.5337099729348193,9.307884661385303,7.707975832020209,-11.788323275114964,12.060894456092502,-0.01755908244894957,12.060894456092502,0.0006256179444115048,12.564136233892427,4.519595948529753,-1.023106087019041,1.1702938501792648,-0.008087922247710669,1.1702938501792648,0.16424444890462186,2.4249518753022454,1.1114872928341402,0.1087729833881339,1.4970391637031257,0.7708784549356237,0.0,0.3481313374936013,0.16070533153374195,0.002512255596048063,1.414177957329185,0.9021455771368351,2.519462288547685e-08,-0.37632975453394185,0,0,0,0.00034252450806022597,0.5667208941435679,478,0.7351,0.02724,0.4695952987305687,0.0013395591702724443,0.48470736393610575,0.022038282461121585,0.24697331351235643,1.308888560061707,0.00035882104642685016,0.00034253985084208455,1.0475308071301503,0.00012248126337956465,0.012421463296021286,420,58,0,0,0,0.7351,478,0.5667208941435679,-0.026315,-0.02631518472906591,166.0,377.0,0.0051537,0.0333217,-0.0257062,0.0211926,-0.0006282,0.4791322,-0.2180461,0.3403885,-0.7791174,0.9623785,-0.7714571,0.636002,-0.0188527,486.0,372.0,-0.0640639,0.0447366,-0.0219546,0.0112711,0.0373138,0.6628491,-0.6214393,0.208187,0.3620807,0.9345233,-0.4907525,0.2519441,0.834078,920.0,373.0,0.0054341,0.0235508,-0.0031173,-0.0145752,-0.0182342,-0.097072,0.6380576,0.1178232,-0.7547034,0.6953006,-0.132367,-0.6188821,-0.7742505,-0.007990165949600492,1.0,1.674138490678041e-05,289.7848328568967,0.0,256,3.723824465391858e-14,2.6114494178255664e-15,4.5198588143280596e-15,6.397124956558191e-10,1.1599802316245257e-06,-2.511360610927383e-16,22.69122159660111,6.795828505566013,8.387708212591585,3.1366605738749436,1.2543268778741634,1.573866763884405,0.009452081187435006,0.0,0.01888575703114661,2.338386004062948,0.026843940723637924,2.109049677499173,0.02478161870618057,-0.00377951972065049,-0.0027316262228044017,0.7311553807354878,0.498634186888598,621.4900494180333,289.7848050214052,0.6091702876202296,0.609170287690515,0.609170287691728,0.7614628596131436,5.733702357130637e-08,446,0.7667,0.7667,-0.01172,0.001093,639,0.377,0.377,-0.05216,0.004535,3,0.5637,1.0,0.000138,13.848,0.2772,0.7233,0.000123,13.981,0.2892,0.7238,0.000225,13.881,8.0271,1.7252,1.7417,1.7293,0.33661,0.62712,1.52951,0.16227,0.9839,0.9807,0.9967,0.5049,3.3936,1.1959,0.1745,4.8342,12.7235,3.7493,81,0.0911,-0.8528,30,0.2137,-0.9393,1.0,0.0140743,0.0616495,-0.6282735,0.0252572,-0.0110652,0.0104956,0.0295046,198.0,179.0,0.0625978,0.0776594,-0.1073858,0.0205956,-0.051768,0.0050023,0.0559386,179.0,193.0,0.0923913,0.0791414,0.0772441,-0.0052883,-0.0772726,0.0293032,0.0828112,170.0,203.0
22,1668,208153,0.0,1.99502350004484e-05,2.1054516214862725e-06,1.99502350004484e-05,0.5293711400120847,9.348755976459946,7.702817541278316,-12.729861938316322,12.269354051577915,-0.007480976384477569,12.729861938316322,0.0005775940639729527,12.565925414832524,4.535367322536303,-1.030369722339452,1.1781789507133194,-0.00801539365518194,1.1781789507133194,0.16481783618183857,2.4274189341951606,1.115012912788924,0.13805838161793094,1.5535253326839984,0.7734623955189885,0.0,0.36224157873339946,0.16723792768160528,0.0005339038162990306,1.4141811842315404,0.916568979936817,2.4161459716646153e-08,-0.3863216755438448,0,0,0,0.00036357291379435685,0.5652113505917407,482,0.7366,0.02854,0.469322404895951,0.0019243432126420123,0.48630908246614213,0.07200680790262103,0.24559033002419522,1.3185080644752591,0.00038262795817751505,0.00036358677058799836,1.0523704081936838,0.0001311202769367721,0.012392417726184731,425,57,0,0,0,0.7366,482,0.5652113505917407,-0.005603,-0.00560295191485638,164.0,379.0,0.0118253,0.0737311,-0.0168849,0.0291442,0.065588,0.7643712,-0.3429057,-0.1961746,0.5095762,0.9564837,-0.2290069,0.3952773,0.889557,486.0,372.0,-0.068946,0.0496028,-0.0281775,-0.0021292,-0.0407668,0.9673257,0.0174274,0.149544,-0.2039949,0.9321549,-0.5680628,-0.0429243,-0.8218651,920.0,373.0,0.0079725,0.0998286,0.0390386,-0.0300767,0.0868166,-0.0016053,-0.0777663,-0.5158476,-0.8531419,0.6938203,0.3910565,-0.3012834,0.8696569,-0.009732360097323601,1.0,1.9839751327137848e-05,289.78495014799626,0.0,256,3.464667129274157e-14,2.4280348545299395e-15,4.929544106955621e-15,7.990509936932064e-10,1.3383869395317606e-06,-1.6540395870708909e-16,24.28876350499384,7.462403486193647,8.949846344858145,3.1289531759672107,1.0813644114567846,1.4035245790456734,-0.09029927665806566,0.0,0.02133693584751171,0.6222364571209942,0.045462820822540606,0.6526732505416882,0.04426512452061854,0.0040371394558900535,0.00020556937708276227,0.7297362711344745,0.5001027846885414,621.4902922145983,289.7849182311908,0.6091702876464012,0.6091702876884196,0.609170287691728,0.7614628596105245,6.884497344520903e-08,448,0.7601,0.7601,-0.01123,-0.003348,657,0.3599,0.3599,-0.04946,-0.00241,3,0.56,1.0,0.000132,13.85,0.2652,0.7116,-0.000159,13.98,0.2737,0.7067,0.000123,13.878,8.0267,1.7254,1.7417,1.729,0.33659,0.62417,1.54267,0.17839,0.9836,0.9806,0.9969,0.5048,3.4628,1.1543,0.1731,5.895,12.0129,3.4691,81,0.0432,0.1376,30,0.2793,-0.1311,-1.0,0.0242616,0.1468307,-0.7163921,0.0352639,-0.0380451,-0.051964,0.073425,200.0,179.0,0.0953368,0.0948927,0.0023347,0.0024835,-0.0795052,0.0172156,0.0813856,178.0,194.0,0.18936,0.1121992,0.2558731,0.0864845,-0.0834422,0.0014367,0.1201842,170.0,203.0
23,1689,208179,0.0,2.308088507324592e-05,2.3557780058721497e-06,2.308088507324592e-05,0.5362516227316408,9.374524687430723,7.697503094751118,-12.443116803557713,12.558195841684414,-0.01978745034366801,12.558195841684414,0.0006059862362915031,12.565867603171393,4.569812003306015,-1.0374535476822015,1.1866879694764922,-0.008042971294303751,1.1866879694764922,0.166050229234923,2.430401842916244,1.1172849628517418,0.1390122906705623,1.5550142966063738,0.7784631296439246,0.0,0.3762690313643521,0.1734698136577501,0.0021041001408655946,1.4141844871481315,0.9057917101939608,3.0028393048988617e-07,-0.39613563823733855,0,0,0,0.0003965693704745799,0.5653016533706136,485,0.726,0.02806,0.4707421786332998,0.0042617676617754865,0.48829550209483125,0.0647099598039668,0.2356570511732455,1.328544122601711,0.0004197041222744062,0.0003965830632916232,1.0583006717202676,0.00014442656642787456,0.01691025984810208,424,61,0,0,0,0.726,485,0.5653016533706136,-0.001441,-0.0014414746443749404,164.0,380.0,0.0217673,0.0888681,0.044497,0.0642563,-0.0422928,-0.6133746,0.5909442,0.5067128,0.133412,0.9513807,0.5007084,0.7230524,-0.4759058,486.0,372.0,-0.0774377,0.0350812,-0.0345484,0.0031611,0.0052068,-0.090798,-0.4331988,-0.0278075,0.8962819,0.9281269,-0.9848103,0.090108,0.1484221,920.0,373.0,0.0051728,0.0597374,0.0450337,0.0160111,-0.0358352,-0.1348952,0.7785984,0.0706492,-0.6087664,0.688157,0.7538616,0.2680255,-0.5998792,-0.009592326139088728,1.0,2.3515862467422053e-05,289.7850272253847,0.0,256,4.2956959818784645e-14,2.8263860508685277e-15,4.894905302968841e-15,9.677367221784954e-10,1.5036792120514457e-06,-2.762727504663763e-16,21.018299966682452,5.795588349723644,6.917022104469039,3.1413544135026736,1.2303646401016626,1.5466429256962904,-0.14611357507313272,0.0,0.01690512873746509,2.079474184733494,0.014874505264487367,1.35069270436665,0.04385293887840563,8.499223424850668e-05,0.001197031272641035,0.7312206416599615,0.5005985156363207,621.4904666210916,289.7849995524472,0.6091702876278724,0.6091702876901387,0.609170287691728,0.7614628596126733,7.964830860428506e-08,451,0.7475,0.7475,-0.01109,0.000845,672,0.3572,0.3572,-0.04839,0.00466,3,0.5427,1.0,-0.000154,13.851,0.2594,0.6956,-0.00014,13.978,0.2671,0.6906,0.000104,13.878,8.0265,1.7257,1.7414,1.729,0.33637,0.62006,1.55441,0.18147,0.9829,0.981,0.9981,0.505,3.2519,1.2115,0.1722,6.7772,11.4562,3.5229,81,0.1499,0.7425,30,0.3735,0.529,-1.0,0.0810426,0.1384405,-0.2615136,-0.0642323,-0.0133259,-0.0199451,0.0685651,201.0,179.0,0.0408687,0.0656451,-0.2326127,0.0305165,-0.0028519,0.0322796,0.0445125,176.0,196.0,0.0726435,0.0787867,-0.0405679,-0.0249879,-0.019173,-0.0343074,0.0465725,170.0,203.0
24,1713,208210,0.0,2.750076824712656e-05,2.701058977912711e-06,2.750076824712656e-05,0.5654979444864184,9.378548105938489,7.694885470589002,-12.373908593233585,12.279481185477374,-0.026240821684522603,12.373908593233585,0.00016847923446614704,12.56594354831021,4.510042713293415,-1.04592968615967,1.196582379367193,-0.006416993621540866,1.196582379367193,0.1681219208203743,2.433051526123807,1.119756826755154,0.10886627069152843,1.5584944897862094,0.771823271561262,0.0,0.39040924619553363,0.18000522520287746,0.0003029350556023047,1.4141890096641758,0.9168427230935763,1.0385075710676652e-06,-0.40578861757042956,0,0,0,0.00047385553165179845,0.5650860693912435,487,0.7235,0.02913,0.472713799085499,0.006255017703135631,0.4914936308123849,0.030944289786173123,0.23577774365691387,1.3405185792492336,0.0005044518122459447,0.000473872617036208,1.064530411993399,0.00017453429132987419,0.014856633477138424,425,62,0,0,0,0.7235,487,0.5650860693912435,0.000211,0.00021138230556205784,164.0,380.0,0.0303904,0.0511556,0.0036955,-0.0501115,0.0095956,0.2472316,-0.5611163,-0.6120972,0.4993616,0.9495796,0.0722406,-0.9795897,0.1875773,486.0,374.0,-0.0912452,0.0531784,0.0082769,0.0297779,-0.0432749,0.7606621,0.5307942,-0.1348062,-0.3485368,0.9224302,0.1556432,0.5599619,-0.8137677,920.0,373.0,0.0058521,0.0596272,0.0115154,0.0050033,-0.0582903,-0.0827148,0.2554313,-0.1779427,-0.9467045,0.688954,0.193124,0.0839091,-0.9775799,-0.010065127294256957,1.0,2.7740644575355126e-05,289.78513795747205,0.0,256,3.599640533104301e-13,9.570098384019807e-15,2.534638112503159e-14,1.1860861310981258e-09,1.7285700248208075e-06,3.1598905776116217e-16,24.193595057962078,7.222086325023029,9.018747412197309,3.134847053979817,1.1004859329977321,1.3951225455399412,0.011364566656338893,0.0,0.02789644254547231,1.4716719819888477,0.007633653416469499,1.3203249738719465,0.036628255094974284,-0.002429282341376863,0.00018890507106711057,0.7404465889531366,0.5000944525355336,621.490682665892,289.78510028857386,0.6091702876112057,0.6091702876894955,0.609170287691728,0.7614628596118694,9.490055982775077e-08,458,0.717,0.717,-0.01025,0.016005,687,0.343,0.343,-0.0471,0.006934,3,0.5189,0.9999,-0.000366,13.855,0.2483,0.6666,-0.000428,13.971,0.2461,0.6537,0.000233,13.875,8.0255,1.7264,1.7408,1.7289,0.3362,0.61781,1.56671,0.17172,0.9827,0.9811,0.9984,0.505,3.1481,1.2402,0.1717,7.2638,11.278,3.5825,81,0.1576,0.7614,30,0.358,0.8654,1.0,0.0310851,0.0886983,-0.4809781,0.0192531,0.0344081,0.0063,0.0399286,202.0,178.0,0.1629642,0.0550186,0.4952027,0.0207357,0.0067166,-0.0972897,0.0997014,175.0,199.0,0.1306826,0.0613173,0.3612777,0.0115017,0.0654331,-0.0502792,0.0833173,170.0,203.0
25,1732,208234,0.0,3.239302094294743e-05,3.069990436027137e-06,3.239302094294743e-05,0.5658432062423421,9.4194734206757,7.6872181906099435,-12.600341782511915,12.69050527690041,-0.02394221689527602,12.69050527690041,0.0009364806391083391,12.566214757243424,4.510835526321743,-1.0547434433496488,1.206566966065713,-0.006241523487680544,1.206566966065713,0.1700597676434094,2.4354612694853537,1.122453223782172,0.10515092033927564,1.561411196161338,0.7877466638301012,0.0,0.4045494159005229,0.1867933363726342,0.00019123113630847843,1.4141850338026967,0.9141893955632603,3.463411038321556e-07,-0.41522167813862587,0,0,0,0.0005567681667806173,0.5647016011183783,491,0.7116,0.03028,0.47502032379825354,0.007660380323652402,0.4951045551733824,0.05255424715097836,0.21817365361491645,1.3644197372917193,0.0005958045088125447,0.000556784179468162,1.0700816057339395,0.00020734947167273853,0.015956632168610877,429,62,0,0,0,0.7116,491,0.5647016011183783,-0.023075,-0.02307545607874828,166.0,377.0,0.0193723,0.048445,-0.0328576,0.0329665,0.0134356,0.4805164,0.4509882,0.1738284,-0.7317768,0.9487699,-0.6782438,0.6804923,0.2773365,486.0,374.0,-0.0917076,0.0644293,0.0272702,-0.0551783,0.019048,-0.922123,0.2034791,-0.1698987,0.2818154,0.9158452,0.4232581,-0.8564163,0.2956413,920.0,373.0,0.0043839,0.0652026,-0.0403205,0.0085112,-0.0505291,-0.7801425,0.5056514,0.2979299,0.2166382,0.6863026,-0.6183885,0.1305341,-0.7749558,-0.0099241097489784,1.0,3.281990487942413e-05,289.78523569295646,0.0,256,3.5237218261654315e-13,1.388088279026525e-14,2.867315641083334e-14,1.3514214734984657e-09,1.9709711220350535e-06,-4.05363131065144e-15,21.128513212995994,5.502023410190974,6.642611529051885,3.13739605753454,1.1635334857863828,1.5229091153373635,-0.15638378991775265,0.0,0.018224043036675533,1.1307469062587996,0.02016266645577334,2.1072393523899606,0.06096433081795179,0.0005222977032446949,0.002580573685359951,0.7411241611772772,0.5012902868426802,621.4909250284189,289.7852132959787,0.609170287609392,0.6091702876890064,0.609170287691728,0.7614628596112579,1.1178286350263872e-07,458,0.7225,0.7225,-0.00944,0.055082,702,0.3376,0.3376,-0.04529,0.000953,3,0.5141,1.0,-0.000747,13.862,0.2406,0.6363,-0.000605,13.966,0.2443,0.6293,9.7e-05,13.878,8.0264,1.7271,1.74,1.7291,0.33698,0.6175,1.57662,0.16329,0.9824,0.9809,0.9984,0.504,3.1238,1.2306,0.1704,8.0325,10.7491,3.441,81,0.0532,0.6661,30,0.1876,0.9403,-0.0,0.0918053,0.0246966,0.5760313,-0.0219463,0.0425223,-0.005959,0.0482214,200.0,177.0,0.0733189,0.0619634,0.0839396,-0.0123895,-0.0092034,-0.0107744,0.0188226,175.0,199.0,0.0620988,0.1223197,-0.3265448,-0.01736,-0.0285945,0.0631687,0.0714794,170.0,203.0
26,1746,208251,0.0,3.690188848195537e-05,3.4126287024247433e-06,3.690188848195537e-05,0.5516992531033728,9.438702083508344,7.686926980463231,-11.99599733367563,12.379878246735132,-0.024635119812314022,12.379878246735132,0.000713914818010483,12.566033178342016,4.516945104108894,-1.0632423930733197,1.2156840925442078,-0.006438326746891215,1.2156840925442078,0.1708862141312925,2.437559181879208,1.1231997740713793,0.14665939605863165,1.5635432300982137,0.7883952777247301,0.0,0.4186462121862444,0.19342127159644468,0.004149284601696723,1.41418561279045,0.9128910741272396,1.7861797301049763e-06,-0.4245493655508408,0,0,0,0.0006207131682632582,0.5655802748272886,497,0.7065,0.03268,0.4750963190800333,0.009633579106693786,0.4972053140420934,0.025875911417241694,0.22335056667609254,1.373577850321451,0.0006651982696403341,0.0006207273122827996,1.0716433069361604,0.00023223000626861705,0.0183559387957939,430,67,0,0,0,0.7065,497,0.5655802748272886,0.013512,0.013511751098690405,166.0,377.0,0.0259194,0.021636,-0.0165441,-0.0080468,0.0113867,0.6681343,-0.7228408,0.1762952,0.0042087,0.9460328,-0.7646564,-0.3719199,0.5262853,734.0,372.0,-0.0568437,0.0526696,-0.0194937,0.0446301,0.0200557,0.3461205,-0.3036713,0.1125322,0.8805231,0.913459,-0.370114,0.8473608,0.3807826,920.0,373.0,-0.0009084,0.0474438,0.0005862,-0.0239545,0.0409481,0.5308197,-0.4341747,-0.0684747,-0.7245923,0.6796231,0.0123548,-0.5049036,0.8630873,-0.008083140877598153,1.0,3.787995566293335e-05,289.785305421136,0.0,256,3.0040458780484133e-13,1.3367766871215862e-14,2.921052123807122e-14,2.1000695797329435e-09,2.196569044906408e-06,-6.867540187093818e-16,24.404986684793187,5.625011003334169,6.798888566660022,3.1353425021248413,1.0909992241792663,1.4137106349787243,0.1357805824766704,0.0,0.02752019078933983,1.1052481712398936,0.01961887231592329,1.9029740555818546,0.04159406777384672,-0.003173755436185539,5.880748173617849e-05,0.7363813214306933,0.5000294037408684,621.4910728578831,289.7852822250508,0.6091702874301519,0.6091702876894045,0.609170287691728,0.7614628596117556,1.27342176243778e-07,459,0.7144,0.7144,-0.00741,0.041881,709,0.3362,0.3362,-0.04503,0.001305,3,0.5047,0.9999,-0.000558,13.871,0.2376,0.6495,-0.000371,13.967,0.2403,0.6389,5.2e-05,13.885,8.0295,1.7275,1.7394,1.7292,0.33764,0.61909,1.58497,0.17566,0.9821,0.9813,0.9991,0.5034,3.2116,1.1965,0.17,8.1234,10.7892,3.3594,81,0.0439,-0.9699,30,0.1939,0.2462,-2.0,0.0167606,0.0525245,-0.5161855,0.0290876,0.0119325,-0.0002858,0.0314413,201.0,176.0,0.055653,0.0704738,-0.1175068,0.0269667,0.0071365,-0.024474,0.0371094,181.0,191.0,0.0593132,0.0413297,0.1786858,0.0159327,-0.0085874,0.0057404,0.018988,170.0,203.0
27,1763,208271,0.0,4.1662365577873355e-05,3.7866890606671242e-06,4.1662365577873355e-05,0.5560778659974315,9.458565593879403,7.683151985202289,-12.070876965212907,12.369963146626606,-0.02831692708350836,12.369963146626606,0.0001553787452710509,12.56550501560694,4.461620957488626,-1.0715265273603043,1.225034293472103,-0.006588098468331736,1.225034293472103,0.1722432293950892,2.4393754370510563,1.124197310590661,0.12350478106121343,1.564937964764881,0.7908417472313639,0.0,0.4327024961516023,0.2001317194360097,1.1904736261447724e-05,1.4141766728297227,0.9129413855641654,4.477298072853817e-07,-0.43372450420712655,0,0,0,0.0007012319695642484,0.5658092129014625,501,0.7068,0.0332,0.4753427039667696,0.011121319113871401,0.4998425774612025,0.06608337682989399,0.2186703105030073,1.3873824849404433,0.0007548422070913609,0.0007012440948149623,1.0764328893073127,0.0002643222932821616,0.006235396884521552,436,65,1,1,0,0.7068,501,0.5658092129014625,0.001307,0.0013067508664439398,166.0,377.0,0.027527,0.045258,-0.000133,0.0215709,0.0397865,-0.2152276,0.0357462,-0.4601331,-0.8606258,0.9409115,-0.0029379,0.4766198,0.8791046,734.0,372.0,-0.0461398,0.0250572,0.0177494,-0.0176264,0.0014601,0.7791488,0.122612,-0.3834726,-0.4804604,0.9055183,0.7083572,-0.7034449,0.0582695,920.0,373.0,-0.0038984,0.0384821,-0.0201111,-0.0191032,0.0266735,-0.6872049,-0.1475122,-0.6879342,-0.1809312,0.6759175,-0.522611,-0.4964197,0.6931416,-0.006872852233676976,1.0,4.2801201427492286e-05,289.7854224586595,0.0,256,3.505508892399568e-13,1.4184623657231928e-14,3.509264313184011e-14,2.1549178694493894e-09,2.4415528405500565e-06,-2.033796296725781e-15,24.46180145147534,6.36812213981338,7.727349134371942,3.1353444476419297,1.3345591908792436,1.6613783956265535,-0.05631449394945983,0.0,0.01546513395366028,0.9284414263076717,0.02108710992494916,1.8106123923758506,0.03910325994337584,-0.003200004961472355,-0.0013883228654110848,0.7356410113745191,0.49930583856729455,621.4913098895819,289.78539274682777,0.6091702875804024,0.6091702876900503,0.609170287691728,0.7614628596125629,1.4376972276953882e-07,461,0.7027,0.7027,-0.0053,0.099591,720,0.3275,0.3275,-0.0449,-0.005852,3,0.4967,1.0,-0.000383,13.875,0.2318,0.6251,-0.000177,13.967,0.2304,0.6235,-2.7e-05,13.89,8.0313,1.7276,1.7391,1.7294,0.33841,0.62274,1.5929,0.17652,0.9817,0.9815,0.9998,0.5014,3.2028,1.1304,0.2072,8.4646,10.6447,3.3236,81,0.1346,-0.8233,30,0.3003,-0.3775,-1.0,0.039352,0.0795026,-0.3378123,0.0334831,-0.0042358,-0.0248776,0.041928,201.0,176.0,0.0432434,0.0458398,-0.0291463,-0.0207879,-0.0100476,0.0289756,0.0370496,182.0,190.0,0.1125858,0.0638745,0.2760467,-0.0295545,-0.077378,0.0016394,0.0828463,170.0,203.0
28,1787,208302,0.0,4.6800618972934064e-05,4.216333893097715e-06,4.6800618972934064e-05,0.531746025776004,9.47962392564369,7.685602501403186,-12.203772537497272,12.370217836130038,-0.03311423066855562,12.370217836130038,0.00024791892851894204,12.566126194367323,4.461840590612568,-1.0803826463783024,1.234966184721221,-0.007648243533816494,1.234966184721221,0.17332895061756648,2.440914865688149,1.126852108800908,0.10312919383006347,1.5669034155178392,0.8002622141713307,0.0,0.4468435992817972,0.20668219191239176,0.0006896446220316932,1.414166258666459,0.9242004059331161,1.8940968993362818e-07,-0.44270743407901864,0,0,0,0.0007896271602881968,0.5638788103701151,512,0.6773,0.03496,0.4762117302945487,0.01175704804771163,0.5025846302576189,0.07430383913595427,0.22069949023415292,1.4062108482256706,0.0008537183942043452,0.000789637375778628,1.081152463638806,0.00029965362042514153,0.0062661204105564075,440,72,1,1,0,0.6773,512,0.5638788103701151,0.013121,0.013120720799167485,166.0,377.0,0.037059,0.065643,0.0102169,-0.0441545,-0.0474868,0.9823767,-0.1554988,0.1005069,0.0255818,0.9396604,0.1556441,-0.6726461,-0.7234101,734.0,372.0,-0.0371737,0.0146069,0.0057478,-0.0044319,-0.012676,0.6174798,0.1089129,-0.7471694,0.2204416,0.8977196,0.3935014,-0.3034143,-0.8678113,920.0,373.0,-0.0100816,0.0295654,0.0046488,-0.0231632,0.0177755,-0.0094679,-0.4949072,0.1661114,-0.8528682,0.6714764,0.1572379,-0.7834553,0.601227,-0.0028360748723766306,1.0,4.849724922982851e-05,289.7855694864515,0.0,256,4.951489087092759e-13,1.3763464155511683e-14,4.227242160540897e-14,2.9582602822504583e-09,2.741363526714996e-06,-9.094590627732383e-16,21.351395455380935,5.734977271939668,6.957977466937581,3.1388596968846603,1.0303059168334787,1.3999415439005451,0.01879643076646255,0.0,0.010489777113000148,1.0190357978378242,0.012852379213172664,2.1941610897804797,0.03396315084395861,-0.00234267938169077,-0.0008840579641142587,0.7414416442259116,0.49955797101794297,621.4916051475147,289.7855304179982,0.609170287347419,0.6091702876886493,0.609170287691728,0.7614628596108116,1.615008827577657e-07,464,0.6924,0.6924,-0.00332,0.006368,730,0.3311,0.3311,-0.04498,-0.00104,3,0.469,0.9998,0.000345,13.872,0.2244,0.6417,-9.5e-05,13.965,0.2294,0.6265,1e-05,13.882,8.0289,1.7277,1.7394,1.729,0.33898,0.63381,1.60609,0.16944,0.9816,0.9819,1.0002,0.5014,3.1936,1.1584,0.1879,8.5877,10.7495,3.366,81,0.1431,-0.7127,30,0.2441,-0.7684,0.0,0.0954288,0.0503717,0.3090324,0.0349462,-0.0140385,-0.0186039,0.042005,202.0,175.0,0.0066511,0.0287074,-0.6237924,-0.0005692,0.0080864,0.0135902,0.0158242,182.0,190.0,0.0716957,0.0204673,0.5558456,-0.0107863,-0.036777,0.0197299,0.0431064,170.0,203.0
29,1805,208325,0.0,5.0834587622060875e-05,4.532459853812978e-06,5.0834587622060875e-05,0.5244394753014403,9.484988498189892,7.686862591520306,-12.341218043706007,12.433295713574323,-0.0403380067054574,12.433295713574323,0.00033825427946787556,12.565826642264446,4.4760390238141605,-1.0862030986888163,1.239869670997497,-0.00854262753236935,1.239869670997497,0.17572101734623038,2.4421418353245956,1.1304637894370144,0.13830697607277986,1.5720246023025315,0.7984805151282374,0.0,0.46098479486622873,0.21390782928685134,0.0023621430880903516,1.4141630188209102,0.927876355515059,5.433479347222821e-07,-0.451572645439712,0,0,0,0.0009699766622278429,0.5633953066889177,519,0.6744,0.03521,0.478971279880518,0.012863038867688152,0.5076623390253521,0.03516999970214992,0.22613774155259528,1.42391530191307,0.0010534128383922444,0.0009699847089383067,1.0860097367362147,0.00037156534398915056,0.010618117826499568,442,77,1,1,0,0.6744,519,0.5633953066889177,-0.00265,-0.0026495259005361316,139.0,372.0,-0.0110058,0.0309328,-0.0053343,-0.0072475,-0.0295949,0.0511648,-0.3047282,0.4069737,0.8595902,0.9294189,-0.1724486,-0.2342976,-0.9567477,734.0,372.0,-0.0319679,0.0481243,-0.0257557,-0.0382555,0.0137518,0.7700755,0.166892,0.0583414,0.6129658,0.8999947,-0.5351901,-0.7949307,0.2857565,920.0,373.0,-0.0121547,0.0463409,-0.0028757,-0.0433539,0.0161135,-0.5041331,0.0321426,0.1410907,0.8514165,0.6671304,-0.0620554,-0.9355441,0.3477158,-0.0027979854504756574,1.0,5.223348786156908e-05,289.7857769427483,0.0,256,4.504945603263649e-13,1.779753310746502e-14,4.6649452804207045e-14,3.3457344380105154e-09,2.9704538512887753e-06,1.3434935572845647e-15,19.760362321337915,5.899849002146154,7.151105398375776,3.1097055197445527,1.1154204642589987,1.4035712822717463,0.05029950780612538,0.0,0.032781869461336106,1.3771877109315374,0.013209746509983135,2.133568112412795,0.040542455263947286,-0.001812676941285158,0.0007438068269441875,0.725638898722613,0.5003719034134723,621.4920550479575,289.78574019498853,0.6091702873723944,0.6091702876901608,0.609170287691728,0.761462859612701,1.754212874237902e-07,468,0.6838,0.6838,-0.00143,0.018979,737,0.3368,0.3368,-0.04496,0.000887,3,0.4612,0.9991,-7e-06,13.871,0.2273,0.6501,-0.000178,13.964,0.2305,0.6182,-7.9e-05,13.879,8.028,1.7278,1.7395,1.7288,0.34025,0.63935,1.61428,0.16345,0.9817,0.9821,1.0004,0.5008,3.1918,1.1578,0.1878,8.6636,10.8585,3.402,81,0.0642,-0.6094,30,0.1781,-0.9152,1.0,0.0725434,0.0850623,-0.0794316,0.0726766,0.0015684,0.0055094,0.072902,182.0,190.0,0.030892,0.0755948,-0.4197963,0.0321201,0.0118723,-0.001194,0.0342648,182.0,190.0,0.0974569,0.0409498,0.408269,-0.040951,-0.0308877,0.0267324,0.0578417,170.0,203.0
30,1840,208367,0.0,5.261474664985246e-05,4.877975173183786e-06,5.261474664985246e-05,0.573235765948433,9.469739005430515,7.685741714519965,-12.492846213241304,12.512754522449532,-0.06205260351587668,12.512754522449532,0.00022116884806067105,12.564915680807047,4.514533439704058,-1.0894212997972037,1.2475455107650393,-0.008983954589265002,1.2475455107650393,0.17817393908186535,2.443071927192181,1.1350995008456117,0.14097102032850595,1.577922927439824,0.7899366190853364,0.0,0.475111986873771,0.2194521613067086,0.00010269231537662904,1.4141609234875476,0.9268590667314902,2.754114953475547e-07,-0.4602692313063978,0,0,0,0.0011630691234057796,0.5644332301303697,522,0.6758,0.03446,0.481595942465814,0.012394455008660524,0.5132399725390923,0.03388512848828995,0.2148091491559891,1.450807799700853,0.0012745164933460058,0.001163085388631168,1.0958064694166443,0.0004523155143171608,0.015767037472946072,445,77,1,1,0,0.6758,522,0.5644332301303697,-0.009794,-0.009794009346811183,139.0,372.0,-0.0116704,0.022358,-0.0016745,0.0221779,-0.0022841,0.2945882,0.1079543,-0.4558802,0.8329087,0.9244842,-0.0748959,0.9919445,-0.1021602,714.0,372.0,-0.0419955,0.0497056,-0.0280081,-0.0405068,-0.0067379,-0.0571664,0.2896572,-0.4882862,0.8212231,0.8991855,-0.5634788,-0.8149332,-0.1355566,920.0,373.0,-0.0029536,0.0627123,0.0577702,-0.0137184,-0.0201804,-0.9862869,-0.113724,-0.0633137,-0.1014714,0.6665238,0.9211934,-0.2187517,-0.3217924,-0.0016620498614958448,1.0,5.599347586657419e-05,289.78603299588366,0.0,256,3.681555474589948e-13,1.5696786523078914e-14,3.7354882023979205e-14,3.3471006284295193e-09,3.257381094295315e-06,3.0381017868910513e-15,24.083659174989283,6.051790386181546,7.421278971140187,3.141370816896576,1.3179458800193549,1.6838413765378923,0.03658808313750597,0.0,0.01710850878744997,0.8773415231384188,0.032852233605557064,2.8120707389372197,0.036185632207232026,0.0002118645968883564,-0.0006752746341329464,0.7324529688335123,0.49966236268293374,621.4925120693649,289.7859532923013,0.6091702874342007,0.6091702876903538,0.609170287691728,0.7614628596129421,1.8156417194169868e-07,481,0.6519,0.6519,-0.00148,0.008664,756,0.315,0.315,-0.04323,0.000366,3,0.4405,0.9999,-0.000195,13.871,0.2132,0.618,-0.000115,13.966,0.2057,0.6047,-0.000215,13.881,8.0286,1.7277,1.7395,1.7289,0.34103,0.64492,1.63586,0.17511,0.9814,0.9824,1.001,0.5027,3.1961,1.128,0.2068,9.1182,10.8937,3.4084,81,0.0425,0.7841,30,0.2884,-0.1359,-1.0,0.0644652,0.0708322,-0.0470595,0.0122285,-0.0174194,-0.0603681,0.06401,182.0,190.0,0.06189,0.0831081,-0.1463332,-0.0310834,0.044498,0.0095096,0.0551061,181.0,191.0,0.0928073,0.0651457,0.1751258,0.0160563,0.0353384,-0.0312456,0.0498287,171.0,202.0
31,1858,208391,0.0,5.756502001559119e-05,5.3915187720346825e-06,5.756502001559119e-05,0.5766223060690119,9.470242366972784,7.686462688657535,-12.57142221593521,12.659705987665596,-0.04261370857377863,12.659705987665596,0.0022916293275554037,12.565315818967859,4.556526424669762,-1.097199555897841,1.256201596822295,-0.00937865320457408,1.256201596822295,0.18027114417613357,2.443708454653201,1.140363115581372,0.1575424492938181,1.5828218564433318,0.8000592905346627,0.0,0.48923075827752893,0.2273628642541217,0.0009944297581754302,1.4141863766838723,0.9165605057669408,2.2711664238755207e-07,-0.4687905794366747,0,0,0,0.0013477366387345357,0.5649654088989962,527,0.6644,0.03545,0.484795455266933,0.012559709338588023,0.5182082911480949,0.08191003422840674,0.20352089012889618,1.4722813364552167,0.0014872071571851032,0.0013477616133067839,1.1034645463274357,0.0005316696710319165,0.01934073963538914,447,80,2,2,0,0.6644,527,0.5649654088989962,-0.006267,-0.0062672593815633615,166.0,377.0,0.0478359,0.095118,-0.0289314,0.0026698,-0.0905719,0.1808139,0.0687394,-0.450502,-0.8715671,0.9337088,-0.3041629,0.0280683,-0.9522065,714.0,372.0,-0.0498283,0.0812443,0.0015283,-0.0356236,-0.0730018,-0.9511538,-0.068083,-0.2322342,-0.1916729,0.8924474,0.0188115,-0.4384746,-0.8985467,920.0,373.0,-0.0017101,0.0291153,0.0024936,-0.023097,-0.0175503,-0.3178282,-0.1443796,0.3641127,0.8634592,0.6672049,0.0856446,-0.7932947,-0.602784,-0.005434782608695652,1.0,6.0065461239418094e-05,289.78623829780287,0.0,256,2.545927559273609e-13,1.5806493374020278e-14,2.8543028485817756e-14,4.371301018377967e-09,3.6308432863101404e-06,-3.983474198895569e-15,24.661534460377062,6.318387325676006,7.80307028474826,3.138871182897211,1.0120734340283775,1.3295555835551172,0.04120505063052696,0.0,0.032270641245173495,1.9300538154326299,0.011649107235391523,2.3707823011773925,0.03760153487504861,0.00938006285336866,-0.00035266470211255623,0.7201680503039206,0.4998236676489439,621.4930194726857,289.7861898814028,0.6091702875139519,0.6091702876857479,0.609170287691728,0.7614628596071848,1.9864652638950846e-07,486,0.6697,0.6697,-0.00278,-0.013541,764,0.3272,0.3272,-0.04136,-0.00237,3,0.445,0.9991,-0.000302,13.871,0.2176,0.6335,-6e-06,13.964,0.2193,0.5993,-6e-05,13.884,8.0288,1.7277,1.7392,1.7292,0.3414,0.6449,1.64403,0.17733,0.9814,0.9826,1.0012,0.5032,3.1949,1.1276,0.2067,9.2357,10.9734,3.4347,81,0.1528,0.7392,30,0.3818,0.3547,-1.0,0.1173867,0.1361338,-0.0739471,0.0307679,0.0772201,-0.002936,0.0831758,203.0,174.0,0.1173142,0.1396071,-0.0867692,0.0007083,-0.075709,0.067971,0.1017468,181.0,191.0,0.0703951,0.082135,-0.0769673,-0.0656353,-0.0066936,0.0255615,0.0707545,171.0,202.0
32,1867,208401,0.0,6.38510244286519e-05,5.945920810870533e-06,6.38510244286519e-05,0.5879825544210783,9.469853496627227,7.6868569232409545,-11.936013061858628,12.225606625358543,-0.034681650507027664,12.225606625358543,0.00010243550121202816,12.565446418314993,4.5306941983686375,-1.1052602492191945,1.2645425681977807,-0.010073900513371056,1.2645425681977807,0.1820908620964765,2.4440974182664674,1.143872424489211,0.14690555373424563,1.5751886734709772,0.8088797827061268,0.0,0.5033727915810772,0.23652474108481664,9.327374821188616e-05,1.4141846029728358,0.9162420631778512,1.9119187216340043e-07,-0.47714457256652526,0,0,0,0.0015273453364576426,0.5663385016912751,528,0.6665,0.03529,0.4880576764121836,0.01280611762205308,0.5231282684567032,0.05215826486878774,0.18643097500246178,1.4779186529010877,0.0017014552838465159,0.0015273669062657355,1.1139794091823094,0.0006121777616791061,0.019155953187155107,451,77,2,2,0,0.6665,528,0.5663385016912751,0.000678,0.0006776118592004554,166.0,377.0,0.0492414,0.0499702,0.0348903,-0.005043,0.0354155,0.6325009,0.3997532,0.1643054,0.6427626,0.9304442,0.6982225,-0.1009209,0.7087315,714.0,372.0,-0.0394849,0.0448564,0.0117526,-0.0362746,0.0236246,-0.0546856,-0.4170008,0.8763951,-0.2346302,0.8907657,0.2620053,-0.808684,0.5266721,920.0,373.0,-0.0002469,0.0583029,-0.0426057,-0.0345594,-0.0197392,0.6793298,-0.0185927,-0.2920853,-0.6729424,0.666684,-0.730764,-0.5927561,-0.3385621,-0.006458557588805167,1.0,6.544532844529701e-05,289.7864710556596,0.0,256,1.1081804598795067e-12,3.2150618955950376e-14,9.269739773468625e-14,4.531481835230063e-09,4.006474613719423e-06,9.194592534863419e-16,12.547159029622822,5.128316703556347,6.232187928757541,3.0820188569869176,1.361180847519611,1.6483749361564592,0.016777084440128473,0.0,0.003466929620888634,0.29573783426759687,0.009315901589350112,2.209917610599362,0.012741446643312192,-0.0015806633711882806,-0.002681218960439183,0.7289510881382919,0.4986593905197804,621.4935412288396,289.78643316286076,0.6091702873755739,0.6091702876886235,0.609170287691728,0.7614628596107793,2.2033821159863426e-07,489,0.6638,0.6638,-0.00155,-0.02652,769,0.3293,0.3293,-0.0411,0.003054,3,0.4425,0.9992,-0.000472,13.872,0.2195,0.6465,-0.000214,13.963,0.2186,0.616,-0.000222,13.887,8.0295,1.7277,1.739,1.7295,0.34139,0.65013,1.6466,0.16864,0.9815,0.9825,1.001,0.5019,3.0955,1.1569,0.2064,9.3803,10.9228,3.5286,81,0.1845,0.5481,30,0.343,0.5807,-1.0,0.0424502,0.1008425,-0.4075037,-0.0539378,0.0128507,0.0040825,0.0555976,203.0,174.0,0.056637,0.0654475,-0.0721673,0.0247977,-0.0026443,-0.0340568,0.0422112,181.0,191.0,0.0573337,0.0938089,-0.2413292,-0.0138464,0.0440602,0.0226438,0.051437,171.0,202.0
33,1888,208424,0.0,6.982599995161144e-05,6.437179123568191e-06,6.982599995161144e-05,0.5910940593837636,9.489417300192114,7.683520645214152,-11.920990522817485,12.266449964308931,-0.032239378886529925,12.266449964308931,9.881520460552906e-05,12.566255538608933,4.562888556900945,-1.1140739325571174,1.274396247954813,-0.01062804627031759,1.274396247954813,0.18308189579846135,2.444199316304939,1.1467665225676693,0.12024221594547291,1.5919793294737559,0.8150325616406566,0.0,0.5175133873781925,0.24300619779541213,0.00012446524733245035,1.4141750716727604,0.9119062234385286,1.626867847602882e-06,-0.4853609751073694,0,0,0,0.0016414159847389208,0.5674300039465466,534,0.6489,0.03644,0.48952438296417483,0.009025123454438502,0.5255776336759072,0.05350791919205985,0.18180902198326862,1.4825231341874217,0.0018393765497304484,0.0016414249608715157,1.120597403827605,0.0006657718142334802,0.026206996924019545,449,85,5,5,0,0.6489,534,0.5674300039465466,-0.010239,-0.010239211135245396,166.0,378.0,0.0529271,0.0478576,0.0107399,0.0274088,0.0377328,0.5105852,-0.4956528,-0.6211196,-0.3283923,0.9270968,0.2244138,0.5727153,0.7884387,714.0,372.0,-0.0358503,0.0481256,0.0049774,0.0460204,0.0131689,-0.0432897,-0.6992521,-0.6135283,-0.3643563,0.885572,0.1034257,0.9562565,0.2736359,920.0,373.0,0.0041379,0.0466127,0.030431,0.0276381,0.0219736,0.065656,-0.2002982,0.2107345,0.9545475,0.6657305,0.6528472,0.5929303,0.4714066,-0.003749330476700589,1.0,7.189212649181582e-05,289.7866282129075,0.0,256,5.400234624114938e-13,4.6916287836654355e-14,7.684479801048414e-14,5.497371473452342e-09,4.403264948263596e-06,9.63493191500742e-15,21.514606613984295,6.1685941600593,7.622094711322401,3.141423997074297,1.2684145557472974,1.5898093676337004,-0.0057609272504338255,0.0,0.034439482359576716,2.14708189042501,0.01556200262465331,2.200433203950994,0.0464672042165534,-0.002950825559226003,-0.00011663642044982827,0.7305985387240194,0.49994168178977527,621.4938311051036,289.78656832469755,0.6091702875589334,0.6091702876888532,0.609170287691728,0.7614628596110664,2.4095664735355644e-07,492,0.6533,0.6533,-0.00076,0.017956,781,0.3186,0.3186,-0.03855,-0.00264,3,0.4239,0.9986,-0.000526,13.878,0.2068,0.6388,-0.000102,13.964,0.2082,0.597,1.2e-05,13.895,8.0325,1.7278,1.7385,1.7299,0.34241,0.65584,1.65527,0.1645,0.9813,0.9826,1.0013,0.5,3.1823,1.1232,0.2059,9.6406,10.8989,3.4248,81,0.077,0.8421,30,0.1968,0.9978,1.0,0.1163385,0.1207074,-0.0184305,0.0643901,-0.0730582,0.0475718,0.108382,206.0,172.0,0.0880489,0.021044,0.6142011,-0.0136695,0.0352093,0.0099158,0.0390496,182.0,190.0,0.0435785,0.0545618,-0.1119139,-0.0033172,-0.0129452,0.0090715,0.0161516,171.0,202.0
34,1907,208447,0.0,7.622303337248235e-05,6.916263406289265e-06,7.622303337248235e-05,0.5970183028945144,9.505531163822637,7.68037386487667,-11.91099869354919,12.43043345625235,-0.054706012914947234,12.43043345625235,0.0005481088179074664,12.566294080196798,4.59149390824081,-1.121586132306173,1.284484874582952,-0.010292668522700199,1.284484874582952,0.18479034347376944,2.4441261166997226,1.1490200238798134,0.17486302643993556,1.596287878430881,0.8112508871259501,0.0,0.5316527000550695,0.24919092139898075,0.003897993014905232,1.4141805694817076,0.9165487110442566,6.798382186969826e-07,-0.49347130863179434,0,0,0,0.0018273638557248454,0.5678153592240284,539,0.6446,0.03739,0.4921410128290476,0.009579150684394841,0.5292341047579254,0.03502622961411164,0.19415604297336156,1.5025205437899198,0.002056417488543055,0.0018273693884871866,1.125343075953291,0.0007478126376793068,0.02731910198678802,456,83,1,1,0,0.6446,539,0.5678153592240284,0.004962,0.004961762911054102,139.0,372.0,-0.0097865,0.0432412,-0.0129231,-0.0031556,0.0411441,0.1622863,-0.6693301,-0.6640669,0.2909906,0.9101147,-0.2988605,-0.0729771,0.9515024,714.0,373.0,-0.0339287,0.0719132,-0.0169602,0.0516363,-0.0470908,0.9135893,-0.219978,-0.1543045,0.305212,0.8788198,-0.2358424,0.7180371,-0.654829,920.0,373.0,0.0054917,0.0431352,0.0083397,0.0198254,0.0373905,0.9046305,-0.3812811,0.1598807,-0.1034722,0.6639575,0.1933394,0.4596093,0.8668213,0.0,1.0,7.832482095041895e-05,289.78671102306635,0.0,256,7.642009357473565e-13,4.4205674680576927e-14,9.453671685985468e-14,7.429457941175675e-09,4.7704496344383475e-06,-7.94542882026381e-15,24.651340047842524,6.728617067629873,8.24361930041011,3.130492943453845,0.945041939897225,1.2716434856101277,0.0149553628863126,0.0,0.004449962230307794,1.0083227208313128,0.02409941992226289,1.1493715435080762,0.04296685297289063,0.0009155828965193039,0.0007855492804666129,0.7310442843838801,0.5003927746402334,621.494014237014,289.7866537143912,0.6091702875007738,0.6091702876788526,0.609170287691728,0.7614628595985657,2.6303155233507227e-07,495,0.6355,0.6355,-0.00017,-0.016107,792,0.3145,0.3145,-0.03674,-0.002561,3,0.4096,0.9994,-6.2e-05,13.88,0.2029,0.603,8.3e-05,13.963,0.2,0.5751,0.000147,13.897,8.0329,1.7279,1.7382,1.73,0.34188,0.66076,1.66322,0.17353,0.9814,0.9823,1.0009,0.5008,3.0796,1.151,0.2053,9.9055,10.8254,3.5152,81,0.1194,-0.3739,30,0.3053,0.2069,-0.0,0.0548759,0.0325285,0.2556782,-0.0050433,0.0042451,0.0101271,0.0120836,182.0,190.0,0.0788602,0.0889521,-0.0601379,0.0222577,-0.0286628,-0.0253539,0.0442695,183.0,190.0,0.0855735,0.095498,-0.0548094,0.0555769,-0.0567028,0.0068609,0.0796937,171.0,202.0
35,1931,208475,0.0,8.165020172145826e-05,7.397438601721518e-06,8.165020172145826e-05,0.6095146837064271,9.492321601334229,7.682756243686047,-11.877435405097255,12.15199677802043,-0.058557888943236956,12.15199677802043,0.00024778244532619453,12.566286731831612,4.590182041953952,-1.1287398697804523,1.2927678149710535,-0.010617761461423006,1.2927678149710535,0.1869803943038786,2.443773181731944,1.153166557600189,0.11565654546097304,1.601809760872276,0.8205395146142218,0.0,0.5457943165938007,0.2554403612441016,0.0009207619210054308,1.4141705498940218,0.8943626863314925,2.257445869207842e-06,-0.5013997783707871,0,0,0,0.0021451064281406327,0.5694231064310138,543,0.641,0.03909,0.49620581333990643,0.010568573397847225,0.5347753315778802,0.040202433452888514,0.1978617443690609,1.5344636847747652,0.002411430802275765,0.0021451284117566896,1.1241428667205031,0.0008820450996654752,0.02554677643754836,460,83,3,3,0,0.641,543,0.5694231064310138,-0.001614,-0.0016143484046211576,139.0,372.0,-0.005618,0.0404539,0.0396328,-0.0003777,-0.0081003,-0.8189333,0.0258141,-0.5529854,0.1512913,0.9084218,0.9797032,-0.0093371,-0.200236,714.0,374.0,-0.0224143,0.0315995,0.0206442,0.010815,0.0213397,0.4875253,-0.2181545,-0.0104638,-0.845351,0.8712609,0.6533074,0.3422507,0.6753177,920.0,373.0,0.0099995,0.0885289,0.0292163,0.0077696,0.083207,0.8739627,0.0851759,-0.0461568,-0.4762392,0.6643282,0.3300195,0.0877637,0.9398854,-0.0015731515469323545,1.0,8.371969420439117e-05,289.7868515599843,0.0,256,1.0667701550659873e-12,6.399469942172777e-14,1.233658551125331e-13,7.382174670535479e-09,5.173550014174114e-06,7.650601448346199e-15,24.71380843988235,7.113910764591559,8.911268586252895,3.1344362421023035,0.9138583191297296,1.2827051170598505,0.026772173333009335,0.0,0.03381506973026225,1.895803417331132,0.016485775686425865,0.9572421784018303,0.059474428716166663,-0.000786779755062986,9.489449805937145e-05,0.722638690966947,0.5000474472490298,621.4942417926467,289.7867598177226,0.6091702871334765,0.609170287679649,0.609170287691728,0.7614628595995612,2.817596006553807e-07,504,0.608,0.608,0.00207,-0.034168,803,0.3027,0.3027,-0.03483,0.000526,3,0.3897,0.9996,0.00022,13.879,0.1941,0.5985,3e-05,13.964,0.1841,0.5748,3e-05,13.895,8.0325,1.7279,1.7384,1.7298,0.34233,0.66661,1.6732,0.17461,0.9816,0.9824,1.0008,0.4987,2.9854,1.1817,0.2052,10.0623,10.9464,3.6666,81,0.2506,-0.6239,30,0.417,-0.2322,-0.0,0.0225468,0.0620809,-0.4671539,-0.0192866,0.0096099,0.009961,0.0237391,182.0,190.0,0.1008509,0.0555461,0.2896786,0.0377545,0.0631806,0.0075448,0.0739873,185.0,189.0,0.1337429,0.0459206,0.4888154,0.0153478,0.0191531,0.041436,0.0481595,171.0,202.0
36,1950,208499,0.0,9.053520326094037e-05,8.020305076825553e-06,9.053520326094037e-05,0.6231144166852295,9.504201267719361,7.678405720723298,-11.85459350696159,12.449798737882066,-0.056551139155082135,12.449798737882066,0.0002223203777678151,12.565779514920564,4.60900380366328,-1.13864550621218,1.3030161707528898,-0.011237843369540224,1.3030161707528898,0.1875798415135204,2.4431504245844335,1.154608521781436,0.09884304733722538,1.6043291744106551,0.8168448683894208,0.0,0.5594490989312378,0.26181250594459793,0.0009212633057884556,1.4141748788693838,0.9228771029447403,3.5540740175120527e-06,-0.5091693980897849,0,0,0,0.0022390710942531812,0.5710926018719732,545,0.6441,0.04016,0.49546651825227395,0.010265293149371647,0.5367240193545744,0.03748851479509095,0.20173715710434015,1.540474709155651,0.002524487331128605,0.0022391383987607127,1.1274369340125754,0.0009277124553399115,0.019898316858458484,467,78,3,3,0,0.6441,545,0.5710926018719732,-0.001967,-0.0019670968147096346,139.0,372.0,-0.0074366,0.0321332,-0.0067505,-0.0260651,-0.0175381,0.6945,-0.1653241,0.6196349,-0.3261751,0.9043035,-0.21008,-0.8111572,-0.5457934,714.0,374.0,-0.0232059,0.0527089,0.0301743,-0.0431964,-0.0013461,-0.7660156,-0.2813272,0.3571737,-0.4544249,0.86409,0.5724708,-0.8195273,-0.0255384,920.0,373.0,0.0140432,0.0750111,0.0173701,-0.0659092,0.0313196,-0.868045,-0.1434659,-0.3725135,0.2952103,0.6669444,0.231567,-0.8786597,0.417533,0.002589331952356292,1.0,9.111518318105054e-05,289.7869714723885,0.0,256,1.6950999247587685e-12,4.8773614936866417e-14,1.3192631208275606e-13,9.552045574117166e-09,5.660879923002526e-06,9.389766542261225e-15,24.200759624735706,5.349084731931562,6.788615591029357,3.128190282296829,0.7837618497942496,1.118924851564217,0.13980747999823143,0.0,0.024566671452966534,0.5078676927906036,0.022335398930793435,1.4574538248272035,0.053140060879867654,-0.0004584726063441917,0.0006298437663852687,0.7183565277955538,0.5003149218831928,621.494508860114,289.78688434440494,0.6091702870610654,0.6091702876894494,0.609170287691728,0.7614628596118117,3.124199477342163e-07,508,0.6044,0.6044,0.00223,-0.036742,816,0.299,0.299,-0.0344,-0.006443,3,0.3894,0.9996,0.000155,13.877,0.1928,0.572,9.2e-05,13.963,0.1809,0.5482,3.1e-05,13.893,8.0314,1.7278,1.7386,1.7298,0.34258,0.66375,1.68162,0.16787,0.9811,0.9825,1.0014,0.499,2.8818,1.2085,0.2045,10.3852,10.8249,3.7563,81,0.223,-0.763,30,0.3659,-0.6776,0.0,0.05214,0.0188052,0.4698657,0.0068975,-0.0129716,-0.0164385,0.0220468,182.0,190.0,0.0394347,0.1037717,-0.4492609,0.0045246,0.0598341,-0.0003659,0.060006,185.0,189.0,0.0856331,0.0998304,-0.0765501,0.0151908,0.0319496,0.0416665,0.0546593,171.0,202.0
37,1958,208508,0.0,9.709665641717164e-05,8.645742704342198e-06,9.709665641717164e-05,0.6251967751940831,9.514170701585112,7.677120805896608,-12.731908861165472,12.314365141184075,-0.041953527071640594,12.731908861165472,0.001118094643766554,12.565330940970473,4.613585391262345,-1.14828759751289,1.3134513914446098,-0.011572216016934405,1.3134513914446098,0.18760798572746373,2.4422797219924948,1.1550704149441973,0.13972381603349115,1.605464351717269,0.8102557244239127,0.0,0.5735891336438111,0.26910331931571774,0.00012353571231560334,1.41416500851614,0.9212961806106855,6.905368416689482e-06,-0.5168219033375592,0,0,0,0.0022867093467583994,0.5714078628114463,547,0.6406,0.04163,0.49555760483275907,0.009641104423452732,0.5368979353542733,0.0392837495333979,0.19684140834513794,1.538101206303004,0.002575755998615503,0.0022868379301279867,1.1263395471454973,0.000952430679307729,0.021672936160705755,467,80,3,3,0,0.6406,547,0.5714078628114463,0.02998,0.029980389264500973,139.0,372.0,-0.0103199,0.0419222,0.0207417,0.0321131,0.0172047,0.8655114,-0.4372,0.2181121,-0.1103323,0.9039897,0.4947655,0.766017,0.4103963,714.0,374.0,-0.0300389,0.0691761,-0.0135597,0.0646774,-0.0204527,0.3846028,0.0704424,0.1077981,0.9140559,0.8644553,-0.1960177,0.9349662,-0.2956608,920.0,373.0,0.0161614,0.0565239,-0.0157555,-0.0151251,-0.0521339,0.7472691,-0.1925997,0.3432593,-0.5354132,0.6671279,-0.2787412,-0.2675885,-0.9223338,0.0020512820512820513,1.0,0.0001001854777337367,289.78702529354615,0.0,256,9.45550920019966e-13,3.1579091156179126e-14,7.814138081402455e-14,1.1942788156223668e-08,6.115409634954592e-06,1.027119642071507e-16,24.132723783244895,5.552733857055277,6.824867472524539,3.141149401755217,1.1387640891123039,1.428425638450836,0.00863100999261221,0.0,0.021535856588221425,1.7398121612500592,0.03618567009670991,0.562737893379956,0.02941682645255247,0.0013734166088517602,-0.000305686469687962,0.7111088387096002,0.4998471567651562,621.4947272887447,289.7869861920503,0.6091702872252726,0.6091702876810916,0.609170287691728,0.7614628596013645,3.3506216995135476e-07,509,0.602,0.602,0.00164,-0.022546,821,0.296,0.296,-0.03424,-0.000383,3,0.3857,0.9997,-2e-05,13.873,0.1896,0.5899,0.000141,13.96,0.1783,0.5684,4.4e-05,13.891,8.03,1.7277,1.7385,1.7299,0.34405,0.66725,1.68352,0.16446,0.981,0.9825,1.0015,0.4985,2.8767,1.2064,0.2042,10.5259,10.7542,3.7384,81,0.0968,-0.8323,30,0.3013,-0.9748,-0.0,0.012922,0.0856368,-0.7377807,-0.0197049,-0.0402952,-0.0074309,0.0454665,182.0,190.0,0.0742784,0.1328868,-0.2829067,0.0530032,-0.0214767,0.0625087,0.0847226,185.0,189.0,0.0599277,0.0759656,-0.1180179,0.0067223,0.0373103,-0.0038533,0.0381064,171.0,202.0
38,1975,208530,0.0,0.00010444470941176674,9.218717266079175e-06,0.00010444470941176674,0.6211413721932715,9.529220433843479,7.677513881793579,-12.862098865008283,12.55222468207916,-0.03402387198142977,12.862098865008283,0.0004546569865091499,12.56501443964313,4.6077313594487,-1.1579814557093646,1.3223976648592002,-0.012231104651074133,1.3223976648592002,0.18805815644129226,2.4411582596776227,1.1550058823774176,0.18805812265598923,1.6007417761223712,0.8132027087852116,0.0,0.587730027430121,0.2760256153605996,0.001793423827205709,1.414164887340318,0.9113808948792665,1.5040351076423518e-07,-0.5243009418292494,0,0,0,0.002366358354041924,0.5709620904804077,554,0.6279,0.04214,0.4958464444491252,0.0099309330311546,0.5384756657050921,0.03979440526864591,0.1956997638516442,1.5509475179459244,0.0026751914275496445,0.0023665357976678644,1.1304250838656018,0.0009948284651921466,0.025652917262966105,467,87,2,2,0,0.6279,554,0.5709620904804077,0.047379,0.047378961073197834,139.0,373.0,-0.0037654,0.0435215,0.0336839,-0.0229447,0.0152664,-0.3332931,-0.4632023,-0.7725103,-0.2785448,0.9003598,0.7739592,-0.5272022,0.3507776,714.0,374.0,-0.0366553,0.016125,0.014022,0.0062521,0.0049308,0.2446719,-0.5153352,0.8175818,0.0782641,0.8598494,0.8695779,0.3877245,0.3057843,920.0,373.0,0.0150885,0.0899803,-0.0843674,0.0066055,0.0305772,-0.5164479,0.5919031,-0.0900412,0.6122294,0.664658,-0.9376206,0.073411,0.339821,0.0030643513789581204,1.0,0.00010724579435903818,289.78724474313793,0.0,256,6.128929633999227e-13,4.6770335073150386e-14,8.772106617008062e-14,1.2152779962374537e-08,6.532098994468477e-06,-7.565876145020873e-15,24.084911368136652,6.723272616261658,8.184749908074876,3.0550517621269355,0.9542775100371289,1.2726132332661984,-0.1687883596293726,0.0,0.017191207750632133,2.149899957146248,0.023604368542193305,2.0207213222127303,0.05084310901501414,0.006209513334660218,0.0032387125077784533,0.7308704377998486,0.5016193562538893,621.4951373580262,289.78717739679587,0.609170286656413,0.609170287688579,0.609170287691728,0.7614628596107237,3.604186712124743e-07,511,0.5984,0.5984,0.00053,0.005823,829,0.2925,0.2925,-0.03421,0.001449,3,0.3759,0.9992,-0.000149,13.867,0.1838,0.5814,5e-05,13.956,0.1752,0.5487,-0.000182,13.889,8.0274,1.7275,1.7385,1.7301,0.34465,0.66956,1.68778,0.17341,0.9809,0.9827,1.0019,0.4982,2.97,1.1756,0.2042,10.6337,10.8488,3.6528,81,0.0835,0.7249,30,0.2616,-0.6387,-1.0,0.0519925,0.1157823,-0.3802112,-0.0614357,-0.0048704,-0.0490163,0.0787443,183.0,190.0,0.0577061,0.0603055,-0.0220263,0.016202,-0.0387568,-0.0384016,0.0569147,185.0,189.0,0.1684071,0.0433122,0.5908528,-0.082063,-0.0260785,0.0032604,0.0861688,171.0,202.0
39,1999,208559,0.0,0.00011095666621805712,9.73321305654838e-06,0.00011095666621805712,0.594813713981626,9.539701474950787,7.6853430396871225,-12.036024436651049,12.476566586850058,-0.03358737928805361,12.476566586850058,0.0001322755277575636,12.565603110061218,4.621928715516763,-1.167257673731676,1.3316946966121155,-0.01227873468483592,1.3316946966121155,0.18867182395827586,2.4397865407003767,1.1557514687495247,0.14636076678263021,1.609434425347141,0.8242961741792477,0.0,0.6018701018957995,0.2816726204811766,0.0007814609003468087,1.4141690401528457,0.9036796992221955,5.097189493164006e-07,-0.5316392239750305,0,0,0,0.0024164531416806558,0.5666736509326461,568,0.5919,0.04351,0.4957836188841688,0.009604428331593862,0.5390543993289527,0.02873751073430908,0.21216742197434676,1.5555055545844096,0.0027349801011633877,0.002416635149341106,1.1317306635670998,0.0010220524197158247,0.02171882771599029,468,100,4,4,0,0.5919,568,0.5666736509326461,-0.009988,-0.009988086216031533,139.0,374.0,0.0086857,0.0136797,-0.0091855,-0.0086576,-0.0052733,-0.6439113,-0.2274937,0.497389,-0.5350038,0.9000929,-0.6714691,-0.6328771,-0.3854812,714.0,374.0,-0.0372122,0.0210706,0.010314,-0.0181455,0.0028866,0.3971374,0.3860947,0.446562,-0.7027056,0.850874,0.4894977,-0.8611761,0.1369955,920.0,373.0,0.0135732,0.0293408,0.0200244,-0.0109601,-0.0184332,-0.2585837,0.2135966,0.7874308,-0.517169,0.6592835,0.6824758,-0.3735446,-0.6282445,0.0035443037974683543,1.0,0.00011432652936944722,289.78736085481034,0.0,256,7.4969380959603e-13,7.176876859920094e-14,1.3337079172833286e-13,1.499018122191132e-08,6.952556635526428e-06,-1.4679022945873779e-15,24.014602699336116,7.122459933060558,8.767618540104547,3.1189693881779634,0.914799884073257,1.2160792612144096,0.009498867780413547,0.0,0.034732480160299756,1.9358803610015207,0.011073252018416413,2.778865264702891,0.017551343294141583,-0.0028831777367509756,-0.001963686223621494,0.7220455365777684,0.4990181568881894,621.4953910494447,289.7872956865711,0.6091702874444422,0.6091702876877156,0.609170287691728,0.7614628596096445,3.8289002958247667e-07,515,0.5829,0.5829,0.0007,-0.021775,835,0.2946,0.2946,-0.0353,0.001549,3,0.3451,0.9993,-9.2e-05,13.863,0.1744,0.5954,0.00012,13.952,0.1718,0.5647,-1.2e-05,13.887,8.0256,1.7273,1.7384,1.7304,0.34535,0.66797,1.69668,0.17421,0.9811,0.9832,1.0022,0.4992,2.9665,1.1742,0.2039,10.6078,11.0934,3.7396,81,0.2068,0.7388,30,0.4014,0.0666,-0.0,0.0363225,0.0590825,-0.2385625,0.0340283,0.0047506,0.0319175,0.0468958,185.0,189.0,0.0327618,0.0593941,-0.2889918,0.0038151,0.0369444,-0.0239082,0.0441706,185.0,189.0,0.0689344,0.0708498,-0.0137028,0.0452414,0.0098063,0.0433504,0.0634209,171.0,202.0
40,2022,208588,0.0,0.00011701735895620132,1.0263971475320136e-05,0.00011701735895620132,0.5585559712860685,9.573164052747993,7.686647210485054,-12.679157365539583,12.671185059927629,-0.05732504271539005,12.679157365539583,0.0005360871653635113,12.562109869603365,4.628640288888582,-1.1736564898294293,1.3387969353985574,-0.012249520498983514,1.3387969353985574,0.1894801585530572,2.4381661254498166,1.157978832138018,0.15071930201521144,1.6117369494909632,0.8118251765771667,0.0,0.6160109995232985,0.2879801983148263,0.0013276475483308126,1.4141641098982358,0.9155117514288098,1.1939315945885237e-06,-0.5389051181770043,0,0,0,0.002546305484860489,0.5647701181854324,582,0.5748,0.04751,0.495518464948637,0.011266928153909617,0.5420179786201494,0.06607688469970376,0.2165024103822096,1.5756788819928687,0.002910249159680564,0.0025464725562055223,1.142855104638199,0.0010915043534143421,0.025731687034545352,472,110,5,5,0,0.5748,582,0.5647701181854324,-0.013887,-0.01388693495283988,139.0,374.0,0.0158827,0.0691208,0.0577024,-0.0170385,0.0340266,0.1860634,0.0296428,-0.3876463,0.9023481,0.8939341,0.8348053,-0.2465028,0.4922768,714.0,374.0,-0.0321754,0.0535369,-0.0059158,0.0251633,-0.046883,-0.7421903,0.4618633,0.1554962,-0.4600617,0.8445954,-0.1105,0.4700168,-0.8757134,920.0,373.0,0.0148957,0.0548408,-0.0301577,0.0327738,0.0319986,0.0359994,-0.2727109,-0.04801,-0.9602228,0.6571822,-0.5499127,0.5976172,0.5834808,0.0015007503751875938,1.0,0.00011991676957037679,289.787596254123,0.0,256,6.376697744910525e-13,8.102892960506866e-14,1.2581488791064306e-13,1.3707915068925609e-08,7.373129969825463e-06,-1.0117405154555126e-14,22.840899125947196,5.446077114305826,6.623761480491032,3.132457634396728,1.2122296524859708,1.5172426808515729,-0.04803873041013421,0.0,0.029244186727048063,1.1669267475035754,0.017740395702053924,1.3794933690579159,0.049926200262357175,-0.0004718372015405171,0.0022055757372444335,0.7166385838042505,0.5011027878686223,621.495840063947,289.7875050504702,0.6091702871583309,0.609170287684816,0.609170287691728,0.7614628596060199,4.03804018174701e-07,515,0.5895,0.5895,0.00153,-0.042072,844,0.2921,0.2918,-0.03601,0.003467,3,0.339,0.9988,-0.000135,13.864,0.1681,0.5875,-0.000257,13.95,0.1724,0.5464,2.5e-05,13.885,8.0251,1.7276,1.7383,1.7302,0.34565,0.67289,1.70651,0.16842,0.9815,0.9832,1.0018,0.5,3.043,1.168,0.1844,10.6966,11.1475,3.6633,81,0.1792,0.7781,30,0.4274,0.4894,0.0,0.0467678,0.0928335,-0.3299801,-0.0161488,0.0026946,-0.0160042,0.0228949,185.0,189.0,0.0751641,0.0376214,0.332868,-0.0069965,-0.004287,-0.0215961,0.0231023,185.0,189.0,0.0717354,0.0815958,-0.0643078,0.0330229,-0.0164371,0.0388909,0.0536022,171.0,202.0
41,2042,208612,0.0,0.00012084844827885186,1.064724108069261e-05,0.00012084844827885186,0.5323754931939264,9.585644284202985,7.690808102163872,-12.67392665094556,12.435829186660058,-0.07105979158383544,12.67392665094556,0.0001013389086104155,12.562465624587901,4.606515690810425,-1.1793615072316592,1.3418631389112066,-0.01165450293144585,1.3418631389112066,0.19170836325996388,2.436333124073763,1.163040454967254,0.1917080280630283,1.6194352356404227,0.8180026257329244,0.0,0.6301514471870305,0.29391715422587333,0.0001329369765223909,1.4141665058063773,0.909270626278159,2.3309888992091575e-07,-0.5459694891423964,0,0,0,0.0029240735534767563,0.5617309425480789,593,0.5694,0.04758,0.4978845185852008,0.010706746942994363,0.547866389363549,0.030925164108778127,0.21675229617348543,1.592676629814982,0.0033570863759431278,0.0029242102487597385,1.1480318070039552,0.0012657902072506946,0.032946641883585655,479,114,7,7,0,0.5694,593,0.5617309425480789,-0.004981,-0.0049814685547544535,139.0,375.0,0.0331075,0.0341437,0.0009289,0.0102815,-0.0325457,-0.6255568,0.5333434,0.5486783,0.1522353,0.8900884,0.0272059,0.3011236,-0.9531969,714.0,374.0,-0.0202523,0.0489799,0.0296328,-0.030961,-0.0237138,0.8317842,-0.3687582,0.3595678,0.207035,0.8394176,0.6049985,-0.6321168,-0.484154,920.0,373.0,0.017903,0.0512125,0.014636,-0.0249689,-0.0422501,-0.1964915,-0.2478575,0.8786293,0.3577266,0.6542543,0.2857886,-0.4875536,-0.8249948,0.0,1.0,0.00012331416349225407,289.78780159113285,0.0,256,8.130573749163805e-12,1.186436577437109e-13,5.511806540226432e-13,1.463882334726152e-08,7.699463630990403e-06,2.5591160681327436e-14,12.46858048120319,5.294966557730037,6.350381112697597,3.116640912320811,1.138168286576804,1.4594807927963833,-0.002426205731619932,0.0,0.010339443089188405,0.9149044404228626,0.013807315960816725,1.686964774767118,0.01116868707714982,-0.0032197559549651156,-0.001588436241642908,0.7137614232373776,0.4992057818791787,621.4962887810447,289.78771427569717,0.6091702873003906,0.6091702876885775,0.609170287691728,0.7614628596107218,4.170240570098134e-07,518,0.5753,0.5753,0.00442,-0.010164,850,0.2918,0.2915,-0.03234,0.002937,3,0.3278,0.9973,0.000234,13.865,0.1662,0.6263,-0.000111,13.949,0.1679,0.5679,0.000192,13.881,8.0243,1.7279,1.7383,1.7299,0.34665,0.6746,1.71618,0.16537,0.9817,0.9835,1.0018,0.499,3.1276,1.1345,0.184,10.7231,11.2838,3.6078,81,0.0502,0.8625,30,0.2614,0.9376,0.0,0.0609652,0.1015412,-0.2496884,0.0495323,-0.0478766,0.0298606,0.0750818,188.0,187.0,0.0546025,0.0449655,0.0967882,0.0079489,0.0036352,-0.0027966,0.0091772,185.0,189.0,0.1660917,0.1176543,0.1707068,-0.0800489,-0.0167412,-0.1079646,0.1354417,171.0,202.0
42,2055,208629,0.0,0.00012949984179354268,1.1402517915492757e-05,0.00012949984179354268,0.5419775015672944,9.565623390615654,7.695153530970471,-12.90655671983808,12.757151895390315,-0.08374377855391404,12.90655671983808,0.0009804591795154398,12.566235956593877,4.637822966463784,-1.1881434008859317,1.3515781725495981,-0.01187949539553744,1.3515781725495981,0.19374185086410853,2.4342605222590943,1.1664179877557241,0.17468998423450666,1.6261965305320973,0.8268608938573558,0.0,0.6442912815728682,0.3009859070574557,4.853583018227248e-05,1.4141687298309682,0.902261248681484,2.7042420581636105e-06,-0.552901754828764,0,0,0,0.0033336364112047977,0.5624120093613522,595,0.5744,0.04862,0.5018328571797097,0.010900236330844791,0.5535872821267899,0.06359038400372982,0.20632373172673943,1.6050413652798778,0.003823880135140084,0.003333722584528532,1.1470300956913222,0.0014478273630480316,0.03418449565064868,482,113,7,7,0,0.5744,595,0.5624120093613522,0.004547,0.00454671351252367,139.0,375.0,0.0391222,0.0633804,-0.0203703,-0.0327286,-0.0503088,0.1006233,-0.1335744,-0.3117006,0.9353478,0.8886774,-0.321397,-0.5163827,-0.7937587,763.0,374.0,-0.0218371,0.0783921,-0.0237553,0.0491221,-0.0562852,0.909414,0.0273048,0.1149501,0.3987569,0.8361441,-0.3030315,0.6266209,-0.7179959,920.0,373.0,0.0199411,0.0547113,0.0206142,-0.0378916,0.0336543,0.2525288,0.0034388,-0.5912729,0.7659071,0.654525,0.3767808,-0.6925733,0.6151247,0.0019588638589618022,1.0,0.00013117996981032407,289.78787957612917,0.0,256,7.19234087035084e-12,3.34020651799366e-13,7.15453329486662e-13,1.758657281290997e-08,8.25327653080209e-06,-6.715452464702298e-14,12.458713668355575,5.616334024453886,6.687355338977578,3.1360571911010693,0.9352398077382138,1.2267956103783602,-0.05388540177717758,0.0,0.027768242884828896,1.6073355087399506,0.014875190928844694,2.1517273555317393,0.023053801589774627,-0.0007941922246419333,0.000639069503504543,0.7127673846860573,0.5003195347517524,621.4964941854759,289.78781005049376,0.6091702873599867,0.6091702876822627,0.609170287691728,0.7614628596028283,4.468781546434894e-07,525,0.5597,0.5597,0.00568,2.8e-05,854,0.2944,0.2941,-0.03041,-0.004561,3,0.3217,0.9977,0.000156,13.866,0.1692,0.6139,-6.9e-05,13.947,0.1648,0.5596,0.000226,13.878,8.0235,1.7282,1.7383,1.7297,0.34747,0.6738,1.72054,0.17241,0.982,0.9834,1.0014,0.4978,3.1418,1.1397,0.1848,10.6662,11.5404,3.6732,81,0.1607,-0.6111,29,0.2196,0.4296,-1.0,0.0782213,0.1600264,-0.3433618,-0.0470519,0.0167666,0.0928074,0.1053955,189.0,186.0,0.0552404,0.1152874,-0.3521241,-0.0194209,-0.0329682,0.0280973,0.0474714,183.0,191.0,0.0151703,0.1010524,-0.7389449,-0.0170966,0.0373149,-0.0185977,0.0450618,171.0,202.0
43,2072,208650,0.0,0.00013840923780342965,1.2330517741318466e-05,0.00013840923780342965,0.5420501926799082,9.587984815219503,7.6930950758944885,-12.005118964749375,12.513123405030102,-0.09410756273613087,12.513123405030102,0.0007469370597447012,12.566354317416184,4.658861876222296,-1.197239560877664,1.3605505665601993,-0.012665066920489063,1.3605505665601993,0.19562557208186881,2.431943617281318,1.1692911349069837,0.16356995421495435,1.6330094827216042,0.8236579562145728,0.0,0.6584323122724219,0.30871963392164675,0.0003323395180853117,1.4141591086070615,0.911571512407885,1.3602849617459073e-07,-0.5597340359685578,0,0,0,0.003777854312256081,0.5611439267386699,601,0.564,0.05028,0.5055885039014345,0.010672738327671768,0.5588799102676391,0.04739788068226754,0.20512017405239194,1.62451282857651,0.0043324248854471024,0.0037779005288470233,1.1467810897523325,0.0016488075844761207,0.03643366675366959,480,121,12,12,0,0.564,601,0.5611439267386699,0.022719,0.02271905974025601,139.0,375.0,0.0489386,0.0432423,-0.0303389,-0.0287011,-0.0112113,0.517074,-0.1512772,-0.2892712,0.7912471,0.8901661,-0.7016034,-0.6637268,-0.2592669,763.0,374.0,-0.0226765,0.051475,0.0095967,-0.0471756,-0.0182222,0.4154953,0.1860718,0.0097597,-0.8903065,0.837627,0.1864334,-0.9164749,-0.3540005,920.0,373.0,0.0223553,0.0242008,0.0112602,0.0203362,0.0067324,-0.1535031,0.0840892,-0.2815321,0.943454,0.656578,0.4652823,0.8403113,0.2781894,0.004379562043795621,1.0,0.00014026306696710548,289.78815917437777,0.0,256,5.608864175414944e-12,2.2490931740392754e-13,4.913918504572112e-13,2.129224660798979e-08,8.9822981184446e-06,4.560133056530001e-14,15.008469486329737,5.643830606953457,6.774204111526291,3.1142079420812,1.0933602607305388,1.35441160439335,-0.0630450227377748,0.0,0.016694772900895848,1.4496323119319274,0.01803897418167988,2.7386796914921203,0.019087054648250334,-0.0009260048522619119,-0.0011004187640446849,0.7132543468695226,0.4994497906179778,621.4970637303505,289.7880756146015,0.6091702869439074,0.6091702876857559,0.609170287691728,0.7614628596071948,4.776222676170587e-07,526,0.5645,0.5645,0.00313,-0.016731,864,0.2895,0.2892,-0.02947,0.002031,3,0.3185,0.9979,7e-05,13.865,0.1634,0.607,4e-05,13.945,0.1635,0.5547,0.000112,13.876,8.0223,1.7283,1.7382,1.7296,0.34852,0.66859,1.72763,0.17322,0.9819,0.9834,1.0016,0.4986,3.0354,1.1651,0.184,10.9064,11.4363,3.7676,81,0.1776,-0.7884,29,0.2936,-0.1945,-1.0,0.140372,0.1187258,0.0835445,-0.0720868,0.0352747,-0.0943626,0.1238754,191.0,184.0,0.0448111,0.0898512,-0.3344671,-0.0197768,0.0397184,-0.0237153,0.0503099,183.0,191.0,0.0469908,0.0290769,0.2354995,0.0051265,0.0225315,-0.0209378,0.0311824,171.0,202.0
44,2102,208688,0.0,0.000144687607145037,1.307335391376528e-05,0.000144687607145037,0.5267268217032812,9.579966439620202,7.699122716087735,-12.39886822747284,12.403151299808094,-0.06833612536372032,12.403151299808094,0.0003036857511133917,12.563949175188286,4.654545112745523,-1.2072778124287795,1.3683914317455494,-0.01289409812672696,1.3683914317455494,0.19746836358247988,2.4294641446119063,1.1740588726513317,0.14281748517273407,1.6397484125218427,0.8250498251320315,0.0,0.6725728575321203,0.31420140985201717,0.00045838626237260094,1.41413024213108,0.9142037492431153,2.0086867527875355e-07,-0.5664242631793133,0,0,0,0.004306526000327119,0.5595556482984183,613,0.5461,0.05142,0.5090648036362683,0.009738304139443776,0.5643974272496641,0.0828618183277862,0.2004113532510082,1.6439990796765263,0.0049332754878222956,0.004306532615423979,1.1455330606701126,0.001891896233007872,0.037476398511444166,486,127,7,7,0,0.5461,613,0.5595556482984183,0.03656,0.036559527115621826,418.0,374.0,0.0364792,0.0924527,0.0014156,0.0811434,0.0442859,0.2785498,0.3873066,0.8527095,0.2128149,0.8883459,0.0153113,0.8776751,0.4790115,645.0,373.0,-0.0441164,0.0167373,0.0104664,-0.0090938,0.0093753,-0.6854025,0.3625889,-0.6308467,0.0280189,0.8345315,0.6253309,-0.543323,0.5601441,920.0,373.0,0.0273526,0.0296684,-0.0073111,0.0064838,-0.0280129,-0.9253986,-0.1776739,0.1389928,-0.3045496,0.6536592,-0.2464271,0.2185433,-0.9441994,0.0028957528957528956,1.0,0.00014899291277484567,289.7884219327996,0.0,256,1.7412757790589066e-12,1.0153686318760764e-13,2.136201225812647e-13,2.3365381999723113e-08,9.613523304839394e-06,7.119100450419092e-16,16.541619191549977,5.125137453201018,6.273631237467039,3.1337561863189074,1.1759248963837217,1.5582478721981756,-0.1749815695147629,0.0,0.01557503593870884,0.6365513990617433,0.012528857697487138,1.3887666227225404,0.027765648542799913,0.003110788758936674,-0.0005526043907375602,0.7167037149778762,0.49972369780463133,621.4974366876734,289.7882495149965,0.6091702866612368,0.6091702876849721,0.609170287691728,0.7614628596062151,4.992873499432538e-07,535,0.5397,0.5397,0.0011,-0.014642,873,0.2849,0.2845,-0.02853,-0.000471,3,0.2951,0.9968,0.000127,13.862,0.1557,0.6452,8.9e-05,13.944,0.1538,0.5823,-3.7e-05,13.874,8.0212,1.7282,1.7384,1.7296,0.34894,0.66908,1.74316,0.16859,0.9824,0.9835,1.0011,0.4976,3.1333,1.1366,0.1843,10.9008,11.7755,3.7582,81,0.1029,-0.7356,29,0.2442,-0.4048,1.0,0.0997654,0.0933673,0.0331283,-0.0057957,0.0194647,-0.0208045,0.0290739,184.0,190.0,0.0434707,0.0519041,-0.0884235,0.0049922,-0.006853,-0.0444948,0.0452954,181.0,192.0,0.092645,0.0572776,0.2359043,0.0043524,0.0595071,-0.0405108,0.0721191,171.0,202.0
45,2129,208722,0.0,0.00015463447979859705,1.3923634611570408e-05,0.00015463447979859705,0.5105281723611809,9.597398109003212,7.70317783498922,-12.242826632022581,12.544395817898788,-0.09143714277355516,12.544395817898788,2.3506581227294987e-05,12.565740921669212,4.681693771941805,-1.2152334739982662,1.3763349696099898,-0.013194115251756943,1.3763349696099898,0.19929138242640704,2.4268511492942433,1.1777672540417448,0.19929117329216206,1.6456138763027983,0.8240224455178232,0.0,0.6867115146020221,0.31994279757972,0.0014014178011336753,1.4141595400762197,0.9201241671881895,6.608210901533632e-07,-0.5730279163929283,0,0,0,0.0048373187154586526,0.5563388226415531,625,0.5395,0.05148,0.5112145367152385,0.009616824923072427,0.5698944366838838,0.05398046686855658,0.1823220918097649,1.6646929332532567,0.005535341931863372,0.004837324801775571,1.1442981727899664,0.002137406204999589,0.025803700426121495,494,131,8,8,0,0.5395,625,0.5563388226415531,-4.2e-05,-4.199512035119035e-05,418.0,377.0,0.0500153,0.0582701,-0.0484605,0.0313928,-0.007841,-0.2429105,0.1471591,0.2667231,-0.9209764,0.8844488,-0.8316524,0.538746,-0.1345623,645.0,373.0,-0.0501241,0.0556832,0.0216521,0.0490766,-0.014943,-0.4185744,0.0563235,-0.0432148,0.9054036,0.8301038,0.3888438,0.8813539,-0.2683578,920.0,373.0,0.0295547,0.040474,-0.0225631,0.0220061,-0.0253925,0.6395035,-0.1262622,-0.3377551,-0.6789806,0.6539452,-0.5574728,0.5437102,-0.6273781,0.004757373929590866,1.0,0.0001547923528264021,289.7886472410331,0.0,256,1.4547642325725695e-12,7.82151827527276e-14,1.5885070898550512e-13,2.1346190118634573e-08,1.030787212197443e-05,-1.1426402319315862e-15,14.936503447288642,5.064351389900372,6.174036612917728,3.086925210923829,0.958776789216208,1.266633576039431,0.019780384824910666,0.0,0.028433179527836028,2.107584878850264,0.02165163184230059,2.036855381298487,0.04060750714007558,-0.0021643417203086133,-0.0005802333614784546,0.707605884234611,0.49970988331926086,621.4980748377429,289.7885470679399,0.6091702872829907,0.6091702876866867,0.609170287691728,0.7614628596083584,5.336114258592267e-07,539,0.5477,0.5477,-0.00106,0.002019,884,0.2804,0.2801,-0.02668,-0.001588,3,0.296,0.9965,-7.8e-05,13.862,0.1515,0.6472,3.4e-05,13.944,0.1537,0.5812,2e-06,13.875,8.0216,1.7281,1.7383,1.7297,0.34918,0.67113,1.7572,0.16607,0.9824,0.9838,1.0014,0.4993,3.0338,1.1645,0.1839,11.032,11.9003,3.9226,81,0.034,0.8049,29,0.1008,-0.9907,0.0,0.1134129,0.0467857,0.4159034,-0.0386131,0.0249338,-0.0506981,0.0684321,187.0,190.0,0.0519587,0.0853993,-0.2434556,0.024606,-0.0391446,0.0008929,0.0462445,181.0,192.0,0.0708273,0.0705996,0.0016103,-0.0198791,-0.0463761,-0.0286647,0.0580309,171.0,202.0
46,2143,208738,0.0,0.00016074365101327085,1.4838634918490781e-05,0.00016074365101327085,0.5035543196644567,9.572825936100697,7.7110095871217155,-12.844643937072853,12.514701408010064,-0.09331813738800081,12.844643937072853,3.371725546585935e-05,12.566089273573594,4.657560821745079,-1.224384983090977,1.384374823470636,-0.013327919645178144,1.384374823470636,0.2002808064165726,2.42396829789282,1.1793638683671601,0.200280731257186,1.6492336128332414,0.8209844404154181,0.0,0.7008513317055604,0.3271332875671033,0.0005802867429320901,1.4141765771245312,0.9291730811649265,1.515453938276587e-06,-0.5794807852125724,0,0,0,0.005162570675438901,0.5554559672458871,630,0.552,0.05161,0.5097785918508854,0.008537560320389357,0.5729963797459426,0.04325137807584654,0.17227332183738553,1.6768507102611725,0.00590388317966737,0.005162596631717857,1.1435879269349094,0.0022971491422350446,0.025687229400427933,503,127,8,8,0,0.552,630,0.5554559672458871,0.003816,0.0038160410467595884,418.0,377.0,0.0575312,0.0486304,0.0240533,-0.0022008,-0.042208,0.344237,-0.5149144,0.7796851,0.0919521,0.8835838,0.494614,-0.0452549,-0.8679338,645.0,373.0,-0.0544669,0.0466764,-0.0043492,-0.0456462,0.0087289,-0.8069046,-0.5570859,-0.1348875,-0.1427086,0.8320522,-0.0931769,-0.9779292,0.1870094,920.0,373.0,0.0301652,0.0557195,0.0186002,-0.0254969,-0.0459195,0.4702977,0.7069596,0.2960707,0.4374589,0.6534344,0.3338194,-0.4575934,-0.8241195,0.0014091122592766556,1.0,0.00016264815085807722,289.7889497138862,0.0,256,2.354890198073566e-12,1.8775561710526696e-13,2.8425735766751093e-13,2.6073704562315667e-08,1.103943447333748e-05,-2.6245525312485924e-15,24.216864093594495,6.256582831474826,7.616436198402183,3.133932959979598,1.156446086025589,1.4724695871446836,-0.07533751225154986,0.0,0.02725494341173669,2.100024360725585,0.0129706889125551,2.08791008416751,0.059127505891740026,-0.001789591140375686,4.7512373221847337e-05,0.7088041045686293,0.5000237561866111,621.4987352647904,289.78885500806433,0.6091702872421574,0.6091702876882498,0.609170287691728,0.7614628596103121,5.546923155785188e-07,547,0.5321,0.5321,-0.00159,0.001627,885,0.2915,0.2912,-0.02485,-0.000685,3,0.2941,0.9984,-8.8e-05,13.862,0.1611,0.6459,1e-05,13.944,0.1552,0.6019,-4.2e-05,13.876,8.0216,1.7281,1.7383,1.7298,0.34995,0.67579,1.76318,0.17236,0.9828,0.9842,1.0014,0.4998,3.05,1.1707,0.1848,10.9061,12.2514,4.0169,81,0.1522,0.8597,29,0.1876,-0.0339,0.0,0.0306768,0.0750083,-0.4194684,-0.0224193,0.0072931,0.0102102,0.0256917,187.0,190.0,0.0877937,0.0310394,0.4775967,0.0211259,-0.0297316,0.021729,0.042455,181.0,192.0,0.0879798,0.0224737,0.5930642,0.0080774,-0.0204411,-0.0275139,0.035215,171.0,202.0
47,2161,208758,0.0,0.00016896895176136034,1.5543520721788886e-05,0.00016896895176136034,0.4768783581447981,9.580501133964086,7.714695365542768,-12.469372679112132,12.689658349007617,-0.07041869109867994,12.689658349007617,0.0004172399772848223,12.565823696585706,4.64101997717113,-1.2329140455164083,1.3906487041001057,-0.01396430138942887,1.3906487041001057,0.2006024101752519,2.4208684092854185,1.1799886456278847,0.20060238698612934,1.6510172785394335,0.8332190761750335,0.0,0.7149917202084332,0.3331966213323715,0.0012444103734255973,1.414184653624475,0.9231848055842946,4.4571076521613343e-07,-0.5857848530262623,0,0,0,0.005232592040262672,0.5551722692345112,641,0.5375,0.05132,0.5080136381076304,0.0072658315331144375,0.5747716257982138,0.054328078652247896,0.16305279056374822,1.6831846788429012,0.0060368030856501635,0.005232741197496462,1.1536597851501609,0.0023660450142984177,0.02778815536936046,506,135,8,8,0,0.5375,641,0.5551722692345112,0.01856,0.018559891417216257,418.0,377.0,0.0566186,0.0538289,-0.0481249,0.0092834,-0.0222567,0.1255834,-0.1084731,-0.0618173,-0.9841956,0.8759676,-0.8940346,0.1724613,-0.4134721,645.0,373.0,-0.0527623,0.0358455,-0.0086463,0.0339375,-0.0076412,0.6988061,-0.6053327,0.0099865,-0.3809757,0.8262872,-0.2412106,0.9467715,-0.2131695,920.0,373.0,0.0291814,0.038345,0.033523,0.0125753,-0.0137262,-0.9058854,-0.245176,0.3401946,0.0593966,0.6519581,0.8742468,0.3279512,-0.3579672,0.0004666355576294914,1.0,0.0001711234394179025,289.7891925731355,0.0,256,1.4043811157962947e-12,1.8477414819628396e-13,2.4755407548834274e-13,2.1890400645707157e-08,1.1678180120386763e-05,1.54088115818629e-14,24.927441356783223,7.051810155936219,8.641141087151135,3.136904188253315,1.3225048821040881,1.6268957586991732,-0.03300364187035863,0.0,0.028156702373107315,1.2713034087649788,0.01306386572903182,1.2966881167911612,0.027088638950492072,-0.001719130170197367,-0.0007308177119520444,0.7169783502849746,0.49963459114402425,621.4990366134913,289.78899551920307,0.6091702866792487,0.6091702876879342,0.609170287691728,0.7614628596099178,5.830758047200019e-07,550,0.5383,0.5383,-0.00107,0.001231,889,0.2931,0.2929,-0.02397,-0.000511,3,0.2898,0.9975,-0.000123,13.859,0.1577,0.6369,2.3e-05,13.942,0.1579,0.5807,-9.6e-05,13.875,8.0205,1.728,1.7382,1.73,0.35158,0.67904,1.77022,0.17224,0.983,0.9845,1.0015,0.4988,3.0478,1.1698,0.1847,10.7925,12.4989,4.101,81,0.166,0.8516,29,0.2551,0.0812,-1.0,0.0859635,0.0855627,0.0023365,0.0195018,0.0490819,-0.0411816,0.0669722,187.0,190.0,0.0271809,0.081304,-0.4988999,0.0023232,-0.041412,0.0314539,0.0520548,181.0,192.0,0.0432891,0.035152,0.1037354,0.0047452,-0.0047499,-0.0077032,0.0102185,171.0,202.0
48,2178,208778,0.0,0.00017842801483673764,1.6298835492678458e-05,0.00017842801483673764,0.4643489706502314,9.583416782470653,7.717189265611142,-12.470531318627343,12.791630594169312,-0.06469755663375291,12.791630594169312,5.139301967081039e-06,12.566316377797257,4.635707023676966,-1.2433011408881376,1.4038373977026593,-0.013858788342687226,1.4038373977026593,0.20073217350553993,2.4175839546044013,1.181009305852131,0.1898329213886888,1.652578562501269,0.835130641821845,0.0,0.7291329443565879,0.33979255208498527,0.0004043312364204743,1.4141858480689689,0.9144468702820322,2.826845446903303e-07,-0.5919696276971729,0,0,0,0.0054565496316575975,0.553437242546456,649,0.5315,0.05158,0.5083466161151421,0.007565464684257036,0.5775108586122764,0.06768745992554345,0.16204917436571573,1.6956810364169967,0.006336016541764732,0.00545664992439174,1.1611550364340104,0.002490797104945331,0.03193602087580554,511,138,18,18,0,0.5315,649,0.553437242546456,0.023069,0.023069475282552654,139.0,375.0,0.0581627,0.0642888,0.029339,-0.0454945,0.0346773,0.5022015,-0.7483551,-0.3902089,0.1884021,0.8733565,0.4563631,-0.7076587,0.5393996,645.0,373.0,-0.0609103,0.0817385,0.0375917,0.0091549,-0.0720016,0.5334316,-0.1654286,0.0488727,0.8280674,0.8242808,0.4599028,0.1120024,-0.8808773,920.0,373.0,0.026461,0.0705118,0.0030922,0.0622456,-0.0329823,0.7609935,0.314907,-0.0743334,-0.5623141,0.6482225,0.043853,0.8827689,-0.4677563,0.0023137436372049976,1.0,0.00018266405231342854,289.78921277020635,0.0,256,4.628083397138252e-13,7.93802328403153e-14,1.1306593232073811e-13,3.2913832616408215e-08,1.2370881982745449e-05,-9.215234390576634e-15,19.793607587803436,5.210181704350058,6.375456975948384,3.133810625111485,1.2560099458233613,1.54404057585611,0.12862526623102905,0.0,0.018652321127929583,0.8795580430310379,0.01627745534658564,0.5746164961313341,0.030996407962709395,0.0020325525587777107,0.002095941861403534,0.7051625002660168,0.5010479709307019,621.4992809179765,289.789109432093,0.6091702873571314,0.6091702876841284,0.609170287691728,0.7614628596051605,6.157167713666241e-07,554,0.533,0.533,-0.00113,0.00714,894,0.2931,0.2929,-0.02508,0.001225,3,0.2839,0.9965,-3.7e-05,13.859,0.156,0.6403,-7.9e-05,13.943,0.1564,0.5739,-0.000141,13.875,8.0207,1.7279,1.7383,1.7299,0.35165,0.67727,1.77509,0.16718,0.9832,0.9847,1.0015,0.4991,3.0458,1.1691,0.1846,10.7857,12.6654,4.1583,81,0.0822,0.6503,29,0.1486,0.1154,0.0,0.0805906,0.0560053,0.1799852,0.0004811,-0.0016046,0.0298576,0.0299046,196.0,179.0,0.1107525,0.0803311,0.1592045,-0.0172847,0.0424915,-0.0159623,0.0485704,180.0,193.0,0.0640931,0.0909164,-0.173043,0.0302722,-0.0113297,0.0080305,0.0333056,171.0,202.0
49,2199,208803,0.0,0.0001890578501467637,1.7068077152502326e-05,0.0001890578501467637,0.4669875324989649,9.570772562008285,7.720601974599955,-12.61533509312591,12.53091591526443,-0.07899771805316201,12.61533509312591,0.00011005382079964932,12.562255254036762,4.694561370743463,-1.2533011428160208,1.425928174235779,-0.014791810856230889,1.425928174235779,0.201100405003954,2.4141096672217888,1.183330397820381,0.20110037951400084,1.6572204879192356,0.8281435758533031,0.0,0.7432745390596273,0.34562172375749073,0.00034568441151527907,1.414179029933619,0.9088587173095789,1.417633964363733e-06,-0.5980806979286243,0,0,0,0.005713417178358916,0.554103738260581,655,0.5324,0.05162,0.5094063942702834,0.004993785140834104,0.5811249797873621,0.04307634518632058,0.15679743982310743,1.7016304222147094,0.00668073676388455,0.005713474409269675,1.1692949482797308,0.0026427116723723386,0.03163684843858968,518,137,21,21,0,0.5324,655,0.554103738260581,0.008799,0.00879942661340749,139.0,375.0,0.0558327,0.0530433,0.0494809,-0.0169404,-0.0088463,0.9706061,-0.1776489,0.0654508,-0.1485965,0.8708702,0.9328395,-0.3193687,-0.1667753,645.0,374.0,-0.069144,0.0145627,-0.0103464,-0.0023179,0.0099825,-0.2412044,-0.5545893,0.3227503,-0.7280682,0.8162835,-0.7104769,-0.1591639,0.6854848,920.0,373.0,0.0283201,0.0184027,0.0090684,0.0159944,0.0007768,0.2660094,0.0100494,-0.4216752,-0.8667918,0.6494897,0.492775,0.8691324,0.0422088,0.0018365472910927456,1.0,0.00019211333983430511,289.78923816769617,0.0,256,1.2417383849739134e-12,1.0476252441155869e-13,1.812492017820957e-13,2.726957413200544e-08,1.3054780232652535e-05,-5.9350796940494165e-15,18.20716735762649,5.037260647909196,6.177161361762721,3.139773434717438,1.2554256052562256,1.5806609082656398,-0.1698438103227049,0.0,0.01709462981373453,0.5585694746632965,0.018404006896185585,1.3234065867154672,0.024171179459135415,-0.0009119280265108071,-0.001934667792155531,0.7080539617920839,0.4990326661039222,621.4993012768531,289.7891189249129,0.6091702866393326,0.6091702876817755,0.609170287691728,0.7614628596022194,6.523980294641442e-07,562,0.5167,0.5167,0.00016,0.025208,901,0.2895,0.2893,-0.02441,2.3e-05,3,0.2757,0.9956,-3.6e-05,13.86,0.1543,0.6356,-0.000113,13.943,0.1497,0.5601,-2.5e-05,13.875,8.0211,1.728,1.7383,1.7298,0.35159,0.67482,1.78157,0.16429,0.9836,0.9846,1.001,0.4989,3.0542,1.1723,0.1851,10.7889,12.9366,4.2357,81,0.0756,-0.9421,29,0.0323,-0.2133,-1.0,0.0473448,0.1062909,-0.3836747,-0.016415,0.0493269,0.0277296,0.0589196,196.0,179.0,0.0718321,0.0619757,0.0736608,-0.0425648,-0.0169531,-0.0460381,0.0649513,180.0,194.0,0.0572892,0.0902294,-0.2232952,0.0020133,-0.0682145,0.02414,0.0723879,171.0,202.0
50,2217,208824,0.0,0.0001978162698962553,1.803981672382071e-05,0.0001978162698962553,0.4629331822204236,9.576039416999274,7.7218357229554355,-12.455567330999664,12.23868465023828,-0.09134721452401999,12.455567330999664,0.0008864740143845751,12.566320303389938,4.693664212859312,-1.2612364437350208,1.4423637940533505,-0.015159163293528777,1.4423637940533505,0.20271726898962683,2.410410244952431,1.186686916690759,0.20271710384426916,1.6634406635551904,0.8326208581531158,0.0,0.7574155626017042,0.35269910340704624,0.0009545223160630778,1.4141807097079346,0.9166037707589351,4.330221837924622e-07,-0.6040357723071376,0,0,0,0.006247691869498451,0.5547679275662502,662,0.5287,0.05124,0.5121245708107678,0.004283867878329545,0.5873614916917916,0.03128069761896429,0.1470400880756885,1.7165211232727184,0.007343972690615007,0.006247742951307302,1.175460121815403,0.0029186309031118893,0.03625565040138181,521,141,25,25,0,0.5287,662,0.5547679275662502,-0.014977,-0.01497744222350339,139.0,375.0,0.0543722,0.0297876,0.0276295,0.0053872,0.0097411,0.8491482,-0.5155803,0.0906264,0.0700799,0.8690508,0.9275514,0.1808528,0.3270178,645.0,374.0,-0.0703951,0.0358395,-0.0160737,0.011129,-0.0300375,-0.380977,-0.5471887,-0.6265894,0.403518,0.8137588,-0.4484902,0.3105241,-0.8381118,920.0,373.0,0.0321862,0.0795309,-0.0228529,0.0073488,0.0758215,-0.3932215,-0.3044364,-0.6101268,0.6167987,0.6479293,-0.2873463,0.0924022,0.9533593,0.002273760800363802,1.0,0.0002029425366515539,289.78938689629194,0.0,256,3.4233056453593974e-12,2.604939356911066e-13,4.544682199960676e-13,3.470211065794902e-08,1.3890297219623756e-05,9.399755812813584e-15,15.462151857441583,5.486186648840625,6.550739187132104,3.140280195495813,0.9478739687576113,1.2114445260093933,-0.10857769679995233,0.0,0.009966262379386782,0.9565735698691816,0.018645688235292408,0.41492881756621675,0.03709812662403166,-0.0013980039464885487,0.0004437062512374702,0.7128073185639059,0.500221853125619,621.4995142673465,289.7892182368949,0.6091702871088011,0.6091702876821656,0.609170287691728,0.761462859602707,6.826212206920197e-07,566,0.5257,0.5257,0.00025,0.008427,908,0.2885,0.2883,-0.02466,-0.002845,3,0.2785,0.9954,-0.000476,13.857,0.1527,0.6488,5.3e-05,13.942,0.1518,0.5726,-0.000322,13.879,8.0211,1.7276,1.7382,1.7304,0.35167,0.67673,1.78812,0.16859,0.9836,0.9849,1.0013,0.498,2.9594,1.2331,0.1665,10.8733,13.0297,4.4028,81,0.2357,-0.7534,29,0.253,-0.3379,1.0,0.0459475,0.0656881,-0.1768304,-0.0257538,-0.0078622,0.0386051,0.0470683,196.0,179.0,0.0462337,0.0614182,-0.1410518,0.028986,-0.0303635,-0.0061634,0.0424278,180.0,194.0,0.0349154,0.1442064,-0.610149,0.0151891,-0.0333996,-0.0521266,0.063745,171.0,202.0
51,2247,208862,0.0,0.00021011077124083745,1.8761933497526825e-05,0.00021011077124083745,0.46261096844866945,9.549728288765236,7.72904275812424,-12.180413613065724,12.554520076822692,-0.09315222920112859,12.554520076822692,0.00155192411867113,12.566364010213956,4.727448598723458,-1.2717225748300953,1.4608620495398337,-0.015676046257391947,1.4608620495398337,0.20415335323759765,2.4065801547738785,1.1900802893935338,0.20415322190206073,1.668198122734183,0.8392254395154607,0.0,0.771556398392171,0.35684988561977216,0.004320536602478886,1.4141770866269605,0.9171269638780858,3.5363105325060076e-07,-0.6098696716632395,0,0,0,0.00663414500908312,0.5538265614675797,671,0.5202,0.05047,0.513696757601752,0.0015767362140166874,0.5921644489859015,0.019892759697485815,0.14735099092863085,1.736123622527795,0.00784150049813853,0.006634155993523496,1.1819891642273241,0.003136901152802301,0.039163484742654395,530,141,20,20,0,0.5202,671,0.5538265614675797,-0.001666,-0.0016662487073844101,139.0,376.0,0.0523797,0.0263489,0.0021077,0.0260967,0.0029636,0.1301325,0.9095358,0.0014631,0.3947251,0.8656576,0.0799931,0.9904293,0.1124761,645.0,374.0,-0.0728201,0.0465033,0.0052644,0.0086629,0.045385,0.4794359,0.1919316,-0.0811354,-0.8524791,0.8099855,0.113205,0.1862853,0.9759521,920.0,373.0,0.0289479,0.0344958,-0.0214842,-0.026844,0.0027908,0.1836168,-0.0614831,0.5583508,-0.8066902,0.6426626,-0.6228058,-0.7781823,0.0809027,0.0040595399188092015,1.0,0.00021418167082659954,289.7893325950817,0.0,256,3.989135191024593e-12,5.155425452822989e-13,7.507000438023396e-13,4.104326894008968e-08,1.466534727616452e-05,3.211057133049893e-14,16.643209848988477,5.7145526175707575,6.812977724628957,3.1140703403463497,1.3130051587983327,1.6187352996258346,0.13954806630948596,0.0,0.025163308618944575,1.778408428913733,0.02208551887931594,1.455004738136703,0.01579111414247811,-0.0005066885601181413,-0.0025600345426750153,0.7049515750383645,0.49871998272866264,621.4867991066881,289.78328948492907,0.6091702871444731,0.6091702876826302,0.609170287691728,0.7614628596032876,7.250617232425502e-07,579,0.501,0.501,0.00052,0.003057,916,0.28,0.2792,-0.02675,0.002177,3,0.2611,0.9945,-0.000277,13.858,0.1458,0.6522,-5.2e-05,13.939,0.1405,0.5694,9e-05,13.881,8.0209,1.7277,1.7378,1.7306,0.35181,0.67947,1.80008,0.17022,0.9844,0.9848,1.0005,0.4998,2.9765,1.2402,0.1674,10.6037,13.6731,4.5937,81,0.264,-0.699,29,0.3176,-0.4119,-0.0,0.0258355,0.0450611,-0.2711787,0.0199497,-0.0110711,-0.0081527,0.0242287,197.0,179.0,0.0859541,0.0639642,0.1466794,-0.0556067,0.0093526,0.0137113,0.0580308,180.0,194.0,0.048508,0.0413426,0.0797484,0.0136644,-0.0170938,0.0195597,0.0293512,171.0,202.0
52,2262,208880,0.0,0.00021341146026544603,1.934476591210947e-05,0.00021341146026544603,0.4533096556531187,9.555334726445672,7.731247501843771,-12.043866608087741,12.378654412381215,-0.09635247889075418,12.378654412381215,0.0003776708599509959,12.566205734936483,4.731443906209902,-1.2796217621595851,1.4879979202233415,-0.015676629230842135,1.4879979202233415,0.2060838111980454,2.402549273454012,1.1947830562400281,0.1715311981000296,1.658590389429864,0.8418147679745699,0.0,0.7856978573234851,0.3634439739589622,8.756368593820785e-05,1.4141741066092088,0.922182069634297,6.750825012454052e-07,-0.6156174881196689,0,0,0,0.007310063716587531,0.5523413103715815,678,0.5131,0.05221,0.5172610462988306,0.0005629997407721023,0.5987257438578422,0.04791585957565432,0.14662329449085626,1.7555697595051039,0.008675028995405929,0.0073100807119022915,1.1867213697492047,0.003494933789790773,0.03907971836714869,535,143,18,18,0,0.5131,678,0.5523413103715815,0.011962,0.01196197903217655,418.0,377.0,0.0481005,0.0437991,0.0328115,-0.0155931,-0.0244668,0.8677156,-0.044769,0.206263,-0.4500232,0.8649327,0.7491356,-0.3560143,-0.558614,645.0,374.0,-0.0708418,0.0279588,0.0268318,0.0034548,0.0070579,0.5081395,0.1444102,-0.3050464,0.7923929,0.8103593,0.9596901,0.123568,0.2524398,920.0,373.0,0.0258128,0.0494423,0.0095433,-0.0265214,0.0406213,0.7985154,-0.0762395,0.5629635,0.1990797,0.6380714,0.1930182,-0.53641,0.8215888,0.0004450378282153983,1.0,0.00021651625596077044,289.7833054610086,0.0,256,4.014411824580684e-12,2.8495112102823706e-13,5.008728957732654e-13,3.341457381395733e-08,1.5266237496310466e-05,3.333419042038186e-14,23.56427413556837,5.45289031055047,6.955715713978153,3.0779520742282394,0.8668793150386853,1.180503356749263,0.009017622698704347,0.0,0.022558827736640197,2.35775171538958,0.011860334675117387,1.8063401169301314,0.02093905989231462,-0.003440379602485066,-0.0012709642866435204,0.7082141377497265,0.4993645178566784,621.4865953346356,289.78319447126864,0.6091702861686403,0.6091702876826451,0.609170287691728,0.7614628596033064,7.364521626412166e-07,582,0.5145,0.5145,0.00225,0.010776,921,0.2806,0.2798,-0.02801,-0.002902,3,0.2641,0.9981,0.000165,13.858,0.1442,0.6524,-2.7e-05,13.938,0.1445,0.604,0.000112,13.878,8.02,1.7279,1.7379,1.7304,0.35241,0.68163,1.80372,0.16879,0.9846,0.9848,1.0003,0.4996,2.9732,1.2388,0.1672,10.6319,13.7717,4.6319,81,0.1496,-0.6979,29,0.2287,-0.4115,2.0,0.1041688,0.0436127,0.4097679,0.0651955,0.0103595,-0.0233598,0.0700247,187.0,190.0,0.0626475,0.066975,-0.0333856,-0.004696,0.0214132,-0.0548065,0.0590282,180.0,194.0,0.0646063,0.0545423,0.0844662,-0.0101154,0.0204274,0.0253695,0.0341059,171.0,202.0
53,2289,208913,0.0,0.0002241337825471584,2.022673492899561e-05,0.0002241337825471584,0.4691880377215628,9.526080478425712,7.737454674543361,-12.14121523645409,12.616428171831645,-0.08457085522612863,12.616428171831645,0.00019216711780600804,12.565865850118735,4.742773088697527,-1.2880701449580516,1.5043647433849687,-0.014553166398498461,1.5043647433849687,0.20788589124690313,2.3986698847131733,1.1970112025034139,0.18816176146876173,1.6699584830310625,0.8415698276601784,0.0,0.7998391798654193,0.36853671243614766,0.00012443756816260532,1.4141702929231244,0.9041244384845998,4.2133417222775993e-07,-0.6212573986321372,0,0,0,0.007990760978668,0.5521606362695235,683,0.5177,0.05446,0.5190484191862933,-0.0001851367088547584,0.6043884924588315,0.05485935324096459,0.14299422831107791,1.7601533085911965,0.009479102441240094,0.007990786653380677,1.1862539762877728,0.003848712817578279,0.042080337058159105,540,143,16,16,0,0.5177,683,0.5521606362695235,0.020828,0.02082772583334247,139.0,376.0,0.0544808,0.0501457,-0.0016957,0.0444389,-0.023171,-0.0306275,-0.0252138,-0.417527,0.9077981,0.8641875,-0.0338157,0.886196,-0.4620748,645.0,374.0,-0.0599484,0.0899229,-0.0460447,0.0666587,0.0390207,0.7498168,-0.2699725,0.2634701,0.5435744,0.810548,-0.5120464,0.7412882,0.4339358,920.0,373.0,0.0297405,0.0824614,-0.0463545,-0.0494099,-0.0470086,-0.4624233,0.5605444,-0.1119092,-0.6778134,0.6375049,-0.5621352,-0.5991879,-0.5700683,0.0008841732979664014,1.0,0.0002283111457180054,289.7832108208925,0.0,256,1.4212995621153422e-12,1.6610601524848213e-13,2.358989397775981e-13,4.31541397431499e-08,1.6188588614238942e-05,4.158072506977379e-14,23.613028055283284,5.708791535806465,7.1173767217540975,3.1382284634525144,1.2095082157028916,1.5435218225662755,0.06393852582789884,0.0,0.019046724196674816,2.101193784962995,0.04064068974311571,1.193150202027839,0.03920825035187952,-0.0019372067247683444,-0.00013793207308334052,0.7047851182940641,0.49993103396345856,621.4864912427701,289.7831459359124,0.6091702868501908,0.609170287680988,0.609170287691728,0.7614628596012349,7.734534795778881e-07,595,0.4892,0.4892,0.00472,0.011998,930,0.2789,0.2778,-0.02815,0.001,3,0.2535,0.9972,-0.000425,13.86,0.1445,0.6419,-6.5e-05,13.934,0.1365,0.5826,0.000137,13.881,8.0205,1.7281,1.7373,1.7308,0.35329,0.68421,1.81507,0.16833,0.9848,0.985,1.0002,0.4993,2.991,1.2462,0.1682,10.5218,14.2694,4.7708,81,0.0299,-0.8538,29,0.0233,-0.8906,-1.0,0.117574,0.1061425,0.0510982,-0.0706626,0.0527966,0.0492569,0.1010293,197.0,179.0,0.0731654,0.16241,-0.3788363,-0.0202992,-0.0847957,-0.0386518,0.0953747,180.0,194.0,0.1900144,0.1038229,0.2933309,-0.0613623,0.0239912,-0.1143481,0.1319712,171.0,202.0
54,2297,208922,0.0,0.00024038142423899955,2.131622373002247e-05,0.00024038142423899955,0.4780021748710359,9.518003523236827,7.738989186491281,-12.756611188273945,12.794300999704701,-0.0918084795669483,12.794300999704701,0.00020448969378869463,12.565820426496945,4.7570235815249,-1.2983336674027275,1.5193147140156273,-0.014847603731590097,1.5193147140156273,0.20909835422685555,2.3943423200020346,1.1969025741579662,0.20909825939743076,1.651363320786053,0.8322815691951752,0.0,0.8139799610953393,0.3768258830563588,0.00011190586854259443,1.4141775768418248,0.915442143365874,1.85813170299484e-06,-0.6268116998904059,0,0,0,0.008469096428488296,0.5529478230143183,684,0.5208,0.0553,0.52213930983581,-0.001429519079676317,0.609261694455173,0.020799508261092593,0.14299906021626402,1.762696306354522,0.010094123670776622,0.008469208778166006,1.1918614755134762,0.004122642690165215,0.04523406831532562,542,142,12,12,0,0.5208,684,0.5529478230143183,-0.025811,-0.02581118078344602,139.0,376.0,0.0566324,0.0182691,-0.0108141,0.0051075,-0.0138104,-0.1422954,0.2032793,-0.8577322,0.45025,0.8604623,-0.5919359,0.2795684,-0.7559453,645.0,374.0,-0.0540337,0.0587205,0.0270673,0.0470313,0.0224392,-0.0377344,0.0228302,-0.0920063,0.9947813,0.8014087,0.4609507,0.8009348,0.3821359,920.0,373.0,0.0302632,0.0652,0.0034659,0.0286981,-0.0584419,-0.7738997,0.2870739,0.2996374,-0.4784195,0.6362146,0.0531574,0.440154,-0.8963475,0.001310615989515072,1.0,0.00024175555629180184,289.78316208129263,0.0,256,1.1658269570720543e-12,2.992990959044778e-13,4.2315195019449643e-13,4.5885073078389396e-08,1.7114592896373245e-05,9.921842067829374e-14,23.67060665010186,6.5400658393416045,7.930900781185631,3.132902284261499,0.9075739632087851,1.318700201455433,-0.254337848750413,0.0,0.011956410499763571,0.3858515666582839,0.009382711290476855,2.2674973273492487,0.019860274457271242,0.0008927826523158735,-0.0007415864813483687,0.7041850595707281,0.49962920675932593,621.486505684452,289.7831526696968,0.6091702858906015,0.6091702876851306,0.609170287691728,0.7614628596064132,8.29521737286754e-07,599,0.4886,0.4886,0.00701,-0.007374,933,0.2887,0.2866,-0.02738,-0.002292,3,0.2548,0.9984,0.000175,13.86,0.1506,0.6553,-3.4e-05,13.933,0.1412,0.611,0.000163,13.879,8.0198,1.7283,1.7373,1.7305,0.35277,0.68125,1.81708,0.16951,0.985,0.985,1.0001,0.4998,3.0895,1.2171,0.1685,10.5257,14.3865,4.6566,81,0.1105,0.6349,29,0.1873,0.0663,-1.0,0.0649669,0.0710333,-0.0446059,-0.0006481,-0.0600485,-0.0257166,0.0653268,197.0,179.0,0.0894041,0.045507,0.3253777,0.0328084,0.0111309,-0.0088486,0.0357573,180.0,194.0,0.0936955,0.0422529,0.3783978,0.0173486,0.001924,-0.0307056,0.0353201,171.0,202.0
55,2306,208933,0.0,0.0002460246288205857,2.242078928050424e-05,0.0002460246288205857,0.46455703467055964,9.530430892184404,7.739261598477977,-12.3973439477265,12.588105090498361,-0.055202586900211376,12.588105090498361,0.000964983199802992,12.5655776186082,4.7469705150332295,-1.3094397921537357,1.5357823704712756,-0.015192821704174252,1.5357823704712756,0.21007482647073103,2.3897973656048683,1.1962968172848214,0.21007475917564541,1.6467487686852704,0.8400692323342455,0.0,0.8281212539372478,0.3849224923618347,0.000500990945559221,1.4141742878070114,0.9216099451905105,1.6509294444339342e-09,-0.6321887832624734,0,0,0,0.008616891565969165,0.5534415081908948,690,0.5024,0.05466,0.525697766896304,-0.004170795269520527,0.6123726702080158,0.04553032472491072,0.1562702282952029,1.760197178166304,0.010392463872579543,0.008617218607423352,1.2060113995050439,0.004273719547558862,0.050932868896088945,537,153,9,9,0,0.5024,690,0.5534415081908948,-0.006917,-0.006917476982135851,139.0,376.0,0.0492601,0.0271799,-0.0022437,0.0270721,-0.0009041,0.8294344,-0.4460091,-0.3328812,0.0480052,0.8509615,-0.0825503,0.9960316,-0.0332647,645.0,374.0,-0.0570777,0.0755792,0.0622164,-0.036172,0.0230851,0.6063756,-0.6309025,-0.255571,0.4110402,0.7980219,0.8231946,-0.4785971,0.3054431,920.0,373.0,0.028623,0.0581559,-0.0407079,-0.0013363,-0.0415113,-0.4026526,0.2459703,-0.5910226,0.6542643,0.6371069,-0.6999792,-0.0229774,-0.7137935,0.00043535045711797995,1.0,0.00025214776268668603,289.7831695525503,0.0,256,2.4074142905864494e-12,4.883512366253571e-13,6.383243943746744e-13,5.290886778791949e-08,1.8050799406764267e-05,-1.228667841965062e-13,23.702849912511446,6.972788959870423,8.686049871618799,3.1407832359977292,1.1364419945992847,1.4717487010325878,-0.13172301929789804,0.0,0.027275504756479815,1.2077253941164847,0.012421692628873314,1.4879346927588701,0.025717065232006897,-0.0020934129432875833,-0.0003079479360825153,0.6991172000659387,0.4998460260319588,621.4865310044377,289.78316447575406,0.6091702862878414,0.6091702876832114,0.609170287691728,0.7614628596040142,8.489955904293755e-07,599,0.489,0.489,0.00644,-0.005603,936,0.2923,0.2904,-0.02746,0.003025,3,0.2461,0.9979,5.2e-05,13.861,0.1473,0.6623,-0.000163,13.929,0.1431,0.6129,0.000179,13.874,8.0183,1.7286,1.7372,1.7303,0.35213,0.67969,1.81726,0.17125,0.9848,0.9853,1.0005,0.5,2.9877,1.2449,0.1681,10.5771,14.368,4.8091,81,0.1756,0.6708,29,0.2562,-0.1251,-2.0,0.0240487,0.0482649,-0.3348779,-0.0004528,-0.0128814,0.0215941,0.0251483,197.0,179.0,0.067625,0.0842623,-0.1095376,-0.0050711,0.0097785,-0.0128974,0.0169611,180.0,194.0,0.0628875,0.0781391,-0.1081466,-0.0031561,-0.0372904,0.013791,0.0398839,171.0,202.0
56,2326,208958,0.0,0.00026257991073067835,2.3352705072947082e-05,0.00026257991073067835,0.4417590117774165,9.539790231704565,7.7413643821578475,-12.566520693017749,12.48647265716032,-0.039356280059422474,12.566520693017749,0.0002849830002382703,12.5650168994155,4.777033474548172,-1.3206774072507952,1.55392123128233,-0.014605200477761097,1.55392123128233,0.14961947920859936,2.3851127337085485,1.1911475261695972,0.1495021916864125,1.6359226720115803,0.8417868769223127,0.0,0.8422625111509489,0.3908912131324763,3.39507793163385e-05,1.4141776149008254,0.9116325952086384,6.15157833867062e-07,-0.6374624754192116,0,0,0,0.008800303502058621,0.5537901032977637,702,0.4764,0.05616,0.5275566118095548,-0.0031260009974898844,0.6141623985250025,0.050752173996535976,0.15911872403364025,1.7869319340608587,0.01064854460119244,0.0088005875183537,1.2099811039870703,0.004410581903478908,0.050648063148253444,539,163,16,16,0,0.4764,702,0.5537901032977637,-0.016942,-0.01694204977993552,139.0,377.0,0.0611419,0.0597251,0.0171753,0.0178798,0.0543361,-0.6088599,0.0124028,-0.7712149,0.1853736,0.8488303,0.2875726,0.2993676,0.9097698,645.0,374.0,-0.0651077,0.051035,-0.0399002,0.030096,0.0103331,-0.8600992,-0.1284055,0.3319922,-0.3654074,0.7951724,-0.7818208,0.5897135,0.2024702,920.0,373.0,0.0305678,0.0924386,0.0048922,0.0176464,0.0906066,0.2769456,-0.120435,0.8435253,-0.4441414,0.636879,0.0529237,0.1908986,0.980182,0.0,1.0,0.00026468743015729823,289.7831811115363,0.0,256,3.0934004857956242e-12,4.489116005944659e-13,6.251761424676897e-13,4.825565286897309e-08,1.8960417383274608e-05,2.4386534054051383e-14,19.677304975273735,5.465841350457646,6.664793504128275,3.0656895849032035,1.0777015250333175,1.3745889727232818,-0.1305612243878867,0.0,0.024683804367457193,2.862540808395969,0.01732287338037398,1.3657355538250824,0.056333490451922305,-0.00040111468029651627,0.0005443877361308735,0.6975384299896017,0.5002721938680655,621.4865493715098,289.78317303984676,0.6091702865507813,0.6091702876802327,0.609170287691728,0.7614628596002909,9.061254591707165e-07,602,0.4833,0.4833,0.00477,0.004606,941,0.2914,0.2897,-0.02669,-0.00391,3,0.2306,0.9971,0.000193,13.863,0.1392,0.6643,-9.9e-05,13.928,0.141,0.6052,0.000254,13.871,8.0178,1.729,1.7371,1.73,0.35205,0.6808,1.82324,0.16862,0.9852,0.9853,1.0001,0.4996,2.9829,1.274,0.1491,10.5202,14.5832,4.8889,81,0.0733,0.6153,29,0.2195,-0.4808,0.0,0.0698862,0.0728491,-0.0207586,0.0210264,-0.0319535,0.0076489,0.0390082,199.0,178.0,0.0511788,0.114592,-0.3825356,0.0413795,-0.0593186,0.027524,0.0773856,180.0,194.0,0.1218485,0.0645762,0.3072138,0.011858,-0.0067214,0.0333639,0.0360408,171.0,202.0
57,2342,208977,0.0,0.00027885119726565085,2.4474019323956528e-05,0.00027885119726565085,0.43642235079862307,9.54628408730712,7.741556223016906,-12.522790092614075,12.372251665563306,-0.043953034393533805,12.522790092614075,0.0003994726536902249,12.566173151002134,4.781530088651656,-1.3358044634091724,1.5804596666609778,-0.01473533959308045,1.5804596666609778,0.14774852830617186,2.380278155641554,1.1884108463875485,0.14974843593345452,1.6118307841038821,0.8395394022441395,0.0,0.8564039720070558,0.39773303082888584,0.0003998129845407261,1.414160427851987,0.9061718023455564,4.537696984212418e-06,-0.6426244843262271,0,0,0,0.009452649125367437,0.555493936764611,709,0.4783,0.05728,0.5292154026953364,-0.0026256235192989633,0.6197940602536894,0.0744331268516074,0.16920222254280198,1.7917365833717922,0.011487658290166375,0.009452729568664407,1.215274192149505,0.004786955884312792,0.05130487437250187,545,164,18,18,0,0.4783,709,0.555493936764611,0.00037,0.0003701725919242893,139.0,377.0,0.0712681,0.0772387,-0.0565029,0.0472525,-0.0232472,0.9593399,-0.0844965,0.0671448,-0.2608043,0.8443907,-0.7315367,0.6117728,-0.3009786,645.0,374.0,-0.0663478,0.0190932,0.0119192,-0.0104536,-0.0106399,-0.3960744,0.4662311,0.3094502,-0.728007,0.7904538,0.6242628,-0.5475008,-0.5572601,920.0,373.0,0.0357677,0.0657026,0.0038908,-0.0427683,0.0497249,0.8922132,-0.131947,0.1422426,-0.4078145,0.6377862,0.0592179,-0.650938,0.7568177,0.0008598452278589854,1.0,0.0002806021517948738,289.78318687846934,0.0,256,3.220061527612158e-12,2.9874818057281734e-13,4.939216916006315e-13,5.1330313270181243e-08,1.999464404389757e-05,5.569180395448051e-14,13.749526100732227,5.489295137631958,6.560087057598675,3.088971047246881,0.7581952860814374,1.0858028297396085,-0.05593776824052448,0.0,0.00892854088671023,2.058080745570063,0.017974165945637367,2.319223081687293,0.027673925300921085,0.006298656773374579,-0.0006265362715679669,0.7116203240522742,0.49968673186421614,621.4865143108525,289.7831566919652,0.6091702859612668,0.6091702876833518,0.609170287691728,0.7614628596041897,9.622753801459384e-07,605,0.468,0.468,0.00371,-0.003108,947,0.2884,0.2866,-0.02457,-0.002257,3,0.2241,0.9969,5.6e-05,13.862,0.1383,0.6617,-7e-06,13.928,0.1352,0.6004,-8e-06,13.87,8.0177,1.729,1.7372,1.73,0.352,0.67952,1.82996,0.16797,0.9853,0.9854,1.0001,0.4983,2.9797,1.2726,0.149,10.5752,14.6811,4.927,81,0.1082,-0.9041,29,0.1246,-0.8423,-1.0,0.0912414,0.0671774,0.1519011,-0.0074744,0.0087094,-0.025013,0.0275204,200.0,177.0,0.0364756,0.01826,0.3327928,0.0016666,0.0033541,-0.0197707,0.0201224,180.0,194.0,0.080144,0.1506725,-0.3055611,-0.0852185,0.0302076,-0.0388262,0.098398,171.0,202.0
58,2368,209010,0.0,0.0002901270620319669,2.5470975246714604e-05,0.0002901270620319669,0.38800348235396287,9.572664625116953,7.746779740385867,-12.44688632798775,12.754727901448534,-0.041746235168599675,12.754727901448534,0.001551472581953214,12.564884995404158,4.78660874400301,-1.3460698031065788,1.5947483672838372,-0.01435516546364731,1.5947483672838372,0.10537561286573027,2.375292383413444,1.1832366437630453,0.11065649624641273,1.6179909000237964,0.8307412658361859,0.0,0.8705440104598396,0.40216608291238687,0.00059689923004691,1.4141647237322768,0.9132389017475147,7.058418548699531e-07,-0.6476806013341042,0,0,0,0.010213930666677048,0.5545473915249061,729,0.4467,0.05694,0.5319462591318836,-0.002201257221602622,0.6262368300160539,0.02478830384500031,0.17295545963562667,1.7984087473299144,0.012469807630836828,0.01021396423266477,1.2208587524673091,0.005238587404465524,0.05954904664398759,549,180,18,18,0,0.4467,729,0.5545473915249061,0.025559,0.025558826589548556,139.0,377.0,0.0832866,0.0290057,0.0083634,0.027642,0.0027031,0.3991062,0.1827591,-0.2203784,-0.8710607,0.8395422,0.2883349,0.9529839,0.0931914,523.0,372.0,-0.0552146,0.0145903,-0.0072135,-0.0105727,0.0070043,0.8612881,-0.0496382,0.0800321,-0.4993132,0.79006,-0.4944013,-0.7246396,0.4800676,1194.0,372.0,0.0326642,0.0681963,-0.0476927,-0.0042034,-0.0485642,-0.9702173,-0.1548518,0.1225114,0.140322,0.6399536,-0.6993441,-0.0616362,-0.7121227,0.0034158838599487617,1.0,0.0002980024521403217,289.78316980767795,0.0,256,5.840797561562904e-12,1.0868851644660323e-12,1.4460576899284186e-12,5.8447740970128664e-08,2.0990575292751416e-05,2.0184927802721667e-13,23.58160011026062,7.727678521146101,9.390264735408978,3.0962732151948305,1.0470079917618462,1.3821041860943368,-0.07005295077381639,0.0,0.008612189443599637,2.131921216585373,0.010281138575406336,1.4671308109049117,0.03686609947617719,-0.0009595104069273226,0.0003148469469129141,0.7075255104544904,0.5001574234734566,621.4865359596834,289.7831667862575,0.6091702867834341,0.6091702876820946,0.609170287691728,0.7614628596026182,1.001186732995996e-06,607,0.4647,0.4647,0.00375,0.002676,951,0.2885,0.2876,-0.02193,-0.003127,3,0.2078,0.997,4e-06,13.863,0.1292,0.6639,5.8e-05,13.928,0.1343,0.6039,6.1e-05,13.871,8.0178,1.729,1.7371,1.73,0.35247,0.68135,1.84058,0.17018,0.9856,0.9857,1.0001,0.4975,3.2471,1.237,0.1113,10.4702,14.9366,4.6,81,0.2159,-0.8511,29,0.1078,-0.9123,-0.0,0.0225925,0.0592832,-0.4481268,0.0091501,-0.0254565,0.0142523,0.0305759,200.0,177.0,0.0525961,0.0685403,-0.1316214,-0.0004927,0.0596197,-0.0090807,0.0603093,178.0,194.0,0.0639527,0.099336,-0.2166921,0.0126736,-0.0415072,0.0162268,0.0463333,169.0,203.0
59,2386,209034,0.0,0.0003033727092551157,2.6456157617505557e-05,0.0003033727092551157,0.37471134331630074,9.60055267041095,7.7462560524359265,-12.224780883661106,12.550531665437383,-0.04534077271864232,12.550531665437383,0.0035671414184734627,12.565050593742741,4.799067155756518,-1.3697587983126296,1.6103517259859914,-0.013498475899347549,1.6103517259859914,0.10679412827682556,2.3701596250062567,1.182295517906767,0.11129325180353164,1.6241750994546493,0.8441952571143228,0.0,0.8846841335694637,0.40821390461112966,0.00416812213695239,1.4141719421952983,0.9166518903347022,3.0204401179988e-07,-0.6525996530204492,0,0,0,0.01110855822085462,0.5544411019850116,739,0.4495,0.05616,0.5354338460421971,-0.0004021893690803254,0.6343862746207996,0.038108337510715684,0.1657362140348707,1.8190180038030588,0.013604040950983425,0.011108571635894732,1.2246435812706264,0.0057455194694194705,0.04863377387375503,561,178,37,37,0,0.4495,739,0.5544411019850116,-0.00871,-0.008710406306921437,139.0,377.0,0.0848033,0.0321816,-0.0032353,-0.0304726,-0.0098292,-0.4166533,0.8046319,0.2524664,-0.3394527,0.839784,-0.1005336,-0.9468932,-0.3054279,523.0,372.0,-0.0638454,0.0621167,-0.0356492,0.0381264,-0.0336747,-0.4315118,-0.4913718,-0.03161,0.7558784,0.7924283,-0.5739075,0.6137873,-0.5421211,920.0,373.0,0.0413656,0.0439065,-0.0083178,0.042155,-0.0090308,-0.1707568,-0.669322,-0.059948,-0.7205945,0.6340186,-0.1894424,0.9601072,-0.2056833,0.005067567567567568,1.0,0.00030957874203669297,289.78318148192767,0.0,256,6.071889126710539e-12,8.76479198595656e-13,1.1876080328910053e-12,6.56829951327731e-08,2.193538415153579e-05,-1.8672549938143678e-13,21.955693861829893,7.43000932175366,9.056563897085791,3.115333753772544,1.1865056437999775,1.5585416477552239,-0.12969827627363922,0.0,0.017060754758382854,1.239859319468571,0.006713036087648011,1.558497288310476,0.020922130981173768,-0.0004156498956576668,-0.0019549743593180622,0.7006611803482548,0.4990225128203412,621.4865558176944,289.7831760455366,0.6091702868911214,0.6091702876811691,0.609170287691728,0.7614628596014613,1.046895521662181e-06,607,0.464,0.464,0.00219,0.007827,959,0.2839,0.283,-0.02186,-0.003768,3,0.2088,0.9958,-0.000161,13.865,0.128,0.6687,-0.000194,13.927,0.132,0.5975,5.5e-05,13.871,8.0182,1.7292,1.7369,1.73,0.35176,0.6802,1.8447,0.17181,0.9855,0.9858,1.0002,0.4971,3.3252,1.2008,0.1108,10.6486,14.8814,4.4753,81,0.2098,-0.9171,29,0.0725,-0.2967,0.0,0.0951695,0.0479561,0.3298744,0.0121667,-0.0712948,-0.0050765,0.0725034,200.0,177.0,0.0459868,0.0874738,-0.3108564,-0.0050196,-0.0260572,0.0263435,0.0373919,178.0,194.0,0.0630181,0.0507977,0.1073698,-0.005963,0.0173261,0.0327941,0.037566,171.0,202.0
60,2398,209049,0.0,0.00031631505827784296,2.752531156665062e-05,0.00031631505827784296,0.37536881388642745,9.583840007608199,7.752096425567358,-12.635876008537915,12.45416546640947,-0.0559023392486247,12.635876008537915,0.00012741967831964018,12.56469862802432,4.802909233263378,-1.3863313533754928,1.6278040702401193,-0.013439451056426228,1.6278040702401193,0.10838370525591436,2.364921767208799,1.1823058754497142,0.11192573957733376,1.615672874020992,0.8288758260691764,0.0,0.8988247399628235,0.41507089971636274,0.00022849452285123029,1.4141741993027943,0.9072976881784282,1.3433776004461996e-06,-0.6574669400175169,0,0,0,0.012240610292761514,0.5542853404744521,743,0.4578,0.05578,0.5386774262924557,0.00043884084330369914,0.6424196178326197,0.04858786575938641,0.15174491153070832,1.8318531762899684,0.014956172014359339,0.012240650748999816,1.2218445179952062,0.006361419171792241,0.05211639366398072,567,176,33,33,0,0.4578,743,0.5542853404744521,0.000826,0.0008255313223497485,139.0,377.0,0.0837909,0.0420508,0.0057978,0.0413167,0.0052522,-0.0286068,-0.5481668,0.5404133,-0.6376898,0.840433,0.1378771,0.9825425,0.1249004,523.0,372.0,-0.0693179,0.0488951,0.0088879,0.0479289,0.0038159,-0.8584815,-0.3967396,-0.3244833,0.017826,0.7895772,0.1817746,0.9802384,0.0780423,1194.0,374.0,0.0381826,0.0557896,0.0349161,0.0405664,-0.015739,-0.0867384,0.4956761,-0.415025,-0.7579815,0.636262,0.6258538,0.7271309,-0.282113,0.00586756077116513,1.0,0.0003227815561782806,289.7831885524062,0.0,256,2.675392024428448e-12,3.20314814260708e-13,5.124418738136219e-13,6.589925814314761e-08,2.291552097821214e-05,-4.322237534319506e-14,20.162425860142676,6.608487976925412,8.046288404805603,3.1023232084632655,1.1468495989613081,1.4512992497928197,-0.06520411855656011,0.0,0.01818551407000844,2.5052392556914365,0.015275041419897712,1.0614654047533263,0.06095650413776407,0.0040347639247356884,0.0007219426848809679,0.69097306574722,0.5003609713424405,621.4865287129613,289.78316340729765,0.609170286034809,0.6091702876834707,0.609170287691728,0.7614628596043383,1.091557751522141e-06,614,0.4429,0.4429,0.00251,-0.00057,960,0.2843,0.2835,-0.02104,-0.004032,3,0.2029,0.9964,3.5e-05,13.866,0.1307,0.6693,-5.1e-05,13.926,0.1264,0.6037,0.000142,13.87,8.0179,1.7294,1.7368,1.7299,0.35219,0.67808,1.8468,0.16897,0.9856,0.9861,1.0005,0.4979,3.3334,1.2037,0.1111,10.5427,15.1445,4.5433,81,0.1157,-0.959,29,0.0825,-0.0585,0.0,0.0549542,0.0394967,0.1636556,-0.0097379,0.0123218,0.0203338,0.0256928,200.0,177.0,0.1313352,0.182193,-0.1622111,0.0453927,-0.1217195,-0.0847421,0.1551044,178.0,194.0,0.0751181,0.1136072,-0.2039427,-0.0198261,0.0095133,0.0735851,0.0768007,171.0,203.0
61,2411,209066,0.0,0.0003329881434056062,2.8816742496147112e-05,0.0003329881434056062,0.3713916647942753,9.588194250262585,7.752744287003791,-12.300446822509912,12.483314169831687,-0.06766085226626313,12.483314169831687,0.0023037282146372573,12.564572980386137,4.794419064192775,-1.4027265786905272,1.6620678770767539,-0.013058796096028853,1.6620678770767539,0.10975898779017167,2.3595931564934376,1.1815807122804811,0.11248798133646157,1.6329005329175594,0.8323322991304933,0.0,0.9129279176178751,0.4219377817126697,0.00032374401247670104,1.4141711509601764,0.9008968074314256,2.34147742890169e-06,-0.6621908356117698,0,0,0,0.01297010003612228,0.5543267483906791,749,0.4592,0.05921,0.5411094216789445,-0.00032837540547283,0.6477421080648591,0.0897454788190114,0.13979890390742625,1.8400612087453678,0.015837899101631928,0.01297024889066201,1.221094462808227,0.00678281275913356,0.057974246656439264,571,178,21,21,0,0.4592,749,0.5543267483906791,-0.007146,-0.007146339086575804,139.0,377.0,0.0853743,0.091669,0.0250114,-0.0881259,0.0033856,-0.3115394,-0.1851613,-0.0559227,-0.9303393,0.839619,0.2728444,-0.961349,0.0369334,523.0,372.0,-0.0734038,0.0353203,0.0043071,-0.030568,0.0171631,0.4207016,0.2971916,-0.0032551,-0.8571328,0.7850477,0.1219441,-0.8654505,0.485927,1194.0,374.0,0.0394687,0.0284029,-0.0116879,0.0050648,-0.0253863,-0.4287537,-0.6221991,0.6538688,0.0386542,0.6368329,-0.4115052,0.1783195,-0.8937928,0.004170141784820684,1.0,0.00033481456224334965,289.78317506102746,0.0,256,4.551671578813475e-12,3.307620501817321e-13,5.929368042203677e-13,7.581195931643814e-08,2.4084593560481475e-05,1.7903861813164568e-14,25.08421318536263,6.810641777676449,8.281783343012336,3.1400553725470854,1.3043764432355487,1.6181131577979586,-0.03640218235122443,0.0,0.0241446061413269,1.1606988014932,0.013195111130714338,0.5281220543310308,0.030478526374157912,0.0011444809091396438,-0.0014475187554634492,0.6976896552189599,0.4992762406222684,621.4865001476396,289.7831500880238,0.6091702861414181,0.6091702876808123,0.609170287691728,0.7614628596010153,1.149094222022428e-06,617,0.4435,0.4435,0.00173,-0.003751,964,0.2835,0.2813,-0.02001,-0.004434,3,0.2038,0.9975,1e-06,13.868,0.1307,0.6614,-0.000136,13.923,0.1262,0.6066,0.000169,13.868,8.0175,1.7297,1.7366,1.7298,0.35254,0.67571,1.84882,0.16754,0.9856,0.9863,1.0008,0.4977,3.3331,1.2036,0.1111,10.515,15.2868,4.5864,81,0.0514,0.4007,29,0.0501,-0.2917,-2.0,0.0929209,0.0942506,-0.0071044,0.0171691,-0.003271,-0.0096251,0.0199529,200.0,177.0,0.0586433,0.0589859,-0.0029125,-0.0063254,0.0285783,0.0371016,0.0472574,178.0,194.0,0.0503452,0.0300242,0.2528451,-0.0030424,0.0288836,-0.0116162,0.0312803,171.0,203.0
62,2423,209079,0.0,0.0003498115449330229,2.993012453182327e-05,0.0003498115449330229,0.3646622150418307,9.58640105524395,7.755621026339317,-12.550587486153379,12.804318900005782,-0.04646079151240138,12.804318900005782,0.003028824151447238,12.5651322268238,4.808140031288123,-1.3988945654850324,1.686125948281964,-0.012908325956910775,1.686125948281964,0.11001471447717662,2.354165803919952,1.1795397212724468,0.11258883422038339,1.6365922022612802,0.8244591412313821,0.0,0.9270684080374091,0.4284733166196536,0.0008772989593375247,1.4141745970846085,0.9094801490096991,1.8187963436939847e-06,-0.6668206075720788,0,0,0,0.013084255233552895,0.5533883777836044,755,0.4572,0.06142,0.5415310809725771,0.0013595701151370887,0.6498793382705335,0.02309777912569851,0.14401794675077287,1.8400538674915836,0.016059558473446627,0.013084437099934077,1.22737862934337,0.0069169174179653705,0.06567784561871333,570,185,18,18,0,0.4572,755,0.5533883777836044,-0.00454,-0.004539926102837377,139.0,377.0,0.0928646,0.0296358,0.0070756,-0.0065562,0.028022,0.4190292,-0.1493271,-0.8630671,0.2392303,0.8358147,0.2387517,-0.2212246,0.945546,523.0,372.0,-0.0725519,0.0618628,-0.0010333,0.0303071,0.0539205,-0.6633654,0.4367967,0.2786575,-0.539912,0.7798234,-0.0167026,0.4899082,0.871614,1194.0,374.0,0.0428837,0.036849,-0.0115825,0.0118183,0.0329245,0.5745167,0.2453943,0.7645591,0.1586241,0.6358411,-0.3143236,0.3207222,0.8934976,0.004562422231439237,1.0,0.0003570570693422844,289.78316177769193,0.0,256,1.4700439241678397e-11,7.944823102850913e-13,1.3540725312744945e-12,8.256845558382525e-08,2.513719355938149e-05,2.5357883682322954e-13,24.622772886613106,7.341324519102152,8.920249540097299,3.1285472252510713,1.1255882425916899,1.4287945108754505,-0.008469568768281435,0.0,0.028999464423245434,2.0623221491160386,0.022575844399900544,2.4005884519909086,0.022994167002064983,-0.0009069660701116397,-0.0009734577523948678,0.6996000131067741,0.49951327112380267,621.4865335913904,289.78316568198346,0.6091702846655385,0.6091702876799837,0.609170287691728,0.7614628595999796,1.2071492976818273e-06,621,0.4382,0.4382,0.00152,-0.000279,966,0.2866,0.2846,-0.01937,-0.00102,3,0.2004,0.9987,-4.4e-05,13.861,0.1316,0.6517,0.000292,13.92,0.1262,0.6125,-6.1e-05,13.867,8.0153,1.7294,1.7367,1.7301,0.35276,0.67304,1.85008,0.17137,0.9858,0.9863,1.0005,0.4981,3.3403,1.2062,0.1113,10.3259,15.6088,4.6729,81,0.1929,0.7629,28,0.0436,-0.5961,-1.0,0.0254116,0.0803246,-0.5193404,0.0069319,-0.0106467,-0.0447283,0.0464976,200.0,177.0,0.065677,0.0751936,-0.0675558,0.0251713,0.0147128,-0.0207415,0.0357809,178.0,194.0,0.081812,0.0612452,0.1437668,0.0085054,-0.0414112,0.0470403,0.0632457,171.0,203.0
63,2433,209093,0.0,0.00036635134348013724,3.086811297072339e-05,0.00036635134348013724,0.3502324318750282,9.60266905421485,7.7562174545797,-12.188147576317375,12.55694289458312,-0.05359078739713033,12.55694289458312,0.000962868209149776,12.56529362635902,4.784025034474366,-1.4145625788611378,1.7209014840620946,-0.013254519944439883,1.7209014840620946,0.11012245388222487,2.3486373949494084,1.1773127308352487,0.11262308376353096,1.6373705955136635,0.8332660068495973,0.0,0.9412104648369772,0.43570923075445933,0.0032862411279290793,1.4141680664985146,0.8989625116436601,2.353674046549307e-07,-0.6713183832603903,0,0,0,0.012889584940018156,0.5524444361135505,763,0.4507,0.06514,0.5412310973334392,0.001962325323323646,0.651732579699311,0.03535165662521691,0.14995398537030705,1.8188174259228262,0.015993848112981386,0.012889687461381041,1.2408251294611108,0.00691954388962532,0.07172921090416587,572,191,17,17,0,0.4507,763,0.5524444361135505,-0.007807,-0.007806777992648728,139.0,378.0,0.0976484,0.0334986,0.0091014,-0.0309649,-0.0089718,-0.7234465,0.5137209,-0.4559913,-0.0691951,0.8301302,0.271695,-0.9243648,-0.2678276,523.0,372.0,-0.0639621,0.024954,0.0167132,0.0044826,0.0179799,-0.8038267,0.0844302,-0.2383621,-0.53844,0.771882,0.6697594,0.1796356,0.720523,1194.0,374.0,0.0466138,0.1013901,0.0296709,-0.0847091,-0.0471588,-0.5290952,0.3441128,0.3081499,0.7118203,0.6354275,0.2926409,-0.8354775,-0.4651222,0.003714403631861329,1.0,0.00037350433346313176,289.7831774870617,0.0,256,1.7534335893418937e-11,9.743224441138123e-13,1.7326136297148852e-12,8.927171568617507e-08,2.609454994002494e-05,3.253376545449414e-13,12.562843765106024,5.644189230722112,6.699976687566429,3.118313433550671,1.0844674717539888,1.3692310704294428,-0.1280978126694841,0.0,0.016432177285345184,1.909842036329252,0.011485057423188538,1.1194110172848233,0.06935476950945542,-0.0023340190420448113,0.0020596252608573195,0.705284177272231,0.5010298126304289,621.4865537507023,289.7831750817515,0.6091702840337467,0.6091702876795987,0.609170287691728,0.7614628595994983,1.26422572109918e-06,621,0.4322,0.4322,0.0034,-0.008638,968,0.2865,0.2845,-0.01844,-0.003782,3,0.1949,0.9988,9.3e-05,13.859,0.1299,0.6657,6.4e-05,13.919,0.1245,0.6289,-2e-05,13.865,8.0142,1.7293,1.7368,1.7301,0.35209,0.67454,1.85017,0.17159,0.9858,0.9865,1.0007,0.4982,3.335,1.2043,0.1112,10.2961,15.697,4.7067,81,0.1909,0.8017,28,0.1742,-0.8496,-0.0,0.0274877,0.0635169,-0.3959048,-0.0287921,0.0081041,0.008991,0.031233,201.0,177.0,0.0577688,0.0653622,-0.0616696,0.0152075,-0.0466935,-0.0290834,0.0570736,178.0,194.0,0.1151557,0.0869527,0.1395439,9.2e-05,-0.0145204,-0.0144334,0.0204737,171.0,203.0
64,2445,209107,0.0,0.00038340211663370093,3.2104608937016984e-05,0.00038340211663370093,0.3380852065486046,9.606466563964071,7.7584885440008415,-12.225742866494265,12.616757020207672,-0.06284006003837037,12.616757020207672,5.901217530453629e-05,12.566139819858313,4.796278994010229,-1.4266873279666274,1.7424700498582575,-0.013110810883443095,1.7424700498582575,0.11140487931084399,2.34302871409184,1.1769982222948188,0.1132000447909363,1.6432420845838909,0.8258586953000281,0.0,0.9552873927045463,0.443020923790491,0.0006783974590495179,1.414162720986036,0.9087693033064176,5.8301578634446e-07,-0.6757514429873162,0,0,0,0.013455664451922787,0.5513583074885596,771,0.4455,0.06842,0.5438687229746607,0.0038166689957902585,0.6585532005087263,0.019883551670340675,0.16182888734621095,1.825294923590818,0.01685833181732081,0.013455841295792012,1.2528634551146827,0.0073290715301943055,0.08229325536032642,575,196,14,14,0,0.4455,771,0.5513583074885596,-0.020938,-0.020937853084054714,418.0,377.0,0.0808498,0.0055307,-0.0008691,0.0020595,-0.0050589,-0.1864603,0.5887278,-0.3543904,0.7021678,0.8343346,-0.157141,0.3723662,-0.9146858,733.0,373.0,-0.0614836,0.0534838,-0.0293553,-0.0062232,-0.0442725,0.567023,-0.1345821,-0.2232452,0.7813668,0.769399,-0.5488641,-0.1163561,-0.8277738,1194.0,374.0,0.0482512,0.0482543,0.031434,-0.0333257,-0.0151585,-0.1482697,-0.5953268,-0.4837603,-0.6241618,0.6353542,0.6514231,-0.6906267,-0.3141381,0.0036991368680641184,1.0,0.0003880336952069599,289.7831883636666,0.0,256,4.222259749369285e-12,5.919810022115145e-13,8.517571781352992e-13,8.542645011677489e-08,2.7316610258044504e-05,-4.935054677433375e-14,24.46246707813076,8.087437469403637,10.059304285583673,3.095512813309057,1.1653625545618858,1.5067850511601042,-0.16423563706031716,0.0,0.013651689833493923,0.3408807917457551,0.026305476643459294,1.215997318093196,0.01840393107959938,0.0005425045386111516,-0.0033686745702920014,0.7030387203121328,0.49831566271485417,621.4865605643469,289.78317825877843,0.609170285142333,0.6091702876786749,0.609170287691728,0.7614628595983436,1.3230654689394017e-06,624,0.4283,0.4283,0.00173,-0.021174,969,0.2912,0.2893,-0.01921,-0.003801,3,0.191,0.9995,-0.00011,13.856,0.1305,0.6657,4e-05,13.916,0.1255,0.641,-5e-05,13.865,8.0131,1.7292,1.7367,1.7302,0.35157,0.67625,1.85145,0.16944,0.986,0.9867,1.0008,0.4986,3.3381,1.2054,0.1113,10.0542,16.0314,4.8026,81,0.091,0.9715,28,0.1557,-0.9661,-1.0,0.0708338,0.0755485,-0.0322081,-0.0455951,0.0523225,-0.0222398,0.0728777,187.0,190.0,0.0780714,0.0362496,0.3658276,-0.0218856,-0.0065222,-0.0065273,0.0237513,181.0,192.0,0.0441104,0.1372415,-0.5135376,-0.0395684,0.0755105,-0.0019384,0.0852716,171.0,203.0
65,2456,209120,0.0,0.00040086475172195044,3.346479335096974e-05,0.00040086475172195044,0.33582536255270407,9.594490244606542,7.762598618381856,-12.726234865534014,12.665435129312131,-0.043048742785146366,12.726234865534014,0.002087640670643154,12.56609660081412,4.803699441886824,-1.451576111788382,1.7659512484345303,-0.012840789354832764,1.7659512484345303,0.1126087735092902,2.337339043118921,1.1769267818655018,0.11378421188099426,1.6495666354087166,0.8186605085183284,0.0,0.9694107745900652,0.4504814656260392,0.0007098748774553298,1.4141716281099221,0.9059000100396923,4.809805567990768e-07,-0.6800585275483959,0,0,0,0.014277622723304396,0.5518243887321472,776,0.45,0.07235,0.5462326318865077,0.0047931473438822805,0.6659440931346232,0.035760641977767044,0.12962260872537518,1.8276459721441929,0.018010006311807877,0.01427771865836569,1.2614064433364738,0.007869078962723399,0.08479340780380892,582,194,13,13,0,0.45,776,0.5518243887321472,0.012538,0.012538186909014648,139.0,378.0,0.113567,0.0561185,0.0423872,-0.0337052,0.0147166,-0.0518622,0.2775683,0.291679,0.9138871,0.8229626,0.7553155,-0.6006067,0.2622405,733.0,374.0,-0.066647,0.0999156,-0.0084629,0.0011553,0.0995498,0.7380917,-0.4643139,0.1842937,0.4535076,0.7667898,-0.0847005,0.0115626,0.9963394,1194.0,374.0,0.048697,0.0236051,-0.0032638,0.0005269,0.0233724,0.1972565,0.7446087,0.3108263,0.5568077,0.6349582,-0.1382685,0.0223206,0.9901432,0.0028629856850715747,1.0,0.00040648515961214376,289.7831915072226,0.0,256,7.1749171665688246e-12,8.425357127360805e-13,1.4660347321699259e-12,8.614646079722412e-08,2.8611810293598398e-05,5.5574009139132263e-14,25.087658900275272,7.574124048236171,9.619621077748366,3.0922803762207733,0.9756729070165694,1.324219122395863,0.04268878137817057,0.0,0.023420077666206428,1.0578459031806275,0.01638682615065451,2.7546194275012277,0.022364800539582817,-0.0015535040660613812,-0.0015567362538657667,0.6997633052488755,0.4992216318730673,621.4865364384846,289.7831670095102,0.6091702855141882,0.6091702876785678,0.609170287691728,0.7614628595982098,1.3833265605410226e-06,630,0.419,0.419,0.00116,-0.014741,969,0.2922,0.2904,-0.01808,-0.003095,3,0.1889,0.9989,9e-06,13.855,0.1324,0.6823,-4.6e-05,13.912,0.1234,0.6473,0.000144,13.861,8.0114,1.7294,1.7366,1.7302,0.35107,0.67569,1.85366,0.1688,0.9862,0.9868,1.0006,0.498,3.3494,1.2095,0.1116,9.5032,16.6435,4.9691,81,0.0993,-0.0341,28,0.0982,-0.9421,-2.0,0.056113,0.0677696,-0.0940943,0.0115543,0.0178051,0.0125221,0.024644,201.0,177.0,0.1068788,0.1016355,0.0251459,-0.0012262,-0.0291349,-0.0042899,0.0294745,180.0,194.0,0.0514996,0.0618008,-0.0909198,0.0511853,0.0027845,0.0013131,0.0512778,171.0,203.0
66,2463,209128,0.0,0.00041981202023162436,3.4975518214521075e-05,0.00041981202023162436,0.33981563018308625,9.592235582942815,7.763661543816992,-12.556644498766776,12.528754592890845,-0.05733664651124555,12.556644498766776,1.1357917998111589e-05,12.563627196468243,4.771222579718298,-1.4739384117814267,1.7885645948913038,-0.013337926996800092,1.7885645948913038,0.11386605134276122,2.3315306534622406,1.177912434865839,0.11435987555899242,1.654788341105108,0.8241710281841369,0.0,0.9835512206507245,0.4587486140113319,0.00012393817840039567,1.4141699396026084,0.8963068207625601,2.911563570571818e-07,-0.684242083297873,0,0,0,0.014747730242195002,0.5529688782985844,778,0.4522,0.07323,0.5484480900534214,0.00485366675818457,0.6728442967136332,0.037938688557211185,0.1409282960339818,1.842111654377129,0.018773884619678754,0.014747762684548705,1.2729988284492966,0.00823799334410557,0.08169048340286462,585,193,15,15,0,0.4516,777,0.5523835809679623,-0.020277,-0.020276964309966505,139.0,378.0,0.1139312,0.0284967,0.0042626,0.0158969,0.0232633,-0.1700933,-0.0590157,0.4446903,-0.8774029,0.8188343,0.1495826,0.5578506,0.8163503,733.0,374.0,-0.0650127,0.0473708,-0.0331751,-0.0336954,-0.002834,-0.9380647,-0.0993116,0.1170966,0.3105806,0.758065,-0.7003269,-0.7113109,-0.059825,1194.0,374.0,0.0497241,0.0992476,0.0414242,0.0896578,0.0097769,0.6491084,-0.6091899,0.4529875,0.0484594,0.6358031,0.4173826,0.9033756,0.0985104,0.004071661237785016,1.0,0.00042567261760876793,289.78317886533597,0.0,256,7.534112581593197e-12,1.2142511643483737e-12,1.6635453661089921e-12,9.479813688988531e-08,3.004547868010313e-05,1.9363870904332686e-13,23.470188154528206,7.621338835583117,9.49550026454919,3.1137049395082013,0.9565136950805834,1.277798086403424,0.030709277961092716,0.0,0.013791812556854927,0.974977869469473,0.021520371566578662,2.6628238542032436,0.03740766294604185,0.001025598805116514,0.0002657472609570787,0.6978019175405761,0.5001328736304786,621.4865901596775,289.78319205831895,0.6091702861768445,0.6091702876785332,0.609170287691728,0.7614628595981665,1.4487107318050975e-06,633,0.4213,0.4213,0.00267,-0.015458,971,0.29,0.2889,-0.01625,-0.001523,3,0.191,0.9985,5.8e-05,13.858,0.1322,0.6934,-0.000302,13.91,0.1232,0.6525,0.000267,13.857,8.0108,1.73,1.7364,1.7298,0.3503,0.67368,1.8534,0.17261,0.9864,0.9867,1.0003,0.4974,3.353,1.2108,0.1118,9.4603,16.7754,5.0031,81,0.2119,-0.5377,28,0.1249,-0.3435,0.0,0.0566286,0.0449351,0.1151354,-0.0349276,0.0093242,0.025754,0.0443863,201.0,177.0,0.0743961,0.0420681,0.2775791,-5.95e-05,-0.0185153,-0.0289154,0.0343354,180.0,194.0,0.1783188,0.0747851,0.4090562,-0.01461,0.0845678,0.0531901,0.1009671,171.0,203.0
67,2469,209135,0.0,0.00043462294637922234,3.6816718827667496e-05,0.00043462294637922234,0.3461221572696138,9.588444119409104,7.765064913245689,-13.131818324005488,12.611981605888806,-0.06053097202153245,13.131818324005488,0.0001266599994279253,12.564578562261474,4.807013480334236,-1.5020858589193178,1.8188042850970514,-0.01353283033213816,1.8188042850970514,0.1151267033790494,2.3256180658144863,1.1794641626874869,0.11490566987639025,1.661048294540902,0.8305561320813972,0.0,0.9976898742443419,0.46741989010246265,0.0008667469170767772,1.4141709866528784,0.9038253018983914,1.6596688966543466e-05,-0.6883314901400175,0,0,0,0.015472973959421281,0.55355656084611,779,0.4498,0.07271,0.5528151327391829,0.004235160173768185,0.6799232308326985,0.03888106962595986,0.13525801325535125,1.83394983267667,0.019842214972854624,0.015473089479714352,1.2823693030967291,0.008750595207721078,0.08142747168295571,588,191,22,22,0,0.4504,777,0.5523820188606929,0.003614,0.0036135088588094,139.0,378.0,0.1110221,0.0534494,-0.0372326,0.0046801,0.0380614,-0.4817152,-0.6245912,-0.6144679,0.0162961,0.8150768,-0.6965947,0.0875609,0.7121017,486.0,376.0,-0.1208722,0.082812,-0.041113,0.0525564,-0.0490446,0.8727174,-0.2436631,-0.0368413,-0.4214681,0.7468984,-0.4964616,0.6346476,-0.5922401,1190.0,372.0,0.0424698,0.0410494,0.0109549,-0.0393086,-0.0044589,0.319271,0.3964023,0.714078,0.4806494,0.63218,0.2668712,-0.9575911,-0.1086234,0.005278116118554608,1.0,0.00044795723422035803,289.78320746845975,0.0,256,1.7381401589513518e-11,1.1110127091770471e-12,1.7636919080630466e-12,1.182630432920904e-07,3.173948908159852e-05,-7.484987702436598e-14,22.720563822108964,7.051804690409234,8.904227012116808,3.007858843216604,0.8453782938307405,1.1375515658506516,0.00965595906731165,0.0,0.008206171536511467,1.2327361796083265,0.030505073525886325,1.8184936840762924,0.01738091961451596,0.0010635058264955694,-0.000744839178902408,0.7008813503802309,0.49962758041054894,621.4866110119831,289.7832017812121,0.6091702847493536,0.6091702876792933,0.609170287691728,0.7614628595991165,1.4998210514195543e-06,636,0.4186,0.4186,0.00175,-0.007774,973,0.2869,0.2858,-0.01526,-0.0002,3,0.1888,0.998,6.9e-05,13.859,0.1303,0.7034,-0.000115,13.908,0.1212,0.6566,0.000135,13.854,8.0101,1.7302,1.7363,1.7296,0.34961,0.67257,1.85318,0.17205,0.9866,0.9866,0.9999,0.4978,3.4486,1.1806,0.1118,9.4271,16.8806,4.8949,81,0.1963,-0.6858,28,0.1507,0.6019,1.0,0.0968752,0.0725474,0.1435929,-0.0661553,-0.0214826,-0.0133034,0.0708167,201.0,177.0,0.0605874,0.1100013,-0.2896667,0.0086925,-0.0105471,0.0444413,0.0464955,167.0,209.0,0.079197,0.0453972,0.271279,-0.002445,-0.0270297,-0.0439461,0.0516512,169.0,203.0
68,2476,209143,0.0,0.0004500209178596358,3.855090114457927e-05,0.0004500209178596358,0.3399380887418763,9.591129414043445,7.766747385950222,-12.42100848441635,12.608137254804394,-0.050708876860135005,12.608137254804394,0.00018261415823890223,12.5653397916459,4.834071640449025,-1.5230199516759333,1.8371597813337155,-0.0127148892777223,1.8371597813337155,0.11564759006802752,2.319635317812253,1.1804232965369859,0.11542898754720751,1.652715963332121,0.8214089596154293,0.0,1.0118319152584483,0.4761493701409131,0.0020965309961703538,1.4141755814508448,0.906287625561119,0.00010439994041233514,-0.6923389642350692,0,0,0,0.016259560866549415,0.5536925027295,784,0.4403,0.07427,0.557928514087675,0.00245343301445274,0.6865510057858879,0.06539911137196576,0.1334574710246164,1.8355765940568551,0.021014260250904637,0.016259592015807865,1.2924223578595453,0.009327411234788408,0.08626626967600139,588,196,25,25,0,0.4415,782,0.5525078075168289,0.005452,0.005451907270489276,139.0,378.0,0.1167283,0.0447599,0.037938,0.0229569,-0.0060939,-0.6159159,-0.2170181,0.5142696,-0.5559474,0.813479,0.8475898,0.5128898,-0.1361457,486.0,376.0,-0.1263635,0.0806358,-0.0536693,0.0479192,0.0364072,-0.6339574,0.1896451,-0.737363,-0.135752,0.7459015,-0.6655769,0.5942675,0.4515015,1194.0,374.0,0.0516849,0.0926158,0.0159242,-0.0596382,0.0690464,-0.7711362,-0.3344147,-0.5089878,0.1855995,0.6358299,0.1719387,-0.6439306,0.7455136,0.0044552450384771165,1.0,0.00046178449673447546,289.7832104816584,0.0,256,1.0846128732060365e-11,6.81839954978582e-13,1.1425607644895063e-12,1.1338435570885687e-07,3.335691419229242e-05,-1.0390923986912738e-13,22.56949251397749,5.762228759843557,7.04718521651756,3.1363179483609605,1.1644900529747328,1.487249418689212,-0.0619842001563883,0.0,0.008469825118531065,1.4659834255152537,0.014888272034659096,2.702987657769039,0.02638289684918227,-0.002502681287704509,0.00273166873160589,0.6913178501726267,0.5013658343658031,621.4865977698803,289.78319560676056,0.6091702845654181,0.6091702876795378,0.609170287691728,0.7614628595994223,1.5529572614359595e-06,638,0.4192,0.4192,0.00054,0.00415,973,0.2884,0.2873,-0.01505,-1.3e-05,3,0.1849,0.9958,2.3e-05,13.86,0.1283,0.7052,-0.000101,13.907,0.1219,0.6369,9.4e-05,13.853,8.0097,1.7304,1.7362,1.7295,0.34933,0.67288,1.85187,0.1708,0.9868,0.9866,0.9998,0.4972,3.4494,1.1809,0.1119,9.2429,17.1021,4.958,81,0.0911,-0.9601,28,0.1748,0.8054,-0.0,0.1098767,0.050565,0.3696778,0.0437063,0.0668774,-0.0117918,0.0807581,202.0,176.0,0.0930244,0.0951934,-0.0115238,0.0438094,0.0048442,0.0246136,0.0504832,167.0,209.0,0.1000984,0.0945767,0.0283639,0.020155,0.0147038,0.0190523,0.0313914,171.0,203.0
69,2482,209151,0.0,0.00046955377607831803,4.00387814175507e-05,0.00046955377607831803,0.3420436777111651,9.602273609142658,7.766038611614095,-12.464054869448832,12.600396775914682,-0.062108096786114265,12.600396775914682,0.0016582775050822014,12.565696384480969,4.875055110906497,-1.5428826087298804,1.8590155171290947,-0.01254979700007665,1.8590155171290947,0.11611696369853367,2.313546881052257,1.1818851857509491,0.11590228845042064,1.6673092601999928,0.822800215658431,0.0,1.0259731592926937,0.48449365298260133,0.0006637083372831309,1.4141783868816598,0.903877051766201,8.31860151204426e-06,-0.6962225203777493,0,0,0,0.017107920930190267,0.5544058064008959,786,0.4465,0.07641,0.5605730817542721,0.0005809823610644333,0.693348181486039,0.054165652782070334,0.1347788074747993,1.8454882441623928,0.022279535465857602,0.01710798772387361,1.302288488012373,0.009956405828060837,0.08723717749810181,591,195,28,28,0,0.4476,784,0.5532092485460084,-0.00891,-0.008910326148106273,139.0,378.0,0.116573,0.0460494,-0.0337464,-0.0035252,0.0311336,-0.4952352,0.050338,-0.8229936,0.2736599,0.8109186,-0.7328298,-0.0765533,0.6760918,486.0,376.0,-0.1344619,0.0634321,0.0249466,0.0304519,-0.0497391,-0.0748713,-0.7705592,0.2475964,0.5825194,0.7427347,0.3932809,0.4800707,-0.7841315,1190.0,372.0,0.0444165,0.0590382,0.0395057,0.0005319,-0.0438694,-0.1287658,0.1810804,0.8643253,0.4511886,0.6322244,0.6691552,0.0090089,-0.743068,0.005654281098546042,1.0,0.0004783475798919868,289.7832096255431,0.0,256,5.41832017072488e-12,6.696154133264874e-13,9.759538875077158e-13,1.035557377167126e-07,3.474994590753192e-05,2.7929135222342628e-14,24.14986868695804,5.916548253780907,7.24692961966282,3.127456461569074,1.2331094109139784,1.5766537796628348,0.06507635135584941,0.0,0.016744715648430775,1.6658069904559238,0.008076501921198253,1.542896060407122,0.02075647920078816,-0.0025929199040993257,0.00024388836924134246,0.69781719256142,0.5001219441846209,621.486587809113,289.78319096231127,0.6091702850816744,0.6091702876787737,0.609170287691728,0.761462859598467,1.6203623630446786e-06,638,0.4149,0.4149,-0.00187,0.004842,977,0.2832,0.2821,-0.01475,-0.001193,3,0.1855,0.9973,-7.4e-05,13.86,0.1278,0.6961,-2.6e-05,13.905,0.1187,0.6416,4.3e-05,13.852,8.0092,1.7305,1.7361,1.7295,0.34898,0.67155,1.85079,0.16969,0.9868,0.9865,0.9998,0.4968,3.4426,1.1786,0.1117,9.4638,16.9442,4.9219,81,0.1356,-0.0853,28,0.0459,0.519,2.0,0.0475738,0.1445757,-0.5048254,0.0282685,-0.0173762,-0.07966,0.0862946,202.0,176.0,0.0832617,0.1018914,-0.1006179,-0.0270972,-0.0659734,-0.0129277,0.0724836,167.0,209.0,0.0672318,0.0504762,0.1423489,0.0107555,0.0009608,-0.0051424,0.0119602,169.0,203.0
70,2487,209158,0.0,0.0004975823932140162,4.199190558779443e-05,0.0004975823932140162,0.3378687019318049,9.612467147891719,7.76603850084418,-12.918267251774493,12.222994208559152,-0.06299412045137524,12.918267251774493,0.0005792297167344014,12.56438519818463,4.871048172055198,-1.56996991181297,1.872759315206608,-0.012711985039272455,1.872759315206608,0.11632824330990314,2.3073530342851494,1.1819758684429735,0.11612137570542679,1.6779356982069047,0.8328109723401635,0.0,1.0401142897517706,0.4931228419537299,9.026540529144533e-05,1.4141827069402642,0.9084601607745451,1.5964196911862986e-06,-0.7000120473914907,0,0,0,0.017497900721095683,0.5549101817017577,790,0.4368,0.07716,0.5640934120277415,-0.001042134612684649,0.6984513903056371,0.044363697082112116,0.1350598645998718,1.853819675699886,0.022998887293424117,0.017497994242812415,1.314372777489699,0.010331918291615614,0.08828761190784183,590,200,34,34,0,0.4377,788,0.5536987158066081,-0.034868,-0.03486847284992067,139.0,378.0,0.120352,0.077065,0.0203418,-0.0675162,-0.0310932,0.2525001,-0.5663434,0.0383693,0.7835985,0.8047437,0.2639563,-0.8760943,-0.4034672,486.0,376.0,-0.1391321,0.1047955,-0.0269449,0.072293,-0.070921,-0.328188,-0.5835098,0.0838119,0.7380952,0.7441556,-0.2571188,0.6898486,-0.6767561,1190.0,372.0,0.0465334,0.0251079,-0.0010721,-0.004098,0.024748,0.7166619,0.0373512,0.0026575,-0.6964148,0.6344426,-0.0426996,-0.1632142,0.9856662,0.0064464141821112,1.0,0.0004998393705664218,289.7832030722625,0.0,256,1.0374696277611827e-11,1.785827240958293e-12,2.4679699505506696e-12,1.5487897102549397e-07,3.6545407044768995e-05,-5.343494675385877e-13,23.049761942544503,6.081158524157266,7.422992098673761,3.1365618015348202,1.3983242916524272,1.7052416329221713,0.07351408376333382,0.0,0.013394209607283552,1.316125548314145,0.02654869395888336,2.4567844051746537,0.007905352828519898,0.006793609395697403,0.0012079699933466072,0.6939340311447252,0.5006039849966735,621.4866322522178,289.7832116849865,0.6091702847200505,0.6091702876774597,0.609170287691728,0.7614628595968246,1.7170849557527893e-06,638,0.4102,0.4102,-0.00137,-0.005081,978,0.2922,0.2913,-0.01274,-0.000652,3,0.1793,0.9975,6.9e-05,13.862,0.1288,0.6813,-0.000187,13.907,0.1209,0.6284,-4.6e-05,13.851,8.0098,1.7306,1.7362,1.7293,0.34848,0.67155,1.84993,0.1707,0.9868,0.9866,0.9999,0.4966,3.4373,1.1767,0.1115,9.4891,16.9387,4.9279,81,0.2093,0.5627,28,0.12,0.0782,2.0,0.1112997,0.0376755,0.4942042,0.0033626,-0.0391307,-0.0290178,0.0488319,202.0,176.0,0.1792454,0.0500922,0.5631572,-0.017234,0.025154,-0.0402673,0.0505093,167.0,209.0,0.0294926,0.0596878,-0.3385855,0.0285274,0.0169945,-0.0190442,0.0382793,169.0,203.0
71,2493,209166,0.0,0.0005238054538533261,4.380275203263147e-05,0.0005238054538533261,0.34109926683166225,9.60429489127874,7.7687642086333755,-12.725861847468114,12.47141007413095,-0.059221478303976345,12.725861847468114,0.002636775895912496,12.565216000810105,4.890212130583079,-1.5805340565770707,1.8895614997833503,-0.012894278148098577,1.8895614997833503,0.11683808534874907,2.3010590488288565,1.1823258222955586,0.11662139269134783,1.680708488145849,0.8297538137950808,0.0,1.0542559369857845,0.5015292142790032,2.226862419030251e-05,1.4141812704793153,0.9111230366338254,2.3958399311548784e-06,-0.7037247616789417,0,0,0,0.018061142860115616,0.5557293433730076,792,0.442,0.07717,0.5657254622428596,0.00011415581639531543,0.7026530681783256,0.04418268117827831,0.1304052956172673,1.8437563677146251,0.023829391002467608,0.01806124491253402,1.3193659195624243,0.010760848202106986,0.09624317651033887,592,200,41,41,0,0.4426,790,0.5545029876223604,-0.015743,-0.01574319846455574,139.0,378.0,0.1249336,0.0496273,0.0342672,-0.0135068,-0.0332595,-0.9296034,-0.1379272,0.3365775,0.0594065,0.8006662,0.6904903,-0.2721656,-0.6701858,486.0,376.0,-0.1425643,0.0050669,0.0001996,-0.002452,0.0044296,-0.3396083,0.0490179,-0.3002612,0.8900037,0.7446816,0.0393959,-0.4839264,0.8742215,1190.0,372.0,0.0474987,0.0643564,-0.0482841,-0.0313997,-0.0287134,-0.0861202,-0.2396874,-0.0840115,0.9633667,0.6351997,-0.7502603,-0.4879026,-0.446162,0.006835544833132288,1.0,0.0005288265761814675,289.7832246825181,0.0,256,1.301583640901439e-11,2.291811759239937e-12,3.1051394161040997e-12,1.1855497274442945e-07,3.8278363736693924e-05,3.2738852197706667e-13,16.171147505458435,6.169852845566716,7.417235970744431,3.093871412945841,1.1833061284910853,1.503502244195339,-0.18122805177849474,0.0,0.01897443600661122,2.393350370771276,0.01784044428804485,2.292969083735315,0.03755831533026359,-0.003147558203350902,-0.0006328249472823351,0.703488720743175,0.49968358752635905,621.4866590506921,289.78322418042495,0.6091702819979631,0.6091702876780724,0.609170287691728,0.7614628595975904,1.8075768717625771e-06,642,0.3968,0.3968,-0.00117,-0.012168,978,0.2952,0.2936,-0.01327,-0.001704,3,0.1754,0.9973,-0.000188,13.864,0.1318,0.6758,-0.000271,13.906,0.1183,0.6198,-7.2e-05,13.851,8.0098,1.7308,1.7361,1.7292,0.34843,0.67296,1.84775,0.17281,0.9869,0.9867,0.9998,0.4966,3.4459,1.1797,0.1118,9.2202,17.2711,5.0121,81,0.2162,0.9264,28,0.0298,0.1416,1.0,0.1113371,0.0773552,0.1800913,0.0125313,0.0281465,-0.0819896,0.0875874,202.0,176.0,0.0357219,0.0327954,0.0427117,0.0128359,-0.0067098,-0.0305885,0.0338443,167.0,209.0,0.088395,0.0584803,0.2036746,-0.0170823,-0.033197,0.017395,0.0411877,169.0,203.0
72,2500,209174,0.0,0.00054694010741717,4.5481217511884643e-05,0.00054694010741717,0.34570469582488894,9.59741620230333,7.771240367187934,-12.58827139339565,12.51991981562526,-0.055561339556702505,12.58827139339565,0.002282043047435704,12.562930220018073,4.891214015227935,-1.5803869874589633,1.9036582586214135,-0.012253767883077584,1.9036582586214135,0.11712077456175235,2.2946931151999417,1.1818435686621798,0.11691572082355177,1.6832829680126926,0.8299049198369736,0.0,1.0683976490299514,0.5093210516497191,2.8355735864793452e-05,1.4141778038757686,0.9045133752022084,2.5590579881104784e-05,-0.7073292652556399,0,0,0,0.01870357513706845,0.5561789586042052,794,0.4447,0.07739,0.5678919045845644,-7.462571631115309e-05,0.7060553686851786,0.10411115356278436,0.13280599001986187,1.832548903952836,0.024637853296035545,0.018703587984708222,1.3172795142931448,0.011182716229723498,0.10132057975679806,596,198,29,29,0,0.4451,792,0.5549417139275128,-0.039855,-0.03985477324632969,139.0,378.0,0.1295338,0.1267209,0.0276267,-0.0874005,-0.0874993,0.844841,-0.2295768,-0.4594836,0.1497096,0.7953311,0.2180121,-0.6897081,-0.6904878,486.0,376.0,-0.1472851,0.0296271,0.0166167,-0.008558,0.0229872,0.3303019,0.1879916,-0.7659386,0.5185536,0.7439612,0.5608608,-0.2888567,0.7758846,1190.0,372.0,0.0474894,0.0431355,0.0136391,-0.0139984,-0.0384537,-0.8750472,-0.2417112,0.3220727,0.268584,0.6354603,0.3161924,-0.3245225,-0.8914637,0.00681909346169274,1.0,0.00055501193869781,289.78323531463803,0.0,256,9.141504852346372e-12,2.4771153496007476e-12,3.5088727693452287e-12,1.3974506420180748e-07,3.997427073731378e-05,-3.8564796572233904e-13,23.891766418582577,6.847264796680914,8.348653117230919,3.0606505660730723,1.0238216182996567,1.3385715994729386,0.07516815003730418,0.0,0.02234084485204165,2.3995229430267706,0.024560982063333108,1.49148825070541,0.04250912528704118,0.0035761251540615572,9.082321730738871e-05,0.6996871853941374,0.5000454116086538,621.4866847429431,289.78323616005997,0.6091702844775307,0.6091702876744376,0.609170287691728,0.7614628595930469,1.8874111375962102e-06,646,0.387,0.387,-0.00157,-0.003524,979,0.2977,0.2963,-0.01338,-0.001546,3,0.1721,0.9976,-0.000271,13.862,0.1337,0.6665,-0.000133,13.904,0.1164,0.6136,-0.000127,13.851,8.0092,1.7308,1.736,1.7293,0.3489,0.67451,1.84564,0.17073,0.9872,0.9866,0.9994,0.496,3.5479,1.1515,0.112,8.9232,17.6359,4.9708,81,0.2113,0.9617,28,0.0897,-0.1368,3.0,0.1446151,0.1697102,-0.0798379,0.0524096,-0.0508719,0.0534785,0.0905244,203.0,175.0,0.049573,0.0329939,0.2007955,-0.0168651,0.0087087,0.0192834,0.0270578,167.0,209.0,0.0726308,0.015825,0.6421952,0.0136554,-0.0009086,-0.0309794,0.0338677,169.0,203.0
73,2506,209181,0.0,0.000572072854964609,4.753157849132753e-05,0.000572072854964609,0.3515775100907073,9.598819318224908,7.771072837069316,-12.19193858865279,12.444350801613773,-0.05159055846441525,12.444350801613773,0.005958232274931047,12.56517142745785,4.910864553192207,-1.5833156829416726,1.9387408249239868,-0.011875642208210944,1.9387408249239868,0.11759082454674716,2.2882456412666605,1.1817315600602802,0.11737926725052432,1.6871574592430953,0.8236469893602157,0.0,1.0825394012544955,0.5177466668598486,0.00023518805334155068,1.4141760328273272,0.899712088879545,7.3416669627409494e-06,-0.7108433124291137,0,0,0,0.02001381429676036,0.5565731170402292,795,0.4418,0.07988,0.5727913441538933,0.0006910359763003257,0.7113678617050904,0.04705790568539387,0.12066237305449246,1.8271557484767695,0.02614258210684923,0.020013814325467904,1.306226873184407,0.011949710312561335,0.08625472414121975,598,197,19,19,0,0.4411,793,0.5553243249058545,-0.018104,-0.01810409323697937,139.0,378.0,0.1376764,0.0318535,-0.0235826,0.0053578,0.0207316,-0.3496936,0.879943,-0.1118602,-0.3014995,0.7967507,-0.7403461,0.1682024,0.6508422,486.0,376.0,-0.1459227,0.0886165,-0.042506,0.0775725,0.0053505,-0.8535216,-0.3790684,0.3067911,0.1835408,0.7434379,-0.4796622,0.8753734,0.0603785,1190.0,372.0,0.0497459,0.0238902,-0.0013845,0.0238375,0.0007736,0.2475037,-0.5024219,0.7212318,0.4076014,0.6365231,-0.0579509,0.9977941,0.0323821,0.008,1.0,0.0005775577693944121,289.78324901635153,0.0,256,2.4253510241260516e-11,1.6912557985075402e-12,2.75143487806848e-12,1.5139099534208536e-07,4.195005172426382e-05,-1.3036193677575336e-13,23.906332207482656,6.401221846239958,8.011683425395354,3.0859583932857446,0.9391544243246333,1.2627106511259372,-0.06518581402233568,0.0,0.03035343522720926,1.580795878178197,0.02156624554599397,1.3232386553627888,0.039984261152117596,-0.0007045235282034984,-0.0005463536611624085,0.7021666044614506,0.4997268231694189,621.4866843515937,289.7832359775838,0.6091702836059292,0.6091702876751641,0.609170287691728,0.7614628595939551,1.974140612498584e-06,648,0.3836,0.3836,-0.00014,0.00268,982,0.2978,0.2965,-0.01187,0.000286,3,0.1695,0.997,0.000271,13.865,0.133,0.668,-0.000143,13.902,0.1155,0.6086,0.000356,13.846,8.0086,1.7313,1.7359,1.7289,0.34982,0.67584,1.84299,0.17039,0.9872,0.9866,0.9994,0.4956,3.5489,1.1518,0.1121,9.019,17.62,4.9649,81,0.1736,0.6184,28,0.1531,-0.2594,1.0,0.0749907,0.1219995,-0.2386349,0.0660831,-0.0456837,0.0412862,0.0903246,203.0,175.0,0.1242523,0.0867189,0.1779078,0.0107855,0.0137647,-0.0490884,0.0521102,167.0,209.0,0.0828221,0.0625925,0.1391171,0.0507956,0.0456944,-0.0175905,0.0705521,169.0,203.0
74,2513,209189,0.0,0.0006006147031191576,4.9523821849589915e-05,0.0006006147031191576,0.362418179030405,9.588402468739574,7.772964641005329,-12.24344003267023,12.447433943887487,-0.05708073325588977,12.447433943887487,0.0023582947994335566,12.562673318744661,4.933321547755544,-1.5684168283353679,1.9521376783904267,-0.01120871780807605,1.9521376783904267,0.11767087444912698,2.281723865214882,1.1808997696839347,0.11747231140005426,1.6904216338361902,0.8262566670724184,0.0,1.0966804451483263,0.5257897269437779,0.001067196403165771,1.414183740162154,0.9038996036617809,9.55091347081187e-06,-0.7142534270101524,0,0,0,0.020911680150065476,0.5570524515499087,795,0.4434,0.08106,0.575004149469216,0.0016929551345521755,0.7149224246112452,0.04747827990306966,0.1210825514911161,1.814302428816538,0.027170241408918754,0.020911715008609555,1.2992832676675492,0.012484868280754109,0.0795990495759716,595,200,16,16,0,0.4416,792,0.5552257994300603,-0.065214,-0.06521376413847935,139.0,378.0,0.1449687,0.0550081,-0.0224296,-0.0232083,-0.0445441,-0.637945,0.3930553,-0.6377715,0.1782729,0.8003863,-0.4077507,-0.4219074,-0.8097737,486.0,377.0,-0.1507749,0.0147961,-0.0137581,-0.0049714,-0.0022195,-0.2703804,0.0207986,0.4846158,-0.8316305,0.7414785,-0.9298424,-0.335994,-0.1500037,1190.0,372.0,0.0499721,0.0147414,0.0055217,0.0098553,0.0094707,0.708503,-0.4702461,0.3778569,0.3662189,0.6364982,0.3745686,0.6685461,0.6424519,0.008778930566640064,1.0,0.0006026913653719132,289.783247905143,0.0,256,2.2795044042711642e-11,2.3913822487302902e-12,3.494189535534919e-12,1.772549399605896e-07,4.3916561705712804e-05,5.343844642848806e-13,23.941736901357448,6.273301910985785,7.845905971675269,3.130854214796003,0.9511115299053913,1.2630837063769376,0.022927574022644892,0.0,0.013979756390568377,0.1469959885217285,0.026949051006595493,2.286369984683441,0.0054753748476504506,0.0005144589492804704,-0.002642417570882302,0.6938373463231068,0.498678791214559,621.4867123065494,289.7832490122597,0.6091702846786492,0.6091702876736356,0.609170287691728,0.7614628595920444,2.072634305697041e-06,653,0.3772,0.3772,0.0007,-0.000477,984,0.2997,0.2986,-0.01144,0.000561,3,0.1672,0.9952,0.000346,13.869,0.1342,0.6609,-0.000128,13.901,0.1141,0.5843,0.000371,13.842,8.0083,1.7318,1.7359,1.7285,0.35046,0.6782,1.84199,0.17198,0.9872,0.9866,0.9994,0.4962,3.5588,1.1551,0.1124,8.79,17.9398,5.041,81,0.1655,-0.2046,28,0.2108,-0.2083,1.0,0.049721,0.0662766,-0.1427234,0.012074,-0.0068826,-0.0026598,0.0141501,203.0,175.0,0.0631095,0.0410427,0.211871,-0.0219023,0.0376585,-0.0208505,0.0482972,166.0,211.0,0.0579046,0.0485226,0.0881543,-0.0256359,0.0438011,0.0108475,0.051898,169.0,203.0
75,2520,209197,0.0,0.0006201934291842255,5.186929868776404e-05,0.0006201934291842255,0.36645711858238356,9.587429219514608,7.774170125474417,-12.587653934322875,12.41415638678415,-0.05803395824298369,12.587653934322875,0.0037932591053211474,12.56447380931684,4.97592287067286,-1.592721108578181,1.978794689411059,-0.010950319899219933,1.978794689411059,0.11818863439301203,2.2751102250019386,1.1819038215463076,0.1179755816555564,1.6967395387495772,0.8230201233348933,0.0,1.110822011774297,0.5341832217655316,0.0018902414991464056,1.414175106368198,0.9019278914203199,3.453136394027862e-06,-0.7175788417184352,0,0,0,0.022581855816519773,0.5573938568726573,797,0.4386,0.0816,0.5813484645218446,0.0024783236065546417,0.7229486140610817,0.0664530201000418,0.12040226596052844,1.813821240898161,0.02917806353490613,0.02258203359088006,1.292091937490073,0.013480723766228522,0.07888258367344453,593,204,19,19,0,0.4362,793,0.554994829628349,-0.040483,-0.040483435882767704,139.0,378.0,0.1489572,0.0818312,-0.0796361,0.0180382,0.0053902,-0.1205678,-0.806495,-0.1244284,-0.5652847,0.8039486,-0.9731756,0.2204324,0.0658702,486.0,377.0,-0.1438946,0.0664806,-0.0251794,0.0581924,-0.0199829,0.3296342,-0.362076,0.0878465,0.8674821,0.7361849,-0.3787484,0.8753287,-0.3005818,1190.0,372.0,0.053264,0.0181876,-0.0085282,-0.0153433,0.0047583,0.7328506,0.2581809,0.584852,-0.2328535,0.6381709,-0.4689036,-0.8436133,0.261622,0.007560684440907282,1.0,0.0006275326755727173,289.7832617276312,0.0,256,1.4171430214243035e-11,2.239002404349787e-12,3.1782219450941752e-12,1.9985274322815624e-07,4.6285408686174144e-05,-1.8727403288545211e-13,23.984395412130677,6.668729508840496,8.122309455180067,3.113198753066012,0.9946796822410281,1.3247859839970653,-0.1405653922893488,0.0,0.021207468925435964,0.7841113417269517,0.022104851300935938,0.7273476126613304,0.027113792336625867,-0.00152385720121081,0.00014892511645932767,0.6996764980815402,0.5000744625582297,621.4867387121958,289.78326132453265,0.6091702843608329,0.6091702876765969,0.609170287691728,0.761462859595746,2.1401975612720486e-06,656,0.3781,0.3781,0.00467,0.007967,986,0.2989,0.2975,-0.00958,-0.001,3,0.1658,0.9931,0.000376,13.874,0.1325,0.6729,-0.000133,13.9,0.1143,0.5817,0.000464,13.838,8.0082,1.7324,1.7358,1.7279,0.35132,0.67966,1.84097,0.17251,0.9873,0.9867,0.9993,0.4952,3.5625,1.1563,0.1125,8.7054,18.1042,5.0819,81,0.1928,-0.9126,28,0.1277,-0.6227,2.0,0.1131742,0.0921596,0.1023438,-0.029581,0.0342583,-0.0527728,0.0695243,203.0,175.0,0.1325776,0.0189283,0.750131,-0.0115475,0.0450971,-0.0094238,0.0474963,166.0,211.0,0.0186722,0.0209057,-0.0564312,-0.0051688,0.0012496,-0.0054944,0.0076463,169.0,203.0
76,2525,209202,0.0,0.0006481299506945845,5.4098738894078514e-05,0.0006481299506945845,0.36163428217697646,9.597868117503218,7.774811666292021,-12.603331491915931,12.504134870173733,-0.0654584947714916,12.603331491915931,0.0016421957288564049,12.563905171285695,4.997328008823235,-1.622087275300574,2.0022140352031363,-0.010922203988631585,2.0022140352031363,0.11869700342778561,2.2684397559933207,1.1839188091554205,0.11848831189795675,1.6873309404400396,0.8232215824370274,0.0,1.1249629538820598,0.5423765348475217,0.0012560546485285151,1.414180415390958,0.9029214526985291,5.662086760309352e-05,-0.720811508801332,0,0,0,0.024104578016836107,0.5579568526838385,801,0.4336,0.08036,0.5880892556563148,0.0023869476932622904,0.7318164468170741,0.01307135873209342,0.12404174245525525,1.8265922901388438,0.031154008321918763,0.02410481691469492,1.2924391183791348,0.014436450227829701,0.0730516659044109,596,205,20,20,0,0.4341,795,0.5544183638407388,-0.015628,-0.015628435049327205,139.0,378.0,0.1440645,0.0183335,-0.0057759,-0.0172752,0.0020791,0.8693067,-0.1227603,0.4177741,-0.2338815,0.8011317,-0.3150473,-0.9422762,0.1134053,486.0,377.0,-0.1375766,0.0860686,0.0232786,-0.0575919,-0.0595742,-0.3703069,0.4628573,-0.6351175,0.4952391,0.732964,0.2704655,-0.6691395,-0.692171,1190.0,372.0,0.055707,0.040434,-0.0015021,-0.0365217,-0.0172863,-0.8123044,0.1282536,-0.5344105,-0.1952381,0.6382466,-0.0371483,-0.9032428,-0.427519,0.009523809523809525,1.0,0.0006527326782063143,289.78327544349037,0.0,256,9.706069131959905e-12,1.6737831029256428e-12,2.4666325507451736e-12,1.6191722298795765e-07,4.854476587573126e-05,5.55216343197971e-13,23.55273208634626,6.087395560964595,7.353888182308499,3.123866587072241,1.191645167644648,1.4943835326396444,-0.14531457161673078,0.0,0.015925687184492304,2.43847187158629,0.03058469290561266,1.6606803498218725,0.012449047012434392,0.003332352261847992,-0.0014462038898116283,0.7033993776460333,0.49927689805509434,621.4867539397604,289.7832684247539,0.6091702821637727,0.6091702876715966,0.609170287691728,0.7614628595894958,2.2366023898404617e-06,656,0.375,0.3742,0.00363,-0.002651,987,0.3021,0.3008,-0.00911,-0.000369,3,0.1626,0.9906,0.000333,13.879,0.1325,0.6828,-0.000158,13.901,0.1146,0.5766,0.000399,13.835,8.0088,1.733,1.7357,1.7274,0.35152,0.681,1.84014,0.17235,0.9874,0.9867,0.9993,0.4954,3.5593,1.1552,0.1124,8.7109,18.1295,5.0936,81,0.221,-0.983,28,0.1241,-0.9267,4.0,0.09137,0.0842393,0.0406057,0.0091555,-0.0869976,-0.0086323,0.0879029,203.0,175.0,0.1545488,0.079166,0.3225418,-0.0473447,-0.0017565,-0.0573184,0.074364,166.0,211.0,0.0658291,0.0299067,0.3752242,-0.0026186,-0.032534,0.0106491,0.0343325,169.0,203.0
77,2532,209210,0.0,0.0006721908619790829,5.600521109757078e-05,0.0006721908619790829,0.3623950164126305,9.601300028591634,7.776024048797034,-12.47500361081206,12.179903192612896,-0.06335638971036317,12.47500361081206,0.00027342462459491526,12.566246827824362,5.019917021911503,-1.643790665937657,2.042891325624761,-0.011032361655378266,2.042891325624761,0.11925041844984993,2.26173895618963,1.1856994136110421,0.11904107381911605,1.6987016426369266,0.8226828688423732,0.0,1.1391037939197792,0.5497254321721222,0.0013929496544500264,1.4141779056549155,0.9040094728402411,2.0048490307174187e-06,-0.7239413044448485,0,0,0,0.025478345788292892,0.5581746596707475,804,0.4313,0.08084,0.5945466014180426,0.0014702331577713147,0.7406383190236636,0.021092080117951148,0.11992519468444256,1.8492791796655417,0.033123153633341604,0.025478607571409816,1.3000378274403788,0.015396842422521756,0.07999480795086286,593,211,22,22,0,0.4327,798,0.5546081323688938,0.011728,0.011728136907400932,139.0,378.0,0.1417021,0.0057524,0.0049735,-0.0014093,-0.0025235,0.3500552,-0.1060065,-0.5544276,0.747552,0.7969795,0.864602,-0.2449864,-0.4386855,486.0,377.0,-0.136959,0.0654208,0.0611928,-0.0200423,0.0115602,0.5390144,-0.564582,-0.3027751,0.5468436,0.7350971,0.9353713,-0.3063588,0.1767052,1190.0,372.0,0.0566331,0.1064572,-0.0085914,-0.0369898,-0.0994539,-0.1022096,0.470148,0.634533,0.6048817,0.6388295,-0.0807026,-0.3474616,-0.9342149,0.009108910891089108,1.0,0.000673390963986695,289.7832800317526,0.0,256,5.941230228997141e-12,6.46203269854291e-13,1.1405881472641886e-12,1.881796751354277e-07,5.044279974204994e-05,3.519836783678855e-14,20.505761595571236,6.015429998070212,7.176947686158655,3.135352062469053,1.0270328589221782,1.3414351693919953,-0.05845037077766844,0.0,0.02515051638962578,0.3447022159849582,0.03540171320526935,1.9261228886726005,0.05972291010182271,-0.0004366526798431858,0.002517876262653249,0.6934215267196885,0.5012589381313267,621.4867540958056,289.78326849751375,0.6091702859364033,0.6091702876683894,0.609170287691728,0.7614628595854868,2.319633101884383e-06,658,0.3681,0.3674,0.00293,-0.002141,989,0.301,0.2995,-0.00838,-0.001282,3,0.1588,0.989,0.000176,13.881,0.1313,0.6829,-0.000113,13.902,0.1121,0.5676,8.5e-05,13.833,8.0089,1.7332,1.7358,1.7272,0.35116,0.68194,1.83982,0.17117,0.9874,0.9868,0.9994,0.4957,3.5611,1.1558,0.1125,8.6349,18.2739,5.1315,81,0.1889,-0.6754,28,0.1674,-0.6039,2.0,0.0506067,0.0577879,-0.0662508,0.0141431,-0.0261268,-0.044536,0.0535359,203.0,175.0,0.0861788,0.0878027,-0.0093338,0.0037561,0.0448904,-0.0379415,0.0588966,166.0,211.0,0.1112691,0.1356644,-0.0987929,0.049124,-0.0337314,0.0147281,0.0613831,169.0,203.0
78,2542,209223,0.0,0.0006994870688606642,5.7874747779146914e-05,0.0006994870688606642,0.3635064901430679,9.589655498665987,7.779385403775235,-12.875061660113913,12.495026823957241,-0.05807999196838329,12.875061660113913,0.0007840842596941207,12.56613268566609,5.026262627927311,-1.6750002653246023,2.046160222869741,-0.010781799578763459,2.046160222869741,0.11973961225381548,2.2549440251599058,1.1866100003339837,0.1195317254777514,1.676249772997086,0.8190439906349113,0.0,1.1532451591262278,0.5569878033524758,0.0005039363513740236,1.414179211654858,0.908464463518914,8.185289808002765e-07,-0.7269935815752716,0,0,0,0.026885766253089752,0.5580051692845753,808,0.4263,0.08247,0.599733183462226,0.00016331392852656334,0.7488419161480874,0.05288839908762839,0.11093236779103852,1.8748986094562894,0.035039877733605514,0.026886289872618103,1.3032619189786872,0.016341239386516725,0.08130230790437809,596,212,31,31,0,0.4282,802,0.5544113771828048,0.020955,0.020955302147544153,387.0,372.0,0.0720582,0.0523422,0.0240895,-0.0266545,0.038065,0.4111497,0.5964877,0.4385047,0.5318571,0.8015487,0.4602307,-0.5092354,0.7272324,556.0,372.0,-0.0626995,0.0191822,-0.0125557,0.0077886,0.0122332,-0.0921985,-0.6990743,0.39437,0.5892936,0.743804,-0.6545474,0.4060322,0.6377347,1190.0,372.0,0.0584792,0.0432193,-0.0425385,0.0055778,0.0052219,0.591773,-0.2050047,-0.1208697,0.7701742,0.6385731,-0.9842488,0.1290583,0.1208235,0.008688783570300158,1.0,0.0007052472016811738,289.7832785113092,0.0,256,2.1725165101638518e-11,1.3542832872255772e-12,2.2353715123443504e-12,1.9715175556824648e-07,5.2400429336935e-05,-2.3018956961745064e-13,20.63294620792586,5.936843604431887,7.121130708793272,3.083239587574429,1.095987257516779,1.3827865068167986,0.002577292940097474,0.0,0.024387544449276693,1.6188584299554716,0.011246407670887656,1.7799189389572327,0.007760505546057787,-0.0026590692625593627,-0.0009711348316356929,0.7044218367470226,0.4995144325841823,621.4867617957751,289.7832720878112,0.6091702829449743,0.6091702876710983,0.609170287691728,0.7614628595888728,2.4138283201133257e-06,664,0.3542,0.3534,0.00169,-0.00378,989,0.3049,0.3034,-0.00887,-0.000771,3,0.151,0.9862,0.000169,13.882,0.1317,0.6926,-8.2e-05,13.903,0.1095,0.5635,3.3e-05,13.83,8.0087,1.7333,1.7359,1.7269,0.35073,0.68333,1.8409,0.1721,0.9876,0.9869,0.9992,0.4953,3.574,1.16,0.1129,8.0885,18.8941,5.2865,81,0.1323,0.0949,28,0.1717,-0.9004,1.0,0.0842857,0.0711033,0.0848347,0.0428718,0.0345449,0.0220906,0.059324,182.0,190.0,0.0781551,0.0360698,0.3684423,-0.031399,0.0033023,0.0453102,0.0552252,183.0,189.0,0.055498,0.0487751,0.0644745,-0.0042598,0.029808,-0.0022969,0.0301984,169.0,203.0
79,2549,209232,0.0,0.0007137088044810468,5.989706435929584e-05,0.0007137088044810468,0.35819935836545896,9.593358964542224,7.7815447033857685,-12.736545553762692,11.697801108481073,-0.06776413610600245,12.736545553762692,0.0035318298178435015,12.565795322611853,5.01323249339771,-1.694844594997855,2.073048174167126,-0.0105621433323121,2.073048174167126,0.12031190287806474,2.2481000192524254,1.1879597782021916,0.12010178904364835,1.680510628115434,0.8243351850060754,0.0,1.1673864273468275,0.5651733437977442,0.00162877877780776,1.414180400834921,0.9107506628190706,9.58275306725578e-06,-0.7299712804531051,0,0,0,0.028511880761467275,0.5579775777766609,813,0.4186,0.08245,0.6055174239974225,-0.0011240032351339912,0.7570329796816285,0.03668276814597245,0.1182511003812468,1.878875109428692,0.037114133451303134,0.028512818194804317,1.3016648581607473,0.017375126504337608,0.0798780666704965,595,218,34,34,0,0.4208,807,0.5543700344782976,0.017345,0.017345281366575538,387.0,373.0,0.0666267,0.0624779,0.0087041,-0.0145576,-0.0601316,0.2945374,-0.0380092,-0.467255,-0.832752,0.8020594,0.1393141,-0.2330034,-0.9624453,556.0,372.0,-0.0627951,0.0579046,-0.0229989,0.0452642,-0.0278414,0.4470124,0.2584577,-0.518313,-0.681712,0.7438655,-0.3971859,0.7817037,-0.4808146,1190.0,372.0,0.0589519,0.044069,0.0326515,0.0056329,-0.0290555,0.0131923,-0.4050209,0.2876187,0.86779,0.6381472,0.740918,0.1278209,-0.6593196,0.00944138473642801,1.0,0.0007287997374503576,289.7832812655654,0.0,256,1.9608786081365134e-11,2.6423943392578413e-12,3.748351102788276e-12,2.2898629183437468e-07,5.426072918924864e-05,-1.4073460436577165e-13,14.375137649513091,5.59889687338195,6.757557822007284,3.140400684773899,0.9605112851216404,1.2363739502652507,0.042451998125914575,0.0,0.022749731403122704,2.211271087651033,0.012218495634437587,1.4131629922788573,0.023612963679754174,-0.0006561163264785781,-0.0005366565650781433,0.6990469939972512,0.4997316717174612,621.48678025981,289.7832806971152,0.6091702839084872,0.609170287670971,0.609170287691728,0.7614628595887137,2.462905391795269e-06,666,0.3494,0.3491,0.00225,0.014739,989,0.3076,0.3061,-0.00733,-0.001738,3,0.1462,0.9841,-0.000269,13.882,0.1306,0.6961,-0.000114,13.902,0.109,0.5576,-7.9e-05,13.832,8.0091,1.7333,1.7358,1.7271,0.35009,0.68418,1.8409,0.1723,0.9877,0.9869,0.9992,0.4951,3.5744,1.1601,0.1129,7.8609,19.1469,5.3567,81,0.1458,0.8239,28,0.1681,-0.9967,2.0,0.1719325,0.0800036,0.3648896,-0.0143597,0.0182308,-0.1231322,0.1253,182.0,191.0,0.0482142,0.0993607,-0.3465802,0.0501097,-0.0091927,0.0254592,0.0569531,183.0,189.0,0.069925,0.0626392,0.0549602,-0.0167829,0.0377403,-0.0288231,0.0503663,169.0,203.0
80,2553,209237,0.0,0.0007314623601176795,6.19451885291293e-05,0.0007314623601176795,0.359086318319248,9.592719740633333,7.782743786706379,-12.228395385575366,12.484741506108689,-0.07593982457882414,12.484741506108689,0.0031896701905230734,12.56547033805136,4.985782685742258,-1.7079536453930984,2.107384276304844,-0.010590707361947331,2.107384276304844,0.1209434551790095,2.2412092318115087,1.1904146201806776,0.12073579375662566,1.6895357663878694,0.8265988239361046,0.0,1.1815270192174037,0.5735272253237688,0.001221983908878732,1.414184046880934,0.9036199164152731,1.663131405961523e-05,-0.7328626421157114,0,0,0,0.03059114659731591,0.5589397087723077,815,0.4181,0.0821,0.6116351024124912,-0.0010047152109626555,0.7659747583059151,0.12388975341893295,0.11512831064801295,1.885059243649293,0.03963575148532411,0.03059172804114978,1.2956362397053531,0.018630726049878147,0.08542124012571126,594,221,46,46,0,0.4204,809,0.5553152421149719,0.006009,0.006009411705201417,387.0,373.0,0.0631304,0.1149261,0.079557,-0.0829367,0.0004345,0.8579411,-0.4715462,-0.1038067,-0.1755147,0.8054587,0.692245,-0.7216527,0.0037803,523.0,372.0,-0.0598259,0.0267688,-0.020788,-0.0136809,-0.0098622,-0.3017066,-0.8250215,0.3173469,-0.3572164,0.7469272,-0.7765747,-0.5110756,-0.3684201,1190.0,372.0,0.0597623,0.0538566,-0.0211357,0.0441797,-0.0224046,0.6679134,0.2101867,-0.5405954,0.4663367,0.6377638,-0.3924436,0.8203215,-0.4160057,0.009807767752059632,1.0,0.0007398872116521057,289.78328959711365,0.0,256,1.7613398524324553e-11,1.6495271205543954e-12,2.6093190375349252e-12,2.3541020322164394e-07,5.6141550365429795e-05,-2.704404726802044e-13,12.866394178392994,5.679503897229813,6.77715085380254,3.1268637656631477,1.0870669251249208,1.3787833599230732,-0.07602957561434727,0.0,0.024783871131977143,0.3212922127653677,0.011234747353085132,0.9225948153109778,0.029007774162321042,0.006991800313691529,0.001694564292379022,0.6935107686800875,0.5008472821461897,621.4867960567336,289.7832880628138,0.6091702796049008,0.6091702876720021,0.609170287691728,0.7614628595900026,2.5241702687807404e-06,668,0.3464,0.3467,0.0057,0.014221,989,0.311,0.3095,-0.00681,-0.002309,3,0.1448,0.987,-4.7e-05,13.885,0.1319,0.6952,-0.000112,13.901,0.1093,0.5707,0.000112,13.832,8.0095,1.7336,1.7356,1.727,0.34882,0.6845,1.84009,0.17223,0.9878,0.987,0.9992,0.4951,3.5775,1.1611,0.113,7.7198,19.31,5.3976,81,0.177,0.9943,28,0.0294,-0.0836,2.0,0.1543312,0.0780904,0.3280282,0.0141325,-0.0514079,0.0092676,0.0541146,182.0,191.0,0.0524278,0.0526585,-0.0021953,0.0122999,0.0212881,-0.0380932,0.0453383,178.0,194.0,0.0556785,0.0667338,-0.0903122,0.0028621,-0.0137488,-0.0247307,0.0284399,169.0,203.0
81,2558,209242,0.0,0.000749201176814178,6.38682223642289e-05,0.000749201176814178,0.3526539182107051,9.603637524845679,7.784015487016065,-12.06507404822799,12.474070243206835,-0.0892107643863847,12.474070243206835,0.004411319811776187,12.565566065099642,5.00467516010496,-1.7362634343765018,2.15717074392817,-0.010694068615424313,2.15717074392817,0.1215094823869224,2.2343651431831524,1.1922185224423392,0.1213053885276389,1.6978041053903417,0.8274938505304148,0.0,1.1956681854367794,0.5819736454704836,0.0011480017468435966,1.414182516619587,0.9060405973009333,0.00010070638260612257,-0.7356662699530986,0,0,0,0.032104601762606814,0.5585870672696508,820,0.4086,0.08281,0.6177135513099208,-0.002649750123326859,0.7738844546481702,0.06919197421173076,0.11592296667131576,1.8877431355207737,0.041678224988062666,0.03210489585246649,1.2981890730805998,0.019698408751186634,0.08477740999368874,596,224,52,52,0,0.411,814,0.5549507580850717,-0.000115,-0.0001153449369262205,387.0,373.0,0.0544032,0.074761,0.0598271,0.0370107,0.0253009,0.7413437,0.3552887,-0.2189097,0.5256025,0.8029206,0.8002446,0.4950535,0.3384237,523.0,372.0,-0.0506184,0.0330577,0.0187809,-0.0030699,-0.0270308,-0.3268712,-0.1858388,0.0790276,0.9232409,0.7458388,0.5681237,-0.0928652,-0.8176867,1190.0,372.0,0.0603894,0.0697447,-0.0388031,-0.0471145,0.0337471,0.3696698,-0.541683,-0.579656,-0.4836555,0.6371779,-0.5563592,-0.675528,0.4838661,0.009792401096748922,1.0,0.0007585584292345685,289.78329677024493,0.0,256,1.1493880760066717e-11,1.7467592759811755e-12,2.593808772045137e-12,2.4053944194060287e-07,5.7943406333956686e-05,-5.030820208516119e-14,12.587907952528226,5.383923118369661,6.5086693860952085,3.128180440604979,1.0557328215444155,1.4248848975874313,0.061313553074141325,0.0,0.022134549687326317,0.5187116501812844,0.020891791497915,0.7770168726741311,0.020818007425819435,0.002636237901162071,9.892272969734342e-06,0.7054571470599417,0.5000049461364849,621.4868037314493,289.7832916413361,0.6091702823544637,0.6091702876702754,0.609170287691728,0.7614628595878442,2.585384314501686e-06,668,0.3457,0.345,0.01003,0.003347,989,0.3144,0.312,-0.00522,-0.002692,3,0.1413,0.9862,0.000103,13.886,0.1303,0.6996,2.9e-05,13.9,0.1102,0.5714,0.00023,13.831,8.0091,1.7338,1.7355,1.7269,0.34773,0.68388,1.83985,0.17293,0.9879,0.9869,0.999,0.4941,3.5714,1.1591,0.1128,7.6664,19.3606,5.421,81,0.1537,0.9173,28,0.1671,0.9706,2.0,0.1120799,0.0867433,0.1274329,-0.0160771,0.0657267,0.0133882,0.0689762,182.0,191.0,0.0309621,0.0818874,-0.451267,-0.0245935,0.0287442,0.0401115,0.0551362,178.0,194.0,0.0837071,0.0874279,-0.0217421,-0.0232642,-0.0159615,-0.0406597,0.0494894,169.0,203.0
82,2561,209245,0.0,0.0007691641322336013,6.592092611309555e-05,0.0007691641322336013,0.35614292749493764,9.606582956497723,7.784275317985423,-12.586455243074163,12.480691267626499,-0.0914643519108131,12.586455243074163,0.0009866243426444044,12.566198947275495,4.994909134939465,-1.7654400345215397,2.202029835203346,-0.010257088983558165,2.202029835203346,0.12203111804164116,2.2274579461401873,1.1945493130994667,0.12182944272128952,1.687135728524633,0.8273247390137227,0.0,1.2098096317244629,0.5908450567744309,0.005252242717311395,1.4141809275233375,0.9071509165571399,9.950206588865493e-05,-0.7383888761548723,0,0,0,0.033832831085575395,0.5585905039998609,821,0.4156,0.08282,0.6233683727696386,-0.005070633211674622,0.7824452590669634,0.0436137645204076,0.124555073074957,1.8902594971712983,0.0439699510902145,0.03383297067941369,1.299618396115859,0.02089723920415698,0.08441988283832991,597,224,51,51,0,0.4174,814,0.5543822576857602,-0.000497,-0.0004974595078157673,387.0,373.0,0.0480894,0.0170585,0.0064648,0.0121432,0.0100867,-0.175365,-0.5190087,0.6332962,-0.546638,0.8016239,0.378979,0.7118574,0.5912986,523.0,372.0,-0.0455343,0.0633732,0.0081882,0.0438308,0.0450331,0.8494411,-0.3027303,0.2153777,-0.3747222,0.7453232,0.1292054,0.6916292,0.7106019,1190.0,372.0,0.060459,0.066122,0.0139176,0.0641968,0.0075623,-0.6129649,-0.3446012,0.1446432,0.6961338,0.6364091,0.2104834,0.9708843,0.1143694,0.011727912431587178,1.0,0.0007797860685924642,289.7833014324663,0.0,256,1.6052796538581427e-11,2.1868029274276503e-12,3.221308433851648e-12,2.7248459785957196e-07,5.988857489031805e-05,1.3829267489794557e-13,18.650474743436735,5.285277171881358,6.486017821382306,3.1349531661773073,0.9985737871655307,1.358874572439266,-0.017081357858621013,0.0,0.016208721271317016,2.516013500776017,0.012332257479289238,2.258491948266431,0.02210994388665141,-0.0005959538524923602,-0.0014943174709823245,0.7015557620506986,0.499252841264509,621.4868340357497,289.78330577145096,0.6091702779702142,0.6091702876734211,0.609170287691728,0.7614628595917763,2.6542734412735042e-06,669,0.3391,0.3385,0.01506,-0.00491,990,0.3187,0.3164,-0.00349,-0.002306,3,0.141,0.9865,5.4e-05,13.887,0.1342,0.6974,-2.4e-05,13.898,0.1096,0.5704,0.000197,13.83,8.0086,1.734,1.7353,1.7268,0.34706,0.68671,1.8373,0.17403,0.9879,0.987,0.9991,0.4939,3.5711,1.159,0.1128,7.706,19.3589,5.421,81,0.1078,0.1102,28,0.186,0.9973,-0.0,0.0406427,0.0200241,0.3398668,0.0240626,0.0144594,0.0031383,0.0282477,182.0,191.0,0.0799746,0.0705196,0.062826,-0.0009167,0.0299355,-0.0268016,0.0401908,178.0,194.0,0.1200912,0.081462,0.1916575,0.0781229,0.0236429,-0.0019749,0.081646,169.0,203.0
83,2569,209255,0.0,0.0007966381722764732,6.800701650129745e-05,0.0007966381722764732,0.3557420055482475,9.60681960916395,7.785780055187877,-13.095306119545727,12.516624912413784,-0.08661175919527395,13.095306119545727,0.006518366735744508,12.564126800752495,4.998201075279751,-1.7850965580388194,2.2179879728622574,-0.011138488425980905,2.2179879728622574,0.12226344961412418,2.2204721450282543,1.195253833131062,0.12207311062670942,1.6967294736645002,0.8274936623940364,0.0,1.2239513270817555,0.5985105944603789,5.620668293215836e-05,1.4141850015033455,0.9069723633533475,6.101861977080584e-07,-0.7410210160057109,0,0,0,0.034650602926467274,0.5584524607518468,825,0.417,0.08297,0.6254452096096138,-0.008611582621801952,0.7869170985157798,0.06916967680039372,0.12417675914615121,1.8787808547701488,0.04521462618253142,0.0346506644900201,1.3048703927612673,0.021613377390672817,0.08422375536731919,598,227,43,43,0,0.4187,818,0.5542289442832129,0.014622,0.01462234461126255,139.0,378.0,0.1255634,0.0609398,0.0012436,0.0272737,-0.0544817,0.8823631,0.3678813,-0.2223772,-0.1914343,0.7978178,0.0204068,0.447552,-0.894025,523.0,373.0,-0.0517043,0.0269085,-0.0247799,0.0101202,-0.0027579,-0.4932429,-0.553327,0.1984281,0.641223,0.747673,-0.9208951,0.3760951,-0.1024928,1190.0,372.0,0.0607663,0.0652053,-0.0002803,0.0080597,-0.0647047,-0.5907069,-0.5766348,0.4787623,-0.2989052,0.6364147,-0.0042993,0.1236046,-0.9923222,0.01210464662241312,1.0,0.0008071480448184727,289.78331808329233,0.0,256,1.841703121120227e-11,3.3418151495402637e-12,4.829720726391065e-12,2.2181676890131475e-07,6.196204071531221e-05,6.1102675895673976e-15,20.19378697796146,5.20883745628635,6.4445034131748,3.129334233817905,1.182281675127292,1.5257256015047043,-0.12689886228725203,0.0,0.017952535801480072,2.7688202069492167,0.016033835028054593,0.7543339888278733,0.038610350269401066,0.00028325978400501906,-0.00017004503651763979,0.6993104910042192,0.49991497748174124,621.4868616384455,289.7833186418772,0.609170281719738,0.6091702876672822,0.609170287691728,0.7614628595841028,2.749082231544812e-06,672,0.3298,0.3264,0.01733,0.005481,991,0.3194,0.317,-0.00419,-0.001796,3,0.1376,0.9875,0.000113,13.885,0.1347,0.6904,0.000123,13.896,0.1066,0.5678,9.7e-05,13.828,8.0079,1.7339,1.7353,1.7269,0.34636,0.68933,1.83597,0.17326,0.988,0.987,0.9991,0.494,3.667,1.1283,0.1128,7.5221,19.5992,5.3448,81,0.1609,-0.899,28,0.084,0.6078,0.0,0.0704662,0.0672784,0.0231432,0.0278909,0.0194283,-0.0026221,0.0340916,203.0,175.0,0.0753744,0.0311882,0.4146507,-0.0354912,0.0199857,0.026633,0.0486659,178.0,195.0,0.151522,0.0468047,0.5280044,-0.0070018,0.0455571,-0.0866431,0.0981402,169.0,203.0
84,2578,209266,0.0,0.0008202313692209479,6.988904478325266e-05,0.0008202313692209479,0.35165185783030356,9.612277318884809,7.78707110953615,-12.994791665855958,12.560689070876872,-0.09110562155867788,12.994791665855958,0.005167880505517272,12.56554999166672,5.019408658519121,-1.793299065860527,2.243274645194549,-0.010455474868580542,2.243274645194549,0.12278394457909544,2.2134791094652706,1.1967334660038282,0.12258597355323103,1.7071666966947734,0.8307928427576794,0.0,1.2380931385011729,0.606047749569063,0.0014886386440984278,1.4141811589961355,0.9093672496817533,5.094757286417529e-06,-0.7435750538235972,0,0,0,0.03541381579760632,0.558264893230298,831,0.4202,0.08585,0.6281373491908709,-0.010970014371492257,0.7936130532238995,0.0513995358582343,0.11919083110345528,1.8707703464537657,0.046570983618616474,0.03541385942238647,1.315049655084392,0.022384477392202496,0.08736139724610154,606,225,41,41,0,0.422,823,0.553498590339884,0.004917,0.0049166904067079464,139.0,378.0,0.1245486,0.0269162,0.0190635,-0.0076889,-0.0173767,-0.6733305,0.0495979,-0.7151097,0.1810639,0.792263,0.7082522,-0.2856607,-0.6455825,523.0,373.0,-0.0419093,0.0339852,-0.0320386,-0.0021996,-0.0111213,-0.5487351,-0.2364419,-0.3225365,0.7341357,0.7498708,-0.942722,-0.0647215,-0.3272407,1190.0,372.0,0.062161,0.0436176,0.03929,0.0135944,0.0131903,-0.6259463,0.7576686,-0.1614656,0.0897681,0.6369021,0.9007827,0.3116727,0.3024082,0.012066952121448035,1.0,0.0008314057854091583,289.78333177460763,0.0,256,1.9288007162470168e-11,3.676948244118981e-12,5.374294154079506e-12,2.9758595352939744e-07,6.380560880200195e-05,-3.007828093673536e-13,17.31736653307874,5.972074796727343,7.166782897365231,3.126776649524256,1.0493786099882116,1.3279547209554448,-0.17808045787946075,0.0,0.022996212516072062,1.512619386360373,0.008004928992861997,1.8138796426475248,0.004459556114546024,0.0010669995295087035,-0.0011959191040512803,0.6967799362236594,0.4994020404479746,621.4868784994711,289.7833265037392,0.6091702825311877,0.6091702876653509,0.609170287691728,0.7614628595816886,2.830498838967411e-06,674,0.3281,0.3237,0.01842,-0.005665,992,0.321,0.3185,-0.00285,-0.001365,3,0.138,0.9888,-7.1e-05,13.883,0.1364,0.6753,2.5e-05,13.894,0.1066,0.5578,-2.9e-05,13.827,8.0066,1.7339,1.7353,1.7269,0.34513,0.69336,1.83545,0.17164,0.988,0.9872,0.9992,0.4938,3.6649,1.1277,0.1128,7.3567,19.8073,5.4046,81,0.2153,-1.0,28,0.1772,-0.8937,-0.0,0.0267093,0.0550981,-0.3470192,-0.0153033,0.0245827,-0.0071716,0.0298318,203.0,175.0,0.1154686,0.1267239,-0.0464727,0.0226521,0.1108735,0.0295801,0.116966,178.0,195.0,0.0417905,0.112646,-0.4587999,-0.0286061,-0.0461127,-0.0414522,0.068286,169.0,203.0
85,2582,209271,0.0,0.000850943871985236,7.222039221203475e-05,0.000850943871985236,0.35078382431191146,9.620721173911802,7.7868949206381535,-12.888538931893473,13.448743404411532,-0.092823367562548,13.448743404411532,0.004556611231249619,12.565339956721548,5.048445824071259,-1.808083523933888,2.273377763634801,-0.010577350379471518,2.273377763634801,0.12330931699143129,2.2065847787526653,1.1984662407639453,0.12311061485977891,1.713510136036116,0.8210086280425861,0.0,1.2522348136490633,0.6147808250217217,0.00013005458596504482,1.4141844863903092,0.9044634717454982,1.5480369209358397e-07,-0.746060250594002,0,0,0,0.03656094121547366,0.5583747342027311,834,0.4195,0.08578,0.6326836225952077,-0.014101482669906764,0.7999787866917644,0.061138536257239424,0.11272201014333615,1.8681112992983406,0.04820540922745664,0.03656098890786857,1.3184930349923327,0.02329356614518908,0.08745140097352125,611,223,44,44,0,0.4213,826,0.5535983478311151,0.009689,0.009688545714700902,139.0,378.0,0.122043,0.0858196,0.0462625,0.0383966,0.0612412,-0.8276512,-0.315739,0.4140066,-0.2095256,0.7898745,0.5390671,0.4474104,0.713604,523.0,373.0,-0.047068,0.1071828,0.0097725,-0.1054513,-0.0165127,0.4146939,0.1720995,0.3906109,0.8036379,0.749175,0.091176,-0.9838455,-0.1540613,1190.0,372.0,0.0620169,0.0834461,-0.0666208,0.0433685,0.0253789,-0.4765113,0.3175022,-0.7009054,-0.4252775,0.636049,-0.7983692,0.5197195,0.3041354,0.012412723041117145,1.0,0.0008598723171568347,289.78334053917877,0.0,256,7.658674778382242e-12,1.258396325669582e-12,1.891274573975849e-12,2.8980554141251404e-07,6.596727003086456e-05,-3.746146863126958e-14,17.327802453691262,5.6045430524524456,6.76793643014924,3.086007780367902,0.9287305258619172,1.260300990552141,-0.03414299976801576,0.0,0.011978892521338278,1.7146299457871694,0.030242504663369505,0.6466262293494032,0.0419021856934635,0.0033466921255686337,0.0002249321836158393,0.7082344876999992,0.500112466091808,621.4868763238924,289.78332548932286,0.6091702832789534,0.6091702876655541,0.609170287691728,0.7614628595819426,2.9364832174120012e-06,674,0.3259,0.3214,0.01674,-0.007585,993,0.321,0.3183,-0.00398,-0.001783,3,0.1368,0.9859,-0.000317,13.88,0.136,0.6742,2.4e-05,13.892,0.1057,0.5412,-0.000192,13.829,8.0061,1.7337,1.7352,1.7273,0.34419,0.69379,1.83137,0.17302,0.988,0.9872,0.9991,0.4938,3.6599,1.1261,0.1126,7.4271,19.7595,5.3989,81,0.1682,-0.9196,28,0.2803,-0.9459,2.0,0.1221055,0.0568481,0.3646609,0.0232844,0.0489142,0.0182015,0.0571494,203.0,175.0,0.1155519,0.1024119,0.0602852,-0.012134,-0.0005307,-0.0132719,0.0179905,178.0,195.0,0.110466,0.0834251,0.1394642,-0.0160768,0.0393725,-0.0342249,0.0545894,169.0,203.0
86,2587,209277,0.0,0.0008791826843542865,7.398595377917484e-05,0.0008791826843542865,0.3504529324868602,9.630626075002557,7.786802944435567,-13.012460945007632,12.548110978975963,-0.09123517076706282,13.012460945007632,0.005244127058389439,12.56604309683787,5.056424702967357,-1.8705991054913793,2.3094296146508726,-0.010460814928998518,2.3094296146508726,0.12380884198765935,2.1995955509978167,1.199649988068781,0.12361206539130455,1.7188052983904472,0.8278812536871091,0.0,1.266376625337015,0.6230546678309422,0.0007800668435110625,1.4141825744050849,0.9079099067576074,9.56764006653083e-07,-0.7484479615018795,0,0,0,0.03690621638010148,0.5578933745825639,837,0.4175,0.08649,0.6355466806217815,-0.017047711085975723,0.8050393862420362,0.03006579196779881,0.12334069716694432,1.8583797940725202,0.04909521108203794,0.036906344497499376,1.3302648027187962,0.02384994110301346,0.08764370871014449,614,223,40,40,0,0.4192,829,0.5531042321178663,0.01026,0.010259843856572415,139.0,379.0,0.1228933,0.0375315,0.023511,-0.0289775,0.0040193,-0.5075776,0.3612528,0.5798871,0.5249689,0.7843507,0.6264328,-0.7720839,0.1070905,523.0,373.0,-0.0480096,0.0565292,-0.0143499,0.0263359,-0.0479171,-0.6041438,-0.2046208,0.0986844,-0.7638075,0.7494025,-0.2538497,0.4658811,-0.8476527,1190.0,372.0,0.0628462,0.0559015,-0.0512003,0.0170019,-0.0146439,0.304691,-0.2612568,-0.5607363,0.724212,0.6363007,-0.9159019,0.30414,-0.2619589,0.012393493415956624,1.0,0.0008821027512356075,289.78333747590057,0.0,256,6.33475219251753e-12,1.6515081596917136e-12,2.1216152270690478e-12,2.873556457142402e-07,6.775340173044265e-05,-3.8321342695328624e-13,20.932577075318655,5.482592793533977,6.867010048297932,3.138171439710738,1.177078737640897,1.52355864564158,0.03906642271633651,0.0,0.020245172530220228,0.7128332067859602,0.010173682077606112,1.4364920331043347,0.026799162904051425,-0.0021032512326423203,-9.49614691735576e-05,0.6973428341972785,0.49995251926541334,621.4868899408189,289.78333183854505,0.6091702811138857,0.6091702876637314,0.609170287691728,0.7614628595796642,3.033931174634053e-06,674,0.3252,0.3206,0.0134,0.00403,995,0.3217,0.3179,-0.00285,-0.001355,3,0.1358,0.9856,-2.1e-05,13.879,0.1357,0.667,4.7e-05,13.889,0.1057,0.5316,0.000162,13.828,8.0052,1.7338,1.735,1.7274,0.34393,0.69295,1.82885,0.17408,0.9879,0.9872,0.9993,0.4932,3.6538,1.1243,0.1124,7.5486,19.6745,5.3847,81,0.1027,0.1618,28,0.2205,-0.8325,0.0,0.0428015,0.0479283,-0.0565058,0.0142091,0.0040318,-0.0202927,0.0250988,204.0,175.0,0.1117588,0.0503304,0.3789794,-0.0169966,-0.0260201,-0.0537531,0.0620913,178.0,195.0,0.0857026,0.0755027,0.0632727,0.0054272,0.0587276,-0.0069669,0.0593879,169.0,203.0
87,2590,209281,0.0,0.0009093272235655345,7.636710003125128e-05,0.0009093272235655345,0.35461448834131093,9.637975672318333,7.786658338277339,-12.970079750882983,12.418832173943304,-0.08977475382705069,12.970079750882983,0.00048223401022617907,12.565723412414078,5.055207751851488,-1.8946123357758289,2.3311864607770842,-0.010332212578292942,2.3311864607770842,0.12427685759582012,2.192588278802655,1.20091721685849,0.12408302592044826,1.7244290366690138,0.8297794428463393,0.0,1.2805182021733652,0.6319325488618086,0.0005896971961144581,1.4141871697339712,0.9095740738840806,2.8743903734893394e-07,-0.7507860962697342,0,0,0,0.037865854209439505,0.5578073555782209,838,0.4176,0.0894,0.6392369884618222,-0.016990315250143502,0.8112320465749675,0.10178732657231045,0.12251762040329875,1.85560005850192,0.05057318480548896,0.037866019007314046,1.3355823012638441,0.024678102977499616,0.09511009445587237,611,227,37,37,0,0.4192,830,0.5529947354323032,0.001317,0.0013169915052688719,139.0,379.0,0.1268586,0.1070918,-0.0761498,-0.0002204,-0.0752981,-0.5321904,0.3689799,0.5168481,-0.5599065,0.7821523,-0.7110706,-0.002058,-0.7031176,523.0,373.0,-0.049553,0.0543896,0.0190504,-0.0488714,-0.0143839,-0.2625595,0.0258771,0.4423576,-0.8571538,0.7480778,0.3502587,-0.8985432,-0.2644598,1190.0,372.0,0.0635711,0.0442794,-0.0101379,-0.0426779,0.0060403,0.1284377,-0.2335614,-0.4826346,-0.8342761,0.6357849,-0.228954,-0.9638316,0.1364139,0.01352918438345574,1.0,0.0009215565327887698,289.78334257279295,0.0,256,3.007134382874618e-11,2.6589723266300746e-12,4.238873754515107e-12,3.041676930171886e-07,7.009167090317727e-05,2.3819930783637574e-13,17.83185516467161,5.575265517341489,6.929542388810347,3.08626094700433,1.1013088612537527,1.4126523452452164,-0.01364869655912368,0.0,0.032476603110104654,1.5477071175272374,0.01648090945445866,0.2999523483928142,0.04465834349085997,-0.0019147176488615366,0.001870131771548904,0.6999282572993668,0.5009350658857745,621.4869213327975,289.78334647581624,0.6091702823641103,0.6091702876619007,0.609170287691728,0.7614628595773759,3.1379554229884707e-06,674,0.3269,0.3223,0.01092,0.001449,997,0.3222,0.3183,-0.0029,-0.002762,3,0.1365,0.981,-8.5e-05,13.879,0.1362,0.6761,1.2e-05,13.886,0.1066,0.5204,0.000137,13.828,8.0047,1.7339,1.7348,1.7275,0.34332,0.69461,1.82627,0.17344,0.9879,0.9873,0.9994,0.4934,3.6495,1.1229,0.1123,7.7268,19.5369,5.3533,81,0.1559,0.7783,28,0.1947,-0.4922,0.0,0.1367721,0.1007058,0.1518724,-0.022188,0.0531628,-0.0309122,0.065377,204.0,175.0,0.0852512,0.0330399,0.4413793,0.0027315,-0.0195558,-0.0231473,0.0304252,178.0,195.0,0.0938488,0.0544293,0.2658487,-0.0573689,-0.0270854,0.0171743,0.0657249,169.0,203.0
88,2592,209283,0.0,0.0009369784893050445,7.848018201598676e-05,0.0009369784893050445,0.35783516633243895,9.644233694858094,7.78660328302693,-12.94236309943551,12.437196375420298,-0.08669643063103855,12.94236309943551,0.001442271252039909,12.564656222389132,5.058282705490748,-1.8994574686068335,2.3584749306328354,-0.010376020614753586,2.3584749306328354,0.12458168932264076,2.185619099977436,1.2017168893513417,0.12439625136139897,1.7279469369559113,0.82838421089802,0.0,1.2946599776932088,0.6408263001068749,0.001110582938609883,1.414180631439298,0.9102421048182197,5.132272369603803e-06,-0.7530470518796728,0,0,0,0.038299112577707226,0.557731257366729,839,0.4187,0.08986,0.6412421225206796,-0.019645725326933674,0.8148581429210978,0.02540260488826676,0.1190339099090791,1.8482867042601208,0.051413273323021966,0.03829941540909907,1.342403605220756,0.02519631885264864,0.10303020428709397,610,229,45,45,0,0.4202,831,0.5528962665080258,0.003166,0.0031664730733262925,139.0,379.0,0.1244411,0.0260076,-0.0030421,-0.0257908,0.0014062,0.564107,-0.2792637,0.5538501,-0.5450185,0.7795059,-0.116969,-0.9916626,0.0540702,523.0,373.0,-0.0470196,0.0541018,0.0264407,-0.0058283,0.0468393,-0.579425,0.1298933,-0.2581075,0.7620859,0.7479997,0.488721,-0.1077288,0.8657634,1190.0,372.0,0.0635793,0.0328053,0.0092189,0.0289743,-0.0123164,-0.4824268,-0.2837491,-0.2763215,-0.7812792,0.6349719,0.2810169,0.8832189,-0.3754383,0.013127413127413128,1.0,0.0009498340952988055,289.78336241459937,0.0,256,2.233142116118848e-11,3.990252005377992e-12,5.971675918710064e-12,2.850325955737958e-07,7.213093337578924e-05,1.396514661864178e-15,24.496768042868325,6.32319519986407,7.838496255886839,3.135143503823879,1.195665492769194,1.52565758851293,-0.11438964791072476,0.0,0.014010465787290503,2.418318815535051,0.01284211675625654,1.285165901219686,0.01378152927714533,0.0029777734232364736,-0.002005483776491193,0.703482834879673,0.4989972581117546,621.4869443107676,289.783357189852,0.6091702847866709,0.6091702876604792,0.609170287691728,0.761462859575599,3.2333757824856093e-06,674,0.3279,0.3232,0.01006,-0.001306,998,0.3269,0.323,-0.00331,-0.002511,3,0.1373,0.9761,-7e-06,13.88,0.1386,0.6755,1.7e-05,13.885,0.1085,0.499,0.000112,13.828,8.0046,1.734,1.7347,1.7275,0.34327,0.69653,1.82266,0.17448,0.9879,0.9873,0.9994,0.4934,3.6461,1.1219,0.1122,7.8666,19.4253,5.3277,81,0.1204,0.9327,28,0.1064,-0.1622,-0.0,0.04881,0.0882169,-0.287585,0.0393713,0.026153,0.0397314,0.0617468,204.0,175.0,0.0735976,0.0892545,-0.0961414,0.0064316,0.0598692,-0.0165373,0.0624433,178.0,195.0,0.0643226,0.0813966,-0.1171708,-0.0229559,0.0215237,0.0563785,0.0645661,169.0,203.0
89,2598,209291,0.0,0.0009598825315581855,7.981092686283024e-05,0.0009598825315581855,0.3566815732129455,9.65543329673442,7.78649398655502,-12.908616529498053,12.211931304031282,-0.08441604166660878,12.908616529498053,0.002293889842263943,12.565209141937743,5.067539425095901,-1.917475356992788,2.392182599627921,-0.010179209737722728,2.392182599627921,0.1250037426952486,2.1786968048006314,1.2015833966088254,0.12481502188607072,1.731440875675772,0.8298450616867593,0.0,1.3088019521497325,0.6484147172511048,0.0010038503315135117,1.4141839553238693,0.9116567201386131,1.0633670098967474e-05,-0.7552168093010863,0,0,0,0.03823242737368797,0.5576425048555713,843,0.4142,0.09007,0.6421906025083643,-0.021095131348403906,0.8178745534462459,0.035260332084557915,0.12547745690150994,1.8419406170383403,0.05166985289350223,0.03823275239823027,1.351455222352601,0.02541711985465639,0.10619955107778982,613,230,45,45,0,0.4156,835,0.5528048212298108,-0.008829,-0.008828614558637371,139.0,379.0,0.1248443,0.0340885,0.027353,0.0146886,-0.0140743,-0.9050164,-0.0234968,0.0612386,0.4202893,0.7757943,0.802411,0.4308961,-0.4128744,523.0,373.0,-0.0440292,0.0676823,-0.0028083,-0.0675698,-0.0027075,-0.5002621,0.8610966,-0.0694298,-0.0585664,0.7472635,-0.0414928,-0.9983376,-0.0400037,1190.0,372.0,0.0657025,0.0437724,-0.0395649,0.0039276,-0.0183089,0.1339917,0.0130756,-0.2030172,-0.9698759,0.6351616,-0.9038783,0.0897267,-0.4182741,0.013117283950617283,1.0,0.0009720182717441183,289.78336902546715,0.0,256,1.3070976830911993e-11,2.2662879450576096e-12,3.141455979552029e-12,2.693399920842876e-07,7.353635160104206e-05,-8.90943755412543e-14,14.852933008405412,5.277816949006675,6.329705888206899,3.122137730074814,1.2253366282382112,1.5145336612367617,-0.0010473341942034697,0.0,0.021950611160585734,2.78903961640976,0.018838798554887112,1.6000328785555948,0.017804472756415265,-0.0028484126787583224,-0.0010324887491571617,0.7090301083363925,0.49948375562542147,621.4869367314274,289.7833536558008,0.609170285130288,0.6091702876652693,0.609170287691728,0.7614628595815865,3.3124143241792827e-06,674,0.3289,0.3241,0.01007,-0.01238,1000,0.3272,0.3231,-0.00087,-0.004839,3,0.1363,0.9745,-0.000206,13.879,0.1372,0.6665,-1.8e-05,13.884,0.109,0.4822,-0.000119,13.829,8.0044,1.7339,1.7346,1.7277,0.3428,0.69681,1.81989,0.17388,0.9878,0.9873,0.9995,0.4935,3.6392,1.1198,0.112,7.9982,19.3365,5.3134,81,0.0754,0.8624,28,0.1735,0.995,-1.0,0.0676817,0.0583515,0.0740296,0.0440157,0.0038929,0.0329748,0.055135,204.0,175.0,0.0841701,0.0632515,0.1418966,0.0070343,-0.0091752,0.0265158,0.0289266,178.0,195.0,0.0655694,0.0383244,0.2622387,-0.0261845,0.0187127,0.0114311,0.0341535,169.0,203.0
90,2599,209292,0.0,0.00099036401464616,8.240422282671328e-05,0.00099036401464616,0.36130144392932545,9.65550909548319,7.786911352103681,-12.875388187598409,13.43380020112699,-0.08468031484059743,13.43380020112699,0.003296427967179584,12.563247071831174,5.070780654295382,-1.9315255244039982,2.436548712137239,-0.010137636636253115,2.436548712137239,0.1254254237659205,2.171904888886657,1.2030668304040428,0.1252350533602321,1.723611067101778,0.8345740269811763,0.0,1.322943640515602,0.6576331266307619,0.0005166742240279021,1.4141822313251238,0.9072872205762357,2.0851552820611405e-05,-0.7573239037394418,0,0,0,0.03966444809151166,0.557463326619237,843,0.4177,0.09172,0.6460620931006814,-0.020849305942444347,0.8245936036312348,0.06374859966396682,0.12423888761398448,1.8402278637466372,0.05364123764603624,0.03966478139116604,1.3523643838355548,0.026448304084689903,0.10477217861682707,614,229,44,44,0,0.4191,835,0.552592001513745,0.009246,0.00924595316650656,139.0,379.0,0.1259826,0.0504127,-0.0259957,0.0398493,-0.0166642,-0.0727784,0.423555,0.5624902,0.706335,0.7765676,-0.5156576,0.7904618,-0.330556,523.0,373.0,-0.0425131,0.0685148,-0.0304318,0.0164818,-0.0591315,-0.5663124,-0.5726067,0.0073866,-0.592754,0.7465814,-0.444163,0.2405585,-0.8630474,1190.0,372.0,0.066831,0.055498,0.0333917,-0.0007429,0.0443224,0.540874,-0.0036062,0.3951379,0.7425014,0.6346335,0.6016732,-0.0133856,0.7986302,0.01308698999230177,1.0,0.0010058273710983783,289.7833671698918,0.0,256,3.392302281759893e-11,2.4829275542667462e-12,4.211490641426283e-12,3.8358925944315945e-07,7.589256371054238e-05,-3.8559569923850854e-13,23.411311011714602,5.949938772495505,7.138891941003784,3.091321277146135,0.8706215555084815,1.158187880961474,0.14770535766402546,0.0,0.010660569535358554,2.2020176258029114,0.017472993244792994,0.5961229994792725,0.022141123410282605,-0.0009858624764260652,0.0008002664153703524,0.7003577528388611,0.5004001332076853,621.4869686834119,289.7833685541883,0.6091702743122442,0.609170287661434,0.609170287691728,0.7614628595767925,3.4176012915695194e-06,675,0.3284,0.3237,0.01062,-0.007991,1000,0.3298,0.3256,0.00237,-0.003417,3,0.1373,0.974,-0.00015,13.876,0.1395,0.6635,2.2e-05,13.884,0.1097,0.4769,-0.000208,13.829,8.0038,1.7337,1.7346,1.7278,0.34237,0.69799,1.81653,0.17354,0.9878,0.9874,0.9996,0.4937,3.6405,1.1202,0.112,7.9611,19.3849,5.3248,81,0.0725,-0.096,28,0.2038,0.9675,0.0,0.0898875,0.0280004,0.5249651,-0.0041826,0.0509406,-0.0163551,0.0536649,204.0,175.0,0.0388905,0.1044327,-0.4573041,0.0257274,-0.0265842,0.0236011,0.043882,178.0,195.0,0.0552191,0.1098889,-0.3311151,-0.0112631,0.0535214,-0.0303555,0.0625529,169.0,203.0
91,2600,209293,0.0,0.0010143078687625815,8.450660194775746e-05,0.0010143078687625815,0.3661409927391561,9.655569490129158,7.787172423985538,-12.843564954354381,12.18102869599549,-0.08330435255121797,12.843564954354381,0.004429150674743827,12.56472289708118,5.105456766549191,-1.9740027906034203,2.455719477291952,-0.010311270742361742,2.455719477291952,0.12556651062500668,2.1649799525166724,1.2039853873028106,0.10764569885720165,1.7400434677051857,0.8293032878237113,0.0,1.3370855402989112,0.6666995621847341,0.00023386871474162518,1.41418146310826,0.9089657036481223,2.887063279215993e-05,-0.7593619438407987,0,0,0,0.040504777164576344,0.5571337323646401,843,0.4209,0.09371,0.6489848303124879,-0.02549655172017095,0.829234278941243,0.025114770278553245,0.1172622444018964,1.8262520759655858,0.054911162203895345,0.04050499298611683,1.3556640343751265,0.02717221698652479,0.1032239504426564,615,228,41,41,0,0.4216,834,0.5516847323445677,0.022142,0.02214166804778195,139.0,379.0,0.1233094,0.031263,0.0031729,-0.0299044,-0.008546,-0.093138,0.0447038,0.9521679,0.2875815,0.7768048,0.101492,-0.9565427,-0.2733594,523.0,373.0,-0.0413693,0.02132,0.0170769,0.0019428,-0.0126154,-0.7806686,-0.3112041,0.415124,0.3483972,0.7457374,0.8009802,0.0911263,-0.591715,1190.0,372.0,0.06721,0.0661552,-0.0064718,0.0132436,0.0644921,-0.6506685,-0.2861841,0.2954199,-0.638323,0.633619,-0.0978271,0.20019,0.9748609,0.012697191227395151,1.0,0.001032922365723153,289.78338315913766,0.0,256,1.4587553165118615e-11,3.7022569757192585e-12,4.756559114058643e-12,3.0350516336948024e-07,7.7880963708377e-05,8.801204752887815e-13,23.43794632696893,5.791824618367567,7.049125892371266,3.1402209191461563,1.1851902486338646,1.5021920069321677,0.007790923784323993,0.0,0.02007245150172337,2.87162211067405,0.01520739986187203,1.7908594013047578,0.0036207813856265797,0.0004468202841384758,-0.002298832602861949,0.6939305302479407,0.49885058369856916,621.4869911993744,289.7833790528018,0.6091702803427304,0.609170287657234,0.609170287691728,0.7614628595715425,3.5002279015380076e-06,676,0.3276,0.3223,0.01218,-0.004983,1000,0.3289,0.3246,0.00313,-0.000127,3,0.138,0.9783,2.8e-05,13.875,0.1401,0.6566,0.000123,13.884,0.109,0.4861,-2e-05,13.83,8.0037,1.7335,1.7347,1.7279,0.34222,0.69795,1.8114,0.17336,0.9879,0.9873,0.9995,0.4935,3.6429,1.1209,0.1121,7.8863,19.4703,5.3447,81,0.0979,-0.6742,28,0.0763,0.4379,-2.0,0.0786002,0.0588803,0.1434376,0.0076294,-0.0250125,-0.0597399,0.0652127,204.0,175.0,0.0364293,0.0642696,-0.2764705,-0.0406405,0.0238236,0.0132561,0.0489382,178.0,195.0,0.1342119,0.053683,0.4285844,-0.0453117,-0.0180447,0.0689654,0.0844688,169.0,203.0
92,2602,209295,0.0,0.0010431148905486315,8.63164434199321e-05,0.0010431148905486315,0.36968560759567853,9.661149514986612,7.786916195765137,-12.820096405761152,12.083158358313852,-0.07945225980740225,12.820096405761152,0.0055407242827594655,12.562957120509923,5.094472207453121,-2.006129640860915,2.4937987342054226,-0.01041373102931579,2.4937987342054226,0.12570187639235433,2.1580401117580066,1.204384188224621,0.12552297171180785,1.741408295709864,0.8309410797095147,0.0,1.3512274735229661,0.6753468588704385,0.0004363921758336886,1.4141807084063318,0.8991188988549345,3.220586647204084e-05,-0.7613088344702709,0,0,0,0.04052619949114972,0.5568375780837723,844,0.4208,0.09522,0.64975544503772,-0.02385952168294054,0.8318041314521196,0.025465354450446648,0.1101795742408542,1.8034681168480344,0.05523238063785455,0.04052638010472206,1.3628747619484272,0.02741966756588756,0.10325432104530187,620,224,41,41,0,0.4214,835,0.551359856747498,0.002569,0.002569103711046017,139.0,379.0,0.1259322,0.0254751,0.0170252,-0.0185806,-0.0037257,-0.6875746,0.0136821,-0.5911648,-0.4214001,0.7745885,0.6683101,-0.7293644,-0.1462507,523.0,373.0,-0.0434775,0.0766042,0.0370964,-0.0638518,-0.0203718,-0.3011871,-0.4149361,0.5410133,-0.6666475,0.7456723,0.4842609,-0.8335286,-0.2659352,1190.0,372.0,0.0694299,0.047208,-0.0058831,0.043458,-0.0174754,0.5328025,0.0372057,-0.2290903,-0.8137905,0.6339909,-0.1246206,0.9205633,-0.3701795,0.013076923076923076,1.0,0.0010575176833463712,289.7833918984267,0.0,256,1.3056903586160043e-11,2.1627009606818863e-12,2.9276515643208528e-12,3.0712154586550706e-07,7.974842804163544e-05,-3.294231294560666e-13,23.42571164816262,6.298961250560474,7.76623009550245,3.1409856326920957,1.0882021326648013,1.4125081180039063,-0.0903326975977175,0.0,0.018331938271140973,1.8834777073991098,0.022600315127328092,0.41052957125716993,0.01213506725496365,0.0075126521224893935,-0.002302121062697801,0.7066317788718436,0.4988489394686512,621.4870121675423,289.7833888297185,0.6091702752858391,0.6091702876590656,0.609170287691728,0.7614628595738319,3.5996365932540844e-06,676,0.326,0.3199,0.01279,0.006754,1001,0.3275,0.3233,0.00433,0.001891,3,0.1372,0.979,0.000152,13.872,0.1395,0.6534,0.000124,13.883,0.1081,0.4855,1e-06,13.828,8.0024,1.7334,1.7348,1.7279,0.34225,0.6974,1.80574,0.17247,0.9879,0.9873,0.9994,0.4935,3.641,1.1203,0.112,7.9621,19.4081,5.3304,81,0.1217,-0.9713,28,0.1767,-0.9536,1.0,0.043023,0.0756802,-0.2751164,-0.0421513,-0.0052788,-0.030126,0.0520785,204.0,175.0,0.120653,0.0388057,0.5132817,0.0261195,-0.0249846,-0.0174526,0.0401379,178.0,195.0,0.0842498,0.0247064,0.5464891,-0.0134927,0.0284897,-0.03318,0.0457672,169.0,203.0
93,2602,209295,8.00020359996546e-13,0.001068621569632871,8.847167906943352e-05,0.001068621569632871,0.37406294190056105,9.664023008611226,7.786903084772658,-12.787279835573468,12.313854096653897,-0.06996409658578726,12.787279835573468,0.003136299879309851,12.566134283293035,5.078996162013631,-2.0202626685372715,2.533789949026673,-0.010249735734443254,2.533789949026673,0.12587262659073795,2.151100218416065,1.2053171638573477,0.12569087740522894,1.7439147106941788,0.8292216808369246,0.014141682998667594,1.365369318440911,0.6845460021083545,0.0014106620914876578,1.414183257414763,0.9008182189797899,3.464455445040552e-05,-0.7631885498876522,0,0,0,0.040890420205746944,0.5565735851098116,844,0.421,0.09358,0.6519318306567113,-0.02534166063809577,0.8364792425867987,0.052732775426578324,0.1206047932988925,1.78538237049087,0.05604459983658476,0.04089050040677521,1.3706019559324993,0.0279031471826474,0.10306420450722804,622,222,43,43,0,0.4215,834,0.5505205232788323,0.014643,0.014643360897897972,139.0,379.0,0.1216213,0.0522243,-0.0103172,0.0162574,0.0485451,-0.4663662,-0.0392897,-0.7565511,0.4567159,0.7717527,-0.1975549,0.3113004,0.9295505,523.0,373.0,-0.0433978,0.0325485,-0.0197769,0.0240077,0.0095869,-0.9536145,0.0986141,-0.1909615,-0.2107802,0.7454321,-0.6076133,0.7375986,0.294541,1190.0,372.0,0.0706413,0.0316148,-0.0309462,0.0050995,0.0039782,-0.179182,0.4324945,0.2922953,-0.8339099,0.6335672,-0.9788506,0.1613003,0.1258324,0.013066871637202153,1.0,0.0010883471162599038,289.7834053095839,0.0,256,2.0726667208300112e-11,2.6637956071539264e-12,4.323693059028639e-12,2.7815516673840614e-07,8.200024428937e-05,4.2904539393075476e-13,24.34761329055486,7.249720355633675,8.752702517362952,3.1135050238712645,1.1082562151832822,1.4556040830574095,0.05508121172981738,0.0,0.024443725695391983,1.716982916787412,0.02381450638965966,0.6701176139951999,0.028576483203010147,0.0006717186501993509,-0.0023282279017964296,0.6924280464931827,0.49883588604910195,621.4870536974266,289.78340819403405,0.6091702838902668,0.6091702876584743,0.6091702876917248,0.7614628595730928,3.687656157723634e-06,676,0.3251,0.319,0.01196,0.002347,1001,0.3275,0.3233,0.00525,2.4e-05,3,0.1369,0.9782,-7.8e-05,13.871,0.1395,0.6495,1.1e-05,13.882,0.1077,0.4774,5e-06,13.828,8.0024,1.7334,1.7347,1.728,0.34206,0.69872,1.80062,0.17514,0.9879,0.9873,0.9994,0.4935,3.6409,1.1203,0.112,7.9754,19.3976,5.3277,81,0.0939,-0.985,28,0.3318,-0.997,-1.0,0.0356637,0.0958516,-0.4576494,0.0072639,0.0207494,-0.0336702,0.0402117,204.0,175.0,0.0454727,0.0705514,-0.216151,-0.0177811,-0.0435839,-0.0195041,0.0509523,178.0,195.0,0.0994718,0.0640496,0.2166216,-0.0545047,0.005824,0.058638,0.0802689,169.0,203.0
94,2606,209300,0.0,0.0010779610690630876,9.099245238362175e-05,0.0010779610690630876,0.3803336631721605,9.654278464628563,7.788324312271769,-12.756661364960085,12.638920340388228,-0.06495686573487504,12.756661364960085,0.002144338938453613,12.562920197584699,5.05485088665589,-2.034405909618797,2.5580588826779067,-0.010890723182856752,2.5580588826779067,0.12658953300090184,2.144159413567671,1.2065557607796598,0.12639375842495493,1.7538698423224754,0.8292298735462945,0.0,1.379508697606906,0.6923535261091308,0.0008252707164704276,1.4142092883163087,0.9252591620161813,1.8555409877052665e-06,-0.7649892504974534,0,0,0,0.04276776238276179,0.5561979078053672,844,0.4219,0.09363,0.6588991161495917,-0.025546360552295352,0.8449258429695201,0.06937406670461499,0.12295083409564496,1.7823302962810244,0.05879647853037388,0.042767787370100785,1.3747842043256802,0.02940279855576552,0.1026665535390456,626,218,46,46,0,0.4223,834,0.5501013025323399,0.037272,0.03727233748963177,139.0,379.0,0.1203648,0.0486008,-0.0416407,0.0017335,0.0250016,0.5621048,-0.4200605,-0.3680127,0.6100443,0.7704154,-0.8567915,0.0356673,0.514428,523.0,374.0,-0.0416454,0.0538555,0.0194445,-0.049887,-0.0057976,-0.4918338,-0.5586559,0.2447248,-0.6213798,0.7444801,0.3610486,-0.9263127,-0.1076509,1190.0,372.0,0.0703948,0.0666607,-0.0496852,-0.0413935,0.0161742,-0.1188251,-0.7447239,0.091641,0.6502837,0.6326605,-0.7453447,-0.6209586,0.2426349,0.013066871637202153,1.0,0.0010944801114828868,289.783424281598,0.0,256,4.413995376866882e-11,6.254335430375256e-12,9.053248249299581e-12,3.561458068742946e-07,8.432294802286606e-05,7.664922671138975e-13,15.634936621917134,5.643479877283493,6.855924898920275,3.1049130963017304,1.0259793704999083,1.3752315992660855,-0.017062249960428627,0.0,0.016769047734193205,2.45090386364597,0.030162406850796804,0.8870531667408255,0.05935921037007394,-0.001380210443931326,0.0008919716122956843,0.6976305065713125,0.500445985806148,621.4870680223328,289.7834148733689,0.6091702725972643,0.6091702876569333,0.609170287691728,0.7614628595711666,3.7198853134301726e-06,680,0.3195,0.3134,0.01243,0.012068,1001,0.3283,0.3242,0.00561,0.000159,3,0.1349,0.9769,0.000103,13.87,0.1401,0.6421,0.000138,13.882,0.1061,0.4634,1.2e-05,13.828,8.0021,1.7333,1.7348,1.728,0.34205,0.70018,1.7987,0.17427,0.988,0.9873,0.9993,0.4935,3.6516,1.1236,0.1124,7.6243,19.7874,5.4188,81,0.0404,-0.1263,29,0.3356,-0.9799,0.0,0.0658669,0.1022685,-0.216502,0.040579,0.0355898,0.0386501,0.0663862,204.0,175.0,0.0823542,0.0883836,-0.0353143,-0.020138,-0.0039681,0.0634883,0.0667237,179.0,195.0,0.1177967,0.0469296,0.4302114,-0.0516456,-0.0329186,-0.0265757,0.0667621,169.0,203.0
95,2610,209304,0.0,0.0010959153498359777,9.324646394558511e-05,0.0010959153498359777,0.38491388579102326,9.649189717944477,7.789454391395234,-12.72554226958983,12.481091233042775,-0.06511750230688998,12.72554226958983,0.0048772984063346694,12.564704348203001,5.101484312077125,-2.0509983976651687,2.5755772625979163,-0.01108941007718432,2.5755772625979163,0.12730644423227688,2.137257264286484,1.2083890308751195,0.1271124987568045,1.7629845901743586,0.8304758951593372,0.0,1.393646989999763,0.7001123303070528,0.003039247411295354,1.4141816970855472,0.8993556578782508,1.0176108731079088e-05,-0.7667021184936913,0,0,0,0.044563756167362904,0.5565399251488781,845,0.418,0.0954,0.6658796247389823,-0.026937753250596507,0.8535225138683327,0.024797868893500934,0.12807375806185553,1.7856376480417036,0.06142435876536515,0.04456384800883339,1.3783450377352893,0.03084755939436583,0.10825674680639102,623,222,51,51,0,0.4177,834,0.5498827159676658,0.008011,0.008010909187031512,139.0,379.0,0.1189636,0.0303916,0.0191081,-0.0043942,-0.0232212,-0.6481185,-0.1323836,-0.6888591,0.2964628,0.7691943,0.6287288,-0.1445854,-0.7640649,523.0,374.0,-0.039678,0.0953416,0.0125988,-0.0927703,-0.0180269,-0.3663318,0.1610925,0.5970985,-0.6952148,0.7403747,0.1321442,-0.9730302,-0.1890773,1190.0,372.0,0.0693953,0.0389094,0.036559,0.0099637,0.0088377,0.6656597,0.3715973,0.5736303,0.2996013,0.6313479,0.9395932,0.2560738,0.2271359,0.013046815042210284,1.0,0.0011108776186157354,289.78342786276323,0.0,256,5.428687302077741e-11,6.745610304340042e-12,9.851886829286579e-12,2.9849771549445723e-07,8.628548901392302e-05,1.0438425615742585e-12,15.179746068094712,5.212288177217619,6.443701423677555,3.1173790776281036,0.9648051399672304,1.245863450805877,0.09793455027065887,0.0,0.007466856840402786,2.1114301083060347,0.024528518814115847,0.788797529961474,0.021683259066433043,0.004524707662573991,-0.0004716760982778492,0.6987820977296055,0.49976416195086115,621.4870895547839,289.78342491339635,0.6091702767048002,0.609170287652318,0.609170287691728,0.7614628595653974,3.7818427681414114e-06,683,0.3207,0.3156,0.00921,0.001534,1001,0.3313,0.3273,0.0053,0.006012,3,0.1344,0.9709,8e-06,13.87,0.1402,0.6428,-6.1e-05,13.882,0.1076,0.4408,2.5e-05,13.827,8.0019,1.7334,1.7348,1.728,0.34149,0.70025,1.79805,0.17401,0.9881,0.9873,0.9992,0.4931,3.6587,1.1257,0.1126,7.3844,20.0654,5.4843,81,0.1055,0.7973,29,0.0999,-0.6568,-1.0,0.0352753,0.0369603,-0.0233267,-0.0123596,-0.0028509,-0.0149886,0.0196354,204.0,175.0,0.1273485,0.0832944,0.209141,-0.0098408,-0.0282775,0.0352328,0.0462364,179.0,195.0,0.0938495,0.1059405,-0.0605185,0.0320189,-0.0790001,-0.0334064,0.0915544,169.0,203.0
96,2613,209308,0.0,0.0010964712875882348,9.464412493860556e-05,0.0010964712875882348,0.39228638968791146,9.651249460285792,7.7890208993886985,-12.693325576600913,12.505978510823006,-0.06959640474041127,12.693325576600913,0.00037737056801034896,12.562635542867048,5.097848752720633,-2.0837352534766236,2.596820698569476,-0.010975881177343154,2.596820698569476,0.1279007286745672,2.130385589186528,1.210604397999742,0.1277131414796755,1.770356838057804,0.8301642238619531,0.0,1.4077887114500016,0.7084551232395676,0.00018506090268577413,1.414184463690432,0.8993829578340798,1.8718157217502735e-05,-0.7683495927840256,0,0,0,0.046566918773254085,0.5565552724673225,845,0.4149,0.09686,0.6734780545478445,-0.02724843644949868,0.8627131838869069,0.046753624272695984,0.12920300007911728,1.789598842095792,0.06432017287485552,0.04656714228831074,1.3812351309133506,0.03237596326340873,0.10834406459306617,618,227,53,53,0,0.4145,834,0.5498643241595315,0.00321,0.0032101024567130487,139.0,379.0,0.1178752,0.0466429,0.020977,-0.0243541,-0.0337994,0.2280884,0.4894635,-0.8233986,0.1744014,0.7681049,0.4497367,-0.5221401,-0.7246424,523.0,374.0,-0.0443717,0.0203452,0.0160316,-0.0085517,-0.0091533,-0.5058595,0.0660443,-0.2303283,-0.8286695,0.7392291,0.7879788,-0.4203322,-0.4499003,1190.0,372.0,0.0704282,0.046884,0.0310558,-0.0323443,-0.0136929,-0.8679358,0.2221972,0.036264,-0.4427197,0.6294182,0.6623966,-0.6898781,-0.2920599,0.013793103448275862,1.0,0.0011117860450624282,289.7834376428607,0.0,256,2.5977894258814903e-11,5.043828542730324e-12,7.426631535472994e-12,3.3600630097193164e-07,8.779917671979324e-05,8.536294777061316e-13,25.57358385213993,6.107057703727051,8.062045523401775,3.074204036131343,1.2753308743915974,1.5630178898367368,0.002078046553079662,0.0,0.015206477851442204,1.2539425763944092,0.008808804362082538,1.4592713892968001,0.029448555381910806,0.002636838900411024,-0.0017648413064178536,0.70256650755624,0.4991175793467912,621.487101339732,289.7834304084142,0.6091702808892223,0.6091702876534679,0.609170287691728,0.7614628595668349,3.7837611558497086e-06,684,0.3236,0.3185,0.00655,-0.000805,1003,0.3291,0.3253,0.00605,-0.001151,3,0.1347,0.9694,-8.8e-05,13.869,0.1384,0.6435,-6.3e-05,13.881,0.108,0.436,-0.000115,13.826,8.0014,1.7333,1.7348,1.728,0.3413,0.6998,1.79377,0.17433,0.9881,0.9873,0.9992,0.4933,3.6595,1.126,0.1126,7.4128,20.0802,5.4871,81,0.125,0.8003,29,0.1801,0.8781,1.0,0.0498845,0.0438466,0.0644167,0.0030168,-0.0105969,-0.0024279,0.0112823,204.0,175.0,0.0981181,0.0686675,0.176578,0.0033798,-0.0153302,-0.0794166,0.0809533,179.0,195.0,0.0372956,0.1407644,-0.5810894,-0.0673794,0.0450105,0.0243679,0.0846151,169.0,203.0
97,2615,209310,0.0,0.0011092918035591896,9.673332321772775e-05,0.0011092918035591896,0.39783954521212966,9.647967558695361,7.789868057405186,-12.667423754862305,13.405163507024467,-0.06744973771657442,13.405163507024467,0.0018304630949396172,12.56284467976856,5.099771306412159,-2.1155566719332732,2.646584100395953,-0.01073057907354803,2.646584100395953,0.12834545162215083,2.123589486373517,1.2124226407434515,0.12816244294134188,1.7774284970059793,0.8346638594957209,0.0,1.4219305616427211,0.7176988661499499,0.00022022864180903934,1.4141885272461754,0.8929478612392535,1.4651128781328631e-05,-0.7699308217442896,0,0,0,0.04837997067784143,0.5564940668000933,845,0.4148,0.09882,0.6790035718345857,-0.02808493483231903,0.871093474712647,0.060871338408972575,0.12317505158350199,1.782015769048087,0.06703471943867945,0.04838011581924908,1.385584104203575,0.03382444111782274,0.11249729743078787,618,227,56,56,0,0.4144,834,0.5497623968702703,-0.001114,-0.0011140658136086223,139.0,379.0,0.1156308,0.0288336,0.0010343,0.0273176,-0.0091681,0.3079218,0.0598972,-0.7236728,0.614731,0.7666214,0.0358722,0.9474228,-0.3179673,523.0,374.0,-0.0448244,0.0279436,0.0208249,-0.0176548,-0.0059563,0.7209947,-0.1026628,-0.0114235,-0.6851982,0.7393333,0.7452463,-0.6318015,-0.2131543,1190.0,372.0,0.0725741,0.0586119,-0.034437,-0.0026361,-0.0473549,-0.1406544,-0.5413487,-0.807398,-0.1877933,0.6275706,-0.5875438,-0.0449762,-0.8079414,0.013394565633371604,1.0,0.001120943513510944,289.7834387079454,0.0,256,4.346810898824549e-11,5.914611575011651e-12,9.306842674359906e-12,3.68489763993633e-07,9.009249538980847e-05,1.367003551052317e-13,14.058761276601382,5.279193820562709,6.367998676985366,3.1086978734269213,1.1638909963722768,1.4521650523260752,0.10134937559300819,0.0,0.031308215547212546,2.384346663586139,0.025618287305960368,0.6707068787524622,0.035509024883915025,-0.0020857471364746894,0.0007061572939744172,0.6924181617707271,0.5003530786469873,621.487123591384,289.78344078378643,0.609170282580046,0.6091702876520722,0.609170287691728,0.7614628595650902,3.828002733899677e-06,686,0.3248,0.3198,0.00473,0.007234,1003,0.3287,0.325,0.00948,0.00071,3,0.135,0.9702,8.2e-05,13.869,0.1383,0.6528,-2.7e-05,13.882,0.1084,0.4498,-2e-06,13.825,8.0014,1.7333,1.7349,1.7279,0.34154,0.6983,1.78978,0.17474,0.9881,0.9873,0.9992,0.4933,3.6645,1.1275,0.1128,7.2887,20.2329,5.5213,81,0.0398,0.4353,29,0.2688,0.9815,0.0,0.0885157,0.0679368,0.1315344,-0.0142399,0.0676952,0.0326182,0.0764812,204.0,175.0,0.0569534,0.0692147,-0.0971819,-0.0455175,-0.0101563,-0.0337456,0.0575652,179.0,195.0,0.0992736,0.0267684,0.5752462,-0.0142396,0.0117921,-0.0469021,0.0504146,169.0,203.0
98,2620,209316,0.0,0.0011340113934512,9.9246928871682e-05,0.0011340113934512,0.3987720763551271,9.652804613702273,7.790368365954983,-12.645853376385954,12.281117211326182,-0.060348930324512925,12.645853376385954,0.0008127715510651418,12.566275242608093,5.092062786902311,-2.1245674536413954,2.67686325347728,-0.010915632954172163,2.67686325347728,0.12873713191324318,2.117627739787574,1.213696314177294,0.12855710614181226,1.783951936768657,0.829844800720114,0.0,1.4360724233685445,0.726304439032176,0.0013733894725942442,1.414190168428907,0.9000121948258812,1.0903535068543477e-05,-0.7714445901169987,0,0,0,0.049101060385488886,0.5556702523691891,848,0.4078,0.09789,0.6852141848455953,-0.029813055265802055,0.8790587170170736,0.05336698563934903,0.1328121118335795,1.7814653356003625,0.06890068268695336,0.049101320663651915,1.4032348164101065,0.03488704237925217,0.1161899173534179,614,234,56,56,0,0.4073,837,0.548910067870153,-0.011799,-0.011799161860382767,139.0,380.0,0.1124127,0.0751139,0.002315,-0.0675922,0.0326809,0.5978575,0.435503,0.5007993,-0.4495594,0.7587672,0.0308195,-0.8998621,0.4350843,523.0,374.0,-0.0456793,0.0492319,0.01337,-0.0315674,0.0353345,-0.7644284,0.6393974,-0.0628829,-0.0535341,0.7365142,0.2715715,-0.641197,0.7177154,1190.0,372.0,0.0743679,0.0892558,-0.0094377,0.0866555,-0.0191925,-0.549736,-0.1896346,0.7024043,-0.4104355,0.6285147,-0.1057373,0.9708669,-0.2150281,0.01338432122370937,1.0,0.0011448180095049775,289.7834524405056,0.0,256,4.0683475388922344e-11,8.735180157122032e-12,1.2329152916023484e-11,3.2038200677837954e-07,9.294795660439436e-05,2.3419809375525153e-13,22.113847114875135,6.497504967391545,8.007464044475158,3.0990921482115144,1.1634063757364297,1.4890676868823218,0.012247205490154373,0.0,0.027301254243193476,2.078152810975327,0.01550429954199247,1.6594132026257256,0.0301377004624373,0.00048561810977129844,0.001699692098044186,0.6940976132676702,0.5008498460490223,621.4871486918563,289.78345248749025,0.6091702796895928,0.6091702876479772,0.609170287691728,0.7614628595599715,3.913306242012403e-06,687,0.3268,0.3218,0.00496,0.001312,1004,0.3296,0.3256,0.01069,0.005334,3,0.1335,0.9685,0.00021,13.869,0.1362,0.6526,7e-06,13.882,0.1092,0.4435,8.2e-05,13.823,8.0009,1.7334,1.7351,1.7277,0.34155,0.69887,1.78775,0.17426,0.9882,0.9873,0.9991,0.4927,3.6626,1.1269,0.1127,7.2044,20.3373,5.5527,81,0.0865,-0.8951,28,0.2212,0.991,-4.0,0.0233738,0.1530652,-0.735049,0.0186793,0.053299,-0.0271114,0.0626477,205.0,175.0,0.0572646,0.082373,-0.1798112,0.0021945,0.0509571,0.0133304,0.0527176,179.0,195.0,0.102039,0.0981131,0.0196145,0.043156,0.0130076,-0.0116055,0.0465438,169.0,203.0
99,2622,209319,0.0,0.0011691195873131614,0.00010199654741786184,0.0011691195873131614,0.40449115813661124,9.64968472235107,7.79087523809237,-12.619448500273236,12.237257236187478,-0.0606805919518854,12.619448500273236,0.0032571725549745863,12.565376702484482,5.1093432957386025,-2.16487040051317,2.720652450825349,-0.010692165678390297,2.720652450825349,0.12900689447775712,2.111408754360257,1.2148304712284852,0.12883191832558022,1.7898088073614715,0.8319813438672441,0.0,1.4502142499233086,0.7353185498335905,0.00037286524823365585,1.414192591632939,0.9040013624089064,3.3711320405664365e-05,-0.7728804702631532,0,0,0,0.049922846588289264,0.5557591514354826,848,0.4118,0.1008,0.6909065163999866,-0.030207950778307128,0.8865769473449145,0.07891019243298879,0.1360145071167469,1.7777795671688164,0.07071065580429511,0.049923333397367736,1.416384904458792,0.03588197014781372,0.1245999088600848,618,230,51,51,0,0.4113,837,0.5489539666897152,0.014845,0.014844875224995446,139.0,380.0,0.1114745,0.1029109,0.0168887,-0.0872664,0.0518653,0.16806,-0.1094937,-0.852743,0.4822825,0.7572127,0.16411,-0.8479796,0.5039827,523.0,374.0,-0.0449763,0.0237055,-0.0018996,-0.0086037,-0.0220072,0.6811672,0.5803052,0.3277132,-0.3030861,0.7358382,-0.0801344,-0.362943,-0.9283592,1190.0,372.0,0.0764486,0.0832562,-0.0098138,0.0410808,-0.0717472,-0.3860152,-0.02173,0.0491975,-0.9209233,0.6282883,-0.1178751,0.4934258,-0.8617635,0.01450381679389313,1.0,0.001181364262260824,289.7834683644295,0.0,256,3.65087394519533e-11,7.66701175224554e-12,1.0460708815876902e-11,3.6338704487885767e-07,9.578692669861192e-05,7.495788591364168e-13,23.740815355029426,5.951950405587256,7.347644482608808,3.069287573461323,1.1570952026232995,1.5006231853315493,0.024963360041910923,0.0,0.023295237586288653,1.1868701040368894,0.02431522773757965,2.477286209363687,0.01677226512351713,-0.0031079971668369288,0.002817281543306036,0.7024123077849512,0.5014086407716531,621.4871635405714,289.7834594110637,0.6091702823631413,0.6091702876498997,0.609170287691728,0.7614628595623746,4.0344593500581465e-06,689,0.326,0.322,0.00743,0.014467,1004,0.3292,0.3251,0.01252,-0.001129,3,0.1344,0.9658,0.000331,13.869,0.1372,0.6574,-2e-06,13.885,0.1086,0.4393,9e-06,13.821,8.0012,1.7334,1.7354,1.7273,0.34104,0.69939,1.78384,0.17455,0.9883,0.9873,0.999,0.4928,3.7585,1.0962,0.1128,7.1143,20.4421,5.4389,81,0.1145,-0.9429,28,0.0278,-0.4714,-2.0,0.0844637,0.1314013,-0.2174397,0.0141021,0.0044541,-0.0203216,0.0251332,205.0,175.0,0.0383025,0.0434159,-0.0625744,-0.0230559,0.0245836,0.0005609,0.0337082,179.0,195.0,0.0627722,0.1431358,-0.3902888,0.0549327,-0.0194063,0.0263561,0.0639441,169.0,203.0
100,2626,209324,0.0,0.001197981485536949,0.00010506733513224501,0.001197981485536949,0.4118131290822652,9.644487715140519,7.791595884902961,-12.698748956725586,13.330100009151458,-0.06097596981113687,13.330100009151458,0.0005670625536690396,12.56244177325696,5.087180156033627,-2.1911631660333692,2.7455490415661132,-0.011040884040234742,2.7455490415661132,0.1292147719437226,2.1048110791905126,1.215672812753503,0.1290408230867035,1.7943193352097915,0.8316410135083225,0.0,1.464356084800229,0.7440524230372196,0.0007786665785179947,1.4141917650759432,0.9025027658574024,9.330791606152684e-06,-0.7742467003177177,0,0,0,0.05078847159963896,0.5558344380156689,848,0.4147,0.10263,0.6947989445152029,-0.03208073727402912,0.8929522251934188,0.03462110602387022,0.13889493623829297,1.7671414609352396,0.07238231598107837,0.0507897777329379,1.42513551371849,0.03680822630095179,0.12424319567592754,622,226,57,57,0,0.4144,837,0.5489882214548071,0.015797,0.01579749460913904,139.0,380.0,0.1105912,0.0308966,-0.0196445,-0.012127,0.0205336,0.001328,0.2201209,0.8794563,-0.4220208,0.7560708,-0.6358149,-0.3925014,0.6645917,523.0,374.0,-0.0441177,0.0529062,-0.0100936,0.042556,0.0297687,0.8164049,0.3643092,-0.3834426,-0.2318053,0.7362025,-0.1907829,0.8043669,0.5626685,1190.0,372.0,0.0776113,0.0397896,0.0196897,-0.0156668,-0.0308233,0.5581588,0.0312793,0.8068556,-0.1909566,0.6284577,0.494846,-0.3937403,-0.7746586,0.014492753623188406,1.0,0.0012142269509006068,289.7834753755322,0.0,256,2.7897091584743917e-11,3.760868566941399e-12,5.66033936602505e-12,3.52201240134331e-07,9.896378552377074e-05,1.7735024715679284e-14,19.296611148883265,5.788404028190882,7.13877517676067,3.125352816622029,1.1338047079374625,1.4473220850424036,-0.14325438250685563,0.0,0.02616294502323549,1.9986021914538108,0.005501402970196748,1.4556400166530996,0.017645037543522733,0.0004911690811015309,-0.0009403769281601795,0.6995251358400056,0.49952981153591997,621.4871687636528,289.78346184645204,0.609170282373333,0.6091702876464985,0.609170287691728,0.7614628595581231,4.134057471408514e-06,692,0.3238,0.3208,0.01049,0.000216,1005,0.3289,0.3246,0.01195,0.001894,3,0.1344,0.9593,0.000309,13.869,0.1381,0.6642,-1.3e-05,13.887,0.1079,0.4262,-4.3e-05,13.818,8.0009,1.7334,1.7357,1.727,0.34065,0.69966,1.78164,0.17483,0.9884,0.9873,0.9989,0.4924,3.7635,1.0977,0.1129,7.0296,20.584,5.4694,81,0.031,-0.2744,28,0.1158,-0.9957,-2.0,0.0440748,0.0182778,0.413728,-0.004797,-0.0061209,0.01775,0.0193789,205.0,175.0,0.0384473,0.1270701,-0.5354285,0.0280659,-0.0735967,-0.0217614,0.0817174,179.0,195.0,0.042724,0.0428227,-0.0011531,-0.0115586,-0.0076586,-0.0080288,0.0160224,169.0,203.0
101,2630,209329,0.0,0.001225879893727007,0.00010851006272143727,0.001225879893727007,0.41618509185221947,9.638988330372056,7.792782090697652,-12.822901771816689,13.397566191770736,-0.06396763702385357,13.397566191770736,0.0023303075236164135,12.56565977892135,5.110658199914003,-2.235451990473789,2.781521014228597,-0.011263073476727815,2.781521014228597,0.12975224751332912,2.0982893364165243,1.2178992660011325,0.12956957907825867,1.8021643584130793,0.8337755475610935,0.0,1.4784978402619222,0.7526813001289203,0.001962651544400562,1.414191126164357,0.8992167699504495,6.499539957638568e-06,-0.7755309265661738,0,0,0,0.05314661866714979,0.5557385837782608,849,0.4156,0.1043,0.701350519686041,-0.03263149114981575,0.9031825027194185,0.05160891406692899,0.14309286246875272,1.7740067046224837,0.07572768406878944,0.053148818394452506,1.4248234740942733,0.038597099029275155,0.12330878462034357,622,227,61,61,0,0.4148,837,0.5483224942766034,0.005364,0.005363793517259463,139.0,380.0,0.110428,0.0438229,0.0231611,0.0173142,-0.0329277,0.398163,-0.2005538,0.8807319,-0.1598615,0.75632,0.5285146,0.395094,-0.7513807,523.0,374.0,-0.0420403,0.098468,0.0268473,0.0944557,-0.0072994,0.1924973,0.8550873,-0.4417883,0.1912945,0.7355572,0.2726498,0.9592533,-0.0741292,1190.0,372.0,0.0776863,0.0284165,0.0026963,0.0280797,0.0034288,0.6976,0.4411449,-0.3313679,-0.4571003,0.6273593,0.0948856,0.9881484,0.1206623,0.015232292460015232,1.0,0.0012456611830930066,289.7834820496377,0.0,256,4.8368324138454323e-11,6.0808152365816696e-12,9.649099298536836e-12,4.5019003613774085e-07,0.0001024462847701268,1.1285411862144178e-12,19.85153773608931,5.787819628746062,7.039855438700205,3.1261810508587278,1.0023218372350922,1.3466813958112631,-0.08387771037766452,0.0,0.017356772164688023,0.8615780263407867,0.018687681981117525,1.858288538182429,0.03974932213348493,-0.0025445700383112343,-0.000427380487203698,0.6994070024515444,0.49978630975639826,621.4872353631393,289.78349290007753,0.6091702850364319,0.6091702876448719,0.609170287691728,0.7614628595560898,4.2303303112910985e-06,695,0.3191,0.315,0.01145,-0.002952,1005,0.3303,0.3259,0.01123,-0.000846,3,0.1327,0.9568,0.000228,13.867,0.1388,0.6645,-5e-06,13.888,0.1066,0.4184,-3.6e-05,13.814,8.0,1.7334,1.736,1.7268,0.33993,0.69782,1.78029,0.17577,0.9884,0.9874,0.9989,0.4928,3.7699,1.0996,0.1131,6.8397,20.8182,5.5222,81,0.1264,0.9738,28,0.141,-0.9762,0.0,0.0808982,0.0370423,0.3718471,0.0460292,-0.0041562,-0.0228334,0.0515492,205.0,175.0,0.1728132,0.0392823,0.6295792,0.0058766,0.067623,0.015412,0.0696055,179.0,195.0,0.0419365,0.0481709,-0.0691882,-0.0344296,0.0039149,1.76e-05,0.0346515,169.0,203.0
102,2635,209336,0.0,0.0012416348352022337,0.00011136600908578311,0.0012416348352022337,0.42421375039123305,9.625684648218202,7.794822886744736,-12.558961244026769,12.329421057908005,-0.06246638743846278,12.558961244026769,0.0059012728763286545,12.565705319257585,5.138077810848354,-2.249330528287249,2.835217518943529,-0.011527107492588276,2.835217518943529,0.13034031599868,2.0918629068659644,1.2203901593513695,0.08697637092430477,1.8108082382337045,0.8268385704919777,0.0,1.492639389693222,0.7605027838017224,0.003286059602144009,1.4141917581507881,0.9011149735738115,1.7603791200507304e-07,-0.7767619186948015,0,0,0,0.05592956906533646,0.5556871757467802,849,0.4148,0.10736,0.7100121085035443,-0.03462531602397792,0.9141225669730548,0.04842305640253131,0.13952938451925886,1.7868000607054924,0.07967332760451946,0.0559325885296491,1.424452715294693,0.04073729848998602,0.12290083729525347,622,227,70,70,0,0.4134,836,0.5476875664933291,0.000324,0.00032366002853745357,139.0,380.0,0.1092431,0.0392807,0.007109,-0.0270548,0.0275767,0.838661,0.0997249,-0.5160258,-0.1428986,0.7564489,0.1809799,-0.6887562,0.7020407,523.0,374.0,-0.0341115,0.0799426,0.0440728,0.0088372,-0.0661083,0.0230631,0.300072,0.1417358,0.943046,0.7350077,0.5513061,0.1105444,-0.8269471,1190.0,372.0,0.0777378,0.0944532,-0.04783,-0.0625819,0.0521267,-0.3575806,-0.2778987,0.6902454,0.5643313,0.6260412,-0.5063888,-0.6625708,0.5518789,0.014448669201520912,1.0,0.0012598907356190412,289.7835056948116,0.0,256,1.007699888058649e-10,1.2903261587499239e-11,2.062632188096122e-11,4.098731153825355e-07,0.00010559417352847333,-1.666720985016541e-12,22.956037339580092,5.74271900824,7.0867121047301165,3.1403495860062085,1.0642307186565088,1.447848811008467,-0.1188369963608359,0.0,0.023799831233054493,1.863889729936572,0.020062117149582444,0.23850392493232114,0.04800692779287674,0.0030731215374483084,0.0001427328310121967,0.6926533462035498,0.5000713664155062,621.4872699732439,289.783509037878,0.6091702805815993,0.6091702876385713,0.609170287691728,0.761462859548214,4.284698046913145e-06,700,0.3132,0.309,0.01089,0.001625,1005,0.3306,0.3262,0.00921,-0.00061,3,0.1301,0.9517,0.000259,13.865,0.1384,0.6615,-2.9e-05,13.888,0.1046,0.3993,-3.7e-05,13.81,7.9987,1.7334,1.7363,1.7265,0.33996,0.69726,1.77907,0.17489,0.9886,0.9874,0.9987,0.4926,3.7824,1.1032,0.1135,6.4436,21.2657,5.6223,81,0.1951,0.9314,28,0.1141,-0.4985,-1.0,0.0487759,0.0577693,-0.0844088,0.00614,0.0243199,0.0248091,0.0352796,205.0,175.0,0.0750141,0.1153795,-0.21201,0.0179558,-0.036666,0.0410528,0.0578976,179.0,195.0,0.0971541,0.1368537,-0.1696505,-0.0299689,-0.0070728,-0.0598104,0.0672714,169.0,203.0
103,2640,209342,0.0,0.0012524665894863198,0.00011365362834127099,0.0012524665894863198,0.4296472107366566,9.625921546678896,7.795105573679383,-12.523385178828574,12.259436279983712,-0.06119206135569917,12.523385178828574,0.0021877134971355332,12.565335526135692,5.1734121608082795,-2.2614807540822737,2.8973153498854862,-0.011330264685933043,2.8973153498854862,0.1308461085295723,2.0872834842032493,1.2223458612959754,0.13066779355424057,1.8189428648135293,0.8335367318590627,0.0,1.5067810668806474,0.7683609134461988,0.0015437016391012248,1.4141903243451386,0.9082623846102738,6.994572098466137e-07,-0.7778961931235823,0,0,0,0.058568698257514214,0.5554604563120938,850,0.4142,0.10766,0.7187996246150044,-0.03661779226438315,0.9238386599341422,0.029287511285552063,0.1401594823546903,1.7922086026025352,0.08347221364422056,0.05857247425406576,1.425109912245621,0.042815420736585244,0.12271830607681422,621,229,67,67,0,0.4127,837,0.5474183640994158,0.004735,0.004734798716663935,139.0,380.0,0.1078212,0.0570613,0.003181,-0.0029422,0.0568965,0.6113713,0.0129846,-0.7826051,0.1165582,0.7564303,0.0557463,-0.0515623,0.9971127,523.0,374.0,-0.0316669,0.0930215,-0.0566395,-0.0114307,0.0728993,-0.4221365,-0.8399252,0.33872,-0.0399396,0.7359705,-0.6088858,-0.1228823,0.7836824,1190.0,372.0,0.0792346,0.0568638,0.0459465,0.0329799,-0.0058935,-0.5359104,-0.124165,0.4851702,0.6797007,0.6247361,0.8080096,0.5799816,-0.1036428,0.014800759013282733,1.0,0.0012664334124752976,289.7835245691151,0.0,256,1.0036257234600165e-10,1.7890368551819494e-11,2.6296028955048072e-11,3.548482272197705e-07,0.00010803979371001975,4.787019392919974e-12,17.275453216494654,5.256798773339222,6.569851448627107,3.112864492960388,1.305171114672997,1.626309061437621,0.29985417062979025,0.0,0.01837993563886903,0.3075722964089115,0.017380889567598135,1.7371783549558668,0.03523627170262236,0.0006275384372972854,-0.0003366288497795492,0.700548705343394,0.4998316855751104,621.487284653402,289.7835158828576,0.6091702702875237,0.6091702876461689,0.609170287691728,0.7614628595577111,4.322076725691389e-06,702,0.3182,0.3142,0.00561,0.005858,1007,0.3279,0.3234,0.01011,0.001023,3,0.1321,0.942,-2.7e-05,13.864,0.137,0.6612,-3e-06,13.888,0.1054,0.3711,-3.9e-05,13.81,7.9987,1.7333,1.7363,1.7265,0.33995,0.69404,1.77662,0.1742,0.9886,0.9874,0.9987,0.4924,3.7837,1.1036,0.1135,6.4593,21.3147,5.6333,81,0.1914,0.7579,28,0.0639,0.3912,-1.0,0.059171,0.0585137,0.0055854,-0.0081491,0.0112101,0.0079408,0.0159728,205.0,175.0,0.0530664,0.1557447,-0.4917279,0.0131727,-0.0159523,-0.0717478,0.0746709,179.0,195.0,0.1237077,0.0525185,0.4039652,0.0827026,0.0024517,0.0015517,0.0827535,169.0,203.0
104,2642,209345,0.0,0.001284803267970345,0.00011736412374106423,0.001284803267970345,0.43530117626731046,9.622323539680156,7.795897654270382,-12.675166571435675,12.262647580246481,-0.059397207444323044,12.675166571435675,4.811348309097241e-05,12.566131341789276,5.184428271469638,-2.3078044850778623,2.9347481066393533,-0.011465246943160255,2.9347481066393533,0.13129083798479263,2.097898178500952,1.2242101875026536,0.13111306579877252,1.8260105126600847,0.8280798309841574,0.0,1.5209227284982376,0.7774637175405471,0.0011463242105136384,1.4141919914591758,0.9034311323373844,1.097284437921064e-07,-0.778980116317843,0,0,0,0.06105282433028962,0.5554029602891303,850,0.4111,0.10802,0.7258337401862599,-0.0375036730606029,0.9329527229498269,0.04464936873446781,0.13393868309741544,1.7847186113310127,0.0869667720727324,0.06105776486775617,1.4243359916808622,0.044737386243247024,0.11808477652229855,623,227,72,72,0,0.4088,836,0.5467692010963049,0.004533,0.004532863805481346,139.0,380.0,0.1069371,0.0573146,-0.0203275,-0.0507126,-0.0173203,-0.5911389,-0.6091241,0.2646355,0.4577015,0.7561503,-0.3546647,-0.8848109,-0.3021964,523.0,374.0,-0.0317411,0.0345762,-0.0312416,-0.0012857,-0.0147588,-0.0820676,-0.2444831,-0.373441,0.8910863,0.7362473,-0.9035578,-0.0371852,-0.4268495,1190.0,372.0,0.0801762,0.0502012,-0.0083239,-0.0295875,0.039692,-0.611352,0.2126089,-0.7023187,-0.2963015,0.6235791,-0.1658099,-0.5893776,0.7906587,0.015151515151515152,1.0,0.0013049434200054708,289.7835303313228,0.0,256,4.742870654361112e-11,7.14870131417288e-12,1.0111498024094768e-11,4.414931876035227e-07,0.00011181200699465882,1.6391181977870002e-12,19.95214075998328,5.84272130325134,7.217295435969323,3.1332248691977,1.1311846300187791,1.4460362421618465,-0.007910482415167869,0.0,0.013253266718959121,1.3204860516633703,0.023988585096008597,2.114015034122838,0.04326750163905745,-0.0006223164898488914,-0.0005120896552416573,0.7066890547679112,0.4997439551723793,621.4873195441355,289.78353215150815,0.6091702788648156,0.6091702876361718,0.609170287691728,0.7614628595452146,4.433665565573301e-06,704,0.3158,0.3118,0.00301,0.015829,1007,0.3314,0.327,0.00968,-0.000517,3,0.1302,0.9363,-0.000159,13.864,0.1376,0.6636,7e-06,13.889,0.106,0.3585,-0.000178,13.812,7.9991,1.7331,1.7363,1.7267,0.34006,0.69231,1.77436,0.17419,0.9887,0.9874,0.9987,0.4924,3.7886,1.105,0.1137,6.3323,21.4686,5.6666,81,0.1691,0.3087,27,0.1313,0.8202,-1.0,0.0969949,0.042887,0.3868109,0.0175293,-0.0525879,-0.0118158,0.0566778,205.0,175.0,0.0371215,0.0717968,-0.3183608,0.0395134,0.0206411,-0.0143764,0.0468406,179.0,195.0,0.0850445,0.0599376,0.1731723,-0.0086768,-0.0553324,-0.0090585,0.0567364,169.0,203.0
105,2647,209352,0.0,0.0013049304838175587,0.00012031776181400238,0.0013049304838175587,0.44545948562202276,9.62671894732693,7.7956855155451334,-13.401893561263117,12.369526205942211,-0.05896462777459446,13.401893561263117,0.000501972104448356,12.565752039010551,5.204443877321809,-2.3120507277963966,2.9860400049179074,-0.010980669375451078,2.9860400049179074,0.131907385233929,2.1088037933551673,1.2255265065761225,0.13172577072366148,1.8340140245415422,0.839463556811533,0.0,1.535064488082688,0.7855904284616307,0.0005942315308257173,1.4141923961588359,0.8994996088443605,3.685133901872479e-07,-0.7799538167819577,0,0,0,0.06395944812492997,0.5553572738624764,850,0.407,0.10814,0.7343985778371973,-0.03838629444147234,0.9425329954785003,0.08542093910016951,0.13422678314394293,1.791196017476235,0.0910593008990281,0.0639654265573013,1.423570603683158,0.04699706748371232,0.11218959816716823,623,227,71,71,0,0.4057,835,0.5461245077539648,0.005958,0.005958424485771552,139.0,380.0,0.1061107,0.1058226,0.0766225,-0.0194224,-0.0703575,-0.1214018,0.7021328,-0.6316778,0.3053756,0.7558712,0.7240659,-0.1835369,-0.664863,523.0,374.0,-0.0331609,0.0269372,-0.0134377,0.0013665,-0.0233061,-0.7450617,0.5245275,-0.3705099,0.1802122,0.7363127,-0.4988527,0.0507293,-0.8652009,1190.0,372.0,0.0805717,0.0194112,0.0020676,0.0192466,-0.0014447,-0.9728785,0.0448275,0.0577723,-0.2194546,0.6220814,0.1065164,0.9915217,-0.074424,0.01514004542013626,1.0,0.0013161347279341366,289.78354869598564,0.0,256,4.5272179695680777e-11,6.9219468379796e-12,1.0107527427633226e-11,4.254568678121113e-07,0.0001148111100028656,3.942016352167046e-14,23.087055134632127,6.060852602725029,7.412965740074101,3.1146717129216834,1.2259202701754321,1.5357628535883063,0.13212592115162738,0.0,0.024693127575410905,2.1803002881814555,0.02085938290775945,1.9517193670770114,0.01704771321003404,-0.0023210419271258312,0.0005504282725337765,0.6945727512655737,0.500275214136267,621.4873310722908,289.7835375267901,0.609170280923365,0.609170287635994,0.609170287691728,0.7614628595449925,4.5031215194442145e-06,705,0.3213,0.3174,0.00319,0.014595,1011,0.3294,0.3261,0.01126,0.001382,3,0.1314,0.9242,-0.000166,13.864,0.1355,0.6687,1.7e-05,13.889,0.1074,0.334,-7.5e-05,13.814,7.9995,1.733,1.7362,1.7269,0.3401,0.69361,1.77278,0.17582,0.9887,0.9873,0.9986,0.4923,3.7864,1.1044,0.1136,6.5586,21.3301,5.6333,81,0.1796,-0.4367,27,0.2372,0.7629,1.0,0.107063,0.1058958,0.0054809,0.0100095,-0.0135018,-0.003365,0.017141,205.0,175.0,0.0727131,0.0724529,0.0017923,0.0240502,0.062923,-0.003087,0.0674332,179.0,195.0,0.0323401,0.0355761,-0.0476479,0.0186745,0.0014931,0.0204403,0.0277267,169.0,203.0
106,2652,209359,0.0,0.0013209029621449367,0.00012318511988281144,0.0013209029621449367,0.4538066509453952,9.622775528650214,7.796588294283026,-14.150332537666959,13.386184675474416,-0.05936724465653622,14.150332537666959,0.001415460623682388,12.564663060806016,5.211196449099344,-2.335737143768406,3.006218621555573,-0.010889688336894927,3.006218621555573,0.13242938743175936,2.1190912665475463,1.2269337957643653,0.0858580449723676,1.8241653917542597,0.8394411018964818,0.0,1.5491966966684607,0.7934030159518134,0.00013009098610028413,1.414187359484142,0.8974428333134605,3.2946767663566286e-06,-0.7808755716839182,0,0,0,0.0668614970690162,0.5553412396636555,850,0.4034,0.10796,0.7431422645834682,-0.03976523209016523,0.9515097984488763,0.033402000215284944,0.13151278214759532,1.789086775988885,0.09508480815234624,0.06686877307728233,1.421961309839703,0.04922225870301885,0.11192022596452027,622,228,74,74,0,0.4021,835,0.5460536935749872,0.001652,0.0016523310125242663,139.0,380.0,0.1054173,0.0712852,-0.0666681,0.0209284,0.0141049,0.7090914,0.6363034,-0.2249989,0.2041638,0.7557006,-0.9352303,0.293587,0.1978663,523.0,374.0,-0.0312079,0.0392235,0.0077419,-0.0077211,-0.0376687,-0.8826121,0.0920678,-0.4533503,-0.0836238,0.7380487,0.19738,-0.1968482,-0.9603603,1190.0,372.0,0.0838763,0.0466389,0.0348294,-0.0308484,-0.0032368,-0.6710789,-0.1520271,0.7255822,0.0084452,0.62131,0.7467881,-0.661431,-0.0694013,0.015489233094068758,1.0,0.001337396090310166,289.7835490483747,0.0,256,5.471727935174151e-11,1.1551861287175825e-11,1.610078401952691e-11,4.5856495922163786e-07,0.00011796465404337848,3.806970560484538e-13,17.476300665845542,5.740587523335281,6.947304532554795,3.1225571553731286,1.2032458560274886,1.489147162584596,0.09220878519077255,0.0,0.006233458442009352,2.1511758726374155,0.02304873756057601,2.2000245155690195,0.027632302155010603,-0.0016817627879858596,-0.0004316239461968314,0.6925005048352215,0.4997841880269017,621.4873525602002,289.78354754604885,0.6091702787543936,0.6091702876396583,0.609170287691728,0.7614628595495728,4.558240015110019e-06,708,0.312,0.308,0.00422,0.008705,1013,0.3231,0.3198,0.01452,0.001228,3,0.1265,0.9217,-8e-05,13.863,0.1316,0.6669,-1.2e-05,13.89,0.1023,0.3256,-0.000101,13.815,7.9998,1.733,1.7362,1.7269,0.34023,0.69327,1.772,0.17589,0.9888,0.9872,0.9984,0.4921,3.788,1.1048,0.1136,6.5344,21.4024,5.6501,81,0.1894,-0.9006,27,0.1925,0.654,1.0,0.1244809,0.0549784,0.3872882,-0.0586134,-0.0182351,0.0427455,0.0748012,205.0,175.0,0.121272,0.0564719,0.3645699,-0.025416,0.0180339,-0.078023,0.0840165,179.0,195.0,0.0372314,0.0667462,-0.283858,-0.0179818,-0.001782,-0.0134927,0.0225516,169.0,203.0
107,2660,209369,0.0,0.001355250133046165,0.00012665388452410826,0.001355250133046165,0.4645327373083525,9.608390672765127,7.799023132230578,-12.522273199822255,12.316805011973173,-0.06248981711371308,12.522273199822255,0.0019972434000200333,12.559502325607106,5.20053416728806,-2.360929510205119,3.0502274041645125,-0.011523536742327412,3.0502274041645125,0.13292996772779447,2.129281706553333,1.2280279571074988,0.10895585400861241,1.8353666427912672,0.8354504345690571,0.0,1.563338408550195,0.8004021251995214,0.000269130464435996,1.4141863977245859,0.9001808038719328,1.899845838122964e-06,-0.7817274261809714,0,0,0,0.07002101309151171,0.5552956933565006,850,0.4018,0.10779,0.7511042175077594,-0.040533291446902556,0.9615321225287238,0.06814863983233739,0.13429469997775997,1.790297923051472,0.0994684287178338,0.07002997033918452,1.4203694252056152,0.05163352718827023,0.10894230430260449,623,227,73,73,0,0.4005,835,0.5459534677298239,0.001871,0.001871409528133361,139.0,380.0,0.1047435,0.0951487,-0.0168332,-0.0118583,-0.092894,0.9123018,-0.4083569,0.0188123,0.0244173,0.7555893,-0.1769152,-0.1246289,-0.9763036,523.0,374.0,-0.0268868,0.0589351,-0.0066587,-0.0188641,0.0554361,0.9820994,-0.0421524,0.0656376,0.1714517,0.7402566,-0.1129831,-0.3200821,0.9406286,1190.0,372.0,0.0844916,0.0530271,-0.0390208,-0.0110138,0.0341753,-0.5209834,-0.7184645,-0.4290864,-0.1681367,0.6201993,-0.7358653,-0.2077008,0.6444863,0.01583710407239819,1.0,0.001372359797886665,289.78356444065565,0.0,256,5.864197856683713e-11,1.662382978669644e-11,2.2837223628044724e-11,5.534872600078138e-07,0.00012177184638034355,-3.3415196267369273e-12,17.74115753408434,5.783828624960767,7.008360519097618,3.1336136072405667,1.225895788642322,1.57367573178358,-0.20142702624366798,0.0,0.0173172579546565,1.4202753327291464,0.028945916970066293,1.0975137615285337,0.02806388789508689,0.0016572915160701026,-0.0010803534654979987,0.6994792904193861,0.4994598232672511,621.4873560697528,289.7835491824628,0.6091702617577606,0.6091702876336191,0.609170287691728,0.7614628595420239,4.676766976143386e-06,714,0.3113,0.3073,0.00529,0.0051,1015,0.3248,0.3224,0.015,0.000388,3,0.1256,0.926,0.000141,13.863,0.1315,0.6592,4.4e-05,13.891,0.1023,0.3265,2.1e-05,13.815,7.9999,1.7329,1.7364,1.7268,0.33996,0.69301,1.77207,0.17533,0.9891,0.9871,0.998,0.4917,3.8955,1.0768,0.114,6.2436,21.7999,5.5962,81,0.1822,-0.9688,27,0.0301,-0.8964,1.0,0.1041161,0.0905733,0.0695613,-0.0236971,0.0084652,-0.0146966,0.0291411,205.0,175.0,0.0820622,0.0621774,0.1378594,-0.017699,0.0326435,0.0193556,0.0418747,179.0,195.0,0.1052558,0.1229637,-0.0775914,0.04147,0.059498,0.0691363,0.1001978,169.0,203.0
108,2662,209371,0.0,0.0013789316424495455,0.00013025707137310417,0.0013789316424495455,0.4702510530610369,9.604967094872634,7.799751797874517,-12.430731819030832,12.269781105003265,-0.06331252939599463,12.430731819030832,0.002277464833532244,12.558710377321066,5.186260084749846,-2.379141760074803,3.0687256933675453,-0.011554354270644947,3.0687256933675453,0.13343310128984756,2.139120321468891,1.2298095182318505,0.13326007310939803,1.849578995335995,0.8371536517850471,0.0,1.5774801948338308,0.8092716371045473,0.0008420055439497531,1.4141901784085447,0.8967883885662934,1.3038715546463762e-05,-0.7824939304912899,0,0,0,0.07361122314836906,0.5552491669693791,850,0.4015,0.10822,0.7594470726960436,-0.04142729955838916,0.9719171158813376,0.036905540589604324,0.13199453527306568,1.7967462115652555,0.10432781508536436,0.07362152627963192,1.4170830239120922,0.054312473952670644,0.10865859951353006,625,225,67,67,0,0.4003,835,0.5458527171823034,0.001269,0.0012688471377613197,139.0,380.0,0.1039382,0.0412562,-0.0263006,0.0170268,-0.026841,0.2047214,0.3473322,0.269488,-0.8745432,0.7555798,-0.6374941,0.4127097,-0.6505936,523.0,374.0,-0.0251016,0.0451165,-0.0025821,-0.0049361,-0.0447713,-0.7574015,0.0133985,-0.3568429,0.5466503,0.739834,-0.0572321,-0.1094077,-0.9923479,1190.0,372.0,0.0844478,0.0441935,-0.0141272,0.0371601,0.0193033,-0.4677641,-0.7661227,-0.294004,-0.3283511,0.6198952,-0.3196667,0.8408492,0.4367904,0.016541353383458645,1.0,0.0013951593229395592,289.78356241550426,0.0,256,6.725787374164007e-11,9.431741631442867e-12,1.3113231243112524e-11,5.291378229066504e-07,0.00012541542148680098,-2.422366687586064e-13,18.796765723494886,5.9521871331757605,7.26312040156195,3.1396227408625057,1.049348783113806,1.3811096814726807,0.005545576556334007,0.0,0.006300761549853904,2.040443369797811,0.008404397024160187,1.1989399649087298,0.011649468954010669,-0.0006307672879405893,-0.00014197699031878586,0.6884753544896917,0.4999290115048407,621.4873561102115,289.78354920132773,0.609170281644874,0.6091702876338236,0.609170287691728,0.7614628595422795,4.758488348458766e-06,716,0.3079,0.3029,0.00654,0.002995,1015,0.3236,0.321,0.01533,0.000411,3,0.1241,0.925,1.5e-05,13.864,0.1311,0.6729,2.3e-05,13.892,0.1009,0.3412,9e-06,13.816,8.0005,1.7329,1.7364,1.7269,0.33994,0.69151,1.76878,0.17566,0.9892,0.987,0.9978,0.4914,3.8995,1.0779,0.1141,6.1414,21.9282,5.6233,81,0.1572,-0.6976,27,0.2043,-0.8714,-1.0,0.0435568,0.0986705,-0.3875043,0.0525315,0.0208251,0.013012,0.0579875,205.0,175.0,0.0229289,0.0904585,-0.5955649,0.0238573,-0.0018849,0.0440563,0.0501366,179.0,195.0,0.0690306,0.0442438,0.218821,0.0050793,0.0079423,0.0397555,0.0408581,169.0,203.0
109,2669,209379,0.0,0.001395066762627995,0.00013323528056224018,0.001395066762627995,0.47728214924181145,9.593584747504915,7.802065081928264,-12.861759382655844,12.324270810466974,-0.0668885929569759,12.861759382655844,0.00022884181060288012,12.56302712443392,5.18170188620386,-2.4326308929184064,3.101510211947226,-0.01167487080087995,3.101510211947226,0.13392034211173842,2.1481232148664167,1.2313434730354602,0.13374841956309313,1.8660286625842863,0.841502100029048,0.0,1.5916219707484567,0.8164739021588476,0.00027237531449686436,1.4141900279357547,0.9073522943168634,3.008177185063948e-06,-0.7831952823614705,0,0,0,0.0775338388217741,0.5550349939937351,851,0.4012,0.10994,0.7684744047852486,-0.04203118011725992,0.9819787669249932,0.05415096018950321,0.1311321453273804,1.8008822165300273,0.10948977625456287,0.07754553851348153,1.4119416584556663,0.0571668986363562,0.10531853337318911,625,226,60,60,0,0.3999,836,0.5455928907013952,0.001496,0.0014955517276673547,139.0,380.0,0.1035934,0.0664303,-0.0441832,0.0382992,-0.0315279,-0.2147831,0.1203313,0.962482,-0.114092,0.7555638,-0.6651057,0.5765316,-0.4746006,523.0,374.0,-0.0208435,0.0922418,-0.0651608,0.060387,-0.0248198,-0.7937861,0.3215973,-0.3938368,-0.3337236,0.7389118,-0.7064131,0.6546604,-0.2690729,1190.0,372.0,0.0872377,0.0613504,0.0277664,-0.0413054,-0.0358714,-0.3975761,-0.2433171,-0.5337193,0.7056017,0.6205297,0.4525879,-0.6732712,-0.5846966,0.01728024042073629,1.0,0.0014085525280988984,289.7835634466961,0.0,256,4.1903994651080384e-11,8.61106000962551e-12,1.1639610458800983e-11,4.5795174785978834e-07,0.0001285386501170846,-1.5527681155436783e-12,19.71657262037804,5.568157122126995,6.735060966494685,3.123701262024879,1.0222927721744957,1.3295531664604672,-0.08809238661789329,0.0,0.014450313864280242,2.061020221743404,0.02219947236384428,2.2600103842320687,0.02486828066914739,-0.0011289971100555383,-0.0008662861843416821,0.6937518571739696,0.4995668569078293,621.4873754877627,289.78355823658086,0.6091702795279541,0.6091702876312625,0.609170287691728,0.761462859539078,4.814168102280858e-06,721,0.2975,0.2924,0.00776,-0.008964,1016,0.3215,0.3185,0.01572,0.001698,3,0.1197,0.9271,0.000122,13.863,0.13,0.6741,7e-06,13.892,0.0967,0.348,-3e-05,13.814,8.0001,1.7329,1.7365,1.7267,0.33952,0.69,1.76761,0.17607,0.9894,0.9869,0.9975,0.4904,3.9107,1.081,0.1145,5.8047,22.3409,5.7128,81,0.1166,0.1556,27,0.2366,-0.7469,-1.0,0.0926419,0.0690382,0.1459897,-0.0293398,0.0326704,0.0282877,0.0522338,205.0,175.0,0.1623829,0.0328021,0.663887,-0.0320477,0.0565335,-0.0216616,0.0685005,179.0,195.0,0.0453978,0.0909058,-0.3338721,-0.026679,-0.0026009,0.0133483,0.0299451,169.0,203.0
110,2671,209382,0.0,0.0014192250548580973,0.00013696193649937382,0.0014192250548580973,0.48309395602941535,9.590350713777552,7.802697600264528,-12.507946621409747,12.119049041906367,-0.070047198756835,12.507946621409747,0.0006360772061604139,12.564471453007,5.1811735611330745,-2.4718498957601076,3.1482236654418183,-0.011802009101753323,3.1482236654418183,0.13432942780376367,2.1556083539911186,1.232868039748237,0.13415986855657872,1.8733875818860657,0.8392816238520415,0.0,1.6057635385947095,0.8255670311354841,0.003005181487983233,1.4141922715213948,0.9012429166094453,5.978316117624091e-07,-0.7838596123961018,0,0,0,0.08092331358784516,0.5549524542145073,851,0.4021,0.11043,0.7771062051323303,-0.04261254993772009,0.991642506901702,0.06066668410983853,0.12771730523715868,1.7977853919323823,0.1140929702800956,0.08093664203143704,1.4096578189614062,0.05974641007497351,0.1052593661417815,627,224,66,66,0,0.4015,835,0.5449089023717639,0.004663,0.004663246131271892,139.0,380.0,0.102835,0.0418699,-0.0171773,-0.0381398,-0.0018391,-0.3517936,-0.7902369,-0.1605339,0.4753901,0.7551398,-0.4102541,-0.9109128,-0.0439249,523.0,374.0,-0.0238118,0.0346858,0.0095437,-0.0146958,0.0299342,0.79548,0.1324995,0.5878954,0.0635179,0.736399,0.2751482,-0.4236843,0.8630093,1190.0,372.0,0.0899472,0.0071621,-0.0053979,-0.0041358,-0.002248,-0.5912194,0.689713,0.3455571,-0.2352573,0.6207834,-0.753674,-0.5774577,-0.3138759,0.01910828025477707,1.0,0.0014365783517517228,289.7835720914359,0.0,256,1.0283034931113088e-10,1.6516265324008556e-11,2.3879176568506687e-11,4.5895601772695404e-07,0.00013226271001226257,1.6275397742425885e-12,21.47209093496273,5.695767303091825,6.905750785823439,3.132422814466556,1.180748482081274,1.5059375522295084,0.11977036177670611,0.0,0.02059343514547207,0.8452999474691694,0.01657882541591716,2.4009518681704294,0.026570561098693147,-0.0025595482449032605,-0.00043459671320216344,0.6927650962405968,0.49978270164339905,621.487420499796,289.7835792245328,0.6091702824434487,0.6091702876312226,0.609170287691728,0.7614628595390283,4.8975344243313394e-06,723,0.2977,0.2926,0.00556,-0.019431,1016,0.3204,0.3175,0.01541,0.000576,3,0.1201,0.9226,0.000182,13.862,0.1298,0.672,4.2e-05,13.894,0.0964,0.3344,-4.2e-05,13.812,7.9998,1.7328,1.7367,1.7266,0.33922,0.68865,1.76637,0.17501,0.9895,0.9869,0.9974,0.4905,3.9149,1.0822,0.1146,5.6473,22.5132,5.7506,81,0.1513,0.9613,26,0.1335,-0.4912,0.0,0.0432698,0.063871,-0.192281,0.015592,-0.0017727,0.0279471,0.0320514,205.0,175.0,0.1126485,0.0751602,0.1996089,0.0074122,-0.0878186,0.0060635,0.0883392,179.0,195.0,0.0913186,0.1136277,-0.1088535,-0.039758,0.061367,0.0700141,0.1012353,169.0,203.0
111,2674,209385,0.0,0.0014347006507997365,0.00014053360540480285,0.0014347006507997365,0.48983059237030446,9.583387294545217,7.804140390461318,-12.356808688375933,12.149911436579403,-0.06363744496236122,12.356808688375933,0.0009320872241591616,12.564927305243273,5.174395818121565,-2.521451223495793,3.1845425696145124,-0.012061457330894238,3.1845425696145124,0.13483469341691362,2.1638001286954824,1.2346834304019965,0.1346641681695616,1.8817995748759486,0.8378694422572793,0.0,1.619905385237348,0.833910134230026,2.5482448354430254e-05,1.4141911829543208,0.8949824175617834,4.183867605047326e-05,-0.7844492933417133,0,0,0,0.08504975973835259,0.554908762278954,851,0.4007,0.11135,0.7849671680470262,-0.043955634507601885,1.0031532559852692,0.00948248321368317,0.12529815840338807,1.7995264594363312,0.11952169203218962,0.0850649245003246,1.4050643403760799,0.06276471768644143,0.10479901850456858,628,223,65,65,0,0.3994,833,0.5437151674141674,-0.000298,-0.00029754654516667145,139.0,380.0,0.102137,0.0577629,0.005478,0.0358319,-0.0449735,-0.6593215,0.4186067,-0.458153,0.4244519,0.755279,0.0948368,0.6203273,-0.7785885,523.0,374.0,-0.0188701,0.0712194,0.0130855,0.0550634,0.043232,0.7272369,-0.6442073,-0.1934249,-0.1367849,0.7389864,0.1837352,0.7731508,0.6070249,1190.0,372.0,0.0913907,0.0530625,0.0300752,0.0360481,0.0247315,0.2983987,0.5459424,-0.3522255,0.6991725,0.6202872,0.5667881,0.6793516,0.4660822,0.019093972295020592,1.0,0.0014534717314455714,289.78359299219335,0.0,256,8.522987754075891e-11,2.0291615044197566e-11,2.693897187884965e-11,5.453560717242515e-07,0.00013594896261708567,4.104432477714518e-12,23.20962552857661,5.497136401204363,6.780745430862533,3.113407512720773,1.0993641971048609,1.4732134341161751,0.07884899376882545,0.0,0.01976391369102551,2.5685618007944973,0.027631040629754088,2.7060784752664793,0.023795737046063185,-0.0023237855019526375,-0.0013355925731845014,0.7043961666777717,0.49933220371340786,621.4874535239235,289.78359462283294,0.6091702799017044,0.6091702876344531,0.609170287691728,0.7614628595430664,4.950938139431486e-06,726,0.2982,0.2932,0.0056,0.018265,1016,0.3182,0.3153,0.01435,0.001025,3,0.1199,0.9204,-7e-06,13.863,0.1286,0.6772,8e-06,13.895,0.096,0.3356,-3e-05,13.813,8.0003,1.7328,1.7368,1.7266,0.33976,0.68965,1.76315,0.17691,0.9897,0.9868,0.9971,0.4899,3.9224,1.0842,0.1148,5.4394,22.7582,5.8021,81,0.1939,0.8868,26,0.0545,0.4564,0.0,0.0703487,0.08369,-0.0866103,0.0249896,-0.0342908,-0.0263066,0.0499237,205.0,175.0,0.0296256,0.1657346,-0.6967082,-0.0049553,-0.0761945,-0.0614594,0.0980174,179.0,195.0,0.0492824,0.0798233,-0.2365568,-0.0329,0.0130398,-0.0029284,0.0355109,169.0,203.0
112,2679,209392,0.0,0.0014477885097107332,0.00014324796080089828,0.0014477885097107332,0.48494181854298307,9.57860954336341,7.805083284896071,-12.444911671714493,13.359824214362686,-0.06486656594684492,13.359824214362686,0.0032695198554701984,12.56007612152237,5.16195257312381,-2.5436645458115255,3.2340828332459073,-0.01214761583678932,3.2340828332459073,0.13532116657764304,2.171789725709892,1.2361694853320147,0.13515354918904343,1.8901727381953044,0.8385219146056183,0.0,1.634047205891749,0.8413804604552853,0.0002763973139190412,1.4141908913348353,0.904218477470133,2.7662829740019185e-06,-0.7849559386904855,0,0,0,0.0893588283347924,0.5548522123498817,851,0.4001,0.11055,0.7936243357432302,-0.04534169723931184,1.013595859057658,0.021397326172077923,0.12696134448279797,1.8007455408790851,0.12518435384356158,0.08937574041852878,1.4006524953790391,0.06591064456022465,0.10435863215869755,628,223,62,62,0,0.3988,833,0.5435993018031661,0.001848,0.0018475975917298104,139.0,380.0,0.1013521,0.0285943,0.0045087,-0.0224851,-0.0170801,0.420766,0.1343921,0.8297123,-0.3412802,0.755312,0.1576769,-0.7863467,-0.5973248,523.0,374.0,-0.0169416,0.0720524,0.0379677,-0.0448005,0.0417482,-0.4810029,0.0870751,0.3814463,0.7845717,0.739297,0.5269458,-0.6217772,0.5794145,1190.0,372.0,0.0939798,0.0550901,0.0029244,0.0494524,-0.0241004,-0.3735617,-0.0815989,-0.0419105,0.9230584,0.6194118,0.0530836,0.8976636,-0.4374726,0.02019446522064323,1.0,0.0014645679375183272,289.7836104992587,0.0,256,7.696047881928775e-11,1.5230210925988853e-11,2.209821076844565e-11,5.229350218693649e-07,0.00013905051515659497,-1.4802388701967053e-12,24.927018681931138,5.9201234928042465,7.307994766987634,3.1331575625430768,0.8581744362711102,1.178834990769693,-0.07055936871936094,0.0,0.01038136839911709,1.5994908788669278,0.018363862921966047,1.0374527686633928,0.012051657723726959,-0.0025667686432112816,-0.001298100800760566,0.6927186203830799,0.4993509495996199,621.4874760414,289.7836051221524,0.6091702805110198,0.6091702876279691,0.609170287691728,0.7614628595349613,4.996102209096499e-06,729,0.2967,0.2916,0.00382,-0.004348,1018,0.3157,0.3128,0.01709,0.001825,3,0.1194,0.9135,8.6e-05,13.863,0.1274,0.6785,-8e-06,13.896,0.095,0.3209,-1.5e-05,13.813,8.0003,1.7328,1.7369,1.7265,0.33964,0.68855,1.76123,0.1773,0.9898,0.9867,0.9969,0.4897,3.9241,1.0847,0.1149,5.4145,22.8428,5.8212,81,0.2364,0.5276,26,0.2456,0.2851,1.0,0.0347977,0.0843938,-0.4161044,-0.0004213,0.0524467,-0.0064648,0.0528453,205.0,175.0,0.0971019,0.1168694,-0.0923841,0.0221052,-0.0220887,-0.0738275,0.0801689,179.0,195.0,0.0325361,0.0957959,-0.4929382,0.0099914,-0.0170563,0.031214,0.0369467,169.0,203.0
113,2682,209396,0.0,0.0014670480772619396,0.00014689938473542804,0.0014670480772619396,0.482002236515954,9.571961193342723,7.805898177569733,-12.330063982980526,12.18741828814312,-0.06759382160755659,12.330063982980526,0.0036773741660385308,12.564394321946054,5.206453406731252,-2.5819702811697254,3.2908249398926084,-0.012361251305213771,3.2908249398926084,0.13579802163346372,2.179212117666201,1.2376891319825674,0.09203676810117656,1.8796966933002481,0.8370224540115504,0.0,1.6481890343841754,0.8499079558495917,0.00016850572209370362,1.4141924492178246,0.8993156421007207,5.325600931455835e-07,-0.7853939529110103,0,0,0,0.0937614038166385,0.5547420212809931,851,0.3988,0.11091,0.8035532758966332,-0.04683556343345098,1.0240822405051473,0.055965916519913644,0.12744919726807769,1.7982233437547122,0.13098794784211454,0.0937790039930356,1.3967726491512134,0.06917190516232646,0.09694246260768677,628,223,54,54,0,0.3974,833,0.5434296343723762,0.005275,0.005274746134921182,139.0,380.0,0.1002335,0.0684153,0.0591951,-0.0320558,-0.0122076,0.0765132,0.8394561,-0.3841261,0.3767045,0.7554603,0.8652317,-0.4685465,-0.1784329,523.0,374.0,-0.019065,0.042708,-0.0001466,-0.0412776,0.0109595,0.9741508,-0.2195008,0.0058379,-0.0530618,0.7366553,-0.0034334,-0.9665077,0.2566145,1190.0,372.0,0.0943844,0.069597,-0.0410441,-0.0284844,-0.0484537,0.4632362,0.6757063,0.1970457,-0.5385223,0.6179459,-0.5897391,-0.4092763,-0.6962045,0.020530048525569243,1.0,0.0014915770669979372,289.7836199328095,0.0,256,1.1004435071590799e-10,1.2751577537758096e-11,1.964258087555832e-11,5.6240427589833e-07,0.00014283325250375324,-1.3419678745510697e-12,18.239042494425984,5.877539809762659,7.210527955912637,3.138264816851876,1.1081786216894458,1.3844391457750347,-0.08762519790384014,0.0,0.02713725372334821,0.4635648034144951,0.0122540543977767,0.47029262427925433,0.03659769967171893,-0.0015348405730506438,-0.00012769865557543236,0.6958346368385969,0.4999361506722125,621.4874493739158,289.7835926877912,0.6091702817153646,0.6091702876317789,0.609170287691728,0.7614628595397236,5.062564321377976e-06,732,0.296,0.2909,0.00452,-0.006544,1018,0.3145,0.3117,0.01976,-8.7e-05,3,0.1189,0.9061,0.000134,13.864,0.1268,0.6916,4e-06,13.897,0.0948,0.3211,8.1e-05,13.812,8.0008,1.7328,1.7369,1.7264,0.33931,0.68742,1.75891,0.1758,0.9899,0.9867,0.9968,0.4896,3.8328,1.1179,0.115,5.2154,23.0609,6.0167,81,0.1734,-0.2852,26,0.1691,-0.3202,-1.0,0.1165413,0.0666766,0.2721604,0.0159183,-0.052288,-0.0484977,0.0730716,205.0,175.0,0.0940009,0.1215513,-0.127813,0.0010759,0.0623519,0.0788039,0.1004937,179.0,195.0,0.0834618,0.1199545,-0.1793989,0.0422891,-0.0566183,0.0153046,0.0723065,169.0,203.0
114,2683,209397,0.0,0.0014762466438152486,0.00015004462188987123,0.0014762466438152486,0.4774543739641962,9.575727116171759,7.805854911879468,-12.310917601908324,12.527259813707953,-0.06928987321279778,12.527259813707953,0.004222376459966984,12.562903899876954,5.213872951492236,-2.6052018628790075,3.337493204767998,-0.012601179198016142,3.337493204767998,0.13628810385150153,2.1864964972873024,1.2394931387155257,0.13612010587256376,1.8896554508694543,0.8403365514882961,0.0,1.6623308867106574,0.858696041607493,0.0009880878601101761,1.4141906325533387,0.90075387316473,3.607534038709632e-06,-0.7857464942856304,0,0,0,0.09847278167461931,0.5546337999634794,851,0.3961,0.11221,0.8128041441543028,-0.04870820613404838,1.0353088397423764,0.04164256567654209,0.12687038605687112,1.7990270874114138,0.13708914982901668,0.09849135305076367,1.3918902074414514,0.07257664623700891,0.09646660144670047,628,223,46,46,0,0.3945,832,0.5427119714044178,-0.001152,-0.001151773084488994,139.0,380.0,0.0984038,0.096608,-0.0847039,0.0438443,-0.0153638,0.4373511,-0.3208116,-0.3673151,0.7555683,0.7565454,-0.8767787,0.4538368,-0.1590322,523.0,374.0,-0.0223717,0.0289807,0.0258526,-0.0123692,-0.0043037,-0.1515853,-0.5549008,-0.1422089,0.8055331,0.7299532,0.8920655,-0.4268088,-0.1485041,1190.0,372.0,0.0963451,0.0530783,0.0224875,0.0336854,0.0343062,-0.4712351,-0.4962592,0.7111246,0.16114,0.617068,0.4236663,0.6346359,0.6463313,0.020879940343027592,1.0,0.0014955450346163094,289.78360841853475,0.0,256,7.60644348632013e-11,1.4820101286771706e-11,2.1493489779909427e-11,6.298199580580105e-07,0.00014621300782619517,-1.6776589468348147e-12,14.192391976918282,5.498482897788906,6.653406019227108,3.130394474075851,1.0243414065157517,1.3376503389692207,-0.08398329489120801,0.0,0.01865200734194717,0.3519411469449478,0.018288643708706417,1.202992520658419,0.015779550283753968,-0.0006648615140867285,-0.0007388533667825744,0.7020267341620967,0.4996305733166088,621.4874992739105,289.7836159548737,0.6091702759569849,0.6091702876220703,0.609170287691728,0.7614628595275877,5.094306794919474e-06,732,0.2975,0.2924,0.00456,-0.01182,1019,0.3103,0.3076,0.0232,-0.000102,3,0.1185,0.9068,1.2e-05,13.866,0.124,0.6874,2e-06,13.897,0.0937,0.3173,8.6e-05,13.813,8.0013,1.7329,1.7368,1.7264,0.3393,0.68679,1.75505,0.1746,0.9899,0.9867,0.9968,0.4894,3.8305,1.1172,0.1149,5.2807,23.0044,6.0056,81,0.2332,-0.8792,26,0.1061,-0.8356,0.0,0.1498541,0.1372023,0.0440745,-0.0755906,-0.0619486,0.0480931,0.1089243,205.0,175.0,0.0561434,0.0360581,0.2178409,-0.0025068,-0.0353154,-0.0096167,0.0366871,179.0,195.0,0.1325606,0.0495314,0.4559734,0.0407397,0.0741873,0.0397696,0.0935153,169.0,203.0
115,2683,209397,9.343982965680164e-12,0.001503252475128475,0.000153909254753625,0.001503252475128475,0.4743405654812265,9.578098770780182,7.805885169538276,-12.29817264952376,12.557992740453129,-0.062071535460173445,12.557992740453129,0.004581925237161499,12.565765099575287,5.227428676945668,-2.6528698239180635,3.3525004976535295,-0.012648394587844286,3.3525004976535295,0.13669878768465069,2.1927797447945165,1.2411121927854716,0.13656233563475928,1.9018891877488833,0.8388888101369916,0.014142065047236335,1.6764727329117872,0.8683520626974852,2.791160506609991e-05,1.4141912267069825,0.9003948185011852,8.983507810739895e-06,-0.7860489346936815,0,0,0,0.10283501926220166,0.5544836952553849,851,0.3915,0.11123,0.8220087872483715,-0.050466887890170266,1.0473380133575387,0.07584507658436973,0.12377000015854372,1.8003710646869717,0.1427963993104449,0.10285413183357339,1.3883389686425185,0.07580883388073041,0.09640417606069808,624,227,50,50,0,0.3881,829,0.5408406442361993,0.004799,0.00479896112391498,139.0,380.0,0.0964123,0.0645625,-0.0211734,-0.0608959,0.0034197,-0.6900981,0.4706194,0.2270713,-0.50072,0.757199,-0.3279511,-0.9432086,0.0529679,770.0,372.0,-0.0211578,0.0524542,-0.0307418,0.0123487,0.0406681,0.7070042,-0.1095694,-0.3029598,0.6295673,0.7238844,-0.5860693,0.2354197,0.7753066,1190.0,372.0,0.098133,0.0330353,-0.0071174,-0.0322358,-0.0012365,0.8649067,0.4722159,-0.1337773,-0.1051296,0.6159327,-0.2154483,-0.9757976,-0.037431,0.021244875139768915,1.0,0.0015254125252625397,289.783632467118,0.0,256,1.6363500670599996e-10,3.0462571381923546e-11,4.3384208049235414e-11,8.135035271425732e-07,0.00015048614875749978,3.6743003399451015e-12,14.260730151758633,5.451508896657231,6.632856263181539,3.1189268406964348,1.0885905412982049,1.4142672565167704,0.11465361582632752,0.0,0.01875066096015173,1.0419352251625074,0.009926226808848767,0.5147079335204002,0.04375624413129671,0.002923823912237707,0.00026167913960569795,0.7025093688097773,0.5001308395698031,621.4875442643075,289.78363693273724,0.6091702761972013,0.6091702876206677,0.6091702876917229,0.7614628595258346,5.187499511842349e-06,732,0.2951,0.2899,0.00557,0.007938,1019,0.309,0.3064,0.02462,0.00219,3,0.1162,0.902,0.000141,13.868,0.122,0.6877,5.6e-05,13.899,0.0925,0.3069,0.000133,13.814,8.0022,1.733,1.7369,1.7263,0.33929,0.68728,1.75197,0.17622,0.9899,0.9867,0.9967,0.4894,3.8299,1.117,0.1149,5.2797,23.0005,6.0055,81,0.2487,-0.9973,26,0.093,-0.8255,-1.0,0.0636393,0.0857228,-0.1478524,0.0125762,0.0021365,0.0332129,0.0355784,205.0,175.0,0.0959953,0.0615884,0.2183409,-0.0585523,-0.0087876,-0.0116307,0.0603396,181.0,191.0,0.0624585,0.0797176,-0.1213925,0.0452743,-0.0047783,-0.0421026,0.0620099,169.0,203.0
116,2687,209402,0.0,0.0015130681558720759,0.00015807465500953263,0.0015130681558720759,0.46923962047621126,9.576517951922463,7.806343467666512,-12.740115573205216,13.347372175200752,-0.061024804143495585,13.347372175200752,0.004428962547562247,12.565402394332418,5.23182494553306,-2.7021783024532273,3.393112792456074,-0.012587116539010923,3.393112792456074,0.13749964140441537,2.1979588733810878,1.2426966314338925,0.1373271351531523,1.9157310297245154,0.8424293484476305,0.0,1.6906127681282985,0.8759783286747176,0.0008758406520332773,1.4142068947364468,0.941070172679258,1.0558981143404929e-05,-0.7862715115195119,0,0,0,0.10791587547184762,0.5544910546479822,851,0.391,0.11058,0.8305402944456111,-0.05113721636456419,1.0580450054607737,0.06585493783689396,0.12289744912449649,1.8054899487913196,0.14925660978876673,0.10793726631025209,1.3828088749232113,0.0794811008900732,0.0876417744137607,626,225,49,49,0,0.3876,829,0.5407920425141987,0.007034,0.007034348636029586,139.0,380.0,0.0945048,0.0690187,-0.030378,0.0268436,-0.0558585,-0.8201801,-0.4601489,-0.2715686,0.2044946,0.758497,-0.4401423,0.3889326,-0.8093245,770.0,372.0,-0.0155367,0.0362108,0.0154674,0.0044125,0.0324424,-0.0754102,-0.0087777,0.9767562,0.2004583,0.7270454,0.4271487,0.1218551,0.8959326,1190.0,372.0,0.0973271,0.0838962,-0.0499344,0.0453489,-0.049886,-0.0363749,0.7762277,-0.5668453,-0.2735576,0.6143261,-0.595192,0.540536,-0.5946152,0.021244875139768915,1.0,0.0015297426770287182,289.78365240256755,0.0,256,1.0890152547062546e-10,1.1728042608600692e-11,1.8250492859930862e-11,6.40086830469681e-07,0.00015449090029574872,-2.996606564534683e-12,26.890596620865878,7.136094689137846,9.08162989111694,3.123504517262111,1.1380818813115714,1.4401801782491144,0.10895708784675273,0.0,0.012747275351668249,1.24077134021316,0.013672891215507814,2.027359987603672,0.04004690522068144,-0.002614833273700425,0.001026659561103105,0.7043991062192912,0.5005133297805516,621.4875475335549,289.7836384571031,0.6091702828898309,0.6091702876194944,0.609170287691728,0.761462859524368,5.221371930893388e-06,734,0.2929,0.2876,0.01087,-0.00816,1021,0.3049,0.3028,0.02565,0.000873,3,0.1152,0.8964,-2.5e-05,13.871,0.1203,0.6946,-4.7e-05,13.899,0.0906,0.3037,0.000121,13.815,8.0031,1.7332,1.7367,1.7263,0.33884,0.68853,1.75176,0.17587,0.99,0.9866,0.9967,0.4894,3.8324,1.1178,0.115,5.2696,23.069,6.0195,81,0.135,-0.8738,26,0.0921,-0.3281,0.0,0.1344488,0.0317634,0.6177968,-0.0087982,0.0407147,-0.0688637,0.0804817,205.0,175.0,0.0605282,0.0207286,0.4898002,0.0042015,-0.0109158,0.0234284,0.0261858,181.0,191.0,0.1561071,0.0555958,0.4747752,-0.0077584,0.057949,-0.0739889,0.0943007,169.0,203.0
117,2691,209408,0.0,0.0015308417569780404,0.00016222446894945136,0.0015308417569780404,0.46078490060309146,9.583827581706903,7.804964952150973,-12.378737521832967,12.588389494283978,-0.0620622141084091,12.588389494283978,0.0035007094222214014,12.566046965056016,5.251009386760851,-2.7204918367796234,3.4188345945539567,-0.012813668897103777,3.4188345945539567,0.13827884442209767,2.2036330236611144,1.2440670496307387,0.06807588914268592,1.9328366163701747,0.8364882343013118,0.0,1.7047522554816696,0.883577469162299,0.0006756157319643963,1.4141920321772077,0.8984074142782815,3.3550027950384203e-06,-0.7864402601128411,0,0,0,0.11290901012487768,0.5543290747532199,851,0.3929,0.10942,0.8389453889808333,-0.050705179704484855,1.069034773887507,0.10080342346818034,0.12554616025999102,1.81144400836284,0.15566522958943055,0.1129306003823611,1.378414965141231,0.08320072062598821,0.08444587430542569,626,225,50,50,0,0.389,828,0.5400100414125847,0.013983,0.013983113921123058,139.0,380.0,0.0924223,0.1155238,-0.0549222,0.0979342,-0.0271695,0.1104974,0.9777695,0.1752331,-0.0324115,0.7595502,-0.4754195,0.8477406,-0.2351856,770.0,372.0,-0.0086614,0.0966248,-0.0075664,0.0558484,0.078486,-0.2392931,0.4900168,-0.2530757,-0.7991089,0.7282601,-0.0783067,0.5779924,0.8122763,1190.0,372.0,0.0961177,0.0645137,0.0445163,0.0461785,-0.0069186,-0.0975941,-0.7779285,0.4752132,0.3993432,0.6125912,0.690028,0.7157936,-0.1072424,0.021213248976553776,1.0,0.001547961752575445,289.7836522344073,0.0,256,6.023709540880538e-11,1.2561439434096783e-11,1.7210136463072178e-11,5.726191250954087e-07,0.00015834038990058963,2.1422451767004932e-14,36.98638517338175,8.365065799410965,10.710786521458541,3.1406628390638747,0.8069286024892697,1.0912255909925477,-0.10829636905436195,0.0,0.01163155402466941,1.7319792781341985,0.02558362608028391,1.9316891647913437,0.060024102260073334,-0.0025565133724837945,0.0028074149566274186,0.6998359426958299,0.5014037074783138,621.4875275897089,289.7836291578013,0.6091702830090812,0.609170287617991,0.609170287691728,0.7614628595224887,5.282706139843472e-06,734,0.2919,0.2866,0.01144,-0.001438,1025,0.3005,0.2983,0.02406,0.000855,3,0.1156,0.8837,0.000105,13.871,0.119,0.6979,5e-06,13.899,0.0892,0.2816,5.1e-05,13.814,8.0029,1.7332,1.7368,1.7262,0.33852,0.68889,1.75192,0.17603,0.9899,0.9866,0.9966,0.4894,3.8273,1.1163,0.1148,5.7,22.7408,5.9417,81,0.0919,0.2896,26,0.0853,-0.7922,0.0,0.1313323,0.1185501,0.051153,0.0230004,0.0248352,-0.039856,0.0522906,205.0,175.0,0.1548195,0.1058405,0.1879037,-0.0498958,0.0729796,-0.0180119,0.0902222,181.0,191.0,0.0734313,0.0559621,0.1350088,0.0148434,0.0053587,-0.0103699,0.0188832,169.0,203.0
118,2691,209408,4.191582181213421e-12,0.001524586576135282,0.0001650991872198464,0.001524586576135282,0.4576812519178455,9.5862357538636,7.804999861306595,-12.42182921231239,12.630546717698587,-0.05519617298257708,12.630546717698587,0.00042659860793925475,12.563154856442859,5.224306145713,-2.7739450688573952,3.487832647990005,-0.012950578120219828,3.487832647990005,0.13872991450318928,2.2089697713546426,1.245646166824757,0.1066514971063246,1.9431919813211833,0.8440309200705071,0.014142061741182264,1.7188940985008567,0.8928868414542835,0.001463805982843125,1.4141932542392281,0.895075180533433,3.8470474355300254e-05,-0.7865290898008328,0,0,0,0.11788087731604206,0.5541383791480329,851,0.3923,0.10731,0.8473865184634936,-0.053570997905785456,1.0798895980401244,0.039325180745929195,0.11991014110768444,1.806286868517972,0.16201665700556508,0.11790341754415992,1.3741472501836756,0.08682767490550901,0.08407378605651106,626,225,53,53,0,0.3878,827,0.5391958000020479,0.002631,0.0026305916951545605,139.0,380.0,0.0893814,0.0482898,0.0079258,-0.0180838,-0.0440688,-0.2407617,-0.2772328,0.201569,0.908045,0.7605924,0.1641299,-0.3744842,-0.9125913,523.0,374.0,-0.0097706,0.0214119,0.0172025,0.0097708,-0.0081899,0.8174191,0.3982847,0.2888596,-0.2995922,0.7287202,0.8034079,0.456327,-0.3824937,1190.0,372.0,0.0947033,0.0752235,0.0492416,0.0481851,-0.0302,-0.2650336,-0.1700142,0.1679716,0.9341509,0.6099394,0.6546042,0.6405584,-0.4014702,0.021181716833890748,1.0,0.00155033631072768,289.7836450847635,0.0,256,6.903010254490008e-11,1.776392167331763e-11,2.6430399614144324e-11,5.838221531966216e-07,0.0001608083145091904,-4.323643218166064e-12,27.0341376861089,7.654547031899014,9.6564864147844,3.130194959618657,1.1043486669489062,1.4253816311390661,0.09649933190788723,0.0,0.008713638870503611,0.9416503411731325,0.02572156968937534,0.8963664094215261,0.030261051853342335,0.0027791481696192097,-0.0003925868288818958,0.6890308396076097,0.49980370658555917,621.4875457208836,289.78363761190116,0.609170270755707,0.6091702876116982,0.6091702876917136,0.7614628595146228,5.261120292019788e-06,734,0.2937,0.29,0.0118,0.005381,1025,0.3005,0.2985,0.02213,-0.001627,3,0.1162,0.8832,0.000141,13.867,0.1191,0.7136,-2.2e-05,13.9,0.0899,0.3016,-0.000207,13.811,8.0018,1.733,1.7371,1.726,0.33805,0.68704,1.74689,0.17623,0.9899,0.9866,0.9966,0.4894,3.8266,1.1161,0.1148,5.6852,22.7469,5.9444,81,0.1292,0.9461,26,0.0208,-0.9988,1.0,0.0622766,0.0317617,0.3244945,0.0056318,-0.0082675,-0.0169597,0.0196901,205.0,175.0,0.0640128,0.0595029,0.0365126,0.009045,-0.0398799,-0.0410287,0.0579273,179.0,195.0,0.1497621,0.0701513,0.3620098,0.0134419,0.09734,-0.0118859,0.0989799,169.0,203.0
119,2691,209408,8.118694866141421e-12,0.0015326949619428331,0.00016945387126059909,0.0015326949619428331,0.45461317716497146,9.588704147292024,7.80503815965081,-12.258239558200303,12.66656492729786,-0.05486422176506418,12.66656492729786,0.00048090217049531585,12.566206228931856,5.223442074758133,-2.800288435082561,3.5229352398525124,-0.013153408240342786,3.5229352398525124,0.13954905515944854,2.2134962296302363,1.2472505066875135,0.10608001210619611,1.9539685296672067,0.8366896754091668,0.014142075883297888,1.7330341188039329,0.9017420489851775,0.0007536742230938032,1.4142095404306438,0.9302814858008044,5.607226489001071e-05,-0.7865899872467976,0,0,0,0.12349211304603104,0.5540949191716338,851,0.3901,0.10557,0.8573371389360444,-0.053295065437434425,1.0918823295791886,0.03368135829263549,0.11618313198384742,1.806792544409564,0.1690819354507333,0.12351668373918655,1.3688995715571568,0.09088212568020779,0.0816903255261549,627,224,57,57,0,0.3849,826,0.5385359703720469,0.008372,0.008372166918182877,139.0,380.0,0.0870437,0.0414543,-0.0323682,0.0168286,0.0196863,0.4261611,-0.4336324,0.6553375,-0.4481992,0.7620016,-0.7808183,0.4059562,0.4748919,523.0,374.0,-0.0061489,0.0665712,-0.0422493,0.0361362,-0.0366182,-0.2317908,0.3538308,0.10225,-0.9003453,0.7282627,-0.6346481,0.5428208,-0.5500612,1190.0,372.0,0.0955537,0.0342612,0.0124657,0.0263008,-0.0180751,0.0332045,0.3412196,0.8633795,0.3701926,0.6084567,0.3638428,0.7676541,-0.5275657,0.021181716833890748,1.0,0.0015579614830163351,289.7836520758979,0.0,256,1.0596815860585966e-10,1.3035118623888608e-11,1.8322106662659538e-11,6.221618064156122e-07,0.00016501663656303252,1.0941501370450046e-12,27.074500401578945,7.285473092146779,9.294049273722724,3.126346194434207,1.109831080303917,1.4459240693380437,-0.10336984687097796,0.0,0.02285309099953703,0.9345179730302563,0.017591378835753322,1.1024115903310963,0.009596938007111668,-0.0015705394223082805,-0.0007140272350249437,0.6932570575736663,0.4996429863824876,621.4875736962147,289.78365065607755,0.6091702782841394,0.6091702876242564,0.6091702876917182,0.7614628595303204,5.289100880856365e-06,734,0.2942,0.2905,0.01142,0.009558,1025,0.3035,0.3018,0.02093,0.000242,3,0.1156,0.8862,5.4e-05,13.867,0.1197,0.7201,-9.3e-05,13.9,0.0909,0.3168,-1.5e-05,13.809,8.0013,1.7331,1.7372,1.7259,0.33793,0.68736,1.7449,0.17487,0.9899,0.9866,0.9966,0.4894,3.8257,1.1158,0.1148,5.6838,22.7414,5.9444,81,0.1237,0.938,26,0.0913,-0.3236,-1.0,0.0451589,0.0662005,-0.1889519,-0.0157518,-0.0265144,-0.0190183,0.036233,205.0,175.0,0.0416149,0.1726171,-0.611497,0.0606292,-0.0613068,0.0638063,0.1072645,179.0,195.0,0.0417371,0.0959966,-0.3939453,-0.0494282,-0.0337156,-0.0078014,0.0603386,169.0,203.0
120,2691,209408,7.360095116560612e-12,0.0015208682313555013,0.00017215529594021993,0.0015208682313555013,0.4515857511505204,9.59106630505493,7.805076127627867,-12.59557046944942,12.727683286161323,-0.05125119254746261,12.727683286161323,0.0010219548259467355,12.56612606197529,5.216418966783666,-2.8227382303999646,3.5609333570328423,-0.013388364518404586,3.5609333570328423,0.13993596123747654,2.218144361858912,1.2486551047652643,0.07163286023935678,1.9611523341567758,0.8424746080540487,0.028283795351486493,1.7471760285685198,0.9109307517798158,0.0028644382382672084,1.414209890626352,0.9530948968502635,9.554684729481578e-05,-0.7865768419075988,0,0,0,0.12860522719849501,0.5538350773046886,851,0.3864,0.10496,0.8673187730684773,-0.057154305034741046,1.1019459220338386,0.04307224213779121,0.11590150829219678,1.8025784679150507,0.17554967937655377,0.1286299768215843,1.3647649149470753,0.09460981427861374,0.08498033063672292,623,228,60,60,0,0.3805,825,0.5376420392165937,0.004647,0.004646873835420395,139.0,380.0,0.0838535,0.0587737,0.0076184,-0.0582755,-0.0005158,-0.6286119,0.0698206,0.6504996,-0.4205026,0.7631425,0.1296233,-0.9915245,-0.008776,523.0,374.0,-0.0075363,0.0369455,0.0101278,-0.0354519,0.0023582,0.5306582,0.3130646,0.2278829,-0.7539641,0.7278172,0.2741285,-0.9595725,0.0638293,1190.0,372.0,0.0967001,0.0805352,-0.0306791,-0.0742388,-0.0057714,-0.717121,-0.4820094,0.4190444,-0.2789375,0.6075791,-0.3809405,-0.9218182,-0.0716632,0.021181716833890748,1.0,0.0015463419965772369,289.78366751141823,0.0,256,1.381334545336407e-10,1.7987755531886876e-11,2.6300223844656188e-11,6.367892134228363e-07,0.00016761574215378293,1.4626161523069446e-12,30.5771464934749,9.177239564580903,12.037798362487841,3.0600266612019085,1.3086777760363686,1.5943172044819791,0.01955292438602725,0.0,0.03282684100348277,2.534677023023291,0.03294364461243285,1.388902222374166,0.043432521481581284,-0.0011552767030136109,-0.00020399779414044658,0.68631702548506,0.49989800110293,621.4876049631603,289.7836652350491,0.6091702770723892,0.6091702876114459,0.6091702876916734,0.7614628595143073,5.2482883399307405e-06,734,0.2917,0.2896,0.0143,0.009776,1025,0.3034,0.302,0.0211,0.00181,3,0.1133,0.8917,8.9e-05,13.867,0.1187,0.724,2.6e-05,13.9,0.0901,0.3334,9e-06,13.809,8.0013,1.7331,1.7373,1.7258,0.33795,0.68724,1.73966,0.17489,0.9899,0.9866,0.9966,0.4894,3.8248,1.1156,0.1147,5.6962,22.7255,5.9416,81,0.143,0.7828,26,0.1409,0.0987,-0.0,0.0883822,0.0677978,0.1317995,0.0265989,-0.0197308,0.0443399,0.0553429,205.0,175.0,0.0822633,0.0616783,0.1430089,0.040281,-0.0051096,0.0474349,0.0624399,179.0,195.0,0.10275,0.1262001,-0.1024243,0.0720073,-0.0271261,-0.0209728,0.0797542,169.0,203.0
121,2692,209409,0.0,0.0015207841223192592,0.00017493561110329221,0.0015207841223192592,0.4503488738725856,9.594646720464372,7.805567319511102,-13.437270109820432,12.365561834588503,-0.04977262298427283,13.437270109820432,0.001369732753118971,12.565960822657164,5.219256878912323,-2.8298143262109017,3.6074641163220944,-0.013466776382661617,3.6074641163220944,0.14049764559159092,2.22196711998778,1.2499780536464928,0.10620089147479031,1.967259033765789,0.84523537019713,0.0,1.7613179929234257,0.9197211731749675,0.001502828087585395,1.4142068110387551,0.9035272051826188,0.00015439671387878665,-0.786497459984815,0,0,0,0.13333804881672262,0.5537108674762453,852,0.3842,0.10193,0.8761266175258738,-0.059233829249027085,1.1113545986023978,0.051482561727327264,0.11755912087286545,1.7994977605849405,0.18164191416516556,0.13336280079617788,1.3620133431568673,0.09813221821527322,0.0850967623507993,618,234,55,55,0,0.3786,826,0.5374695378479015,0.006319,0.006318794438941122,139.0,380.0,0.0811903,0.0593645,0.0126063,0.0311637,0.048929,-0.7203828,-0.6486012,0.0747951,-0.2340315,0.7639302,0.2123542,0.5249558,0.824213,523.0,374.0,-0.0075641,0.0935419,0.0361814,-0.0862575,-0.0007905,0.7473732,-0.5047855,0.4309107,-0.0306741,0.7260794,0.3867938,-0.9221275,-0.0084503,1190.0,372.0,0.0992852,0.0391584,0.0046151,-0.0352871,-0.0163371,-0.9020914,-0.4257246,-0.0075311,-0.0702345,0.6064328,0.1178579,-0.9011375,-0.417206,0.021181716833890748,1.0,0.001537719370757578,289.78368119792697,0.0,256,6.947506735224541e-11,1.8318596599500886e-11,2.4616407490220103e-11,6.370912053262637e-07,0.00017037145224260347,-1.1166808023962692e-12,30.600556208119556,9.015287368626712,11.594103398160915,3.136241168615156,1.068084606202163,1.468617240255597,-0.024345658845224966,0.0,0.011495472627553367,1.8205361543620033,0.016151159523153966,1.3669313626079607,0.020262784911845216,-0.0020529068087699063,-0.00015387172321001648,0.6962339135439122,0.4999230641383951,621.4876236853911,289.7836739647432,0.609170280001982,0.6091702876031289,0.609170287691728,0.761462859503911,5.2479979341565214e-06,734,0.287,0.2849,0.01565,0.001263,1025,0.3048,0.3033,0.02487,0.003585,3,0.1108,0.8982,4.2e-05,13.867,0.1184,0.7128,6.3e-05,13.901,0.0889,0.3319,-3.2e-05,13.809,8.0015,1.733,1.7373,1.7258,0.33793,0.68707,1.73503,0.1746,0.9899,0.9866,0.9967,0.4896,3.8228,1.115,0.1147,5.6933,22.7247,5.9445,81,0.135,0.5413,26,0.19,0.5461,0.0,0.0612907,0.0596621,0.0134645,0.0119925,0.0054721,0.000508,0.0131918,205.0,175.0,0.1694255,0.0249597,0.7431936,0.029,-0.0677953,-0.0162829,0.0755138,179.0,195.0,0.0483151,0.0507172,-0.0242551,0.018298,-0.0124229,0.0207685,0.0303393,169.0,203.0
122,2695,209412,0.0,0.0015349012164665723,0.00017915187582166078,0.0015349012164665723,0.4496856691427115,9.6010514869817,7.8062260205332965,-12.330375357525693,13.315827315088914,-0.0469616478822755,13.315827315088914,0.0010815562175307937,12.565312657226233,5.257014381707286,-2.8853795509612303,3.637859932010859,-0.013536120109015207,3.637859932010859,0.14129388654518935,2.225549578364584,1.2511945275317327,0.14112975553305518,1.977963096417522,0.8453598530659726,0.0,1.7754573145513375,0.9275216451954628,0.0011031144866482379,1.4141906248466705,0.8952470812723897,0.0002103274311843932,-0.7863739182544696,0,0,0,0.13886817929312006,0.553309268604279,854,0.3817,0.10003,0.8845654674709869,-0.059561080765502074,1.122326859646807,0.06142886188916173,0.12030264508405362,1.801077347424751,0.18866652668364028,0.1388926826894432,1.3583618879728085,0.10225286551720872,0.08206701628762199,620,234,57,57,0,0.3764,828,0.5370391939145199,0.009919,0.009919212196131122,139.0,380.0,0.0799726,0.0433542,-0.0412937,0.0109813,-0.007337,0.8303962,0.3013954,0.2841892,-0.3726117,0.7654133,-0.952472,0.2532927,-0.1692335,523.0,374.0,-0.0069867,0.0668815,-0.0324392,0.0091569,-0.0577666,-0.7443324,-0.2881294,-0.4006024,0.4499649,0.7240946,-0.485025,0.1369121,-0.8637163,1190.0,372.0,0.1010207,0.0402491,-0.0051202,0.0382822,0.0113246,-0.7735832,0.5343487,0.3372704,-0.0478447,0.6046436,-0.1272133,0.9511316,0.2813636,0.020802377414561663,1.0,0.0015643732226459683,289.78368614505564,0.0,256,7.261653233129981e-11,1.441868114300462e-11,2.1158210889115097e-11,5.737874748479494e-07,0.00017441223115383661,2.602511243344419e-13,12.54832281824979,5.319272022583435,6.4289071929456565,3.1318398316745704,1.1493532050072568,1.4898717670053943,0.11904550831759197,0.0,0.022495811761173257,2.206467302840911,0.013828614508524864,2.035643162178564,0.03608944048174175,0.003231899229806383,-8.111130807604009e-05,0.687578226813289,0.4999594443459622,621.4876651957308,289.78369331994554,0.6091702713889356,0.609170287599726,0.609170287691728,0.7614628594996575,5.29671355514098e-06,734,0.2821,0.2788,0.01852,0.00936,1026,0.3007,0.2995,0.02714,0.005198,3,0.1082,0.8983,8e-06,13.866,0.1161,0.7102,-5.6e-05,13.901,0.0862,0.3288,-4.7e-05,13.808,8.0012,1.733,1.7374,1.7257,0.33766,0.68672,1.73423,0.17566,0.9898,0.9867,0.9969,0.4898,3.8187,1.1138,0.1146,5.7008,22.7213,5.95,81,0.1223,0.1229,26,0.2278,0.829,1.0,0.0529374,0.0802967,-0.2053479,-0.0026471,-0.0425721,0.0257692,0.0498341,205.0,175.0,0.0730954,0.0685684,0.0319559,0.0146771,0.0163847,-0.0078129,0.0233434,179.0,195.0,0.0480549,0.0761494,-0.2261954,-0.0377736,-0.0101738,-0.0243417,0.0460746,169.0,203.0
123,2698,209416,0.0,0.0015655801077546151,0.00018305547729668658,0.0015655801077546151,0.4490088693707973,9.607162946493531,7.806796606029587,-12.812303676349067,12.412473204685858,-0.04464358155371272,12.812303676349067,0.0001472209391621781,12.565935020500348,5.269457203280224,-2.946591348582257,3.6825082319395404,-0.01345172585560406,3.6825082319395404,0.14145109186319701,2.227304499960477,1.2516350495741633,0.11177733748627328,1.9809642643792862,0.8474134012146041,0.0,1.7895989862332926,0.9354737700011134,0.0005228870248226158,1.4141925669825766,0.8915581393856312,2.930397949818369e-05,-0.7861636909545658,0,0,0,0.14138856506079908,0.5529423915998395,856,0.3812,0.09992,0.8876473466564848,-0.06242508817965905,1.1273993716590054,0.07036418494205562,0.11839352232840873,1.7919353477082236,0.19203848462083797,0.141410953592949,1.3580170399926739,0.10435083401270671,0.07684918482220063,622,234,49,49,0,0.3762,830,0.5366466542896247,0.005461,0.005461041668666233,139.0,380.0,0.0772199,0.0632503,-0.052942,-0.0179887,0.0295661,-0.5047325,0.4767924,0.7196112,0.0085914,0.7652983,-0.8370232,-0.284405,0.4674462,523.0,374.0,-0.0108568,0.067591,-0.0332973,0.0350834,-0.0472121,0.2082498,0.2208697,-0.2234011,0.9262508,0.7230456,-0.4926293,0.5190552,-0.698497,1190.0,372.0,0.1013812,0.0185495,0.0063092,-0.017424,0.0008247,0.3778103,0.7794882,0.429084,0.2560166,0.6037289,0.3401301,-0.9393269,0.0444576,0.02040816326530612,1.0,0.0015929349061842147,289.78371089216205,0.0,256,1.3442235133463385e-10,1.797036898443964e-11,2.6565328608742575e-11,9.053621528450646e-07,0.0001784602181351676,-6.084925000901762e-13,23.971249393263868,5.747460015613036,7.009877623155025,3.1322075421002773,0.9566937934971158,1.2820214218591603,0.006253571822271174,0.0,0.012930111977481364,1.4866914253823846,0.014964038600505528,2.204643766979053,0.024038495509340438,-0.0005792142096402874,-0.0004377395373552573,0.6907664183643991,0.4997811302313225,621.4877056424258,289.78371217919783,0.6091702791733005,0.609170287605528,0.609170287691728,0.7614628595069101,5.402581449389689e-06,734,0.278,0.2746,0.01892,0.009166,1027,0.3015,0.3004,0.02659,-0.005202,3,0.1065,0.8911,0.000141,13.866,0.1163,0.7189,7.3e-05,13.903,0.0852,0.3251,-2.3e-05,13.808,8.0013,1.7329,1.7375,1.7257,0.3378,0.68572,1.73186,0.17594,0.9898,0.9867,0.9969,0.49,3.8155,1.1128,0.1145,5.696,22.7339,5.9583,81,0.15,-0.645,26,0.1003,0.5053,-3.0,0.1167801,0.0653071,0.2826835,-0.0094215,-0.0258498,0.0705042,0.0756824,205.0,175.0,0.0347189,0.1574609,-0.6386834,0.0220533,-0.0604703,0.0674222,0.0932135,179.0,195.0,0.0806032,0.0774884,0.0197027,0.0671396,-0.0207531,-0.0328987,0.0775935,169.0,203.0
124,2706,209425,0.0,0.0015847474847272445,0.00018563135199220983,0.0015847474847272445,0.45255245582105386,9.61544922271032,7.808485249626733,-12.702958724502611,12.447611353176798,-0.04505946892210169,12.702958724502611,0.0008920024010277972,12.565194547906938,5.269149278840485,-2.973299600662194,3.7331277832434084,-0.01349367019678325,3.7331277832434084,0.14149727239271412,2.2277821730161147,1.2516933208253964,0.14135344861430138,1.982635417649391,0.846197894012351,0.0,1.803740971137557,0.9418462323775432,0.0025741036167430398,1.4141910928683679,0.8926259492899946,1.4918442757225128e-05,-0.7859084582249305,0,0,0,0.14314058827373258,0.5526913724656086,861,0.3778,0.10099,0.8903645618540598,-0.06146287524105795,1.1308002146609715,0.05222360133581816,0.12538869185109325,1.7835773143965157,0.1942291980468259,0.14316231627969692,1.3567061716671263,0.1057411442743186,0.0772664149791613,624,237,47,47,0,0.3724,835,0.5364450466922529,0.002496,0.002496421275212768,139.0,380.0,0.0748722,0.0441028,0.007761,0.0394276,-0.0181738,-0.38138,0.0900382,-0.7476822,-0.5361099,0.765442,0.1759755,0.8939929,-0.4120793,523.0,374.0,-0.0090836,0.0813321,0.0023197,0.0675975,0.0451675,0.0715256,-0.7965935,0.5764151,-0.1675365,0.7229939,0.0285212,0.8311298,0.5553466,1190.0,372.0,0.1017898,0.0423675,0.0331944,-0.022842,0.0130914,0.4126693,-0.7202162,-0.5225699,0.1947135,0.6016235,0.783486,-0.539139,0.3089966,0.02001482579688658,1.0,0.001611194783715711,289.7837282183186,0.0,256,1.2165347536531745e-10,2.6811544163879063e-11,3.542388655382795e-11,5.757628510648604e-07,0.00018160888662515148,-3.8868596537544553e-14,23.91549396559786,5.665952997279419,7.085477325499322,3.139762279601988,1.1499892132394236,1.4928757139258515,-0.1438197738587663,0.0,0.01957706428917958,1.5185362128450672,0.017575384443252483,2.868990738649251,0.025057846841311952,0.0019013457920851332,-0.00047053222936932503,0.6888548281210386,0.49976473388531545,621.4877470778831,289.78373149948453,0.6091702809588811,0.6091702875965259,0.609170287691728,0.7614628594956574,5.468724819460969e-06,735,0.2744,0.2709,0.02118,-0.006134,1029,0.2977,0.2965,0.02542,0.002652,3,0.1043,0.8831,-7.8e-05,13.863,0.1138,0.722,3.7e-05,13.902,0.0831,0.313,-0.000126,13.808,8.0009,1.7327,1.7376,1.7258,0.33782,0.68581,1.73029,0.17512,0.9897,0.987,0.9973,0.4908,3.8138,1.1123,0.1144,5.6934,22.7978,5.9777,81,0.233,-1.0,26,0.275,-0.9312,-2.0,0.0384869,0.1331047,-0.551413,-0.0043204,-0.0594586,0.0542054,0.0805743,205.0,175.0,0.0590846,0.1073331,-0.2899241,0.0002061,-0.011418,-0.0288779,0.031054,179.0,195.0,0.0322924,0.0644142,-0.3321579,-0.0014279,0.00879,-0.0207939,0.0226205,169.0,203.0
125,2708,209427,0.0,0.0016339158201824056,0.00018917245939447627,0.0016339158201824056,0.45374812099239253,9.619780537853888,7.809158296624852,-12.579920392928019,12.487000945376208,-0.04187658422971068,12.579920392928019,0.00045530379173186475,12.56368177280837,5.266125341659946,-3.023963665175404,3.774189263691592,-0.01342867217928992,3.774189263691592,0.14156321303337058,2.228542804747967,1.2522990879016693,0.14141841119250398,1.9852472306562454,0.8370501708112102,0.0,1.8178828627069956,0.9498523054819696,0.0011336449149806915,1.414188648333982,0.8921561832990111,7.779427901516367e-05,-0.785584474108615,0,0,0,0.14643897900793781,0.552072960066977,863,0.3807,0.1004,0.8934567472385854,-0.06370011101293124,1.13519089311008,0.04512026851091159,0.1263096015664808,1.774203379507118,0.19802863276685967,0.14645809117505418,1.3521180781344866,0.10803062421874154,0.07126133260909227,625,238,53,53,0,0.3747,837,0.5358131073567218,0.012828,0.012828299729883863,139.0,380.0,0.0696616,0.0380634,-0.0264535,0.027222,-0.0028283,-0.6430589,0.107783,-0.6517997,0.387318,0.7662789,-0.6949849,0.7151747,-0.0743041,523.0,374.0,-0.0072899,0.0862479,-0.0125477,0.0535529,0.066433,0.7881811,-0.4891726,-0.2034218,0.3132095,0.7212804,-0.1454846,0.6209181,0.7702565,1190.0,372.0,0.1025461,0.0399862,0.0156405,0.0367999,0.0001919,-0.8398613,0.4369103,0.3100097,0.0873866,0.6006744,0.3911483,0.9203152,0.0047997,0.018477457501847747,1.0,0.0016426780278260625,289.7837454850854,0.0,256,1.207347557787956e-10,2.6833742705757544e-11,3.540643381474773e-11,6.724814088886675e-07,0.0001854887843959032,4.93096877187796e-12,21.538128035526213,5.293307509779457,6.751235664040943,3.1169269631476144,1.0322533517794632,1.3660608389417874,0.14181481221348424,0.0,0.01915380563597664,0.556227599555298,0.027096020204730065,1.5923501112386804,0.04646471567270143,-0.001281253106771224,0.0003111078741825879,0.6930206275668926,0.5001555539370914,621.4877911739959,289.78375206036634,0.6091702680622935,0.6091702875951828,0.609170287691728,0.7614628594939784,5.638396937596544e-06,735,0.2756,0.2722,0.02158,-0.005598,1029,0.3008,0.2998,0.02501,-0.003895,3,0.1055,0.8841,-2.3e-05,13.861,0.1159,0.7188,0.00017,13.901,0.0844,0.3106,-1.6e-05,13.808,8.0002,1.7326,1.7376,1.726,0.33805,0.68798,1.72598,0.17545,0.9896,0.9871,0.9974,0.4911,3.8123,1.1437,0.0953,5.6367,22.8524,5.9944,81,0.2989,-0.8664,26,0.4855,-0.8928,-1.0,0.0691952,0.0737169,-0.0316397,-0.0420431,-0.0362066,-0.0237381,0.0603493,205.0,175.0,0.0848871,0.1165796,-0.1573092,0.0329562,0.0228717,-0.0373829,0.0548334,179.0,195.0,0.0470066,0.0487834,-0.0185494,0.0225658,-0.0042959,-0.0132222,0.0265047,169.0,203.0
126,2713,209433,0.0,0.0016667574622480663,0.00019398973955141646,0.0016667574622480663,0.4540736074701949,9.627919694181795,7.809355216354643,-12.455095282176512,12.238903312338792,-0.04072856401596652,12.455095282176512,0.0042250920083684975,12.564084061975548,5.257899319910679,-3.079945946911112,3.842000284909196,-0.012990527558240683,3.842000284909196,0.14191502100367007,2.2301847939596735,1.2533497218652025,0.1274638941054771,1.9913916529288507,0.8451959254896113,0.0,1.8320248056429718,0.9573477485220946,0.00020708093081234225,1.4141923105421448,0.8946637084457878,4.360719533421561e-06,-0.7851571217494911,0,0,0,0.1519953977984572,0.550892168933478,866,0.3851,0.09877,0.8973724975524495,-0.06530889169534829,1.1433800113138608,0.07981377588379207,0.12410246553997013,1.7682411723348386,0.20441055323204607,0.15201142027905515,1.344705238966909,0.11172074773411915,0.06565581526688039,632,234,49,49,0,0.3784,840,0.5346262297831453,0.010524,0.010524224950051675,139.0,380.0,0.0678357,0.0642464,0.0255754,0.0039058,0.0588069,0.0066445,0.3166473,-0.3918826,-0.8637814,0.7706131,0.3980828,0.0607947,0.9153328,523.0,374.0,-0.0068008,0.0362573,0.0237592,-0.0116681,-0.024778,-0.603694,0.48006,-0.3463397,0.5339895,0.7207314,0.6552938,-0.3218143,-0.6833927,1190.0,372.0,0.1016358,0.0268714,0.0142478,-0.0206223,0.0096845,0.7222969,-0.1227986,-0.5559299,0.392619,0.6000383,0.5302237,-0.7674455,0.3604027,0.01772525849335303,1.0,0.0017044238630773401,289.78376779025365,0.0,256,1.5346720957671353e-10,2.368059716644908e-11,3.4337576393093104e-11,7.259936281783724e-07,0.00019040565400293725,2.1732293247957466e-12,20.547395197853024,5.70789448647009,7.057199737602866,3.1294296092882528,1.102852011612312,1.397359629500293,-0.10209911671599806,0.0,0.021887089625369782,1.412980739605131,0.010939083555706311,0.9996897039882986,0.030305691788025294,0.0022278074133108084,-0.00133538247128641,0.6910422937072488,0.4993323087643569,621.487791755684,289.78375233159255,0.6091702641558606,0.6091702875874465,0.609170287691728,0.7614628594843081,5.75172848317885e-06,735,0.281,0.2777,0.01974,-0.001904,1031,0.2999,0.2985,0.02322,0.002629,3,0.1089,0.877,-6.9e-05,13.86,0.117,0.7219,7.4e-05,13.899,0.0859,0.3006,5.3e-05,13.808,7.9995,1.7325,1.7375,1.7261,0.33797,0.68865,1.7236,0.17578,0.9895,0.9872,0.9976,0.491,3.9026,1.1105,0.0952,5.752,22.7813,5.8375,81,0.2623,-0.4885,26,0.4667,-0.8502,0.0,0.0515299,0.099551,-0.3178502,0.0150361,0.0214685,-0.0317024,0.0411342,205.0,175.0,0.0892733,0.1231184,-0.1593525,0.0317383,0.0485161,0.0832924,0.1014828,179.0,195.0,0.0547948,0.0529716,0.0169186,-0.0183167,-0.0387286,-0.019918,0.0472454,169.0,203.0
127,2716,209437,0.0,0.001705838664791719,0.00019775470689238438,0.001705838664791719,0.4505200460275651,9.633208376801262,7.809152607236401,-12.350952963377171,12.812180691547356,-0.038129114745676235,12.812180691547356,0.0025582624158417833,12.565592722296568,5.256243244968115,-3.112782653566068,3.900103724494048,-0.013077730477506778,3.900103724494048,0.142127634730371,2.2307713543376737,1.2542154002134762,0.14198061943694357,1.9867645116508155,0.84376583963893,0.0,1.8461666529429983,0.9649186024621422,0.0042336130384380555,1.4141942533147867,0.8941501769105957,4.4854284306291873e-07,-0.7846837176188189,0,0,0,0.15393149646075718,0.5504865625516195,867,0.3921,0.10261,0.8968407403679244,-0.0651016263752153,1.1464952114478306,0.03338521761339661,0.1270177878270777,1.7632173967901013,0.20678529763029693,0.1539472127924284,1.3432220946352027,0.11324305526209225,0.06831274361518284,636,231,46,46,0,0.3854,841,0.5342026416116652,0.002195,0.002195151998371392,139.0,380.0,0.0679349,0.0610189,-0.0014639,-0.0407003,0.0454384,0.938699,0.0468895,0.3332993,-0.0745467,0.7717732,-0.0239902,-0.6670116,0.744661,523.0,374.0,-0.0057416,0.0428574,-0.011258,-0.0182837,0.0370907,-0.0680183,-0.2641584,0.0800582,-0.9587411,0.7200101,-0.2626844,-0.4266168,0.865445,1190.0,372.0,0.0999633,0.0599224,0.0237268,-0.0331531,-0.0439159,0.3919673,0.7149813,0.1701538,0.5533635,0.5981517,0.395959,-0.5532678,-0.7328787,0.01806118687799484,1.0,0.0017302982861186291,289.78377214795194,0.0,256,1.9845483049381776e-10,3.1748346380264216e-11,4.868632538870932e-11,9.10997636287095e-07,0.00019421973102096986,-1.6174587376146602e-12,20.338877352570215,5.122989335885739,6.388124162999828,3.129677024540714,1.299155484209105,1.6411495777905707,0.12177295359850497,0.0,0.015446779013988764,1.4743444723833483,0.02054324988192242,1.6915499767026816,0.025035622988705486,-0.001494208957411732,-0.002316870462917946,0.6956813932311352,0.4988415647685411,621.4878261022413,289.7837683465077,0.6091702646554,0.6091702875925541,0.609170287691728,0.7614628594906926,5.886591490355559e-06,735,0.2835,0.2795,0.01643,-0.002982,1033,0.3029,0.3012,0.02016,-0.001424,3,0.112,0.8673,-4.4e-05,13.858,0.1206,0.7401,7.2e-05,13.899,0.0878,0.3071,-3.8e-05,13.809,7.9994,1.7324,1.7375,1.7263,0.33799,0.68769,1.71918,0.17604,0.9895,0.9872,0.9977,0.4912,3.8992,1.1095,0.0951,5.842,22.719,5.8266,81,0.2264,0.344,26,0.183,-0.7717,-3.0,0.1396751,0.0888561,0.2223723,0.0811705,-0.0462199,0.0458941,0.104073,205.0,175.0,0.0726847,0.1021903,-0.1687244,-0.054218,0.0477553,-0.0289124,0.0778209,179.0,195.0,0.0800527,0.1139831,-0.1748665,-0.0179806,0.0604755,-0.0395956,0.0744875,169.0,203.0
128,2718,209439,0.0,0.0017453230732675303,0.0002021943306116868,0.0017453230732675303,0.4488912161582252,9.637284305918959,7.809146677275562,-12.256201664192854,11.879128363618976,-0.04359296340615111,12.256201664192854,0.00037356917820119406,12.56367000525584,5.2399927694608985,-3.1687311132054443,3.9542208489645696,-0.012948493066505414,3.9542208489645696,0.14236269500107324,2.233029140639389,1.2556113395205921,0.14221506615398832,1.9710189430294083,0.8533013086996869,0.0,1.8603086482826228,0.9735508191749478,0.0003171620392107277,1.4141956038611958,0.9031781802195085,8.917168797935224e-06,-0.7841588419768676,0,0,0,0.1581188390700028,0.5499636958723128,868,0.3912,0.10299,0.9056858795910558,-0.06562699478610803,1.155598284066803,0.0658657557932886,0.11816430220711324,1.7638289360656763,0.21246298905370015,0.15813398412365592,1.3435631197880944,0.11643820279428727,0.06811863842915579,635,233,41,41,0,0.3847,842,0.533647179077203,-0.005555,-0.005554831171313834,139.0,380.0,0.0638976,0.0746907,0.0180798,0.0103651,-0.0717244,0.1406486,0.6698761,-0.6793137,-0.2646069,0.7719464,0.2420623,0.1387734,-0.9602853,523.0,374.0,-0.0083558,0.0689495,0.0031797,-0.0635544,-0.0265474,-0.3856979,0.3169232,0.0914188,0.8616492,0.7187781,0.0461165,-0.9217523,-0.3850273,1190.0,372.0,0.1017885,0.0154695,0.01278,-0.0085527,-0.0016821,-0.048816,0.9640009,0.2560993,0.0522718,0.5976637,0.8261412,-0.5528715,-0.1087373,0.017673048600883652,1.0,0.0017636888599864991,289.7837853059593,0.0,256,1.7337549328136246e-10,4.1410077961467325e-11,5.577867276135917e-11,6.945354371100574e-07,0.00019892744638706935,1.7598436334592215e-12,24.201676858215887,4.7268253205594055,6.075915331765373,3.1259773643209168,1.016399087782712,1.3392550823079732,0.038429627255975346,0.0,0.01333364359148372,1.8826059982883365,0.03388490943949508,1.580027416438399,0.04143113563294627,-0.0005293048286467854,0.0005127732147525613,0.6911017849840362,0.5002563866073764,621.4878793258339,289.78379316329824,0.6091702772808393,0.609170287584796,0.609170287691728,0.7614628594809949,6.022845702361312e-06,735,0.2837,0.2797,0.01252,0.000739,1034,0.3027,0.3012,0.02081,-0.000339,3,0.1118,0.8635,2.6e-05,13.859,0.1206,0.7525,-5.7e-05,13.899,0.088,0.3176,2e-06,13.808,7.9993,1.7325,1.7375,1.7262,0.33733,0.6877,1.71565,0.17541,0.9894,0.9872,0.9978,0.4912,3.8969,1.1089,0.095,5.9201,22.6635,5.8158,81,0.2264,0.9959,26,0.2026,0.5362,-3.0,0.0789609,0.1096482,-0.1627029,0.0499328,0.0076162,0.0258112,0.0567231,205.0,175.0,0.1294743,0.0300672,0.6230797,-0.0063643,-0.0423372,-0.0459884,0.0628321,179.0,195.0,0.0705908,0.0999718,-0.1722594,-0.0667901,-0.0341418,-0.0345009,0.0825645,169.0,203.0
129,2720,209442,0.0,0.0018083292201569229,0.00020686892727062655,0.0018083292201569229,0.445757980346036,9.632745880431614,7.809739803551068,-12.452928498716126,13.291363846075983,-0.046645091471543026,13.291363846075983,0.0022755955274349426,12.564976069676959,5.2440930740591085,-3.1669994770504983,3.9992307842966137,-0.013276918774611967,3.9992307842966137,0.14278717044165123,2.2352990519695966,1.2570431451517035,0.12797792032104194,1.9719359631395772,0.8496485724287626,0.0,1.87445046618798,0.9823646965776835,0.0004553830037754558,1.4141945561845868,0.8938397815955375,1.784954415955344e-07,-0.7835792378234583,0,0,0,0.16257942266516887,0.5495653324849451,868,0.3894,0.10227,0.9153198538394125,-0.06904352787060342,1.1651035281327242,0.05200619679053941,0.12347712831307565,1.75523675736048,0.21847259702159472,0.16259092044158038,1.3436949395959221,0.11982588774315814,0.0679161406667845,630,238,36,36,0,0.3836,842,0.5331944730432506,-0.003961,-0.0039609381107812425,139.0,380.0,0.05758,0.0312339,-0.0092628,-0.0176276,-0.024063,-0.6866102,-0.2543529,-0.5852574,0.3483458,0.7719203,-0.2965614,-0.5643746,-0.7704107,523.0,374.0,-0.007883,0.0217557,0.0028638,-0.0213058,0.003342,0.9725747,-0.1521803,-0.0733782,-0.1598599,0.7179835,0.1316344,-0.9793236,0.1536153,1190.0,372.0,0.1013016,0.0739963,0.0485863,-0.0066065,-0.0554182,-0.4605196,0.6644434,0.0326917,-0.5876801,0.5953038,0.6566049,-0.0892814,-0.7489318,0.017660044150110375,1.0,0.0018076087867472202,289.7838101398774,0.0,256,2.2318182579740329e-10,3.8023873095402134e-11,5.6888629806678e-11,8.789970282408188e-07,0.00020405465559415303,2.9672509716421092e-12,35.2210803184185,8.105960719412085,10.284684092758392,3.098521874870024,1.0992505738870089,1.4368365806571912,0.04649831963085278,0.0,0.01455664221355472,1.4715193188998157,0.0252330535858371,2.2224019127089565,0.04772579597350739,-0.0002510357570267865,0.0009549437185064691,0.6837985997114707,0.5004774718592534,621.4878688122982,289.7837882611073,0.6091702710602035,0.6091702875821171,0.609170287691728,0.7614628594776464,6.240270482376131e-06,737,0.2792,0.2755,0.0103,0.001702,1034,0.3041,0.3032,0.02141,-0.00264,3,0.1097,0.8568,9e-05,13.858,0.1209,0.761,4.6e-05,13.9,0.0872,0.3175,-6.1e-05,13.808,7.9992,1.7324,1.7376,1.7261,0.33685,0.68604,1.71353,0.17524,0.9895,0.9872,0.9977,0.4912,3.8067,1.142,0.0952,5.7508,22.8507,6.0028,81,0.2933,0.7474,26,0.4945,0.5174,1.0,0.1081175,0.0980562,0.0487998,-0.0659338,0.0476819,-0.0566619,0.0991534,205.0,175.0,0.0346938,0.0385958,-0.0532405,0.0195613,0.003033,-0.0219962,0.0295919,179.0,195.0,0.0706644,0.0967792,-0.1559621,0.0219344,0.0165907,0.0240568,0.036539,169.0,203.0
130,2721,209443,0.0,0.0018699921757838825,0.00021034775833807427,0.0018699921757838825,0.44547713621829593,9.635267421186988,7.809709484186519,-12.523033056137912,12.039412492328164,-0.04419920718847259,12.523033056137912,0.0008588915737085319,12.562306932240096,5.241589529333808,-3.178509965888399,4.053478099448451,-0.013345287281506904,4.053478099448451,0.1431086657294353,2.2371279374231894,1.2584768912234272,0.09704500710562347,1.9264420351328737,0.848979573203573,0.0,1.8885924473347961,0.9912246287284331,0.0010077411206370623,1.4141911862102485,0.892785534368067,3.5271938928712256e-06,-0.7829139639146441,0,0,0,0.1680509948648531,0.5493278413157876,869,0.386,0.10008,0.9243702235608401,-0.07262328373870179,1.175657111400352,0.07686747199176415,0.11917574604546229,1.753383395703969,0.2255413147437339,0.16805981721185007,1.3420299895924839,0.12384754353478647,0.071673525755853,630,239,40,40,0,0.3793,842,0.5323807525832709,-0.002522,-0.002521580879213392,139.0,380.0,0.0546563,0.0588394,0.0126663,0.009991,0.0565846,0.4825835,-0.3340241,-0.0700073,0.8066226,0.7731883,0.2152686,0.1698013,0.9616792,523.0,374.0,-0.0087676,0.020887,-0.0187774,0.0003586,-0.0091404,-0.7542952,0.4805437,-0.2283994,-0.3846431,0.7176378,-0.8990008,0.0171669,-0.4376103,1190.0,372.0,0.1014232,0.0699313,0.0118618,0.0212129,0.0655721,-0.4805638,0.6815049,0.5138542,0.2014035,0.5924225,0.1696203,0.3033395,0.9376642,0.01764705882352941,1.0,0.0018892128494953778,289.7838043560197,0.0,256,2.3044311556076076e-10,4.333470337914669e-11,5.998090432529754e-11,9.588430906150072e-07,0.0002079493845529707,-7.613397686620275e-12,23.075421817742804,5.088155127956726,6.523835953725533,3.1239713201430694,0.9478582401870537,1.274673835032077,-0.053067711544803636,0.0,0.015605673002215001,1.2306335088623008,0.009030214579947689,1.809284202574003,0.04981637168060629,-0.001050912011907017,-0.00026423926847014926,0.6990056641661678,0.499867880365765,621.4879513048692,289.78382672526874,0.6091702757334363,0.609170287585808,0.609170287691728,0.76146285948226,6.453059154183714e-06,737,0.2753,0.2714,0.01433,0.002655,1034,0.3023,0.3018,0.02302,-0.003416,3,0.1071,0.8548,2.9e-05,13.857,0.1192,0.7662,7e-06,13.9,0.0855,0.3215,-6.4e-05,13.807,7.999,1.7323,1.7377,1.7261,0.33663,0.6859,1.70905,0.17483,0.9895,0.9872,0.9977,0.491,3.8058,1.1417,0.0951,5.7223,22.8771,6.0111,81,0.3212,0.2737,26,0.5195,0.5648,0.0,0.0847588,0.0557291,0.206635,-0.0019605,-0.0325958,0.0292363,0.0438303,205.0,175.0,0.0344908,0.050069,-0.1842276,0.0111489,-0.0333863,0.0135919,0.0377318,179.0,195.0,0.1069401,0.0869206,0.1032676,-0.0010368,0.0710548,0.0068372,0.0713905,169.0,203.0
131,2722,209444,0.0,0.0018666161326530136,0.0002131891921639039,0.0018666161326530136,0.4430517085470742,9.63367983092221,7.810111766279034,-12.134327412931112,11.827632950851969,-0.04078899636267351,12.134327412931112,0.00014128085351572395,12.559317527001078,5.270326682947734,-3.2142814805478026,4.101724917880653,-0.013261051831176016,4.101724917880653,0.14315631215198177,2.2376689056021015,1.2593041763021395,0.14301422451583476,1.872815540109712,0.8458084657388081,0.0,1.9027343826221714,1.0001696709986097,9.752295211828965e-06,1.4141904653590185,0.8917319932142186,4.195798754288338e-06,-0.7821724167311058,0,0,0,0.16937823182063236,0.5487944943786832,869,0.384,0.09902,0.929488975969056,-0.07636786891795833,1.1805923698109488,0.04379507005284312,0.12478266976649549,1.7431544451702101,0.22775513932944474,0.1693843115104238,1.344605868740263,0.12527456236573026,0.0717862086643215,630,239,36,36,0,0.378,841,0.5312420222614198,-0.003909,-0.003909159134776186,139.0,380.0,0.0511091,0.0144434,0.0016,0.0012106,-0.0143034,0.0070584,0.4081242,-0.9122805,0.0336023,0.7725051,0.1107754,0.0838143,-0.990305,523.0,374.0,-0.0046755,0.0232942,-0.0108991,0.0203321,0.0032301,-0.5855484,0.0093243,-0.2185619,0.7805619,0.7160862,-0.4678902,0.8728406,0.1386652,1190.0,372.0,0.1041044,0.0766912,0.0088625,-0.0755105,-0.0100579,-0.3293847,-0.2023415,0.6794871,0.6235871,0.5900636,0.1155615,-0.9846043,-0.1311484,0.01800808526277104,1.0,0.001913314169221658,289.78384653873155,0.0,256,3.721663882584173e-10,5.21677563161995e-11,8.080604824223256e-11,1.2903232675946614e-06,0.00021137935248875605,1.3553347588658486e-12,18.2148629330191,5.061532207523362,6.350322143034159,3.0923166167241507,1.2805418891904568,1.5987937225162678,-0.10475073584944893,0.0,0.007143762519405202,0.09631916239063537,0.013700398507882171,1.5469071219281347,0.02360470919892176,-0.0028338364570669925,-0.0007135828679376774,0.6847216012010492,0.4996432085660313,621.4879864193124,289.78384309822934,0.6091702744187028,0.6091702875782885,0.609170287691728,0.7614628594728606,6.441408577842203e-06,738,0.269,0.265,0.0187,-0.001012,1034,0.3006,0.3006,0.02419,-0.002228,3,0.1041,0.857,3.6e-05,13.855,0.1181,0.7692,4.6e-05,13.9,0.0831,0.3299,-7.5e-05,13.807,7.9987,1.7322,1.7378,1.7261,0.33639,0.68436,1.70484,0.17436,0.9895,0.9872,0.9977,0.4908,3.808,1.1424,0.0952,5.6576,22.9539,6.0278,81,0.2878,-0.3207,26,0.2825,0.7026,0.0,0.0304076,0.0192368,0.2250156,0.0181041,0.0072668,-0.0093911,0.0216509,205.0,175.0,0.0797274,0.0725294,0.0472759,0.0320479,0.0377403,-0.0530045,0.0725319,179.0,195.0,0.0763544,0.0828145,-0.0405866,0.0193707,-0.0021435,-0.0066685,0.0205982,169.0,203.0
132,2723,209445,0.0,0.0018780462500702342,0.00021619457277981025,0.0018780462500702342,0.43985469031232194,9.636574875288233,7.810005777638714,-12.134988832095596,13.05049763411349,-0.03627783924832252,13.05049763411349,0.0005626905150819539,12.563800514689396,5.285205578427586,-3.259897201433622,4.189118160432208,-0.013582166372678256,4.189118160432208,0.14327965118850805,2.2383268840842465,1.2599899622632662,0.12932662138332207,1.76043462891319,0.8379658793555163,0.0,1.9168762713480083,1.0089475099226026,5.480634314825039e-05,1.4141934029472787,0.9051629225512777,6.646954738456118e-05,-0.7813675769098587,0,0,0,0.17076150505983212,0.5483071005954414,869,0.383,0.10158,0.9338713263920185,-0.07740501897311404,1.185466842751165,0.05722394001212276,0.12588765075159739,1.7272958112061445,0.23005890400987636,0.17076636145793844,1.3472144165028797,0.12672763583444513,0.07170263470697316,633,236,40,40,0,0.3765,840,0.5301449015668022,0.000681,0.000680719686384279,139.0,380.0,0.0513206,0.0494962,-0.0050068,-0.030724,-0.0384817,0.3900724,-0.2487442,-0.5156929,0.7211315,0.7719132,-0.101156,-0.6207347,-0.7774676,523.0,374.0,-0.0091407,0.0663625,-0.0366156,0.0273399,0.0481229,0.300708,0.0763133,-0.3055263,0.9002248,0.7152607,-0.5517515,0.4119775,0.7251516,1190.0,372.0,0.105813,0.0313736,0.0154549,-0.0128483,-0.0240908,0.1746207,-0.8605427,0.2261179,0.4217163,0.5883838,0.4926077,-0.409527,-0.7678706,0.018368846436443792,1.0,0.0019109414845383604,289.7838620724926,0.0,256,2.8720591338863245e-10,3.889578224107266e-11,6.117608758438153e-11,9.59704703026197e-07,0.00021455821941653664,-3.0121224265630572e-12,14.207541951938143,5.495243761379889,6.631794549356748,3.1341067143556334,0.922111201880734,1.1916811178937647,0.0007130963254713199,0.0,0.006189657194302752,2.352907482696183,0.01173011536536031,1.8716071967101258,0.014009920603469728,-0.00210466880417246,-0.0011365777774424623,0.6922918046236214,0.4994317111112788,621.4880173222214,289.78385750745997,0.6091702613987464,0.6091702875712713,0.609170287691728,0.7614628594640891,6.480851853598806e-06,738,0.2652,0.2611,0.01566,-0.000327,1035,0.2933,0.2936,0.02555,-0.001738,3,0.1023,0.8581,5.1e-05,13.855,0.1151,0.7698,7.7e-05,13.901,0.08,0.3328,1.2e-05,13.807,7.9988,1.7321,1.7379,1.7261,0.33614,0.68392,1.70045,0.17612,0.9895,0.9872,0.9976,0.491,3.8063,1.1419,0.0952,5.6958,22.9221,6.0221,81,0.2549,-0.8877,26,0.0865,0.4201,-1.0,0.0431969,0.085729,-0.3298955,0.0008966,0.0431594,-0.0050026,0.0434576,205.0,175.0,0.137228,0.0626969,0.3727959,0.0190611,0.0556802,0.0581237,0.0827162,179.0,195.0,0.0304219,0.0667533,-0.373875,-0.0119011,0.0349327,-0.0010362,0.0369188,169.0,203.0
133,2723,209445,3.199474251478384e-11,0.0018852765002879146,0.0002198014194116593,0.0018852765002879146,0.43798813979611945,9.638126820777845,7.810080456291303,-12.162522360502686,11.942862947943285,-0.034056160694702395,12.162522360502686,0.00046349771861997624,12.564936804499162,5.304895523707314,-3.3205874949196486,4.230760021810028,-0.01338974482809592,4.230760021810028,0.14337477327581916,2.238662230187071,1.2604977439146599,0.09718503405035839,1.5929546550144362,0.8426908439718231,0.014142007400050966,1.9310180622149549,1.0179381636264593,0.0008848565733710068,1.414191898100227,0.898248193003641,0.00012395602927521744,-0.7804689216034998,0,0,0,0.17117046779957515,0.5478001983772208,869,0.3833,0.10491,0.9352911529792228,-0.07959178651610473,1.1882262268031614,0.026038173020535158,0.12915053084209674,1.718876736357093,0.2311246692597969,0.17117426206123887,1.3502302652083895,0.1274737000731616,0.07150449640907051,633,236,33,33,0,0.377,840,0.5295930962459248,-0.005439,-0.0054394152071433055,139.0,380.0,0.0499536,0.0255574,0.0251595,0.0038923,-0.0022425,-0.783654,-0.0684333,-0.6173111,0.0114133,0.7706521,0.9844319,0.1522982,-0.0877439,523.0,374.0,-0.0071796,0.032038,0.0317869,0.0039613,-0.0005757,-0.6726724,0.1928432,-0.5700978,0.4304786,0.7143709,0.9921639,0.1236444,-0.0179704,1190.0,372.0,0.1078022,0.0348526,-0.0154415,0.0305855,0.0063869,0.7222184,0.3801042,-0.2385346,-0.5263294,0.5869352,-0.4430502,0.8775676,0.1832532,0.017994858611825194,1.0,0.0019054800272950336,289.78387463460416,0.0,256,2.288857878893692e-10,3.4518982810874396e-11,4.913285066418137e-11,1.4143565662211348e-06,0.0002183452839302628,-6.637090015779011e-12,27.322348890667392,7.887943931959832,10.067518384976117,3.064591968794598,0.9691565956493426,1.2848848302961156,0.009257371171428167,0.0,0.009265593742805478,0.8693365110655779,0.016578140801193547,0.6912117074367033,0.015134911671910814,-0.0018269600336045294,-0.001938457704140855,0.6902353132349812,0.4990307711479296,621.4880240768574,289.78386065697276,0.6091702703758903,0.609170287563955,0.6091702876917154,0.7614628594549436,6.505802276268181e-06,738,0.2623,0.2599,0.01456,-0.004388,1035,0.2921,0.2925,0.02635,-0.001993,3,0.1013,0.8571,-1e-06,13.854,0.1144,0.7533,4.9e-05,13.901,0.0787,0.3069,-3.9e-05,13.807,7.9988,1.732,1.7379,1.7262,0.33574,0.68378,1.69665,0.17696,0.9895,0.9872,0.9976,0.491,3.8058,1.1417,0.0951,5.6951,22.9193,6.0222,81,0.259,-0.9286,26,0.2922,-0.2627,-1.0,0.1005607,0.0758176,0.1402845,0.0641301,0.0018415,0.0583004,0.0866891,205.0,175.0,0.0232482,0.0450326,-0.3190416,-0.0104266,-0.0119335,0.0041708,0.0163865,179.0,195.0,0.059975,0.0464479,0.127107,-0.0270293,0.0014148,0.0334446,0.0430247,169.0,203.0
134,2725,209448,0.0,0.001947051774085374,0.0002254395358781662,0.001947051774085374,0.4402607660279239,9.64235180739165,7.810528803125484,-12.631354319710164,13.276849941350617,-0.03219406641507842,13.276849941350617,0.000254525865408084,12.562960497825966,5.308333942608975,-3.3278685719754053,4.292267776861988,-0.013660047582051945,4.292267776861988,0.14421456304802993,2.240054696250274,1.2620889895341882,0.14420096435318958,1.5850861650228167,0.8412644767438274,0.0,1.9451581893831233,1.0261438125211217,0.0003881183556150303,1.414210470600296,0.8860512658220889,8.38155270629456e-07,-0.7795047209334911,0,0,0,0.17683982534563278,0.5464650490831048,871,0.3838,0.10489,0.9433414461286647,-0.07955187393960107,1.2000572680617925,0.07847031179357741,0.12948364159842088,1.7244339497238634,0.23891159943556725,0.1768424985055666,1.3509852069187251,0.13204496727489992,0.07133334898302844,637,234,34,34,0,0.3776,842,0.5282325041285851,0.005334,0.00533372718730063,139.0,380.0,0.0500628,0.0912933,-0.0759919,0.041468,0.0289846,-0.7248778,-0.2426922,-0.2584886,0.5906236,0.770124,-0.8323927,0.4542279,0.3174891,523.0,374.0,-0.0067573,0.0389943,0.00763,0.0310302,-0.0223488,-0.4514535,0.4076997,0.7909201,0.066454,0.712695,0.1956685,0.7957614,-0.5731297,1190.0,372.0,0.1054805,0.0742275,-0.0087975,0.0735629,0.0045633,-0.2090321,0.764093,-0.3972362,-0.4633259,0.5845922,-0.1185202,0.9910467,0.0614767,0.017994858611825194,1.0,0.001963528835441597,289.78387508215405,0.0,256,3.0074977224160934e-10,5.2539611772302564e-11,7.277601391343875e-11,1.008058671473744e-06,0.00022357629227746538,3.5980585190998532e-12,20.3972661218937,6.237836540660407,7.499091062894797,3.1381534206081536,1.2532907137637137,1.6292054344297813,-0.13682879070000298,0.0,0.019763309198053615,2.6270189987957053,0.015860419277235055,0.9620829530869038,0.035670047314308576,-0.0014691484733560466,-0.0003529637980984021,0.6770427369081068,0.499823518100951,621.4880650787222,289.78387977508646,0.6091702755349546,0.6091702875762323,0.609170287691728,0.7614628594702902,6.7189789010919556e-06,738,0.2639,0.2615,0.01273,0.007319,1035,0.2881,0.2883,0.0267,0.001169,3,0.1023,0.849,-3.6e-05,13.853,0.1131,0.7597,1.6e-05,13.901,0.0783,0.3013,-6.3e-05,13.808,7.9987,1.732,1.7379,1.7262,0.33524,0.68394,1.69612,0.17684,0.9895,0.9872,0.9976,0.491,3.8035,1.141,0.0951,5.678,22.937,6.0305,81,0.287,-0.465,26,0.3108,-0.3213,-1.0,0.1012328,0.099795,0.0071526,-0.0284933,-0.027782,-0.0150057,0.0425309,205.0,175.0,0.0529946,0.0431971,0.1018546,0.0269954,-0.0049823,-0.0075375,0.0284674,179.0,195.0,0.0814653,0.0918667,-0.0600085,-0.0190822,0.0047619,-0.0391819,0.0438409,169.0,203.0
135,2729,209453,0.0,0.002040833399448573,0.00023130894336650305,0.002040833399448573,0.44022881853806045,9.648846272891259,7.81041080352426,-12.703066029418098,12.835059141062407,-0.028331350917122976,12.835059141062407,0.0019614412334769374,12.566122058944242,5.312823311012789,-3.371130768601892,4.304560698832233,-0.013706594488902964,4.304560698832233,0.14504657989745567,2.2409703533630108,1.263402843968135,0.1448912565697218,1.603330756631016,0.8472359332883262,0.0,1.9592976639523108,1.0333438480320456,0.00036661718170416524,1.4141921207022352,0.887513055186724,6.4479493664240936e-06,-0.7784410232432754,0,0,0,0.18162210472367044,0.5462087611819982,873,0.3857,0.10341,0.9489680253715892,-0.07930023295199394,1.211709841910575,0.06164719015743854,0.1239783726048007,1.7203945357222883,0.2460972850475755,0.18162385869429146,1.3549832429328872,0.13626944751738973,0.07125207284187123,638,235,39,39,0,0.3794,844,0.5279890854304287,6.6e-05,6.615262961506829e-05,139.0,380.0,0.0528459,0.059823,0.035534,0.0318738,0.0360581,-0.6448122,-0.1333694,0.6665928,-0.349405,0.7677248,0.5939855,0.5328023,0.6027461,523.0,374.0,-0.0069551,0.0435607,0.0156673,-0.0405377,0.0029594,0.9212649,0.1456235,0.3141382,-0.1771495,0.7107885,0.3596673,-0.9306042,0.0679363,1190.0,372.0,0.1028578,0.078162,-0.0146767,0.0564177,0.0520667,0.6288493,0.5465746,0.0617207,0.549541,0.5818685,-0.1877733,0.7218042,0.666138,0.01798165137614679,1.0,0.0020084220978380625,289.7838910956977,0.0,256,2.4133087442559875e-10,4.348706021704664e-11,6.20952298725762e-11,1.351154220351482e-06,0.00022933721757979628,4.17087114219439e-12,24.237483177757227,6.492302429538757,8.155436948451468,3.0827036865844515,0.9152498484305716,1.2187834117979932,-0.011871716103398329,0.0,0.01755124981492545,1.6313252284324964,0.016574264578419876,1.6525499826176262,0.04427783667987381,-0.00015993932069448277,-0.0008290972424021235,0.6914211707053768,0.49958545137879906,621.4880795078617,289.7838865030226,0.609170262387703,0.6091702875629157,0.609170287691728,0.7614628594536446,7.0426048324370375e-06,738,0.2661,0.2638,0.01254,0.013142,1037,0.2874,0.2865,0.02614,-0.00122,3,0.1038,0.8379,-3.5e-05,13.853,0.1135,0.7685,-8.4e-05,13.901,0.0789,0.2947,-7.7e-05,13.807,7.9985,1.732,1.738,1.7262,0.33494,0.68433,1.69619,0.17382,0.9895,0.9873,0.9978,0.4914,3.799,1.1397,0.095,5.7935,22.8573,6.0167,81,0.299,0.1016,26,0.2077,-0.2853,-1.0,0.1198154,0.117664,0.0090592,0.0344827,-0.0772751,0.0585437,0.1028973,205.0,175.0,0.0539242,0.0738851,-0.1561768,-0.0306774,0.007238,0.0361985,0.0479982,179.0,195.0,0.0782097,0.1157639,-0.1936051,0.0530191,-0.0099593,0.0096687,0.054806,169.0,203.0
136,2730,209454,0.0,0.0020187254360974865,0.0002332202593660218,0.0020187254360974865,0.4407869777176698,9.651671659356616,7.810781146802389,-12.563757109677148,11.997021236529093,-0.025739386774775573,12.563757109677148,0.0013007926602898422,12.565887800156819,5.274952079771632,-3.448763460750158,4.360334723757919,-0.013791221757441047,4.360334723757919,0.14514684355324814,2.241272639341211,1.2639426509718503,0.14500695178282696,1.6050203423803078,0.8473363758635776,0.0,1.9734396715951257,1.0416330905721984,0.0010372085732033298,1.414192469645374,0.8916335029940688,2.028724652793948e-05,-0.7773395842132298,0,0,0,0.18244189492478546,0.5457594033922974,874,0.3867,0.10248,0.9514402554008844,-0.0814239548426483,1.2160367380946462,0.036900684268582486,0.12023446911489222,1.7094660635933583,0.2480221057722925,0.18244294492693064,1.3594502427683715,0.13752220203947868,0.06881410161916768,640,234,35,35,0,0.3805,845,0.5275200660496346,-0.002889,-0.0028891258598586766,139.0,380.0,0.0538018,0.0270957,-0.0206754,0.0045339,0.016916,0.1013843,-0.6140053,0.7299177,0.2827347,0.7656473,-0.7630506,0.1673283,0.6243036,523.0,374.0,-0.0080171,0.0717392,-0.0128345,0.0674116,0.0209156,-0.1227407,-0.2817281,0.7273264,-0.6136451,0.7098607,-0.1789044,0.9396764,0.29155,1190.0,372.0,0.1008247,0.0711277,-0.0097967,0.017108,-0.068341,0.6010807,0.5821815,0.1338438,0.5308978,0.5790982,-0.1377337,0.2405255,-0.960821,0.017222425796995237,1.0,0.002105698690716647,289.78390385694155,0.0,256,1.5417874308013703e-10,4.4407129007899215e-11,6.385574618702396e-11,1.0881311234572544e-06,0.00023162676916227027,-4.291675690976248e-12,23.679336848340625,6.392139690986686,7.923114479366116,3.1199181354855816,0.8816891949905897,1.1435049225867264,0.03803650907908105,0.0,0.010963289543567182,1.7952680011420767,0.013124231763974868,0.6781028392473657,0.03931685928936046,0.0017765887958741515,0.0015881446516413764,0.6857454595095039,0.5007940723258208,621.4880213186058,289.7838593708711,0.6091702753771822,0.6091702875549379,0.609170287691728,0.7614628594436723,6.966314274646615e-06,738,0.2679,0.2657,0.01206,0.001483,1037,0.2865,0.2854,0.02476,0.000385,3,0.1049,0.8292,2.5e-05,13.853,0.1137,0.7833,-8e-05,13.902,0.0793,0.3021,-6e-05,13.806,7.9985,1.732,1.7381,1.7261,0.33491,0.68459,1.68969,0.17607,0.9894,0.9873,0.9979,0.4916,3.7975,1.1392,0.0949,5.8589,22.8059,6.0055,81,0.2166,0.7503,26,0.0427,0.5596,-1.0,0.0496904,0.0743189,-0.198602,0.0238154,0.0477314,-0.0162428,0.055761,205.0,175.0,0.0919616,0.0942418,-0.0122457,-0.0037005,-0.0205582,0.0555908,0.0593857,179.0,195.0,0.1050361,0.0939367,0.0557833,0.0649748,0.0078068,-0.0301683,0.072061,169.0,203.0
137,2733,209457,0.0,0.0020766666059055337,0.0002362581516626332,0.0020766666059055337,0.44243574495816235,9.656820187086018,7.811156394808786,-13.093939939404603,12.035189923124644,-0.024521200889400848,13.093939939404603,0.0017819391961014263,12.56583903791532,5.289207492464875,-3.512289191671778,4.427251168075788,-0.01369424681286844,4.427251168075788,0.1454042956412162,2.2417589431572744,1.2648148114254547,0.1187085359812381,1.6089518359680033,0.8532864515294815,0.0,1.9875816810909888,1.049790781161067,9.729902569943771e-05,1.4141928631765834,0.8857479367836179,4.2564164772861894e-05,-0.7761706365489663,0,0,0,0.1849281414349568,0.5448970360779143,876,0.383,0.10152,0.9580278021399874,-0.08027461402173985,1.2234965388095482,0.07463912258396907,0.11693643810304538,1.7081615493844549,0.2521464486234334,0.18492910087555992,1.3634763129741516,0.13991187645748981,0.0737314116827708,638,238,38,38,0,0.3768,847,0.526638729809722,-0.00415,-0.004150037027655928,139.0,380.0,0.054911,0.0592748,0.0161019,0.0394874,0.0411701,-0.2366344,-0.3879072,0.8711762,0.1859683,0.7645942,0.2716489,0.6661751,0.6945629,523.0,374.0,-0.0061809,0.0552134,-0.0522092,0.0094707,0.0152651,0.0549012,-0.2127437,-0.8783903,-0.4244484,0.7091286,-0.9455895,0.1715292,0.2764745,920.0,373.0,0.103713,0.0787792,0.010389,-0.0758955,0.0183877,-0.7822152,-0.1483755,-0.5923683,-0.1233852,0.5805082,0.1318748,-0.963395,0.2334076,0.01684981684981685,1.0,0.0020966781420517786,289.78387809093755,0.0,256,2.7220085939652207e-10,3.635185694493151e-11,5.823227725220038e-11,1.3157238282780316e-06,0.0002352941848310658,2.489222501292646e-12,23.682037512168318,6.648008167290231,8.099399428216865,3.053399828250942,0.933570503420673,1.2264289658084926,-0.05260714849073264,0.0,0.027084278918922875,1.8431460553639496,0.019355897685567985,3.0828145140191126,0.032372655806263084,-0.0005046952534559898,0.004064915839177396,0.6818630281657009,0.5020324579195888,621.4880941754027,289.7838933421192,0.6091702640639012,0.6091702875725246,0.609170287691728,0.7614628594656556,7.1662595941929e-06,738,0.2681,0.2659,0.01526,-0.00362,1038,0.2842,0.2831,0.02929,-0.003144,3,0.104,0.8277,6.3e-05,13.853,0.1115,0.7772,-2e-05,13.904,0.0785,0.2901,-9.9e-05,13.806,7.9988,1.7319,1.7382,1.726,0.33454,0.6833,1.68531,0.17555,0.9894,0.9874,0.998,0.4921,3.7941,1.1382,0.0949,5.8673,22.8069,6.0111,81,0.2101,0.9698,26,0.2607,0.4521,-3.0,0.1282819,0.0839858,0.2086807,-0.0276494,0.089577,-0.0021553,0.093772,205.0,175.0,0.071758,0.0582088,0.1042511,-0.016513,-0.0282164,-0.0118594,0.0347778,179.0,195.0,0.1149498,0.1351832,-0.0808903,-0.0936424,-0.0138839,0.0148533,0.0958242,171.0,202.0
138,2737,209462,0.0,0.0021059856826071708,0.00023837382503276796,0.0021059856826071708,0.43971533777885013,9.65861988190034,7.811654614743673,-12.624619840628844,12.356468355136078,-0.024058606250836067,12.624619840628844,0.0002770799550670944,12.565793926068253,5.289440651490332,-3.5339826582453573,4.460031711579203,-0.012835323918044638,4.460031711579203,0.14555951687570895,2.2420896377861177,1.2655496537332882,0.12161742663127884,1.6108025437399127,0.8469768681938485,0.0,2.001723721556674,1.0572635421745868,0.00027087114649648747,1.414188771609947,0.8924550278085855,1.4479324949942933e-06,-0.7749881453809434,0,0,0,0.1856063911793936,0.5440712389465373,877,0.3802,0.10496,0.9620557269851352,-0.07785442993134886,1.2276035489263422,0.06911340784999573,0.11913594906676665,1.6934275763345645,0.2538738194728297,0.18560727107284902,1.3678010457531415,0.1409345608985557,0.07324678914085775,639,238,32,32,0,0.374,848,0.5257842613131176,-0.006668,-0.006667611777769755,139.0,380.0,0.0574079,0.0583037,-0.0580791,-0.0025602,-0.0044245,0.439586,-0.7023796,-0.1755034,-0.5316254,0.7636292,-0.9961491,-0.0439107,-0.0758873,523.0,374.0,-0.0055412,0.0477577,0.0096413,-0.0315629,0.03452,0.5329677,-0.1580004,0.5532842,-0.6203691,0.7081199,0.201879,-0.6608957,0.7228152,920.0,373.0,0.1077267,0.1492164,0.1375485,0.0577698,-0.0029294,-0.1117415,0.3113407,-0.9435859,-0.0150475,0.579728,0.9218058,0.3871545,-0.0196319,0.015733626051957557,1.0,0.0021438792597236874,289.7839145345156,0.0,256,3.4862851914799775e-10,5.4277879898425927e-11,8.149420660317873e-11,1.4672739448421778e-06,0.00023818095835992373,5.639234667334441e-12,23.67116430539908,6.429851197336744,7.9571643420307065,3.0758234331258567,1.043122269171745,1.3803322114164627,-0.03191983407175887,0.0,0.00821405304879368,0.22300396209354828,0.010340565526231655,2.2700338499479127,0.01983578312134971,5.774718976449147e-06,0.004477730733427476,0.6879849280774846,0.5022388653667138,621.4881391843425,289.7839143286287,0.6091702605463793,0.6091702875495202,0.609170287691728,0.7614628594369002,7.2674347279983354e-06,739,0.2632,0.2608,0.01579,-0.004144,1040,0.2807,0.2795,0.0277,-0.006426,3,0.1013,0.8253,3e-05,13.853,0.1099,0.7973,-5.8e-05,13.904,0.0761,0.3172,-4.1e-05,13.805,7.9989,1.7319,1.7383,1.7259,0.3345,0.68342,1.67952,0.17581,0.9893,0.9875,0.9981,0.4925,3.7932,1.138,0.0948,5.9743,22.7591,6.0,81,0.2394,0.5884,25,0.3402,0.3506,-3.0,0.1345633,0.0956993,0.1687812,-0.0439793,-0.0612712,-0.0714411,0.1038853,205.0,175.0,0.0290441,0.1104988,-0.5837248,-0.0173051,0.0579318,-0.0255656,0.0656442,179.0,195.0,0.1532283,0.1917754,-0.1117296,-0.0006946,0.0037875,0.0822497,0.0823398,171.0,202.0
139,2737,209462,2.155816744631235e-12,0.0021150170379526886,0.00024222193961605804,0.0021150170379526886,0.43844899116702946,9.659821577902239,7.811739179423791,-12.513523485242628,12.21956928209507,-0.022486102656684607,12.513523485242628,0.0029166065321218934,12.56542790238908,5.2981735205230125,-3.537396106643471,4.502932430430047,-0.012431081764021948,4.502932430430047,0.14563039787284987,2.24224801151938,1.2660128343012178,0.12333198623344588,1.607647475269025,0.846204110694447,0.014140725645262236,2.0158654791504844,1.0658721734114833,0.0002420978963071363,1.4141902196126495,0.8913775408496079,1.0155012834714245e-05,-0.7737227298218218,0,0,0,0.18547277074670696,0.5435414104521236,877,0.3761,0.10574,0.9666354556824392,-0.08002087586501894,1.2312167384645418,0.056852344199457054,0.10913266658973284,1.6814007341052668,0.2547584149454919,0.18547391375311634,1.3735538857750094,0.14156660701033624,0.07328069637583641,636,241,28,28,0,0.3697,848,0.5252174583937518,-0.006851,-0.006851485128598789,139.0,380.0,0.0580497,0.0961745,0.077861,-0.0548303,-0.0134479,0.4917807,0.218007,-0.1260011,0.8335157,0.7615635,0.8095799,-0.5701127,-0.1398283,523.0,374.0,-0.0028471,0.0830069,-0.0094118,-0.078724,-0.0245785,0.6933771,-0.1433856,-0.0615264,-0.7034794,0.7070757,-0.1133852,-0.9484024,-0.2961023,1003.0,372.0,0.1051239,0.0185161,0.0070583,0.0043556,0.0165546,-0.8606747,0.2952198,0.4138124,0.0290448,0.5769561,0.381198,0.2352325,0.8940659,0.014979905005480453,1.0,0.0021551700210868585,289.7839289267032,0.0,256,2.892819137142044e-10,3.730218437488508e-11,6.366253136300573e-11,1.4119187427203712e-06,0.00024187324269493528,-3.115997847139797e-12,36.24125828828317,10.162414370842903,13.193125053163529,3.13728249287743,1.2764792916172356,1.5911205461169298,0.04053869487040701,0.0,0.02106051201739582,1.4931580352732574,0.024982570797055327,0.16730359434549727,0.026260298375834906,0.012111933822282574,-0.0005384548760211535,0.6796399924601463,0.4997307725619895,621.4881795923918,289.78393316986154,0.6091702424019079,0.6091702875490805,0.6091702876917254,0.7614628594363506,7.2986000804707735e-06,739,0.2549,0.2523,0.01971,-0.005442,1040,0.28,0.2783,0.02738,-0.000809,3,0.0969,0.8313,-5e-06,13.853,0.1084,0.7965,-1.3e-05,13.905,0.0733,0.326,-5.4e-05,13.805,7.9988,1.7319,1.7383,1.7259,0.33411,0.68378,1.675,0.17592,0.9894,0.9874,0.9981,0.4925,3.7926,1.1378,0.0948,5.9869,22.7453,5.9973,81,0.1805,-0.0532,25,0.1604,0.1152,0.0,0.0888671,0.1913431,-0.3657109,0.0013484,0.1017107,0.0326565,0.1068332,205.0,175.0,0.1066758,0.106407,0.0012614,0.0362488,-0.0204179,0.0522494,0.0667897,179.0,195.0,0.0580686,0.0545969,0.0308142,-0.0349639,0.0203035,0.035708,0.0539423,169.0,203.0
140,2738,209463,0.0,0.002168249771708957,0.0002489393323781136,0.002168249771708957,0.43953992794258173,9.662214570196003,7.812071863992504,-12.399131068700067,12.811513173799007,-0.02359676564094247,12.811513173799007,0.00038448177046849857,12.564495017818752,5.315214620091434,-3.5887052116296876,4.54579273411837,-0.012626861225688273,4.54579273411837,0.14647365720604963,2.242377052304196,1.2673147627209969,0.06776541354055399,1.6169349420746122,0.8468495730305924,0.0,2.0300053630748067,1.0743652506358565,0.0007313115436473616,1.4142103240579023,0.9206352145134442,6.466395128730848e-05,-0.7723952544488393,0,0,0,0.19106344175176226,0.5430561769676702,878,0.3737,0.10339,0.9761590757929632,-0.07954274973481014,1.243333213171134,0.03476842470428884,0.11017959966397602,1.6845043134980018,0.2627559292884121,0.19106423083647855,1.3752230238913248,0.14622064567286597,0.07661425475719011,632,246,31,31,0,0.3671,849,0.5247222518348267,0.003395,0.003394767674585797,139.0,380.0,0.0581584,0.0229176,-0.0049621,-0.0171971,-0.0143126,-0.5269389,0.2720069,0.4429075,0.6724438,0.7610633,-0.2165192,-0.7503917,-0.6245252,523.0,374.0,-0.0020671,0.059788,-0.0058047,-0.0137476,-0.0578957,-0.0790806,0.3599439,0.0947349,0.9247767,0.7051926,-0.0970889,-0.2299385,-0.9683502,1003.0,372.0,0.1051241,0.0972356,0.0502062,0.0796596,0.0242576,0.6515578,-0.6716272,-0.1816125,0.3023347,0.5761693,0.5163363,0.8192438,0.2494722,0.014979905005480453,1.0,0.0021999842212525704,289.78395040401847,0.0,256,1.912815333142273e-10,3.3140434369193746e-11,4.9838268311980055e-11,1.5599674914528914e-06,0.0002485201891377841,2.15527298253965e-12,36.23870454396677,9.879407351957246,12.858854673893827,3.109251357228091,0.8712355927620401,1.1772613217428074,0.002087423039355496,0.0,0.0238650901676594,1.8224847377489333,0.006251875275624256,1.430510523037791,0.02486595550784691,-0.00037242697660669143,0.0009315923701886318,0.6761717758902339,0.5004657961850945,621.4881725143564,289.7839298695559,0.6091702647171165,0.6091702875504397,0.609170287691728,0.7614628594380496,7.482298182252475e-06,739,0.2516,0.2488,0.02492,0.006063,1040,0.28,0.2778,0.02736,0.001872,3,0.0949,0.8414,-5.6e-05,13.853,0.1072,0.781,-9.9e-05,13.905,0.0721,0.3197,-7.7e-05,13.805,7.9987,1.7319,1.7384,1.7259,0.33365,0.68331,1.67381,0.1754,0.9893,0.9875,0.9981,0.4927,3.7914,1.1374,0.0948,5.9715,22.7591,6.0028,81,0.1529,-0.818,25,0.0134,0.636,-3.0,0.0372076,0.0777073,-0.3524317,-0.0237401,0.0424593,0.0237001,0.0541118,205.0,175.0,0.0908627,0.0493753,0.2958358,-0.0336171,-0.0182632,-0.0172252,0.0419567,179.0,195.0,0.095238,0.1209706,-0.1190177,0.0190795,-0.0237427,0.0318699,0.0440844,169.0,203.0
141,2740,209466,0.0,0.002265567803867717,0.0002557216149197022,0.002265567803867717,0.4429223569637569,9.666070713146581,7.812479974648321,-12.28096874411305,12.754496550363832,-0.021427524153943913,12.754496550363832,0.00010776783393318112,12.56549383772192,5.327614517471512,-3.636699000165486,4.580341089416628,-0.012526967769394957,4.580341089416628,0.14729200473244436,2.242308310878291,1.2684996277308136,0.1378119449310726,1.6221354939597625,0.8464517326306217,0.0,2.0441445981670174,1.082379464566623,0.0012815279625973952,1.4141881489759265,0.8830322529805639,1.356788300180032e-06,-0.7709860642790977,0,0,0,0.19663582909419489,0.5415153999973,880,0.3748,0.10562,0.9851468275073108,-0.07878184396347154,1.254957667918869,0.042350580894179,0.11016517221271173,1.6827857289498045,0.27080731823637694,0.19663629709782496,1.3771990331045163,0.15094323117111222,0.076455444968424,630,250,36,36,0,0.3682,851,0.5231551689793821,0.003665,0.003665413011607832,139.0,380.0,0.0588488,0.0524572,-0.0131701,0.0219008,0.0458111,0.2189185,0.0950304,-0.7687151,0.5933978,0.7599454,-0.251064,0.4174993,0.8733048,523.0,374.0,-0.0012213,0.0229948,-0.0189645,-0.0023204,0.0127954,0.1735804,0.5512647,-0.0821758,0.8119262,0.7032088,-0.8247309,-0.1009088,0.5564498,1003.0,372.0,0.106176,0.0571326,-0.0144855,0.0328326,0.0444559,-0.2953775,-0.4597159,-0.7659932,0.3386265,0.5762325,-0.2535414,0.5746739,0.7781174,0.014609203798392988,1.0,0.002247092828288981,289.783947875622,0.0,256,1.7325790172620448e-10,2.4372724542225378e-11,3.785642811697228e-11,1.5856624032143114e-06,0.00025518417989837163,-9.57989794808774e-13,36.2233333281139,9.954539444137907,12.863863776558217,3.1378418267620374,1.113606261305172,1.4052554416722352,0.015928594239084687,0.0,0.018527150021845493,2.3497898722307538,0.014227579949388126,1.8560949724721894,0.029173417356514596,-0.00010614383518517349,-0.0006234994702339047,0.6834825636312016,0.49968825026488317,621.4882139955406,289.7839492111639,0.6091702756153428,0.6091702875564652,0.609170287691728,0.7614628594455815,7.818127298060982e-06,739,0.252,0.2492,0.02446,0.011224,1040,0.2787,0.2759,0.0273,0.002204,3,0.0953,0.8394,-4.8e-05,13.852,0.1069,0.7795,-9.2e-05,13.904,0.0717,0.314,-0.0001,13.804,7.9984,1.7319,1.7384,1.7258,0.33346,0.68391,1.67333,0.17521,0.9893,0.9875,0.9981,0.4927,3.7893,1.1368,0.0947,5.9141,22.8097,6.0195,81,0.1856,-1.0,25,0.1379,0.0249,0.0,0.0228906,0.087372,-0.584799,0.0037559,-0.0186033,-0.0237212,0.030379,205.0,175.0,0.0746285,0.0864415,-0.0733409,0.0594603,-0.0113253,0.0482758,0.0774231,179.0,195.0,0.1186485,0.0456283,0.4444948,0.0165473,0.0299811,0.0707645,0.0786148,169.0,203.0
142,2743,209470,0.0,0.002311088407823333,0.00025864536714717323,0.002311088407823333,0.4424844183010276,9.662460719974904,7.813162041540119,-12.46467682124861,12.399640293671983,-0.018801280017342954,12.46467682124861,4.86516598190434e-05,12.565179546366162,5.350798003196207,-3.6838229871538544,4.654309620547374,-0.01196135148769777,4.654309620547374,0.14741551908786418,2.2421547010557132,1.2690723242720388,0.14727924972420608,1.6229128438411877,0.8484667286633685,0.0,2.058286580702735,1.0899342957328109,0.00025530514220573064,1.4141884798269206,0.8836137036876994,1.4104070646780455e-06,-0.7695519055498726,0,0,0,0.19841576945943737,0.5404315535580626,881,0.3769,0.10458,0.9899494331886155,-0.0831931982013843,1.2600391309020196,0.05116405820770979,0.11043178807877291,1.6728535777688047,0.27396061100917296,0.19841589292281586,1.3807392491273072,0.1529556259877462,0.07900363575036184,636,245,34,34,0,0.3703,852,0.52203511670278,0.000583,0.0005830209442521106,139.0,380.0,0.0574147,0.0335082,-0.0278493,-0.004179,-0.0181591,0.8016354,0.3350394,-0.0679321,0.4904228,0.7578587,-0.8311189,-0.1247163,-0.5419292,523.0,374.0,-0.0001773,0.060688,-0.0059867,0.0203218,-0.0568702,-0.8715159,-0.0113135,0.0685842,0.4854156,0.7019731,-0.0986476,0.3348566,-0.9370911,1003.0,372.0,0.1088713,0.0287957,0.0234343,-0.0133716,0.0100611,-0.7586249,0.500882,0.214284,-0.3573344,0.5772027,0.8138135,-0.4643601,0.3493955,0.014598540145985401,1.0,0.0023341259835867574,289.7839686476117,0.0,256,2.1219597383382264e-10,3.866927243312398e-11,5.534326016406591e-11,1.49102155369865e-06,0.00025873403986000293,-5.852460436541983e-12,18.528441260658962,5.043001958420911,6.235073712757039,3.123121272851834,1.0258746261729197,1.3748369230601571,-0.004476261814915708,0.0,0.019606956319271448,0.9396376519723243,0.023945603128056683,1.0468711237824486,0.02483365553320791,-0.0008304940635944868,-0.0018332886162817077,0.684437236427682,0.4990833556918593,621.4882173132518,289.7839507581271,0.6091702760222859,0.6091702875477445,0.609170287691728,0.7614628594346806,7.975211883808985e-06,741,0.2498,0.2469,0.01948,-0.000177,1040,0.2785,0.2752,0.02492,0.000343,3,0.095,0.8413,2.8e-05,13.851,0.1074,0.7798,-2e-05,13.904,0.071,0.3176,-5.2e-05,13.803,7.998,1.7319,1.7385,1.7258,0.33358,0.68413,1.66773,0.17552,0.9894,0.9875,0.9981,0.4929,3.7929,1.1379,0.0948,5.7977,22.9574,6.0527,81,0.1698,-0.9125,25,0.089,0.0491,-2.0,0.0525222,0.1169756,-0.3802611,0.0584115,-0.0347697,0.0433263,0.0806102,205.0,175.0,0.0906744,0.0666415,0.1527688,0.0072188,0.0509405,0.0008426,0.0514564,179.0,195.0,0.0830682,0.0538591,0.213318,0.0300704,-0.0604159,0.0032529,0.067564,169.0,203.0
143,2744,209471,0.0,0.0023640947680612597,0.00026280299327549047,0.0023640947680612597,0.44355890255634534,9.664688751517897,7.813287918956651,-12.65609522897929,13.235713532792506,-0.01632415878985189,13.235713532792506,0.0002160552869590049,12.566337846486562,5.356195940944207,-3.712595577109424,4.701151904090243,-0.011747385691859282,4.701151904090243,0.14786839474137664,2.241725944130487,1.2698240932267517,0.11480608286449501,1.6258398869640835,0.8516295590684374,0.0,2.0724285522752286,1.0985523964954358,0.0004967013148907684,1.4141895347545486,0.8890887660266191,2.097971754469507e-05,-0.7680789409168066,0,0,0,0.20106574089146426,0.5400542554993045,882,0.3781,0.10931,0.9962243954004002,-0.08006340822033828,1.2676208663408102,0.06179791797758063,0.11490180098033029,1.6714038235630755,0.2782294898007466,0.20106575120153994,1.3837736568166745,0.15546075609055712,0.08162937199793444,632,250,37,37,0,0.3715,853,0.5216483938750457,-0.007727,-0.007727392361173813,139.0,380.0,0.0604572,0.06184,-0.0588686,-0.0071037,-0.017556,0.0659529,-0.2593235,-0.3955284,-0.8786119,0.7560118,-0.95195,-0.1148715,-0.2838938,523.0,374.0,-0.004228,0.0585013,-0.0516849,0.0017782,-0.0273479,0.072294,-0.2573821,-0.6205105,0.737221,0.7006212,-0.8834838,0.0303961,-0.4674746,1003.0,372.0,0.1134158,0.0468845,-0.0106854,0.0029029,0.0455582,0.5085004,0.4667831,0.6959493,0.1979782,0.5783532,-0.2279093,0.0619169,0.9717117,0.014218009478672985,1.0,0.0023748972149244584,289.78397170418515,0.0,256,3.6593766432859846e-10,9.986835102870261e-11,1.5898606011116556e-10,1.2916071612729556e-06,0.0002632934681902052,1.0623557910547668e-11,25.01124432782931,7.705907963698306,10.009397341181,3.096479979896182,1.0439348611606598,1.3712671438463735,-0.0334211231207765,0.0,0.0035946475392699805,1.479008421718142,0.009896572098105164,2.517627844525206,0.030720578937869534,-0.0022626119518329066,0.0007200790203136359,0.690266113927937,0.500360039510157,621.4882679044621,289.78397434750565,0.6091702653918323,0.6091702875220972,0.609170287691728,0.7614628594026215,8.158128044811284e-06,741,0.2552,0.2524,0.01823,0.001474,1040,0.2809,0.2774,0.02452,0.002356,3,0.0976,0.826,8e-06,13.852,0.1088,0.7896,-0.000123,13.905,0.0731,0.3064,-8.5e-05,13.802,7.9979,1.7319,1.7386,1.7256,0.33331,0.68401,1.66246,0.17534,0.9894,0.9875,0.9981,0.4931,3.8858,1.1057,0.0948,5.7949,22.9568,5.9079,81,0.09,-0.0983,25,0.1226,0.4809,0.0,0.0453422,0.0813338,-0.2841232,0.0115647,0.0060772,0.0089942,0.015861,205.0,175.0,0.0811748,0.0699934,0.0739666,0.0006304,0.0463906,-0.0127389,0.048112,179.0,195.0,0.067523,0.0541257,0.110131,0.0292883,-0.0152913,0.0262238,0.042182,169.0,203.0
144,2744,209471,8.80563104918956e-12,0.0024264108838737033,0.00026780850713774913,0.0024264108838737033,0.4426499524278638,9.665793081099633,7.813376504031301,-12.02175161158525,13.222131229539235,-0.013411367715006684,13.222131229539235,6.600720024785289e-05,12.565807609093996,5.366570191757802,-3.7607114742989802,4.744331246108398,-0.0117033586069869,4.744331246108398,0.1481857278669431,2.241018184639779,1.2706146153257023,0.13792951497420525,1.628534393199093,0.8551828388613654,0.014141804912678298,2.0865704534599576,1.1081207545001357,0.0004663054805027489,1.4141894622258142,0.8899334795556956,3.507664901217303e-05,-0.7665559478156798,0,0,0,0.20409463967073993,0.539410041772886,882,0.3791,0.11277,1.0011369970770656,-0.08265099679185775,1.275182789187439,0.056202555469749706,0.11365488217835756,1.6643282673057795,0.28306952678180863,0.2040948045891465,1.3869511639536458,0.158371432984227,0.07901090403894898,633,249,39,39,0,0.3719,852,0.5204004815995378,-0.003023,-0.0030234174442369532,139.0,380.0,0.0607265,0.0672134,-0.0208232,0.0609719,0.0191432,0.8652712,-0.3333672,0.1613636,0.337837,0.7538939,-0.3098076,0.9071388,0.2848129,523.0,374.0,-0.0035399,0.0492844,0.0189728,-0.0430754,-0.0146114,-0.9122856,0.376958,0.160024,0.0054802,0.6995026,0.3849657,-0.8740174,-0.2964708,1003.0,372.0,0.1185465,0.0632909,-0.0462129,-0.0134956,0.041085,-0.2893047,-0.6723406,0.6088121,-0.3059555,0.5791279,-0.7301668,-0.2132312,0.6491448,0.013848396501457727,1.0,0.002437055701184019,289.7839913489226,0.0,256,3.4346296549078093e-10,3.964620902618823e-11,6.744618081103241e-11,1.8740627689882389e-06,0.0002686409345178673,6.065950595557956e-12,24.465627267775623,7.3241745488871315,9.269548633867124,3.129728618752086,1.0800111272835706,1.3518305878353605,0.12833064575479913,0.0,0.012803545250841557,1.5803622821789545,0.028182606482281453,2.612955571993594,0.04617198514188366,0.001384145858475018,0.0007692958330884845,0.6937791202968364,0.5003846479165444,621.4882788152241,289.783979434913,0.6091702677913129,0.6091702875337748,0.6091702876917258,0.7614628594172185,8.37317124502629e-06,741,0.2564,0.2537,0.01901,-0.002166,1040,0.2799,0.2761,0.02541,-0.001109,3,0.0984,0.8265,3.4e-05,13.85,0.1089,0.7948,-4e-06,13.906,0.0731,0.3151,-0.00011,13.801,7.9977,1.7318,1.7387,1.7256,0.33297,0.68349,1.65851,0.17581,0.9894,0.9875,0.9981,0.4931,3.8847,1.1054,0.0947,5.8068,22.9399,5.9052,81,0.1443,0.9521,25,0.27,0.2651,-0.0,0.0955293,0.1197984,-0.112708,-0.0090992,-0.0363045,0.0744731,0.083349,205.0,175.0,0.0634239,0.0583683,0.0415101,0.0283142,0.0017807,0.0218809,0.0358279,179.0,195.0,0.1058089,0.0361743,0.4904427,-0.017435,-0.0211402,0.0524914,0.0592135,169.0,203.0
145,2744,209471,1.5177633414130552e-11,0.002473014536842392,0.0002745247713348836,0.002473014536842392,0.4417960260798179,9.666921075716495,7.813467661998131,-12.312927395321987,12.673164583817705,-0.01213614858705722,12.673164583817705,0.001003438611435925,12.564323306509515,5.3735710874862335,-3.800345126652104,4.787013042923658,-0.011870390464024636,4.787013042923658,0.14903235927984254,2.2399660657151057,1.2717417142799312,0.12397774474591161,1.6338691780802252,0.8547217397607099,0.014141819054793923,2.1007102380885074,1.1169595255995155,0.002463444703524109,1.4142104074688548,0.8991660539971608,4.0692110114904766e-05,-0.7649620628851331,0,0,0,0.21013655239088985,0.5388818888721344,882,0.3819,0.11346,1.0101837453752684,-0.08252685585239367,1.2874635735530862,0.04272894174600201,0.11319244809819934,1.6608644978005986,0.2916180917147969,0.21013693148568957,1.38775268893967,0.1633941313313166,0.08340661932822846,635,247,35,35,0,0.3746,852,0.5198354968544596,0.005227,0.005226861240885672,139.0,380.0,0.0615154,0.042978,0.0082227,0.0073588,-0.0415372,0.3144003,-0.130414,0.2588402,-0.9039615,0.7527142,0.1913237,0.1712224,-0.9664772,523.0,374.0,-0.0026004,0.0414593,0.0288099,-0.0151954,-0.0256508,0.7114107,-0.4249418,-0.4104818,-0.3805575,0.6976464,0.694896,-0.3665134,-0.6186983,1003.0,372.0,0.1190424,0.0744573,0.0348231,0.0642467,-0.0142692,0.402763,-0.7622108,0.4969039,0.0995147,0.5792897,0.4676919,0.8628658,-0.1916428,0.013848396501457727,1.0,0.002486062161794156,289.7839981877465,0.0,256,3.3368285270491954e-10,4.492775058701121e-11,6.520160024025056e-11,1.4978767689768322e-06,0.00027520556380481413,-5.150833440942323e-13,23.8616669799188,7.216831843934079,9.146313259923224,3.133967143116949,1.0975450929874648,1.4686457764371093,-0.044572975175631795,0.0,0.018772537778289636,2.382214123794589,0.006275597357516861,2.867162776357021,0.035661081660914196,-0.0018818033565330692,-0.001590926026141394,0.6824075138387518,0.4992045369869294,621.4883661458491,289.7840201549344,0.6091702651605548,0.6091702875383258,0.6091702876917148,0.7614628594229073,8.533992093560518e-06,741,0.254,0.2511,0.01569,0.011347,1040,0.2799,0.276,0.03022,-4.1e-05,3,0.0982,0.8277,-8e-06,13.85,0.1095,0.7925,-4.7e-05,13.906,0.0722,0.3137,-6e-05,13.8,7.9975,1.7318,1.7388,1.7256,0.33254,0.68323,1.65698,0.17485,0.9894,0.9875,0.9981,0.4931,3.8836,1.1051,0.0947,5.8186,22.9228,5.9025,81,0.2078,0.9885,25,0.2448,0.3334,1.0,0.0691765,0.1455722,-0.3557447,-0.0483034,-0.0664921,0.0585384,0.1009017,205.0,175.0,0.1005214,0.027921,0.5652369,0.034583,-0.0425803,-0.0262661,0.0608192,179.0,195.0,0.1398272,0.0604639,0.3962397,0.0043747,0.0690428,-0.0577108,0.0900921,169.0,203.0
146,2745,209472,0.0,0.002543970188088789,0.00027851991266379634,0.002543970188088789,0.4431636148009384,9.669235156881776,7.813530472070587,-12.411283618481162,12.134008698879526,-0.011848583846775226,12.411283618481162,0.002004416917277041,12.565373108725536,5.377057436182038,-3.8696809776063636,4.832250204542976,-0.011760190918086194,4.832250204542976,0.14914595819486437,2.2392021995811144,1.2722603032518005,0.14902015287109543,1.6347034582978703,0.8479782903937013,0.0,2.1148522145868776,1.1256371064744477,0.0007762834139360963,1.4142101286282616,0.9053949498872887,7.084922656127065e-05,-0.7633294704988103,0,0,0,0.21186572790312042,0.5381677135890673,883,0.3846,0.11465,1.0149739345087758,-0.08722154006882611,1.2932995721226845,0.09283338274284632,0.11155990079624793,1.6501357898786355,0.29496242843975085,0.21186679443407216,1.3922069724405823,0.1654912579179915,0.08360027550323346,640,243,35,35,0,0.3774,853,0.5190905202337588,0.000758,0.0007576314050072863,139.0,380.0,0.0582452,0.0592835,-0.0256802,0.0060072,0.053094,0.8843351,0.1113748,0.2067,-0.4035124,0.7502543,-0.4331754,0.1013305,0.8955954,523.0,374.0,-0.0037168,0.060988,-0.0207654,0.0282575,0.0498983,-0.3439811,-0.3281707,0.8609959,-0.1807401,0.6966543,-0.3404838,0.4633295,0.8181666,1003.0,372.0,0.11844,0.0933667,0.0694413,0.0067577,0.062045,-0.5094153,0.0830021,-0.6537696,-0.5533463,0.5804207,0.7437476,0.0723776,0.6645307,0.013848396501457727,1.0,0.0025531964520835544,289.7840386150752,0.0,256,3.254914666644803e-10,4.267509892685335e-11,6.541899155843685e-11,1.5049721186661277e-06,0.0002794174074163213,-2.6804071260637064e-12,24.154977510328756,5.39762710558103,6.5753952197811225,3.1247993695523335,1.0793585600907156,1.3882640055998547,-0.24237878760820486,0.0,0.01895199596588529,1.183031591774128,0.013469033635304403,1.1117738596162652,0.06231213655446412,0.000918909571868687,0.0007121791649765465,0.6856915176122355,0.5003560895824885,621.4883523692957,289.78401373128236,0.6091702672913252,0.6091702875441778,0.609170287691728,0.7614628594302222,8.778849306876605e-06,741,0.2501,0.2471,0.01328,0.001082,1040,0.2817,0.2777,0.02415,-0.001317,3,0.0974,0.8381,6.6e-05,13.849,0.1108,0.7851,2e-05,13.906,0.0713,0.3201,2.2e-05,13.799,7.9971,1.7318,1.7388,1.7255,0.33265,0.68306,1.65174,0.17512,0.9894,0.9875,0.9981,0.4929,3.8817,1.1045,0.0947,5.8157,22.9218,5.9051,81,0.1669,0.8785,25,0.1524,0.4426,0.0,0.0386145,0.1272298,-0.5343287,0.0194602,0.0343647,-0.0542133,0.0670725,205.0,175.0,0.0589272,0.1088301,-0.2974708,-0.0335898,-0.0421653,-0.0326144,0.063007,179.0,195.0,0.1161109,0.071223,0.2396144,0.0112729,-0.0002856,0.0394821,0.0410609,169.0,203.0
147,2746,209473,0.0,0.002613052511742284,0.00028507614368378063,0.002613052511742284,0.4448376421029994,9.67153370214399,7.813830908821743,-12.595305072859162,11.93397449302987,-0.008615281820789546,12.595305072859162,0.0015601960971096673,12.563293484844014,5.3945246622020235,-3.91699818236851,4.911718499871686,-0.011894368296165723,4.911718499871686,0.14999557688238846,2.2376782055253766,1.2732988128866851,0.0839677333433444,1.6395453420750585,0.8538398301265557,0.0,2.1289917243549294,1.1341697201189562,2.919021825187329e-05,1.4141878258390643,0.8823651806620273,8.785492765239234e-05,-0.7615814695232835,0,0,0,0.21797093881750115,0.5374105152652444,884,0.384,0.1148,1.02389572894038,-0.08684281538356531,1.3057755617332023,0.04458215010750831,0.10934073468310196,1.6525079132247373,0.3036151816661076,0.21797265722507034,1.3929048970238778,0.17061266756868074,0.08922991158016436,636,248,33,33,0,0.3767,854,0.5183158592984102,0.000364,0.00036368334344571984,139.0,380.0,0.0583518,0.0469945,-0.0272704,0.0364547,0.0116563,0.2862104,-0.581403,0.1942141,0.736434,0.7494017,-0.5802882,0.7757217,0.2480351,523.0,374.0,-0.0026975,0.0713537,-0.0513057,0.0245367,-0.0430933,-0.5565009,-0.2553292,0.0702946,0.7875103,0.6946564,-0.7190327,0.3438743,-0.6039391,1003.0,372.0,0.1203264,0.0442653,0.0107019,-0.0324943,-0.0280893,0.5087282,0.7754249,-0.3288175,0.1783,0.580842,0.241767,-0.7340799,-0.6345672,0.014207650273224045,1.0,0.002621245068244624,289.7840250077454,0.0,256,2.9260507701198927e-10,6.12593915149528e-11,8.792956931468067e-11,1.7557356864913401e-06,0.0002859964320893075,1.0862791384721621e-11,17.510120415489865,5.189010733872724,6.312841072043726,3.121973384535835,1.018766222098732,1.3040426797380151,0.00729494058252626,0.0,0.020130717171192285,2.4577749452363458,0.010405106589173608,1.4479594013116053,0.01953634031956858,0.0009172756117845855,-0.0015839350349416787,0.6876633834542774,0.49920803248252926,621.4884079438743,289.7840396442772,0.6091702755152748,0.609170287513701,0.609170287691728,0.7614628593921261,9.017240959681292e-06,741,0.2458,0.2426,0.01703,0.008855,1040,0.2813,0.2773,0.02053,0.003049,3,0.0955,0.8442,-3.8e-05,13.849,0.1108,0.7979,-4.1e-05,13.905,0.0701,0.3505,-7.5e-05,13.799,7.9969,1.7318,1.7389,1.7255,0.33222,0.68251,1.65084,0.17597,0.9894,0.9876,0.9981,0.4931,3.884,1.1052,0.0947,5.7245,23.0198,5.9268,81,0.1533,-0.0638,25,0.1911,-0.1971,-2.0,0.0363009,0.0623239,-0.2638579,-0.0036274,-0.0146407,-0.0049102,0.0158625,205.0,175.0,0.0744658,0.084206,-0.0613857,0.0177964,-0.0196231,-0.0229996,0.0350822,179.0,195.0,0.0377716,0.0727148,-0.3162671,0.0071253,0.0287878,-0.0101094,0.0313322,169.0,203.0
148,2746,209473,2.1246713479418157e-11,0.002676410793221245,0.0002892622263526517,0.002676410793221245,0.4441622414972855,9.672608521842054,7.813928052125973,-12.573947172186985,11.768582800694256,-0.007134472574374191,12.573947172186985,0.0027183185956893736,12.56624828807064,5.395990467204783,-3.980128336523065,4.977600008706035,-0.011969471147438451,4.977600008706035,0.1501524495906989,2.2368314594774588,1.2738118682114123,0.10629716853015692,1.640015571414105,0.8580796293946513,0.014141916994406088,2.143133713335005,1.1434067828407228,0.0024975982775349292,1.4141883301055844,0.8879752919314254,0.0001203305265888037,-0.7597737368202103,0,0,0,0.2199382544206993,0.53679085568253,884,0.3839,0.11371,1.0290068997965773,-0.09052422379338494,1.3111519017129132,0.05755740057932171,0.10979239987200548,1.6466751419999508,0.3070848787922908,0.21994105472466197,1.3962144501703957,0.17271783008866015,0.09628404700688434,635,249,36,36,0,0.3765,854,0.5176526656353639,0.001917,0.0019171997751419312,139.0,380.0,0.0566293,0.0304495,-0.0087678,0.0290009,-0.0030407,-0.0435241,-0.5138057,0.5676572,0.6417747,0.7475859,-0.2879464,0.9524256,-0.0998619,523.0,374.0,-0.0039562,0.0274268,0.0181418,-0.0069625,0.0193554,0.2048102,0.5762979,-0.1269175,-0.7809132,0.6936579,0.6614615,-0.2538559,0.7057094,1003.0,372.0,0.1192027,0.0331228,-0.0201001,0.0225586,0.0135727,0.2619457,-0.196327,0.7694146,0.5484901,0.5812917,-0.6068355,0.681058,0.4097691,0.013838310269482883,1.0,0.0026888560690898305,289.7840576251281,0.0,256,2.930143071698737e-10,3.12709716307533e-11,4.838504256941177e-11,1.5737991042799264e-06,0.00029033486918449614,-9.83519918605043e-13,17.330610239634247,4.975354585591345,6.093723715437123,3.139401845723087,0.8896927362690427,1.2113240107136338,0.015907298181677555,0.0,0.01265306108511726,1.6238815535460607,0.02168816825948238,0.37734559526344,0.026753901858676116,-0.0007108183772258364,-0.0017057397270906875,0.6858995263769143,0.4991471301364548,621.4883742889544,289.78402395185475,0.6091702648711163,0.6091702875144607,0.6091702876917253,0.7614628593930758,9.23588111146496e-06,741,0.2434,0.2401,0.0176,-0.00647,1040,0.2808,0.2777,0.01613,-0.001055,3,0.0946,0.8418,1.4e-05,13.849,0.1106,0.8014,3.1e-05,13.905,0.0693,0.3517,3.2e-05,13.799,7.9968,1.7318,1.7388,1.7255,0.33226,0.68237,1.64537,0.17465,0.9894,0.9876,0.9981,0.4931,3.8836,1.1051,0.0947,5.7104,23.0282,5.9296,81,0.2145,-0.7711,25,0.2959,-0.7401,-3.0,0.0879473,0.098173,-0.0549412,0.0414781,0.0049656,-0.0770334,0.0876313,205.0,175.0,0.0404723,0.0805494,-0.3311559,-0.0186074,0.0459747,-0.0294994,0.0577072,179.0,195.0,0.0493201,0.0496131,-0.0029612,0.0216178,0.016709,0.025192,0.0371639,169.0,203.0
149,2746,209473,4.2380794533556536e-11,0.0027165725838303885,0.00029600231370549573,0.0027165725838303885,0.4435308280844626,9.673670281431914,7.814028488423495,-12.358279543276483,12.077730420159005,-0.006914898407529383,12.358279543276483,0.0007760456676050645,12.56565557773205,5.412934912717979,-4.042851302044201,5.033591738622164,-0.012104218944121314,5.033591738622164,0.15100130052808378,2.234818594575915,1.274831976565829,0.1509765213303996,1.6452469167276327,0.8549037178594305,0.014141931136521712,2.157273181239034,1.1521690796071307,0.00019023458608047328,1.414210100845537,0.9333064246554768,0.0001577429817673052,-0.7579245337265346,0,0,0,0.22616856163340313,0.5362491749297054,884,0.3832,0.11469,1.0387465734194932,-0.09050383280997042,1.323684857904453,0.04814155660361336,0.11076015124459945,1.6458895248746135,0.3159100411891013,0.2261716300636021,1.3967712975330449,0.1778969078144247,0.09298928292825216,635,249,37,37,0,0.3756,854,0.5170763806410907,0.002455,0.0024549438214940267,139.0,380.0,0.0556451,0.0467638,0.0194044,-0.0407392,0.0122734,-0.5994934,0.4577223,-0.2281662,0.6156607,0.7472036,0.4149459,-0.8711702,0.2624546,523.0,374.0,-0.003531,0.0742836,0.0154128,-0.0720268,-0.0096249,-0.8071415,-0.197262,0.1939372,-0.5215349,0.6916476,0.2074864,-0.969619,-0.1295701,1003.0,372.0,0.1187484,0.0973564,0.0070296,-0.0904755,-0.0352569,-0.4087784,0.4779044,-0.2407605,0.7392848,0.5815808,0.0722053,-0.9293219,-0.3621426,0.013838310269482883,1.0,0.0027399919880234866,289.78404239184835,0.0,256,1.845549799735053e-10,3.9082836139270427e-11,5.441922086676821e-11,2.1821280248417016e-06,0.0002971681227249886,1.7789807640714073e-13,17.090727110732388,4.902695725814816,5.954992953448028,3.1290451136329374,0.9717981166585921,1.247533142790568,0.10603792710555807,0.0,0.0301737139271478,0.632039767331999,0.00565617465101406,1.9622935932220658,0.05255869587855659,-0.0019863617389361517,0.002675967834273083,0.6922882114860076,0.5013379839171367,621.4884064728815,289.7840389583911,0.6091702725923639,0.6091702875101344,0.6091702876917157,0.7614628593876679,9.374472774949659e-06,741,0.2464,0.243,0.01496,0.005123,1040,0.2819,0.2789,0.01865,-0.002238,3,0.0957,0.8241,-2.8e-05,13.849,0.111,0.8121,-3e-06,13.905,0.0706,0.3388,4e-06,13.799,7.9968,1.7318,1.7388,1.7256,0.33181,0.6818,1.64406,0.17414,0.9894,0.9876,0.9981,0.4931,3.8833,1.105,0.0947,5.7099,23.026,5.9295,81,0.266,-0.9716,25,0.3298,-0.9443,0.0,0.0324116,0.1342295,-0.611001,-0.0370902,0.0652041,-0.0283779,0.0802033,205.0,175.0,0.0754281,0.0775442,-0.0138337,-0.0181079,-0.0023227,-0.0010606,0.018287,179.0,195.0,0.1026427,0.094935,0.0390107,-0.0090031,-0.0096115,-0.0210008,0.0247885,169.0,203.0
150,2746,209473,4.395756752126921e-11,0.0027727026016673363,0.00030028418737771003,0.0027727026016673363,0.44294146786088,9.674686999627207,7.81413137576715,-12.063959808383569,11.59113256073461,-0.007432006227064423,12.063959808383569,4.303725922509289e-05,12.564482206449556,5.41157458738933,-4.111378264399563,5.09822374723231,-0.012104558339099484,5.09822374723231,0.15106067531086564,2.233625953310473,1.275304408807052,0.0815168144593651,1.647338916918619,0.8523816007749823,0.02828389912497392,2.1714151708997687,1.1611924051585425,8.279832518409691e-05,1.414209920704589,0.8824333345889995,0.00020084277595532673,-0.7560047382814217,0,0,0,0.22902057942345086,0.5356386232146878,884,0.3838,0.11524,1.043448261956993,-0.09635529892482105,1.3296503053526583,0.04891046917764193,0.10824334751098703,1.6412441723461428,0.32026180204142013,0.2290249945952184,1.3983705254854597,0.180595107449212,0.0938193757760776,639,245,29,29,0,0.3762,854,0.5164240119519894,0.002618,0.002617943654415811,139.0,380.0,0.0520612,0.0344951,-0.0262528,0.0214751,0.0062865,-0.4181442,0.3013972,0.8551864,-0.0545107,0.7462233,-0.7610593,0.6225557,0.1822447,523.0,374.0,-0.0003069,0.0410629,0.005732,-0.0247827,-0.0322354,-0.9460395,-0.0090109,-0.2710883,0.1773109,0.6905194,0.1395901,-0.6035312,-0.7850253,1003.0,372.0,0.1184136,0.0470313,-0.0451451,0.0131632,-0.0007738,-0.75675,0.3578023,-0.3076079,0.4524205,0.582844,-0.9598936,0.2798815,-0.0164522,0.013838310269482883,1.0,0.0027941816281976156,289.78406155942434,0.0,256,2.851299725723972e-10,6.154115984081602e-11,8.587892315482982e-11,2.0461739350334214e-06,0.00030174109597411956,-7.92057699852993e-12,22.98675603995386,6.998952698852905,8.668281033389443,3.0983864968498014,1.2407091882941235,1.5552796856064903,-0.08770465643669016,0.0,0.013539340271847953,1.6126358363162911,0.019051650175842885,0.5100096052671734,0.019810057806645867,0.005264998285831029,-0.002219030537689741,0.6927129634423345,0.4988904847311552,621.488454971662,289.7840615721235,0.6091702680066846,0.6091702874995326,0.6091702876917047,0.7614628593744157,9.568168058053277e-06,741,0.2504,0.247,0.01296,-0.007403,1040,0.2805,0.2777,0.01894,-0.003185,3,0.0976,0.8133,4.9e-05,13.849,0.1107,0.8147,8e-06,13.905,0.0714,0.3251,6.3e-05,13.798,7.9966,1.7318,1.7388,1.7255,0.33199,0.68133,1.63874,0.17544,0.9894,0.9875,0.9981,0.4931,3.8829,1.1049,0.0947,5.7229,23.0135,5.9269,81,0.2335,-0.9991,25,0.3117,-0.9987,1.0,0.0586477,0.0514897,0.0649914,0.0153083,0.0260898,0.0314601,0.0436436,205.0,175.0,0.0289741,0.1058999,-0.5703529,-0.0098604,0.0232871,0.0608658,0.0659103,179.0,195.0,0.0834959,0.0337793,0.4239314,-0.0477757,-0.0155574,-0.008191,0.0509082,169.0,203.0
151,2746,209473,9.309378240954503e-12,0.0027805116920630413,0.0003037497133090123,0.0027805116920630413,0.4423927574796275,9.675632004819926,7.81423752189034,-12.357766526786909,11.578543928064898,-0.007613699452656144,12.357766526786909,0.0023501050067178397,12.564827192639166,5.392674451678169,-4.161990291328254,5.1660114065400755,-0.01203829297891695,5.1660114065400755,0.15139847150981847,2.2333933319695447,1.275717756849653,0.15138344465421885,1.6487314668707782,0.8492330950369504,0.04234573066230568,2.1855571190127954,1.1699766017743212,0.00035416153647294113,1.414209869958268,0.9477209360580104,0.0002520046211684212,-0.7540005622097238,0,0,0,0.23007944486920148,0.5349930080617297,884,0.383,0.11701,1.0493074953959989,-0.0948715922816478,1.3337893030546792,0.0401207065047899,0.10503764554385431,1.6337458218996703,0.3223679998155312,0.23008318898592692,1.4010932360436334,0.18198822750112606,0.09313023389630609,638,246,30,30,0,0.3753,854,0.5157419583246506,0.001412,0.001411521245146652,139.0,380.0,0.0523535,0.0306815,-0.0237196,0.0004439,0.0194561,0.9037811,0.0362524,-0.3803421,0.1928869,0.7450581,-0.7730908,0.0144696,0.6341303,523.0,374.0,-1.25e-05,0.028666,-0.0196812,-0.0035333,-0.0205404,0.7418675,0.0781493,0.1269288,0.6537694,0.6892351,-0.6865693,-0.1232575,-0.7165404,1003.0,372.0,0.1169781,0.0528223,-0.0181354,-0.0221825,-0.0443761,0.3819289,-0.2888752,0.6975268,0.5330458,0.5834974,-0.3433282,-0.4199465,-0.8401016,0.013838310269482883,1.0,0.0028505884171877043,289.7840814939238,0.0,256,1.8021592886578761e-10,3.7192665928750446e-11,5.1672532493501655e-11,2.1780998468817867e-06,0.0003049069816715933,-3.0680685141473155e-12,22.828412477171376,7.0898360798803495,8.767479132926109,3.1201806283262012,1.1807218488092617,1.5337318007735876,0.1652130722729115,0.0,0.010452666513816463,0.7209039710132971,0.015485911829261519,0.915766995867996,0.02887015681022049,-0.0018180052149433447,0.00011850764852671518,0.6870059623489171,0.5000592538242634,621.4884617300653,289.7840647233929,0.6091702734354421,0.6091702875044239,0.6091702876916503,0.7614628593805298,9.595115917492284e-06,741,0.2538,0.2504,0.01484,-0.003399,1040,0.2819,0.2798,0.01559,-0.002072,3,0.0988,0.8117,2.1e-05,13.848,0.1111,0.8182,3.3e-05,13.903,0.0726,0.3283,9.3e-05,13.798,7.9962,1.7319,1.7387,1.7255,0.33201,0.68106,1.63392,0.17529,0.9894,0.9875,0.9981,0.4931,3.8826,1.1048,0.0947,5.736,23.0011,5.9241,81,0.1291,-0.9304,25,0.2001,-0.7257,-1.0,0.0443178,0.0718096,-0.236738,0.0355624,0.0327836,0.0110527,0.0496146,205.0,175.0,0.0900955,0.0782197,0.0705564,-0.0509372,0.059132,0.0143108,0.0793473,179.0,195.0,0.0744077,0.0496669,0.1994021,0.008056,-0.0374156,-0.012668,0.0403151,169.0,203.0
152,2751,209479,0.0,0.0027477034542878653,0.00030805086985203283,0.0027477034542878653,0.4464093049998462,9.68220049955721,7.8144986861659005,-12.626322052688316,11.672646521996482,-0.008074841251038275,12.626322052688316,0.001953605508901335,12.564275140186238,5.333845639495967,-4.213197566681698,5.263235010977048,-0.011243603143831757,5.263235010977048,0.15172756660994138,2.2319286396531464,1.2762990735868027,0.139519362306171,1.650644343567173,0.8575344597593569,0.0,2.1996991081286876,1.1769072109269139,0.0005172348046253994,1.4142105317355427,0.9505210526600855,2.7028155753022557e-07,-0.7518710107944828,0,0,0,0.23527930799314928,0.5340910015151592,887,0.3824,0.11844,1.056443141812892,-0.09638373393188326,1.3413610800638351,0.06493762594526574,0.1084658164793077,1.6273344752357077,0.32924380421256316,0.23528353238559105,1.3993491209277948,0.18602014719894863,0.08712058614440799,642,245,26,26,0,0.3746,857,0.5148556726893505,0.002802,0.0028022889728407385,139.0,380.0,0.0525341,0.0904956,0.0571719,0.0132465,0.0688867,-0.7997268,-0.0916531,0.221698,-0.5503514,0.745764,0.6317636,0.146377,0.7612152,523.0,374.0,0.0010924,0.0783099,0.0242938,-0.0012929,-0.0744351,0.8590653,0.0611184,0.0549538,-0.5052242,0.6882463,0.3102265,-0.0165095,-0.9505193,1003.0,372.0,0.1161665,0.0214597,0.0126356,-0.0136068,0.0107572,0.1622344,-0.7025721,0.6051811,0.3373844,0.5838885,0.5888035,-0.6340623,0.5012738,0.013838310269482883,1.0,0.0028564839717983457,289.7840863211916,0.0,256,1.7033006872805148e-10,3.902868180388916e-11,5.4936957113615184e-11,1.5671219680590004e-06,0.00030978783383124104,6.904394540996555e-12,24.351672617825415,7.447971500084378,9.275669793216665,3.138114190927497,1.1467919681545151,1.4532243235092188,0.014287570614974175,0.0,0.010514082109933017,1.3632917881518587,0.020045716186436306,1.6271719619523246,0.02914329277186692,0.00172682460701278,0.00036236533517098224,0.6923216290924821,0.5001811826675855,621.4884794281977,289.78407297557624,0.6091702690120702,0.6091702874964544,0.609170287691728,0.761462859370568,9.48189949183111e-06,741,0.2508,0.2474,0.02305,-0.005786,1042,0.28,0.2779,0.01813,-0.003925,3,0.0975,0.8154,8.9e-05,13.849,0.1102,0.8197,7.5e-05,13.902,0.0712,0.3367,0.000136,13.797,7.996,1.7319,1.7387,1.7255,0.33179,0.68073,1.63111,0.17492,0.9894,0.9876,0.9981,0.4933,3.8779,1.1035,0.0946,5.8506,22.9206,5.9106,81,0.0524,0.7238,25,0.1416,0.7585,-3.0,0.1307786,0.0617106,0.3588152,0.0444826,0.0286484,0.013929,0.0547124,205.0,175.0,0.1672164,0.0550814,0.5044359,0.0452401,-0.0517979,-0.0682844,0.0969147,179.0,195.0,0.0475179,0.0643354,-0.1503525,0.0185312,0.0419204,0.0214918,0.0506223,169.0,203.0
153,2751,209479,2.0414965288404205e-11,0.00275403998268395,0.0003151035088766164,0.00275403998268395,0.4459821972909856,9.683085525197379,7.8146052574753035,-12.819111061781598,11.604343052326108,-0.011342217776812548,12.819111061781598,0.0004179659386459435,12.564134050327585,5.354173775006227,-4.236723866633043,5.318271058793227,-0.011210351514539144,5.318271058793227,0.15258491068588978,2.2295372165046063,1.2772221340189085,0.12850149096836605,1.6560156169382516,0.8591692861635576,0.01413717910818612,2.213838523319889,1.1856894712170973,0.0013311539318802135,1.4141899770492308,0.8863928145543454,2.4349642098894278e-05,-0.749755934373082,0,0,0,0.24243208635004831,0.5335886886824004,887,0.3805,0.11491,1.0668532694320438,-0.09660478289031041,1.3539532104622984,0.021142941860433483,0.11241076630010709,1.628690293214863,0.3389992225893407,0.24243632024066833,1.3983021283808204,0.19174216631374133,0.08736543733487848,642,245,28,28,0,0.3726,857,0.5143227762806196,0.001687,0.0016868779808927314,139.0,380.0,0.0538941,0.0164049,-0.0067034,0.0145581,0.0034997,0.6109373,-0.5367283,0.0913746,0.5747425,0.7468305,-0.4086193,0.8874232,0.2133315,523.0,374.0,0.0039627,0.036153,-0.0124542,-0.0092873,0.0326448,0.9001358,-0.1789304,0.3961614,-0.0282062,0.6874152,-0.3444846,-0.2568893,0.9029608,1003.0,372.0,0.1155862,0.0092536,-0.0021036,-0.0035549,0.0082806,0.600726,-0.1304756,-0.698429,0.3664714,0.5834911,-0.2273285,-0.3841602,0.8948423,0.013449654671028717,1.0,0.0028249315056682483,289.78408809757155,0.0,256,1.8524610038367023e-10,2.5327358824830077e-11,3.6795500617993445e-11,1.92865558849201e-06,0.0003165654984226754,1.0785515398997266e-13,24.65437262997884,7.4145538712078345,9.11460644950038,3.1309568917339456,1.1620917779384434,1.5029316237271044,0.17160842312312877,0.0,0.011958376055944386,1.3626148076486337,0.021786439084203132,0.9463787343794301,0.010796771757731907,-0.00017210326848972034,-0.0019121098993706337,0.6822184201455028,0.49904394505031485,621.4885436573572,289.7841029239793,0.6091702706750083,0.6091702874902948,0.6091702876917242,0.7614628593628684,9.50376488874006e-06,741,0.2476,0.244,0.02684,0.009539,1042,0.2781,0.276,0.02495,0.001651,3,0.0958,0.8238,1.6e-05,13.848,0.1089,0.8218,-3.2e-05,13.903,0.0697,0.354,-5.1e-05,13.797,7.9959,1.7319,1.7387,1.7255,0.33152,0.68072,1.63018,0.17493,0.9894,0.9876,0.9981,0.4933,3.8779,1.1035,0.0946,5.8372,22.9313,5.9133,81,0.1216,0.9923,25,0.3193,1.0,1.0,0.0466922,0.0370945,0.1145491,-0.0111575,0.0063223,0.0373229,0.0394647,205.0,175.0,0.1154284,0.0651931,0.2781247,-0.0143691,-0.0731455,0.0442634,0.0866947,179.0,195.0,0.0728968,0.0974959,-0.1443675,0.0320032,-0.0632052,-0.0438118,0.0832981,169.0,203.0
154,2751,209479,3.842661852668013e-11,0.002825411093508142,0.00032280943684961813,0.002825411093508142,0.44558942601840307,9.683936938004418,7.814712056906176,-12.590986886921918,11.585259472672814,-0.011720493321046532,12.590986886921918,0.0005270666975085241,12.56489838303183,5.372404502585655,-4.27663666926703,5.36566802284651,-0.011250520193684528,5.36566802284651,0.15344473886402352,2.2271438516529285,1.2782091260717454,0.10679301078113712,1.665128519803572,0.8596737761476174,0.014137193250301744,2.2279781133335987,1.1944667837962453,0.0005633329442158441,1.4142084237346224,0.9229661469225121,3.26316611688078e-05,-0.7475802789473902,0,0,0,0.25137604601375874,0.5331972572343571,887,0.3784,0.11392,1.0766500580989704,-0.09651302145671052,1.3666672576167893,0.053025485368269655,0.11619967627795993,1.6278149099069703,0.3503090888242097,0.25137885191244314,1.3935503569975114,0.19830095422725738,0.08310397498730147,642,245,29,29,0,0.3702,857,0.5139043221952364,0.002858,0.0028583811342359766,139.0,380.0,0.0555337,0.0457307,0.0088029,0.0171229,0.0414802,-0.4835195,0.4368651,-0.7584196,-0.0125478,0.7478127,0.1924947,0.3744286,0.9070551,523.0,374.0,0.0060037,0.0846769,-0.0198749,-0.0755804,-0.0326,0.8401217,-0.3113475,0.3388269,-0.2871491,0.6860402,-0.2347144,-0.8925745,-0.3849934,920.0,373.0,0.1173296,0.0394212,0.0392631,0.0029105,-0.0019921,0.4781436,-0.1491727,0.6011249,-0.6227159,0.5853168,0.9959897,0.0738309,-0.0505329,0.013449654671028717,1.0,0.002852817326090681,289.7841228774645,0.0,256,2.3327732522916095e-10,2.7688484291649622e-11,3.971558665001814e-11,2.3565089844585525e-06,0.00032440847332441497,5.6747807718777626e-12,24.62107752051807,7.362308400249486,8.956451425035754,3.139796262595653,1.2965712174302912,1.586254459780583,-0.3481466487840692,0.0,0.02191289705185678,2.0031860909894483,0.01978085419664134,2.27439001852596,0.024867628085987453,-0.00023347120171613353,-0.0002760332624068696,0.6944361806322291,0.4998619833687967,621.4885545869197,289.78410802015276,0.6091702657987564,0.609170287493341,0.6091702876917245,0.7614628593666762,9.750055352627038e-06,741,0.2413,0.2376,0.02415,0.005016,1042,0.2774,0.2746,0.02364,0.001992,3,0.0929,0.8297,1.1e-05,13.849,0.108,0.8222,-9.8e-05,13.903,0.0676,0.3645,-3.2e-05,13.796,7.996,1.732,1.7388,1.7254,0.33166,0.68004,1.62918,0.1756,0.9894,0.9876,0.9981,0.4933,3.8777,1.0719,0.1135,5.8368,22.93,5.9133,81,0.112,0.9939,25,0.4042,0.9964,1.0,0.0521822,0.0638699,-0.1007107,0.0157585,-0.0310299,0.0058182,0.0352851,205.0,175.0,0.1289134,0.0724221,0.2805826,-0.0180523,-0.0084727,-0.0585888,0.0618896,179.0,195.0,0.0930075,0.0771074,0.0934669,0.0333344,0.0693168,-0.0156769,0.0784969,171.0,202.0
155,2751,209479,1.2502473015345633e-10,0.0028537807181221236,0.00032849879618497156,0.0028537807181221236,0.44522944712024465,9.684753186329779,7.814819022537578,-12.335103967965242,12.287638749777011,-0.014618500964423813,12.335103967965242,0.0014010906868294243,12.566125777981522,5.357264649378517,-4.287202003212724,5.427184856040417,-0.011491322188274821,5.427184856040417,0.1534687692502722,2.225276447517245,1.2786855424936667,0.15318481486230462,1.6693347872959219,0.8525082393246236,0.028279228999814818,2.242120016764289,1.2037317303220474,0.00021490983194716318,1.4142090744381515,0.9321071163639387,6.0598267343197166e-05,-0.7453343282112637,0,0,0,0.25768374215276735,0.5326668275377657,887,0.3787,0.1145,1.0853544295011006,-0.10061444050360523,1.3739486649896058,0.028405436922017004,0.11692280367467325,1.6221593251326274,0.3582144868172297,0.25768686791846596,1.3901154129847682,0.2028321280663936,0.08300171797422438,645,242,32,32,0,0.3705,857,0.5133240762654617,0.001183,0.001183379429448017,139.0,380.0,0.0519229,0.0356271,0.0046216,0.0318265,0.0153299,-0.7786932,-0.1546381,0.5307063,0.296774,0.7507054,0.1297226,0.8933224,0.4302872,523.0,374.0,0.0043797,0.0714834,0.0006043,-0.0553975,-0.0451733,0.7479643,-0.6264765,0.1568787,0.1531849,0.6852778,0.0084533,-0.7749703,-0.6319411,1003.0,372.0,0.1126023,0.0198047,-0.019682,-0.0019512,0.0010195,-0.9306778,-0.0291171,0.3024372,-0.2037715,0.5823488,-0.9938028,-0.0985201,0.0514758,0.013449654671028717,1.0,0.0028790696076504457,289.78412743078997,0.0,256,1.7443204736370897e-10,3.0762641173212885e-11,4.388556597924539e-11,1.9358283615680783e-06,0.0003303628545197111,4.12133691651392e-13,33.711986958550575,7.586425001225171,9.557914506173582,3.131924565696628,1.1660366149672008,1.5020285881114626,0.1435520088187056,0.0,0.019568793164881523,0.9967040072144417,0.021634849683152962,1.3209386394841554,0.015570038735063067,-0.0004626627993057798,-0.0013723497108034009,0.6952246592812482,0.4993138251445984,621.4885072561901,289.7840859510525,0.6091702735912462,0.6091702875026356,0.6091702876917025,0.7614628593782944,9.847955275929668e-06,741,0.2366,0.2328,0.02366,-0.001214,1042,0.2807,0.2769,0.01999,-0.001887,3,0.0912,0.8394,0.000101,13.85,0.1094,0.8248,2.6e-05,13.904,0.0671,0.3851,6.1e-05,13.796,7.9964,1.732,1.7388,1.7253,0.33212,0.67999,1.6248,0.1755,0.9894,0.9876,0.9981,0.4933,3.8772,1.0718,0.1135,5.8496,22.9168,5.9107,81,0.0454,0.6904,25,0.3144,0.9784,1.0,0.0728799,0.0479587,0.206235,0.0473846,0.0209475,0.0043585,0.0519913,205.0,175.0,0.0840717,0.0589137,0.1759484,0.0030637,-0.0097106,-0.0084698,0.0132446,179.0,195.0,0.0428027,0.0812885,-0.3101415,0.0388396,0.0064716,0.0423445,0.0578227,169.0,203.0
156,2752,209480,0.0,0.002939480693839119,0.00033457151366692945,0.002939480693839119,0.44382220600195027,9.686610356855116,7.814423199740561,-12.366759539725432,12.518787224349396,-0.01347211318873395,12.518787224349396,0.004647476624761973,12.565115859662505,5.386939510401371,-4.274547921920793,5.474068639660136,-0.011607806672855327,5.474068639660136,0.15348936720619571,2.224318067137272,1.2790386072981883,0.15346950875120247,1.6722969359634632,0.8591527221990451,0.0,2.2562618970416,1.2125747021848226,9.943279731583488e-06,1.4142088414318443,0.8926721143481084,6.377414354192837e-05,-0.7429875644848194,0,0,0,0.26334592564401893,0.5321224383910482,887,0.3802,0.11673,1.0913747880176423,-0.10230451997301893,1.3809275861503685,0.06197362431118799,0.11661824717491376,1.6183273301891867,0.3652917334403487,0.26334889301503867,1.387101837635173,0.20685506127612407,0.0828711855150644,645,242,34,34,0,0.372,857,0.5127312904661344,0.002455,0.002454836097179891,139.0,380.0,0.0503617,0.0192792,0.0038108,0.0103571,0.0158081,0.1924821,0.829117,-0.3410695,-0.3989828,0.7528704,0.1976641,0.5372167,0.8199555,523.0,374.0,0.007095,0.0634077,-0.0134801,0.0608609,0.0116093,0.963,-0.2551152,-0.0857934,-0.0136613,0.6848068,-0.2125935,0.9598344,0.1830897,920.0,373.0,0.1119042,0.0886273,0.0393243,0.0057623,-0.0792161,-0.5233584,-0.5512083,-0.1306262,-0.6365549,0.5844972,0.4437045,0.0650172,-0.8938115,0.013449654671028717,1.0,0.002915641930322239,289.7841059950098,0.0,256,1.1637151991735995e-10,2.3333815562531973e-11,3.194221506236884e-11,1.8921418389555368e-06,0.0003368394550940606,-8.372896117178687e-13,36.47857376193154,9.528612227187306,12.377324820765118,3.129776247067481,1.046002729745708,1.3755707078193795,0.008154308878592538,0.0,0.007210654677145119,1.245215752244984,0.015499017995667878,1.9050044531701498,0.035589630699520654,-0.0010444857967743914,6.953683630872947e-05,0.6892389652008517,0.5000347684181544,621.4885938241587,289.78412631546684,0.6091702687374118,0.6091702874823566,0.609170287691728,0.7614628593529457,1.014369120632619e-05,741,0.2376,0.2357,0.02813,-0.009658,1043,0.2787,0.2752,0.02165,1e-05,3,0.092,0.8461,0.000129,13.851,0.1091,0.832,5.5e-05,13.905,0.0671,0.4082,7.9e-05,13.796,7.9966,1.732,1.7389,1.7252,0.33207,0.6795,1.62207,0.17528,0.9895,0.9875,0.998,0.4935,3.8759,1.0714,0.1134,5.9286,22.8561,5.897,81,0.0719,-0.6238,25,0.157,0.9893,-1.0,0.0992813,0.0921637,0.037178,0.0911757,0.0130069,0.020334,0.0943168,205.0,175.0,0.1251194,0.1698592,-0.1516713,0.0034695,-0.0256376,-0.1321784,0.1346865,179.0,195.0,0.0877872,0.0933828,-0.0308856,0.0069199,-0.016214,-0.0061076,0.0186569,171.0,202.0
157,2752,209480,1.0940174418121617e-10,0.002989928328323938,0.0003417797848517251,0.002989928328323938,0.4435306416877108,9.687341118010398,7.814530679984135,-12.38243209447591,12.647197236519828,-0.01158426582310787,12.647197236519828,8.578620406218818e-05,12.56609337423943,5.370438569839226,-4.312588819301513,5.559523145241409,-0.011254216746861813,5.559523145241409,0.15434661933511357,2.221148046389671,1.2799127293073829,0.1543437337861008,1.6821993618228626,0.8617750896601557,0.014141495426679028,2.270401203779272,1.2215086842491967,0.000765558516831466,1.4141887765771826,0.8827635560806081,7.208609611661604e-05,-0.7406188365936605,0,0,0,0.2715066314969286,0.5316686286995889,887,0.3804,0.12193,1.1002930984181323,-0.10330908465706452,1.3935664566738724,0.05620960556584427,0.11667991748331033,1.6201158934021782,0.37598971643807316,0.271509414908615,1.38481281234621,0.21319022878285704,0.08263813945941784,647,240,36,36,0,0.3721,857,0.5122502385547683,0.004897,0.004897267901894153,139.0,380.0,0.0490377,0.0554689,-0.0460968,0.0307566,0.0024328,0.8292069,-0.0890979,0.2251808,-0.503757,0.7543762,-0.831038,0.5544838,0.043858,523.0,374.0,0.007574,0.0913869,0.0015119,-0.028717,0.0867445,0.6814726,-0.3755455,-0.211511,-0.591459,0.6817815,0.0165437,-0.314235,0.9492011,920.0,373.0,0.110464,0.0547647,0.023303,-0.0489336,0.0078518,0.2227745,0.7137094,0.1908366,0.6360596,0.5831033,0.4255104,-0.8935239,0.1433734,0.01308139534883721,1.0,0.003035372403575367,289.7841390374863,0.0,256,1.8337555846759207e-10,4.8816952978263436e-11,6.504940866286213e-11,1.9150019453983486e-06,0.0003436041170111671,1.0692689491836008e-11,37.53367083411751,9.52916026067143,12.645628364483615,3.1342531954430664,1.0607474031973936,1.3712694872192484,-0.08025784497720223,0.0,0.013747961851034135,1.0075859314042703,0.0183241484653753,2.1659740973000723,0.022723694421165622,0.008804636749788071,0.0007786783866707536,0.6861717082052429,0.5003893391933355,621.4887033541501,289.78417738648113,0.6091702554406376,0.6091702874851345,0.6091702876917124,0.761462859356418,1.031777633716803e-05,741,0.2417,0.2402,0.02648,-0.000124,1043,0.2786,0.2752,0.02039,0.005728,3,0.0935,0.8438,2.5e-05,13.851,0.109,0.8302,-1.9e-05,13.906,0.0681,0.4015,-4.3e-05,13.796,7.9969,1.732,1.7389,1.7252,0.33159,0.6792,1.62099,0.17501,0.9895,0.9875,0.998,0.4935,3.9699,1.0397,0.1134,5.9414,22.8429,5.754,81,0.109,-0.9447,25,0.1026,-0.8487,-1.0,0.0659482,0.0723804,-0.0464994,0.0189308,0.0303587,-0.0201276,0.0410505,205.0,175.0,0.1098622,0.0853151,0.1257683,-0.0031537,0.0278687,0.0239343,0.0368708,179.0,195.0,0.0702523,0.0535965,0.1344843,0.0212993,-0.0050896,0.0264716,0.0343557,171.0,202.0
158,2754,209482,0.0,0.003066067833007655,0.0003490639665454024,0.003066067833007655,0.44451569283958564,9.690520213942696,7.814789142856732,-12.3667007202182,12.733279204797832,-0.007970416303648085,12.733279204797832,0.0002978913375990544,12.56242436570629,5.350625911773068,-4.371581979553746,5.627562047082866,-0.011713595408134431,5.627562047082866,0.15519639063775215,2.2178594103115254,1.2807718685271152,0.10902806406084375,1.6913565463036062,0.8538351370170257,0.0,2.284540779355802,1.2295046060870163,0.0004063023342760763,1.4142096569337963,0.9155975809915186,8.329579796627961e-05,-0.7381731510073467,0,0,0,0.27807424446763185,0.5309576813160561,888,0.3773,0.12126,1.1097333564267848,-0.10393784068346594,1.4066548610672034,0.045719799552463705,0.12060436524457034,1.6215899936886358,0.38558089432946324,0.27807582813826653,1.3866034200489457,0.21899947552898308,0.08610188960649075,648,240,36,36,0,0.3687,858,0.511534843637486,0.001927,0.0019274550167687199,139.0,380.0,0.0491108,0.041345,-0.0309385,0.022763,0.015299,0.4412271,0.1631227,0.8673878,0.1623209,0.7535355,-0.7483014,0.5505631,0.3700341,523.0,374.0,0.0077444,0.0788103,-0.0466932,-0.0073272,-0.0630643,-0.9470131,0.1109668,-0.1538478,0.2591976,0.6788436,-0.5924765,-0.0929724,-0.8002048,920.0,373.0,0.1094533,0.0215515,0.0041989,-0.0207449,0.0040606,0.1419368,0.0078712,0.9348402,0.3253702,0.5818807,0.1948319,-0.9625704,0.1884114,0.01308139534883721,1.0,0.003091802737373487,289.7841958982329,0.0,256,1.5537307293033874e-10,2.9578297521666315e-11,4.0620957713443454e-11,1.8057842765974963e-06,0.0003506033983724151,1.660095610407206e-12,36.912236222244516,9.01514444127568,12.2577419581321,3.124443199700461,1.011689615092004,1.3482485591627533,-0.024742455732956182,0.0,0.010250649102930158,2.1796168994878675,0.019989446684395368,1.8361370246779498,0.023526368094073234,0.0030737746344347513,0.0006766356208461721,0.6890897927663301,0.5003383178104231,621.4887285407376,289.7841891303383,0.6091702687253457,0.6091702874703335,0.609170287691728,0.7614628593379169,1.0580521463952638e-05,741,0.2467,0.2456,0.02267,0.000303,1044,0.276,0.2724,0.01826,0.003721,3,0.0946,0.8303,-7.7e-05,13.851,0.1071,0.8334,-6.4e-05,13.906,0.0689,0.3841,-8.4e-05,13.796,7.997,1.732,1.739,1.7252,0.33135,0.67891,1.62054,0.17401,0.9895,0.9875,0.998,0.4935,3.967,1.039,0.1133,6.0854,22.7316,5.7302,81,0.1032,-0.9735,25,0.2568,-0.9989,0.0,0.043935,0.0448187,-0.0099569,-0.0118312,-0.0105086,-0.0032528,0.0161552,205.0,175.0,0.0935218,0.0986712,-0.0267932,-0.0069474,0.0545177,0.0015985,0.0549818,179.0,195.0,0.0400711,0.0738192,-0.296321,-0.0144397,0.0326845,0.0375207,0.051813,171.0,202.0
159,2757,209486,0.0,0.0031874704680895905,0.0003558928282644785,0.0031874704680895905,0.4435776369495345,9.6860103236408,7.815988518533832,-12.74456823690265,12.25670931604305,-0.009316720682260424,12.74456823690265,0.00034091957989978994,12.565570738110614,5.355292827753703,-4.419290885155149,5.698890326533339,-0.011824426090420654,5.698890326533339,0.15604914063466033,2.214372038289135,1.2815057144116393,0.13737763924289936,1.7013641327906548,0.8584070633085409,0.0,2.2986799041515855,1.237065502882974,0.001614931606029102,1.414190120897446,0.8823900127799909,1.5735740917512841e-06,-0.7356070828623883,0,0,0,0.2848465346072826,0.5301240570575821,889,0.3767,0.12068,1.1195146115342824,-0.1026809569493671,1.4214246939278474,0.08733364156971242,0.1152616236339096,1.6259462547094117,0.3957107364110621,0.28484784654062417,1.3892003791386465,0.2250669616908527,0.08137098749352403,648,241,34,34,0,0.3673,858,0.5101210659967443,0.002518,0.0025184486658051952,139.0,380.0,0.050499,0.0687771,0.0304462,-0.0311886,-0.0532032,0.800729,-0.375839,-0.4590815,-0.0825969,0.7525316,0.4426798,-0.4534742,-0.7735604,523.0,374.0,0.0067811,0.0260862,-0.0164291,-0.0075716,-0.0187948,-0.8190551,0.2903174,0.29741,0.3954894,0.6750801,-0.6297997,-0.2902539,-0.7204894,920.0,373.0,0.1087183,0.0505945,0.0501443,0.0057738,-0.0034655,-0.8797329,-0.3769656,0.0214804,0.2889732,0.5808076,0.991103,0.1141193,-0.0684961,0.013071895424836602,1.0,0.003164750893068867,289.7842054150871,0.0,256,2.5775464998176847e-10,4.0422434289032936e-11,5.966894629065074e-11,2.7953595403828417e-06,0.00035797587443513315,2.635463592663427e-12,24.841220453412255,7.109297804174072,9.053295453703537,3.1126861750226418,1.0110433995701196,1.3390386382511787,-0.1773425108046378,0.0,0.020478492648040462,1.2911842831387534,0.01388968630982633,1.9086910928474512,0.03988019612216762,0.008966295718083786,-7.692398451771805e-05,0.6963569487387539,0.4999615380077412,621.4887674851066,289.78420728909464,0.6091702544532644,0.6091702874713606,0.609170287691728,0.7614628593392007,1.0999462316832555e-05,743,0.2456,0.2448,0.02008,0.000128,1044,0.2732,0.2697,0.01973,0.004192,3,0.0941,0.8176,-3e-05,13.851,0.106,0.8389,-4.2e-05,13.906,0.0679,0.3725,-3.5e-05,13.796,7.997,1.732,1.739,1.7252,0.33134,0.67782,1.62084,0.17449,0.9895,0.9875,0.998,0.4937,3.9714,1.0401,0.1135,5.8896,22.9459,5.7778,81,0.0658,-0.1673,25,0.2693,-0.9552,1.0,0.0983613,0.0824269,0.0881384,0.0409375,0.0393915,-0.021052,0.0605868,205.0,175.0,0.0338246,0.0242022,0.1658269,-0.0019422,-0.0135704,-0.0005747,0.0137208,179.0,195.0,0.032079,0.0769254,-0.411418,-0.0153886,-0.0089193,0.0103304,0.0205689,171.0,202.0
160,2762,209493,0.0,0.003196864588359561,0.0003597442507873201,0.003196864588359561,0.4367804284225201,9.675297105163972,7.817367621807205,-11.657624813296106,12.628114122213978,-0.007519416467731016,12.628114122213978,0.003352691873766356,12.565362023148639,5.356321574972999,-4.466124938364425,5.7581270654248975,-0.013384328506153306,5.7581270654248975,0.15636384642763995,2.210677552115753,1.2819482792035877,0.10815771416123376,1.7077702289500845,0.8631966357281106,0.0,2.312821859703692,1.2441618484770844,3.9840552291336984e-05,1.4141892886305152,0.8960961366569903,9.627933349008692e-07,-0.7329755409541098,0,0,0,0.289544810272268,0.529555979566778,889,0.3747,0.11982,1.1291037119170282,-0.1080032812117578,1.4314440483418442,0.04922412574055253,0.11604763198927502,1.6273549563804752,0.4030908223882978,0.2895461806665363,1.392146915771368,0.22950395100985777,0.08139409829278654,649,240,33,33,0,0.3652,858,0.5095199814070985,0.000441,0.0004411458493078779,139.0,380.0,0.0495134,0.0626566,0.0452739,-0.0328433,-0.0282389,0.4491239,0.5348454,-0.3120994,-0.6440669,0.7512287,0.7225731,-0.5241796,-0.4506927,523.0,374.0,0.0038079,0.062685,0.0490138,-0.0064016,-0.0385497,0.1387357,-0.6961602,0.0432637,0.7030232,0.6714338,0.7819066,-0.1021233,-0.6149739,920.0,373.0,0.1059768,0.0365015,-0.0082332,-0.0354755,0.0024633,0.4795677,0.6202443,0.2230146,0.5792895,0.5794715,-0.2255575,-0.9718897,0.0674854,0.012694958287994197,1.0,0.003284059756666234,289.7842239166232,0.0,256,2.2362441215341283e-10,3.461755219345859e-11,4.896444774067146e-11,1.7501621382387994e-06,0.00036241682824932037,2.9185965406045596e-12,19.97896458481431,5.904149218230794,7.162456571721472,3.0544607504609784,0.7372534857004105,1.0463408876982991,-0.13318588022563724,0.0,0.017581704228035316,0.8962135135838543,0.012412291459190995,1.1646032679206948,0.02872243944387718,-0.0039190932091519295,0.0011930067754724796,0.6817149137701584,0.5005965033877364,621.4887612900001,289.784204400476,0.6091702611258869,0.6091702874622443,0.609170287691728,0.7614628593278053,1.1031880067353697e-05,747,0.2372,0.2367,0.02019,-0.00821,1045,0.2741,0.2705,0.0166,-0.002491,3,0.0907,0.7965,7.5e-05,13.851,0.1058,0.8414,5.3e-05,13.906,0.0657,0.3435,6.9e-05,13.796,7.9968,1.732,1.739,1.7251,0.33132,0.67783,1.6176,0.17406,0.9896,0.9875,0.9979,0.4938,3.886,1.0742,0.1137,5.7139,23.2,5.9701,81,0.1193,0.8748,25,0.0924,-0.1951,0.0,0.0944561,0.0456467,0.3483829,0.0050241,-0.0412002,-0.0143643,0.0439207,205.0,175.0,0.0562464,0.0857374,-0.2077068,-0.0285686,0.0182752,-0.0127223,0.0362216,179.0,195.0,0.0386584,0.0972813,-0.4312417,0.0431719,0.0285893,-0.0261252,0.0579973,171.0,202.0
161,2765,209497,0.0,0.0032376679379848105,0.00036300883749032525,0.0032376679379848105,0.44011992433496117,9.675058464809494,7.818209662471652,-12.464662997316866,12.994750021111688,-0.008787563200582932,12.994750021111688,0.0025573885345896814,12.562762819947288,5.360258474121406,-4.54522815252831,5.867700967576109,-0.013131594642928525,5.867700967576109,0.15655880697844335,2.210467519594765,1.282210728165963,0.15655263289967467,1.7084670231255374,0.8534616814261701,0.0,2.3269637414518565,1.2517667950007956,0.0007085317656263523,1.4141912594482657,0.8956512922246413,1.1056941077395258e-06,-0.7303272353636401,0,0,0,0.29092006038046697,0.5283500037762202,891,0.3692,0.12251,1.135929798670921,-0.10994315316224007,1.4352676657789243,0.056458083470633906,0.12346799883816759,1.6198385384519656,0.40550842891642447,0.2909215703369439,1.393875429885679,0.2310596584082937,0.08130043365760514,648,243,35,35,0,0.3595,860,0.5083067200503087,0.000222,0.0002219257992150947,139.0,380.0,0.0483642,0.0772166,-0.0178331,-0.0511187,-0.0550569,0.3779669,0.0152863,-0.7877415,0.4861798,0.7508362,-0.2309491,-0.6620175,-0.7130185,523.0,374.0,0.0044903,0.0319569,0.0025526,-0.0281922,-0.0148299,-0.0301912,0.3296008,-0.2375271,-0.9132539,0.668631,0.0798777,-0.8821948,-0.4640602,920.0,373.0,0.1032795,0.0544746,-0.0337618,-0.0334517,-0.0266196,0.8142534,0.2263661,0.0475057,-0.5324407,0.5777219,-0.6197722,-0.6140784,-0.4886616,0.012309920347574221,1.0,0.003269251397325632,289.78422571284426,0.0,256,2.4768540789726813e-10,6.214594166936571e-11,9.090377196437127e-11,1.7622939372863649e-06,0.0003660186782273235,6.455154607993888e-12,19.687323272921972,5.973904336438523,7.210919951566273,3.105828388512335,0.9333926887859987,1.2809007037652758,-0.11202148761655627,0.0,0.02477051565664858,1.7961676943647702,0.024100757737296464,1.754358492121825,0.03754302585764049,0.0001907096638291341,0.00045363717963986153,0.6880121771454519,0.5002268185898201,621.4886966339731,289.7841742530357,0.6091702501652332,0.6091702874686867,0.609170287691728,0.7614628593358583,1.1172687212234447e-05,748,0.2353,0.234,0.01672,0.007173,1045,0.2765,0.2723,0.01863,-0.000178,3,0.0887,0.7917,-1e-05,13.85,0.1052,0.8455,1.4e-05,13.906,0.0657,0.3431,-1.2e-05,13.796,7.9967,1.732,1.739,1.7252,0.33119,0.6781,1.61442,0.17545,0.9896,0.9876,0.998,0.494,3.9812,1.0427,0.1137,5.5791,23.3394,5.8624,81,0.1278,0.9799,25,0.1446,0.9426,-2.0,0.0977707,0.0662334,0.1922958,-0.0283155,0.0013609,-0.0217582,0.0357357,205.0,175.0,0.0468662,0.0428515,0.0447476,-0.013147,-0.0169074,0.0231961,0.0315716,179.0,195.0,0.1179232,0.08437,0.1658643,-0.0273349,0.0125628,-0.0863292,0.0914208,171.0,202.0
162,2769,209502,0.0,0.0032836780635684916,0.0003664799412620571,0.0032836780635684916,0.44217482468482794,9.671678425797877,7.819677644209366,-11.756692676788804,12.407709503027005,-0.007669283632368078,12.407709503027005,0.0014517498690184822,12.559559525501,5.374327390590362,-4.6435483778664,5.962816370117553,-0.013501216600146379,5.962816370117553,0.15676472373760184,2.208934662537149,1.282583832152167,0.10558430989391987,1.7112506043357316,0.8631862003433208,0.0,2.34110570829417,1.2590879178119772,0.0024862953153877987,1.414190974419386,0.8937229009225766,1.4933705463380498e-06,-0.7275533279893696,0,0,0,0.2935732866696323,0.5273864744706384,893,0.3682,0.1204,1.1409311954803323,-0.11228780818399509,1.4424466610571622,0.05606841692619301,0.12450918349726856,1.6087403803624583,0.4099196174125116,0.2935747159983785,1.3963042287837069,0.23367611988487835,0.081528441941634,650,243,33,33,0,0.3578,861,0.506775062706669,0.000153,0.0001531091108899485,139.0,380.0,0.0468036,0.0560444,0.0117829,0.0360668,0.0412471,-0.466155,0.8412647,-0.1861198,0.2008299,0.750125,0.210242,0.6435395,0.7359723,523.0,374.0,0.0096788,0.0629035,0.0501272,-0.0250835,-0.0285471,0.7052605,-0.1886796,-0.6371508,-0.2470759,0.6665569,0.7968895,-0.3987615,-0.4538243,920.0,373.0,0.1015546,0.0439451,0.0395528,0.0122253,0.0147406,-0.9451808,0.0116549,0.3260506,0.0137272,0.5764037,0.900051,0.2781954,0.3354333,0.011934900542495479,1.0,0.0033220853382129596,289.7841958298385,0.0,256,3.9189206566544036e-10,6.281780712387482e-11,8.36958688754615e-11,1.8691127416302065e-06,0.00037023140915215324,-7.275638885060012e-12,16.522670335043266,5.7059336683621495,6.82397498782427,2.953580639699947,0.8231884528341475,1.0572704892940916,0.012113775156127465,0.0,0.017677980983306613,2.226471882134241,0.021246547376084328,0.925949011528284,0.0337413954534668,0.0008143870124517071,-0.00039651605947582365,0.6874907579974812,0.4998017419702622,621.4887584324657,289.78420306808135,0.6091702393118835,0.6091702874746705,0.609170287691728,0.7614628593433381,1.1331459854618198e-05,750,0.2312,0.2302,0.01872,0.013525,1045,0.2735,0.2693,0.01997,-0.004883,3,0.0868,0.8069,0.0,13.849,0.1035,0.8366,3.9e-05,13.906,0.0638,0.3515,-1.3e-05,13.795,7.9964,1.7319,1.739,1.7252,0.33101,0.67793,1.61172,0.17443,0.9896,0.9877,0.998,0.4944,3.9845,1.0436,0.1138,5.3533,23.5801,5.918,81,0.124,0.7117,25,0.258,0.9923,-3.0,0.091308,0.046899,0.3213228,0.0182333,0.0457166,-0.0019236,0.0492561,205.0,175.0,0.0834654,0.0539231,0.2150272,0.0252899,0.0176422,-0.0083156,0.0319371,179.0,195.0,0.0625464,0.0346731,0.2867052,0.0110579,0.0090044,0.0269105,0.0304554,171.0,202.0
163,2769,209502,1.1409878479078011e-11,0.0033056862044639934,0.00036989826888869567,0.0033056862044639934,0.44187380277309146,9.672131998234589,7.819795598008026,-12.13396608674131,11.441160729795243,-0.0071504332781449995,12.13396608674131,0.000659537173030718,12.557824697422546,5.366113854416406,-4.653810593127548,6.013751724788794,-0.013717246788978617,6.013751724788794,0.1568371926664713,2.208242551939954,1.2828144577948852,0.08118247556747582,1.7133963548603621,0.861064102252692,0.01414133876156897,2.3552476330185366,1.2681563078680316,0.0024970908665890024,1.4141938448483484,0.8965756135702498,8.344992963001418e-06,-0.7247857343602025,0,0,0,0.29385910812006244,0.5268061104847576,893,0.3723,0.12329,1.1449754868457258,-0.1133131408976772,1.4464727361072816,0.04342981233549422,0.1269692295969214,1.5978251952945703,0.4114225370583661,0.29386080429131356,1.400059249312167,0.23463451773275065,0.08736868552442009,647,246,34,34,0,0.3621,861,0.5061620418510817,-0.000819,-0.0008194252449165162,139.0,380.0,0.0467093,0.0549233,-0.0281184,-0.0471667,-0.0011083,0.2666093,0.7257476,-0.6106024,-0.1713902,0.7490203,-0.5119579,-0.8587735,-0.0201797,523.0,374.0,0.0061755,0.0533609,0.0256397,-0.0458147,-0.0095398,-0.3117062,-0.5612623,0.5350186,-0.549162,0.6648579,0.4804964,-0.858581,-0.1787788,920.0,373.0,0.1004267,0.0339086,0.0096096,-0.0181475,-0.0269836,-0.0033014,-0.0482112,-0.1297089,0.9903739,0.5751015,0.2833984,-0.5351897,-0.7957747,0.01119537739256049,1.0,0.0033395099460084418,289.784227691137,0.0,256,2.950055252653789e-10,7.31632224551714e-11,9.7158334682399e-11,2.0643664554408134e-06,0.00037364950133670445,1.056267109053967e-12,24.727354459441294,6.145473996837083,7.61593101722984,3.125568516072554,1.2020346431066242,1.5386562698190884,-0.06673213703916205,0.0,0.024156835651918774,1.7185162510780094,0.023069020494043784,2.9819769453093277,0.029157145922953542,-0.0029728442696924165,0.0006490459054818691,0.682168589284802,0.500324522952741,621.488788297478,289.78421699336747,0.6091702451326098,0.609170287445109,0.6091702876917268,0.7614628593063862,1.140740596144908e-05,750,0.2327,0.232,0.0156,0.002705,1045,0.2711,0.2668,0.01472,-0.001662,3,0.0883,0.8045,-2.8e-05,13.849,0.1038,0.8406,6.9e-05,13.906,0.0636,0.3545,-2.8e-05,13.796,7.9965,1.7318,1.739,1.7253,0.33087,0.67834,1.60715,0.17523,0.9897,0.9877,0.998,0.4944,3.9841,1.0435,0.1138,5.3122,23.6097,5.926,81,0.1259,0.2403,25,0.2266,0.9791,2.0,0.0790305,0.0568035,0.1636342,0.0224391,-0.0337499,-0.0151146,0.0432553,205.0,175.0,0.0498162,0.1069874,-0.3646033,-0.0070498,0.0327464,0.0542168,0.0637298,179.0,195.0,0.0689185,0.0379225,0.2901138,0.0361845,-0.0301981,-0.0093107,0.0480409,171.0,202.0
164,2769,209502,3.037391922797729e-11,0.003452229099482686,0.0003772803480800934,0.003452229099482686,0.4415861160877131,9.672528567963765,7.819913498105155,-11.96231313062128,13.223424904293292,-0.004499110467158044,13.223424904293292,0.0012162204810293746,12.566145654224542,5.3906212201431165,-4.7080368330491424,6.117436181622552,-0.013851554344798738,6.117436181622552,0.15770506524546346,2.2042160872235668,1.283606894185051,0.12957190060290502,1.7232241572490568,0.8623061723609696,0.014141352903684594,2.36938770997243,1.277125655536107,0.0007335251168782975,1.414210268685343,0.9045282684385756,1.8386835343251032e-05,-0.7219290651068004,0,0,0,0.30079067329567766,0.5263263237826612,893,0.3712,0.12142,1.1552692385119694,-0.11361338472830956,1.4601003190365807,0.05248076468701301,0.121026307112399,1.6014109156582472,0.4217800906064134,0.3007922197533072,1.4022307191068093,0.24077850656654162,0.08736604490114444,649,244,33,33,0,0.3608,861,0.5056652902927655,0.00363,0.003629634569953577,139.0,380.0,0.0456535,0.0533515,0.0034557,-0.0391543,-0.0360746,-0.6029959,-0.217371,-0.1681292,0.7489182,0.748344,0.0647722,-0.7338938,-0.676169,523.0,374.0,0.0078576,0.0328116,0.0306268,-6.92e-05,-0.0117726,-0.3640123,0.1521606,-0.0517187,-0.9174243,0.6618126,0.9334144,-0.0021094,-0.3587939,920.0,373.0,0.0996856,0.0565317,-0.0365019,0.0116325,0.0415708,-0.5505217,0.2287648,0.0106364,-0.8027948,0.5730748,-0.6456895,0.2057702,0.7353527,0.01119537739256049,1.0,0.0034209518628606234,289.7842341834422,0.0,256,2.9962009812123525e-10,4.5153736114574175e-11,6.2564702115818e-11,2.24357029873038e-06,0.00038083589020253625,-1.78905117289421e-12,20.51034460402999,5.748148833569781,7.080922372160704,3.100944135935132,1.2693443987871638,1.56500687825688,-0.11663987774345833,0.0,0.013376260944688717,1.0516158866101364,0.015058677066572242,2.062510255027776,0.02574586950133949,0.0010883348099160327,-0.0021735299036057068,0.6918982244710269,0.49891323504819735,621.4887827887732,289.78421442480027,0.6091702375469559,0.6091702874443534,0.6091702876917235,0.7614628593054418,1.1913102673087627e-05,750,0.2327,0.2323,0.02198,0.010167,1045,0.2667,0.2623,0.01661,0.003345,3,0.0881,0.8093,-6.3e-05,13.848,0.1018,0.8425,-1.8e-05,13.906,0.0626,0.3654,-6.9e-05,13.797,7.9965,1.7318,1.739,1.7253,0.33029,0.67756,1.60667,0.17392,0.9897,0.9877,0.998,0.4944,3.9838,1.0434,0.1138,5.3253,23.5971,5.9233,81,0.0813,-0.1468,25,0.1537,0.9409,1.0,0.0781805,0.0495511,0.2241374,0.0172031,-0.0351622,0.0089954,0.0401652,205.0,175.0,0.0574103,0.0376134,0.2083359,0.0136857,-0.0327657,-0.0057261,0.0359677,179.0,195.0,0.0775987,0.0681579,0.0647708,-0.0431137,0.0096239,-0.0194025,0.0482479,171.0,202.0
165,2772,209506,0.0,0.003445201720352008,0.00038049718794543497,0.003445201720352008,0.4378244751110653,9.672396114828198,7.819886196442204,-12.052663309429505,11.422956820029912,-0.001871600839798275,12.052663309429505,0.0032483676540689373,12.563635677635233,5.3909313546430395,-4.759234203570585,6.188237054133704,-0.014152379729212662,6.188237054133704,0.15783820516623437,2.201886861703424,1.2839997754103376,0.1578338283515349,1.7259321173937092,0.8530620416418974,0.0,2.383529664714534,1.284782057402395,0.0005315542489590097,1.4142099520501215,0.8499656671490947,2.092058231834999e-06,-0.71898597519742,0,0,0,0.30382988019906326,0.5258135219561908,893,0.3694,0.12412,1.1637024007562669,-0.11921742601236023,1.466850083768359,0.032687503123775045,0.11624909406050414,1.5938577828391303,0.4267894704553848,0.3038321066759777,1.4046885140764112,0.24388564593333703,0.08749871546963565,650,243,36,36,0,0.3589,861,0.5051282372425752,-0.002181,-0.00218143351096578,139.0,380.0,0.043429,0.0208669,-0.0137335,-0.0097966,-0.0122819,-0.2765194,-0.6613544,0.6863633,-0.12269,0.7474292,-0.6581499,-0.4694793,-0.5885813,523.0,374.0,0.0075149,0.019598,0.0014114,-0.0022281,0.0194197,-0.632554,-0.5439838,-0.290041,0.4688638,0.6591882,0.0720176,-0.1136912,0.9909025,920.0,373.0,0.0982045,0.0875137,0.0032798,0.0563147,0.066907,0.6595284,-0.3136728,0.2936863,0.6167495,0.5716577,0.0374776,0.6434955,0.7645318,0.01119537739256049,1.0,0.003538259983214457,289.7842347301624,0.0,256,3.416690435898834e-10,7.562304463336133e-11,1.0888688001296835e-10,3.125764957525425e-06,0.00038458583601086585,4.217052956048467e-12,19.724795616434633,5.049230283413089,6.28926317763363,3.131267049717111,1.0632359507562212,1.3868540067193738,0.057654086077659594,0.0,0.006162562165679535,1.3689270013748358,0.016888716764676473,0.1426825633820155,0.022112914338500024,-0.0015830672134185832,-0.0006114840770956833,0.6942577078092962,0.4996942579614523,621.488801252134,289.7842230337899,0.6091702477000681,0.6091702874491598,0.609170287691728,0.7614628593114497,1.1888851933634375e-05,751,0.2333,0.233,0.01838,-0.00046,1047,0.2627,0.2583,0.0148,-0.005034,3,0.0879,0.8053,-3.6e-05,13.849,0.0998,0.8431,-1.6e-05,13.906,0.0618,0.3601,1.2e-05,13.797,7.9966,1.7318,1.7389,1.7254,0.33054,0.67685,1.60128,0.17318,0.9896,0.9877,0.998,0.4946,3.9837,1.0433,0.1138,5.3793,23.5859,5.9206,81,0.0429,-0.8754,25,0.1264,0.7217,-1.0,0.0226872,0.021563,0.0254061,0.0042655,-0.0053718,-0.0032315,0.0075824,205.0,175.0,0.032655,0.0137466,0.4074938,-0.0006846,-0.0120675,0.0102037,0.015818,179.0,195.0,0.1404345,0.0710127,0.3283174,-0.0188388,0.0763214,0.010237,0.0792758,171.0,202.0
166,2772,209506,5.0170565667707864e-11,0.0035066653190688754,0.0003877459804982381,0.0035066653190688754,0.4375623234837828,9.672700767262127,7.820002890860577,-12.269247824922967,11.421562775456325,0.00018964139737576537,12.269247824922967,0.0031429543564078476,12.563392046088422,5.37343337501869,-4.854242966372295,6.25543119194326,-0.014091969729081116,6.25543119194326,0.15870728660808897,2.198244423696684,1.284777245730581,0.09097407256260592,1.7354457415360058,0.8625207093438956,0.014137394994273175,2.3976689770665365,1.2937918998169027,4.6249405361575846e-05,1.4141856340596748,0.8892916388609039,1.3342276314222378e-05,-0.7159242181820769,0,0,0,0.31057776057811565,0.5253545668280427,893,0.3702,0.12972,1.1736001336761825,-0.11948590338963577,1.4796221255614108,0.041281396633264474,0.11396391044142241,1.5923665246522987,0.43706197123391366,0.3105804894257536,1.4072422000558291,0.2500519473171246,0.08416163668295279,651,242,34,34,0,0.3596,861,0.5046584279867068,0.001111,0.0011107737326980782,139.0,380.0,0.043141,0.0338579,-0.0170434,-0.0264198,0.0125648,0.3030569,0.0851665,0.8052493,-0.5024707,0.7466596,-0.5033813,-0.7803135,0.3711039,523.0,374.0,0.0085747,0.06989,0.0242959,-0.0478196,-0.0448062,0.2621365,-0.6707327,-0.5739313,-0.3898781,0.6562337,0.3476311,-0.6842131,-0.6410967,920.0,373.0,0.0984321,0.1323049,-0.0342176,0.0140695,-0.1270267,-0.447069,-0.2602407,0.355156,-0.7786323,0.5700209,-0.2586266,0.1063415,-0.9601061,0.010822510822510822,1.0,0.0035600525438191696,289.7842423771301,0.0,256,3.864988612194378e-10,8.115647674694712e-11,1.107095378469307e-10,2.3603732949709287e-06,0.00039189179039159224,-2.727741649610035e-12,27.538501908456134,6.964360303393187,8.739971424645274,3.1375289726495184,1.2454439822584265,1.5587554356433388,0.13292833361364056,0.0,0.020438778060698107,0.6630178525711022,0.0155115312952346,2.315076135309881,0.04262598306869056,-0.0016991339793972122,0.002276188412378507,0.6870407601907739,0.5011380942061894,621.4888816461691,289.78426051945814,0.6091702617357349,0.6091702874308,0.6091702876917156,0.7614628592885,1.2100951627886682e-05,751,0.2355,0.2355,0.01556,0.004977,1047,0.2595,0.2551,0.01735,0.004849,3,0.0891,0.7872,-5e-05,13.848,0.0989,0.8466,-4.7e-05,13.906,0.0617,0.3382,-7.9e-05,13.797,7.9966,1.7318,1.739,1.7254,0.3301,0.6773,1.60016,0.17406,0.9897,0.9877,0.998,0.4946,3.9834,1.0433,0.1138,5.3789,23.584,5.9206,81,0.0818,-0.6847,25,0.0537,-0.5694,-1.0,0.0515923,0.0624152,-0.0949318,-0.0334391,0.0149462,-0.0272702,0.0456643,205.0,175.0,0.087079,0.0670446,0.1299891,-0.0221742,-0.0261373,-0.0025141,0.0343682,179.0,195.0,0.1227658,0.1494977,-0.0981839,-0.0184298,0.0168798,0.0067982,0.0258999,171.0,202.0
167,2772,209506,5.853537322800944e-11,0.0035841081358486443,0.000395205458163208,0.0035841081358486443,0.43731028294217883,9.672937909254806,7.820119563010052,-12.061111600983972,12.786098339464788,0.0033485066074794155,12.786098339464788,0.002896566565283268,12.564419396273323,5.359879540697606,-4.881059329360699,6.3419398923709975,-0.014262647352578374,6.3419398923709975,0.15957702038179825,2.1936310800354257,1.285489499611966,0.11918523607644615,1.7447988999967012,0.863482594659969,0.0141374091363888,2.4118086297617087,1.3027172154046789,0.0012172658522136004,1.4142098736236484,0.9435599479819807,2.691995211845542e-05,-0.7128260257696222,0,0,0,0.3175078683750608,0.5248954470918716,893,0.3701,0.13094,1.1822880188876674,-0.1191987605453367,1.4932008755778112,0.07853068736193243,0.11827444848817344,1.5911978797390516,0.4478159853910295,0.3175106261237654,1.4103968451640772,0.25650418341585984,0.08581213823422333,652,241,33,33,0,0.3594,861,0.5041862924759214,0.003153,0.003153430728611628,139.0,380.0,0.0426294,0.0760331,0.027457,-0.070337,0.0089359,-0.9497889,0.2557112,-0.001436,-0.1803075,0.7458013,0.361119,-0.925084,0.1175271,523.0,374.0,0.0088723,0.0736731,0.0339122,0.0653748,0.001954,-0.9088468,0.2387814,-0.0933676,-0.3290342,0.6533999,0.4603068,0.8873636,0.0265226,920.0,373.0,0.0985618,0.0669208,-0.0599426,0.0154734,0.0254137,0.1196688,-0.0538195,-0.3455593,-0.9291779,0.5679958,-0.8957243,0.2312195,0.3797573,0.010822510822510822,1.0,0.0036220002459034497,289.78427780311887,0.0,256,3.6101817161603875e-10,7.406532648710952e-11,9.850004498508538e-11,2.4623776031455216e-06,0.0003995673041994781,9.94630196016639e-12,27.542203444777922,7.105464040885056,8.873913846451359,3.115574402030916,1.0462286483184586,1.382222415557185,-0.04247709419952897,0.0,0.005313857840179438,0.7679648551600724,0.007452487659288103,1.662692164233561,0.01968112095979359,-5.493465106981417e-05,0.0020468089978204727,0.6873107544001588,0.5010234044989104,621.4889117188969,289.7842745415967,0.6091702507734134,0.6091702874335403,0.6091702876917195,0.7614628592919254,1.236819403509133e-05,751,0.236,0.2361,0.01376,0.006298,1047,0.2586,0.2542,0.01537,0.004821,3,0.0893,0.782,-1.4e-05,13.848,0.0983,0.8372,-5.4e-05,13.906,0.0614,0.3138,-5.7e-05,13.796,7.9963,1.7318,1.739,1.7253,0.33005,0.67716,1.59969,0.17369,0.9897,0.9876,0.998,0.4946,3.983,1.0432,0.1138,5.3649,23.5926,5.9233,81,0.1208,-0.5287,25,0.1134,-0.7396,-1.0,0.0357358,0.1407732,-0.5950823,0.0039545,0.0580245,-0.0247464,0.0632049,205.0,175.0,0.1445493,0.0895541,0.2349185,0.0689643,0.0173365,-0.0639393,0.0956288,179.0,195.0,0.0933291,0.0455292,0.3442349,-0.0286344,-0.0110566,0.0260309,0.0402466,171.0,202.0
168,2773,209507,0.0,0.0036123372879351676,0.00039936422055371346,0.0036123372879351676,0.43946277009958945,9.674250305968574,7.820366092524945,-12.567523778507633,13.139842736757197,0.006243863137572613,13.139842736757197,0.00042695735188538015,12.566002576577606,5.341833958130143,-4.944571145487972,6.4087185216683284,-0.014508200837154804,6.4087185216683284,0.15973808813896379,2.1917635023534046,1.285809392692349,0.14998850792845486,1.7493075461008356,0.8613247814135303,0.0,2.425950542104585,1.311406831193133,0.0015881020255796852,1.4142101248959513,0.9015627344627741,5.072311184732874e-05,-0.7096291268414892,0,0,0,0.32071169617691736,0.5243132749012623,894,0.3669,0.13093,1.1884776588415917,-0.12321178466231822,1.5001321308708875,0.070479705676805,0.12049171482634001,1.5854338644794248,0.45341551281616305,0.32071636014838095,1.413758601545578,0.26000113914237616,0.08623256835515512,650,244,33,33,0,0.356,862,0.5035997738430018,-0.003762,-0.0037616826777875367,139.0,380.0,0.0407889,0.1161665,-0.0859413,0.0716498,-0.0312258,-0.3631766,0.2027782,-0.791046,0.4485867,0.7449811,-0.7398116,0.6167856,-0.2688016,523.0,374.0,0.0054134,0.0601647,-0.0446142,-0.0393591,-0.0089573,0.7521972,0.4156134,-0.0782043,0.5053206,0.6511812,-0.7415332,-0.654189,-0.1488798,920.0,373.0,0.0981083,0.0349608,0.0263538,0.0019321,0.0228911,-0.8617871,0.1766978,0.4633161,0.1069535,0.5670488,0.7538096,0.0552656,0.6547647,0.010822510822510822,1.0,0.003673237169517435,289.7842949303469,0.0,256,2.397436330576693e-10,4.139902454120875e-11,5.625660899750732e-11,2.1797068388145802e-06,0.0004036306314336772,6.0239644002475215e-12,24.387458763313546,6.750455999476172,8.396429630643993,3.101043737332395,1.0809838929109337,1.387730000088722,0.05451896058842764,0.0,0.01902306875175381,1.4728887448410302,0.01083726347697326,1.8904454907223962,0.02855808897842517,0.007971268974620338,-0.0007785374023541124,0.6852389318343223,0.499610731298823,621.4888689009192,289.78425457667635,0.6091702314153369,0.6091702874812798,0.609170287691728,0.7614628593515996,1.2465609262353315e-05,751,0.2326,0.2326,0.0143,-0.003456,1047,0.2581,0.2537,0.02132,-0.004204,3,0.0872,0.781,2.9e-05,13.847,0.0971,0.8334,3.8e-05,13.906,0.0604,0.3057,-2.7e-05,13.796,7.9961,1.7317,1.7391,1.7253,0.33044,0.67645,1.59541,0.17328,0.9897,0.9877,0.998,0.4948,3.9819,1.0429,0.1138,5.3499,23.6071,5.9286,81,0.0611,-0.5849,25,0.1657,-0.4251,-2.0,0.1132442,0.1576016,-0.1637738,-0.0154983,-0.021731,0.0645403,0.0698419,205.0,175.0,0.0857104,0.1009776,-0.0817792,-0.0348946,0.0602878,-0.0168569,0.0716687,179.0,195.0,0.0278295,0.0476297,-0.2623971,-0.002391,-0.0110609,-0.0062673,0.012936,171.0,202.0
169,2773,209507,7.020334879058465e-11,0.0036836951241240807,0.0004062849488747972,0.0036836951241240807,0.43923170737210804,9.674396804899876,7.820486737699697,-12.691468197907488,12.094948996609034,0.009432602079472557,12.691468197907488,2.196547740318522e-05,12.5633147240118,5.359587140281531,-5.01732412600062,6.452943879743568,-0.014641889249918928,6.452943879743568,0.16060862441272508,2.187174445166593,1.2864628592279577,0.16048741562952523,1.758973670080603,0.8653289345970092,0.014138592322400254,2.4400898447426673,1.3203445489063799,0.0002902379206496386,1.414192091170099,0.888597102354029,8.358871520519407e-05,-0.706326297900482,0,0,0,0.32735017349968293,0.5238286497882336,894,0.3673,0.13173,1.1983939267631092,-0.12384168861170114,1.513418848931636,0.07249557677539566,0.11774478717912344,1.588274634322756,0.4640122076331851,0.32735572411412484,1.4174556100672253,0.26640799478232574,0.08677464305593499,647,247,36,36,0,0.3563,862,0.5031015801847066,-0.00032,-0.0003200420153086636,139.0,380.0,0.0401963,0.0581931,0.0436789,-0.0142677,0.0357075,0.4610667,-0.1787648,-0.4558449,0.7400447,0.74366,0.7505855,-0.2451782,0.6136033,523.0,374.0,0.0070667,0.0601863,-0.0087821,0.0325299,0.0498705,-0.3006515,-0.3508626,0.8680162,0.1818018,0.6483397,-0.1459146,0.5404876,0.8286025,920.0,373.0,0.100481,0.05311,0.0506698,0.0157294,0.0024146,-0.6261253,-0.351551,-0.2918578,-0.6318212,0.5649117,0.9540536,0.2961669,0.0454636,0.010457987738910927,1.0,0.0037276359796890243,289.7842742860959,0.0,256,3.853534665939225e-10,7.661176169785256e-11,1.0700936825455697e-10,2.892264496923341e-06,0.00041071769062563893,3.0872372112258616e-12,25.643333372400928,7.298138704576525,9.06254331602863,3.106333125928046,1.2113412040175868,1.5008246286216755,0.08752526497120638,0.0,0.017540631377477883,2.320779025846117,0.012873602596318976,1.9614006897381577,0.040812954730794146,0.0006020151867916495,0.00019947196075712322,0.6858318758395623,0.5000997359803786,621.4889352169657,289.784285498141,0.6091702421534636,0.6091702874131159,0.6091702876917126,0.7614628592663948,1.2711852603711018e-05,751,0.2289,0.2288,0.01597,0.010387,1047,0.2627,0.2585,0.02133,0.000975,3,0.086,0.785,2.3e-05,13.847,0.0988,0.8234,-3.2e-05,13.907,0.0604,0.2948,-8.2e-05,13.795,7.9961,1.7317,1.7392,1.7253,0.33011,0.67638,1.59439,0.17366,0.9897,0.9877,0.998,0.4948,3.9816,1.0428,0.1138,5.363,23.5948,5.926,81,0.0834,-0.0194,25,0.0581,-0.7185,-2.0,0.0639222,0.0617783,0.0170561,0.017949,-0.0011567,-0.0160803,0.0241264,205.0,175.0,0.1816368,0.0637373,0.4804886,-0.0107944,0.0746542,0.0970587,0.1229234,179.0,195.0,0.0677002,0.0899989,-0.1414004,0.0039761,-0.0355362,0.0441922,0.056847,171.0,202.0
170,2773,209507,1.0993837503088439e-10,0.0037824682805822404,0.00041433978481622905,0.0037824682805822404,0.4390041685824234,9.674473516339464,7.820607757841407,-12.000498425450065,11.739845385213448,0.01117678805977911,12.000498425450065,0.002540370171718078,12.565301650108825,5.405880563033095,-5.0712178742705705,6.518193937331033,-0.0145075761265376,6.518193937331033,0.1614629924352738,2.182422283472735,1.287120866512129,0.1614629881689177,1.7680907637117462,0.8671002962691409,0.014138606464515879,2.454229392454025,1.3292261845836788,0.0001335167369185264,1.4142099793156282,0.9297510073628211,0.00012419717856315037,-0.7029680678903466,0,0,0,0.33640097964701565,0.5233852859544621,894,0.3679,0.13145,1.2073771318258346,-0.1253301048027206,1.5262760988721291,0.06446439134531706,0.11604168897624367,1.5905954042044281,0.476834919771591,0.3364072221846661,1.417433658751354,0.2741115563737421,0.0872592804162181,645,249,34,34,0,0.3568,862,0.502650971484128,-0.0011,-0.0011004246275159169,139.0,380.0,0.0390709,0.0486322,-0.0170059,-0.0448828,0.0078374,-0.9359262,-0.0891901,0.2039239,-0.272951,0.7425634,-0.3496839,-0.922903,0.1611559,523.0,374.0,0.0084917,0.092761,0.0540541,0.0072267,0.0750368,0.4113819,-0.2539868,-0.59564,-0.6414583,0.644984,0.5827251,0.0779063,0.8089265,920.0,373.0,0.1025446,0.0226858,0.0183755,0.0132031,0.0016326,-0.8921,0.3791462,-0.2421284,-0.0421855,0.5637884,0.8099992,0.5819987,0.0719638,0.010457987738910927,1.0,0.003802013617460628,289.78430217571963,0.0,256,1.2106082199956827e-09,1.7165324729894027e-10,2.490442499244306e-10,2.7253519380904645e-06,0.0004189260479805073,5.461861757131335e-12,24.23941445137322,6.218756382340977,8.01785524826095,3.083689330083505,1.1438933092211392,1.4273867193889849,-0.22401805995205715,0.0,0.007933880963854443,2.8152857735923096,0.01139171918776203,1.7934883904334695,0.01736766211860996,0.0015129831996556502,-0.0011137044617467483,0.6919013996863226,0.4994431477691268,621.4889999521216,289.7843156824771,0.6091702637746694,0.6091702874231791,0.6091702876917173,0.7614628592789738,1.305270187475147e-05,751,0.2254,0.225,0.02176,0.014415,1047,0.2586,0.255,0.02442,-0.000794,3,0.0848,0.7928,-3.3e-05,13.846,0.0973,0.8162,-4e-05,13.907,0.0584,0.2948,-4.3e-05,13.795,7.996,1.7317,1.7392,1.7253,0.33022,0.67519,1.59374,0.17302,0.9897,0.9876,0.9979,0.4948,3.9813,1.0427,0.1138,5.3626,23.5931,5.926,81,0.179,0.2769,25,0.0781,0.8482,-1.0,0.0455213,0.0581735,-0.1220132,0.0165627,-0.000205,0.0064519,0.0177762,205.0,175.0,0.1078924,0.1168863,-0.040012,-0.001376,0.0626246,-0.0103443,0.0634881,179.0,195.0,0.0459901,0.0680856,-0.1936913,0.0004801,-0.0280042,0.0430497,0.051359,171.0,202.0
171,2773,209507,6.599456821859095e-11,0.003919944517689248,0.000419810450941871,0.003919944517689248,0.43878312836103556,9.674516995623707,7.820731967879477,-12.671905966762415,12.249742300120399,0.01438485748514261,12.671905966762415,0.006542744717479322,12.565325377413396,5.415856510110417,-5.1363366414275315,6.585463152390584,-0.014384603166778673,6.585463152390584,0.1615115777163682,2.179357102361681,1.2874469050610806,0.1637455264304029,1.7716703962788332,0.8595382028844601,0.028280654605506463,2.4683713069825517,1.3382812606479113,0.0004550584859718265,1.4142102219937263,0.9082686179392836,0.00018609813358817402,-0.6995445526652248,0,0,0,0.34353438935201663,0.5228041348386283,894,0.3693,0.13098,1.2137476431226002,-0.12928201925036217,1.5346507049894058,0.05496097332728634,0.11758225262212538,1.5851339912131421,0.48677447570843674,0.34354213388145677,1.4169280204692563,0.28017112765882424,0.08413288320947905,645,249,40,40,0,0.3582,862,0.5020417987384119,-0.011154,-0.011153692165189577,139.0,380.0,0.0388179,0.0294857,0.0131071,0.0169658,0.0202429,-0.6314509,0.5590619,-0.2225068,-0.4890913,0.7416709,0.4445246,0.5753894,0.6865311,523.0,374.0,0.0056808,0.0334185,-0.0164732,0.0144954,0.0252054,-0.1627817,0.0419753,-0.6043196,0.7788055,0.6420767,-0.4929378,0.4337526,0.7542354,920.0,373.0,0.1026234,0.0847677,0.0492274,-0.0690083,0.000308,0.7875961,-0.4615074,-0.3512972,0.2080711,0.5642515,0.5807326,-0.8140863,0.0036337,0.010457987738910927,1.0,0.003867113911044229,289.78434030974483,0.0,256,1.1716874033752393e-09,1.679165454132312e-10,2.4607117003517467e-10,3.1308975288038545e-06,0.00042408560979475597,-2.8617928255056305e-11,23.387475931581477,6.25681151514675,7.874320028669281,3.1121231667226676,0.9954007985455783,1.3329822140938492,0.042136684083207844,0.0,0.012907777568906877,1.5077600312339379,0.030473340082268652,2.391917457503699,0.02416554964690865,-0.0023076659664633577,-0.0005606306097907892,0.6975521820273597,0.4997196846951048,621.4890715425172,289.7843490632349,0.6091702566430137,0.6091702874109409,0.6091702876916713,0.7614628592636761,1.3527109142922908e-05,751,0.2268,0.2262,0.02337,0.015663,1047,0.2546,0.2509,0.01953,-0.000247,3,0.0855,0.7978,2.4e-05,13.846,0.0961,0.812,5.6e-05,13.907,0.0579,0.2959,-3.4e-05,13.796,7.996,1.7316,1.7392,1.7253,0.3308,0.67465,1.58892,0.17294,0.9897,0.9876,0.9979,0.4948,3.981,1.0427,0.1137,5.3893,23.5703,5.9207,81,0.1476,0.6316,25,0.211,0.9677,0.0,0.0456988,0.0858924,-0.3054433,0.0100968,-0.0579539,-0.0143092,0.0605421,205.0,175.0,0.0407315,0.0865538,-0.359997,0.0548824,-0.0169791,-0.0111869,0.0585279,179.0,195.0,0.1191335,0.0683091,0.2711467,-0.0051545,-0.0524721,0.0232585,0.0576268,171.0,202.0
172,2773,209507,5.482795111531928e-11,0.00393465810640564,0.00042445773165018737,0.00393465810640564,0.438568783000632,9.674548961233516,7.8208597590996,-11.970129237626749,13.079573025581636,0.015248043023213663,13.079573025581636,0.003619874978842816,12.566093366239716,5.422430415495616,-5.190608380742318,6.66306641905903,-0.014692868192014055,6.66306641905903,0.1615487259469194,2.1783611489602457,1.2877355158083255,0.09067245777625843,1.774293139038887,0.8598289522381899,0.04179115297142356,2.482513287730209,1.3472717424486678,0.0001077259194675051,1.4142093008923817,0.9314647149174757,0.00024306653684986893,-0.6959459225378426,0,0,0,0.3490446720212057,0.5222989006943239,894,0.3674,0.13302,1.2218858375618689,-0.13214574856692926,1.5418819482874357,0.03203037945478555,0.11802095257637452,1.5756927827387786,0.4946473571086493,0.34905332910634873,1.4171111284772802,0.28501327274239985,0.0845304216609823,640,254,38,38,0,0.3563,862,0.5015058764656315,-0.013338,-0.01333801737880691,139.0,380.0,0.0394055,0.0490966,0.0153511,-0.0460004,0.0076665,0.1793252,-0.5055562,0.797185,-0.2770404,0.7413015,0.3126714,-0.9369384,0.1561508,523.0,374.0,0.0060114,0.0474784,-0.001158,0.0433224,-0.0193914,0.056684,0.4442087,-0.4125287,0.7932753,0.639111,-0.0243902,0.9124655,-0.4084261,920.0,373.0,0.1012141,0.0477747,-0.0200737,0.0309914,-0.030315,0.856778,0.4594414,-0.1500356,-0.1798177,0.5640366,-0.4201741,0.6486995,-0.6345412,0.010457987738910927,1.0,0.004022900498024417,289.7843681670909,0.0,256,5.812684632801611e-10,8.302114787223872e-11,1.1787026444386447e-10,2.144610299095052e-06,0.0004287121101516913,-2.2147523064969687e-12,25.01088354343746,6.91009718550422,8.582237404799992,3.125971854685202,1.1217915831103238,1.4296901054671238,0.13758826375525743,0.0,0.014065033291436033,2.326987287802064,0.018216859139352524,2.5410951444832404,0.013451379811415098,-0.0005304925181360263,-0.0006153298947276452,0.6874486469249754,0.49969233505263627,621.4890550284059,289.7843413631301,0.609170238224138,0.6091702873887721,0.6091702876916222,0.7614628592359651,1.3577883773488994e-05,751,0.2309,0.23,0.0223,0.016649,1047,0.2549,0.2513,0.01758,-0.004629,3,0.0867,0.7937,0.000143,13.846,0.0958,0.8197,2.8e-05,13.908,0.059,0.3021,3.9e-05,13.795,7.9963,1.7316,1.7393,1.7252,0.33103,0.67505,1.58452,0.17329,0.9897,0.9876,0.9979,0.4948,3.9808,1.0426,0.1137,5.4025,23.5581,5.9179,81,0.1075,0.9329,25,0.2292,0.8011,-2.0,0.0488339,0.0724311,-0.1945923,-0.0117775,0.013581,0.0312257,0.0360306,205.0,175.0,0.08783,0.0522775,0.2537514,0.0209917,0.0423881,0.0276054,0.0547673,179.0,195.0,0.1222812,0.0611475,0.3332829,0.0077565,0.0643661,-0.0639609,0.0910723,171.0,202.0
173,2774,209508,0.0,0.004107909430717437,0.0004298693194230213,0.004107909430717437,0.4405884062746488,9.675653298904809,7.820852263751593,-11.331767941450973,12.576287433876486,0.015684794876959056,12.576287433876486,0.002958796666840513,12.56381605037264,5.410418260807296,-5.238400367163121,6.741016043806637,-0.01491051544076806,6.741016043806637,0.1617336529264128,2.1760172588098725,1.2880449708972355,0.11069037735944409,1.7798619246688707,0.8609201130542847,0.0,2.4966551967737907,1.3559031580379692,0.000900424896240759,1.4142094061145372,0.959214418578922,0.00030523050097378386,-0.6922683897825889,0,0,0,0.35518495610613005,0.5220940236407228,895,0.3693,0.13748,1.2295370047165393,-0.13288263282103205,1.5501332597508974,0.04589264633310546,0.12102145394231209,1.5673019495578056,0.5035153722163097,0.3551959255891304,1.417570799499391,0.2903317632105008,0.08496692473167371,640,255,41,41,0,0.3581,863,0.5013100561040688,-0.008163,-0.008163430643853609,139.0,380.0,0.0408411,0.0294366,-0.0272385,-0.0107885,-0.002861,-0.5235755,0.1784304,-0.119851,0.8244192,0.7406407,-0.9253278,-0.3665001,-0.0971909,523.0,374.0,0.0068751,0.0461641,0.032898,-0.0275032,-0.0171003,0.2442086,0.5687029,-0.6007133,-0.5060461,0.6365176,0.7126321,-0.59577,-0.3704235,920.0,373.0,0.1008572,0.0492165,-0.0059908,-0.0039316,-0.0486921,0.6474241,0.7418815,0.0455808,-0.1684526,0.5637815,-0.1217226,-0.0798842,-0.9893443,0.010457987738910927,1.0,0.004027961944962717,289.78436580727805,0.0,256,2.772431613438234e-10,4.548489688266774e-11,6.451186313616555e-11,3.146820807594597e-06,0.00043467265416879025,4.928137371238109e-12,31.775289005209935,7.152236470838916,9.032231137325464,3.0657396149379608,0.9438932049093043,1.247064691338455,0.05641581822985442,0.0,0.02003571414607535,2.3319864236891714,0.016242822339789312,1.7601687307991052,0.01788481364952124,0.0003748017276281991,-0.0013243317141535282,0.6860406932311593,0.4993378341429233,621.4890692766525,289.78434800672056,0.6091702525690258,0.609170287409041,0.609170287691728,0.7614628592613012,1.4175746409264893e-05,751,0.2356,0.2345,0.01996,0.00991,1047,0.2562,0.2526,0.02032,-0.000219,3,0.089,0.7807,0.000108,13.847,0.0969,0.8242,6.8e-05,13.909,0.0605,0.2896,8.4e-05,13.795,7.9963,1.7316,1.7394,1.7251,0.33097,0.67545,1.58114,0.17284,0.9897,0.9877,0.9979,0.4946,3.9797,1.0423,0.1137,5.374,23.5836,5.926,81,0.0892,0.6669,25,0.0991,0.577,-2.0,0.0921355,0.1153895,-0.1120539,0.0353125,0.0061396,-0.0925838,0.0992796,205.0,175.0,0.0454346,0.0665048,-0.1882286,-0.0261191,-0.0172891,0.0107374,0.0331121,179.0,195.0,0.0228229,0.0969995,-0.6190547,0.0140395,0.0212544,0.0323706,0.0411911,171.0,202.0
174,2778,209514,0.0,0.004119340651534399,0.0004375059572729046,0.004119340651534399,0.4358072304920227,9.67221769854553,7.8207258307100584,-13.097119968654905,12.376470473873345,0.01691474384750808,13.097119968654905,0.0016980135768695087,12.56597791814275,5.421596123276358,-5.273215374516943,6.810097279253362,-0.015800580099582004,6.810097279253362,0.16256923292888292,2.1704734654024755,1.2884837333913588,0.17441465058941139,1.7899389601105478,0.8668056789352647,0.0,2.51079395762975,1.3629554942806175,0.00012260106938466464,1.414190443479095,0.8970156186676722,4.378173755359677e-07,-0.6885084376803685,0,0,0,0.3649424674737951,0.5215746382895194,895,0.3739,0.14419,1.2384631243133224,-0.13340169310646113,1.5629204963381613,0.041840255307374605,0.1158967890634178,1.571834493913389,0.5166779840674067,0.364954438480163,1.4157328411159755,0.2983277759116468,0.0734305875588916,647,248,36,36,0,0.3627,863,0.5007708580145003,-2.6e-05,-2.555342073606859e-05,139.0,380.0,0.0394208,0.0746387,-0.0531988,0.0511995,-0.0109283,-0.8224708,-0.1574095,-0.514574,-0.1843303,0.741765,-0.7127513,0.6859651,-0.1464154,523.0,374.0,0.0091715,0.0995786,0.0061808,-0.0941886,0.0317207,-0.1956293,0.2410806,0.9067239,-0.2854137,0.6335202,0.0620693,-0.9458718,0.3185496,920.0,373.0,0.1036558,0.0655526,-0.0342708,-0.0182319,0.0528228,-0.756598,0.5985629,-0.1060557,0.2409028,0.5627142,-0.5227991,-0.2781266,0.8058081,0.010814708002883922,1.0,0.004215329787427815,289.7843700191855,0.0,256,6.033821976797773e-10,8.386928823536842e-11,1.284283777886421e-10,2.794835389093417e-06,0.00044373475670466306,1.0293296169147286e-11,36.989714586130255,9.291853511904215,12.79580616367421,3.100572823369537,1.2387608069043834,1.5430716308039982,-0.17134633437639502,0.0,0.021621489550694605,0.18550262955932362,0.021692385078076883,1.7688233798013304,0.038520006689099655,0.004049510096562686,0.0015229579862757628,0.685063522805902,0.5007614789931379,621.4891941082309,289.7844062124708,0.6091702213583934,0.6091702874016169,0.609170287691728,0.7614628592520212,1.4215190890962182e-05,753,0.2376,0.2363,0.02255,0.024453,1049,0.2556,0.252,0.01995,0.003339,3,0.0909,0.7835,7.8e-05,13.846,0.0979,0.8264,-1e-05,13.909,0.0609,0.2975,-5.6e-05,13.794,7.9963,1.7316,1.7395,1.7251,0.33078,0.67443,1.58154,0.17261,0.9897,0.9876,0.9979,0.4946,3.9823,1.043,0.1138,5.4045,23.6197,5.9312,81,0.0841,0.0118,25,0.0976,-0.8115,-1.0,0.0974301,0.0517552,0.3061624,-0.0226555,0.0156968,0.005752,0.0281557,205.0,175.0,0.0647895,0.1377614,-0.3602645,-0.0155032,0.035817,-0.0037764,0.0392106,179.0,195.0,0.1053726,0.0972277,0.0402018,0.0289301,0.0412063,0.0610552,0.0791369,171.0,202.0
175,2778,209514,5.014219122640626e-11,0.004186236815457346,0.00044409913227422493,0.004186236815457346,0.43559193423181936,9.672181264358356,7.820860384497392,-11.584997471018344,11.896750319068012,0.01817753665061496,11.896750319068012,0.00046210878182670985,12.566242948225801,5.439264669443721,-5.378082192643964,6.8705281779932275,-0.01608693469992908,6.8705281779932275,0.16273373676345912,2.1659306693095157,1.2888980726998087,0.15227262584964785,1.7967261746600094,0.8578895986207918,0.014141140738606419,2.524935823751388,1.3722451187269882,0.0018361281799579299,1.414191537940058,0.8969902588707982,2.327308121185206e-06,-0.6847645583327603,0,0,0,0.3742939950133148,0.5210205488963799,895,0.3742,0.14477,1.2429022384955979,-0.13702739114066628,1.5719942941842406,0.05519213196531942,0.11179832177827273,1.5701475667430955,0.5286961839256014,0.37430809925650493,1.4124625808946167,0.30563774071383876,0.07334439724548543,646,249,40,40,0,0.3622,864,0.5007686269606486,-0.012082,-0.012081651308104124,139.0,380.0,0.0373284,0.0593933,0.0376535,-0.0145316,-0.043573,-0.9170264,0.1853862,-0.3435664,-0.0815883,0.7446405,0.6339687,-0.244667,-0.7336359,523.0,374.0,0.0094879,0.0692592,0.0020914,-0.006942,0.0688787,-0.7627721,-0.5356213,0.2738984,0.2372093,0.6315667,0.0301974,-0.1002328,0.9945057,920.0,373.0,0.1032796,0.0921494,-0.0454066,0.0769858,0.0224266,0.783915,0.3280874,-0.2914056,-0.4392252,0.562214,-0.4927498,0.8354447,0.2433717,0.01079913606911447,1.0,0.0042195523851494025,289.78442443299826,0.0,256,6.103101998930475e-10,8.349721872781574e-11,1.3262266023682686e-10,3.170585018112269e-06,0.0004504569585058729,-1.8464734554591403e-12,46.35047960087215,9.729235670758428,13.92415274141274,3.1169494225513024,1.258435005396663,1.5947458257130205,0.0786679795722455,0.0,0.011116252801737433,2.8910993365486792,0.008881273506045183,1.8026165713163098,0.024701188667639873,0.003094903351477903,0.0012322603896343539,0.6871817062241378,0.5006161301948172,621.4892539174658,289.7844340999768,0.6091702439900565,0.6091702873880598,0.6091702876917218,0.7614628592350747,1.4446037546699548e-05,753,0.2309,0.229,0.03474,0.006306,1049,0.2562,0.2514,0.01304,0.005511,3,0.0885,0.7785,3e-05,13.846,0.0981,0.8185,4.8e-05,13.91,0.0593,0.2766,-5e-06,13.794,7.9964,1.7315,1.7395,1.7251,0.33116,0.67403,1.57738,0.17277,0.9897,0.9876,0.9979,0.4946,3.982,1.0429,0.1138,5.4041,23.6178,5.9311,81,0.1004,-0.7833,25,0.1808,-0.8368,-1.0,0.0319915,0.0920968,-0.4843751,-0.0129269,0.0177816,0.0216796,0.0308754,205.0,175.0,0.0754065,0.0649219,0.0747146,0.0116211,0.0005218,0.0057223,0.012964,179.0,195.0,0.1386968,0.0418156,0.5367013,-0.0389865,0.0489553,-0.0016378,0.062604,171.0,202.0
176,2779,209515,0.0,0.004278866413660005,0.00045176960186196747,0.004278866413660005,0.43423196317534146,9.673160791709751,7.820722318246727,-12.010615266595563,11.311263844243426,0.015592416084015426,12.010615266595563,0.0025577898089544247,12.565912328562375,5.4565429754259505,-5.4315395015624715,6.8930583461060415,-0.015216053654220992,6.8930583461060415,0.16360568467618405,2.160564620180312,1.2895385051625436,0.08641875245648856,1.8060978073622973,0.8610084667862004,0.0,2.5390754023580695,1.3807454669848966,0.0001832550116506182,1.414207439641542,0.9293406533104159,5.398789550524191e-06,-0.6809027569755832,0,0,0,0.38332483863273126,0.5206202016426421,895,0.3705,0.14529,1.253425514839451,-0.1383145918002061,1.5844640992949832,0.031052060107819933,0.1097414113431419,1.5667156308917558,0.5414139341466692,0.3833401731870965,1.412358975176916,0.31331580493868977,0.07023057266286122,642,253,37,37,0,0.3582,864,0.5003543425885669,0.005562,0.005561739761538176,139.0,380.0,0.0336288,0.0303015,0.0293756,0.0072085,-0.0018146,0.5762402,0.79023,0.1855098,-0.0952361,0.745766,0.9694435,0.2378932,-0.0598842,523.0,374.0,0.0137245,0.0107064,-0.0011288,-0.0024208,-0.0103678,-0.6941434,-0.1937654,-0.3470138,0.6001677,0.6286264,-0.1054357,-0.2261075,-0.9683794,920.0,373.0,0.1084894,0.0339635,0.0209996,0.025607,0.0075377,-0.719921,0.260618,-0.2738409,-0.582068,0.5594454,0.6182989,0.7539569,0.2219355,0.01079913606911447,1.0,0.004315685735817539,289.7844550677506,0.0,256,5.413872938711454e-10,9.802244350731564e-11,1.4569902236280771e-10,2.4607713767079283e-06,0.00045819499603676667,-2.5394777186571912e-11,17.993205695179405,5.384235461894363,6.536338840827579,3.130535420754825,1.2176970852555704,1.5646046789310428,0.006752035824866748,0.0,0.013412619793793221,1.0166813414130003,0.01756232663363629,1.6761844030120616,0.018294084138589344,0.002547802736597633,-0.00267294430884983,0.6911259713391142,0.4986635278455752,621.4891961696272,289.78440717364685,0.6091702546244778,0.6091702873624298,0.609170287691728,0.7614628592030372,1.4765688931965167e-05,753,0.2284,0.2262,0.04556,0.016806,1050,0.254,0.2491,0.01945,0.001074,3,0.0867,0.777,2.7e-05,13.846,0.0963,0.8052,-5e-05,13.911,0.0581,0.2524,-5.7e-05,13.794,7.9967,1.7315,1.7396,1.725,0.33066,0.67443,1.57668,0.17235,0.9897,0.9876,0.9979,0.4944,3.9805,1.0425,0.1137,5.5375,23.5146,5.9074,81,0.1259,-0.994,25,0.2216,-0.4975,0.0,0.0754182,0.0982003,-0.1312193,-0.0229547,-0.026515,-0.0734379,0.0813823,205.0,175.0,0.0549472,0.0457753,0.0910616,0.0047562,-0.0469179,-0.0152286,0.0495562,179.0,195.0,0.0103656,0.0761621,-0.7604105,-0.0241703,-0.0249258,0.0034852,0.0348948,171.0,202.0
177,2779,209515,1.994359983667954e-11,0.00433790605110386,0.0004587141131484146,0.00433790605110386,0.4340328323622334,9.672994879590492,7.820857785002039,-12.17570872241549,12.943871860944133,0.010315926687463377,12.943871860944133,0.0022687379331678414,12.565000608958877,5.472439783592229,-5.437634230218249,7.007213184091342,-0.015226459130107957,7.007213184091342,0.16448882090177883,2.1548360102127813,1.290006724524992,0.12310990028211188,1.8156634869444022,0.8574258137055257,0.014141473449984907,2.5532139591148697,1.3896684618564363,0.0004492134086392374,1.4141906807220697,0.9060347656484684,1.0647632438524687e-05,-0.6769878647403048,0,0,0,0.39154633561989916,0.5201317509280786,895,0.3703,0.14949,1.2625969599960918,-0.13887807173757263,1.5967989346920866,0.03234209410686588,0.1134883216112628,1.565304448539289,0.5534616966482345,0.3915660584212027,1.4134567712017643,0.32062568439261335,0.0701284801247508,642,253,34,34,0,0.358,864,0.4998525465023714,0.004334,0.004333824168323286,139.0,380.0,0.0315133,0.046834,-0.0020391,0.0407502,0.0229933,-0.3352284,-0.220089,0.6708905,0.6237698,0.7460725,-0.043538,0.870098,0.490952,523.0,374.0,0.0152406,0.0260921,-0.0009486,-0.0255619,0.0051465,-0.3539785,-0.1752178,0.0547545,0.9170605,0.6241937,-0.0363574,-0.9796802,0.197243,920.0,373.0,0.1186562,0.0161078,-0.0036956,0.0075951,-0.0137157,-0.1342621,0.1176013,0.4056273,0.896443,0.5553308,-0.2294274,0.4715131,-0.8514919,0.011155091759625764,1.0,0.004398227161340992,289.784425686679,0.0,256,4.845633810055135e-10,8.53719399881462e-11,1.1541621147072886e-10,2.8178405585289127e-06,0.00046687852999534806,-1.7517747943995436e-13,23.42607011343437,6.368685485538208,7.831549442699105,3.1279884573079544,1.0265641503505798,1.327265975584221,0.07845556638211638,0.0,0.01124303164463955,0.6136582644625772,0.012937031119943833,0.11446386085631857,0.011257188443932016,-0.0009107990788024363,-0.003580402662122866,0.6950783489885576,0.49820979866893866,621.4893544937019,289.78448099608556,0.6091702403222751,0.6091702873803269,0.6091702876916991,0.7614628592254086,1.496942153766494e-05,753,0.2277,0.2253,0.04385,0.016476,1050,0.2535,0.2486,0.02408,0.00433,3,0.0865,0.7697,-2.9e-05,13.847,0.0962,0.8124,-7.2e-05,13.912,0.0579,0.253,-6.3e-05,13.794,7.9968,1.7315,1.7396,1.725,0.33067,0.67382,1.57564,0.17342,0.9897,0.9876,0.9979,0.4944,3.8855,1.074,0.1137,5.5507,23.5024,6.0487,81,0.1105,-0.583,25,0.1501,0.4497,-1.0,0.0253547,0.0837967,-0.5354212,0.0158112,-0.0192496,-0.0286564,0.0379701,205.0,175.0,0.0931028,0.0653296,0.1752998,0.0532689,-0.0416691,0.035804,0.0765233,179.0,195.0,0.0443974,0.0279799,0.2268321,0.0118934,0.0076893,-0.0328229,0.035748,171.0,202.0
178,2779,209515,1.5664916051467848e-10,0.004397207454405979,0.0004655968355895487,0.004397207454405979,0.4338362733949668,9.672756253706497,7.820994635820627,-12.9186313240383,12.595832831947043,0.015483981840268996,12.9186313240383,0.001794186186743612,12.56573304447462,5.442266248350564,-5.46353879916343,7.062686203246451,-0.015479130245923192,7.062686203246451,0.1654430837891165,2.1491699944648213,1.290559155738957,0.19692385840104643,1.8249505589829977,0.863435969717958,0.014141487592100531,2.5673533097463332,1.39859678431087,0.001137644149451833,1.4142066600442165,0.8772225648622863,1.7153316252544067e-05,-0.672884433276646,0,0,0,0.3989212446881877,0.5196918203721098,895,0.3693,0.1478,1.2720122069039441,-0.14042438789232628,1.6098684977999824,0.049859036948823925,0.11481912483411212,1.5627570561086803,0.5650816263065699,0.39894400379621525,1.4164434630661085,0.3275766577508091,0.07032886428179169,637,258,35,35,0,0.3569,864,0.49940799463810087,0.011921,0.011920952049756295,139.0,380.0,0.0294199,0.0690894,-0.0393872,-0.0228644,0.0519539,0.7849885,-0.5858008,0.1072145,-0.1706913,0.7451947,-0.5700912,-0.3309391,0.7519809,523.0,374.0,0.0184202,0.0438353,-0.0355422,0.0201911,0.0158304,0.3604166,0.6519859,0.0388904,-0.6659593,0.6211374,-0.8108128,0.4606137,0.3611339,920.0,373.0,0.1201044,0.0305424,-0.0044918,0.0287007,-0.0094304,0.9323411,0.087338,-0.0773861,0.3422332,0.5523227,-0.1470672,0.9397003,-0.3087629,0.011155091759625764,1.0,0.004469100077899216,289.78450489475426,0.0,256,1.1738333519720252e-09,2.3167086564397214e-10,3.355891269423398e-10,3.2477276531124543e-06,0.00047451647774624645,-1.8873500650252153e-11,23.50524552821959,6.436805679139467,7.941170626643602,3.1382866070258393,1.1689157923896834,1.6090210947280161,-0.19164695518925637,0.0,0.019105960895742704,1.977262336683119,0.00829496105844009,2.928151378573567,0.04294890565874282,0.0031466440174077676,0.0019511101012132384,0.6912478365816211,0.5009755550506066,621.4894125135108,289.78450804922835,0.6091702597687658,0.6091702873924663,0.6091702876916473,0.7614628592405828,1.5174059800529382e-05,753,0.2301,0.2278,0.0448,0.014133,1050,0.2499,0.2449,0.02693,0.003054,3,0.0875,0.7562,-4.5e-05,13.847,0.0948,0.8209,-0.000113,13.913,0.0577,0.2472,-0.000143,13.794,7.997,1.7315,1.7397,1.7249,0.33015,0.67293,1.57502,0.17157,0.9897,0.9876,0.9979,0.4944,3.8852,1.074,0.1137,5.591,23.4694,6.0407,81,0.1698,-0.1044,25,0.2074,0.9565,0.0,0.0487311,0.0913711,-0.3043495,0.0125352,0.00024,-0.0161264,0.0204267,205.0,175.0,0.0651496,0.1254785,-0.316474,0.0352597,-0.0805115,0.011804,0.088683,179.0,195.0,0.0267456,0.075379,-0.4762161,-0.0107506,-0.0209977,0.0340435,0.0414179,171.0,202.0
179,2779,209515,6.875898912932816e-11,0.00441520502186249,0.0004698474166059449,0.00441520502186249,0.4336425474703119,9.672481290876961,7.821136024815383,-12.114305214384062,11.28687135122264,0.01957178127035697,12.114305214384062,0.0007344765434256343,12.562691966889513,5.4560224400201065,-5.505829800147159,7.169579789556374,-0.015401217249576398,7.169579789556374,0.16581979907631977,2.1462067756593783,1.2907905735441076,0.1590572168677562,1.8278238513312912,0.8607214898329628,0.028283553656698303,2.581495055727777,1.4074767777622141,7.721078322731056e-05,1.4142090015492856,0.8833633814294932,2.2196034747519504e-05,-0.6687082581767037,0,0,0,0.40035570962545886,0.5191654169461771,895,0.3662,0.14592,1.2776306973586533,-0.1434743040617468,1.6155594090624572,0.01194799324102601,0.11892860966183934,1.556469847807371,0.5685435137734515,0.400379949896593,1.4200099528467658,0.32977001581409493,0.07035888657639548,633,262,35,35,0,0.3537,864,0.4988721707889371,0.003656,0.00365555543868723,139.0,380.0,0.0281826,0.0349494,0.0006171,0.0073075,0.0341714,-0.1669011,0.0762546,-0.7093796,0.6805217,0.7440383,0.0176574,0.2090877,0.9777375,523.0,374.0,0.0180299,0.0724577,-0.0048372,-0.0721298,-0.0049002,-0.4467734,-0.5285434,0.7050691,0.154638,0.6178948,-0.066759,-0.9954746,-0.0676287,920.0,373.0,0.1231581,0.0672766,0.0206982,-0.0270829,-0.0580021,0.3116791,0.5777777,0.6900845,0.3046512,0.5517084,0.3076582,-0.4025599,-0.8621438,0.011155091759625764,1.0,0.004479503681860659,289.78453795597096,0.0,256,3.950202652307224e-09,5.191101471539586e-10,8.259683087016411e-10,2.4379894201869156e-06,0.00047838845884415435,-1.5243272238929815e-10,22.80513821703026,6.0142962985399455,7.542846315527446,3.1412725553627503,1.1991314853222388,1.4903466927119444,0.08328463766455446,0.0,0.024646419045379585,2.393068828694027,0.011750303169297207,2.6243327930582767,0.042132745478694424,-0.002118992574143891,0.0012263249384042013,0.6896939256064171,0.5006131624692022,621.4894144481285,289.7845089512907,0.6091702291497088,0.6091702873506278,0.6091702876915793,0.7614628591882847,1.5236166480536863e-05,753,0.2313,0.229,0.04839,0.001627,1050,0.2476,0.2431,0.03064,0.003021,3,0.0873,0.7526,-7e-06,13.846,0.0933,0.8249,-3.4e-05,13.913,0.0575,0.2486,-9.4e-05,13.793,7.9969,1.7314,1.7398,1.7249,0.32988,0.67204,1.57106,0.17324,0.9897,0.9876,0.9979,0.4944,3.885,1.0739,0.1137,5.6042,23.4575,6.038,81,0.1729,0.1049,25,0.2447,0.994,-2.0,0.1218757,0.1176262,0.0177429,-0.0278467,0.1112294,-0.0040007,0.114732,205.0,175.0,0.1433678,0.0453234,0.5196024,0.0263013,-0.070556,0.0268601,0.0799461,179.0,195.0,0.0984611,0.06036,0.2398995,0.0384181,-0.0377754,-0.0092901,0.0546739,171.0,202.0
180,2779,209515,4.77720681500438e-12,0.0044136352533342745,0.00047403178950915735,0.0044136352533342745,0.433450596305383,9.672172824442026,7.821279914150391,-12.39926374023009,11.361173687563811,0.02090510553351572,12.39926374023009,0.0023336393475279493,12.565675123018655,5.447008447521444,-5.60092496719517,7.258549024048239,-0.0155799530799944,7.258549024048239,0.16620029875264247,2.1448025798934096,1.2909850169422903,0.11141060266403913,1.830562044785209,0.8561392394392889,0.041844950200095536,2.595636884313039,1.4165130721210764,0.0006404148286960343,1.41420972881214,0.9150541962433631,4.2546012182145824e-05,-0.664408924251856,0,0,0,0.40009539230103347,0.5187027260502495,895,0.3633,0.14796,1.2845836039015226,-0.1426243940246398,1.6188219049303347,0.035818040291571124,0.12164831888698317,1.5469595777334968,0.5699961506698957,0.4001214059047372,1.4245580022919422,0.33075097595163866,0.0706136953514544,632,263,36,36,0,0.3508,864,0.49839388304634713,0.001187,0.0011866734089802655,139.0,380.0,0.0291471,0.0404257,-0.0091742,-0.0393583,0.000997,0.6395871,-0.2642937,0.6743178,-0.257629,0.7423219,-0.2269407,-0.9735963,0.0246625,523.0,374.0,0.0165361,0.0510613,0.0058613,0.0393697,-0.0319832,0.4433907,0.1934008,0.6376265,-0.5995275,0.6142548,0.1147905,0.7710284,-0.6263692,920.0,373.0,0.1268121,0.058255,-0.0108996,-0.0227544,-0.0525079,-0.07942,-0.3075114,-0.9193954,-0.2320375,0.5506604,-0.1871019,-0.3905994,-0.9013462,0.011155091759625764,1.0,0.004469707340645394,289.784530550595,0.0,256,1.1212100135402333e-09,1.8159756445798229e-10,2.8158679413748745e-10,4.052642351462983e-06,0.0004826029417179787,3.3937856781520783e-11,22.736328322363818,5.858964823296699,7.400891978674642,3.132802465243004,1.0818212216044638,1.4544712051216986,-0.1391288907898717,0.0,0.022838472106821977,1.3506005943454342,0.008386076705242228,1.713695029631865,0.029962891355812583,-0.002123265820756855,0.0008687431565745252,0.6891587848056244,0.5004343715782874,621.4893808933473,289.7844933055604,0.6091702475530631,0.6091702873846565,0.6091702876915915,0.7614628592308206,1.5230750282694944e-05,753,0.2332,0.2312,0.04622,0.000882,1050,0.2485,0.244,0.03306,-0.001541,3,0.0875,0.7512,4.1e-05,13.846,0.0931,0.8275,-7.4e-05,13.915,0.0582,0.251,-0.000114,13.793,7.9969,1.7314,1.74,1.7247,0.32949,0.67096,1.56778,0.17239,0.9897,0.9876,0.9979,0.4944,3.8848,1.0738,0.1137,5.6038,23.4561,6.0379,81,0.1037,0.3467,25,0.1781,0.9687,-1.0,0.0671708,0.1045062,-0.2174749,0.0640602,0.0210339,0.0368251,0.0768259,205.0,175.0,0.0465855,0.0746557,-0.2315233,-0.0069523,0.0079597,0.0331313,0.034776,179.0,195.0,0.1018865,0.0821884,0.1070109,-0.0597988,0.027677,-0.0378144,0.0759727,171.0,202.0
181,2779,209515,5.698655355010405e-11,0.004444743581205574,0.000478393886995955,0.004444743581205574,0.4332627757052135,9.671832837361888,7.821428833282981,-12.492991264547113,11.42122069212541,0.021315712429083093,12.492991264547113,0.0006133248848279038,12.566147649304623,5.459076509094084,-5.701089416989913,7.348633796330557,-0.015871600719351276,7.348633796330557,0.1664142170525683,2.1418114866257167,1.2913422265984615,0.14924517395486647,1.8350627673870783,0.8585375535158823,0.055697018174609994,2.609778824396767,1.4256475474875845,0.00033544165833077066,1.4142098210486929,0.9074033807374239,9.093264170125362e-05,-0.6600412367527129,0,0,0,0.40277681545774036,0.5182353792399733,895,0.3636,0.14392,1.2895084978425906,-0.14336271092940922,1.6247961293358286,0.09237430753268742,0.11908166839065577,1.5435502008144455,0.5749503559648402,0.4028040548895749,1.4273698315238106,0.3337959838541501,0.07095507249493406,634,261,34,34,0,0.3511,864,0.4979227305346013,0.001236,0.0012360093078553902,139.0,380.0,0.0297871,0.1061745,-0.0620739,0.0795569,0.0330236,0.2389081,-0.6360681,-0.7329432,0.0336827,0.7407549,-0.5846407,0.749303,0.311031,523.0,374.0,0.0149084,0.0686302,-0.0058303,0.0211722,0.065022,-0.2907826,0.0374249,0.2317157,-0.927552,0.6104806,-0.084952,0.3084963,0.9474245,920.0,373.0,0.1281531,0.0871572,-0.0023321,-0.0079592,-0.0867617,0.0921451,-0.3314848,0.1563603,0.9258394,0.5491469,-0.0267578,-0.0913196,-0.9954621,0.011155091759625764,1.0,0.0045184263166749014,289.78451400057395,0.0,256,7.871033186487246e-10,9.397091090042135e-11,1.628416289310646e-10,4.228884055102501e-06,0.0004870060243850217,6.385762344581063e-12,20.450452870085115,5.894829167067831,7.210581948891267,3.136394634064372,1.0756856802051034,1.3513329415366664,-0.1632709000609937,0.0,0.01158227053362289,1.837056178900399,0.020785268874645567,1.2597299652320817,0.04243999490970076,-0.0009174561870966469,0.002318031239598396,0.6963426519830683,0.5011590156197994,621.4893969317228,289.78450078384185,0.6091702585158651,0.6091702873409649,0.6091702876914964,0.761462859176206,1.533809975751957e-05,753,0.2309,0.2289,0.04547,0.004018,1050,0.2452,0.2407,0.02941,0.006134,3,0.0867,0.7556,-9e-06,13.845,0.092,0.8241,-7.5e-05,13.915,0.0568,0.2516,-0.000115,13.792,7.9968,1.7313,1.7401,1.7247,0.32906,0.66996,1.56421,0.17237,0.9898,0.9876,0.9978,0.4944,3.8846,1.0738,0.1137,5.59,23.4653,6.0406,81,0.0402,0.9923,25,0.0945,0.6076,-1.0,0.1213306,0.0948965,0.1222518,-0.0070658,0.0227965,-0.0141908,0.0277666,205.0,175.0,0.0713015,0.0710337,0.0018814,-0.0188718,-0.0004752,-0.0002296,0.0188792,179.0,195.0,0.1228471,0.0419084,0.4912654,-0.0072265,-0.0081755,-0.0505539,0.0517181,171.0,202.0
182,2781,209518,0.0,0.004465078039288343,0.00048170620425881525,0.004465078039288343,0.43792017193744487,9.673861994024055,7.821500518833921,-11.875663061653837,12.878429174408204,0.021182841615481385,12.878429174408204,0.002739556788718778,12.564980490582096,5.4417385423391496,-5.784344160177162,7.407119958910456,-0.015372518651612228,7.407119958910456,0.16645840983336352,2.139408975396295,1.291600254081811,0.12270605933378853,1.8367411059829049,0.8509465590791963,0.0,2.6239207772783266,1.4334015362638437,3.5417881368404736e-05,1.4142100268405842,0.9292145269823172,1.0104190940853266e-05,-0.655587462526472,0,0,0,0.4034650195351664,0.5179802057661285,897,0.367,0.14775,1.2913577589548049,-0.143530795518215,1.6296891007197465,0.0406173498343673,0.1249081038920275,1.5370209192771631,0.5777219285616291,0.4034920725035266,1.431804905055674,0.3355231044843438,0.07150851074649311,639,258,37,37,0,0.3546,866,0.49770894657300263,-0.000662,-0.0006618360443038096,139.0,380.0,0.0306251,0.0590269,0.0296311,-0.0362759,-0.0359198,-0.4831752,-0.6745383,-0.5231838,-0.1944698,0.7382651,0.5019932,-0.6145654,-0.6085328,523.0,374.0,0.0131519,0.0709952,0.0051458,0.0673656,0.021811,0.1744697,0.3920643,-0.184903,-0.8841136,0.6072671,0.0724815,0.948875,0.3072176,920.0,373.0,0.1310759,0.0994517,0.0378912,0.034658,0.0851687,0.3267764,-0.0718396,-0.7666438,0.5480087,0.5487986,0.3810014,0.3484907,0.8563832,0.011155091759625764,1.0,0.0045361123554565775,289.7845251006272,0.0,256,6.329348533315946e-10,1.4845588390267773e-10,1.981920655301568e-10,3.93316350820526e-06,0.000491423818715287,-1.3559882488204769e-11,20.353946994719323,6.325151498469255,7.789632939702785,3.130028187350159,1.4014579896152393,1.7265291201467006,0.2643312055486226,0.0,0.014826797793253937,0.41674688775787233,0.03164623139771723,1.4451915418471981,0.024069226172272317,-0.0032889551678030086,-0.0012773362705787562,0.6924158325119266,0.49936133186471077,621.4895512161696,289.7845727227062,0.6091702493935736,0.609170287337683,0.609170287691728,0.7614628591721037,1.5408266897496165e-05,753,0.2296,0.2279,0.04575,0.008717,1050,0.2431,0.2385,0.03067,0.005237,3,0.087,0.7644,3.4e-05,13.845,0.092,0.8213,-5.6e-05,13.916,0.0559,0.2599,-7.5e-05,13.791,7.997,1.7313,1.7402,1.7246,0.32877,0.66976,1.56026,0.17053,0.9898,0.9876,0.9978,0.4944,3.8827,1.0733,0.1136,5.5467,23.5064,6.0541,81,0.1622,0.3274,25,0.1962,-0.5494,-1.0,0.0613283,0.1425301,-0.3983248,-0.0764206,-0.0047885,0.046852,0.0897672,205.0,175.0,0.1146526,0.0941476,0.0982043,-0.0603993,0.0339656,-0.0349378,0.077604,179.0,195.0,0.1553032,0.0498756,0.5138327,-0.0037513,0.033078,0.0732693,0.0804774,171.0,202.0
183,2782,209519,0.0,0.00452773019784185,0.0004890789216526926,0.00452773019784185,0.43662964111997454,9.674435124282256,7.821282926907564,-12.125270829333594,12.07299324851158,0.02164668631455632,12.125270829333594,0.0008053034256487734,12.56623760073036,5.438854112120091,-5.920487511033415,7.481554731652152,-0.015673590248883297,7.481554731652152,0.16766564911898488,2.1329463047571795,1.2920148392184696,0.19832163658549526,1.846509190601479,0.8667747744945303,0.0,2.6380595226648613,1.4419130143028476,0.000825887728287289,1.4141906230732921,0.9096899449459268,6.002041889914272e-05,-0.6510254768039765,0,0,0,0.41131139192551425,0.51751745279134,897,0.3699,0.15034,1.2970570723837442,-0.14315191739941857,1.6423241625451603,0.0433568513735789,0.12224104016412506,1.5387959747936795,0.5893999067063038,0.41133802553117654,1.432884562386833,0.3426199621987428,0.06620461046205547,643,254,39,39,0,0.3575,866,0.4972397483735578,0.00927,0.0092702469581174,139.0,380.0,0.0303339,0.034636,-0.019357,0.0174572,0.022808,-0.7605514,0.6461733,0.0608991,0.0176877,0.7367811,-0.5588695,0.5040186,0.658506,523.0,374.0,0.0117715,0.1052444,0.0630672,-0.0835416,-0.0109422,-0.5818095,-0.0710515,-0.3217896,0.743573,0.6029934,0.5992448,-0.7937859,-0.1039692,920.0,373.0,0.1319958,0.1003307,-0.005944,-0.0836506,-0.0550773,0.4091833,-0.0666915,0.1844831,0.8911158,0.546617,-0.0592439,-0.8337482,-0.5489573,0.011147069399496584,1.0,0.0045923550885471984,289.78458931407374,0.0,256,6.622125740923779e-10,1.3570080898578253e-10,1.7992978708560808e-10,2.9611375038510133e-06,0.0004987328605134844,2.0735850140406286e-11,19.83924871880148,5.639997155077312,7.077729422160712,3.071288857758193,1.219734651025123,1.5221208409173712,0.015823455890895517,0.0,0.01777657228169771,1.8917978256668149,0.023706642267571198,0.29559237626909524,0.03285771817898065,-0.0018460629451962608,0.0031003606294468917,0.6909819528076693,0.5015501803147235,621.4895814397704,289.7845868151929,0.6091702495232324,0.6091702873392237,0.609170287691728,0.7614628591740297,1.5624468670341544e-05,753,0.2271,0.2255,0.05387,0.024209,1051,0.2444,0.2392,0.02603,0.002575,3,0.0868,0.7666,-2.4e-05,13.846,0.0933,0.8255,-4.8e-05,13.917,0.0556,0.2705,-4.1e-05,13.791,7.997,1.7313,1.7402,1.7246,0.32799,0.66863,1.56014,0.17083,0.9897,0.9877,0.9979,0.4942,3.8815,1.0729,0.1136,5.6667,23.4153,6.0325,81,0.2152,0.2359,25,0.2164,-0.7281,-1.0,0.0477704,0.0479348,-0.0017179,-0.01668,-0.0269503,0.0093443,0.0330432,205.0,175.0,0.0923185,0.1297136,-0.1684218,0.0126058,0.0342778,-0.0129581,0.0387529,179.0,195.0,0.1137392,0.1301074,-0.0671248,-0.0581648,0.0137959,-0.0320292,0.0678185,171.0,202.0
184,2782,209519,2.0542594362351087e-11,0.0045459874302592315,0.0004941705326985573,0.0045459874302592315,0.4364525302463005,9.674014745575874,7.821435638544658,-12.324633980929129,11.493666373543103,0.021181042118723296,12.324633980929129,0.002672956341573809,12.56434014331508,5.44747755160145,-5.97096603750932,7.523167549073957,-0.015752635978827402,7.523167549073957,0.1677869710348793,2.129661694335281,1.2922837412658204,0.08698758477959767,1.8502754088485336,0.8611535187669913,0.014142082273824129,2.6522014027951863,1.4508279352284983,0.000839021086466496,1.4141918412963717,0.9086346739210848,0.00015487543238600768,-0.646535231454839,0,0,0,0.4145532532892325,0.5169870938860266,897,0.3717,0.15325,1.3015085511180133,-0.14573671757221,1.6481080826764167,0.0793391275648651,0.12202190490395674,1.5346089182426845,0.5951424648435644,0.41458322600856856,1.435519884809001,0.34615240767716704,0.06624285322161881,644,253,33,33,0,0.3595,866,0.49669374028190233,-0.000769,-0.0007692522152351611,139.0,380.0,0.0278279,0.0474992,0.0038828,0.0469723,0.0058906,-0.7526464,0.6451908,0.0593823,-0.1171579,0.7360712,0.0817443,0.9889076,0.1240146,523.0,374.0,0.005708,0.0767259,0.0639631,-0.0403427,-0.0129636,-0.4679752,0.0125456,0.7270042,-0.5023014,0.5994568,0.8336571,-0.5258026,-0.1689601,920.0,373.0,0.1360763,0.0291331,0.0006048,0.0020262,-0.0290562,-0.517556,-0.7587766,0.1490312,0.3663106,0.5470133,0.0207583,0.0695512,-0.9973624,0.011502516175413372,1.0,0.004604819919221386,289.78460812550065,0.0,256,5.869632983329872e-10,1.369567019936295e-10,1.8913271660313144e-10,2.298154147732622e-06,0.0005041317861874307,1.562024051132478e-11,19.574781782390605,5.491922402581864,6.84903183071242,3.1336778762341946,1.1330813026188693,1.4677260689170448,0.060572887187337277,0.0,0.010646493737968091,2.048585865717044,0.010787274255845247,0.8920092811880147,0.024631443584547514,0.0023300983523207165,0.001872620777466345,0.6927080452813392,0.5009363103887333,621.4895271005447,289.7845614782113,0.6091702437787399,0.6091702873419865,0.6091702876917097,0.7614628591774831,1.5687472814527565e-05,753,0.2246,0.2232,0.04909,0.008743,1051,0.2483,0.2433,0.03409,0.000592,3,0.0862,0.7748,-2.9e-05,13.846,0.0952,0.8202,-5e-06,13.917,0.0558,0.2738,-2.7e-05,13.792,7.9973,1.7313,1.7402,1.7246,0.32801,0.66888,1.55606,0.17193,0.9897,0.9876,0.9979,0.4942,3.8813,1.0729,0.1136,5.6529,23.4245,6.0352,81,0.1282,-0.1119,25,0.1387,-0.8755,-3.0,0.1080085,0.0316032,0.5472696,-0.0143346,0.0582536,0.027909,0.0661655,205.0,175.0,0.1175331,0.0645786,0.29078,0.0032424,-0.0452036,-0.0332688,0.05622,179.0,195.0,0.0500655,0.0315902,0.2262588,-0.0191364,0.0188225,-0.0205123,0.0337823,171.0,202.0
185,2782,209519,4.017062751695415e-12,0.004606851782648683,0.0005024756786808332,0.004606851782648683,0.4362750591424742,9.673529497435824,7.8215876416082875,-12.584307626257992,12.349971330073945,0.021304405001197096,12.584307626257992,0.0012087160821113527,12.565787198966893,5.490664033376875,-6.055182909002761,7.568743808895276,-0.01555875286229267,7.568743808895276,0.16952890667190845,2.12326967179681,1.2927548577513825,0.10295102798142908,1.859868300116676,0.86179404388131,0.014142096415939753,2.666340699068997,1.459757451133787,0.00043174155459047014,1.4142108984453454,0.9185917039133361,0.00026542748809483277,-0.641892306728118,0,0,0,0.42138198751943334,0.5165570666227008,897,0.3703,0.15268,1.3120347698310515,-0.14485950956068688,1.6614626382721405,0.03834395734845882,0.11936471089325607,1.532824367311003,0.6065548755308159,0.4214118613010637,1.439339826976258,0.35305387969684,0.07176447005033608,642,255,34,34,0,0.358,866,0.4962578365074275,0.005431,0.005430715818185217,139.0,380.0,0.0251694,0.0662174,-0.0493523,0.0161053,0.0411062,-0.4755616,-0.8712639,-0.1089607,0.0535525,0.7347314,-0.745307,0.2432186,0.6207755,523.0,374.0,0.0046987,0.0233453,-0.019381,-0.0009492,-0.0129799,-0.9560341,-0.0215551,0.2789141,-0.0879833,0.5961222,-0.830188,-0.0406612,-0.5559987,920.0,373.0,0.1395464,0.0492037,0.0386371,0.0238507,0.0189559,0.7169975,-0.1794497,-0.6561885,-0.1520821,0.5458077,0.785247,0.4847345,0.3852526,0.011502516175413372,1.0,0.004679855256469127,289.78458358029974,0.0,256,8.930222422809036e-10,2.3681172117407963e-10,3.1839505661319953e-10,2.64525956567587e-06,0.0005127725795374029,-2.9048761098966808e-11,24.984342868784356,6.725705092784358,8.666777924248542,3.0989338021514947,0.9113773000797041,1.203167298199335,0.02944996355561591,0.0,0.01452923715788744,0.20810712269597093,0.013338263544112472,1.6327811321685488,0.019378900819906782,0.005382919147657721,-0.0010927992986672983,0.6884307231694866,0.4994536003506665,621.4895440846967,289.784569397484,0.6091702210637513,0.609170287300344,0.6091702876916367,0.7614628591254299,1.5897505489085167e-05,753,0.2202,0.2189,0.05342,0.016994,1051,0.2511,0.2461,0.0389,-0.00566,3,0.0841,0.772,-9.9e-05,13.847,0.0958,0.8106,-8.1e-05,13.918,0.0553,0.2537,-9.5e-05,13.793,7.9977,1.7313,1.7402,1.7246,0.32727,0.66907,1.55577,0.17233,0.9898,0.9876,0.9979,0.4942,3.8811,1.0728,0.1136,5.639,23.4336,6.0379,81,0.0523,-0.9117,25,0.245,0.1387,-2.0,0.0474525,0.1081457,-0.390064,0.0482945,0.0033441,0.0034709,0.0485344,205.0,175.0,0.0561917,0.0620323,-0.0494028,0.0355518,0.000787,-0.04111,0.0543561,179.0,195.0,0.0660593,0.0812554,-0.1031538,0.0318529,-0.0103353,-0.0416544,0.0534464,171.0,202.0
186,2784,209521,0.0,0.004631558277630269,0.0005072799522061307,0.004631558277630269,0.4412788246590853,9.675470965871158,7.822283028723609,-11.875103166362186,13.206062011157243,0.027379187261540594,13.206062011157243,0.0016212839790307404,12.565666787901723,5.481422978090747,-6.117627108911949,7.6571045690651305,-0.015246471666270377,7.6571045690651305,0.17069115514442365,2.120839442269576,1.2930735071047363,0.19967647123343446,1.863678590699422,0.8602125211608016,0.0,2.68048266149237,1.4678614969656758,0.00036341263946493285,1.4142106142414106,0.9141268938937805,0.0004202813248314771,-0.6372308864130972,0,0,0,0.4231159928090473,0.516436112121028,899,0.3635,0.15603,1.3203965256772818,-0.13863649678512613,1.6692889402993967,0.031741438584860206,0.11278373686673512,1.5355081516209939,0.6113660565578981,0.423144233652324,1.4448171756494415,0.3557840186435362,0.07174007973600317,643,256,39,39,0,0.351,868,0.4961883031372546,0.004743,0.004743162778427568,139.0,380.0,0.0273244,0.0426639,-0.0071032,0.0120676,0.0403005,-0.7802979,-0.1871082,0.1753966,-0.5704049,0.7328348,-0.1664908,0.2828526,0.9446032,523.0,374.0,0.0043257,0.0619882,0.0047589,-0.0256409,0.0562355,-0.1434847,-0.1303937,0.9796976,0.0510117,0.5944593,0.0767703,-0.4136419,0.9071972,920.0,373.0,0.1445324,0.0309573,-0.0058146,0.0293294,0.0080208,0.9583046,-0.2483722,0.1343664,-0.0436946,0.5452712,-0.1878257,0.947414,0.259091,0.011502516175413372,1.0,0.004704111636418339,289.7845962581818,0.0,256,9.050033547263732e-10,2.2555008293920358e-10,2.990031029657572e-10,4.503163365387997e-06,0.0005176703372754461,3.382392825367678e-11,24.939557589615397,6.521865996707142,8.335879750689442,3.128144305877892,1.2263245152509339,1.5498750630528666,-0.04841640650984276,0.0,0.027897606499455593,2.4550586909908008,0.012593865359277341,2.1351282276119687,0.028626192905687874,-0.001203051115997452,-3.744870592075898e-06,0.6958114113255729,0.4999981275647041,621.4896125166579,289.7846013055452,0.6091702674506463,0.6091702872865362,0.609170287691728,0.7614628591081702,1.5982761874730578e-05,753,0.2172,0.216,0.05221,-0.000704,1051,0.2515,0.2465,0.04821,-0.001842,3,0.0817,0.7519,-6.7e-05,13.846,0.0944,0.8032,-6.7e-05,13.918,0.0547,0.2112,-8.8e-05,13.793,7.9978,1.7313,1.7402,1.7246,0.32693,0.66931,1.55343,0.17177,0.9897,0.9877,0.998,0.4946,3.8793,1.0723,0.1135,5.623,23.4545,6.0461,81,0.2057,-0.2827,25,0.2443,0.382,-2.0,0.0449928,0.0600671,-0.1434828,-0.0253515,0.0091307,-0.0151247,0.0309002,205.0,175.0,0.0948568,0.0814568,0.0760009,0.0315904,-0.0524134,-0.0154669,0.0631216,179.0,195.0,0.040808,0.0553696,-0.1514034,0.0159507,-0.0058645,0.0310703,0.0354144,171.0,202.0
187,2786,209524,0.0,0.004690793616053228,0.0005140664926144712,0.004690793616053228,0.43907860710875474,9.677148928523566,7.821801102948169,-11.37003764050409,13.041922452694099,0.029702911245938424,13.041922452694099,0.001597887839479442,12.562932877379584,5.498648518363694,-6.157972412000079,7.7895014985884865,-0.01580453973843969,7.7895014985884865,0.1723629960541368,2.1141298352847246,1.2934724489744902,0.08150642542480702,1.8734101600224242,0.8604045735598156,0.0,2.694621313403206,1.4757765771649503,0.0005368134375942635,1.4141882840041127,0.8937117274500959,7.659106072132857e-07,-0.632434347174973,0,0,0,0.42820330069750484,0.5159928735790655,899,0.3652,0.15185,1.3244785910916281,-0.14033866803789632,1.6810673119353416,0.06950034536967403,0.11390553198638394,1.5375024061780365,0.6210461463187035,0.42823840161276355,1.4502345982513898,0.36162373449456603,0.07170560428434117,640,259,33,33,0,0.3527,868,0.49573918124087935,0.008448,0.008447600725987936,139.0,380.0,0.0262509,0.0622636,0.0528815,0.0152657,-0.0291079,0.6199572,-0.7295206,0.1299678,-0.2579944,0.7307909,0.8493155,0.2451783,-0.4674941,523.0,374.0,0.0021548,0.0683369,0.017484,0.0212646,-0.0625464,-0.0648701,-0.2731603,0.6455879,0.7102053,0.5917736,0.2558495,0.3111737,-0.9152661,920.0,373.0,0.1490141,0.0325023,0.0081577,0.0102896,0.0297317,0.7719411,0.2488118,0.5450556,-0.2124004,0.5438299,0.2509884,0.3165796,0.914758,0.010775862068965518,1.0,0.004761733305960476,289.78462159870685,0.0,256,1.1419686051824926e-09,2.434386444270144e-10,3.1507287105578314e-10,5.0997345775449505e-06,0.0005243151805538964,-3.8505675676634545e-12,24.324295356459213,7.044784044624407,8.923613097431504,3.1292115227729718,0.9850169295749447,1.3183260177272893,-0.06954773911508422,0.0,0.025497656357871986,2.1635121973611033,0.01883095480490867,1.237241738572931,0.025775041956687648,-0.0010828691229907955,-0.0004280327266024451,0.7027555099057028,0.4997859836366989,621.4896806721332,289.78463308468815,0.6091702620630131,0.6091702872892526,0.609170287691728,0.7614628591115657,1.6187171714803685e-05,753,0.2189,0.2179,0.04821,0.019479,1053,0.2474,0.2423,0.04846,6.4e-05,3,0.083,0.7332,-5.3e-05,13.847,0.0936,0.8116,-2.1e-05,13.918,0.0543,0.1978,-2.9e-05,13.794,7.9979,1.7313,1.7402,1.7246,0.32617,0.66988,1.55298,0.17159,0.9897,0.9877,0.998,0.4946,3.8768,1.0716,0.1135,5.8355,23.2926,6.0082,81,0.2535,-0.3284,24,0.1158,-0.161,-1.0,0.0808603,0.1185957,-0.1891919,-0.054669,0.0549301,-0.0151134,0.0789584,205.0,175.0,0.0957653,0.0427626,0.3826137,0.0134123,-4.7e-05,-0.025804,0.0290816,179.0,195.0,0.0548159,0.1037371,-0.3085479,0.0511512,0.0021016,-0.0469342,0.0694527,171.0,202.0
188,2790,209530,0.0,0.004705323913944807,0.000518330756754132,0.004705323913944807,0.432403645009259,9.66401030272038,7.82374728047345,-12.50752890721855,11.959415620401648,0.029998247431347772,12.50752890721855,0.00045842634755673844,12.566341731151937,5.49493108488854,-6.272882531001091,7.906651006936409,-0.0153560975649706,7.906651006936409,0.1730524109461919,2.1120888350108453,1.2937638624730814,0.1653546574168409,1.8696762428080818,0.862981286402809,0.0,2.7087632618001667,1.482908175935768,9.285996629992965e-05,1.4141905424532788,0.9047025246443533,1.4358630910579736e-06,-0.6275608667429288,0,0,0,0.4288292004371864,0.5154840376243081,899,0.3651,0.155,1.331384833335314,-0.14234635781770813,1.6871903326885396,0.018495530700044265,0.11087350673011794,1.5330442746505957,0.6242708143651539,0.42887032502430206,1.455616716614234,0.3636130274923229,0.07161611467358991,644,255,35,35,0,0.3526,868,0.4952212754090083,0.002827,0.0028272446900330372,139.0,380.0,0.0257603,0.0237202,0.0005271,0.0233624,-0.0040701,-0.6264834,-0.1184374,-0.7576026,-0.1397475,0.7287814,0.0222208,0.984918,-0.171589,523.0,374.0,-0.0021927,0.0594985,0.0073654,-0.0138293,0.0573983,-0.7256161,0.2924585,0.3129497,-0.5385275,0.5900078,0.1237914,-0.2324315,0.9647027,920.0,373.0,0.1521446,0.054699,0.0089419,0.0051399,-0.0537178,0.5979098,0.5512318,0.2884135,0.5054356,0.5430187,0.1634744,0.0939662,-0.9820624,0.010768126346015794,1.0,0.0047745942653149315,289.7846527483579,0.0,256,1.207833699423249e-09,2.3431757666568546e-10,3.371304638164533e-10,2.5190065677056303e-06,0.0005293164480416222,-5.400511340720675e-11,23.5707149012295,6.538568725880703,8.122373997998356,3.13165149588664,1.1449653948668894,1.5173959361374205,0.2777443590294202,0.0,0.014626260583645854,2.6489461685102316,0.01398239305609836,2.3538137698628425,0.010831893753397362,-0.00011507262846861282,-0.00036263884007341283,0.6989580200371265,0.4998186805799634,621.4896532985107,289.7846203210729,0.6091702261082763,0.6091702872735771,0.609170287691728,0.7614628590919714,1.6237314142936382e-05,757,0.2207,0.22,0.03802,0.007716,1053,0.2459,0.2407,0.05904,0.000825,3,0.084,0.7243,-3.6e-05,13.847,0.0933,0.8214,-3.4e-05,13.918,0.0544,0.2017,-6e-06,13.794,7.998,1.7313,1.7402,1.7246,0.32624,0.67062,1.55156,0.17132,0.9898,0.9877,0.9979,0.4946,3.8874,1.0746,0.1138,5.2961,23.8301,6.1301,81,0.168,-0.3089,24,0.1137,-0.8996,-1.0,0.0613467,0.0386084,0.2274859,0.0174119,0.0318002,0.0284645,0.046094,205.0,175.0,0.0692635,0.0629155,0.0480259,-0.0185889,-0.0221398,0.0005385,0.0289138,179.0,195.0,0.0950906,0.0315907,0.5012566,0.0048339,-0.0213276,-0.0537585,0.0580363,171.0,202.0
189,2790,209530,1.90702365572492e-11,0.004708943289708461,0.0005227599365376605,0.004708943289708461,0.432188322596952,9.66347673293728,7.823907911883085,-12.00912609679523,12.552939020450868,0.03202331794942664,12.552939020450868,0.0037270824477672556,12.566265882892441,5.508172177564792,-6.303461935454982,7.9371973752134855,-0.015359166441852992,7.9371973752134855,0.17310957429428664,2.111356843316176,1.2938663735532225,0.13055490227702016,1.8586217751265837,0.871731487926637,0.014140700047902629,2.7229050425181116,1.4918164696459009,0.00015756662976673663,1.4141910900176313,0.9028848442406806,1.2627186042924442e-05,-0.6225558501077045,0,0,0,0.42887324441117547,0.5149971331379607,899,0.3651,0.15947,1.3361064298667007,-0.14355392227312916,1.6904669401887507,0.0499017469233113,0.11247654327325791,1.5215852190709307,0.6255871658033719,0.4289156764990746,1.4585318282362236,0.36452083301009863,0.07162145488860405,643,256,38,38,0,0.3526,868,0.4947298530193178,0.002596,0.0025962355928728087,139.0,380.0,0.0249197,0.0558003,0.0018954,0.011788,-0.054508,-0.66041,-0.2484335,0.0858971,0.7033925,0.7278121,0.0339675,0.2112533,-0.976841,523.0,374.0,-0.0004862,0.0607909,0.008165,0.0597772,-0.0074532,-0.7094989,0.2553654,-0.6531536,-0.0692112,0.5871712,0.1343132,0.983325,-0.1226047,920.0,373.0,0.1534977,0.032075,-0.0180067,-0.01925,0.0182758,-0.6167768,-0.5704739,-0.449085,0.3040865,0.5419874,-0.5613918,-0.6001562,0.5697822,0.010752688172043012,1.0,0.004778272340672498,289.78464204562425,0.0,256,1.5089341975716394e-09,2.0472329122752286e-10,2.984416508628758e-10,4.201989568768324e-06,0.0005341178472185239,5.220847832923923e-11,13.563118505536302,5.331603548969765,6.500119610218619,3.138920513331125,1.06017156997867,1.3699287218390133,0.11192613754086855,0.0,0.008695166550890155,1.4147530388172955,0.01394462579951732,1.624489663247322,0.012843830649363213,-2.579485037579796e-05,-0.00109722236135425,0.6991023935232565,0.499451388819323,621.4895885789697,289.78459014401767,0.6091702482690459,0.6091702873166894,0.609170287691715,0.7614628591458618,1.6249805717302643e-05,757,0.2263,0.2258,0.03367,-0.000396,1053,0.2417,0.2358,0.05913,-0.000531,3,0.0863,0.7052,-3.3e-05,13.847,0.0918,0.8201,-9e-06,13.918,0.0549,0.1725,-3e-05,13.794,7.9979,1.7313,1.7402,1.7247,0.32571,0.6708,1.54799,0.17017,0.9898,0.9877,0.9979,0.4946,3.8872,1.0745,0.1138,5.2958,23.8288,6.1301,81,0.0312,-0.7775,24,0.1394,-0.9995,-2.0,0.0586442,0.0958844,-0.2409922,-0.0446928,-0.0285765,0.0157883,0.0553473,205.0,175.0,0.1200561,0.0685514,0.2730785,-0.0464106,0.0413192,-0.0446645,0.0765253,179.0,195.0,0.0897928,0.058679,0.20956,-0.0053779,-0.0493655,0.055704,0.0746245,171.0,202.0
190,2791,209531,0.0,0.00474855926787788,0.0005306157170991344,0.00474855926787788,0.430903668149447,9.663967428472056,7.823799418446131,-12.625870854226324,11.841136161171013,0.03503356311010435,12.625870854226324,0.0009553656923962962,12.564939460163624,5.521773525248418,-6.377330417953446,8.032045006581274,-0.015158765728686335,8.032045006581274,0.1748348250927753,2.1050048614511487,1.2943173422951761,0.14547364725473633,1.8679210284565104,0.8624600173727015,0.0,2.737044331239199,1.5002487922599446,0.00034442094435949144,1.414210305695796,0.9014450109561678,3.1885252952763225e-05,-0.617595605113488,0,0,0,0.43412339357262164,0.5145655089255562,899,0.3685,0.15546,1.3407185061246463,-0.1441019753254688,1.703208908125532,0.021222675215832765,0.11598075170425692,1.5240271923271724,0.6356719200686612,0.43416809051570304,1.4641147840082231,0.3705377702656084,0.0715505840859596,647,252,40,40,0,0.356,868,0.4942919596844199,0.008064,0.008063520752797926,139.0,380.0,0.023983,0.0425313,0.0012217,-0.0383718,-0.0183038,-0.7282023,0.6722039,-0.0267462,-0.1309501,0.7253557,0.0287238,-0.9022004,-0.4303596,523.0,374.0,-0.0015624,0.0502467,-0.0098269,-0.0045382,-0.049067,0.0174825,-0.0181309,-0.2161015,-0.976046,0.5846416,-0.1955723,-0.0903175,-0.9765215,920.0,373.0,0.1574844,0.0444909,0.0043787,0.0075824,0.0436208,-0.8155943,0.1881362,0.1943544,-0.5115047,0.5417581,0.0984171,0.170427,0.9804431,0.010752688172043012,1.0,0.004844042677421639,289.7846084798739,0.0,256,9.067913310877278e-10,1.352304975342975e-10,1.9357821732723417e-10,4.6744644428866015e-06,0.0005431251992726007,3.184061446482333e-11,13.28791985335431,5.782868546222732,6.880168046081096,3.140035293758821,1.3369857718462343,1.6130645635072873,-0.10582319783397949,0.0,0.016872647510042728,1.8795748937641474,0.01621490055977184,1.4897615708980176,0.013602690279361973,0.0003547208164493856,-0.00317508452979411,0.6975538223913537,0.498412457735103,621.4896815702947,289.7846335034777,0.6091702489419151,0.6091702872648345,0.609170287691728,0.761462859081043,1.638651163268425e-05,757,0.2284,0.2281,0.03843,0.020167,1054,0.2351,0.2291,0.06638,-0.008348,3,0.0879,0.7075,-2.7e-05,13.847,0.0901,0.8226,-2.9e-05,13.918,0.0539,0.1802,-5.7e-05,13.794,7.9981,1.7313,1.7402,1.7247,0.32504,0.66971,1.54803,0.17007,0.9898,0.9877,0.9979,0.4944,3.8858,1.0741,0.1137,5.3887,23.7574,6.1139,81,0.1895,-0.0917,24,0.0953,-0.9972,-1.0,0.0588961,0.0959306,-0.2392,-0.0303248,0.0484559,-0.0335465,0.0662792,205.0,175.0,0.0712658,0.073143,-0.0129991,0.0193806,-0.0480624,0.002111,0.0518658,179.0,195.0,0.0500995,0.0808994,-0.2351154,0.0395139,-0.0200513,-0.0078334,0.0449974,171.0,202.0
191,2792,209532,0.0,0.004787980465714605,0.0005386728677949085,0.004787980465714605,0.4334093026548983,9.664558071857224,7.8242771664039195,-12.054059344986392,12.635888673719977,0.0357188080125779,12.635888673719977,0.0005418948215479068,12.56339424599627,5.514602484432558,-6.460225604507785,8.150691395951606,-0.015286487256940252,8.150691395951606,0.1766102720810977,2.0989442258997806,1.294690362526966,0.13331922844865995,1.8770725758405697,0.863800022013392,0.0,2.7511827516822267,1.5086315508766792,0.0017767390925937931,1.4141897239523866,0.9022261254827965,5.3821077837431696e-05,-0.6125287282386562,0,0,0,0.4395806292050048,0.5143224547372038,900,0.3725,0.16123,1.3441124045477504,-0.14372554914180907,1.71593569648404,0.051831313446557344,0.11667325313626338,1.5244720968824594,0.6462297210270299,0.4396277699469631,1.4699474537402206,0.3769101446855008,0.07157796939982436,651,249,37,37,0,0.3601,869,0.49408029058432956,0.005477,0.005476906140062132,139.0,380.0,0.0235021,0.0902213,-0.0868251,0.0245208,-8.87e-05,0.054567,0.050008,0.8036985,-0.5904154,0.7228005,-0.9623573,0.2717856,-0.0009837,523.0,374.0,-0.0033495,0.0277236,0.0187199,-0.0188659,-0.0078894,-0.5458236,0.1452222,0.2771659,0.7772813,0.5817552,0.6752334,-0.6804984,-0.284573,920.0,373.0,0.1593148,0.077787,0.0044237,-0.0772909,0.0075747,0.6479259,-0.3672442,-0.1930581,0.6387898,0.5416948,0.0568694,-0.9936214,0.0973771,0.011107130060910068,1.0,0.004875708428401694,289.78465380121355,0.0,256,8.11556400588895e-10,1.064647006318466e-10,1.692475786146309e-10,2.9042912578586502e-06,0.000551977426412225,1.1436510686890097e-11,24.80731002569833,6.757075014194854,8.366426943585344,3.1343547201267183,1.2329523069973076,1.560282425841686,0.048335587634126084,0.0,0.017481693492500578,3.0907768817682286,0.01140936826142366,2.105093618983595,0.011910781956085796,-0.0019899447494496347,-0.00044231933544326474,0.6889318267656255,0.4997788403322785,621.4896416178758,289.78461487469366,0.609170251444672,0.6091702872587836,0.609170287691728,0.7614628590734795,1.6522548886126978e-05,757,0.2263,0.226,0.04395,0.027501,1054,0.2341,0.2281,0.06126,-0.012382,3,0.0881,0.703,-2.5e-05,13.847,0.0907,0.8207,-2.5e-05,13.918,0.0532,0.1706,1.1e-05,13.794,7.998,1.7313,1.7402,1.7247,0.32475,0.6694,1.54807,0.1713,0.9897,0.9878,0.998,0.4946,3.8849,1.0739,0.1137,5.3468,23.7937,6.1247,81,0.2243,-0.0324,24,0.0482,-0.391,0.0,0.0925815,0.1108506,-0.0898041,-0.0046617,-0.0444748,-0.0144358,0.0469908,205.0,175.0,0.0627337,0.0677751,-0.0386286,-0.0019318,0.0290811,-0.0514656,0.0591452,179.0,195.0,0.1038218,0.1504743,-0.1834577,-0.0394763,0.0111367,0.0866696,0.0958854,171.0,202.0
192,2792,209532,3.1617486120496795e-11,0.004804053614976989,0.0005435658632310419,0.004804053614976989,0.43320683970256285,9.66389838445673,7.824436096925535,-12.547507174942067,13.312115371599692,0.03579528851976206,13.312115371599692,5.12010302595409e-05,12.564761100030177,5.5198491545606965,-6.483549641172009,8.16717692459217,-0.015679410751707208,8.16717692459217,0.1773913093646523,2.0971064855401846,1.2949130082913933,0.07028604356976254,1.8921851653238306,0.8711907715750203,0.014141943664915876,2.765324711869196,1.5179202915577517,0.000963822337405329,1.4141891192143505,0.8957992603072183,7.89632922950071e-05,-0.607384309836191,0,0,0,0.4413086340467507,0.5138742552990305,900,0.3729,0.15923,1.3513489351158425,-0.14743584829875733,1.7217755441495821,0.06373957670485181,0.11319436183895679,1.5176629103228216,0.6507901468757287,0.4413573017545308,1.4745199508168054,0.37957928730917806,0.07161037085080232,646,254,34,34,0,0.3606,869,0.4936239345960375,0.006376,0.006376466462740371,139.0,380.0,0.0216171,0.0582805,0.0402283,-0.0365902,0.0209633,0.0606282,-0.1689881,0.4100869,-0.8942013,0.7206587,0.6902529,-0.6278289,0.3596969,523.0,374.0,-0.004835,0.0832846,-0.011901,-0.0592573,-0.0572997,0.064001,-0.3451776,0.1335285,-0.9267829,0.5801783,-0.142896,-0.711504,-0.6879991,920.0,373.0,0.1617216,0.0811986,0.001019,0.0514265,0.062829,-0.7727064,-0.5374157,0.01458,0.3374857,0.5415985,0.0125499,0.6333422,0.7737701,0.010744985673352435,1.0,0.004866612811017803,289.7846389732406,0.0,256,6.975098382474321e-10,1.2865794360073993e-10,1.7614649936809308e-10,3.350419281772354e-06,0.0005570842623519599,-2.5994611605034737e-11,23.51465624125902,6.678081571395655,8.294964618029635,3.1057081576675816,1.0085078832385956,1.355440365262816,0.17581148054065224,0.0,0.00425997578723608,2.216346225983658,0.04462067670016529,2.407075629659221,0.03427353585058951,-0.0021432072959347865,0.0010673730457219134,0.6874892463618852,0.5005336865228611,621.4896832818073,289.78463430151197,0.6091702071337602,0.6091702873196877,0.6091702876917191,0.7614628591496095,1.6578013622276876e-05,757,0.2165,0.2145,0.05338,-0.004358,1054,0.2327,0.2267,0.06816,-0.009043,3,0.0843,0.7059,2.9e-05,13.848,0.0901,0.8154,6e-06,13.918,0.0506,0.1656,3.3e-05,13.794,7.9983,1.7313,1.7402,1.7246,0.32478,0.67011,1.54383,0.17208,0.9898,0.9878,0.998,0.4946,3.8847,1.0738,0.1137,5.333,23.8031,6.1274,81,0.1716,0.0479,24,0.1261,0.9999,0.0,0.1260075,0.0982217,0.1239168,0.054236,-0.0329179,-0.0740378,0.0975025,205.0,175.0,0.1890366,0.1921911,-0.0082745,0.0189373,0.1206442,-0.1203862,0.1714832,179.0,195.0,0.0366637,0.2287327,-0.723706,-0.0108302,-0.0432815,-0.1034685,0.1126779,171.0,202.0
193,2796,209538,0.0,0.004855786939372059,0.0005497869720509124,0.004855786939372059,0.43418275224767805,9.658716542923194,7.825504346248071,-12.320360914687368,12.576970534206898,0.03723579335527751,12.576970534206898,0.0016256304548706508,12.565615244137332,5.538218880019455,-6.543502627917635,8.23269404235205,-0.016014421731182484,8.23269404235205,0.17915189383525515,2.089973526962098,1.295241683812125,0.13822828654069155,1.9098209186574835,0.8721510067552128,0.0,2.779463827637449,1.5246959419641621,0.0012027340520209817,1.4142101523905115,0.8975657470455645,7.510994552008917e-07,-0.6022425615064441,0,0,0,0.44624349762521687,0.5140410849035998,902,0.3718,0.15303,1.3592331082769362,-0.14828199959645016,1.7341215325477228,0.07824170102239816,0.11597610777880667,1.520010153454496,0.6607517965340498,0.4462973572705006,1.48051917800976,0.38563059172127506,0.0696963065532361,648,254,36,36,0,0.3596,871,0.49385947654129514,0.005432,0.005432334618316714,139.0,380.0,0.0207677,0.0616594,-0.0365335,0.0483978,-0.0111731,-0.2442215,0.3730605,-0.2988126,0.8437374,0.7177725,-0.5925048,0.7849217,-0.181207,523.0,374.0,-0.0061152,0.0650629,-0.0364442,0.0538736,-0.0016241,0.7802211,0.0452288,-0.585853,0.2144427,0.5777105,-0.5601372,0.8280237,-0.0249619,920.0,373.0,0.1651032,0.1082201,-0.0321451,-0.0783724,-0.0673501,-0.6430928,-0.029306,0.1229337,-0.7552881,0.540515,-0.2970346,-0.7241949,-0.6223441,0.010744985673352435,1.0,0.004938347735631763,289.7846478165044,0.0,256,7.488670571447346e-10,1.6727348712502345e-10,2.2469087355966677e-10,5.060451051156703e-06,0.0005640740928100463,3.817266720045766e-12,15.423186359182871,5.403764406567204,6.519813746438638,3.1393221587196796,1.1276000547293914,1.4500204861559418,0.012077294514979041,0.0,0.01869765249151583,0.4708917326888889,0.02122762732502456,1.8492592838426385,0.0438290472709217,0.006189571500779391,0.0005767813851101252,0.687537459085784,0.500288390692555,621.4896736201081,289.78462979651044,0.6091702400068619,0.6091702872520884,0.609170287691728,0.7614628590651105,1.6756537235193737e-05,759,0.2139,0.2118,0.04721,0.02767,1054,0.2303,0.2238,0.06255,-0.012844,3,0.0827,0.7259,-4.7e-05,13.848,0.0888,0.7986,-3.2e-05,13.918,0.0494,0.1657,-3.5e-05,13.795,7.9985,1.7313,1.7401,1.7247,0.32409,0.66967,1.54473,0.16995,0.9898,0.9878,0.998,0.4946,3.889,1.075,0.1138,5.122,24.0399,6.1815,81,0.0385,0.0621,24,0.2268,0.9987,-2.0,0.0917166,0.0461992,0.3300376,-0.0336615,0.0043882,-0.0212501,0.0400489,205.0,175.0,0.0894607,0.0890949,0.0020487,0.0036936,0.0037332,0.0609073,0.0611333,179.0,195.0,0.0929517,0.1337125,-0.1798292,0.0060067,0.0120865,-0.0142065,0.0195956,171.0,202.0
194,2796,209538,8.008815681943156e-11,0.004903556444159158,0.0005573925257418527,0.004903556444159158,0.4339582917582856,9.65792748447261,7.825662203279011,-12.343808663231988,12.063738774916464,0.039626991898718315,12.343808663231988,0.00020137623704385987,12.564999080417014,5.554535578895811,-6.701561910154047,8.350971820316738,-0.015925517983884453,8.350971820316738,0.18086635699059306,2.083447928314313,1.2955873498256767,0.14385808668407574,1.9194437500021917,0.8653042910503336,0.014127555001630888,2.7936019013035622,1.5337268696327284,0.0006866844171127262,1.4141891984260708,0.904543411847699,4.7439654873987015e-06,-0.5970908532126389,0,0,0,0.4513737457343999,0.5136468135346267,902,0.3636,0.14937,1.3651052105386574,-0.14963091607444393,1.7461723077078184,0.030799846502057082,0.12135366900931735,1.5165726404857716,0.6709889218651293,0.4514341066751757,1.4863496398333318,0.391784729133873,0.06985477022388152,644,258,36,36,0,0.3511,871,0.4934651093432595,0.008864,0.008864136024359759,139.0,380.0,0.0199886,0.0283686,0.0069181,-0.0171043,0.021549,0.2859535,-0.3081102,-0.5595002,-0.7143236,0.7148965,0.2438666,-0.6029312,0.7596072,523.0,374.0,-0.00605,0.0269842,0.0264964,0.0048384,-0.0016363,-0.5176482,0.7213964,-0.3724956,-0.2699529,0.5748982,0.9819227,0.1793069,-0.0606375,847.0,378.0,0.2219257,0.0565207,-0.002824,0.0267533,0.0497079,-0.4601051,0.7672608,-0.4214013,0.1484418,0.5361223,-0.0499636,0.473336,0.8794639,0.01072961373390558,1.0,0.004982218385050812,289.7846497788123,0.0,256,1.382856420720824e-09,2.066318325231823e-10,3.2114233441611544e-10,4.0989090135715594e-06,0.0005718536920606893,-3.4374395363650095e-11,29.54245827913319,5.510957415367148,6.976037093713037,3.1351089120534414,1.1847502524122149,1.5558699243686294,-0.20025011208118815,0.0,0.025629145445671377,1.5262062637812341,0.028904276861147465,2.0828708533576563,0.03081627577385245,-0.00016345185563410245,-0.0011870063888935257,0.6878239541370689,0.4994064968055534,621.4897217136173,289.7846522212753,0.6091702549457408,0.6091702872844997,0.6091702876916881,0.7614628591056246,1.6921380779044417e-05,759,0.2119,0.2097,0.05525,0.033553,1054,0.2318,0.2254,0.05849,-0.010488,3,0.0806,0.71,-2.2e-05,13.847,0.0879,0.7961,-2e-05,13.918,0.0493,0.1391,-4.1e-05,13.794,7.9984,1.7313,1.7402,1.7247,0.32388,0.66862,1.54401,0.17028,0.9898,0.9878,0.9979,0.4946,3.8888,1.0749,0.1138,5.1354,24.0283,6.1788,81,0.0931,-0.1428,24,0.1955,0.9992,-1.0,0.0518932,0.0090259,0.7036751,0.0019326,-0.0099579,0.0230709,0.0252024,205.0,175.0,0.118363,0.1167782,0.0067398,-0.0178477,0.0695885,-0.0890645,0.1144272,179.0,195.0,0.0153231,0.128206,-0.786481,-0.0035526,-0.0105601,-0.0428015,0.0442279,188.0,190.0
195,2797,209539,0.0,0.004948231486501905,0.0005642898901872792,0.004948231486501905,0.43291684101222094,9.65825257602839,7.825376966195406,-12.366545555294941,12.619001148143179,0.041125152702083334,12.619001148143179,0.005134390329449437,12.564159166945092,5.573633505448809,-6.791259261356935,8.408224531288003,-0.016159080332466626,8.408224531288003,0.18268416089260126,2.07589025920882,1.295944102103128,0.20317896658258766,1.9286238682763117,0.8662722778062047,0.0,2.80774060372428,1.5420970303809498,4.191916428863962e-05,1.4142107883292019,0.8916888564246988,1.4379568797221253e-05,-0.5916987112397116,0,0,0,0.45743794399605975,0.5132579758699355,902,0.3649,0.15524,1.3703962062057582,-0.1493248365615614,1.758750596873015,0.07542090063933816,0.11692713934240573,1.517689475004479,0.682260262200054,0.4575008340991095,1.4912765427926067,0.3985369559068428,0.06994529260307714,648,254,42,42,0,0.3524,871,0.4930805791264175,0.00347,0.003470410580852734,139.0,380.0,0.0198792,0.0521276,0.0029003,-0.0516743,-0.0062169,0.5557494,-0.2464064,0.7918152,0.0587807,0.7121871,0.0556384,-0.9913026,-0.1192624,523.0,374.0,-0.006906,0.0146168,-0.0034642,0.0121001,0.0074322,-0.3745164,0.0489779,0.4312388,-0.8193728,0.572408,-0.2369988,0.8278223,0.5084701,920.0,373.0,0.1713985,0.0783567,0.0300812,-0.0705386,0.0161002,0.6131022,-0.5551767,0.468519,-0.3104424,0.5380436,0.3839001,-0.9002232,0.2054724,0.01072961373390558,1.0,0.005035858998924646,289.78467318072,0.0,256,1.1270430741518853e-09,2.3460514055132057e-10,3.196522381420605e-10,3.645089981444723e-06,0.0005800809094913985,-7.198462627684599e-11,17.06939124879341,5.72498629154088,6.9791590335943665,3.127504751146275,1.0239897248532703,1.3380533079684493,-0.01917147101713422,0.0,0.01719445111281376,1.6211456244937645,0.011020590863814008,1.9148137416468134,0.057911941043578594,-0.0016999453118786987,0.0024016933249685645,0.6897620499456394,0.5012008466624843,621.4898081402308,289.7846925197794,0.6091702368623135,0.6091702872204163,0.609170287691728,0.7614628590255204,1.7075544755229473e-05,759,0.2092,0.2068,0.05943,0.034793,1055,0.2262,0.2196,0.05971,-0.014397,3,0.08,0.7007,-6.4e-05,13.847,0.0862,0.7896,-3.6e-05,13.918,0.0475,0.1155,-5.3e-05,13.795,7.9984,1.7313,1.7402,1.7247,0.32363,0.66752,1.54337,0.1701,0.9899,0.9877,0.9978,0.4948,3.8873,1.0745,0.1138,5.1741,23.9982,6.1735,81,0.1613,-0.251,24,0.0554,0.7977,1.0,0.0803748,0.0737584,0.0429263,0.0171994,-0.0126259,0.0529179,0.0570573,205.0,175.0,0.0716325,0.0434365,0.2450359,-0.0282724,0.0356182,0.0347145,0.0572109,179.0,195.0,0.0831149,0.0828232,0.0017582,0.0299622,-0.0053417,-0.005326,0.0308971,171.0,202.0
196,2801,209545,0.0,0.004977632359575344,0.0005711000281313919,0.004977632359575344,0.4357384271393099,9.66191573209055,7.8247040587940875,-12.36431855604845,11.75450795919383,0.04299817136124709,12.36431855604845,0.00415354975683538,12.565526192502361,5.5504234141787565,-6.907904948831761,8.45942899572166,-0.016004061741032104,8.45942899572166,0.18489457883023183,2.068689179617275,1.296287096122329,0.1034575809509728,1.9376056196494944,0.8679366423189074,0.0,2.821879076091393,1.5488690750836736,0.0005982816859381179,1.4141889782476622,0.9012860188363854,1.7878981942612807e-06,-0.5862629261724608,0,0,0,0.4624122022540615,0.5133059169757433,904,0.363,0.15175,1.3785597704386594,-0.15031806980260076,1.7708366105390694,0.03546169325164836,0.11507305473912212,1.519205366728727,0.6923486620604961,0.46247901824832616,1.497037994680966,0.40459321279127114,0.07004623080025742,648,256,41,41,0,0.3507,873,0.4931931246277285,0.006966,0.006965754095768162,139.0,380.0,0.0194044,0.0225393,-0.0026024,-0.0058109,-0.0216213,0.6608562,0.6675062,-0.3374644,-0.0618258,0.708954,-0.1154585,-0.2578103,-0.9592722,523.0,374.0,-0.007652,0.0165897,0.0040494,-0.0159657,-0.0019791,-0.3343453,-0.3036193,0.2967227,0.841418,0.5696884,0.2440918,-0.9623866,-0.1192947,847.0,378.0,0.2267795,0.1015352,-0.0331594,0.0959559,0.0015165,0.8272428,-0.5125229,0.1796321,0.1439513,0.5331876,-0.3265807,0.9450513,0.0149356,0.010368251698248123,1.0,0.005076594431485475,289.78471088025395,0.0,256,2.1156561803717218e-09,4.3242333952019237e-10,6.195116448775849e-10,4.790720583082364e-06,0.0005880013485440103,2.7464960253603257e-11,13.148183670209106,5.547965650519101,6.688062736519765,3.1379201965133485,1.24481306118791,1.5727370692992664,0.12094823005501645,0.0,0.025838878661477382,1.7857577735562649,0.0034199007097517457,1.6917562621780995,0.032996260106804835,0.004983179041128528,0.00043836142173695375,0.6823524993842586,0.5002191807108686,621.4899050508953,289.78473770672656,0.6091702032465705,0.6091702872484772,0.609170287691728,0.7614628590605965,1.7176999723887813e-05,759,0.2098,0.2073,0.06283,0.041434,1057,0.2283,0.2218,0.06367,-0.013361,3,0.0798,0.6964,-2.3e-05,13.848,0.0866,0.7947,-3.2e-05,13.918,0.0481,0.1177,-1.7e-05,13.795,7.9984,1.7313,1.7402,1.7247,0.32329,0.66663,1.54372,0.16939,0.9898,0.9877,0.9979,0.4948,3.883,1.0733,0.1136,5.3442,23.8661,6.1463,81,0.132,-0.4735,24,0.1261,-0.9995,0.0,0.0669701,0.0767502,-0.0680498,-0.0592821,-0.0228329,0.0248745,0.0682235,205.0,175.0,0.0668275,0.0391045,0.2617059,0.0120337,-0.0444768,0.0240213,0.0519617,179.0,195.0,0.1674307,0.0867528,0.3174003,0.032331,0.1092523,0.0073313,0.1141714,188.0,190.0
197,2801,209545,5.4592081760140546e-11,0.004964960861668625,0.000575035083391598,0.004964960861668625,0.43553702514789205,9.661031579519598,7.8248654232708965,-11.751214035161162,13.010969748806708,0.04688307827640299,13.010969748806708,0.005693624524271529,12.56627236302529,5.54018008911646,-6.9610148974683685,8.491039773279379,-0.015716504806123414,8.491039773279379,0.18587784866985008,2.06612342619812,1.2965118205365738,0.13691191137674263,1.9405477485491638,0.8680538922018747,0.01414192907410051,2.8360210199014437,1.5580586861202195,0.0012572808318340734,1.4141867776741213,0.8992307194083935,1.6535807258335492e-05,-0.5807644828052075,0,0,0,0.46452554310771477,0.5129028641735556,904,0.3662,0.15017,1.382316889955153,-0.15323180968488395,1.7767661584415289,0.034335505403200094,0.11574592475308436,1.5077657087143364,0.697503196228141,0.4645986430511014,1.5013026978458532,0.4077622054754782,0.07015144481965226,652,252,41,41,0,0.3539,873,0.49279358283739144,0.003197,0.003196734349712793,139.0,380.0,0.0195395,0.0468192,0.0013986,0.0419357,0.0207721,-0.6881604,0.338316,0.5785494,-0.2779536,0.7066482,0.0298729,0.8956936,0.4436672,523.0,374.0,-0.0049492,0.0634783,-0.0115486,0.0278705,-0.0558513,-0.6105002,0.4826988,0.215296,-0.5898635,0.5678434,-0.1819295,0.4390552,-0.8798478,847.0,378.0,0.2281223,0.0898794,-0.0089461,-0.0729526,0.0517319,-0.0825569,-0.8957683,-0.4196577,-0.1211236,0.5328814,-0.0995349,-0.811672,0.5755704,0.01035344519814352,1.0,0.005024074271037898,289.7847529579997,0.0,256,1.130506628593818e-09,1.5344615227824275e-10,2.144441248767717e-10,4.316727533862614e-06,0.0005918935005530069,-1.0242403180488318e-11,15.117469948393937,5.45093927689858,6.531082704901328,3.0721085451838106,0.8761068867028743,1.1885205380350679,-0.0182846823271358,0.0,0.015114263748709195,2.460500269694656,0.0027368643617271906,1.5506207640460776,0.014889940513167516,-0.0012876172545101482,0.0023354203832913235,0.6904858640410834,0.5011677101916457,621.4898046711629,289.7846909022424,0.6091702328839825,0.6091702872272706,0.6091702876917213,0.7614628590340883,1.713327521274591e-05,759,0.2052,0.2026,0.0661,0.004016,1057,0.2255,0.219,0.06491,0.001614,3,0.0794,0.6741,1.2e-05,13.847,0.0869,0.8025,-9e-06,13.918,0.0465,0.1003,2.6e-05,13.794,7.9981,1.7313,1.7401,1.7247,0.32349,0.66578,1.53988,0.16989,0.9899,0.9877,0.9978,0.4948,3.8823,1.0732,0.1136,5.3568,23.8514,6.1436,81,0.0313,-0.4451,24,0.1774,-0.8706,0.0,0.0559435,0.1170982,-0.3534099,0.0410431,-0.0652105,0.0093968,0.0776224,205.0,175.0,0.0802742,0.1053114,-0.134909,-0.0108648,0.0483913,0.0479705,0.0689995,179.0,195.0,0.0780508,0.1597219,-0.3434838,0.0174139,-0.0223508,-0.0575566,0.0641527,188.0,190.0
198,2801,209545,6.505699114047873e-11,0.005019234117668905,0.0005821925607758813,0.005019234117668905,0.4353384910484625,9.660094930431246,7.825027557585921,-12.239821398035376,12.54789599917439,0.04954950828857355,12.54789599917439,0.0014761872209292696,12.565449300040441,5.555173396762739,-7.0400086104921575,8.606546960987224,-0.01542878486258696,8.606546960987224,0.18788875080956105,2.0587714872544125,1.2968322753449262,0.16045890321753997,1.9290596415523418,0.8596891410191947,0.014141943216216134,2.850159635347918,1.5670063030695593,0.0002479046082773939,1.414210689907858,0.8907978667489811,7.513144242652666e-05,-0.57513280098579,0,0,0,0.47028409799674353,0.512542535414238,904,0.3637,0.14764,1.3889929105391268,-0.15354424181769852,1.7891014693522727,0.06751502553106428,0.11643247852698883,1.5075908583650033,0.7083176002865551,0.470361182847553,1.5059014776653568,0.4142176327881319,0.0712515646727203,647,257,40,40,0,0.3514,873,0.49243486634098016,0.006333,0.006333425745895793,139.0,380.0,0.0197062,0.0520506,0.0385278,-0.0253438,0.0241363,0.8024662,0.3535955,0.4021563,0.2632272,0.7036592,0.7401995,-0.4869077,0.4637085,523.0,374.0,-0.0068869,0.0287578,-0.0165648,-0.0189119,0.0139629,-0.3489818,-0.2126511,0.8242756,0.3918686,0.5651577,-0.5760089,-0.6576245,0.4855345,847.0,378.0,0.2309684,0.1318486,0.0250524,-0.1251475,0.0330837,0.8882357,0.0169226,-0.4031516,-0.2195901,0.5314074,0.1900089,-0.9491758,0.250922,0.01035344519814352,1.0,0.005097657358428894,289.7847127623652,0.0,256,5.094231138262152e-10,9.843742339597409e-11,1.3468872744810025e-10,5.165770790283031e-06,0.0006000184192775756,-1.0072254339990539e-11,15.005841000845184,5.475658548580672,6.534278811827088,3.1372126485388825,1.3081726740716353,1.6095316098141264,0.052136190146474595,0.0,0.02608643481348142,1.8240028001597555,0.021339063630868977,1.5412835909370055,0.05734030670784665,0.0042302306604130036,0.0019646731047243842,0.6878990534978638,0.5009823365523624,621.4898838335703,289.78472781363433,0.6091702355316142,0.6091702872697593,0.6091702876917111,0.7614628590871991,1.7320561216382882e-05,759,0.2077,0.2046,0.06835,0.052334,1057,0.2243,0.2185,0.07102,-0.015343,3,0.0801,0.666,0.0,13.848,0.0861,0.8177,-3.2e-05,13.918,0.0468,0.1152,-4e-05,13.794,7.9983,1.7313,1.7402,1.7246,0.3229,0.66513,1.53952,0.17137,0.9899,0.9877,0.9978,0.4948,3.8816,1.073,0.1136,5.3964,23.8157,6.1355,81,0.1328,0.2725,24,0.1397,-0.7529,-0.0,0.0638105,0.1429423,-0.3827359,-0.0443071,0.0852153,0.0006802,0.096048,205.0,175.0,0.0887653,0.0689719,0.1254833,0.0369423,-0.029238,0.0570122,0.0739594,179.0,195.0,0.0827836,0.2248396,-0.4617855,-0.0419787,0.0257701,-0.0181816,0.052506,188.0,190.0
199,2801,209545,2.4662474489025358e-11,0.005033591643445184,0.0005867115422404749,0.005033591643445184,0.4351419247297915,9.659183072220006,7.825194302020716,-12.295330444305563,12.654753190283419,0.05266365397635159,12.654753190283419,0.0016533392535134084,12.562487236239473,5.542739779208565,-7.0459436009082514,8.684953429080885,-0.015347654077467845,8.684953429080885,0.18888997186688866,2.0559768911214094,1.2970489377069387,0.1449953982837947,1.9454796602234288,0.8711900999632801,0.028284042168781522,2.864301475476974,1.5760720815966842,0.004519133436185596,1.4142108758205179,0.8903909379263155,0.00012994554135852397,-0.5693036229870022,0,0,0,0.4732379379598014,0.5121522444472061,904,0.3695,0.14959,1.3894921998436547,-0.1530715672200723,1.795296221752647,0.022053464297924742,0.12208882818582019,1.5051840986920277,0.714215954891099,0.47331401564665665,1.508968530997998,0.41771598104909385,0.07128670992763443,654,250,41,41,0,0.3579,874,0.49262709835040497,0.002811,0.0028107698324484343,139.0,380.0,0.020265,0.0733315,-0.0218418,-0.0046318,-0.0698498,0.6366791,-0.2474171,0.7120081,-0.1626931,0.7013374,-0.2978504,-0.063162,-0.9525207,523.0,374.0,-0.0090644,0.0271114,-0.0125031,-0.011386,0.021191,-0.7091191,0.3257606,-0.6224235,0.060159,0.5637468,-0.4611753,-0.4199717,0.7816272,847.0,378.0,0.2320872,0.0811137,-0.0146209,0.0738115,0.0302905,0.6059241,-0.0294589,0.5514563,-0.5726117,0.5302054,-0.1802525,0.9099765,0.3734324,0.01035344519814352,1.0,0.005090635588081038,289.7847446454841,0.0,256,1.1255393614020607e-09,1.307948728643918e-10,1.8889858675414962e-10,2.6510022580138113e-06,0.0006049924604528377,-3.228269323502393e-11,15.532436863379388,5.616918682402879,6.686272048470748,3.125958588612076,1.1233246499098763,1.4364925338027315,0.19204912348072883,0.0,0.009380805050201073,2.6916582244008844,0.023438531407044133,1.236251344537922,0.01659015152215145,-0.0014414607503225685,-0.0009464578982230705,0.6911104779597791,0.49952677105088866,621.4899437459218,289.7847557492209,0.609170264163913,0.6091702872291451,0.6091702876916125,0.7614628590364314,1.7370105029959696e-05,759,0.2077,0.2045,0.06353,0.00651,1057,0.217,0.2111,0.07454,-0.004315,3,0.0812,0.6676,1.2e-05,13.848,0.0844,0.8187,-4e-06,13.919,0.0453,0.1191,6e-06,13.794,7.9984,1.7313,1.7402,1.7246,0.32302,0.66493,1.536,0.16893,0.9899,0.9877,0.9978,0.4948,3.8814,1.0729,0.1136,5.4638,23.7619,6.122,81,0.1422,0.0829,24,0.1322,-0.9601,0.0,0.0536687,0.1056494,-0.3262698,0.0157437,-0.0252397,0.0243661,0.0384527,205.0,175.0,0.0720773,0.0534193,0.1486729,0.0367512,-0.0310002,0.0309321,0.0571704,179.0,195.0,0.141301,0.1033873,0.1549468,0.0337861,0.0991994,-0.0272888,0.1082899,188.0,190.0
200,2801,209545,5.676126210810197e-12,0.005070784753535794,0.0005908583687138042,0.005070784753535794,0.4349465207528644,9.658293173892572,7.8253645856947935,-12.22067345573631,11.445136000827965,0.05491829990056659,12.22067345573631,0.0008913201487068534,12.565398589196418,5.55908310324979,-7.127649517891421,8.760733925058544,-0.014940728468434538,8.760733925058544,0.18931700157593429,2.0539660809761044,1.2971691673539238,0.15766420105185475,1.9542051368403057,0.8695151361836232,0.04196933355248813,2.8784434125255234,1.5849919547616427,2.9375554245980595e-05,1.4142110353698336,0.895720250773423,0.00014544440284961505,-0.5636008541981701,0,0,0,0.4756236297522719,0.511719124268795,904,0.3679,0.14073,1.395005563918481,-0.1553551094363889,1.7996460699042065,0.06149992272382915,0.12144867697591034,1.4978979312554752,0.7184524038890574,0.47569739904190467,1.5103139208582643,0.42029287602246834,0.06594838815091514,653,251,44,44,0,0.3563,874,0.492187278881259,0.006697,0.0066969879753195904,139.0,380.0,0.0191318,0.0289041,0.0172969,-0.0153654,-0.0173254,0.9488201,0.0973859,0.1350451,0.2683641,0.7002565,0.598423,-0.5315994,-0.5994098,523.0,374.0,-0.0082065,0.0500746,0.0063748,-0.0112568,0.0483747,-0.3005234,-0.0829398,-0.3585407,0.8799177,0.5617592,0.1273065,-0.2248013,0.9660525,847.0,378.0,0.2336342,0.0779477,-0.0257614,0.0381839,-0.0628823,-0.3435518,0.2589485,-0.2726458,0.8605708,0.5301147,-0.3304954,0.4898652,-0.8067248,0.01035344519814352,1.0,0.0051179959985898586,289.7847782132773,0.0,256,9.224973028559637e-10,1.5908370311219946e-10,2.2000498873439656e-10,5.7436178690481105e-06,0.0006087602043195127,3.456648293376325e-11,15.453166934335663,5.543023508018921,6.616689399601746,3.112028617442842,1.0365375321109316,1.3418373357653377,-0.0762202749917399,0.0,0.0220917308353461,0.8797326368447441,0.020384597032706626,1.3872005407089703,0.028699878387642253,-0.0006734049700096685,-0.00023093714882459253,0.6911128239496436,0.4998845314255878,621.4899972506355,289.78478069709104,0.6091702170387739,0.6091702871892141,0.6091702876916126,0.7614628589865176,1.749845088944209e-05,759,0.2077,0.2045,0.06248,0.022748,1057,0.2123,0.2064,0.07286,-0.006383,3,0.0804,0.6821,6.5e-05,13.847,0.0818,0.8069,4.9e-05,13.919,0.0443,0.1185,2e-06,13.794,7.9984,1.7313,1.7402,1.7246,0.32281,0.66575,1.53226,0.16864,0.9899,0.9877,0.9978,0.4948,3.8815,1.0729,0.1136,5.4233,23.794,6.1301,81,0.0696,-0.1527,25,0.1407,-0.6311,-1.0,0.011867,0.0636425,-0.6856825,-0.0260799,0.0199503,0.0103897,0.0344401,205.0,175.0,0.0641739,0.1430186,-0.3805384,0.0005528,0.0706629,-0.070144,0.0995677,179.0,195.0,0.0834856,0.1151349,-0.1593457,0.0244826,-0.0305849,-0.0398196,0.0558609,188.0,190.0
201,2801,209545,7.771002749406075e-12,0.0050843212240794305,0.0005946345994118215,0.0050843212240794305,0.4347506134782894,9.657506364796012,7.825537549047407,-11.786230637513365,12.670730677455001,0.054533559000593736,12.670730677455001,0.00011921059717323601,12.563739474409347,5.552234027308411,-7.166831190989441,8.816357988972523,-0.014584008518546718,8.816357988972523,0.18947994470746002,2.0515534950298253,1.2972850964218363,0.18303482181579311,1.9473884224672315,0.8641691888011945,0.055931752752546214,2.8925854104842452,1.5937966416959284,0.00044185284073627873,1.4142108260703639,0.8646886150136319,0.00015853337951333808,-0.5578103239985818,0,0,0,0.4793181535448962,0.5113301210757989,904,0.3681,0.14424,1.4021409949336698,-0.15700451946908864,1.804279597256405,0.0625701978493425,0.12745966712956636,1.4910188368154307,0.7242243507731942,0.47939875543285526,1.510693014042731,0.4237621019998331,0.07120368045565958,650,254,50,50,0,0.3564,874,0.4917968263678942,0.00478,0.0047798806236518665,139.0,380.0,0.017552,0.0411196,-0.0227543,0.0326041,0.0104898,-0.6899563,-0.545194,0.1070479,-0.4639661,0.6999834,-0.553368,0.7929098,0.2551037,523.0,374.0,-0.0088025,0.0320815,0.0101718,-0.0256131,0.0164234,-0.5555646,0.0799479,0.2033122,-0.8022596,0.5600842,0.3170605,-0.7983755,0.5119269,847.0,378.0,0.2373193,0.069327,0.044237,-0.049621,-0.019674,-0.2709345,-0.2453573,-0.6049041,0.7074498,0.5300583,0.6380924,-0.7157537,-0.2837863,0.01035344519814352,1.0,0.005137007607734148,289.7848114440974,0.0,256,7.529745809640596e-10,1.778942458330227e-10,2.4422859225262195e-10,3.6698168238201106e-06,0.0006127408169698675,1.473367721852765e-11,23.667798714755595,5.8538995403618515,7.2144098060375095,3.141301035699267,1.2536195955187064,1.562811157015144,0.06229891767739275,0.0,0.005538932687570708,2.181562146554535,0.00877267629925248,0.9313740870264006,0.007087676693083487,-0.0016693539097618769,-0.0010090723869256224,0.6857087731211323,0.49949546380653737,621.490028685651,289.78479535442926,0.6091702241996861,0.6091702871924665,0.60917028769143,0.7614628589905831,1.754516215338666e-05,759,0.207,0.2038,0.07263,-0.007453,1057,0.2115,0.2062,0.06751,-0.000973,3,0.0801,0.6836,2e-06,13.848,0.0814,0.7961,6e-06,13.919,0.044,0.1026,3e-06,13.794,7.9986,1.7313,1.7402,1.7246,0.32256,0.66643,1.52836,0.16938,0.9899,0.9877,0.9978,0.4948,3.8816,1.073,0.1136,5.4099,23.8049,6.1328,81,0.0194,-0.9249,25,0.1135,0.19,0.0,0.0396091,0.0804048,-0.3399247,0.0318857,-0.0219158,0.0272835,0.0473433,205.0,175.0,0.0388935,0.0574478,-0.1925889,0.0260367,0.0265497,-0.0032224,0.0373253,179.0,195.0,0.1365927,0.094739,0.1809253,-0.0002592,-0.0983993,-0.0490276,0.1099372,188.0,190.0
202,2803,209547,0.0,0.005071104434225403,0.0005970534059724424,0.005071104434225403,0.4317669572462618,9.654645568485096,7.826048617712028,-12.343615642643588,13.179727611249731,0.054473806500212385,13.179727611249731,0.0007897346886489701,12.56619598869348,5.577627504995752,-7.232327372072439,8.86925679848389,-0.013352366626722883,8.86925679848389,0.1902606225382502,2.0501844661500526,1.2974599594702092,0.1510780136988561,1.9609086633349437,0.8736550608909975,0.0,2.9067273252242,1.601483987768425,0.0008335155183363252,1.414210826781288,0.9001153212675633,0.00019094868663738847,-0.5518232165609938,0,0,0,0.4826477931630254,0.5109827299601167,904,0.364,0.14587,1.4087782720081372,-0.15578881013555695,1.8078851774447766,0.07272124857578918,0.12064510004775601,1.4880023502115804,0.7290521807822928,0.48272830820122026,1.5102743476945526,0.42658692064387965,0.07191370935238052,646,258,47,47,0,0.3522,874,0.4914490570017456,0.005874,0.005874013394269628,139.0,380.0,0.0165533,0.0528528,-0.0131444,0.0502115,-0.0099724,0.7823001,-0.3263229,-0.0186735,0.5302558,0.6997649,-0.2486978,0.9500252,-0.1886835,523.0,374.0,-0.010052,0.0611727,-0.0041972,-0.0034984,-0.0609282,-0.9527215,-0.1778488,0.1951639,-0.1503413,0.5577094,-0.0686126,-0.0571892,-0.9960029,847.0,378.0,0.2391466,0.0378339,0.0182159,-0.029431,-0.0152775,0.0078359,0.110612,-0.0622465,-0.9918815,0.5291495,0.4814701,-0.7779006,-0.4038033,0.01035344519814352,1.0,0.005104336641007376,289.7848273376516,0.0,256,5.269179827719877e-10,1.208393564747764e-10,1.6453031723888192e-10,4.630830772391776e-06,0.0006161512538648132,-1.9453201052760314e-11,19.66609542830267,5.177584766700855,6.272536409039498,3.1395197190071187,1.097674499859496,1.4410678930700338,-0.0011274921324158707,0.0,0.009422729507201136,2.2984362723175433,0.02236698955335933,1.9068645607384846,0.02493580919130816,-0.0003520574205358182,-0.0005218205125329449,0.6931775453918763,0.4997390897437336,621.4900227662283,289.7847925943549,0.6091702321318788,0.6091702872084409,0.609170287691728,0.7614628590105511,1.749955333689305e-05,760,0.2118,0.2089,0.07577,0.010341,1058,0.211,0.2058,0.06397,0.004837,3,0.0809,0.703,-4.2e-05,13.848,0.0804,0.8086,-2.4e-05,13.919,0.0448,0.1499,1.2e-05,13.795,7.9988,1.7313,1.7402,1.7246,0.32226,0.66738,1.52467,0.16789,0.9898,0.9878,0.9979,0.4948,3.8834,1.0734,0.1137,5.3717,23.8684,6.1463,81,0.0578,-0.4281,25,0.1131,0.8948,0.0,0.1264314,0.0462712,0.4641516,-0.0581661,0.0535984,-0.015656,0.0806299,205.0,175.0,0.044861,0.0851701,-0.3099953,-0.0062526,0.0210511,0.0214952,0.0307292,179.0,195.0,0.0681825,0.0674918,0.0050913,0.0370401,-0.0321407,0.0324223,0.0587894,188.0,190.0
203,2806,209551,0.0,0.005132594082681901,0.0006046890141216131,0.005132594082681901,0.4282953681882153,9.6531583140651,7.8257722498474855,-11.005550968941147,12.682430928886614,0.055290522745401006,12.682430928886614,0.0015004972195421422,12.564775839705373,5.570217137097761,-7.263836405450164,8.907619197982624,-0.013321785595412338,8.907619197982624,0.19249724091279685,2.043069395820775,1.297897501429701,0.1345025931860515,1.9697087628838792,0.8659472743418437,0.0,2.920865049018321,1.6087201640334152,0.0022803691457944364,1.4141886260426497,0.9067318755392358,7.260653774352407e-07,-0.5459434764767779,0,0,0,0.4897580827371697,0.5106731444589896,904,0.3632,0.14842,1.4126236070434108,-0.15538216860345094,1.8189922766168107,0.02847302707265618,0.12294056422181118,1.483495278475272,0.7408543218403276,0.4898418623308344,1.5124357038720424,0.43366677507824236,0.07160464837455181,653,251,46,46,0,0.3513,874,0.4911427353146916,0.000371,0.0003707211983308145,139.0,380.0,0.0160325,0.0334029,0.0130119,-0.0034297,-0.0305725,0.333079,0.7676688,0.5303572,-0.1358833,0.6991859,0.3895452,-0.1026767,-0.9152661,523.0,374.0,-0.0117302,0.1068855,-0.0797896,0.042528,0.0570043,0.428654,-0.7246779,0.1853142,0.5067112,0.5548489,-0.7464962,0.3978838,0.5333216,847.0,378.0,0.2399714,0.0942937,0.0253284,-0.0899126,-0.0128645,-0.0400603,0.5930398,0.2255251,0.771905,0.527414,0.2686121,-0.9535378,-0.1364302,0.010346057795219408,1.0,0.005199440259713671,289.78481466724503,0.0,256,1.2468144037698613e-09,1.7460577850907601e-10,2.625162254356469e-10,2.813103464469002e-06,0.000625586573423258,2.833604771488057e-11,16.478877535688536,5.133303378519408,6.271657288823129,3.0190473964883155,0.7236826479086438,1.0165718894560491,0.09430182460886621,0.0,0.020767489719133007,1.333226437166554,0.01398316982676584,1.7187545870320748,0.022880999235204858,0.000500726348325146,0.0028933340257154016,0.6916281209490798,0.5014466670128578,621.4900767232141,289.7848177531078,0.6091702301724555,0.609170287184754,0.609170287691728,0.7614628589809425,1.771174253530008e-05,761,0.2128,0.2094,0.06198,0.032834,1060,0.2098,0.2046,0.07801,-0.007577,3,0.0811,0.7113,-5.7e-05,13.849,0.0799,0.8079,-5.5e-05,13.919,0.0447,0.1605,-2e-05,13.795,7.9989,1.7313,1.7402,1.7246,0.32158,0.66615,1.52342,0.16775,0.9898,0.9878,0.9979,0.495,3.8838,1.0736,0.1137,5.5483,23.7658,6.1192,81,0.0428,-0.9986,25,0.1251,0.8892,-1.0,0.0520796,0.0778431,-0.1982986,-0.0099835,0.0538446,0.014789,0.0567242,205.0,175.0,0.1522833,0.0729202,0.352406,-0.0467139,0.0203333,-0.0050942,0.0512014,179.0,195.0,0.1015645,0.1129982,-0.0532882,-0.0151203,-0.0331961,0.0373633,0.0522171,188.0,190.0
204,2806,209551,1.4435585817924791e-11,0.005164029483156963,0.0006090767714804999,0.005164029483156963,0.4280927683466674,9.652297065757217,7.825949040118026,-12.347721398486811,11.418658274768992,0.05781523380665949,12.347721398486811,0.0035990496937849344,12.564144268471452,5.595530104272868,-7.425138757603571,8.985802730581245,-0.01277757824184563,8.985802730581245,0.19340760289510114,2.0406219816791276,1.298115741794641,0.16374513236467148,1.9735668982824284,0.8731120429078255,0.014141773741786679,2.9350069956879246,1.6180512113791394,0.00011816634435890538,1.414188931002669,0.8952660982651135,3.959896884800748e-06,-0.5398749433475906,0,0,0,0.49353633229508276,0.5103083216573397,904,0.3618,0.15018,1.4188605378894072,-0.15765473792099485,1.8252715812089684,0.005981256180853741,0.1263243927050687,1.4815260067563794,0.7471634586427445,0.49362650773523414,1.5136210210240566,0.4373732555974225,0.07141249499762872,651,253,48,48,0,0.3499,874,0.4907730894491238,0.004405,0.004404713894785139,139.0,380.0,0.014866,0.049367,-0.0246276,0.0424498,-0.0053477,0.0964618,0.4588078,-0.2617216,0.8436186,0.6992753,-0.4988675,0.8598818,-0.1083261,523.0,374.0,-0.011847,0.0558731,0.0125733,0.0003223,0.0544391,-0.8855176,0.2375175,-0.2075022,-0.3411552,0.5524271,0.2250336,0.0057685,0.9743339,847.0,378.0,0.2422481,0.096755,-0.0215585,0.0151773,0.0930935,0.6331483,0.1623348,0.0971967,0.7505488,0.5263449,-0.2228155,0.1568636,0.9621575,0.009978617248752673,1.0,0.005224838429419361,289.784841645617,0.0,256,1.5300295108413337e-09,1.9705086751610443e-10,3.1082101105679506e-10,4.138405931812161e-06,0.0006299394254221385,-4.1618703751365795e-11,17.25170887963515,5.270835188552075,6.449918426686114,3.0665511245331474,1.0909160136269769,1.4207210321961359,-0.013765164902819024,0.0,0.026263221059742,1.553059715367176,0.020430290238747685,1.2710154138774152,0.03574732836409312,-0.0008474934711086296,-0.0005978512068958616,0.6968120197136571,0.4997010743965522,621.4900926759311,289.78482519144893,0.6091702145857352,0.6091702871806028,0.6091702876917042,0.7614628589757535,1.7820220502385867e-05,761,0.2143,0.2109,0.05318,0.00877,1060,0.2128,0.2078,0.08192,-0.003644,3,0.0814,0.7098,2.9e-05,13.849,0.0808,0.8077,1e-06,13.92,0.0457,0.158,9e-06,13.795,7.999,1.7314,1.7402,1.7246,0.32174,0.66515,1.51969,0.1684,0.9898,0.9878,0.9979,0.495,3.8838,1.0736,0.1137,5.5348,23.7766,6.122,81,0.1,-0.2709,25,0.2343,0.3819,1.0,0.0941903,0.0556684,0.2570549,0.0003324,0.0417719,0.0434791,0.0602945,205.0,175.0,0.100751,0.0506948,0.3305224,0.0133175,0.0454636,0.030089,0.0561216,179.0,195.0,0.1086388,0.1204654,-0.0516207,-0.0122143,0.0597249,0.0139685,0.062541,188.0,190.0
205,2806,209551,1.020209784753145e-11,0.005221503714910964,0.0006147658347030866,0.005221503714910964,0.4278844105767811,9.651370868574809,7.826124596770375,-11.362224210105783,12.672090364508351,0.059852482733743224,12.672090364508351,0.0020399006092954013,12.561046740011385,5.5907132185870285,-7.524011484447182,9.068825615790427,-0.012626579936726107,9.068825615790427,0.19552674748334917,2.0333470190391973,1.2984370201129452,0.20012118139019008,1.9825844790543379,0.8763427331970949,0.014141787883902303,2.9491457099596174,1.627004336013061,0.0012083229369687087,1.414210590877977,0.8938225896482352,1.068783185899044e-05,-0.5338465053164496,0,0,0,0.4992476858124638,0.509950031674905,904,0.3649,0.15059,1.426593337513445,-0.15810124714430393,1.836915915308566,0.0707576649572879,0.12296900240862157,1.4813486382747547,0.7581847804887165,0.49934942107388736,1.5183451677147934,0.4439475529108418,0.07130882029003621,656,248,41,41,0,0.3531,874,0.4904178628909761,-0.002394,-0.002393843228661874,139.0,380.0,0.0147596,0.0630029,-0.054308,0.0310539,0.0074602,-0.4545121,-0.5361952,0.5707546,-0.4244439,0.6975599,-0.8619926,0.4928973,0.1184106,523.0,374.0,-0.0131046,0.0843756,-0.0003657,0.0821761,-0.0191364,-0.5841552,0.4048982,0.3145001,-0.6292137,0.5504509,-0.0043346,0.9739317,-0.2267999,847.0,378.0,0.246004,0.0561469,-0.032145,-0.0231634,0.0397823,0.4764488,-0.6908179,-0.3879237,0.3811594,0.5248047,-0.5725154,-0.4125501,0.7085397,0.009978617248752673,1.0,0.005298585415800038,289.7848423272182,0.0,256,1.0996703267387259e-09,1.5094455660395022e-10,2.4383034208322153e-10,3.1906405320738054e-06,0.0006363955782952337,-3.5284404139622175e-12,14.095427698289868,5.305838049464963,6.4492984084768095,3.1168161679258564,1.1539635856684343,1.5258393086858173,-0.11739216127226498,0.0,0.019603541258291654,2.2288966652493323,0.02238184065662695,1.4803423859995268,0.04922921522524725,0.0016127208723989393,-0.0003432229035331292,0.7003556809583323,0.4998283885482336,621.4901599397291,289.7848565548257,0.6091702211829605,0.6091702871369968,0.6091702876917208,0.761462858921246,1.8018552718689373e-05,761,0.2137,0.2102,0.06138,0.027429,1060,0.2108,0.2058,0.08184,-0.016525,3,0.0821,0.6912,-5.8e-05,13.849,0.0808,0.797,4e-06,13.92,0.0452,0.1144,-3.2e-05,13.796,7.9992,1.7313,1.7401,1.7246,0.32101,0.66485,1.51921,0.16891,0.9899,0.9878,0.9979,0.495,3.8839,1.0736,0.1137,5.5213,23.7874,6.1246,81,0.1364,-0.0464,25,0.1626,-0.0108,0.0,0.0338317,0.1504911,-0.6329077,0.0749346,-0.0408154,0.018189,0.0872464,205.0,175.0,0.0762054,0.1268559,-0.2494343,0.0397905,-0.0228115,0.0431695,0.0629862,179.0,195.0,0.1042364,0.0527846,0.3276747,-0.0221536,-0.0063581,0.0744485,0.0779345,188.0,190.0
206,2807,209552,0.0,0.005215728936747894,0.0006182676606008614,0.005215728936747894,0.42606879365746264,9.6476880493607,7.826441699667613,-12.239286235799046,13.273823193779714,0.06181158582632779,13.273823193779714,0.0021880226551541544,12.565946855931621,5.606782858967047,-7.621620483354532,9.17319220725699,-0.013209001863855716,9.17319220725699,0.19678131058266385,2.030085294420657,1.2986524386679257,0.1744280516719794,1.9851732461197913,0.8722753489295318,0.0,2.9632875612887983,1.635585689112265,0.002740190032574419,1.4142106940472423,0.9283246798021659,1.9527465771378902e-05,-0.5278350714817177,0,0,0,0.501674346851554,0.5096101937686867,904,0.3659,0.14327,1.4306208554937254,-0.15473921142867877,1.8431297293366404,0.053886720613913,0.12290750866550869,1.4783135234031337,0.7637645423617745,0.5017725852807863,1.5221328641029293,0.4471982273969924,0.07129615687694546,658,246,44,44,0,0.354,874,0.49007705158856246,0.002168,0.0021680196923352657,139.0,380.0,0.0168571,0.0371546,-0.0134915,0.0320665,0.0130452,-0.2300844,-0.1627598,0.7071525,0.6484641,0.6962156,-0.3631195,0.8630579,0.3511059,523.0,374.0,-0.0116163,0.099563,0.0118966,0.0975065,0.0162398,-0.785259,-0.2789335,-0.0373825,-0.5515133,0.5488302,0.1194885,0.9793454,0.1631105,847.0,378.0,0.2481287,0.0065629,0.0047176,0.0018695,-0.0041618,-0.2872749,-0.2106657,-0.830557,0.4280983,0.5234393,0.7188297,0.284861,-0.6341435,0.009978617248752673,1.0,0.005278397011290838,289.7848732407791,0.0,256,1.1031409758261982e-09,2.351734668760277e-10,3.2789680363464613e-10,3.372302573595606e-06,0.0006397873539358156,1.0939386464199682e-10,12.550112839123795,4.9926494726830475,6.068108111367711,3.126283432214658,1.1619665443792004,1.4930360921605466,-0.07778829573872105,0.0,0.023249569257768884,1.2093758805649508,0.03043028491031973,1.399415579472893,0.03342972135393184,-0.002413266884793155,-0.0012479125370721562,0.6954139354570413,0.499376043731464,621.4901723324214,289.78486233321894,0.609170220663955,0.6091702872122888,0.609170287691728,0.761462859015361,1.7998624547718476e-05,762,0.2106,0.207,0.0802,0.003943,1060,0.2067,0.2015,0.0856,-0.008701,3,0.081,0.6998,1.6e-05,13.849,0.0793,0.7982,-7e-06,13.92,0.0436,0.1283,-3.3e-05,13.796,7.9993,1.7313,1.7402,1.7246,0.32103,0.66402,1.5161,0.16873,0.9899,0.9878,0.9979,0.4952,3.8862,1.0742,0.1137,5.3351,23.9599,6.1654,81,0.1427,0.4487,25,0.0687,-0.9986,0.0,0.0488682,0.086822,-0.279709,-0.0292472,-0.0512797,0.003494,0.0591373,205.0,175.0,0.1078826,0.0980547,0.047723,-0.0230847,0.0083182,-0.0094729,0.0263027,179.0,195.0,0.0936546,0.1629881,-0.2701557,-0.0739936,-0.0846953,-0.0406121,0.1195729,188.0,190.0
207,2807,209552,4.197103077711117e-12,0.005269171167884427,0.0006244825774769027,0.005269171167884427,0.4258445153497118,9.646773406568721,7.8266155742601775,-12.053017968856825,12.679575092652641,0.06475500389124225,12.679575092652641,0.0008132744999290731,12.564474841541946,5.608463543213292,-7.694632172008344,9.222684355403606,-0.01324542402047392,9.222684355403606,0.19905780761093328,2.022947219997614,1.2988698545968742,0.1228269299119289,1.9736191116539596,0.8633188196696211,0.014135119420030989,2.9774257153973203,1.6445990712006988,0.003983022004425907,1.4141882584841232,0.9073209929835591,2.906075258248225e-05,-0.521750830995358,0,0,0,0.5066917522751611,0.5092424258523561,904,0.3699,0.14285,1.4325248321841382,-0.15320245224733503,1.8566693732584156,0.029597769552615845,0.11987754298269024,1.4800591464921184,0.7741730254712161,0.5067884834203948,1.5276057976815123,0.45340011133767627,0.06819209261756518,662,242,40,40,0,0.358,873,0.48912024219918915,-0.002822,-0.002822054468611057,139.0,380.0,0.0185705,0.0341481,7.22e-05,0.0157124,0.0303184,0.0937743,-0.1225777,0.9326311,-0.32616,0.6939527,0.0021141,0.4601242,0.887852,523.0,374.0,-0.0132087,0.0597074,-0.0531361,0.0253679,-0.0098992,0.6316055,-0.4341012,0.2944669,0.570894,0.5463429,-0.8899422,0.4248706,-0.1657944,847.0,378.0,0.2499771,0.0697118,-0.0391139,0.0273304,0.0508221,0.1804799,-0.6568523,0.7231657,0.1140323,0.5218222,-0.5610802,0.3920482,0.7290317,0.009618810117563235,1.0,0.005345941332674413,289.7848813654266,0.0,256,9.711090663770417e-10,2.1064541815016929e-10,2.7696120853292803e-10,5.638191079130483e-06,0.0006467826888874083,5.412649801008623e-11,12.545937908979173,5.427376236085597,6.477529714986819,3.1099526663916146,1.1610244494998576,1.5076691478414035,0.14294517243399266,0.0,0.015388732699867695,0.5763505418866711,0.01411852097387338,1.3716134239874145,0.028471133125958312,0.003525098424190198,0.00013302641281548252,0.6963138906428707,0.5000665132064079,621.4902346691907,289.7848913992492,0.6091702138868503,0.6091702871790492,0.6091702876916961,0.7614628589738115,1.8183043092556753e-05,762,0.2038,0.1999,0.08038,0.0465,1060,0.202,0.1969,0.09816,-0.024185,3,0.079,0.6989,5e-06,13.849,0.0781,0.8003,5.9e-05,13.921,0.0413,0.1306,-1e-05,13.797,7.9996,1.7312,1.7402,1.7247,0.32038,0.6625,1.51625,0.16743,0.9899,0.9878,0.9979,0.4952,3.8861,1.0742,0.1137,5.3214,23.9696,6.168,81,0.1173,0.9822,25,0.2056,-0.3401,0.0,0.0344556,0.0640808,-0.3006522,-0.0262034,-0.0256497,-0.0091028,0.0377807,205.0,175.0,0.0893242,0.0441977,0.3379713,-0.0139129,0.0161694,-0.0294518,0.0363652,179.0,195.0,0.1055177,0.1088713,-0.0156424,-0.0119246,0.0838321,-0.0014846,0.0846889,188.0,190.0
208,2807,209552,1.3100729320027028e-12,0.0053099748737987515,0.0006301876929432585,0.0053099748737987515,0.42561413507668616,9.645802083975713,7.826787423659967,-12.289083179683097,12.116724240292978,0.06442556933988443,12.289083179683097,0.0033548649595876476,12.565512557223446,5.606712769974153,-7.765691601876146,9.285183642665867,-0.012880828233454851,9.285183642665867,0.2011795146344758,2.020947369934503,1.2991571907664698,0.1963756007681544,1.983032176554719,0.8748134550217541,0.014135133562146613,2.991564024743374,1.6534811601260075,0.0030414924328454607,1.4142100040976195,0.9045583128037495,4.357174423623639e-05,-0.5153801273820068,0,0,0,0.5115717921303287,0.508947652403495,904,0.3713,0.14551,1.4388775583107067,-0.15404373465374901,1.8677230845065222,0.03940328729949937,0.12224982724488363,1.4792808764529521,0.7844154234367623,0.5116690723161368,1.5330522516946423,0.4593695291387024,0.06828969310839883,666,238,43,43,0,0.3594,873,0.4888291725779085,0.002184,0.0021840730625033444,139.0,380.0,0.0202822,0.0538259,0.0275436,0.0122038,0.0446054,-0.8876119,0.1842835,-0.3760858,-0.1916877,0.6919831,0.5117169,0.2267283,0.8286978,523.0,374.0,-0.0145653,0.1114514,-0.0025282,0.0918448,0.0630837,0.3717067,-0.6336957,0.0645375,0.6753509,0.5436261,-0.0226846,0.8240797,0.5660195,847.0,378.0,0.2529476,0.0648248,0.049976,0.0408141,-0.0062332,0.6084383,0.1781069,-0.0446255,0.7720682,0.5199172,0.7709405,0.629607,-0.0961546,0.009618810117563235,1.0,0.005399915197883214,289.78489897370656,0.0,256,7.318820005580179e-10,1.4505451491182093e-10,2.0699222374876668e-10,6.286716433400376e-06,0.0006540576603651223,-1.4786247037526502e-11,12.528112056231524,5.3250192761691135,6.397426894818109,3.138171166389557,1.2337530609479235,1.581458043796597,-0.07417936687807257,0.0,0.038163973679310854,1.2274267111994626,0.009968487997765868,2.033213378235064,0.03887734762136124,0.006351499762476299,0.003139081981748591,0.6927807325592771,0.5015695409908744,621.4901227194316,289.7848391999595,0.6091702111326354,0.6091702871272618,0.6091702876916651,0.7614628589090773,1.8323853271477475e-05,762,0.206,0.2022,0.06386,0.054484,1060,0.2035,0.1985,0.102,-0.023721,3,0.0801,0.7041,-1e-06,13.849,0.0789,0.8009,-2.1e-05,13.922,0.042,0.1387,-4.9e-05,13.797,7.9997,1.7312,1.7403,1.7247,0.32018,0.66083,1.51594,0.16802,0.9899,0.9878,0.9978,0.4952,3.886,1.0742,0.1137,5.3212,23.9689,6.168,81,0.13,0.7191,25,0.2118,-0.1581,1.0,0.0599721,0.0956776,-0.2293967,0.0335399,-0.0157869,-0.0446538,0.0580354,205.0,175.0,0.102497,0.1235106,-0.0929775,0.0157618,-0.016546,0.0029223,0.0230379,179.0,195.0,0.0901544,0.0365681,0.4228631,0.0292504,0.0395285,0.0115174,0.0505049,188.0,190.0
209,2807,209552,5.769427618092879e-13,0.005296338448558726,0.000632873139820015,0.005296338448558726,0.42538024574295086,9.644831846949382,7.826958525238582,-11.605862522363257,12.666067488227473,0.06382148684229527,12.666067488227473,0.0006520783848321347,12.566213900903582,5.626839995502372,-7.848545297900169,9.36699311484975,-0.012894848994041929,9.36699311484975,0.2021688345685955,2.018910285008305,1.2993072815334814,0.1598685486072824,1.9988709755464658,0.878491265730615,0.028277180575854287,3.0057058847477762,1.6627349571228136,0.00015472502768099083,1.4142107716621648,0.9242364065389742,6.539464674248882e-05,-0.5090930106730192,0,0,0,0.5123999619020231,0.5086272482905211,904,0.3701,0.14673,1.4450463066972188,-0.15310285399810747,1.8743940586418375,0.07743664977307675,0.12198363259104646,1.4753162376821645,0.7888051205400399,0.5124886131062829,1.5391661402171541,0.4620085672796815,0.06826256645373999,665,239,41,41,0,0.3581,873,0.48851301284919374,-0.004321,-0.0043205926397142935,139.0,380.0,0.0224901,0.0773408,-0.0200499,0.0647512,0.0372409,-0.1628572,-0.9199148,-0.1742439,0.3112449,0.6895636,-0.2592411,0.8372191,0.4815166,523.0,374.0,-0.014445,0.0377866,-0.0047051,-0.0317252,-0.01998,0.2751706,-0.1486575,0.2845168,-0.9062187,0.5412218,-0.124517,-0.8395886,-0.5287594,847.0,378.0,0.2564516,0.1085373,0.0782379,-0.0483716,-0.0576139,-0.3751782,-0.2572151,-0.8834122,-0.112537,0.5186581,0.7208389,-0.4456681,-0.5308212,0.009618810117563235,1.0,0.005370790433968611,289.7848593622008,0.0,256,1.2001146216183443e-09,1.9359082830240143e-10,2.8152354373690244e-10,6.7633478520428705e-06,0.0006570123443390652,-4.08546020056012e-11,19.180034354883492,6.076399755347937,7.311170991268025,3.1345066727043753,1.3055389360266985,1.6396834890437346,0.1347086377269624,0.0,0.0037997562960338798,2.5443183295664578,0.02591540672337171,1.9719937094787605,0.0061309116728313715,-0.0014733375753192871,0.0016073343244573095,0.6884715856430663,0.5008036671622288,621.4902278783429,289.7848882328517,0.6091702323314333,0.6091702871168234,0.6091702876915885,0.7614628588960293,1.827679310973229e-05,762,0.2075,0.2037,0.06549,0.002619,1060,0.2029,0.198,0.0967,-0.006824,3,0.0804,0.7099,-2.8e-05,13.85,0.0785,0.7972,1.8e-05,13.922,0.0422,0.1408,2.5e-05,13.798,8.0,1.7312,1.7402,1.7247,0.32004,0.66016,1.5129,0.168,0.9899,0.9877,0.9978,0.4952,3.8858,1.0741,0.1137,5.3075,23.9783,6.1707,81,0.1322,-0.0052,25,0.1049,-0.7679,-1.0,0.0879528,0.1295088,-0.1910957,-0.0266435,0.0031871,-0.0731809,0.0779453,205.0,175.0,0.0832527,0.0805225,0.0166707,-0.0634013,-0.0120469,0.0333122,0.0726261,179.0,195.0,0.13365,0.0997114,0.1454338,0.0365179,-0.0610602,0.0023462,0.0711857,188.0,190.0
210,2807,209552,9.982666933840432e-14,0.0052986655131212574,0.0006357142145415928,0.0052986655131212574,0.4251433668020291,9.643868344874491,7.827131633362184,-12.251679183289854,11.06060441618416,0.0642000790659476,12.251679183289854,0.0018931765917860781,12.564908845316166,5.641138537793181,-7.8560667971896025,9.48795681931613,-0.012843343662094765,9.48795681931613,0.20249789711029154,2.016843194741444,1.2994796194273495,0.19848133446769844,2.0096289287857236,0.8769842666547789,0.04106794788051893,3.0198478484946616,1.671968907662322,0.0006285960055648632,1.414210582903163,0.8952751888892467,9.346008052886898e-05,-0.5027094993981398,0,0,0,0.5140097763090735,0.5082952461061282,904,0.365,0.14235,1.4473200425498145,-0.15743398868063185,1.8813554238874395,0.05192643723907982,0.12069449704522504,1.4698699359438547,0.794118374257326,0.5141048705116075,1.544662227119275,0.4650400105697413,0.07422031988112195,658,246,44,44,0,0.3528,873,0.4881739365253336,-0.001354,-0.0013541347121936997,139.0,380.0,0.0244545,0.0455299,0.0417374,-0.0181658,-0.0009827,-0.461422,0.1657383,-0.3813744,0.7836926,0.687228,0.916703,-0.3989859,-0.0215841,523.0,374.0,-0.0148142,0.0517582,-0.0324327,0.0302319,0.0267033,0.1435009,-0.26857,0.3390439,0.8901275,0.5394751,-0.6266185,0.5840994,0.5159236,847.0,378.0,0.2572492,0.1114444,-0.0101853,-0.0417594,0.1028216,-0.5252863,0.6586944,0.5333955,-0.0754007,0.5177336,-0.0913938,-0.3747107,0.9226262,0.009618810117563235,1.0,0.005373516293927778,289.78490792037354,0.0,256,1.297969971375364e-09,2.7203199852614283e-10,3.6462060783089623e-10,6.465986156571236e-06,0.000659257968478315,2.429133397347192e-11,23.405132372944863,7.174676972447286,8.948934025254877,3.1374046095412194,1.2649651128388173,1.564133302529533,0.01718689379863099,0.0,0.0118026631592594,1.7807876505156695,0.013582119779692599,2.516171101770504,0.039025105138546054,-0.0011006572926271592,0.00025436252544016263,0.6929260217941864,0.5001271812627202,621.4901902857125,289.78487070437626,0.6091702462415062,0.6091702871966094,0.6091702876915098,0.7614628589957617,1.8284824532909055e-05,762,0.2083,0.2044,0.07465,0.005762,1060,0.2025,0.1976,0.08928,0.001389,3,0.0797,0.7137,6.8e-05,13.85,0.0774,0.7962,4e-05,13.922,0.0422,0.1445,4e-06,13.798,8.0001,1.7312,1.7403,1.7247,0.31977,0.6598,1.50936,0.16807,0.9899,0.9877,0.9978,0.4952,3.8852,1.074,0.1137,5.3066,23.9746,6.1708,81,0.1168,-0.6978,25,0.0883,-0.9982,-2.0,0.0556434,0.0668891,-0.0917774,-0.006844,0.0003415,-0.0404203,0.040997,205.0,175.0,0.0925328,0.063415,0.1867147,-0.0236682,-0.030796,0.0451498,0.0595574,179.0,195.0,0.1282172,0.0925518,0.1615508,0.006293,-0.0399044,0.0361087,0.054183,188.0,190.0
211,2807,209552,2.2577044613469098e-13,0.005270967465346006,0.0006360916778706493,0.005270967465346006,0.42490136424327934,9.64291372495451,7.827306597711362,-12.092486476877015,12.10913662757526,0.06538942665317089,12.10913662757526,0.005882168256331255,12.565774697009624,5.616622769553013,-7.9223664952175135,9.551482180621049,-0.012683969428311221,9.551482180621049,0.20355861835720293,2.017172032395387,1.2996743376399424,0.17925131076008127,2.0136221995762797,0.8738946758463164,0.05514776071814453,3.0339897921450167,1.681082182112546,0.0016116480025455404,1.4142103386145708,0.9193100709535172,0.0001283191760911936,-0.49626159788361957,0,0,0,0.5117996005217152,0.5079826751330137,904,0.3597,0.14551,1.4522931123765803,-0.15688279685348439,1.8866752436515297,0.07752843880867402,0.12252100268205378,1.4690469941261808,0.7947802293803037,0.511891376112422,1.5526345362883267,0.46535557547183287,0.0826835026066699,654,250,46,46,0,0.3473,873,0.4878634515130479,-0.005055,-0.005054874604156989,139.0,380.0,0.0286753,0.0892241,0.062133,-0.0144052,-0.0623933,0.7986563,-0.5470675,0.189267,0.1644483,0.6843918,0.6963699,-0.1614496,-0.6992875,523.0,374.0,-0.0152184,0.0406939,0.0233552,-0.0045786,-0.0330085,0.0214565,-0.2656912,0.7131796,-0.6483229,0.5381965,0.573924,-0.1125132,-0.8111424,847.0,378.0,0.2603264,0.0298263,-0.0017236,-0.0285564,0.008436,-0.0321724,0.202637,-0.0682291,0.9763442,0.5165352,-0.0577875,-0.9574254,0.2828377,0.009618810117563235,1.0,0.005358438447906225,289.784896166553,0.0,256,1.0547372690184096e-09,1.22248095974291e-10,1.7237575648063317e-10,3.804347247862802e-06,0.0006592161444070299,2.180357419403729e-11,23.099066970191316,6.86927449773173,8.65965182751982,3.1382281898628053,1.2880870458662135,1.6015878794806164,0.05412422998190761,0.0,0.010329298389734986,0.5586972421544354,0.014452212766135765,2.0285715584759867,0.032632642678266835,-0.0016163198168237154,-4.7176874758470734e-05,0.6933919675088615,0.49997641156262085,621.4902045758381,289.78487736749383,0.6091702404355792,0.6091702871306678,0.6091702876914842,0.7614628589133347,1.8189242700410386e-05,762,0.2069,0.203,0.07234,-0.011943,1060,0.1962,0.1913,0.09461,0.003877,3,0.0783,0.7068,-8e-06,13.85,0.0742,0.806,2.9e-05,13.922,0.0406,0.1509,8e-06,13.798,8.0002,1.7311,1.7403,1.7247,0.31934,0.66034,1.50613,0.1667,0.9899,0.9877,0.9978,0.4952,3.8844,1.0737,0.1137,5.3326,23.9488,6.1654,81,0.106,-0.9985,25,0.136,-0.9982,1.0,0.0846271,0.1008684,-0.0875563,0.0099086,0.018498,0.013694,0.0250576,205.0,175.0,0.1190927,0.0674994,0.2765031,0.0099986,-0.0690654,-0.0519547,0.0870017,179.0,195.0,0.0467934,0.03476,0.147552,-0.0131759,-0.0157277,0.0275495,0.0343503,188.0,190.0
212,2807,209552,9.40474123974707e-13,0.005250886766925353,0.0006363077232446988,0.005250886766925353,0.4246542327413925,9.641986772439195,7.827481096715963,-11.933893162038943,12.86075138910061,0.06494305858016626,12.86075138910061,0.006663064628721892,12.565719301941357,5.601522153380279,-7.961144507598175,9.639429292461635,-0.012963073077719307,9.639429292461635,0.20381970829969995,2.01747664500376,1.2997688634802038,0.1313548990228548,2.010367071244522,0.8748716603875043,0.0691495743184085,3.0481316627182093,1.6899768739951357,0.0005014412602838414,1.4142102652969497,0.9163688768025615,0.00017121828923316398,-0.4897360867144809,0,0,0,0.5107084973175486,0.5076708242058332,904,0.3596,0.14388,1.4536280355915252,-0.1585448296772187,1.890695049346153,0.03702961621444823,0.1295047740373928,1.458418111812165,0.79581042999433,0.510798784214325,1.557972443529579,0.4659583336198509,0.08243367505034976,656,248,51,51,0,0.3473,873,0.4875511582600683,-0.009137,-0.009137098703348556,139.0,380.0,0.0293418,0.0547756,-0.0010917,-0.0318348,-0.0445613,-0.0186301,-0.6191844,-0.7270492,0.2960796,0.6834807,-0.0199313,-0.5811869,-0.813526,523.0,374.0,-0.0173613,0.08263,0.0026986,-0.0629195,-0.0534936,-0.5540572,0.5837611,0.5258501,0.2751821,0.5365194,0.0326586,-0.7614606,-0.6473879,847.0,378.0,0.2643671,0.0725113,-0.0387134,-0.0231017,0.0567932,-0.0470292,0.511421,0.2762605,0.8123527,0.514657,-0.5338949,-0.3185946,0.7832329,0.009618810117563235,1.0,0.005318603999773012,289.78489865458715,0.0,256,9.517954021676505e-10,1.4920945309644125e-10,2.2140911105250932e-10,3.966643763981564e-06,0.0006594103132978655,-3.1675021537268796e-13,23.908291689841093,6.894208738469581,8.679536977936307,3.1190530327951986,1.0386658652855036,1.3804362006236943,0.1647863083249471,0.0,0.006522896630960937,1.2563045588195443,0.02260228694726487,1.492840112702827,0.013864041495581094,-0.002213152534405834,-0.0007968926268837627,0.6876188545463233,0.4996015536865583,621.4902628582776,289.7849045430944,0.6091702264581388,0.6091702871061924,0.6091702876914655,0.7614628588827405,1.8119945810167226e-05,762,0.2063,0.2023,0.06805,-0.008175,1060,0.1978,0.193,0.095,-0.002,3,0.078,0.7022,-9e-06,13.85,0.0748,0.8045,4e-06,13.923,0.0408,0.142,-2.2e-05,13.799,8.0006,1.7311,1.7403,1.7247,0.31895,0.66043,1.50302,0.16715,0.9899,0.9877,0.9978,0.4952,3.8837,1.0735,0.1137,5.3586,23.9229,6.1598,81,0.1615,-0.5538,25,0.1786,-0.9704,2.0,0.0930525,0.0451316,0.3467901,0.0367418,-0.0139025,-0.0316719,0.0504614,205.0,175.0,0.0249637,0.1485468,-0.7122517,0.0140012,0.0450466,0.0516471,0.0699475,179.0,195.0,0.0570897,0.099841,-0.2724217,-0.0018801,-0.0049157,-0.0040914,0.0066662,188.0,190.0
213,2808,209553,0.0,0.0052184799981484665,0.00063750656066215,0.0052184799981484665,0.42267301798612933,9.63815395654445,7.827911347612677,-12.58768002802506,12.320494771739513,0.06364595744954228,12.58768002802506,0.004754798487396515,12.565983327055006,5.582109569974064,-8.0175393857852,9.665577786396101,-0.013123112337800573,9.665577786396101,0.20390448729081684,2.0176542060949685,1.2998541869426554,0.17743450002614802,2.01501064466638,0.8790051897461381,0.0,3.0622735227959623,1.6982534779889245,0.00021894705262415215,1.4142103762877472,0.935080966403167,0.00022937248976954562,-0.48315650711299485,0,0,0,0.5108478497895005,0.5073919358455291,904,0.3572,0.1491,1.4580702503082166,-0.16260637667888134,1.8954601308679386,0.06774344657006547,0.13022586678048506,1.4544934583887335,0.7980311794897433,0.5109398818189748,1.5618886054631465,0.4671886770533669,0.08461545828169902,659,245,62,62,0,0.3448,873,0.48726801261964836,-6.3e-05,-6.305439604248342e-05,139.0,380.0,0.0295265,0.0508219,0.0493173,0.0111867,-0.0050521,0.4357431,-0.4026072,-0.7957035,-0.1220303,0.6829848,0.9703951,0.2201168,-0.0994078,523.0,374.0,-0.0139357,0.0522928,0.0288298,-0.0055701,0.0432707,0.5144338,0.009835,-0.2476802,0.8209236,0.5347304,0.5513153,-0.1065175,0.8274693,847.0,378.0,0.2665826,0.0759054,0.0046461,-0.0164524,-0.0739552,-0.8822573,-0.1250917,0.0408693,-0.4519998,0.5137325,0.0612092,-0.216749,-0.9743066,0.009618810117563235,1.0,0.00529925905229646,289.7849296454093,0.0,256,1.1057612885821689e-09,2.44336777100735e-10,3.453458822042153e-10,6.869865318726078e-06,0.000659917853105196,-7.430431869497833e-11,24.638717922778355,6.584382184352879,8.220276934289695,3.1269838832572083,1.1137829119475282,1.4512479575243495,-0.0647944648342401,0.0,0.0079717108852568,1.6611592680773621,0.012901743036249455,1.8886675332856762,0.03688582906087641,0.00042238043001860555,0.001207276083518199,0.6938164714885804,0.5006036380417593,621.4903760421273,289.7849573178088,0.6091702411961643,0.6091702871172804,0.609170287691728,0.7614628588966005,1.800811210647256e-05,763,0.2062,0.2022,0.07189,-0.011996,1060,0.1989,0.1942,0.09639,0.004708,3,0.0776,0.6936,3.8e-05,13.85,0.0748,0.8074,4.2e-05,13.924,0.0411,0.135,9e-06,13.799,8.0008,1.7311,1.7403,1.7247,0.31868,0.6604,1.50021,0.16675,0.9899,0.9878,0.9978,0.4954,3.8855,1.074,0.1137,5.2799,24.0077,6.1788,81,0.208,-0.2037,25,0.1514,-0.9184,0.0,0.0516169,0.0559418,-0.0402096,-0.002277,-0.0005083,-0.0172447,0.0174018,205.0,175.0,0.0657565,0.0430374,0.2088272,0.0157566,-0.0082724,0.0017257,0.0178797,179.0,195.0,0.0928243,0.0737818,0.1142965,0.0305094,-0.0296947,-0.0283051,0.0511251,188.0,190.0
214,2809,209554,0.0,0.005255935198138605,0.000641070817343629,0.005255935198138605,0.4217226082621711,9.638336737106304,7.827605052101154,-12.26774783766713,12.84679127364992,0.060713401360592,12.84679127364992,0.0017295269208376244,12.561891946362474,5.59670363864858,-8.114208505659155,9.803020438168918,-0.012759114701088044,9.803020438168918,0.2062100196308823,2.02355220873155,1.3001081165590735,0.1877484506399728,2.023552314907364,0.8773217154298978,0.0,3.076410926583369,1.7065921501680004,0.0006258881788058224,1.414184934295095,0.8920083173786475,0.000311841052377973,-0.4765205841634414,0,0,0,0.5132863525432088,0.5071520887304105,904,0.357,0.15275,1.4657620311259547,-0.1620139370784074,1.9059824935859728,0.06143118935057362,0.12661111137920011,1.4568429041916489,0.8056773822894979,0.5133646944073051,1.5694055143774086,0.4717433502761105,0.08454510319757583,655,249,61,61,0,0.3446,873,0.48703892139575755,-0.003457,-0.0034570273027576537,139.0,380.0,0.0302828,0.0217131,-0.0116184,0.0091025,0.0159253,0.4455189,-0.0760602,0.8867508,-0.0969574,0.6802181,-0.5350896,0.4192166,0.7334416,523.0,374.0,-0.0155699,0.1543454,-0.0641216,0.1401011,0.0090883,0.910297,0.2559275,-0.0104597,0.3251938,0.5323056,-0.4154425,0.9077116,0.0588827,847.0,378.0,0.2689509,0.0803536,-0.0402331,-0.0469117,-0.0513545,-0.3092112,0.4054271,-0.2912138,-0.8094515,0.5122915,-0.5007013,-0.5838161,-0.6391064,0.009259259259259259,1.0,0.005341797612710678,289.7849746957608,0.0,256,2.4181080793476826e-09,3.381543019697287e-10,5.064040959819431e-10,4.607038052618846e-06,0.0006641390635085927,9.309443176100649e-11,24.836042347143135,6.456749033679809,8.181009101770577,3.128965447130774,1.182816994110302,1.504327397517506,-0.1298720389420775,0.0,0.011804076487601888,1.6175712964971842,0.019282039077361503,1.9471997262673069,0.022272748978911905,-0.0020843471013420574,0.00452015450104046,0.6963919135983663,0.5022600772505204,621.4903516351974,289.7849459374859,0.6091702224726014,0.6091702871017061,0.609170287691728,0.7614628588771325,1.8137364524354714e-05,763,0.2018,0.1974,0.08137,0.043677,1061,0.197,0.1922,0.09978,-0.004265,3,0.0757,0.7015,-3.5e-05,13.85,0.0739,0.8085,3.2e-05,13.924,0.0398,0.1478,2.8e-05,13.8,8.001,1.7311,1.7402,1.7248,0.318,0.66046,1.50038,0.16573,0.99,0.9877,0.9977,0.4956,3.8837,1.0736,0.1137,5.3723,23.9339,6.1627,81,0.1645,-0.1335,25,0.17,-0.8003,-2.0,0.0333154,0.0216489,0.2122556,0.0002707,-0.0081916,0.0164561,0.0183842,205.0,175.0,0.086599,0.2416615,-0.4723764,0.0809525,-0.0578234,0.0055667,0.0996386,179.0,195.0,0.0519647,0.1479629,-0.4801651,0.00408,-0.0067848,0.0387928,0.0395924,188.0,190.0
215,2809,209554,5.726543279900104e-12,0.005373701496899636,0.0006436156281803802,0.005373701496899636,0.4214621536544089,9.637400369078907,7.827778458662295,-12.065652825636416,11.056889366082315,0.05980143327338113,12.065652825636416,0.0015842327919246687,12.566332201204487,5.614233793905045,-8.118550223915491,9.821810452472777,-0.013072041588864214,9.821810452472777,0.20664924646442082,2.0297922870931644,1.3002412307498357,0.21028779818084753,2.029792474972357,0.8745705918297004,0.014142056797161334,3.090552632748655,1.7159067793904488,0.000578132555030586,1.4141864629152618,0.8940677216637466,0.0004108883430945495,-0.4697886606665374,0,0,0,0.5161793943523085,0.5068899261500288,904,0.3566,0.15138,1.4712271518844047,-0.16807571108548405,1.9135988015356962,0.05440735788257364,0.12747267980040985,1.4570445367202707,0.813195117914338,0.5162569784704609,1.5751750616982065,0.47618439100865834,0.08182547527549473,657,247,59,59,0,0.344,873,0.48677670384984917,0.001441,0.0014414201289985051,127.0,372.0,-0.0508859,0.031763,0.0133994,0.0127339,0.02583,0.7584629,-0.1836768,0.5120632,0.3588707,0.6835538,0.4218557,0.4009047,0.8132117,523.0,374.0,-0.0141576,0.0331762,0.0014505,0.029732,0.0146481,0.4984491,-0.6454195,-0.4990022,0.2932219,0.5306327,0.0437208,0.8961831,0.441525,847.0,378.0,0.2702304,0.0495183,-0.0186763,0.0001656,0.045861,0.480131,-0.7361004,-0.1085337,-0.4645975,0.5100373,-0.3771591,0.003345,0.9261425,0.0088999644001424,1.0,0.005341136383565093,289.78496048969123,0.0,256,1.342208984246039e-09,1.7230954823812461e-10,2.716783881196505e-10,6.672971800664872e-06,0.0006666663528609731,4.186710931559871e-11,24.96695576268703,6.481029001695234,8.105678281882406,3.115244421076281,1.1715425047351333,1.4942227733871873,0.08646444879479029,0.0,0.012013000563441857,1.127073582656664,0.027182881058392557,1.2044509195291235,0.017542405399736366,0.0001750692606182575,-0.001022986432411688,0.6862534247342451,0.49948850678379425,621.4903563844218,289.7849481519269,0.609170198653457,0.6091702870795287,0.6091702876916948,0.7614628588494108,1.8543756434452004e-05,763,0.1931,0.1885,0.09415,0.007354,1061,0.1919,0.1871,0.11058,-0.002901,3,0.0721,0.7075,3.9e-05,13.851,0.0717,0.8094,3.2e-05,13.924,0.0371,0.1577,4.8e-05,13.801,8.0013,1.7311,1.7402,1.7248,0.31796,0.66,1.49861,0.16528,0.99,0.9877,0.9977,0.4956,3.883,1.0734,0.1136,5.4254,23.8874,6.1518,81,0.0294,0.9999,25,0.0207,-0.9996,-1.0,0.0345522,0.0728147,-0.3563716,-0.0132422,-0.044447,-0.0174813,0.0495629,182.0,190.0,0.0636848,0.0846894,-0.1415653,0.0144143,-0.0504954,0.0424387,0.0675174,179.0,195.0,0.044668,0.0967948,-0.3684846,-0.0284117,-0.0199475,-0.0211494,0.04065,188.0,190.0
216,2809,209554,9.289430978257145e-12,0.00549398153878327,0.000648236414555004,0.00549398153878327,0.42119712386234454,9.636400535921581,7.827951064693183,-12.532386074223291,12.825218661294722,0.0583535398767415,12.825218661294722,0.0010065757414935322,12.565925406617442,5.6325574439876505,-8.183688661689137,9.882877505914403,-0.013193177341971554,9.882877505914403,0.2088120832586387,2.0379476696218877,1.300492944503977,0.12271533511850208,2.0379477866987035,0.8802272646133538,0.014142070939276958,3.104690641416871,1.7248317347443727,3.9788088202930005e-05,1.414209032051344,0.9232193642939085,0.0005246558664036144,-0.46288584475087013,0,0,0,0.519552114877137,0.5066930523940888,904,0.3554,0.14796,1.4759585444337424,-0.16937393956925212,1.9237079707964462,0.05848179767802196,0.12301046709210144,1.4513825657263495,0.8221612838544872,0.5196272340474604,1.5822136138834377,0.4815110966482465,0.08628694222358382,652,252,51,51,0,0.3428,873,0.48659376636740576,0.002462,0.0024620481753541146,127.0,372.0,-0.0512839,0.0533294,-0.0419605,0.0324814,0.0053199,0.6049744,-0.5233732,-0.4806591,0.3592399,0.6807939,-0.7868176,0.6090706,0.0997549,523.0,374.0,-0.0139908,0.0469922,-0.0401668,0.0242787,0.0023326,0.8596441,0.2767322,0.1414021,0.405508,0.5281231,-0.8547541,0.5166543,0.049637,847.0,378.0,0.2736418,0.1229737,0.059795,0.1066241,-0.0133559,-0.0967766,0.2004279,0.1059572,0.9691419,0.507379,0.4862422,0.8670484,-0.1086079,0.0088999644001424,1.0,0.005505434882840041,289.7849676259613,0.0,256,1.5510670436029567e-09,2.618956201406513e-10,3.6618768268794e-10,3.6948670251914588e-06,0.0006726632904307258,4.007750024479758e-11,30.40121491073512,8.845649977993439,11.046462797143526,3.1402056612360725,0.8401221539372907,1.1847006329308958,-0.0764448369211152,0.0,0.03750282116901919,0.9638864476857681,0.024907555480224868,2.5381700066673716,0.04296199828542971,-0.0025801535014748334,0.00023652728399332302,0.6868833111441339,0.5001182636419967,621.4905372822843,289.7850324999416,0.6091702331212394,0.6091702870978319,0.60917028769169,0.7614628588722899,1.8958817477173797e-05,763,0.1891,0.1842,0.10279,0.013939,1061,0.1879,0.1832,0.10714,-0.028448,3,0.0702,0.7129,-5.1e-05,13.851,0.0698,0.8036,-5.3e-05,13.924,0.0356,0.1556,-5e-05,13.801,8.0015,1.7311,1.7402,1.7248,0.31757,0.65889,1.49833,0.16576,0.99,0.9877,0.9977,0.4956,3.8826,1.0732,0.1136,5.4519,23.8639,6.1464,81,0.1733,0.3622,25,0.127,0.8077,0.0,0.0402208,0.0783041,-0.3213104,0.0218297,-0.0083364,-0.0269488,0.0356689,182.0,190.0,0.0677807,0.0556967,0.0978638,-0.0135605,-0.0127143,0.0356966,0.0402466,179.0,195.0,0.1601516,0.1154465,0.162211,0.0300769,0.0712945,0.056647,0.0958979,188.0,190.0
217,2810,209555,0.0,0.005606699297312318,0.0006524557114605925,0.005606699297312318,0.4189119937930296,9.632299137412813,7.8285299264256025,-12.042476275867037,11.560051566256124,0.058941061484727136,12.042476275867037,0.0023187836036129283,12.564672499477364,5.611247253980954,-8.21695565650892,9.92211150169935,-0.013443079974689125,9.92211150169935,0.2101725124267967,2.0403941903070075,1.3006099675632699,0.21103839028628021,2.0403945808950197,0.8729510282922165,0.0,3.118832509356749,1.7336070799364172,0.0021714973885338384,1.4142098744882752,0.9149142890012668,0.0006638546588942,-0.45599737930226664,0,0,0,0.5226851779950346,0.5064867670163283,904,0.3514,0.14084,1.4807239555734957,-0.17710247221785141,1.930150110328595,0.059829519026017484,0.1254631441373178,1.4497294861682608,0.8292646520211149,0.5227724793476253,1.586282149083221,0.48570849337367666,0.08581220351134862,648,256,53,53,0,0.3386,873,0.4863921315730189,0.002348,0.002348386363107524,127.0,372.0,-0.0528869,0.0377946,-0.0021599,0.0117272,0.0358642,-0.77134,0.0669625,0.5441629,0.3231677,0.6788614,-0.0571484,0.3102871,0.9489236,523.0,374.0,-0.0132211,0.0321286,-0.0250243,0.0069162,0.0189261,0.3671138,-0.459239,0.1287614,-0.7985909,0.5263713,-0.7788782,0.2152672,0.5890745,847.0,378.0,0.2774114,0.0178028,0.0114832,0.0113473,0.0075043,-0.8313959,0.2965811,0.3801282,-0.2762663,0.5060322,0.645022,0.6373879,0.421525,0.0088999644001424,1.0,0.005574878006467271,289.7850639828648,0.0,256,1.320332063257709e-09,2.2374120565528887e-10,3.064495562533036e-10,2.9478702471920176e-06,0.0006775929078009411,2.380898073541778e-11,34.97508175543376,8.80700302257662,10.798915189389946,3.1145242760667924,0.8850733350256541,1.2167615329522468,-0.04816772840882867,0.0,0.00921061857864352,1.476054865657068,0.007416817494945473,1.0904653227459018,0.031495076398490814,0.0022984112828560786,9.579643576586892e-05,0.6974182746706071,0.5000478982178831,621.4905021871798,289.7850161359982,0.6091702285718739,0.6091702870525149,0.609170287691728,0.7614628588156436,1.9347788826600522e-05,764,0.1862,0.1812,0.11498,0.005679,1061,0.1883,0.1836,0.10208,-0.015824,3,0.0687,0.6918,5.7e-05,13.852,0.0693,0.802,-2.2e-05,13.925,0.0352,0.1236,-1.8e-05,13.801,8.0017,1.7311,1.7403,1.7247,0.31769,0.65814,1.49648,0.16761,0.99,0.9877,0.9977,0.4957,3.885,1.0739,0.1137,5.2793,24.0262,6.1844,81,0.1907,0.3233,25,0.1755,0.989,0.0,0.0493594,0.0317782,0.2166841,-0.0131994,-0.0010522,0.0069797,0.0149683,182.0,190.0,0.14384,0.1000687,0.1794576,-0.0082965,0.0015602,0.1187849,0.1190845,179.0,195.0,0.0562906,0.052022,0.0394101,0.0238844,0.0428616,0.023817,0.054542,188.0,190.0
218,2810,209555,1.4465066570971027e-11,0.005742752912701508,0.0006586992991982485,0.005742752912701508,0.41863823748532936,9.631232934153575,7.828702627446144,-11.01422892853725,12.800540459216265,0.05698277503332112,12.800540459216265,0.0012382494940155198,12.56293559946187,5.61123353082403,-8.219445690255826,9.958398169368655,-0.013597131199425256,9.958398169368655,0.2115391197879869,2.048344647266904,1.3008265821901817,0.1588825601712407,2.0483447679835605,0.8755576409088109,0.013906599270841558,3.132969922627454,1.7426326952101427,0.00023333727097551993,1.4141834614972901,0.8911593686389656,0.0007986735401348794,-0.4489598184559516,0,0,0,0.5261133816263839,0.50634285991424,904,0.3462,0.14122,1.4883381058492051,-0.1769239053190172,1.9399658335402905,0.06630919761362127,0.12687843125527998,1.4503758554679376,0.838395410198702,0.5261959083252767,1.5933141952149767,0.49107194117105835,0.08599385420084295,645,259,56,56,0,0.3332,873,0.4862645074475506,-4e-05,-4.044896836452594e-05,127.0,372.0,-0.052404,0.0917239,0.0909276,0.0119772,-0.0014146,0.0935657,0.2583603,0.400533,-0.8741103,0.6756136,0.9913179,0.1305792,-0.0154228,523.0,374.0,-0.0167196,0.0209283,-0.0048425,0.0071232,0.0190736,0.152897,0.3778885,0.0112526,-0.9130697,0.5230797,-0.2313857,0.3403641,0.9113797,847.0,378.0,0.2823574,0.0753594,0.0084303,0.0747998,-0.0035997,0.0078633,-0.0033431,0.3005291,-0.9537344,0.5035701,0.1118685,0.9925743,-0.0477666,0.008540925266903915,1.0,0.005737827633065874,289.7850392886162,0.0,256,1.1857963037908077e-09,2.1793355336260477e-10,3.1768555989452655e-10,8.5612044512727e-06,0.0006858835357246663,1.2383769453078752e-11,33.41849643743225,8.87717838747298,10.930036141480059,3.0844519561047443,1.0249500002008733,1.3226845312410012,0.015137793638820627,0.0,0.01997007344467707,1.1886252850526438,0.016830335041319845,2.359938198180946,0.0343782661880727,-0.0016028349616359113,2.3229245652937e-05,0.6889885777137228,0.5000116146228265,621.4904132801315,289.78497468093116,0.6091702215336161,0.6091702870333676,0.609170287691703,0.7614628587917095,1.9817290109760135e-05,764,0.1841,0.1789,0.10789,0.036204,1061,0.1908,0.1861,0.09853,-0.029543,3,0.0669,0.6913,-3.3e-05,13.853,0.0693,0.8033,-9.7e-05,13.926,0.0352,0.125,-8.5e-05,13.801,8.0021,1.7311,1.7404,1.7246,0.31717,0.65865,1.49587,0.16568,0.99,0.9877,0.9977,0.4957,3.8848,1.0739,0.1137,5.2925,24.0142,6.1816,81,0.0935,0.2124,25,0.1276,0.9487,0.0,0.069717,0.1123769,-0.2342741,-0.0251314,-0.0105724,-0.0043543,0.0276102,182.0,190.0,0.096802,0.0572359,0.2568591,0.0176479,0.0298457,0.0676975,0.0760603,179.0,195.0,0.0691013,0.088702,-0.1242098,0.0094171,0.0112751,-0.0075701,0.0165263,188.0,190.0
219,2811,209556,0.0,0.005939021258108758,0.0006650255908382335,0.005939021258108758,0.4165437500642418,9.627183960652035,7.8291146823302435,-11.584153622697619,11.819164611956479,0.05585203643106764,11.819164611956479,0.0015407703222365399,12.56280312502027,5.637729067640627,-8.26306235187814,10.070367349422924,-0.013226691698149329,10.070367349422924,0.21209829119284707,2.0560562878811823,1.3010079805884305,0.16445818331670548,2.0560564175445992,0.8752425901011361,0.0,3.147107698769951,1.7509066479040964,0.0010383151620324549,1.4142087822120666,0.9442278457577398,0.0009253707225284666,-0.44183744817553744,0,0,0,0.5310168162065688,0.5061844394117968,904,0.3476,0.14029,1.492673280668941,-0.17767010241599063,1.9500115738751582,0.05374945193341835,0.12150102958962031,1.449209672098526,0.8488303532408512,0.5310980246932459,1.598255526804346,0.49713599386317153,0.08566979785055814,650,254,56,56,0,0.3346,873,0.4861223916848807,0.003936,0.003936084768002779,127.0,372.0,-0.0524712,0.0400676,0.0285187,0.0145008,-0.024121,0.5626425,0.5778489,0.1341195,-0.5757917,0.673012,0.7117651,0.3619095,-0.6020066,523.0,374.0,-0.0173162,0.0239457,0.0231133,0.0032869,-0.0053261,0.1540553,0.9463949,-0.1920463,0.2090976,0.5197263,0.9652388,0.1372635,-0.2224249,847.0,378.0,0.2836894,0.0721214,0.064844,0.0291302,0.0121733,0.1175016,-0.0583431,-0.336731,-0.9324171,0.500369,0.8990945,0.4039048,0.1687896,0.008540925266903915,1.0,0.005882867254548592,289.7849924639517,0.0,256,1.3784988139153376e-09,2.661006431500199e-10,3.6097211086959764e-10,3.9479914950861825e-06,0.000694955275147291,-3.1802101870731214e-11,16.39843660213697,5.53410472899014,6.690025667343853,3.1186576615527715,1.2289704218550952,1.5567318302985915,-0.18450984481330712,0.0,0.019864936636328906,1.8780673583996872,0.016177856537784162,1.1583990609638946,0.035289690910152306,-0.00019238457198340048,-0.001806821538112802,0.688893167777295,0.49909658923094374,621.4905848612793,289.7850546848017,0.6091702281633218,0.6091702870170319,0.609170287691728,0.7614628587712898,2.0494574037189782e-05,765,0.1905,0.1855,0.09707,0.03512,1061,0.193,0.1873,0.09161,-0.0293,3,0.0695,0.6917,-3.3e-05,13.853,0.0704,0.8146,-9.9e-05,13.927,0.0369,0.1446,-8.6e-05,13.8,8.0021,1.7311,1.7404,1.7246,0.31708,0.65736,1.49577,0.16493,0.99,0.9877,0.9977,0.4956,3.8882,1.0748,0.1138,5.1346,24.172,6.2168,81,0.037,0.6603,25,0.1008,0.8407,0.0,0.0453964,0.0717235,-0.2247876,-0.0371551,-0.0220925,-0.017328,0.0465708,182.0,190.0,0.0152631,0.0538015,-0.5580047,-0.0261181,0.0030408,0.0185887,0.0322016,179.0,195.0,0.0809127,0.0572239,0.1714881,0.02881,0.0096679,0.0104528,0.0321364,188.0,190.0
220,2811,209556,2.2873938355311448e-11,0.006094008874423304,0.0006719029921824722,0.006094008874423304,0.416265092486747,9.626025463185336,7.829283395014941,-12.162405314094402,11.080267737136865,0.054709144798470895,12.162405314094402,0.000765506064114841,12.56479929677199,5.634947250665155,-8.30934036802444,10.119729549308135,-0.013033272154661046,10.119729549308135,0.2123279007886779,2.06476345352096,1.3011579733089589,0.16476786247412833,2.0647635524314323,0.8747042315946724,0.01414123584218345,3.1612447620832733,1.7598371179511676,0.0007396436150647334,1.414184670885289,0.8892667751508397,0.0010487047432028269,-0.4348309593138877,0,0,0,0.5355445447695432,0.505998360565787,904,0.3424,0.14999,1.5029012114618274,-0.1778769651335293,1.9600900829179446,0.05192553192296851,0.11583299365880176,1.4446528086135015,0.8588387186837241,0.535627708135639,1.6034247400551527,0.5030429870918027,0.08506138026474527,649,255,60,60,0,0.3292,873,0.48594642793547826,0.004828,0.004827871335851608,127.0,372.0,-0.0515106,0.0401048,-0.0025595,0.0394331,-0.0068467,-0.1892157,-0.6250394,0.4867334,-0.5801843,0.6700793,-0.0638215,0.9832505,-0.1707198,523.0,374.0,-0.0182857,0.0804367,-0.0230895,0.0049719,-0.0768909,0.8802853,-0.0977293,0.2476699,-0.3926913,0.5161813,-0.2870525,0.0618112,-0.9559185,847.0,378.0,0.2899474,0.0292171,-0.0031931,0.0288354,-0.0034585,0.6231202,0.1476221,0.7625445,-0.0919499,0.498915,-0.1092902,0.9869366,-0.1183715,0.008893632159373888,1.0,0.0060674000446708344,289.7850718949223,0.0,256,1.6005126067872368e-09,3.29736679718073e-10,4.523519011248447e-10,4.637642918895272e-06,0.0007033291177531397,2.643910614556953e-11,16.33593088093944,5.421881082706297,6.696186040442377,3.0305262244480127,0.9991502734153377,1.3306023420497834,0.06990115616477019,0.0,0.017749253494287163,2.117929158182444,0.02357137883417288,0.8721563057640308,0.024198331105076666,0.0011445058012207185,-0.0010664603664476346,0.6895942446370914,0.4994667698167764,621.4907568730818,289.78513488947544,0.6091702221708379,0.6091702870774588,0.6091702876917027,0.7614628588468234,2.102940468891743e-05,765,0.1915,0.1863,0.07866,0.02667,1061,0.1987,0.1932,0.09886,-0.02196,3,0.0689,0.6827,-2.7e-05,13.853,0.0715,0.8161,-5.3e-05,13.928,0.0383,0.1349,-7.7e-05,13.8,8.0023,1.7311,1.7405,1.7246,0.31685,0.65616,1.4952,0.16628,0.99,0.9877,0.9976,0.4956,3.8907,1.0755,0.1139,5.0837,24.2301,6.2277,81,0.1152,0.2487,25,0.0418,0.3829,2.0,0.0929937,0.0735719,0.116601,-0.0714373,0.0046218,-0.0122185,0.0726219,182.0,190.0,0.1374831,0.0429234,0.5241483,-0.0152246,-0.0288212,-0.0503093,0.0599456,179.0,195.0,0.0600142,0.1106622,-0.2967484,-0.0716842,-0.0095525,-0.0003715,0.0723188,188.0,190.0
221,2811,209556,2.8922868805417778e-11,0.006274457537370293,0.0006778861360414008,0.006274457537370293,0.415986923653673,9.624833621562333,7.829450778188979,-11.946298581401958,11.996315237016145,0.05365748848551844,11.996315237016145,0.0054564922176396635,12.565126093684515,5.673642601444135,-8.397191099581857,10.129777285130597,-0.01296038328891162,10.129777285130597,0.21279021705043033,2.0723302327325963,1.3013808759741923,0.15602363205074188,2.0723303639807797,0.871203300885224,0.014141249984299074,3.1753826051155856,1.7687561286664772,0.0006459031682726213,1.4142080727424369,0.9385666186017965,0.0011635257405750274,-0.42766411462798704,0,0,0,0.5397721988320002,0.5058732655800202,904,0.3404,0.16208,1.5076090456417004,-0.1777092243359006,1.970102674825423,0.06079000300387281,0.11396602499203932,1.448521589134479,0.86899286843516,0.5398499371171628,1.609693377155222,0.5089204212612279,0.08470909122697444,646,258,65,65,0,0.327,873,0.48583613227949024,-0.001419,-0.0014190379764749128,127.0,372.0,-0.0520215,0.0510325,0.0368259,0.0201567,-0.0290151,-0.7327072,0.3954881,0.4917686,0.2547411,0.6667994,0.721616,0.3949776,-0.5685622,523.0,374.0,-0.0175356,0.0869776,-0.0029756,0.0583203,-0.0644591,-0.3489452,-0.0119486,-0.8774897,0.3287952,0.5127472,-0.0342116,0.6705218,-0.7411006,847.0,378.0,0.2976549,0.0717476,0.0235254,0.0677336,0.0025372,-0.3790731,-0.1840235,0.7514472,-0.5077066,0.4981211,0.3278913,0.9440534,0.0353625,0.008893632159373888,1.0,0.00624262192802404,289.78515410562323,0.0,256,2.512965648441909e-09,4.4916592803529475e-10,6.657176169794242e-10,7.906178544813413e-06,0.0007123815204313833,-4.5157319168503236e-11,24.923959236428043,7.936358150613877,9.91169458580948,3.131825723942967,1.2960135349454258,1.6254508465204733,-0.07655743084052843,0.0,0.02481010322480095,1.664827210764903,0.01980743948553132,2.568018896138714,0.04043403226850119,-0.001765778775066319,0.0003799415897645255,0.69436029914163,0.5001899707948824,621.4907571830303,289.7851350339964,0.6091702153738568,0.609170287011866,0.6091702876916552,0.7614628587648326,2.165210281277609e-05,765,0.1937,0.1884,0.0823,0.027585,1061,0.1971,0.1916,0.10468,-0.030436,3,0.069,0.7079,-1.6e-05,13.853,0.0704,0.8057,-0.000117,13.929,0.0383,0.152,-0.000102,13.8,8.0025,1.7311,1.7405,1.7245,0.31682,0.65426,1.49466,0.16559,0.99,0.9877,0.9976,0.4956,3.8909,1.0755,0.1139,5.0433,24.2628,6.2358,81,0.1275,0.2588,25,0.0768,-0.6071,2.0,0.0512304,0.0648218,-0.117115,-0.004641,0.015986,0.0249619,0.0300031,182.0,190.0,0.1025187,0.0877265,0.0777535,-0.0192885,0.0282157,0.0179776,0.0386182,179.0,195.0,0.099566,0.1069766,-0.0358795,0.0325339,0.0270411,0.0650525,0.0775983,188.0,190.0
222,2814,209560,0.0,0.006407283037991228,0.0006806227693520594,0.006407283037991228,0.4163792313335141,9.627149909281817,7.829324886191748,-11.48403758549,12.585138016658325,0.05459617611412233,12.585138016658325,0.007306489788506719,12.562823233523034,5.679570633399931,-8.437256233792738,10.189273965255994,-0.012880022202542803,10.189273965255994,0.21301796200260786,2.0752247159130373,1.3009793606895879,0.16204688448287707,2.0670491012515724,0.8706765266058316,0.0,3.1895241547167115,1.7760057252026709,0.00023893321878187823,1.414208634411072,0.8677037778495066,2.0347308404516996e-06,-0.42025062525891194,0,0,0,0.5443553040751988,0.5056437560829353,905,0.3416,0.14741,1.5076692094021824,-0.1847881273235505,1.9745113504578604,0.08526996684482216,0.11245713622060739,1.445373022483783,0.8762484057812593,0.5444469148639286,1.6094285445629837,0.5132929373496942,0.08413278035296365,647,258,68,68,0,0.3282,874,0.48563641288482196,0.004168,0.004168020356210667,127.0,372.0,-0.054811,0.070289,0.0651315,-0.0145051,0.0220916,0.9004196,0.3278394,0.2760214,-0.0746862,0.6660683,0.9266238,-0.2063635,0.3142966,523.0,374.0,-0.0208825,0.0171086,-0.01679,-0.0023648,0.0022821,0.9322237,-0.1485127,-0.1875783,0.2715093,0.5104313,-0.9813772,-0.1382226,0.1333916,847.0,378.0,0.3032714,0.0998685,-0.0710722,0.034234,0.0612412,-0.6629803,-0.1211593,0.5145696,-0.5300903,0.4962507,-0.711658,0.3427905,0.613219,0.008893632159373888,1.0,0.006334596613714186,289.78515718628563,0.0,256,1.6681736022839209e-09,3.5256692914271873e-10,4.792863311626761e-10,3.475758791352071e-06,0.0007165878038692988,-1.1444206230480832e-10,24.969931003010124,7.624837617344781,9.582576467878459,3.0789973040835132,1.0255559668103928,1.3559598150424212,0.04357746057435123,0.0,0.03752413788077828,1.079532926147067,0.008011527514952656,2.3712252624749097,0.04120758929874416,0.0020291770974576098,-9.953378313053144e-05,0.6957315669718729,0.4999502331084349,621.4907610667525,289.7851368448761,0.6091702063877049,0.609170287038575,0.609170287691728,0.7614628587982187,2.2110461246399568e-05,765,0.1942,0.1888,0.08575,-0.017225,1063,0.1915,0.1859,0.11909,-0.011489,3,0.0692,0.7342,3.2e-05,13.854,0.0685,0.7981,-3.6e-05,13.929,0.0373,0.1769,-6e-06,13.8,8.0027,1.7312,1.7406,1.7244,0.31693,0.65352,1.49303,0.16434,0.99,0.9877,0.9976,0.4957,3.8879,1.0747,0.1138,5.2696,24.0963,6.1978,81,0.0931,-0.2501,25,0.1759,-0.9987,2.0,0.1162248,0.0654943,0.27917,0.0377458,-0.018962,-0.0411759,0.0589894,182.0,190.0,0.0335477,0.0455397,-0.151629,0.0170134,0.0188523,0.0261265,0.0364343,179.0,195.0,0.1402996,0.0979832,0.1775891,-0.0881327,-0.0228834,0.0279692,0.0952539,188.0,190.0
223,2814,209560,3.853650535091109e-11,0.006561140756160419,0.0006867998123473681,0.006561140756160419,0.41611520240678695,9.626000099501733,7.829494751938752,-11.782173045897173,12.072557789930892,0.05424041770422196,12.072557789930892,0.0021874101776742094,12.562582230223661,5.669949235333949,-8.468829116377986,10.282311790386506,-0.012891235885220974,10.282311790386506,0.21319768415293988,2.082352132110654,1.3011491794324346,0.15386179278258072,2.049360425284099,0.868289212385476,0.014136458750358285,3.2036612551140125,1.7850171967398374,0.0012705623935349575,1.4141868048903883,0.898967877671516,1.253304407292158e-05,-0.4128247888708509,0,0,0,0.5482259824737398,0.5055224141605661,905,0.3471,0.1358,1.5066425177055267,-0.1864917160250445,1.983543315265889,0.01930210257725985,0.11540250019256874,1.4461219702871413,0.8857250524132317,0.5483224306362121,1.6153361652295262,0.5189989541917596,0.08093043595779284,654,251,65,65,0,0.3339,874,0.4855337231082224,0.003641,0.0036410484802387177,127.0,372.0,-0.056863,0.0291845,0.0187843,-0.017001,-0.0144862,-0.6010856,0.6571457,-0.0087833,-0.454729,0.6636089,0.6436406,-0.5825344,-0.4963672,523.0,374.0,-0.0199092,0.0570346,-0.010151,0.0551131,-0.0106041,-0.2903949,-0.0920796,-0.5425734,-0.7828194,0.5066866,-0.1779804,0.9663102,-0.1859237,847.0,378.0,0.3096335,0.0719768,-0.0382964,-0.0483285,-0.0371268,0.6905519,0.5458857,-0.0847752,0.4668619,0.4950165,-0.5320657,-0.6714461,-0.5158162,0.008528784648187633,1.0,0.006555158198801098,289.7851539774535,0.0,256,1.6745579767640766e-09,2.794803704717587e-10,3.906283632285895e-10,6.758099858270232e-06,0.000724019372125142,-1.229032120497635e-11,25.016757142888636,7.96008487877092,9.848901588988934,3.099424829109277,1.046294585660002,1.377711362427684,0.18354784671273633,0.0,0.03313239470290959,2.688550864766707,0.008218238084412478,2.349060311223653,0.03170068989099935,-0.0023093330236286344,0.0012394558430600844,0.6931956825132993,0.5006197279215302,621.4907612088706,289.7851369111421,0.6091701700193775,0.6091702870587211,0.6091702876917123,0.7614628588234014,2.264139847231808e-05,765,0.1889,0.1832,0.08272,0.023665,1063,0.1882,0.1825,0.12476,-0.018394,3,0.0683,0.7632,-7e-06,13.854,0.0682,0.7831,-4.7e-05,13.93,0.0357,0.1958,-4.4e-05,13.8,8.0029,1.7312,1.7406,1.7243,0.31645,0.65177,1.4924,0.16529,0.99,0.9877,0.9976,0.4957,3.8878,1.0747,0.1138,5.2695,24.0956,6.1977,81,0.0749,-0.9573,25,0.2388,-0.9994,-0.0,0.0729185,0.0562395,0.1291371,0.0281018,-0.0238807,0.0438118,0.0572667,182.0,190.0,0.1044805,0.071057,0.1904065,-0.0356046,0.0270273,0.0511653,0.0679415,179.0,195.0,0.09439,0.051405,0.2948322,-0.0289408,-0.0150172,-0.0450163,0.0555837,188.0,190.0
224,2814,209560,4.6125416069613856e-11,0.006760692577431551,0.0006921385049421276,0.006760692577431551,0.41585630060169504,9.624813036652037,7.829663208526763,-11.91833287785066,11.491213483326774,0.05553813312084382,11.91833287785066,0.0007870037106670112,12.565004641100808,5.695954663794835,-8.536175873504313,10.385935166506334,-0.01286311582420362,10.385935166506334,0.21366451128362451,2.0900488125379177,1.3013360425578449,0.18145880155755822,2.0478410262887032,0.8766460496227628,0.01413647289247391,3.217799311054516,1.7940526860976311,0.0006545504062203111,1.414208495806714,0.8951946104547714,3.1134548897260445e-05,-0.4053039907537189,0,0,0,0.5544224727800692,0.5054526699004303,905,0.3469,0.13206,1.5100298292280265,-0.1887997761555547,1.99232675144464,0.05480929926729318,0.11753581698138076,1.4457251416889532,0.8975692505472536,0.5545294093188008,1.6186143339987187,0.5258988808355547,0.08072548829196889,655,250,62,62,0,0.3336,874,0.48548028870414073,0.006477,0.006477078023658489,127.0,372.0,-0.0610311,0.0358807,0.0101419,-0.0124352,-0.0320925,0.2416909,0.1938112,0.0710568,0.9481422,0.6620277,0.2826574,-0.3465702,-0.8944238,523.0,374.0,-0.0200861,0.0708434,-0.0231694,0.0345922,-0.057318,0.307196,-0.1837958,0.9102698,-0.2079869,0.5031658,-0.3270507,0.4882905,-0.8090799,847.0,378.0,0.3173858,0.046871,-0.0287254,0.0061272,-0.0365266,0.5571039,-0.1295925,0.1394323,0.8083314,0.4930936,-0.6128622,0.1307247,-0.7793016,0.008528784648187633,1.0,0.00671744700782185,289.7851592140835,0.0,256,2.3062030821271043e-09,5.270444070261038e-10,7.334667758617469e-10,4.417191395299786e-06,0.0007312364819391829,1.7792939170956064e-10,25.069283362408882,6.287972211048225,7.809152201067678,3.1392324914320775,1.240331445098527,1.5616580463269245,0.03224937389168403,0.0,0.015303239134477892,0.43445952991630676,0.008972923405023682,2.5110360682461037,0.03685878477108307,0.0028583753061673027,-0.0006467943588175507,0.6903421740539455,0.49967660282059145,621.4908681238375,289.7851867628378,0.6091701251882283,0.6091702869978377,0.6091702876916777,0.7614628587472971,2.3330014390847897e-05,765,0.1846,0.1787,0.08434,0.022495,1063,0.1918,0.1862,0.13625,-0.017568,3,0.0665,0.7668,-1.1e-05,13.855,0.0692,0.7664,-0.000104,13.931,0.0355,0.1753,-9.4e-05,13.8,8.0033,1.7312,1.7407,1.7242,0.31633,0.64955,1.4919,0.16377,0.99,0.9877,0.9976,0.4957,3.8876,1.0746,0.1138,5.2964,24.0739,6.1925,81,0.1345,-0.5381,25,0.1621,-0.9466,1.0,0.0442358,0.0853386,-0.3172145,-0.0491324,0.0249934,0.0252171,0.0606182,182.0,190.0,0.0649076,0.1576959,-0.4168319,0.0818271,-0.0100315,0.0560905,0.0997118,179.0,195.0,0.0871777,0.1059941,-0.0974078,0.0291256,0.0310142,-0.0721477,0.0837584,188.0,190.0
225,2814,209560,5.096243480656024e-11,0.006930658061104293,0.0006932272516956822,0.006930658061104293,0.4156054127392256,9.623663749451499,7.829830740084876,-11.425569595584225,11.981176195980636,0.0555149910203363,11.981176195980636,0.0015258041383895984,12.560992988965856,5.686749511495839,-8.617216538010037,10.451496905523705,-0.012992876557330956,10.451496905523705,0.21380580671237812,2.092033249583376,1.3014615069427478,0.20153563580173428,2.0429139551526707,0.8731383407545596,0.02827829007938719,3.2319406989160826,1.8028124448670375,0.0014023902879534145,1.4142080744397822,0.8702872300856365,5.4021427112639076e-05,-0.39789993355828446,0,0,0,0.555893577958664,0.505329207250669,905,0.3461,0.13397,1.513984190179995,-0.19038694161537598,1.9958945861007822,0.07134908002737257,0.11119967225180666,1.4424128493181243,0.9020857568737876,0.5560061461899355,1.6224384623360422,0.5284484909245576,0.0808471639889606,652,253,64,64,0,0.3328,874,0.4853695651044431,0.000602,0.0006023108842643232,127.0,372.0,-0.0633317,0.0775644,0.0302578,-0.0319176,-0.0638903,-0.3354977,0.4381697,0.8325999,0.0471816,0.660704,0.3900995,-0.4114978,-0.8237062,523.0,374.0,-0.0207684,0.0402416,-0.0239381,0.003456,0.0321623,-0.113085,-0.9220957,-0.0319789,-0.3686851,0.5003132,-0.5948579,0.0858807,0.79923,847.0,378.0,0.3258224,0.0558687,0.0076988,0.0520041,-0.0189106,-0.9826677,-0.1126003,0.0575413,0.1355519,0.490326,0.1378011,0.9308278,-0.3384827,0.008528784648187633,1.0,0.0067983313938549715,289.7852062141306,0.0,256,1.642700974536961e-09,3.72484906821953e-10,5.114171594831227e-10,4.833163348265207e-06,0.0007344307163978466,7.735028171950926e-12,25.105026092295702,6.90560896140241,8.87656109782772,3.1399484361241985,1.295360729705238,1.5943527953977046,0.003689937130134824,0.0,0.018640183832893856,0.6399203996923145,0.018425051637676635,1.5829732700887016,0.025832675534553783,0.007479401417685295,-0.0013231838551932059,0.6898225878750485,0.49933840807240354,621.490836129356,289.78517184463504,0.6091701461202995,0.6091702869826474,0.6091702876915535,0.7614628587283092,2.3916537954606194e-05,765,0.1812,0.1758,0.09378,-0.004656,1063,0.1944,0.1888,0.14701,-0.008611,3,0.0649,0.7607,7e-06,13.856,0.0699,0.7623,-8.9e-05,13.932,0.0354,0.1598,-5.3e-05,13.799,8.0036,1.7312,1.7408,1.7242,0.31648,0.65059,1.48976,0.16306,0.9901,0.9877,0.9976,0.4957,3.8875,1.0746,0.1138,5.2962,24.0731,6.1924,81,0.1175,-0.2393,25,0.107,-0.8966,-1.0,0.0931981,0.0641274,0.1847807,0.0043747,0.0008044,-0.0099548,0.0109034,182.0,190.0,0.0665303,0.0838481,-0.1151618,0.0485338,-0.0392601,0.0163912,0.0645411,179.0,195.0,0.0578533,0.0928249,-0.2320944,0.0046108,-0.0062969,-0.0414443,0.0421728,188.0,190.0
226,2814,209560,4.687282574018741e-11,0.007034606810351657,0.0006934892371354526,0.007034606810351657,0.41536270492025945,9.622571253295995,7.8299998834980435,-11.772517940169989,10.870970850186684,0.05707422779379008,11.772517940169989,0.0026799947544847167,12.559998512699536,5.681639911075309,-8.645031623723781,10.52372251925274,-0.012976016561468738,10.52372251925274,0.2140794278673356,2.0930374363479944,1.30151646350035,0.10569741489539364,2.032022356482442,0.8705137643551967,0.042011236004939764,3.2460820620971886,1.8111886291426509,0.0008828972900751797,1.4142070933665642,0.8666468401107219,8.853724978165316e-05,-0.39041260690857327,0,0,0,0.5576080492935794,0.5052020412984457,905,0.3422,0.12958,1.520172273955082,-0.19252510834244202,1.996959775997227,0.02536048690830154,0.11678451204050695,1.4370607285526649,0.905111822629853,0.5577298638339447,1.6228498442022388,0.5302624699462758,0.07849081785230712,648,257,67,67,0,0.3294,875,0.4858407468519398,0.001673,0.0016731012697446257,127.0,372.0,-0.0654101,0.0204284,0.0170759,-0.0077861,-0.0080692,-0.3985907,0.192366,0.888374,-0.1221162,0.6607653,0.835888,-0.3811403,-0.3949979,523.0,374.0,-0.020673,0.0453553,-0.0440904,0.0089872,-0.0056892,0.359865,0.335188,-0.4699965,0.7329731,0.4985726,-0.972112,0.1981512,-0.1254368,847.0,378.0,0.3360192,0.0590855,0.0487204,-0.0020045,-0.0333675,-0.073371,0.1143573,0.0790053,0.9875714,0.4875751,0.8245759,-0.0339253,-0.5647333,0.008528784648187633,1.0,0.006947554303358687,289.785194727701,0.0,256,3.2794424469511963e-09,6.302019339844133e-10,9.45941927487316e-10,8.150499306055155e-06,0.0007361689552027136,-5.6879886866934855e-11,25.084516035642736,6.643242843583541,8.38564145549435,3.0384433601163234,0.8562755250313459,1.15532050244952,0.11376088292533826,0.0,0.013694729006065857,1.6091225849250153,0.02502353926794419,1.8374215418886415,0.01694383464261364,-0.0010804001084245896,-0.0025676529388506558,0.6871129385329535,0.4987161735305748,621.4909212946783,289.7852115550316,0.6091702270968564,0.6091702869143663,0.6091702876912702,0.7614628586429578,2.427524431837941e-05,765,0.1791,0.1736,0.10559,-0.015798,1063,0.1945,0.1892,0.14852,-0.001736,3,0.0637,0.743,2e-05,13.856,0.0695,0.7656,-6.5e-05,13.933,0.035,0.1383,-6.8e-05,13.799,8.0037,1.7312,1.7408,1.7241,0.31638,0.65025,1.48702,0.16459,0.9901,0.9877,0.9976,0.4957,3.8874,1.0746,0.1138,5.2961,24.0724,6.1924,81,0.0785,0.8592,25,0.1156,0.5849,0.0,0.0733104,0.0385058,0.3112662,0.0507386,4.36e-05,0.0140333,0.0526435,182.0,190.0,0.0458188,0.047915,-0.0223631,0.000893,0.0014198,0.0119455,0.0120626,179.0,195.0,0.0600369,0.0809225,-0.1481675,0.0016826,0.0227399,-0.0254823,0.0341948,188.0,190.0
227,2814,209560,4.2373841453128685e-11,0.007137095016838375,0.0006940343983716394,0.007137095016838375,0.4151267820037791,9.621564208796597,7.830170602931436,-12.141278301126059,11.992511277459728,0.05809479872329629,12.141278301126059,0.0006614143970119523,12.561450177634223,5.670106533400085,-8.639145794496484,10.547480354040891,-0.012678945632296271,10.547480354040891,0.21438448613785419,2.093681954617957,1.3015755928498687,0.17106933890768983,2.0095441979031525,0.8643261294488166,0.05559315233160201,3.260223157235575,1.8193775908274652,0.0005354010590479241,1.4142079552296318,0.8830223520532611,0.00013355892689424567,-0.38290172241997145,0,0,0,0.5593910835363579,0.5050873667590953,905,0.3413,0.12679,1.5322448832453228,-0.1949223269236017,1.9981029918833666,0.017449801676700936,0.11831116590469103,1.4347344487297398,0.9082338531500845,0.5595204096391413,1.623236324365439,0.5321538760651842,0.07881222290296439,653,252,74,74,0,0.329,876,0.4863235046202652,0.000137,0.00013677367110664918,127.0,372.0,-0.0670851,0.0565558,0.0229739,-0.0450584,0.025308,-0.3624804,-0.2410434,0.5889981,-0.6808724,0.6607933,0.4062172,-0.7967071,0.447488,523.0,374.0,-0.0198391,0.0111166,0.0060273,0.0092693,0.0011538,-0.5379702,0.7461713,-0.383903,0.0802177,0.4967801,0.5421906,0.8338204,0.1037922,847.0,378.0,0.3438258,0.1284294,0.0389984,0.076069,-0.0958475,0.0658816,0.6516386,-0.6722294,0.3451584,0.4840974,0.3036563,0.5923018,-0.7463052,0.008528784648187633,1.0,0.007054135822379476,289.78523586603694,0.0,256,5.140028959627903e-09,9.124750068622636e-10,1.2477240325270774e-09,5.7370207661392256e-06,0.0007378877429351809,-2.582701459634005e-10,24.993728502304492,7.759414257707719,9.831010308957742,3.1078406355171757,0.8851174388075609,1.222156750766516,0.05098078751362381,0.0,0.009038761660852256,0.5047872562304219,0.015274337440220111,0.7822986479527293,0.019419061288508177,0.0002530095556511574,-0.0006260871649908846,0.6851381250067303,0.49968695641750466,621.4910267402715,289.7852607215962,0.6091702194624737,0.6091702869912439,0.609170287691275,0.7614628587390548,2.4628909693564975e-05,765,0.1798,0.1743,0.09504,-0.033994,1063,0.1887,0.1838,0.14426,-0.000601,3,0.064,0.7489,-4.7e-05,13.856,0.0676,0.7731,-4.1e-05,13.934,0.0342,0.1586,-9.3e-05,13.799,8.0037,1.7312,1.7409,1.7241,0.31629,0.64992,1.48501,0.1648,0.9901,0.9877,0.9976,0.4957,3.8873,1.0745,0.1138,5.323,24.0505,6.1869,81,0.1265,0.9372,25,0.1144,0.9303,-2.0,0.0557538,0.0842417,-0.2034921,0.0027343,0.042355,0.0198271,0.0468459,182.0,190.0,0.0714568,0.0817649,-0.0672754,-0.0079262,-0.0422483,-0.0629136,0.0761962,179.0,195.0,0.114121,0.1598485,-0.1669072,0.0169212,0.0192172,-0.0105125,0.0276793,188.0,190.0
228,2814,209560,3.852940928066848e-11,0.0072608218956987085,0.0006946491785040364,0.0072608218956987085,0.41489921498934207,9.620610806379121,7.830342529972496,-10.619151276604963,12.365200131327706,0.0582847844283429,12.365200131327706,0.00038830965055502986,12.5654394251217,5.667116538223098,-8.672389224535811,10.586033276770486,-0.012432935743999167,10.586033276770486,0.2144349189002702,2.095221436172109,1.3016187115011988,0.15771853185118334,1.9631302720864652,0.8650075792353149,0.06924733789270579,3.2743644158548744,1.8276143791627177,6.180494023133587e-05,1.4142085990279407,0.8706426291040389,0.00018901444922131723,-0.3752492772744387,0,0,0,0.5605274899915792,0.5050189537396949,905,0.3396,0.12756,1.5420625399269183,-0.19708307808340886,1.9990393861398168,0.060476249893229646,0.12326519044413503,1.4310899543920774,0.9098841238880824,0.560667715835015,1.6228580640370414,0.5331421323651989,0.07850003421066705,653,252,76,76,0,0.3273,876,0.4862674611392024,0.003304,0.0033042589631704367,127.0,372.0,-0.0685023,0.0642735,0.0551359,-0.018337,0.0274747,0.391491,0.3597345,0.6565969,-0.5349826,0.6611428,0.8578336,-0.2852969,0.427466,523.0,374.0,-0.0194673,0.0561673,-0.0272373,0.0287179,-0.039852,-0.1985577,-0.0663769,0.4703454,-0.8572888,0.4946008,-0.484931,0.5112912,-0.7095232,847.0,378.0,0.3528725,0.0636546,0.0288847,0.0021677,0.0566823,0.766569,0.4922784,0.2962683,0.2868086,0.4809514,0.4537727,0.0340544,0.8904665,0.008528784648187633,1.0,0.007150201121718663,289.78527839459286,0.0,256,5.792147054889163e-09,7.961541450642034e-10,1.1019276353422324e-09,4.523587178164038e-06,0.0007386202177653067,1.4486847333232297e-10,24.890437735561513,7.2728431569644885,9.153791834627516,3.1324281164446504,1.0725149211949794,1.464085942766384,0.25278587450076306,0.0,0.028531179259067972,1.1501236055490884,0.027652764731023717,0.27699117805871204,0.044597128033007534,0.001065931796425602,0.0012672883077531004,0.6893563939793373,0.5006336441538767,621.4911405919845,289.785313807718,0.6091701740163221,0.6091702869419359,0.6091702876916623,0.7614628586774198,2.5055865669288195e-05,765,0.1831,0.176,0.0875,-0.048564,1063,0.1879,0.1837,0.15415,-0.002963,3,0.0648,0.7535,-7.5e-05,13.856,0.067,0.7633,-0.000101,13.934,0.0347,0.1504,-9.8e-05,13.799,8.0039,1.7312,1.7409,1.724,0.31617,0.65124,1.48286,0.16285,0.9901,0.9876,0.9975,0.4957,3.8871,1.0745,0.1138,5.3228,24.0496,6.187,81,0.1759,0.9336,25,0.1383,0.9971,0.0,0.0973832,0.0923408,0.0265778,0.0306006,0.0374249,-0.0501377,0.0696477,182.0,190.0,0.0419658,0.1278835,-0.5058467,0.0188564,-0.0685361,0.033729,0.0786791,179.0,195.0,0.0485918,0.0995005,-0.3437631,0.0113681,0.0050472,-0.0052118,0.0134859,188.0,190.0
229,2814,209560,3.608492246129558e-11,0.007336601403497251,0.0006956569713009588,0.007336601403497251,0.41468394293259286,9.61971755712953,7.830516035414934,-11.412868102413999,13.12551787989548,0.0596181542457139,13.12551787989548,0.00516799575765628,12.559320716454314,5.657877315732026,-8.74217394254005,10.60394132301602,-0.012296689452747237,10.60394132301602,0.21468450177291487,2.0970560002274596,1.3016802677193657,0.1975669852253622,1.8686105518873612,0.8691080477453264,0.08292854870296062,3.2885057791262704,1.8360065437231738,0.0006253000381393203,1.4142088107168442,0.872176847290989,0.00025692607696253486,-0.36745283346283675,0,0,0,0.560646891525146,0.5049401223453176,905,0.3361,0.12656,1.5453268157903364,-0.19835897879379666,2.001073665388055,0.05876826598752533,0.12081409056802976,1.424752133855691,0.9113403627602429,0.5608068406564996,1.6250521510996494,0.534056691074674,0.07550348542652215,648,257,79,79,0,0.3236,876,0.4862003438259037,0.000517,0.0005172168407023836,127.0,372.0,-0.0697014,0.0411689,0.0343378,-0.0138474,0.0180013,0.7606005,-0.2985698,0.3092414,-0.4865314,0.6607492,0.8340704,-0.3363551,0.4372549,523.0,374.0,-0.0192693,0.013901,-0.0077499,-0.0039912,0.010828,0.1110788,0.0831099,0.419294,-0.8971883,0.4924822,-0.5575062,-0.2871195,0.7789411,847.0,378.0,0.361894,0.0451591,-0.0441153,-0.0055947,-0.0078666,0.9066033,-0.0385209,-0.3715184,-0.1963686,0.4778782,-0.9768863,-0.123889,-0.1741975,0.008528784648187633,1.0,0.007305142347704907,289.7853395450319,0.0,256,2.4932766982961176e-09,3.593249488955148e-10,5.063692946018871e-10,8.27626286399085e-06,0.0007400550990547487,-2.0378013578062238e-11,24.567184725579096,6.692504074391184,8.096646712727194,3.0475659557933032,0.9647904655094012,1.2660380849292343,-0.00386913221858564,0.0,0.024307106382202195,1.0586414205024544,0.015228487205564002,1.5102100078648077,0.030087235704674087,-0.00016551736105578787,-0.0018979183064116482,0.6919032820303992,0.49905104084679425,621.4910635023913,289.7852778628259,0.6091701842782649,0.6091702869795608,0.60917028769021,0.761462858724451,2.5317371046606924e-05,765,0.1893,0.1825,0.08976,-0.040433,1063,0.1861,0.1819,0.16665,0.001575,3,0.0665,0.7479,-8.4e-05,13.856,0.066,0.7652,-6.9e-05,13.934,0.0356,0.1449,-8.7e-05,13.799,8.004,1.7311,1.7409,1.7241,0.31612,0.65144,1.48081,0.16324,0.9901,0.9876,0.9975,0.4957,3.887,1.0744,0.1138,5.2955,24.0698,6.1924,81,0.0994,0.8872,25,0.1023,0.9277,1.0,0.0283939,0.0635992,-0.3826957,-0.0227518,0.0206923,0.0047287,0.0311156,182.0,190.0,0.1053193,0.1246407,-0.0840206,0.0063744,0.0497818,-0.103403,0.1149393,179.0,195.0,0.1161558,0.1186277,-0.0105284,-0.0951149,-0.0311708,-0.0576154,0.1154903,188.0,190.0
230,2814,209560,3.4240792969113155e-11,0.007408534446626852,0.0006964709975044876,0.007408534446626852,0.41448058011494787,9.618887726613577,7.830691337513949,-11.916329669500165,12.483686303928232,0.061602722440436984,12.483686303928232,0.0038068150370462062,12.562540786076726,5.650940126552797,-8.800286173635035,10.623287956120462,-0.012243709435969932,10.623287956120462,0.21500515322180463,2.0987782473632173,1.3017649383044063,0.2149350939342838,1.6785712921181846,0.8665277669366029,0.0965553164848953,3.302646967915659,1.8442044369431363,0.0010829597441799343,1.4142076427378973,0.8527666799059367,0.0003376739377962883,-0.3596359794216886,0,0,0,0.5608275969867311,0.504888846547039,905,0.3336,0.12377,1.5397615183190245,-0.19893942516145524,2.00291132207923,0.027759462409746735,0.1232304349305234,1.418452656330404,0.9126370485226941,0.5610013723082902,1.62680002861235,0.5347638640823991,0.07532033416543893,649,256,78,78,0,0.3211,876,0.4861594571683511,0.000917,0.000917107377707449,127.0,372.0,-0.0708748,0.02553,-0.0015753,-0.0220233,0.012817,0.0304727,0.3122111,-0.3710833,-0.8740096,0.6604663,-0.0617045,-0.8626417,0.5020376,523.0,374.0,-0.016128,0.0539786,-0.001538,-0.0537829,0.0043281,0.6169828,0.0570699,-0.00746,0.7848691,0.4920121,-0.0284929,-0.9963729,0.0801822,847.0,378.0,0.3720834,0.0907601,0.0769932,-0.0022835,0.0480022,0.7113283,0.6536852,0.2077323,-0.1534763,0.4753027,0.8483165,-0.0251592,0.5288915,0.008528784648187633,1.0,0.007386237243969772,289.78530345725676,0.0,256,1.2224333451097114e-09,2.1470058562132207e-10,3.0826470815227225e-10,5.820599912176358e-06,0.000741312529111183,-7.47472637391245e-12,24.232074143168493,6.61860134646173,7.930082022895685,3.100203344190726,1.2497523171658527,1.5963997285760574,-0.15776936030429578,0.0,0.020363431101884686,0.5300114581217209,0.030605509058101714,2.4499788507005738,0.023837022713984846,0.0023174490252968333,0.0013685862405808107,0.6932741166168849,0.5006842931202905,621.491085111777,289.785287938726,0.6091701509152169,0.6091702868831562,0.6091702876909814,0.7614628586039452,2.5565598927828793e-05,765,0.1898,0.183,0.10374,-0.030935,1063,0.1865,0.1823,0.18301,0.003743,3,0.0664,0.7493,-7.8e-05,13.857,0.0657,0.7512,-7.2e-05,13.935,0.0357,0.1257,-9.9e-05,13.8,8.0044,1.7311,1.7409,1.7241,0.3161,0.65194,1.47901,0.16323,0.9901,0.9876,0.9975,0.4957,3.8868,1.0744,0.1138,5.3088,24.0583,6.1897,81,0.0293,-0.0256,25,0.0321,0.9897,1.0,0.0512575,0.0522932,-0.010002,-0.0438622,0.0099887,-0.005155,0.0452796,182.0,190.0,0.0489984,0.0742216,-0.2047009,0.0044979,0.0177236,0.0275308,0.03305,179.0,195.0,0.1438295,0.2053945,-0.1762908,0.0135861,-0.106708,0.0893358,0.1398287,188.0,190.0
231,2814,209560,3.1705148980265555e-11,0.007454170964987634,0.0006966701456503736,0.007454170964987634,0.41428913473550255,9.618108186057325,7.830868417027515,-12.400152579321496,12.494353397753786,0.060903019140982985,12.494353397753786,0.0037291111083377574,12.56129747081685,5.6810606132965455,-8.88207056330736,10.741945203501036,-0.012186369054811188,10.741945203501036,0.21535548730328533,2.1004287475860424,1.3018427316854027,0.09315053497358139,1.6439818094801208,0.8739687585730646,0.1101819815103896,3.3167882376022044,1.8524506335427606,9.968468885268589e-05,1.4142071448324522,0.8538624837193146,0.00043046739158691494,-0.3518577103979253,0,0,0,0.5603100985755455,0.5048260083314627,905,0.3381,0.11791,1.5389500438447141,-0.19780152046817379,2.0050236568355526,0.035107864961535576,0.12286952944321151,1.4152262619565155,0.913307439570646,0.5604863300692391,1.629491016235528,0.5351878823991445,0.07524500575346227,648,257,81,81,0,0.3257,876,0.4861112037231819,-0.001378,-0.0013775076941366926,127.0,372.0,-0.072277,0.0245588,0.0214934,0.0083942,-0.0084089,0.6914871,0.419863,-0.5840083,0.0670452,0.6597799,0.8751779,0.3417993,-0.3423987,523.0,374.0,-0.013786,0.0258175,0.0137003,-0.0113533,-0.0187069,-0.6932831,0.0357819,-0.5524933,0.4613343,0.4912172,0.5306596,-0.4397533,-0.7245809,847.0,378.0,0.3799605,0.0617205,0.0118433,0.0171844,0.0580848,0.5432965,0.23353,0.7844647,0.1868361,0.4716298,0.1918866,0.2784237,0.941095,0.008528784648187633,1.0,0.007478750754208761,289.785310774079,0.0,256,3.1004923067262384e-09,4.40650430320567e-10,6.270210585620718e-10,7.241068911627586e-06,0.0007417967239951515,2.1430316269191486e-11,24.535010759306427,6.489401023570853,8.012082254186831,3.125354776612639,1.0514603202780237,1.3845737162528464,0.004972294739813657,0.0,0.006651177132199683,1.8154544321160537,0.013380605485560639,1.7824814192330718,0.024323509970984276,5.1697116171822314e-05,-0.0018608177197476366,0.687928827706357,0.4990695911401264,621.4912335363842,289.785357145298,0.6091702041247803,0.609170286995879,0.6091702876912428,0.7614628587448488,2.572307668827491e-05,765,0.1912,0.1846,0.10157,-0.013329,1063,0.1802,0.1759,0.19309,0.00406,3,0.0675,0.7607,-7.3e-05,13.856,0.0645,0.7526,-4.1e-05,13.935,0.035,0.145,-0.000115,13.8,8.0044,1.731,1.741,1.7241,0.31597,0.6527,1.47716,0.16197,0.9901,0.9876,0.9975,0.4957,3.886,1.0742,0.1137,5.3619,24.011,6.1788,81,0.0766,-0.9826,25,0.0353,-0.8505,-1.0,0.0519989,0.0299284,0.2693917,-0.0025651,0.02751,-0.0176634,0.0327929,182.0,190.0,0.0911588,0.0868559,0.0241714,0.0051702,0.0723906,-0.0445446,0.0851548,179.0,195.0,0.0583315,0.103585,-0.2794864,-0.0032978,-0.0326129,0.0204544,0.0386376,188.0,190.0
232,2814,209560,2.9393090352718416e-11,0.007465633210619166,0.0006974906209833943,0.007465633210619166,0.4141106882909566,9.61735006645774,7.831046826988344,-12.343033707775236,10.833181373349102,0.06059656930287187,12.343033707775236,0.0043452900834588075,12.565141786094207,5.669994276092048,-8.901291149120617,10.79152038044937,-0.012267721129239758,10.79152038044937,0.21564770450559603,2.10100771394388,1.3018921619373165,0.12465469003967156,1.6445154292264472,0.869637111276629,0.12367427023249458,3.330929505169746,1.8607321688479408,0.00019978096856498873,1.414206941514458,0.8642827965686493,0.0005372306965143371,-0.34409306869551315,0,0,0,0.5600148610964428,0.5047736530534237,905,0.3408,0.12378,1.5461606511211468,-0.19713061347429187,2.0069835948198844,0.09518811115693036,0.12341883681993385,1.4132095737011343,0.9136213192247171,0.5601937710293191,1.6309023171500072,0.5354064212295517,0.07504256867270717,653,252,82,82,0,0.3286,876,0.486069536089713,0.003905,0.0039052075266072794,127.0,372.0,-0.0724613,0.0805461,0.0699671,-0.0009882,-0.039891,-0.1949808,0.7797094,-0.4259189,-0.4154863,0.6595808,0.86866,-0.0122689,-0.4952568,523.0,374.0,-0.0108784,0.034714,0.0259602,0.0163913,-0.0162005,-0.0673228,-0.2818902,-0.1660934,-0.9425596,0.490252,0.7478316,0.4721803,-0.4666837,847.0,378.0,0.3938861,0.0287361,-0.0079905,-0.0181107,0.0208308,-0.0580932,0.3358949,-0.465405,-0.8168219,0.4687316,-0.2780638,-0.6302412,0.7248976,0.008528784648187633,1.0,0.0075349331277020795,289.7853784972836,0.0,256,3.6660950287310755e-09,6.5555436106177e-10,9.177179704674562e-10,5.320938946008537e-06,0.0007435581315424759,-1.621286348065339e-10,23.70492191268947,6.411106130906573,7.844439270866947,3.0689402207427565,1.1708409496728907,1.4692115875932386,-0.12572287392785755,0.0,0.010738503076829041,2.4386845661770566,0.024256477279264704,2.2361963162323866,0.04245215905505926,-0.0025031951874206542,-0.0006137440501675534,0.689287590036347,0.4996931279749163,621.4912796773365,289.7853786596358,0.6091702534322688,0.6091702869407599,0.6091702876900953,0.7614628586759499,2.5762629036532042e-05,765,0.1895,0.1828,0.10994,-0.00687,1063,0.1823,0.178,0.20985,0.002971,3,0.0671,0.7734,-5e-05,13.855,0.0657,0.7349,-5.7e-05,13.937,0.0352,0.1383,-0.000184,13.8,8.0045,1.7309,1.7411,1.7241,0.3158,0.6536,1.47502,0.16206,0.9901,0.9876,0.9975,0.4957,3.8848,1.0738,0.1137,5.3737,23.9931,6.1761,81,0.0997,-0.7459,25,0.0667,-0.3846,0.0,0.0681043,0.1316953,-0.3182739,-0.0172121,-0.0159737,0.0702154,0.0740379,182.0,190.0,0.0706141,0.0924384,-0.133848,-0.0531126,0.0476459,0.0225603,0.0748335,179.0,195.0,0.0539449,0.0747789,-0.1618501,-0.0403166,-0.0371745,-0.0045838,0.0550308,188.0,190.0
233,2814,209560,2.644428402308673e-11,0.007418721823436519,0.0006971979737472637,0.007418721823436519,0.41394889905665716,9.616661968030234,7.8312245647794185,-11.531621502111088,12.13063776154811,0.061811929029314414,12.13063776154811,0.0020260814695021168,12.56440952814487,5.698667714452587,-8.96928007562604,10.878248137497517,-0.011979120826097355,10.878248137497517,0.2159490147978278,2.1012283090851236,1.3019275426223942,0.13737382454625457,1.6447070972565172,0.8712742976745386,0.1372907412457289,3.3450709004269266,1.8691820639746581,7.539013856017185e-05,1.414206846650387,0.866710993328994,0.0006584474805099424,-0.33620447230897754,0,0,0,0.5593270791011742,0.5047416806923897,905,0.3369,0.12164,1.5519348985373413,-0.19637134039874077,2.0086288814982303,0.056351758200796895,0.11998798382444255,1.4081069945824785,0.9138855703090756,0.559530940895699,1.6333065850587718,0.5355482633878926,0.07502055250148587,650,255,75,75,0,0.3245,876,0.4860467523400287,0.003692,0.003691722725754687,127.0,372.0,-0.0718343,0.029184,0.0166173,0.0107726,-0.0214365,-0.0903691,0.0131048,0.609636,-0.7874043,0.6591333,0.5693953,0.3691272,-0.7345298,523.0,374.0,-0.0073039,0.0566115,-0.0189422,-0.0367526,-0.0386691,0.6725547,-0.0091727,0.4567815,-0.5821827,0.4878479,-0.3345996,-0.6492072,-0.6830615,847.0,378.0,0.4065094,0.0723609,-0.0230894,0.0027917,-0.0685214,-0.2105648,0.260077,-0.9145084,-0.2273694,0.4648357,-0.3190867,0.0385798,-0.9469399,0.008528784648187633,1.0,0.007583808987550144,289.78540128800915,0.0,256,1.961402527389835e-09,3.298061774203362e-10,5.031827341384505e-10,1.0042910436193712e-05,0.0007447975914177117,1.7185731362603306e-11,23.43371400298987,6.505764494184547,7.8259643926742655,3.133172595852189,1.1857672050310801,1.4734697413203748,-0.14518030841290178,0.0,0.017613873378106392,0.5588796038422748,0.013412834554289032,0.5128761103434452,0.04821493687968916,-0.002106533881006919,0.0023118704979499245,0.7017877802397998,0.5011559352489752,621.4913035947432,289.7853898117066,0.6091702243026947,0.6091702868986448,0.6091702876915326,0.761462858623306,2.5600744841749858e-05,765,0.1873,0.1806,0.12885,-0.00107,1063,0.1768,0.1723,0.21482,-0.002286,3,0.0658,0.7657,-4.7e-05,13.854,0.0631,0.7255,-5.8e-05,13.937,0.0337,0.1128,-0.000129,13.8,8.0044,1.7308,1.7412,1.7241,0.31569,0.65362,1.47288,0.1624,0.9901,0.9876,0.9975,0.4957,3.8828,1.0733,0.1136,5.4386,23.9282,6.1626,81,0.0564,0.312,25,0.105,0.998,-2.0,0.0272858,0.0734907,-0.4584896,-0.0323797,-0.0015684,0.0389927,0.0507083,182.0,190.0,0.0774552,0.1249829,-0.2347764,-0.0138391,0.0858636,-0.0105802,0.0876129,179.0,195.0,0.1205253,0.0591894,0.3412963,-0.0101347,-0.0123819,-0.0974341,0.0987391,188.0,190.0
234,2814,209560,2.5731637292012708e-11,0.007335523663906632,0.0006968142636057043,0.007335523663906632,0.4137993355449861,9.6159891617078,7.831401970768315,-12.093320067336748,12.429725329871912,0.06542342012973842,12.429725329871912,0.0003991309894431083,12.564255827519498,5.697659261143496,-9.00769406966239,10.9305828360878,-0.011871150897622784,10.9305828360878,0.21624990701122246,2.102460318879085,1.3019781051937938,0.14845400243679396,1.6456810940447768,0.868014155756254,0.15089080843322367,3.359212237301846,1.8775738546242615,0.000243699395001018,1.4142078401184714,0.8825967946162171,0.0007946269943524051,-0.32833144218429317,0,0,0,0.5580035508462211,0.504722070761608,905,0.3317,0.11423,1.5559355940611284,-0.19617888737172792,2.0096704257948916,0.056008040975868686,0.11973271240448453,1.4018675833730607,0.9131811840110138,0.5582247655385175,1.6358664831540948,0.5351574354914784,0.07496496543276127,645,260,81,81,0,0.3192,876,0.48603397030055373,0.00492,0.004919939582197497,127.0,372.0,-0.0718656,0.0303141,0.0232099,0.019495,-0.0004341,-0.1034027,0.4528179,0.075743,0.8823417,0.6585416,0.7656479,0.6431005,-0.014319,523.0,374.0,-0.0050141,0.0738507,-0.0058746,0.0670124,-0.0304752,0.8974661,-0.1351584,-0.2673964,0.3237065,0.4867174,-0.0795473,0.9074049,-0.4126604,847.0,378.0,0.4207751,0.0845472,0.0352782,0.0768079,-0.0020543,0.6926988,-0.3041812,-0.6429602,-0.1193496,0.4611947,0.417261,0.9084618,-0.024298,0.008528784648187633,1.0,0.0075566987971278365,289.785411849657,0.0,256,2.8029449172915615e-09,5.721693547500089e-10,7.963767096226553e-10,4.683761248386651e-06,0.0007447780251683755,5.6041157954968136e-11,23.16612479971618,6.159343852191159,7.462995244231589,3.117187850132109,1.0743322996051343,1.3940510275068034,-0.08874744585163566,0.0,0.02658499545152791,1.6312955447693156,0.025721398550703642,0.5320090409210841,0.0528514823015539,0.0004363955723636886,0.0002830012558911992,0.6929959522496674,0.5001415006279456,621.4914142280412,289.7854413971644,0.6091701737557609,0.6091702869470672,0.6091702876905047,0.761462858683834,2.5313637664264012e-05,765,0.1882,0.1819,0.12787,-0.007062,1063,0.1727,0.1682,0.2139,-0.000368,3,0.065,0.755,-6e-05,13.854,0.0607,0.7046,-4.5e-05,13.938,0.0331,0.0666,-0.00016,13.801,8.0046,1.7307,1.7413,1.7241,0.31563,0.65391,1.47112,0.1633,0.9901,0.9876,0.9975,0.4957,3.8808,1.0728,0.1136,5.4765,23.8846,6.1546,81,0.1172,0.9567,25,0.2419,0.9731,1.0,0.0648342,0.0720469,-0.0526937,-0.0304391,0.0073954,0.0537787,0.0622365,182.0,190.0,0.0638001,0.1100216,-0.2659135,-0.025765,-0.0133758,0.0427951,0.0517123,179.0,195.0,0.1416011,0.0894083,0.2259338,0.0504487,0.100941,0.0411822,0.1201255,188.0,190.0
235,2814,209560,2.5821352491832612e-11,0.007276252392746762,0.0006957566907224631,0.007276252392746762,0.41366825311197614,9.615355819800659,7.831580125553118,-11.527117021784761,12.238943635591449,0.06578086827620165,12.238943635591449,0.0018453227709245151,12.565676454965285,5.714416073808183,-9.045102841362938,10.936376373794586,-0.011956565240317907,10.936376373794586,0.21663910544516263,2.1036450208939645,1.3020331312303246,0.12331704196341697,1.6427567620552117,0.8746905987971682,0.16444903964860322,3.3733536561269997,1.8860361873278402,0.0014718356383296438,1.414205461691894,0.8876995610696007,0.0009461149012736161,-0.3204559664994838,0,0,0,0.555918099360046,0.5047099593897381,905,0.3316,0.10393,1.5556068080199712,-0.19635713137607164,2.0113130577571146,0.03340864869976794,0.12209627232366942,1.4002163627364665,0.912311784017286,0.5561479137742811,1.6404121303376102,0.5347015292777194,0.07495200708148046,648,257,81,81,0,0.3191,876,0.48603058931270837,0.001184,0.0011836090141439382,127.0,372.0,-0.0721569,0.0329083,-0.0250756,0.0168751,0.0130155,-0.9737205,0.1317803,-0.1857406,-0.0016904,0.6572999,-0.7619841,0.5127914,0.3955064,523.0,374.0,0.0032931,0.0363032,-0.029939,0.0204879,0.0013503,0.0737068,0.6349165,-0.7186994,0.2737142,0.4862903,-0.8246944,0.5643542,0.037195,847.0,378.0,0.4351999,0.1386212,-0.0038297,-0.0492765,0.1295106,-0.5940637,0.7088975,-0.1357486,0.3551407,0.4573249,-0.0276272,-0.3554759,0.934277,0.008528784648187633,1.0,0.007466636350079005,289.78547369403157,0.0,256,5.601534714522454e-09,8.420685989879612e-10,1.255137087855207e-09,5.841900027734892e-06,0.0007447917197959601,-9.091842428698195e-11,22.902539834161434,5.872748687947787,7.273716410506754,3.1398328040466,1.0327314334495095,1.3710664308936356,0.0021675525115141953,0.0,0.0131156741609283,2.5357511356265796,0.007963505975916153,0.2907623873855429,0.029201814262110774,0.00010895290495346885,-0.00042911854745743576,0.6826836601424818,0.4997854407262714,621.4914100557946,289.78543945175323,0.609170222352573,0.6091702868479385,0.6091702876904797,0.7614628585599231,2.5109102812455818e-05,765,0.1979,0.192,0.10723,-0.010115,1063,0.1642,0.1587,0.22034,0.013034,3,0.0683,0.7668,-4.2e-05,13.853,0.0578,0.6951,-1.9e-05,13.939,0.0332,0.0716,-0.000144,13.801,8.0046,1.7306,1.7414,1.7241,0.31554,0.6535,1.46931,0.16127,0.9901,0.9876,0.9974,0.4957,3.8796,1.0724,0.1135,5.5017,23.8559,6.1491,81,0.1541,0.9966,25,0.2686,0.8975,-1.0,0.047311,0.0364638,0.1294809,0.0126144,0.0092072,0.0200208,0.0253915,182.0,190.0,0.0748027,0.1055403,-0.1704398,0.0016683,-0.067166,0.0501693,0.0838512,179.0,195.0,0.1479406,0.1835756,-0.1074909,-0.0714135,-0.0193781,0.0567865,0.0932744,188.0,190.0
236,2815,209561,0.0,0.007214375876872919,0.0006955772139913312,0.007214375876872919,0.4118460645071628,9.61175314661628,7.832041075921589,-11.614012684831744,12.843623520474,0.06683842103918891,12.843623520474,0.0006814440540027077,12.565529423301149,5.723661094034406,-9.040341941192343,11.032480272663403,-0.012272159486817332,11.032480272663403,0.21670653915822097,2.104061908069374,1.3019893526219168,0.10930366325626262,1.6468714810110086,0.8772750641749545,0.0,3.3874944855463043,1.8937958821345253,0.0003219148436588437,1.4142027865364823,0.8745456211907361,0.0011132702853745395,-0.31259962325808016,0,0,0,0.5540347192127197,0.5047321999145584,905,0.3278,0.09949,1.5575857572731195,-0.1956715146391229,2.0127574518694034,0.07260520712592956,0.1168623093655364,1.3975803462470657,0.9116734233987522,0.5542684149266008,1.6448229753800436,0.5342041525910708,0.08115957467394548,645,260,86,86,0,0.3152,876,0.4860626816059313,-0.001352,-0.0013516663708221799,127.0,372.0,-0.0730608,0.0765748,0.0303625,-0.0503355,0.0490729,-0.1873252,-0.5285976,-0.7822586,0.2712293,0.6563232,0.3965075,-0.6573383,0.6408496,523.0,374.0,0.0080934,0.0420749,0.0236297,-0.0232764,-0.0258872,0.6443759,-0.2172294,0.6677092,-0.3029115,0.4848732,0.5616105,-0.5532129,-0.6152635,847.0,378.0,0.4510967,0.0178276,-0.0061426,0.0115933,0.0120701,-0.2982736,0.3738778,0.7880855,0.3875172,0.4545192,-0.3445537,0.6502988,0.6770482,0.008528784648187633,1.0,0.00740327852155699,289.7854655299057,0.0,256,3.4753017910063815e-09,6.495198167995039e-10,9.18741060272684e-10,5.382882778852935e-06,0.0007457473623779076,-1.7564966614182584e-10,18.910770047050946,5.942558255621124,7.225072017619738,3.1135183968367026,1.167327100691019,1.4552804804362198,-0.23607624847276978,0.0,0.018706393102021903,1.4134698306063134,0.005264078323560138,1.123361312003728,0.03956678340394446,-0.0005006842185257419,0.00023870913877862857,0.6966420741469755,0.5001193545693895,621.4914911202578,289.7854772500248,0.6091702040516376,0.6091702868679048,0.609170287691728,0.7614628585848809,2.4895574289419643e-05,766,0.1972,0.1913,0.09661,-0.001685,1063,0.1672,0.1617,0.22993,0.013743,3,0.0673,0.7873,-7.8e-05,13.853,0.0583,0.681,-8.3e-05,13.941,0.0338,0.0847,-0.000154,13.802,8.0051,1.7305,1.7415,1.7241,0.31544,0.65261,1.46807,0.16116,0.9901,0.9876,0.9975,0.4959,3.8819,1.073,0.1136,5.4374,23.9331,6.1653,81,0.1326,0.9941,25,0.1833,0.8934,0.0,0.0898486,0.0895627,0.0015936,-0.0452273,-0.0032827,0.0128979,0.0471449,182.0,190.0,0.0252147,0.1032742,-0.6075198,-0.0182358,0.0449328,0.0380534,0.0616406,179.0,195.0,0.0478463,0.1279878,-0.4557791,0.0252509,0.05007,-0.0376235,0.0675289,188.0,190.0
237,2815,209561,2.5280203156256217e-11,0.00719780146719775,0.0006985561758187706,0.00719780146719775,0.41175093712956856,9.611018986183776,7.832216735937087,-12.155549512380908,12.355604153254493,0.06514730231894798,12.355604153254493,0.0038885192809625015,12.565999465602061,5.734228823142964,-9.037190086026301,11.109680115389615,-0.01218466914057014,11.109680115389615,0.21703612060470495,2.110295832723237,1.3021160481390621,0.15569860869577912,1.6502247061551718,0.8708117744123083,0.014078223956890248,3.4016293577483845,1.9027406323667393,0.0013782775856253648,1.4141804176108677,0.9060956301712645,0.0012944830472662737,-0.3048424505809234,0,0,0,0.5524172747417341,0.5047510867693029,905,0.3239,0.09596,1.557841957015838,-0.19635932162599853,2.0193204075550186,0.028162309188601357,0.1149152614228785,1.3932371899295044,0.9144943892009509,0.5526938670410685,1.6546128765582964,0.5359417342529179,0.0807594181997245,641,264,89,89,0,0.3111,876,0.48609718470329905,0.003299,0.0032992123053225964,127.0,372.0,-0.07352,0.0283361,-0.0130212,-0.0071422,-0.0241324,0.7338349,0.0524251,0.5736887,0.3600266,0.6532462,-0.4595254,-0.2520519,-0.8516491,523.0,374.0,0.0074851,0.0314217,-0.0227831,-0.010926,-0.0186783,-0.7630946,-0.5348961,0.3609911,0.0354698,0.4815768,-0.7250735,-0.3477217,-0.5944392,847.0,378.0,0.4588265,0.0760031,-0.0141171,-0.0336877,0.0666507,0.6558276,0.1275681,0.561144,-0.4886041,0.4520185,-0.185744,-0.4432412,0.8769472,0.008170515097690942,1.0,0.007395973548853983,289.78549797436006,0.0,256,2.232529416796276e-09,3.044262544647838e-10,4.434012654518161e-10,5.700281369646785e-06,0.0007502876547991767,-7.963957641700784e-11,16.278400332449664,5.6752116801549475,6.775697663009975,3.0598139594484275,0.9017026792430395,1.1799607246827335,0.19002281788303874,0.0,0.016504096760644352,1.0102009087027697,0.026454234745621488,1.8004681006940995,0.02386540043202991,-0.00078575515851283,-0.001254438130538905,0.6962716269167227,0.49937278093473064,621.4915091771101,289.78548566947,0.6091702390343922,0.6091702869174402,0.6091702876916975,0.7614628586468003,2.483837812155844e-05,766,0.1981,0.1922,0.10895,0.052785,1063,0.1655,0.1601,0.24347,0.001357,3,0.067,0.8086,-4.6e-05,13.853,0.0573,0.6858,-1.9e-05,13.941,0.0338,0.1263,-4.2e-05,13.802,8.0053,1.7305,1.7415,1.7241,0.31501,0.6509,1.46779,0.16118,0.9901,0.9876,0.9975,0.4959,3.8816,1.073,0.1136,5.4234,23.9415,6.1679,81,0.0874,0.9996,24,0.0553,-0.0612,-1.0,0.0735365,0.0954706,-0.1297823,0.0304132,-0.048878,0.0587874,0.0822799,182.0,190.0,0.0669915,0.100428,-0.1997166,0.0423689,0.0644991,-0.0173997,0.0791076,179.0,195.0,0.1451059,0.186238,-0.1241371,0.0004542,0.0286047,0.1445311,0.1473353,188.0,190.0
238,2815,209561,2.517669754153052e-11,0.007137623963444443,0.0007017737455610302,0.007137623963444443,0.41167429809548006,9.610232548527573,7.832391527392639,-11.263673301373482,11.293139770541334,0.06287047412569209,11.293139770541334,0.0017718593287643358,12.565011294633997,5.751365093582973,-9.037350535771651,11.101000440735016,-0.012306257461496784,11.101000440735016,0.2172456742736179,2.117067130853488,1.302257465982066,0.06888354445326417,1.654450392637174,0.8787375712326454,0.014078238099005873,3.4157659351062413,1.9117099697770028,0.0009232571732287198,1.4142048887583722,0.8842182019115311,0.001491780539107901,-0.2968946803153122,0,0,0,0.5510401296097942,0.5047747112519971,905,0.3225,0.09653,1.557647393023775,-0.1970098641468143,2.026172375062836,0.04581585965274842,0.11454682012958252,1.3891489080098267,0.9185747169335655,0.551332066859622,1.6661006535784348,0.5384095976234146,0.08045502828677342,642,263,90,90,0,0.3096,876,0.4861371698155711,0.003474,0.003474162135544967,127.0,372.0,-0.0747386,0.0477863,-0.0351268,0.0254194,-0.020087,-0.8111669,0.5132028,-0.2219953,-0.1713162,0.6495195,-0.7350824,0.5319397,-0.4203499,523.0,374.0,0.0073079,0.0195576,0.0017533,0.0189837,0.004364,0.8114292,-0.1388197,-0.0252939,-0.5671612,0.4781927,0.089646,0.9706563,0.2231368,847.0,378.0,0.4652706,0.0167286,-0.0015666,-0.0158808,-0.0050192,-0.3351767,0.6579926,-0.1037527,0.6662865,0.4479871,-0.0936453,-0.9493195,-0.3000384,0.008170515097690942,1.0,0.007348059071820682,289.7855061853997,0.0,256,9.087223026877327e-10,1.9856159092942953e-10,2.7130544190596296e-10,4.4078686884298e-06,0.000755953868314038,-2.2161484946785812e-11,22.547034568475517,7.153455439371216,8.802260822480063,3.1267950020538353,1.1103953262535302,1.4648209592536912,0.07941027269151399,0.0,0.012957113452561207,1.3075573581424471,0.004095817212718105,1.8997630669537025,0.026323261075102813,-0.0018164178947673005,-0.0010878747314989861,0.6940094629397104,0.49945606263425063,621.4913276455762,289.78540102599067,0.6091701990880465,0.6091702868137203,0.6091702876916881,0.7614628585171503,2.4630723073603955e-05,766,0.1987,0.1936,0.11745,0.083124,1063,0.1578,0.1521,0.26557,0.00163,3,0.0666,0.8157,-1.8e-05,13.853,0.0549,0.6978,-6.5e-05,13.942,0.0327,0.1548,-0.000116,13.802,8.0053,1.7305,1.7416,1.7241,0.31488,0.64848,1.46718,0.16207,0.9902,0.9876,0.9974,0.4959,3.8812,1.0729,0.1136,5.4229,23.9396,6.1681,81,0.0337,-0.0626,24,0.2332,-0.9015,-1.0,0.070245,0.0303005,0.3972783,-0.0171792,0.0011302,-0.007905,0.0189444,182.0,190.0,0.0437837,0.0295452,0.1941732,0.0207524,0.0164716,-0.017838,0.0319401,179.0,195.0,0.0285868,0.0314504,-0.0476972,0.0085593,-0.0254146,0.0044359,0.0271817,188.0,190.0
239,2815,209561,2.6644379665629256e-11,0.0071383448592003615,0.0007028697457736884,0.0071383448592003615,0.4116202706191981,9.60937507856311,7.8325643640769735,-12.16376650536352,12.40878581536442,0.06118493664954182,12.40878581536442,0.001054213632659388,12.557855194685992,5.735239006158172,-9.087377771308251,11.213532840730762,-0.01216377829398413,11.213532840730762,0.21759961590827687,2.117976267784896,1.3023931847411814,0.17720719730805212,1.655905002922611,0.8709572323534432,0.028220299621062428,3.4299070776904643,1.920628908854335,0.0010873313996067058,1.4142071899773152,0.9294675619168934,0.0017047659181656841,-0.28901214387411067,0,0,0,0.5501917581313451,0.5048156156351339,905,0.3272,0.09318,1.5617886239734158,-0.19320383297700644,2.02991002820696,0.07414166896633301,0.11667193525722339,1.3889075372219777,0.9211231075610039,0.5504735462480357,1.6733285619977072,0.539963443961766,0.08034006019800222,646,259,84,84,0,0.3145,876,0.4861998560341293,0.001573,0.0015729156803743205,127.0,372.0,-0.0730174,0.0705656,0.0507656,0.0150336,0.0466513,0.8327421,-0.3496051,-0.2845247,-0.3215006,0.6474076,0.7194099,0.2130448,0.6611061,523.0,374.0,0.0068743,0.0358127,0.0131507,0.0318938,0.0096122,0.3210629,0.1175375,0.4956683,-0.7983837,0.474297,0.3672086,0.8905716,0.2684027,847.0,378.0,0.4737586,0.1256419,-0.0313371,-0.1172356,0.0325526,-0.680425,0.3292224,0.4963849,-0.4268915,0.4453393,-0.2494164,-0.9330936,0.2590905,0.008170515097690942,1.0,0.007276170549354861,289.78542025803125,0.0,256,2.908899364242552e-09,4.2888154355155844e-10,6.312027419626918e-10,4.672567467302782e-06,0.0007581482073907776,5.6291661270025113e-11,22.841842335376406,6.209435193386797,7.682259560122285,3.0755590622986118,1.10470712803873,1.4136592788197428,-0.03489244056740391,0.0,0.012868676288658462,0.24058752705918535,0.019322607574691602,0.42259812565627036,0.040806089820031005,-0.0022136952636207753,0.003339587393436266,0.6905500561695883,0.5016697936967183,621.4915180203153,289.78548979282886,0.6091702402986375,0.6091702867272702,0.6091702876916751,0.7614628584090878,2.4633203216295096e-05,766,0.193,0.1876,0.14393,0.032353,1063,0.1477,0.1419,0.27824,0.006541,3,0.0655,0.8171,-4.3e-05,13.853,0.0527,0.7071,-6.1e-05,13.942,0.0301,0.1701,-3.8e-05,13.802,8.0055,1.7305,1.7415,1.7241,0.31502,0.64722,1.46581,0.1615,0.9902,0.9876,0.9974,0.4959,3.8809,1.0728,0.1136,5.3955,23.9588,6.1735,81,0.0934,-0.8618,24,0.2917,-0.941,-1.0,0.1351531,0.0640041,0.3572503,-0.0136083,0.0107277,0.07019,0.0722974,182.0,190.0,0.0790726,0.0496945,0.2281489,-0.0085553,0.044069,-0.0330061,0.0557196,179.0,195.0,0.110495,0.1739043,-0.2229587,-0.0241233,-0.0270808,0.0185819,0.0407503,188.0,190.0
240,2815,209561,2.645719556231416e-11,0.007113550158656852,0.0007048739636514958,0.007113550158656852,0.41158655223156687,9.6084905451806,7.832735924878779,-11.696428329929498,11.777108647119846,0.062249972930228575,11.777108647119846,0.0006884276921134387,12.56426621990143,5.775504410193261,-9.110559589723337,11.267163870076779,-0.011961737359887044,11.267163870076779,0.21793048355207525,2.12162658241342,1.302488412850663,0.208231343292533,1.659271067303433,0.8754346073864355,0.04212752948976703,3.444048673936337,1.9294319450961241,0.0019094265464006943,1.4142081289859885,0.8891447569294919,0.001935015736710079,-0.2810791189479498,0,0,0,0.5476733587089535,0.5047962412593121,905,0.3312,0.09323,1.5634701213063213,-0.19303980386682373,2.0334635028959376,0.053164310655474056,0.11960441970079107,1.3847502776268967,0.921522126498774,0.5479594176238834,1.681734261443613,0.5402771182137416,0.07688385893002025,648,257,87,87,0,0.3187,876,0.4861891981047855,-0.001071,-0.0010712731480604365,127.0,372.0,-0.0729517,0.0545494,-0.0395009,-0.0106491,0.0360821,-0.3590056,-0.0133924,-0.6619183,0.6578752,0.6448364,-0.7241303,-0.1952191,0.6614565,523.0,374.0,0.0047655,0.0522459,-0.0130745,-0.0500108,-0.0075898,0.671041,-0.7267462,-0.0142818,-0.1460822,0.4707112,-0.2502493,-0.9572209,-0.1452706,847.0,378.0,0.4825449,0.1092665,0.0882466,0.0592141,-0.0254044,0.1538442,0.3924125,0.4146491,-0.8064803,0.4423169,0.8076279,0.5419236,-0.2324994,0.008170515097690942,1.0,0.007266125581864842,289.78550642784916,0.0,256,3.2609218158671503e-09,7.425321836478247e-10,1.0758134319092143e-09,1.0972248417011465e-05,0.0007609086570015932,-4.572324335461717e-11,24.745209175686362,7.980368584877995,9.970141765611721,3.1276334458560444,1.0615796992246977,1.3914426200924712,0.13808874741200836,0.0,0.013057292937308524,2.1986725280863366,0.004487416065091677,2.156793704332181,0.01523829253043688,-0.0030387433899055232,-0.00038733235848617146,0.6979258838667154,0.49980633382075706,621.4916386965388,289.7855460610441,0.6091701781705752,0.6091702867279927,0.6091702876913839,0.7614628584099908,2.4547636192863683e-05,766,0.1884,0.1829,0.16377,0.035414,1063,0.1439,0.1379,0.28656,0.003187,3,0.0645,0.8154,-1.6e-05,13.853,0.0517,0.6798,-2.7e-05,13.942,0.0285,0.1298,-8.7e-05,13.802,8.0054,1.7304,1.7416,1.7241,0.31484,0.64771,1.46434,0.16132,0.9902,0.9876,0.9974,0.4959,3.8806,1.0727,0.1136,5.395,23.957,6.1735,81,0.1071,-0.9998,24,0.1564,-0.9138,1.0,0.0714171,0.0411527,0.2688499,-0.0121006,-0.0064435,0.0017136,0.0138159,182.0,190.0,0.0977856,0.0810634,0.0934986,0.0639911,-0.0294558,-0.0197217,0.0731536,179.0,195.0,0.164333,0.0760117,0.3674777,0.0931283,0.0975409,-0.0180369,0.1360604,188.0,190.0
241,2815,209561,2.694384761216998e-11,0.007027425008525647,0.0007067665692998962,0.007027425008525647,0.41157252637986375,9.607709623765452,7.832906857603418,-11.655100844305606,12.391435592580493,0.061500778860659515,12.391435592580493,0.00020044974550614825,12.562841815686598,5.767169756872709,-9.164615304745865,11.305882881716947,-0.0122701269183751,11.305882881716947,0.21811978134325785,2.1245563672071963,1.3025572020417258,0.21805206113151043,1.6613604630598622,0.8723432076734562,0.05593296423965198,3.458189666754847,1.9377563189647606,0.0012481703619966478,1.4142079117706539,0.8911771273419248,0.0021823436449942644,-0.273311642471605,0,0,0,0.5454047218326433,0.5048300088903352,905,0.3352,0.08724,1.559100983926856,-0.19233311489180382,2.0354087462596713,0.08850272785009668,0.117073005775392,1.384206096125079,0.9208511009829863,0.5457067138907007,1.6874468969194742,0.5399763901911991,0.07677599046347547,652,253,88,88,0,0.3227,876,0.4862410448643912,0.001871,0.0018706470921066032,127.0,372.0,-0.0715313,0.0726273,-0.0696896,0.0194271,-0.0063768,-0.9233613,-0.1524456,-0.3477255,0.0570192,0.6435143,-0.959552,0.26749,-0.0878017,523.0,374.0,0.0033812,0.0414838,-0.0055991,-0.0399053,-0.0098548,0.431118,-0.1629527,-0.3750154,-0.8043303,0.4678455,-0.1349715,-0.9619506,-0.237558,847.0,378.0,0.4906109,0.1012934,-0.0218461,-0.069931,-0.0699483,-0.1213855,-0.751218,-0.5007164,0.4125775,0.4397183,-0.2156712,-0.6903799,-0.6905516,0.008170515097690942,1.0,0.007223775100608124,289.785571720895,0.0,256,3.91673028589269e-09,6.621148959291059e-10,9.715260105269257e-10,8.767819110265917e-06,0.0007636025470148706,-2.128093219429719e-11,23.306702736030914,5.748990270539071,7.0983779938004465,3.1215473608250703,1.1345943051056708,1.4362592850172229,-0.05831040445945973,0.0,0.021514980579493692,2.1952006144006897,0.009477166557155782,2.0294779078889036,0.06002468876798143,0.0001529203271204921,0.003012780191292785,0.6947681730952725,0.5015063900956466,621.4916317033076,289.7855428002805,0.6091701543295864,0.6091702867537719,0.6091702876912727,0.7614628584422148,2.4250433408849977e-05,766,0.1883,0.1828,0.1609,0.032322,1063,0.1417,0.1357,0.28848,0.00426,3,0.0653,0.8127,-7e-06,13.852,0.0517,0.6734,-6.4e-05,13.942,0.0282,0.1164,-7.2e-05,13.801,8.0052,1.7304,1.7417,1.724,0.3148,0.64783,1.46295,0.16068,0.9902,0.9876,0.9974,0.4959,3.8803,1.0726,0.1136,5.4081,23.9446,6.1708,81,0.093,-0.7444,24,0.1334,0.8376,-0.0,0.081726,0.0819249,-0.0012152,0.0057743,-0.0156332,-0.0343444,0.0381743,182.0,190.0,0.0404135,0.0470702,-0.0760903,0.0038247,0.0059846,-0.0122936,0.0141978,179.0,195.0,0.1282711,0.1857108,-0.1829396,-0.0484052,0.0159258,-0.0994817,0.1117734,188.0,190.0
242,2815,209561,2.5876957039116486e-11,0.006972803949305621,0.0007082911766344993,0.006972803949305621,0.4115761633172916,9.606991291350718,7.833077522444783,-11.441187571839015,11.455533327430189,0.06225775008468394,11.455533327430189,4.426850744454754e-05,12.56063713844997,5.754121808112186,-9.210642213257819,11.361469281174339,-0.01226503747051998,11.361469281174339,0.21842081525448556,2.1254763439145132,1.3026302217285133,0.07880385793688993,1.6625164864033555,0.87167187127437,0.06990907616235766,3.472331092704999,1.9462661348316421,0.000475535964356788,1.4142072267280212,0.8833310029240866,0.0024476873198441716,-0.2654645443809574,0,0,0,0.5424252229222222,0.5048683461150097,905,0.3275,0.08558,1.5621501206643924,-0.1919214472684498,2.0364148603643626,0.054315036097553004,0.11341269072289908,1.381019586897569,0.9185929094416336,0.5427365202722144,1.6925209104795547,0.5386505316035735,0.07656925645203809,649,256,97,97,0,0.3149,876,0.4862916898653918,0.003029,0.0030292671318676856,127.0,372.0,-0.0698363,0.0590967,-0.046794,-0.0212432,0.0291798,-0.906905,-0.3714043,0.1162495,-0.1614566,0.6421237,-0.7918214,-0.3594661,0.4937642,523.0,374.0,-0.0003852,0.0999323,0.0355886,0.0593866,0.0720635,0.0005967,0.0707843,-0.4979661,0.8643026,0.4638123,0.3561266,0.5942685,0.7211233,847.0,378.0,0.501387,0.0654331,-0.0622183,0.0190845,-0.0067936,-0.7702135,-0.5018933,0.2517586,-0.3024764,0.437191,-0.9508691,0.2916646,-0.1038256,0.008170515097690942,1.0,0.007134851684269183,289.7855638354253,0.0,256,4.584402007886376e-09,3.5569581315995885e-10,5.223774510389839e-10,5.115459319320833e-06,0.0007657294620409404,3.922187648566873e-12,19.415018081736136,5.5548557821592635,6.707234803872806,3.1346213754389716,1.2329432338732236,1.5404415002999257,0.05890380735882459,0.0,0.012482633763642073,0.9673301289344942,0.02166499400082436,1.5048479017254304,0.04106754790753526,0.0012517210025817039,0.004043732194946457,0.6947173493559891,0.5020218660974735,621.4916428897724,289.78554801624097,0.6091702256425887,0.6091702869030177,0.6091702876912394,0.761462858628772,2.406194510747248e-05,766,0.1822,0.1766,0.15013,0.018276,1063,0.1456,0.1397,0.29216,0.005984,3,0.0618,0.8174,-2.7e-05,13.852,0.0517,0.6436,-8.2e-05,13.943,0.0279,0.0853,-0.000103,13.801,8.0054,1.7304,1.7418,1.724,0.31462,0.64651,1.46141,0.16067,0.9902,0.9876,0.9974,0.4959,3.88,1.0725,0.1136,5.4212,23.9321,6.1681,81,0.0498,-0.0717,24,0.2816,0.8787,0.0,0.0629691,0.1269964,-0.337047,0.0157,0.0380429,-0.075887,0.0863284,182.0,190.0,0.1070777,0.1154493,-0.0376205,-0.0453986,0.0187106,0.0004719,0.0491054,179.0,195.0,0.0536969,0.1839007,-0.5480015,0.0241245,0.0456084,-0.0225872,0.0563232,188.0,190.0
243,2815,209561,2.5642298234616552e-11,0.0068619463308642005,0.000711275393694243,0.0068619463308642005,0.41159925566739275,9.606261194831486,7.833247954521169,-11.711860206957507,12.350960095744856,0.062326052374523634,12.350960095744856,0.006626252415296901,12.566037649635874,5.759997218640707,-9.203557002649127,11.470654259339604,-0.01235888641698579,11.470654259339604,0.21877871089069845,2.1273163630159053,1.3027201045895733,0.08506174978552428,1.6649552535783974,0.8749980408049841,0.08377386354113973,3.4864728138809316,1.9548602549099858,8.932147242812771e-05,1.4142073086687013,0.8812076346978276,0.0025086766968619163,-0.25752677050244427,0,0,0,0.5391413279968091,0.504897136901852,905,0.3259,0.08303,1.5693809688255065,-0.19278399767995863,2.0381561194425966,0.09138960633930554,0.11088630450775051,1.3768438341921188,0.9163987397678741,0.5394680289569413,1.6987081542899334,0.5373949364035604,0.07623643597086506,648,257,96,96,0,0.3132,876,0.4863316306113373,-0.002377,-0.0023770498617337044,127.0,372.0,-0.0686473,0.0707645,-0.009593,0.0136144,0.0687767,-0.6196407,-0.5769772,0.441985,0.2962972,0.6402629,-0.1355627,0.1923908,0.9719097,523.0,374.0,-0.0081732,0.0263645,-0.0114545,0.0206706,0.0116879,0.2693571,0.0869077,0.1132912,0.9523964,0.4599825,-0.4344657,0.7840329,0.4433192,847.0,378.0,0.5081709,0.1013998,0.0265845,0.0855568,0.047489,-0.1182063,0.9259444,0.1042463,-0.3432009,0.4351264,0.2621749,0.8437576,0.4683348,0.008170515097690942,1.0,0.007087333327460611,289.7855740546757,0.0,256,1.4501593594190737e-09,2.583327184716549e-10,3.5847959844388556e-10,9.684776253172725e-06,0.0007687508728633481,-4.859099489236648e-11,20.693357825867267,5.46926493136354,6.736666183762931,3.096133802353762,1.166028183273457,1.4446380571420574,-0.02865790072316294,0.0,0.02121192968502606,1.3724063284037369,0.003197777734529024,2.421886983727065,0.05324636976261515,0.0013640036818471628,0.000206220249974582,0.6856968720709175,0.5001031101249873,621.4917544385725,289.78560002857375,0.609170234987241,0.6091702868027982,0.6091702876909557,0.7614628585034977,2.3679390315417988e-05,766,0.1814,0.1757,0.13363,0.015814,1063,0.1442,0.1377,0.30699,0.015525,3,0.0613,0.8331,1.5e-05,13.852,0.0516,0.6554,-5.3e-05,13.944,0.028,0.1282,-6.5e-05,13.8,8.0054,1.7304,1.7418,1.7239,0.31454,0.64605,1.46007,0.16073,0.9902,0.9876,0.9974,0.4959,3.8797,1.0724,0.1136,5.4479,23.9093,6.1627,81,0.033,0.7274,25,0.1887,0.853,1.0,0.045261,0.1156173,-0.4373266,-0.0258442,0.0031248,-0.053254,0.0592763,182.0,190.0,0.0651526,0.0772349,-0.0848552,-0.0312726,-0.0072136,-0.0582611,0.0665159,179.0,195.0,0.1099461,0.1570003,-0.1762685,0.0328788,0.0679259,-0.0274245,0.0802935,188.0,190.0
244,2815,209561,2.5108733240355625e-11,0.006664814210600621,0.0007132386261647073,0.006664814210600621,0.41164312730830566,9.605559116552202,7.833419625845246,-12.246129882718567,12.10226667668759,0.06102042833773235,12.246129882718567,0.002060723344513349,12.56520339481,5.781746802911868,-9.245436115783471,11.530629993890546,-0.012674194858861447,11.530629993890546,0.21891454193072166,2.129115743467208,1.3028031582675008,0.1905667572771712,1.6666446748377013,0.8704435835485923,0.0973764529192785,3.5006142564439124,1.9631739059439415,0.0013135670048016745,1.4142049249785928,0.8884370757206688,0.0021693277589073688,-0.24969093148387386,0,0,0,0.5353431854234968,0.5049283766197895,905,0.3209,0.08766,1.574444969217374,-0.1917197938983783,2.039418254498797,0.04535311341033486,0.10924368672581691,1.3722224084001464,0.9136159828219861,0.5356556828131008,1.7056030807401363,0.5358861625432827,0.08462457594386218,644,261,92,92,0,0.308,876,0.4863742183918659,-0.002077,-0.002077341453830206,127.0,372.0,-0.0690527,0.0239034,0.0038973,0.0129377,0.0197179,-0.1564558,-0.7484398,0.56777,-0.3049534,0.6384293,0.1630455,0.5412508,0.8249023,523.0,374.0,-0.0145097,0.0523203,-0.0297819,-0.0196557,0.0382636,-0.8679359,-0.2293199,-0.1568603,0.4116972,0.456236,-0.5692225,-0.3756807,0.7313342,847.0,378.0,0.515718,0.0559756,0.0408261,-0.037555,0.0074914,0.7177415,0.2694224,-0.0758923,0.6375728,0.4334466,0.7293545,-0.6709177,0.1338333,0.008170515097690942,1.0,0.006951206767441035,289.7856131791588,0.0,256,2.842869496175097e-09,4.4899918623316793e-10,6.473133499976084e-10,7.358424793884608e-06,0.0007710854024305568,-1.311823098270058e-11,13.844757765629442,5.086966020802519,6.134449359102711,3.132549431142352,1.0085637435809875,1.3129844277417086,0.04082452234530988,0.0,0.024614123958299605,0.22364672282877374,0.017877370847094412,1.931930531746227,0.04366047034865037,0.002190314448911445,-0.00029071053173580086,0.6804978085612855,0.4998546447341321,621.4918656271795,289.7856518729579,0.6091700962201704,0.6091702868207194,0.6091702876908616,0.7614628585258992,2.299911733905472e-05,766,0.1788,0.173,0.12777,0.04637,1063,0.1421,0.1348,0.32946,0.014107,3,0.0594,0.832,-5e-06,13.853,0.0509,0.6673,-5.2e-05,13.945,0.0276,0.142,-6.8e-05,13.8,8.0056,1.7304,1.7419,1.7238,0.3146,0.64525,1.45864,0.16064,0.9902,0.9876,0.9974,0.4959,3.8794,1.0724,0.1135,5.4474,23.9073,6.1626,81,0.0979,0.7642,25,0.0343,0.3703,3.0,0.0404179,0.0692758,-0.2630773,0.002357,-0.0500379,-0.0192244,0.0536557,182.0,190.0,0.0720387,0.0593139,0.0968749,-0.021182,0.0324775,0.0094686,0.0399139,179.0,195.0,0.0907013,0.0612364,0.1939271,0.063552,-0.0459699,0.0245847,0.0821979,188.0,190.0
245,2815,209561,2.919242059614693e-11,0.0065487370499449065,0.0007159443237892747,0.0065487370499449065,0.41170764583306046,9.604880853260607,7.833592395707185,-12.095139189020216,12.85022707593547,0.06158781951228,12.85022707593547,0.0024590073961435633,12.564330743356178,5.7897423290282095,-9.269470400359674,11.58832647585522,-0.012654869713915398,11.58832647585522,0.21910637974412864,2.1312249556954783,1.3028630726976993,0.21903915853070152,1.6681077422523687,0.8785269712042764,0.11121404675774084,3.514754721669835,1.9714721060067906,0.0005219796763645812,1.4142026312196616,0.8636556816466281,0.0024436468168514145,-0.24186016896282211,0,0,0,0.5327815984983572,0.5049845768241359,905,0.3214,0.08979,1.573450368836693,-0.19303899560700138,2.0397666712502835,0.04000035232165908,0.10832672629791239,1.3709753179280966,0.9120285375228502,0.5331068812923738,1.7107799008556839,0.5351376526378767,0.08477059612335718,644,261,87,87,0,0.3085,876,0.4864464732312408,0.000779,0.0007790775952840612,127.0,372.0,-0.0686271,0.0367458,0.029563,0.0127662,-0.0177005,0.0003828,-0.8522422,-0.1242943,-0.5081673,0.637486,0.8045269,0.3474202,-0.4817009,523.0,374.0,-0.019074,0.0624243,-0.050208,0.0197883,0.0313747,0.0348714,-0.7319493,0.2482155,-0.6335798,0.4528217,-0.8043027,0.3169964,0.5026036,847.0,378.0,0.5230923,0.0325861,-0.0029394,-0.0073047,-0.0316205,0.3817463,0.8680152,-0.0855034,-0.3057916,0.4324586,-0.0902027,-0.2241669,-0.9703673,0.008170515097690942,1.0,0.0067210532704269415,289.78567178584,0.0,256,2.23976473934502e-09,4.094220903548451e-10,5.746390086015783e-10,9.257405347274409e-06,0.0007725895761823556,-1.9419872213716415e-11,13.856312266304258,5.297784989678546,6.33385172138805,3.1304861031196216,1.2490217388191043,1.592713185268042,-0.11068544648527774,0.0,0.012330964701960068,1.8537880100145259,0.008128516164598077,1.6554112539910282,0.02723935660207764,-0.00210643798514435,-0.00034246432677839764,0.691390290559553,0.4998287678366109,621.4918981571387,289.7856670408401,0.6091702336933529,0.6091702867281086,0.6091702876914362,0.7614628584101357,2.2598554016896835e-05,766,0.1781,0.1724,0.13406,-0.004809,1063,0.137,0.1305,0.35577,0.013793,3,0.0594,0.8276,-2.4e-05,13.853,0.0497,0.6632,-4e-05,13.946,0.0268,0.1288,-3.3e-05,13.801,8.0059,1.7304,1.7419,1.7238,0.31456,0.64446,1.45736,0.15999,0.9902,0.9876,0.9973,0.4959,3.8791,1.0723,0.1135,5.447,23.9054,6.1626,81,0.1499,0.9867,25,0.2315,0.1672,1.0,0.0809985,0.0864822,-0.032742,0.0280002,-0.0404609,0.0578334,0.0759329,182.0,190.0,0.0809294,0.0546945,0.1934385,-0.023357,-0.0160916,-0.0017668,0.0284185,179.0,195.0,0.0507811,0.0547437,-0.0375507,0.0147447,-0.0256346,-0.0373562,0.0476448,188.0,190.0
246,2815,209561,3.599643444722619e-11,0.006424718299454702,0.0007191002185801818,0.006424718299454702,0.411790432885532,9.604229416629224,7.833765515822622,-11.886805332427851,12.271667229258396,0.061402351892734325,12.271667229258396,0.0002488130014768298,12.563446278464099,5.782205307536413,-9.289058054551594,11.596314331352284,-0.012609839647091925,11.596314331352284,0.21938200682342887,2.133217280751173,1.3029133195234561,0.11753548551767878,1.6701980233304394,0.8735585948939054,0.12521525370911446,3.5288959350985816,1.9797522171605058,0.0007591038748115952,1.414203151809452,0.8567142787849084,0.002417588603670351,-0.23416587003579112,0,0,0,0.5296270591359621,0.5050549715943512,905,0.3192,0.09447,1.5747868932079405,-0.19308230160062248,2.040947061228038,0.012535547011493118,0.10759490655491044,1.3666823626428424,0.9093824513327292,0.5299486561888955,1.7159821818825178,0.5336140457223273,0.08763364956876284,641,264,94,94,0,0.3063,876,0.4865323155700428,-0.002703,-0.002702779771683872,127.0,372.0,-0.0684399,0.0186885,0.0077822,-0.0082209,-0.0148699,0.3770565,-0.1650486,-0.7441764,-0.5261072,0.6372732,0.4164171,-0.4398924,-0.7956705,523.0,374.0,-0.0264635,0.042028,-0.0341298,0.0242122,-0.0039085,-0.9468698,-0.0017235,0.2410613,0.2128945,0.4495086,-0.8120736,0.5760973,-0.0929969,847.0,378.0,0.5291759,0.0738691,0.0392686,-0.0072937,0.0621404,0.1813686,-0.0252684,-0.6399858,-0.7462473,0.4317933,0.5315962,-0.098738,0.8412231,0.008170515097690942,1.0,0.006609112162360804,289.7856908689051,0.0,256,3.4014546103871e-09,4.787745317458148e-10,7.042851127733131e-10,4.358845086516805e-06,0.0007748649751969763,6.348910031918279e-11,18.201414647040636,5.137456669424695,6.182668329765801,3.1335484204803103,1.1932542464498168,1.5583041962024664,-0.02227740176265184,0.0,0.02122541522557597,2.2772879599436333,0.008496042178184577,1.0111036241669444,0.01901085444502036,-0.0024072391182461622,-0.001142636483337036,0.6955555577538126,0.4994286817583316,621.4919389047607,289.78568604040686,0.6091701632055582,0.6091702867550683,0.6091702876912384,0.7614628584438354,2.2170585397923546e-05,766,0.1817,0.176,0.11832,0.00123,1063,0.1324,0.1255,0.36928,0.012978,3,0.0602,0.8268,-1.4e-05,13.853,0.0479,0.6428,-5.6e-05,13.946,0.0265,0.1007,-5.8e-05,13.801,8.006,1.7304,1.742,1.7238,0.31463,0.64331,1.45608,0.15874,0.9902,0.9876,0.9973,0.4959,3.8788,1.0722,0.1135,5.4465,23.9033,6.1626,81,0.1722,0.9682,25,0.332,0.563,1.0,0.047493,0.0156868,0.503424,0.0073238,0.0038543,-0.0264841,0.0277471,182.0,190.0,0.0879028,0.1249904,-0.1742073,0.0426276,-0.0468743,-0.0781742,0.1006257,179.0,195.0,0.0809712,0.122847,-0.2054569,0.0157149,-0.0508955,0.032316,0.0623028,188.0,190.0
247,2815,209561,3.7719554568076006e-11,0.006465676475531982,0.0007236384342483981,0.006465676475531982,0.411892951248376,9.60357632154912,7.833939270309211,-11.639625361384976,12.570861579186849,0.05967077930784063,12.570861579186849,0.0010451048311637123,12.564855345098742,5.80487811538969,-9.314596566692547,11.654027639312798,-0.012785252011400941,11.654027639312798,0.2197609753736641,2.1352189041105443,1.302991342021843,0.1976902586732553,1.671950031111258,0.864999077760268,0.13924721106024537,3.5430372635292766,1.9882666580162678,0.0002401476893924004,1.414199329442661,0.842626036047568,0.00239244216969068,-0.22633207854670848,0,0,0,0.5279767041407405,0.5051263085494007,905,0.3248,0.09624,1.5750859466070037,-0.19375663652698974,2.0424380820385486,0.08195687832334397,0.10960777400956866,1.3648511609419205,0.9084277613788265,0.5282945577839397,1.7195478317805282,0.5330472980530292,0.0872906186409339,644,261,92,92,0,0.312,876,0.48661676931648934,-0.003676,-0.003676132740471294,164.0,380.0,0.0004651,0.068207,-0.0412864,-0.0470715,-0.0270536,0.5429839,0.5147633,-0.551358,-0.3690414,0.639312,-0.60531,-0.6901279,-0.39664,523.0,374.0,-0.0292976,0.05247,-0.0063962,-0.0138342,0.0502076,0.5080763,0.1644165,0.6293104,-0.5646185,0.4461653,-0.1219012,-0.2636597,0.9568823,847.0,378.0,0.5341959,0.0263204,-0.011204,0.0177883,-0.015837,-0.4389488,-0.5483328,-0.1661741,-0.6921281,0.4325791,-0.4256769,0.6758357,-0.601702,0.008170515097690942,1.0,0.006563197504630501,289.7857124537489,0.0,256,4.001472733179475e-09,9.856209227427362e-10,1.2944937932930206e-09,1.103574423026753e-05,0.0007785414411477848,-1.4249092511393687e-10,22.66596077344471,6.536372579237377,7.989777840786233,3.1336200769532327,0.9718774748900226,1.3273638772800516,-0.09921407715998765,0.0,0.02897499975035554,0.26345765825557693,0.01575540075989813,1.2455781901813197,0.048766225745055805,-0.002787191016253827,-0.0001124256491719557,0.6947671221763599,0.49994378717541416,621.4920400909228,289.78573322090847,0.6091701553473469,0.6091702867646571,0.6091702876901094,0.7614628584558214,2.231192130705444e-05,766,0.1847,0.1792,0.11707,-0.022132,1063,0.1283,0.1211,0.38547,0.013573,3,0.0623,0.8288,-1.9e-05,13.854,0.0466,0.5884,-4.4e-05,13.947,0.0258,0.0351,-7e-05,13.801,8.0064,1.7303,1.742,1.7238,0.31468,0.64216,1.45474,0.15898,0.9902,0.9876,0.9973,0.4959,3.8784,1.0721,0.1135,5.446,23.9013,6.1627,81,0.1669,0.6955,25,0.2918,0.7946,2.0,0.0610796,0.0779952,-0.1216299,-0.0046988,0.0149601,0.0027965,0.0159281,204.0,176.0,0.0448505,0.0977036,-0.370758,-0.0189648,-0.0215405,-0.0492719,0.0570209,179.0,195.0,0.0137733,0.0854154,-0.7222805,0.0168401,-0.0061363,-0.0008658,0.0179442,188.0,190.0
248,2815,209561,4.1101861683752645e-11,0.006523668044368775,0.0007287673582739906,0.006523668044368775,0.4120146167418779,9.602935971243227,7.834112383595514,-12.28758234635098,11.830990532433418,0.0588644671096644,12.28758234635098,0.0009731223985304264,12.564086287087012,5.8174728866880505,-9.325816861528429,11.697250953825948,-0.012884137743109562,11.697250953825948,0.21996183029281008,2.1365214265360746,1.3030350859551056,0.18786085390270013,1.67338694909765,0.8776249176774136,0.1532887509114195,3.55717831879724,1.9966574463877491,0.00043296568771855615,1.4141992840315425,0.8448118817689093,0.0023705905822395284,-0.21831870606064818,0,0,0,0.5261792407822299,0.5052060550332281,905,0.3253,0.10188,1.5802711253971011,-0.19392623034410647,2.0434417753010874,0.04056833625448572,0.10720251524800056,1.3600207300490663,0.9073948136928662,0.5264882602690696,1.7234853693207304,0.5324196374730399,0.08707258731805428,642,263,89,89,0,0.3126,876,0.48671153116808946,-0.002421,-0.002420555518623191,164.0,380.0,-5.15e-05,0.0542538,-0.0292836,0.0293525,-0.0349911,0.7653841,0.5218945,-0.3151872,0.2060834,0.6389966,-0.5397525,0.5410216,-0.6449518,523.0,374.0,-0.0331529,0.0441965,-0.0165059,0.039658,-0.0103985,-0.6507789,-0.0137426,0.354796,0.6711317,0.4423137,-0.3734655,0.8973111,-0.2352794,847.0,378.0,0.5361967,0.0995894,-0.0524141,-0.0803078,-0.02686,-0.0642814,-0.1897444,0.1811536,0.9628335,0.4340534,-0.526302,-0.8063896,-0.2697074,0.008170515097690942,1.0,0.006614694653803878,289.7857548101707,0.0,256,4.302065660907974e-09,1.053296692966835e-09,1.3834793606266994e-09,5.510859037778122e-06,0.0007825970918014859,-2.4399401339219e-10,17.403144851527298,5.360154942907057,6.543885046137295,3.0783010223365137,1.2018304872718915,1.5152371254041261,-0.05265402273869135,0.0,0.015169355861701848,1.741394846079971,0.01686356613848384,1.514110427177603,0.014381421312670286,0.0010154746671863222,-0.0005521689927684911,0.6947482913770285,0.49972391550361595,621.4920260040591,289.78572665256667,0.6091700967256631,0.6091702868631954,0.6091702876908827,0.7614628585789942,2.2512040602297187e-05,766,0.1831,0.1766,0.11908,0.002503,1063,0.1285,0.1215,0.39909,0.010827,3,0.0618,0.8239,-4.4e-05,13.854,0.0466,0.5499,-5e-05,13.948,0.0255,-0.0204,-5.1e-05,13.802,8.0068,1.7303,1.742,1.7238,0.31495,0.64072,1.45342,0.15999,0.9902,0.9876,0.9973,0.4959,3.8781,1.072,0.1135,5.4726,23.8782,6.1572,81,0.1141,0.0059,25,0.1232,0.892,1.0,0.0591895,0.0499994,0.0841668,-0.0040116,-0.0025619,-0.0059567,0.0076249,204.0,176.0,0.0494586,0.0597846,-0.0945235,-0.0264382,-0.0193181,0.0050381,0.0331293,179.0,195.0,0.1327228,0.1648145,-0.1078578,-0.0249718,-0.1079379,0.0389184,0.1174259,188.0,190.0
249,2815,209561,4.971708603526181e-11,0.006757053324519358,0.0007350121764498421,0.006757053324519358,0.41215537035859096,9.602309752563889,7.834285153950119,-11.316371835343187,13.03562890077959,0.05823509654715058,13.03562890077959,0.0046197008387908346,12.561671617974367,5.846355870522854,-9.36720530437738,11.692202004764223,-0.012305839790008925,11.692202004764223,0.22013649822067874,2.1379833873328358,1.3031008076967452,0.18738368784967696,1.6749285481643452,0.8754799020252683,0.16731051397566699,3.571320237707396,2.005145869741681,0.0001526011023116336,1.4141984763814792,0.8528395657535932,0.0023514846309939967,-0.21039699913421475,0,0,0,0.5238064022459964,0.5052771009343148,905,0.3277,0.1009,1.5792000238196173,-0.19530250777652358,2.043782034394605,0.06940242434438915,0.10485963453215574,1.353796833583152,0.9060859648582071,0.5241196461929768,1.7287769528192678,0.5317256720659937,0.08711723822223057,646,259,89,89,0,0.3151,876,0.48679383900335294,0.001749,0.0017493187186032877,164.0,380.0,-0.0003175,0.0442303,-0.0353174,0.0168294,-0.0206341,0.6048107,0.7441345,0.2780875,-0.0559929,0.6386917,-0.7984903,0.3804962,-0.4665147,523.0,374.0,-0.0337445,0.0341672,-0.0245678,0.0031955,-0.023529,-0.2844953,0.4242502,0.0648207,0.857247,0.4386704,-0.7190446,0.0935252,-0.6886421,847.0,378.0,0.5342222,0.0518533,0.0159512,0.0363941,0.0333135,0.7058116,-0.361371,-0.3337008,-0.5097889,0.4362756,0.3076225,0.7018666,0.6424575,0.008170515097690942,1.0,0.006681260043105851,289.7857483450792,0.0,256,4.388917986841385e-09,1.0189938125714713e-09,1.2957500296858603e-09,6.224985159929226e-06,0.0007878798240012205,-3.949154832654822e-11,16.161370884447564,5.301567475514233,6.434951327133266,3.0944037026734463,0.9991264526648733,1.309519291121614,0.022097736431626686,0.0,0.006959958531826368,1.468722915213676,0.018456206985396354,0.9183575014442286,0.03221480070403565,-0.0007303193884841168,-0.001302464833836569,0.6877251444416416,0.4993487675830818,621.4923390412573,289.78587261375066,0.6091701755392003,0.6091702866668296,0.609170287687799,0.761462858333537,2.3317400753782394e-05,766,0.1853,0.179,0.12527,-0.012841,1063,0.1278,0.1209,0.4155,0.011483,3,0.0628,0.8258,2e-06,13.855,0.0466,0.5132,-1.9e-05,13.949,0.0256,-0.0602,-4.1e-05,13.802,8.0072,1.7303,1.7421,1.7237,0.3152,0.6397,1.4521,0.16005,0.9902,0.9876,0.9973,0.4959,3.7832,1.1034,0.1135,5.4586,23.8866,6.3139,81,0.1514,-0.8928,25,0.1956,-0.2417,0.0,0.0898171,0.0138609,0.7326163,-0.0299636,0.013564,-0.0330001,0.0465919,204.0,176.0,0.0752582,0.1014899,-0.1484129,0.0012077,0.0507037,0.0663914,0.0835472,179.0,195.0,0.0673104,0.0526541,0.1221719,0.0322903,0.0190811,0.0392108,0.0542608,188.0,190.0
250,2815,209561,5.497133023264524e-11,0.006752862566091001,0.000742053230516702,0.006752862566091001,0.4123169177617233,9.601705486694566,7.834459785447306,-12.07753958314612,12.23782516603243,0.057713309166654896,12.23782516603243,0.008276542947660559,12.560918118704365,5.863479826435071,-9.395701187730594,11.694266579960331,-0.012260644426725859,11.694266579960331,0.2205561953904343,2.1389861264063206,1.3031660380432624,0.1719624346540617,1.6760547121806075,0.8724061245951532,0.18129585373872495,3.5854610796746176,2.0135104229393708,0.0018472614071488591,1.4142013275678353,0.8637308926254768,0.002331928249327802,-0.20248843186434684,0,0,0,0.5223573795502533,0.505340679801978,905,0.3225,0.10373,1.5795043579661392,-0.19657873763865233,2.0432582819264233,0.07353420808739317,0.10389744066796434,1.349230665356582,0.904745045563238,0.5226604857839189,1.7310377772412713,0.5310661349877966,0.08702322608333572,640,265,98,98,0,0.3098,876,0.48686551694821617,0.007337,0.007336907596500186,164.0,380.0,-0.0003734,0.0657975,-0.023336,-0.0595253,-0.0155394,0.0487275,0.0830916,-0.6175868,0.7805818,0.6385626,-0.3546635,-0.9046754,-0.2361701,523.0,374.0,-0.0359811,0.1096118,-0.0252466,0.0718367,-0.0788469,-0.2326378,-0.7841747,-0.0734148,-0.5705787,0.4347492,-0.2303275,0.655374,-0.719329,847.0,378.0,0.5282955,0.0929666,0.075123,0.0355042,-0.0416986,0.6901024,-0.3692612,-0.2803483,-0.5557065,0.4388323,0.8080646,0.3819028,-0.448533,0.008170515097690942,1.0,0.006910539108575269,289.78590461871585,0.0,256,5.308745918632402e-09,6.852553180884237e-10,1.0285416018304156e-09,1.0169881660410593e-05,0.0007923429551266903,9.274050959471039e-11,20.736805992170822,5.531615270252665,6.715322175274833,3.126399991453008,1.0686131061192565,1.3540456900340028,-0.0034318466479542464,0.0,0.014930894400653297,1.3924077018779073,0.012442115183603164,0.5953929851556518,0.011615789670620387,0.001629506859660475,-0.0014080729121358677,0.6904536096742686,0.49929596354393224,621.4925003358073,289.78594782124554,0.609170142483105,0.6091702866767073,0.6091702876909681,0.761462858345884,2.330293313689767e-05,766,0.1817,0.1754,0.11813,0.02878,1063,0.126,0.1192,0.42031,0.010769,3,0.0604,0.8261,-1.1e-05,13.856,0.0457,0.5053,1.3e-05,13.95,0.0251,-0.0688,-2.5e-05,13.803,8.0077,1.7303,1.7421,1.7238,0.3156,0.63773,1.45091,0.15796,0.9902,0.9876,0.9973,0.4959,3.7828,1.1033,0.1135,5.4446,23.895,6.3167,81,0.2026,-0.9883,25,0.2327,-0.6832,3.0,0.087807,0.0666572,0.1369233,-0.0156746,0.0025526,-0.0386509,0.0417864,204.0,176.0,0.0878929,0.1779741,-0.3388204,0.0576497,-0.0724476,0.0005596,0.0925875,179.0,195.0,0.1159951,0.1646825,-0.1734637,0.0372753,0.0930817,-0.0058266,0.1004371,188.0,190.0
251,2815,209561,6.126906615387712e-11,0.006827232749291682,0.0007503990722812847,0.006827232749291682,0.4124988186293486,9.601130005026816,7.834634336073,-11.081917775272853,11.406433149676086,0.05675856938372227,11.406433149676086,0.004163587269687241,12.562401162826914,5.867511451835053,-9.445019809644926,11.7295529829777,-0.012114368180752169,11.7295529829777,0.2211106007405654,2.1406685745224787,1.3032166285909825,0.16978054013605304,1.671937468707097,0.869099400074217,0.19531226346851757,3.5996019757911,2.0220196937293586,0.0015566123492271045,1.414202346387151,0.8706692425368892,0.002314503447586377,-0.1945966204061944,0,0,0,0.5208994835957506,0.5054077649322596,905,0.3231,0.10065,1.586325896959746,-0.19620653929045717,2.044262930705674,0.057149227856558224,0.1049011113557175,1.3484747239548818,0.9051767762415945,0.5211993812462099,1.736718823566671,0.5314091414905463,0.08768480265381415,644,261,100,100,0,0.3103,876,0.4869413663946711,0.003648,0.00364836944567859,164.0,380.0,-0.0007249,0.0469656,0.0464618,-0.0059594,-0.0033998,-0.5495416,-0.2256454,-0.4532259,0.664586,0.6378662,0.9892719,-0.126889,-0.0723896,523.0,374.0,-0.0377393,0.0383913,-0.0273429,-0.0149138,0.0224462,0.1003836,0.2978173,-0.4810974,-0.8183968,0.4316712,-0.712217,-0.3884692,0.5846697,847.0,378.0,0.5202885,0.1032779,-0.0347437,-0.0950258,0.0207196,-0.2966491,0.1562399,-0.6249488,-0.7050017,0.442182,-0.33641,-0.9200978,0.20062,0.008170515097690942,1.0,0.006914329948064618,289.7859688107321,0.0,256,2.5791498825658485e-09,7.191390318726511e-10,9.6846260881641e-10,9.316949095371152e-06,0.0007997060593793891,5.4390044769824625e-11,17.088240329565615,6.067841567589163,7.219986837979818,3.119803008300869,1.044889638526832,1.370384339444797,0.1906359640982968,0.0,0.019849261202774984,1.9712593569076051,0.02154910981155746,2.5590067318976217,0.044800954602228826,0.0029145650021838365,0.0013245391026142442,0.687977400324689,0.5006622695513072,621.492539074571,289.7859658841334,0.609170175440344,0.6091702866722695,0.6091702876865615,0.7614628583403368,2.35595700035434e-05,766,0.1806,0.1743,0.11152,0.003738,1063,0.1234,0.1167,0.42348,0.014654,3,0.0601,0.8422,4e-06,13.856,0.045,0.4821,2e-05,13.951,0.0247,-0.0664,-7e-06,13.804,8.0083,1.7303,1.7421,1.7238,0.31594,0.63662,1.44969,0.15932,0.9902,0.9876,0.9973,0.4959,3.7825,1.1032,0.1135,5.4306,23.9033,6.3194,81,0.1431,-0.9881,25,0.1548,-0.9472,4.0,0.0585686,0.0853472,-0.1860715,-0.0191959,-0.0160246,0.0502888,0.0561625,204.0,176.0,0.07138,0.0556683,0.1236671,0.0279789,-0.0299552,0.0295553,0.0505336,179.0,195.0,0.1378407,0.1646362,-0.088587,-0.0770247,-0.0548344,0.0739594,0.1200401,188.0,190.0
252,2815,209561,6.846975539712576e-11,0.007150329647714353,0.000759526336313066,0.007150329647714353,0.41269984433632223,9.600623791263144,7.834807761571794,-11.36311154038943,11.805703951986795,0.05622061481999339,11.805703951986795,0.004577945358338291,12.565206521756071,5.85103350469463,-9.541360211077555,11.778630731017145,-0.012289453455094808,11.778630731017145,0.22139150464407628,2.142736670150747,1.3032507511068767,0.20603577547072216,1.67998013765397,0.871493895883061,0.20935058282646288,3.6137430934968404,2.0306382375206367,0.0007323322402994492,1.4142017195807057,0.86495331669294,0.0022933574447868035,-0.18660230113663814,0,0,0,0.518310752301066,0.5054851248715354,905,0.3208,0.10465,1.5896643178239696,-0.19668627884019121,2.045254890215062,0.02020781931124966,0.10535929337237901,1.345069685066299,0.903922017575253,0.5185983693462916,1.7430097566922034,0.5306722712478529,0.0877022308588803,641,264,95,95,0,0.308,876,0.4870267380140356,0.001239,0.0012385759698603227,164.0,380.0,-0.0009278,0.0271268,-0.0229068,0.0143336,-0.002386,0.6087401,0.1729114,-0.0995174,-0.7678759,0.6372152,-0.8444317,0.5283923,-0.0879581,523.0,374.0,-0.0416596,0.0691169,-0.0003136,0.0361276,-0.0589224,0.5959736,0.1138742,0.7939706,-0.0381939,0.4282674,-0.0045368,0.5227025,-0.8525031,847.0,378.0,0.5103679,0.0637499,0.0574254,0.0150662,0.0232246,-0.2123337,-0.3136249,-0.389665,0.839473,0.4466579,0.9007924,0.2363322,0.3643079,0.008170515097690942,1.0,0.006983749499081801,289.7860028837728,0.0,256,2.110149958201866e-09,3.028940595974761e-10,4.447514534306151e-10,7.359553049203331e-06,0.0008062898987609483,-2.012103453331184e-11,18.194700135245157,5.899226326013684,6.96511919125235,3.10256688476664,1.3145911530308794,1.6201555347158905,-0.15164715787854663,0.0,0.019277878507719115,1.8323333444076662,0.028373358536789014,1.6173493290650245,0.027890062383546726,0.0045661316366053546,-0.00019386867735632634,0.6988045131602303,0.499903065661322,621.4923684436698,289.7858863233384,0.6091700260615026,0.6091702867447093,0.6091702876903268,0.7614628584308866,2.4674526901341674e-05,766,0.1805,0.1743,0.10937,0.006856,1063,0.1224,0.1159,0.4333,0.015393,3,0.0598,0.8444,-2.8e-05,13.858,0.0441,0.4431,2e-05,13.952,0.0244,-0.1061,2.4e-05,13.806,8.009,1.7303,1.742,1.7238,0.31632,0.63472,1.44853,0.15872,0.9902,0.9875,0.9973,0.4959,3.7822,1.1031,0.1135,5.4166,23.9116,6.3221,81,0.0048,-0.9843,25,0.0681,-0.525,3.0,0.1224735,0.0700726,0.2721473,-0.067472,0.0632324,-0.0256698,0.0959674,204.0,176.0,0.0566767,0.0821149,-0.1832836,-0.0093618,-0.0046877,0.0157008,0.0188715,179.0,195.0,0.0944662,0.2060278,-0.3712607,0.0008029,0.0954814,0.0456659,0.1058429,188.0,190.0
253,2815,209561,3.4167055826307475e-11,0.007096116533119898,0.0007697556188831496,0.007096116533119898,0.4129197667350971,9.600145200074895,7.834980669947718,-11.116524456681455,12.26772983862595,0.05553038324205049,12.26772983862595,0.001967708695772785,12.558234988146223,5.836017295023302,-9.544764984310707,11.813740939440361,-0.01220759630423239,11.813740939440361,0.22162658561902315,2.1442547133403753,1.3032957432894385,0.20775349891992667,1.6813957051060764,0.874894317570519,0.22339054860242963,3.6278843504111085,2.0391598608563184,0.0014840753601884638,1.414201036789487,0.8693454540884006,0.0022685425361923285,-0.1785607743906267,0,0,0,0.5171487639358494,0.505584514237932,905,0.3225,0.10951,1.5936861789822114,-0.19630555176832915,2.046456290697171,0.12114279180235658,0.106256649891437,1.3429880936179213,0.9037832560080236,0.517431117560039,1.7466735674302676,0.5307064159227382,0.08777330240839042,645,260,100,100,0,0.3098,876,0.48714368523469914,-0.003619,-0.003618529559849426,164.0,380.0,-0.000889,0.118525,-0.1113697,0.0401904,0.0054504,-0.7664618,0.2051732,-0.1375422,0.5928933,0.6368214,-0.9396302,0.3390877,0.0459855,523.0,374.0,-0.0457366,0.0293663,-0.023712,0.0162666,0.0059596,0.8745878,0.4804792,-0.0282623,-0.0586265,0.425123,-0.8074571,0.5539212,0.2029391,847.0,378.0,0.4995451,0.0685299,0.0136586,-0.0223798,0.0633161,0.3227276,-0.4283738,0.35764,-0.7644844,0.4507562,0.1993085,-0.3265696,0.9239201,0.008170515097690942,1.0,0.007321686720815783,289.7859260122585,0.0,256,3.5632908912802883e-09,9.016068637637008e-10,1.1838011502840945e-09,7.920008109554644e-06,0.0008138419491424062,1.6304175449472773e-10,18.151627728471187,5.909252834792235,7.038740889393733,3.1312304281226266,0.9969670988782202,1.3736194925608367,-0.07363861442414416,0.0,0.0282804893942887,0.4171887269478862,0.026648780757691774,1.2249153817757041,0.03339147794528846,0.003641112985717117,-0.00043360577610007813,0.690210164741441,0.49978319711195013,621.4926060770389,289.7859971256587,0.6091702193262072,0.6091702866568685,0.6091702876900771,0.7614628583210855,2.448743763848202e-05,766,0.1831,0.177,0.11201,-0.027442,1063,0.1246,0.1182,0.42362,0.012358,3,0.061,0.8491,-4.1e-05,13.859,0.0448,0.4021,2.2e-05,13.953,0.025,-0.1423,2.1e-05,13.808,8.0097,1.7303,1.742,1.7239,0.31678,0.63368,1.44705,0.15771,0.9902,0.9875,0.9973,0.4959,3.7818,1.103,0.1135,5.4431,23.8884,6.3167,81,0.1041,0.9341,25,0.1819,0.4136,1.0,0.1224317,0.1184497,0.0165309,0.0041507,0.0151649,0.0146186,0.0214687,204.0,176.0,0.0818577,0.0353536,0.3967546,-0.047266,0.0120104,-0.0222169,0.0535902,179.0,195.0,0.0723338,0.1226686,-0.2581239,-0.0160637,0.0281067,0.0449737,0.0554135,188.0,190.0
254,2816,209562,0.0,0.007054600416506931,0.000781008179246603,0.007054600416506931,0.41256828217162494,9.600892158764458,7.834924129798359,-11.460419289432938,11.757282731702482,0.05378428751160088,11.757282731702482,0.0033440043009864695,12.564424908150261,5.835071558093893,-9.573101052962448,11.869052682698515,-0.012883352574649247,11.869052682698515,0.22192464654171246,2.145261393115987,1.303226554080399,0.07789774755340917,1.6824364712262325,0.8697499590219223,0.0,3.6420251423180128,2.0467398312970215,0.000995759474179847,1.4142007743955924,0.8663680877419708,0.00224460771174913,-0.17071500819176327,0,0,0,0.5161305061829798,0.5056899467210769,905,0.3201,0.11086,1.596136772723894,-0.19738532914829457,2.047090110150793,0.04495141861614068,0.10395157215325476,1.3396778058656358,0.9027148622093747,0.5164121697265661,1.7480511016759173,0.5302071504482342,0.0913124341627013,642,263,96,96,0,0.3073,876,0.48726490548756723,0.001407,0.0014069362816007125,164.0,380.0,-0.0001474,0.0322132,0.0267668,-0.0046485,-0.0173095,-0.2529952,-0.035646,-0.8520328,0.4569058,0.6368255,0.8309273,-0.1443045,-0.5373416,523.0,374.0,-0.0467085,0.0357997,0.0287663,0.0125377,0.0172313,-0.1672143,0.7731685,-0.135714,-0.5965162,0.4220682,0.8035369,0.3502189,0.4813264,847.0,378.0,0.4884248,0.0502231,-0.0298868,0.0280972,-0.0289775,-0.0792988,-0.917142,0.3031196,-0.2463348,0.4557257,-0.5950798,0.5594468,-0.5769742,0.008170515097690942,1.0,0.007261661667533802,289.7860200864104,0.0,256,6.167977809630146e-09,1.652200769251771e-09,2.202538412511798e-09,9.529094594976388e-06,0.0008211345450607903,-4.71069868437176e-10,29.20941362403142,7.318441791014742,9.558456885010735,3.1342965237874227,1.1894454867338509,1.544666428814368,0.1659864756233202,0.0,0.010331751788306696,1.2471495952380587,0.011418840250391533,1.7182379434782562,0.026106780492477402,-0.0019394783935321213,-0.0015056932478937886,0.6832265661833148,0.49924715337605324,621.4927543935752,289.78606628184,0.609170176500404,0.6091702865821982,0.609170287691728,0.7614628582277477,2.4344167085127448e-05,766,0.1799,0.1738,0.12098,0.008151,1064,0.1239,0.1178,0.41658,0.015739,3,0.0596,0.8458,-5.3e-05,13.86,0.0443,0.3795,1.7e-05,13.953,0.0245,-0.1726,1.4e-05,13.81,8.0105,1.7303,1.7419,1.724,0.3173,0.63281,1.44584,0.1583,0.9903,0.9875,0.9972,0.4961,3.7804,1.1026,0.1134,5.4816,23.8587,6.3112,81,0.1997,0.9685,25,0.2136,0.6215,-1.0,0.0670556,0.0936804,-0.1656429,-0.0086603,-0.0436103,0.0601857,0.0748277,204.0,176.0,0.0600649,0.0686953,-0.0670271,-0.0110181,0.0382357,-0.0368703,0.0542475,179.0,195.0,0.0771407,0.1169096,-0.204941,-0.0268868,-0.0153203,-0.0700009,0.0765359,188.0,190.0
255,2817,209563,0.0,0.0073977132220393186,0.0007944486575653636,0.0073977132220393186,0.4149618393514325,9.601354201943433,7.835200586214898,-11.43447504318589,10.598003966163875,0.053677274036357345,11.43447504318589,0.0025592370005522113,12.566037611222296,5.847896755721353,-9.556353674297638,11.851009390779804,-0.012955839345467663,11.851009390779804,0.22204511275870564,2.1499142725854963,1.303158031846534,0.14151744339867567,1.6867705427670703,0.8691213682839711,0.0,3.6561601357268234,2.055058369953648,0.00020705193163317315,1.4141768033784536,0.9020459468740233,0.002221122827380559,-0.16289389644594016,0,0,0,0.5171448688225985,0.505925751533885,906,0.3239,0.11465,1.5961632270439003,-0.19637854815087571,2.0514489369433395,0.029426585597817575,0.0990430046140879,1.337374533545604,0.9084965731737512,0.5174298474782354,1.755786948900286,0.5338313703165124,0.09120139275729514,646,260,99,99,0,0.3111,877,0.4875470007180722,0.002354,0.0023543073134575376,164.0,380.0,-1.9e-06,0.0372059,-0.0237369,-0.0208705,-0.019628,0.6675526,0.2140404,0.2544358,-0.6662001,0.634572,-0.6379881,-0.560946,-0.5275516,523.0,374.0,-0.0521106,0.0559659,-0.0182719,0.0445159,-0.0285772,0.552298,-0.053556,0.1144962,0.8240081,0.4179085,-0.3264827,0.7954106,-0.5106182,847.0,378.0,0.4812213,0.0373797,-0.034858,0.0112372,0.0074758,0.5381923,-0.0270337,-0.7773154,0.3246522,0.4598882,-0.9325376,0.3006239,0.1999973,0.0078125,1.0,0.007149605692836562,289.78609148817105,0.0,256,7.1725899809023054e-09,1.1599436247730596e-09,1.573044410837909e-09,1.041554456776742e-05,0.0008341776353228781,2.876731267206894e-11,20.136700859643117,6.198723251736265,7.656900258752148,3.084466390685241,1.0937041514850843,1.4292411672388516,0.15380195640878472,0.0,0.019726750187921582,1.9763063911622625,0.014727194074436343,1.2070895103866568,0.0237130989864392,0.00254360306230864,-0.002515759660018432,0.6958817571128247,0.49874212016999087,621.4926473545048,289.7860163722781,0.6091701462746129,0.609170286615532,0.609170287691728,0.761462858269415,2.5528192542374893e-05,766,0.1791,0.1729,0.12371,0.004015,1064,0.123,0.117,0.44767,0.002993,3,0.0601,0.8493,-4.2e-05,13.861,0.0447,0.3665,2.7e-05,13.954,0.0243,-0.1799,2.1e-05,13.811,8.0108,1.7302,1.7418,1.724,0.31748,0.62996,1.44509,0.1598,0.9903,0.9875,0.9973,0.4963,3.7797,1.1024,0.1134,5.4536,23.8856,6.3194,81,0.1884,0.9986,25,0.212,0.4806,0.0,0.0435499,0.0424307,0.0130168,0.0156507,-0.0137239,-0.0055599,0.0215454,204.0,176.0,0.112422,0.0346027,0.5292938,-0.0190809,0.0528915,0.0068429,0.0566429,179.0,195.0,0.0615832,0.0991007,-0.2334863,-0.0327261,0.0453645,-0.0309157,0.0639118,188.0,190.0
256,2817,209563,9.469245487435328e-11,0.007328786104405503,0.0008083974190129457,0.007328786104405503,0.41523167824055546,9.600738309720304,7.835370457030983,-11.955168694925705,12.019166352389808,0.0516353036249361,12.019166352389808,4.708065395202937e-05,12.56301548272773,5.855957787877873,-9.575892388163183,11.870385253206878,-0.012978337522743464,11.870385253206878,0.22235288695910096,2.1517726386647027,1.3032027959454235,0.1844926991313166,1.6880962425057493,0.8685314972331611,0.014140829946448816,3.670300799415774,2.0638127952805805,0.0004148538539942015,1.4141701172083754,0.8989456078917628,0.002192287651019913,-0.15496173767813073,0,0,0,0.5174982601394067,0.5060197889130486,906,0.3212,0.11516,1.600138081804406,-0.19869131991867503,2.051963065025388,0.03280806668771099,0.09878415869125273,1.3380132574879426,0.9101286323576606,0.5177931089486761,1.7577071162758038,0.5349940530066176,0.09082800361289883,646,260,99,99,0,0.3083,877,0.4876537526977459,0.003126,0.0031264431950777105,164.0,380.0,0.0004606,0.0410041,0.0391448,0.0048574,0.011199,0.7121031,0.638575,-0.2897508,-0.0342872,0.6341016,0.954658,0.1184626,0.2731203,523.0,374.0,-0.0594413,0.0971326,-0.0584982,0.044578,-0.0634469,-0.9431328,0.0760621,-0.1736155,-0.27308,0.413177,-0.6022506,0.4589396,-0.6531988,847.0,378.0,0.4680404,0.0929645,0.0208215,0.0244692,0.0872359,0.4542323,-0.7443243,0.2906587,-0.3939187,0.465335,0.2239728,0.2632108,0.9383796,0.007454739084132056,1.0,0.0075457726833194575,289.7860506820342,0.0,256,5.3306580813971035e-09,9.740964513010625e-10,1.5360949081313406e-09,8.667389174584552e-06,0.0008427601322014071,1.5696281842827106e-10,24.361255520293795,6.27884552245469,7.65897937543378,3.074723857927199,0.9486534258889752,1.2447464556465955,-0.03481535137092412,0.0,0.010128853522999201,1.8557566329506856,0.009684796252258696,0.9284534694260945,0.011774301522984865,-0.0018822575197778857,-0.0008747086118749206,0.6865600444935925,0.49956264569406256,621.4925404454373,289.78596652333306,0.6091701541525376,0.6091702864964799,0.6091702876916991,0.7614628581205998,2.529034166951422e-05,766,0.1781,0.172,0.11388,-0.019071,1064,0.1202,0.1143,0.44747,0.0102,3,0.0591,0.8347,3e-06,13.861,0.0437,0.3567,8.5e-05,13.954,0.0238,-0.2166,2.8e-05,13.812,8.0114,1.7302,1.7418,1.7241,0.31808,0.62945,1.44399,0.15741,0.9903,0.9875,0.9972,0.4963,3.7794,1.1023,0.1134,5.4801,23.8626,6.3139,81,0.1149,0.8882,25,0.1076,0.3486,1.0,0.0570085,0.1052728,-0.297411,-0.0416666,0.0400431,-0.0462782,0.0740353,204.0,176.0,0.1346065,0.0697309,0.3174925,-0.0211482,-0.0084623,-0.0281009,0.0361735,179.0,195.0,0.0992762,0.150632,-0.2054987,0.0015365,-0.0463591,0.055107,0.0720299,188.0,190.0
257,2817,209563,1.056880614319475e-10,0.007399220684894057,0.0008235353455450268,0.007399220684894057,0.41551980575029734,9.600083154492175,7.8355389598294956,-11.152043582214358,11.937459862153846,0.05122283638152306,11.937459862153846,0.007303948066155357,12.563466900073612,5.862523761083268,-9.603270549072132,11.87862732446653,-0.012715777140259696,11.87862732446653,0.22260939135601146,2.156178609314814,1.3033146001798903,0.20179200916777984,1.6926324940736044,0.8717430704760917,0.01414084408856444,3.6844363003372753,2.0727441634228128,0.001019656680670944,1.4141990094009507,0.8662450465845621,0.0021640270904862463,-0.14701514589146936,0,0,0,0.5178351664644607,0.5061587146452277,906,0.3165,0.10936,1.5970278300302905,-0.20060116860860658,2.055068936086648,0.03587642538842039,0.09707660934679012,1.338817781476858,0.914436927563992,0.5181400567223858,1.7648450755737226,0.5375466547334606,0.09035520789707042,642,264,105,105,0,0.3034,877,0.4878123309767626,-0.000436,-0.0004361350148600618,164.0,380.0,-0.0010692,0.033008,0.0093325,-0.0256999,-0.0184919,-0.8338555,0.4039394,0.1308334,-0.3527046,0.6318576,0.2827345,-0.778595,-0.5602242,523.0,374.0,-0.0644492,0.0264847,-0.017805,-0.0196062,-0.0001388,-0.7275031,0.0621128,-0.483157,0.4831568,0.4086887,-0.6722739,-0.740284,-0.0052404,847.0,378.0,0.4527877,0.0562479,0.0533373,-0.0093444,-0.0152197,-0.716139,0.0479692,0.0836363,-0.6912661,0.4690198,0.9482542,-0.1661282,-0.2705834,0.007454739084132056,1.0,0.007477156496895688,289.7859928659778,0.0,256,3.841533437384301e-09,8.029602808008381e-10,1.1572461204518726e-09,9.583174277929749e-06,0.0008561462066606742,-2.8304730096390987e-11,23.776443615838097,6.305500889173542,7.7468527303467765,3.1132636937656275,1.0263668161205046,1.3462347171602975,-0.0006898504386931015,0.0,0.022306300510012124,2.6885854294097795,0.011779697434780878,2.30573845029954,0.028213188203479067,0.0009060206406428737,-0.0011468739667681164,0.6897242474108192,0.4994265630166161,621.4926399052815,289.78601289889707,0.6091701748825613,0.6091702865051669,0.60917028769168,0.7614628581314586,2.5533394834607003e-05,766,0.177,0.171,0.09244,-0.002837,1064,0.1179,0.112,0.4339,0.011006,3,0.0577,0.8321,-3e-06,13.862,0.0427,0.3576,-4.3e-05,13.955,0.0234,-0.2203,-4.4e-05,13.813,8.0117,1.7302,1.7419,1.7241,0.31847,0.62671,1.44377,0.15653,0.9903,0.9875,0.9972,0.4963,3.7791,1.1022,0.1134,5.4931,23.8501,6.3111,81,0.0197,0.5611,25,0.0795,0.9628,2.0,0.0949294,0.0456032,0.3509951,0.0290852,-0.0598561,0.0044708,0.0666985,204.0,176.0,0.0544076,0.0206667,0.4494343,-0.0280807,-0.0014131,0.006743,0.0289135,179.0,195.0,0.0754813,0.0793435,-0.0249456,0.0495388,-0.0275945,0.0239925,0.0615727,188.0,190.0
258,2819,209565,0.0,0.007839597993887166,0.0008408732013274335,0.007839597993887166,0.41735694439520254,9.601772629018724,7.835644909236204,-11.429672367909998,11.86802768816138,0.05030735893238758,11.86802768816138,0.0038711614002837754,12.56503250931098,5.863436040187609,-9.689477841422736,11.90808253094399,-0.012604039463647323,11.90808253094399,0.22286980587040725,2.1575766234212614,1.3033980888487915,0.11752169234422882,1.6942254530960166,0.8757054515670029,0.0,3.698576598974853,2.0798312422291003,0.0012579307414410934,1.4142028165370482,0.9035058628067443,0.0021333525050360666,-0.13929795008824356,0,0,0,0.5183474154274299,0.5062464233228386,907,0.3107,0.11778,1.5950514830795377,-0.19954815097915185,2.055956415631913,0.030662282015271592,0.0971549041390903,1.3336539786176826,0.9166673105422055,0.5186302862027451,1.767477401394677,0.5388184958561348,0.09035789942853885,641,266,98,98,0,0.2974,878,0.48792969884966664,0.003443,0.0034428221448941088,164.0,380.0,-0.0008451,0.0472982,0.0076408,-0.0332135,-0.0327964,0.9630918,-0.0151103,0.2478711,0.1038546,0.6311774,0.1615444,-0.7022143,-0.6933963,523.0,374.0,-0.0697925,0.0413709,-0.0217076,-0.0214118,-0.0279618,0.2142354,0.8026932,0.3624856,-0.4223635,0.4055425,-0.5247072,-0.5175565,-0.6758828,847.0,378.0,0.4432647,0.0288944,-0.0080959,-0.0034681,0.0275194,0.2853212,0.114074,-0.8790519,-0.3644813,0.4750297,-0.2801906,-0.1200262,0.9524111,0.007454739084132056,1.0,0.007546184948491867,289.78604436046294,0.0,256,6.181208880537123e-09,1.1847416780282692e-09,1.7261939642978976e-09,1.108456525948352e-05,0.0008683714553665373,-4.9555167509477383e-11,16.64806061974287,5.718011781743302,6.820704630076679,3.132223310814761,1.3068495291648605,1.6191783366287933,0.06422017482628412,0.0,0.02250641751314515,2.2995086961480453,0.013929332851550902,2.3845339637161427,0.02887619539072354,-0.0030064044299110996,-0.0019986477291916286,0.6900511349182709,0.4990006761354042,621.492994220359,289.7861781068932,0.6091701829631208,0.609170286644396,0.609170287691728,0.761462858305495,2.70530431958538e-05,766,0.1797,0.1738,0.0713,0.009765,1065,0.1178,0.1119,0.42754,0.00728,3,0.0574,0.831,4.9e-05,13.862,0.0422,0.3402,3.4e-05,13.956,0.0239,-0.2404,1.1e-05,13.813,8.0122,1.7302,1.7419,1.724,0.31934,0.62582,1.44382,0.15862,0.9903,0.9875,0.9972,0.4959,3.8717,1.0702,0.1133,5.558,23.8072,6.149,81,0.0767,-0.7971,25,0.128,0.4985,-1.0,0.0898955,0.0708769,0.1182952,0.0507488,0.0230902,-0.0346997,0.0656709,204.0,176.0,0.0522344,0.0821023,-0.2223366,0.0089696,-0.0174206,0.0542423,0.0576729,179.0,195.0,0.0680389,0.1205826,-0.2785666,0.0113028,-0.0661651,0.0416458,0.0789933,188.0,190.0
259,2821,209568,0.0,0.007624584483951133,0.0008571187928489442,0.007624584483951133,0.4139802389047747,9.595087172360218,7.836374330113382,-11.154569335557554,11.077111427611136,0.04887750256569479,11.154569335557554,0.003103626689071201,12.562601445747282,5.8646520078291795,-9.706678639333575,11.950943028307018,-0.012057329348436462,11.950943028307018,0.22301628276200278,2.161620744152075,1.3033714130779182,0.19119158989270602,1.6987482433991759,0.8744809603360173,0.0,3.7127121009744735,2.0873909100233767,0.00037738494267502976,1.4141733747466905,0.897728568540307,5.807995824076716e-06,-0.13166984248527525,0,0,0,0.5181407911347128,0.5063663992568572,907,0.3074,0.1125,1.5972627198928069,-0.19924726636995194,2.0592820938649483,0.0830057220099695,0.0931345679604743,1.3383466638902268,0.9213402926840539,0.5184298794724321,1.777174366611805,0.5417006010897774,0.09061454003860236,638,269,101,101,0,0.294,878,0.4880671310949694,0.003176,0.0031757254691449077,164.0,380.0,-0.0022575,0.0719556,0.0707761,-0.0100147,-0.0082499,0.5007746,-0.3536315,0.6473791,-0.4528465,0.6284793,0.9836077,-0.1391782,-0.1146529,523.0,374.0,-0.077495,0.0593685,-0.0077981,0.0294426,-0.0509602,0.5379203,0.0818936,0.6385715,0.5442074,0.4007043,-0.1313506,0.4959294,-0.8583712,847.0,378.0,0.4358459,0.0387769,-0.0283702,0.0172121,-0.0200629,-0.2320292,-0.2520398,0.3524357,0.8708774,0.4783173,-0.7316267,0.443876,-0.5173939,0.008158921603405462,1.0,0.007950318365546138,289.7862120788577,0.0,256,7.0805103998687894e-09,1.4861234414833907e-09,2.0891650496093125e-09,1.3232761742174727e-05,0.0008816620804621977,3.9210431189329776e-10,24.15593235842732,5.889474163026917,7.251863193837453,3.1147610714843244,1.0371592123435853,1.3889453610216633,0.1367136065397381,0.0,0.020682048216969895,0.8966765647910482,0.007663331892356546,0.3719175620337701,0.031114673833672352,0.001147340558746561,0.0007851007487568247,0.6841787750578858,0.5003925503743786,621.4928985275319,289.78613348779226,0.6091702005272901,0.6091702865077112,0.609170287691728,0.761462858134639,2.6311074281517792e-05,768,0.1776,0.1717,0.08134,0.019588,1065,0.1199,0.1139,0.43065,0.003523,3,0.0561,0.837,2.5e-05,13.863,0.0425,0.3166,7.2e-05,13.956,0.0241,-0.2541,0.00011,13.814,8.0125,1.7302,1.7418,1.7241,0.3196,0.62264,1.44362,0.15764,0.9903,0.9875,0.9972,0.4959,3.7823,1.1032,0.1135,5.3627,24.0173,6.3499,81,0.1228,-0.5714,25,0.1714,0.4457,-2.0,0.0788875,0.1164146,-0.1921488,-0.0365912,-0.0352609,-0.0463091,0.0687516,204.0,176.0,0.1667857,0.0382064,0.6272401,-0.0162845,0.0248377,-0.0909792,0.0957043,179.0,195.0,0.0484073,0.1364662,-0.4763195,-0.0028941,0.0373037,0.0497542,0.0622529,188.0,190.0
260,2821,209568,4.239218904501004e-11,0.008034550571804976,0.0008747566706422417,0.008034550571804976,0.41431329786801907,9.594269146790275,7.836537223538651,-11.800890340771225,11.9179421317809,0.047873771766535796,11.9179421317809,0.001107760508188533,12.566019641913133,5.886098288141249,-9.775910960088057,11.916105406858195,-0.012539687417128263,11.916105406858195,0.22323847028363958,2.1633007214013813,1.3034381438299418,0.14772622738032304,1.7009692155672502,0.8772587224388749,0.014115477502395049,3.7268525987821546,2.0961637490531904,0.004173955837806331,1.4141724554016202,0.8942468947006484,3.3814033182616436e-05,-0.12413002622853024,0,0,0,0.5187085520132365,0.5064967704879648,907,0.3003,0.10806,1.6026349071236043,-0.20186435163853217,2.059113301657918,0.03259888541721021,0.09298126006535189,1.3352659772174986,0.9219741347350049,0.5189911313579942,1.7764737758091622,0.5419654952860711,0.08985536605486492,633,274,92,92,0,0.2866,878,0.48821578206514965,-0.001075,-0.0010754056547013224,164.0,380.0,-0.0025545,0.0332994,0.032177,-0.0085625,0.000412,-0.2408452,-0.9138811,0.1792728,0.2732695,0.6283188,0.9662959,-0.2571365,0.0123718,523.0,374.0,-0.084322,0.0626355,0.0206727,0.0058833,0.0588322,0.629853,0.3707116,0.3240521,0.6007066,0.3976507,0.3300483,0.0939285,0.9392793,847.0,378.0,0.4279037,0.0946594,-0.0424656,-0.080551,-0.0258574,0.514885,0.3030326,0.4912186,-0.6338525,0.4830899,-0.4486151,-0.8509562,-0.273163,0.00815313718539525,1.0,0.007790445278528453,289.78616251694615,0.0,256,6.709792840079789e-09,1.209006489848263e-09,1.6679564301289195e-09,1.272291388708082e-05,0.0008922577895407682,4.024853015875854e-12,24.454449864244534,5.820620526762367,7.181511603935728,3.1235930738167723,1.191000239497636,1.5076222028797575,-0.0030486516369234995,0.0,0.026054988476202107,1.4065797706821606,0.032844177792828375,1.3630992885873967,0.015316550808068312,-0.0009443444113466946,-0.0006476187701598296,0.6888521501226798,0.49967619061492013,621.4930382349517,289.7861986297642,0.6091699700052451,0.6091702864849068,0.6091702876916959,0.7614628581061335,2.7725787528170226e-05,768,0.1743,0.1693,0.11123,0.019693,1065,0.1237,0.1179,0.41909,0.000906,3,0.0537,0.8352,8e-06,13.865,0.0424,0.2721,3.7e-05,13.957,0.0242,-0.302,8.4e-05,13.816,8.0134,1.7303,1.7417,1.7241,0.32039,0.62073,1.4429,0.15668,0.9903,0.9875,0.9972,0.4959,3.782,1.1031,0.1135,5.3623,24.0156,6.35,81,0.1431,-0.2014,25,0.16,0.9253,-1.0,0.0431432,0.0617271,-0.1772081,-0.0139966,0.007006,0.038561,0.0416166,204.0,176.0,0.1355892,0.1424197,-0.0245693,-0.0005858,-0.1231432,-0.023317,0.1253327,179.0,195.0,0.142703,0.0541216,0.4500526,-0.0561633,-0.0790786,-0.0535864,0.1108118,188.0,190.0
261,2821,209568,8.805397171045055e-11,0.008057267628235125,0.0008953456075392157,0.008057267628235125,0.41466116209230086,9.593459360678713,7.836697798993475,-11.923520103515537,12.59178469035288,0.04590560134393991,12.59178469035288,0.0017134544533643492,12.56517883315214,5.895857763205234,-9.761769141234199,11.918748576486236,-0.01243447824626837,11.918748576486236,0.22345307900971798,2.166980176003199,1.3035337508058658,0.22338648161704922,1.70583172480297,0.8700477506196151,0.014115491644510673,3.7409879941797244,2.1050716973103305,0.00017660137456876335,1.4141936329044444,0.8552445050641354,7.844401496568763e-05,-0.11662603786955905,0,0,0,0.5190955806675075,0.5066117674576616,907,0.299,0.10563,1.6054045125539056,-0.1978009647910779,2.0626604312623362,0.05110644006699317,0.09586946997789593,1.33595887525305,0.9277446306451486,0.5193812047705999,1.7862499107084833,0.5455021412321425,0.09034409710729882,634,273,97,97,0,0.2861,879,0.4889315525302226,0.004655,0.004655411943921495,164.0,380.0,-0.0042881,0.0422762,0.0404107,-0.0022831,-0.0122081,0.2357717,0.0387608,-0.8863709,0.396555,0.6254619,0.9558743,-0.0540033,-0.2887699,523.0,374.0,-0.0861616,0.0724172,-0.0386241,-0.0136105,0.0597259,-0.8222771,-0.3851559,-0.3770706,-0.1825734,0.3948233,-0.5333556,-0.1879454,0.8247474,847.0,378.0,0.416412,0.1434472,-0.0467723,-0.1347849,-0.014916,0.8777634,-0.2317014,0.3882418,0.1584742,0.4864517,-0.326059,-0.9396133,-0.1039826,0.00815313718539525,1.0,0.008187396108895708,289.78622562538476,0.0,256,6.91780721333668e-09,6.764237122456783e-10,1.27290257125838e-09,1.131327613818955e-05,0.0009104626990053961,4.7157941799333954e-11,23.652378592351877,5.9232857604888185,7.25022542060584,3.0709841578820463,1.1038128740964954,1.3949214356967923,-0.021152355427859523,0.0,0.006133014461053757,0.5704635825429331,0.012467054965861991,1.4221012792834986,0.031847529635797046,0.005248516758246245,0.00020714031934133934,0.684337217291367,0.5001035701596708,621.4930106062063,289.7861857471918,0.6091701174911796,0.609170286415041,0.6091702876916787,0.7614628580188012,2.780418123610713e-05,768,0.1711,0.1662,0.11285,0.01799,1065,0.1228,0.1169,0.42344,0.009984,3,0.0526,0.8495,1.4e-05,13.866,0.0415,0.2346,2.6e-05,13.957,0.0234,-0.3135,5.8e-05,13.817,8.0137,1.7303,1.7417,1.7241,0.321,0.61749,1.44267,0.15694,0.9903,0.9875,0.9972,0.4959,3.8763,1.0715,0.1135,5.3619,24.0139,6.1951,81,0.131,-0.028,25,0.1008,0.9993,2.0,0.0760974,0.0296781,0.4388477,0.0352148,0.0017183,0.0168668,0.0390836,204.0,176.0,0.0765749,0.1199431,-0.2206834,0.0722552,-0.019984,-0.0083727,0.0754339,179.0,195.0,0.1529718,0.1792282,-0.0790378,0.014699,-0.0770853,0.0469891,0.0914669,188.0,190.0
262,2821,209568,2.3653206228600765e-10,0.008111440656711244,0.0009159675020079765,0.008111440656711244,0.4150238493582463,9.592641432257016,7.836856430820197,-11.258172915745492,12.050602501451031,0.04438475987386041,12.050602501451031,0.002275350870101593,12.56494362609898,5.900473264794121,-9.713000571074755,11.898236655300247,-0.012415446375075686,11.898236655300247,0.22373096266954604,2.1686744625903835,1.3036189041998787,0.1109015049111326,1.7082210818634067,0.8740917458133878,0.02825271246282513,3.755128352408626,2.1138853391499417,0.0017056594065411046,1.4141955375669524,0.888934063067158,0.00014735178871129313,-0.10900747161245308,0,0,0,0.5204932724691013,0.5067325475393926,907,0.296,0.11436,1.607568024394814,-0.1957473091900105,2.0642942355473988,0.06702163920986258,0.09911516504563302,1.3329156887912659,0.930491397325667,0.5207688532949841,1.786764687323955,0.5469817734707229,0.08989533767207068,634,273,87,87,0,0.2829,879,0.48906859014898846,0.001362,0.0013618894832960748,164.0,380.0,-0.0023497,0.0729297,0.0299428,0.0410167,0.0523431,-0.8629994,-0.2892957,-0.3699195,0.1862781,0.6251223,0.4105707,0.5624144,0.7177199,523.0,374.0,-0.0892685,0.1035943,-0.0007257,0.0205365,-0.1015357,0.3216464,0.1691681,0.7901269,0.493584,0.3928256,-0.0070053,0.1982396,-0.9801286,847.0,378.0,0.4085829,0.0972858,-0.0542708,0.0422316,0.0688164,0.9124186,-0.063601,-0.048089,0.4014158,0.4906957,-0.5578489,0.4340983,0.7073636,0.00815313718539525,1.0,0.008234568720816803,289.78621831548384,0.0,256,5.019298033450453e-09,8.46610823748381e-10,1.2603560457203273e-09,1.552496354855185e-05,0.0009256584653846841,-4.929599736009899e-11,36.48759374856973,10.869168553106467,14.134254871525025,3.1313437858117776,1.0569415046213768,1.4033546740986007,-0.15416181149823827,0.0,0.005401806147162216,0.10465343647750662,0.018101046669973534,0.37558879176228904,0.034882180156850004,0.002009541645183164,-0.0007195834515124498,0.6904264910764581,0.4996402082742439,621.4930594248507,289.78620851006843,0.6091702297945926,0.6091702864855615,0.6091702876915326,0.7614628581069518,2.7991120413963445e-05,768,0.168,0.1635,0.11925,-0.001468,1065,0.1229,0.1169,0.42649,0.007115,3,0.0512,0.8624,-8e-06,13.868,0.0405,0.1795,3.5e-05,13.958,0.0228,-0.3433,0.000102,13.818,8.0144,1.7304,1.7416,1.7242,0.32184,0.61531,1.44187,0.15723,0.9903,0.9875,0.9972,0.4959,3.876,1.0714,0.1134,5.3616,24.0123,6.1951,81,0.0346,0.7941,25,0.141,0.399,-1.0,0.0592047,0.1136257,-0.3148812,-0.051343,-0.0162891,-0.0031565,0.0539574,204.0,176.0,0.0699471,0.1379266,-0.3270229,0.0219468,-0.0195169,0.0414799,0.0508247,179.0,195.0,0.157023,0.0866574,0.288762,-0.0395581,0.0895069,0.0820534,0.127707,188.0,190.0
263,2821,209568,8.403957702594243e-10,0.008283908808423694,0.0009392894737653167,0.008283908808423694,0.41540206069849417,9.591860696349642,7.837013448304753,-12.124577804019822,11.605736908106373,0.0440302722331372,12.124577804019822,9.2734923338611e-05,12.561389881396098,5.901889019980973,-9.685961714901671,11.964375344896169,-0.012204413690478998,11.964375344896169,0.224190305869484,2.1703970771225087,1.303695526818448,0.18188215737334065,1.7107785217258453,0.8717525233159026,0.04207259505847138,3.769270303774855,2.1227913488403,0.00012699885766342955,1.4141945421699293,0.8750290607489465,0.00024295504010934707,-0.10155792786420215,0,0,0,0.5201666024012144,0.5068409252555099,907,0.2995,0.11922,1.6113664677371815,-0.1952393616701568,2.065054097533838,0.06346025220103935,0.09747026330674051,1.3301304102232023,0.9327865918692043,0.5204517879210353,1.7922632096149698,0.5483080503256575,0.08999325114032652,639,268,93,93,0,0.2867,880,0.48977416482495434,-0.001239,-0.0012394147371486142,164.0,380.0,-0.0021984,0.0164855,-0.0143185,0.0019348,-0.0079378,-0.6638591,-0.4459534,0.4681129,-0.3758816,0.6237993,-0.8685508,0.1173655,-0.4815027,523.0,374.0,-0.0903541,0.0261832,-0.0218749,-0.0086792,0.011477,-0.9587135,-0.0953228,0.179111,-0.1992518,0.3899166,-0.8354551,-0.3314789,0.4383338,847.0,378.0,0.3993317,0.0860374,0.0354928,-0.0782335,0.0047133,-0.0221957,-0.1927082,-0.3840033,0.902725,0.4951209,0.4125273,-0.9092965,0.054782,0.00815313718539525,1.0,0.008287647980585245,289.786240663648,0.0,256,7.353332385427931e-09,1.3195842452894531e-09,1.8708497696572122e-09,1.342610353535043e-05,0.000943242841491378,-1.5240238850909657e-10,23.066169850443096,6.176876491780609,7.756120270096346,3.1299245189122833,1.0908343652949668,1.4353310537943242,-0.04310922156738162,0.0,0.005943653460143829,1.7829468140181068,0.00841013097915674,1.3832725194546616,0.03701602096427884,0.0027634959181407205,-3.2261992251370914e-05,0.6925286378380257,0.4999838690038744,621.4932083823868,289.7862779651315,0.6091701821526598,0.6091702864717903,0.609170287691279,0.7614628580897378,2.8586270083569845e-05,768,0.1681,0.1637,0.12323,-0.043187,1065,0.1263,0.1203,0.44143,0.003523,3,0.0521,0.8847,4e-06,13.869,0.0419,0.1445,9.2e-05,13.958,0.0235,-0.3334,0.000122,13.82,8.015,1.7304,1.7415,1.7243,0.32241,0.61251,1.44127,0.15518,0.9903,0.9875,0.9972,0.4959,3.8757,1.0713,0.1134,5.3747,24.0001,6.1925,81,0.1126,0.1921,25,0.2773,-0.1742,-0.0,0.0667191,0.094857,-0.1741468,0.0417038,-0.0053534,0.0685203,0.0803922,204.0,176.0,0.0690372,0.030916,0.3813898,-0.0308764,0.0227901,0.0195384,0.0430637,179.0,195.0,0.0920753,0.2010148,-0.3716927,0.0442003,0.0182201,0.0768229,0.0904843,188.0,190.0
264,2821,209568,1.0953148161540628e-09,0.008729872271985455,0.0009639062750291734,0.008729872271985455,0.4157947299916853,9.591063066691264,7.837169214422168,-12.364247966930233,11.798793388864874,0.04459746245656073,12.364247966930233,0.0020304630604396,12.566261928372965,5.908077602210573,-9.641537101678264,11.942828304081637,-0.012283400667171693,11.942828304081637,0.22451237617788258,2.1719611290670637,1.3037326458410574,0.12876961268752796,1.7136688640735647,0.8783093393284859,0.05536273243395718,3.7834098647741943,2.1316324517497063,0.00017731356718275748,1.4141942562356364,0.8491127623362366,0.0003653671270157804,-0.09420514184113692,0,0,0,0.5217295244925544,0.5069447068870376,907,0.303,0.11716,1.613422877089399,-0.19630203605557855,2.0667975754220564,0.05484007206726369,0.09922564088586758,1.3257334442701245,0.9366990596789921,0.5220143619697526,1.7943932732894194,0.5506306382859576,0.0901276617266867,639,268,92,92,0,0.2909,880,0.4898911228956086,-0.000411,-0.0004113495893811603,164.0,380.0,-0.003688,0.0548215,0.0157525,-0.040217,0.0337617,-0.0249473,0.3183374,0.6632705,-0.6768391,0.6229756,0.2873407,-0.7335986,0.6158477,523.0,374.0,-0.0976048,0.0938278,0.0277783,0.0838711,-0.0315856,0.0650602,0.1064602,0.4712791,-0.8731148,0.3869707,0.2960567,0.8938836,-0.3366342,847.0,378.0,0.3898313,0.0602689,-0.0303989,0.0070462,-0.0515616,0.4113973,-0.4295357,0.781076,-0.1901887,0.4998865,-0.5043881,0.116912,-0.8555257,0.00815313718539525,1.0,0.008464431232350913,289.7863108446723,0.0,256,6.312518667861784e-09,1.3091395020313065e-09,1.6889036982091155e-09,1.3803573044511643e-05,0.0009623359587238807,5.578740679234887e-10,22.737655179356622,6.753497842636865,8.140675794828738,3.1404639016296128,0.8728126995156578,1.1873649113012834,-0.14745173544756754,0.0,0.016432239110901758,1.9256970939380997,0.008122040702315285,1.1089231087948046,0.027138731718337767,-0.0013013721961869747,0.0008841633631228704,0.6921307720541483,0.5004420816815616,621.4933989597383,289.78636682644265,0.6091701663232973,0.609170286439237,0.6091702876912481,0.7614628580490462,3.0125200048537496e-05,768,0.1682,0.164,0.10017,-0.042905,1065,0.131,0.1252,0.44068,0.002951,3,0.0527,0.8941,-3e-06,13.87,0.0434,0.079,8.9e-05,13.958,0.0242,-0.3758,9.1e-05,13.821,8.0154,1.7304,1.7414,1.7244,0.3232,0.61033,1.44045,0.15631,0.9903,0.9875,0.9972,0.4959,3.8755,1.0713,0.1134,5.4014,23.9775,6.1869,81,0.198,0.1724,26,0.2639,-0.3961,0.0,0.0540631,0.1171117,-0.3683286,0.0348118,0.0578955,-0.0281024,0.0731676,204.0,176.0,0.102113,0.1757064,-0.2648967,0.0261511,-0.108842,-0.0388346,0.1184845,179.0,195.0,0.0842357,0.0484392,0.2698059,-0.0396453,-0.019147,-0.0414629,0.0604775,188.0,190.0
265,2821,209568,8.436546462482727e-10,0.008884282512088112,0.000989090857395773,0.008884282512088112,0.4161995664895282,9.590256300350541,7.837322873393876,-11.343491812195937,11.838906678678113,0.0441198776020884,11.838906678678113,0.0006629352106392028,12.562684593698707,5.907093606415743,-9.654332921607686,11.983487539876066,-0.011921582828236504,11.983487539876066,0.22484465207727047,2.1723420128805597,1.3038040689182027,0.17592970279365705,1.7144432402714807,0.8810731895847598,0.06560893300520651,3.7975501009588664,2.140121812677892,0.0020818281100176694,1.4141922148398869,0.8563846237093761,0.0005147009571603591,-0.08691267623319572,0,0,0,0.5238623969724137,0.5070610350431695,907,0.3024,0.11964,1.616235654692415,-0.19624083151464874,2.067077464985307,0.01702981283548645,0.09915436350938299,1.3235757863407367,0.9394857082301724,0.5241448122266232,1.7924163061714502,0.5521985963320301,0.08975819066515518,639,268,99,99,0,0.2902,880,0.4900186761386675,0.001119,0.0011190026190288638,164.0,380.0,-0.0035012,0.0242264,-0.0183137,0.0078455,0.0137832,0.0249867,0.66386,0.4937806,0.5611117,0.6229747,-0.7559391,0.3238406,0.5689318,523.0,374.0,-0.0994314,0.1225749,0.0040138,0.1165844,-0.0376376,-0.6616618,0.106343,0.3604993,-0.6487951,0.3836474,0.0327457,0.9511274,-0.3070575,847.0,378.0,0.3814724,0.0819354,-0.0237327,-0.0017216,-0.0784041,-0.1698763,0.8225084,-0.1329799,-0.5262492,0.5040806,-0.2896518,-0.0210113,-0.9569014,0.00815313718539525,1.0,0.008916939824658698,289.7863952055927,0.0,256,5.486535731484525e-09,1.260725773810468e-09,1.7921913914319154e-09,1.697541114595488e-05,0.0009815876906894244,-3.390091227493834e-10,20.180315598507185,5.687588449051409,6.84228969743879,3.1343118010460675,0.8415565861351633,1.1830713379211826,-0.030118223523998382,0.0,0.012476622394707102,1.7878557562181658,0.018492805177475976,1.7976917400993437,0.03152368859614166,-0.0003657486002699623,0.000294395043619744,0.6821201381283293,0.5001471975218099,621.4933298622641,289.7863346080698,0.6091701739187337,0.6091702864146288,0.6091702876913881,0.761462858018286,3.065804508726723e-05,768,0.171,0.167,0.09176,-0.043307,1065,0.1317,0.1259,0.42359,0.002426,3,0.0534,0.8876,6e-05,13.871,0.0436,0.0628,5.9e-05,13.958,0.0247,-0.4041,0.000114,13.822,8.0159,1.7304,1.7413,1.7244,0.32405,0.60744,1.43982,0.157,0.9903,0.9875,0.9972,0.4959,3.8752,1.0712,0.1134,5.401,23.9759,6.187,81,0.1471,0.1969,26,0.2146,-0.0985,1.0,0.0420813,0.0448382,-0.0317183,0.0165045,-0.0174009,0.0270075,0.0361192,204.0,176.0,0.0807388,0.1681575,-0.3512254,0.0309735,-0.0532837,0.0301693,0.0686199,179.0,195.0,0.0995886,0.1101193,-0.0502159,0.0149847,0.0472328,-0.0511342,0.0712052,188.0,190.0
266,2821,209568,2.312542192467453e-11,0.008786071239391827,0.001013961549695462,0.008786071239391827,0.41661396547514434,9.589416785435258,7.837475252839476,-11.889633684449821,12.3064071136736,0.045071624164962264,12.3064071136736,0.00013927569277080026,12.565216482920022,5.917409720954512,-9.683045984169075,12.008238624653034,-0.011821066229728493,12.008238624653034,0.22531195098661272,2.172845872061862,1.3038579653453484,0.22524367541890455,1.7107963366617969,0.8789549160736075,0.0762985519304859,3.8116903340877273,2.1485731214733605,0.0010905345796111687,1.4141935620870791,0.8489752320782963,0.0006903674959223723,-0.07981172478804995,0,0,0,0.5258795081433437,0.5071777985960415,907,0.2997,0.11792,1.6148908655691403,-0.19513182500722187,2.067719222797426,0.019664916474200406,0.09785649607833453,1.3215954999969066,0.9430462227392442,0.5261681163663426,1.7922907021653356,0.5544609146224276,0.08431061088104502,639,268,105,105,0,0.2875,880,0.4901494160290704,0.003221,0.0032212998194371956,164.0,380.0,-0.003746,0.035823,0.0215824,-0.0262397,0.0113562,0.4969219,0.3421023,0.4379013,0.6665412,0.6225064,0.6024751,-0.7324818,0.3170083,523.0,374.0,-0.1081727,0.1105193,-0.0424237,0.041097,0.0934119,-0.3526963,0.7546677,-0.373841,0.4078294,0.3795905,-0.3838582,0.3718533,0.8452088,847.0,378.0,0.3740997,0.0509988,0.0320739,0.002284,-0.0395844,-0.2315573,-0.044199,0.4362299,-0.8684073,0.5078979,0.628915,0.0447852,-0.7761831,0.00815313718539525,1.0,0.009077124880154169,289.78636033575884,0.0,256,9.11526292326557e-09,1.83865459939549e-09,2.5844545781612323e-09,1.5751390716132512e-05,0.000999196981333138,3.011684569740699e-10,21.797313311040714,5.557180003180617,6.762997094526419,3.1077999732549575,1.1707806801735823,1.4830598580843406,0.08607071706043863,0.0,0.016944538662625352,1.0716549999885583,0.012810844877352288,0.46152627867450935,0.00977835896046436,-0.0002967200286632684,-0.0005756830801935249,0.6962691979612393,0.49971215845990336,621.4935284683696,289.7864272129822,0.609170103481024,0.609170286461097,0.609170287691438,0.7614628580763713,3.031912613676138e-05,768,0.1707,0.1667,0.09931,-0.025314,1065,0.1317,0.1259,0.41467,0.00273,3,0.0525,0.8732,-1.2e-05,13.872,0.0434,0.0447,0.000106,13.958,0.0246,-0.4479,0.000115,13.824,8.0163,1.7304,1.7412,1.7245,0.32492,0.60516,1.43912,0.15502,0.9903,0.9875,0.9972,0.4959,3.875,1.0711,0.1134,5.4006,23.9743,6.1869,81,0.0186,0.9748,26,0.0484,-0.3524,-3.0,0.063575,0.0404255,0.2225907,-0.0137289,-0.0206097,0.0305367,0.0393158,204.0,176.0,0.1284327,0.0979934,0.1344337,0.0002262,0.0152352,-0.0030492,0.015539,179.0,195.0,0.0609791,0.1196211,-0.3247065,0.0371559,-0.0445652,0.0185961,0.0609298,188.0,190.0
267,2821,209568,1.8729434626593593e-10,0.009438709883209927,0.0010396378546231155,0.009438709883209927,0.4170385616253332,9.588514249919227,7.837626036484454,-11.15246868342495,11.461398547961148,0.04620063900813363,11.461398547961148,0.0021835880039291627,12.565768309711313,5.917715816904732,-9.750536132890307,12.02983087164366,-0.011967099910503171,12.02983087164366,0.22566608972105204,2.1732291490421263,1.3039037897897645,0.22559878579038625,1.7166296887568868,0.8724319881679248,0.08409078851112335,3.8258306909241244,2.1572438587421914,0.0004108342309030455,1.4141936882430939,0.8295813293604425,0.0008881812893060053,-0.07270451358739985,0,0,0,0.5287462912638078,0.5072930564129645,907,0.3006,0.1162,1.611195437915575,-0.19361898458854426,2.0684542821056446,0.027921605178342475,0.0964806107220225,1.3209981382413207,0.9479871561117857,0.5290368456242269,1.7919114026797631,0.5574673099721335,0.08485184836586986,635,272,100,100,0,0.2885,880,0.4902755949817368,0.003512,0.0035118102534144047,164.0,380.0,-0.0041161,0.0525736,-0.0226971,0.0131381,0.0455655,0.4257624,-0.2613178,0.7316681,0.46379,0.6217807,-0.4317203,0.2498999,0.8666993,523.0,374.0,-0.1184351,0.0436963,0.0108238,-0.0176807,0.0384657,-0.8062718,-0.3504931,0.2614382,-0.3984098,0.3748959,0.2477058,-0.4046266,0.8802949,847.0,378.0,0.3660434,0.0902584,0.0328924,0.0562903,-0.0624186,0.0985646,0.2031942,0.5738397,0.7872135,0.5121318,0.3644243,0.6236567,-0.6915542,0.00815313718539525,1.0,0.008966899296492076,289.7864546392689,0.0,256,1.4011584643715802e-08,2.6593284895539646e-09,3.779949413397095e-09,1.3781625841578291e-05,0.0010169586972627498,2.0371086916544565e-10,24.579967776072273,6.592951436989259,8.380011887691197,3.1018732310078314,0.9401076408368518,1.244982864311828,0.05841722645231367,0.0,0.01042127746002981,1.6282090556294833,0.015325619837768187,0.8368933362653331,0.019325769956042613,0.0011233532892698072,-0.0031804131118594705,0.6905853880842594,0.49840979344407044,621.4937852791605,289.78654695724043,0.6091701594444193,0.6091702862954215,0.6091702876911453,0.7614628578692768,3.257124936376932e-05,768,0.1638,0.1596,0.1142,-0.033249,1065,0.131,0.1255,0.41371,-0.002194,3,0.0506,0.8845,-2.4e-05,13.873,0.0432,0.0083,0.000101,13.957,0.0236,-0.4591,0.000128,13.826,8.0167,1.7305,1.741,1.7246,0.32565,0.60326,1.43872,0.15473,0.9903,0.9875,0.9971,0.4959,3.8746,1.071,0.1134,5.3867,23.9829,6.1898,81,0.1176,0.2716,26,0.1144,0.119,-2.0,0.11524,0.0288748,0.59928,-0.0158067,0.0412044,0.0478984,0.06513,204.0,176.0,0.0273554,0.0759924,-0.4706156,0.0097481,0.0288427,-0.032655,0.0446462,179.0,195.0,0.0643654,0.1529986,-0.4077642,-0.0196782,0.005765,0.0015459,0.0205634,188.0,190.0
268,2823,209571,0.0,0.009581133802680695,0.0010687395274226565,0.009581133802680695,0.41625893768037264,9.58980168875144,7.8372081272547485,-10.127605073366501,11.952919069689974,0.04542384486927971,11.952919069689974,0.003961100028108154,12.56564876028271,5.931767251205016,-9.777222190173605,12.005569349306741,-0.010964515870754508,12.005569349306741,0.22588591796277352,2.1737837544004632,1.30393718511712,0.0921771006939045,1.7176819205977853,0.876533247996517,0.0,3.8399709322069664,2.1641919487498207,0.001059944412353797,1.4141939272571475,0.8392383804840082,4.085163737702492e-07,-0.06549178215345436,0,0,0,0.5310012594896484,0.5073839166708798,907,0.3049,0.11821,1.6081825891907484,-0.19210031673866534,2.069486312344406,0.11296208112653762,0.09600198348660166,1.3212019921871225,0.9524255477194736,0.5313020874501909,1.792625269534185,0.5601344446083982,0.08552267934598187,639,268,96,96,0,0.2929,880,0.4903691746246888,0.007727,0.007726729374324837,164.0,380.0,-0.0055198,0.0934385,-0.0770743,0.0526979,-0.0036393,0.150815,0.1458466,0.7631085,-0.6112683,0.621257,-0.8248666,0.5639842,-0.0389486,523.0,374.0,-0.1298833,0.0603021,-0.0351884,0.0489059,0.0025167,-0.0070893,-0.9102571,0.041535,0.4118938,0.3697958,-0.5835348,0.811015,0.0417345,847.0,378.0,0.3607031,0.0502428,0.0442343,-0.0070421,-0.0227612,-0.8699181,-0.0302473,0.4777305,0.1187484,0.5169935,0.8804108,-0.1401616,-0.4530249,0.00815313718539525,1.0,0.009629783140704708,289.7865698190732,0.0,256,9.534984435395362e-09,2.611894434569985e-09,3.550904734043576e-09,1.780928186798619e-05,0.0010379697553934578,-5.012739102558006e-10,22.01919194636777,6.294645389575295,7.6839984555632626,3.030690038742042,0.8917939220468918,1.1821687010348083,-0.03154501458208611,0.0,0.024381007417436026,1.7498492039267235,0.008570208901706684,0.863577315584626,0.031931770666528796,0.0005822303951604665,-0.0005347593837816236,0.6931949330722963,0.4997326203081092,621.4938593096807,289.7865814757655,0.6091701607637882,0.6091702863805136,0.609170287691728,0.761462857975642,3.30627241395646e-05,768,0.1556,0.15,0.10412,-0.012053,1067,0.1284,0.1235,0.4022,-0.000165,3,0.0489,0.9048,5e-06,13.873,0.0425,-0.0512,0.000141,13.957,0.0219,-0.4716,0.000121,13.828,8.0172,1.7304,1.7409,1.7247,0.32663,0.60169,1.43811,0.15561,0.9903,0.9875,0.9972,0.4959,3.8724,1.0704,0.1133,5.586,23.8329,6.1546,81,0.1901,0.253,26,0.0806,0.3132,-3.0,0.0867147,0.1043162,-0.0921395,-0.0030942,-0.0210191,0.0061127,0.0221075,204.0,176.0,0.0664006,0.0591651,0.0576235,0.0131353,0.0041239,-0.0088089,0.0163444,179.0,195.0,0.09418,0.1394644,-0.1938176,0.0562189,-0.0710258,0.0381634,0.0982938,188.0,190.0
269,2823,209571,2.0173676716254783e-10,0.009921788564532283,0.0010948958943195566,0.009921788564532283,0.41670335417734183,9.588796637919597,7.837354061484126,-11.280118559705745,11.958210945252311,0.04570925204720961,11.958210945252311,0.003473017459929617,12.559891923087548,5.940464155870501,-9.84092866227134,12.06557481691118,-0.010800660374049139,12.06557481691118,0.2263359189298281,2.176579322627154,1.3040297093744477,0.15316522174679148,1.7226697571936231,0.8772802338448202,0.014141635426628519,3.8541061496751485,2.173236868495795,0.0013032345675918489,1.414177049918142,0.9036868688426217,2.052944851929811e-05,-0.058526112310912606,0,0,0,0.5356261862630607,0.5075125581251722,907,0.3092,0.11617,1.6101082840260041,-0.1879654451314385,2.074537116955198,0.0548448857242496,0.0953635686906509,1.3189011712727636,0.9638322036061764,0.5359457409915437,1.7983764584508266,0.5669683913220829,0.08622161699377995,637,270,91,91,0,0.2973,880,0.49051305424750097,0.002116,0.0021162449012424034,164.0,380.0,-0.007819,0.0535272,0.0497833,0.0041695,-0.0192197,-0.5104788,0.2877441,-0.6911001,-0.4230783,0.6180871,0.9300564,0.0778952,-0.3590647,523.0,374.0,-0.142417,0.0882806,-0.043309,-0.0028512,-0.0768743,-0.9432417,0.2105676,-0.21761,0.13639,0.3637332,-0.4905839,-0.0322975,-0.8707952,847.0,378.0,0.3573004,0.0751789,-0.0021348,-0.0609161,-0.044006,0.9761138,0.1768181,-0.1069051,0.0671452,0.5205856,-0.0283969,-0.8102827,-0.5853508,0.008147360963513992,1.0,0.009736561823663467,289.7866075851214,0.0,256,6.200784835454064e-09,1.396085060678125e-09,1.8543825734476835e-09,2.018931253140898e-05,0.001062601443653501,1.6844118749648152e-10,24.494752697529798,6.395114351948969,7.679355093939419,3.131803741103751,0.943055657758232,1.2368480639313058,-0.0006125120353992486,0.0,0.0077068673429261875,1.7617975611904173,0.008243569739491911,0.3448757555422008,0.040155914540462065,0.001534657780638771,-0.0016752349052409027,0.6901164927234082,0.49916238254737955,621.4941636306658,289.78672337280375,0.6091700355322728,0.6091702864952376,0.6091702876917116,0.761462858119047,3.4238244074999035e-05,768,0.1534,0.1478,0.09039,0.018198,1067,0.1334,0.1295,0.39899,-0.005561,3,0.0496,0.9306,-2.5e-05,13.875,0.0451,-0.0456,7.7e-05,13.957,0.023,-0.4081,0.000135,13.829,8.0177,1.7305,1.7408,1.7248,0.32757,0.59947,1.43824,0.15537,0.9903,0.9875,0.9971,0.4959,3.8721,1.0703,0.1133,5.5856,23.831,6.1545,81,0.1874,0.3584,26,0.047,0.8637,0.0,0.0677183,0.1082618,-0.230387,-0.0085849,-0.0079983,0.0721571,0.0731048,204.0,176.0,0.1548066,0.0935381,0.2467077,0.0274845,-0.0698508,-0.0330761,0.0820278,179.0,195.0,0.0942786,0.0715713,0.136915,-0.0380004,-0.0371337,-0.0277594,0.059946,188.0,190.0
270,2824,209572,0.0,0.010213631178074169,0.0011224880121825608,0.010213631178074169,0.41932658066895206,9.588944498190536,7.837463734782311,-11.598659801394891,9.998468498442486,0.04422570979963408,11.598659801394891,0.003627438848791637,12.566129095259896,5.929165930733784,-9.896074350084175,12.056086285112844,-0.011081209616747358,12.056086285112844,0.22648004574152888,2.179355028171136,1.303919429027933,0.22641559358493754,1.7274461360291382,0.8753377679297804,0.0,3.868242053451098,2.181440737698929,0.0006734366967153793,1.4141978469903638,0.8975642892477572,1.4746359567499182e-05,-0.05162432479992211,0,0,0,0.5420636071955787,0.5076328175288124,908,0.3142,0.12084,1.6131732334154232,-0.18372062859302665,2.078951143102567,0.0731790794622083,0.09484416494778787,1.321167441461763,0.9772212863081781,0.5423848047033136,1.801712138382493,0.5750430925157067,0.0826686616577139,637,271,84,84,0,0.3025,881,0.4906623171206099,0.005415,0.005415058916625304,164.0,380.0,-0.0065433,0.0713714,0.0256946,-0.0106734,-0.0657247,0.4990574,-0.7364215,-0.2773496,0.3629083,0.6161285,0.3600131,-0.1495472,-0.9208834,523.0,374.0,-0.1454311,0.0350069,0.0075047,-0.0132231,0.0315327,0.3477673,0.3454929,-0.3341371,-0.8050124,0.3588867,0.2143781,-0.3777283,0.9007571,1041.0,373.0,0.3150641,0.0313329,0.0214597,0.0221925,0.0053599,-0.3011796,0.6223893,0.3314927,-0.6418995,0.5159471,0.6848924,0.7082794,0.1710637,0.008147360963513992,1.0,0.01010093218785796,289.78675282988246,0.0,256,7.1283567340016286e-09,1.0467536625130497e-09,1.4060204824621864e-09,2.6867590989572786e-05,0.0010870782937646632,-6.53412269844314e-11,22.09204583968108,6.653129732278205,7.9875168266354235,3.1122402330121637,1.1596490530138452,1.4699435490822497,0.060811475135781876,0.0,0.0052028895215277,1.4995053295120768,0.022033623540027508,2.3444380543041228,0.019247472972568107,-0.0016066661524700141,-0.0011943905295489405,0.6940359672236582,0.49940280473522564,621.493798485014,289.78655311478985,0.6091701439897119,0.6091702862329862,0.609170287691728,0.7614628577912327,3.524535927665477e-05,768,0.1498,0.1453,0.09798,0.046003,1067,0.1351,0.1313,0.39908,0.004186,3,0.0495,0.9446,1.2e-05,13.875,0.0461,-0.087,8.4e-05,13.957,0.0228,-0.4092,8.6e-05,13.831,8.0181,1.7305,1.7407,1.7249,0.32823,0.60027,1.43813,0.15448,0.9903,0.9875,0.9971,0.4961,3.8714,1.0701,0.1133,5.5575,23.8576,6.1625,81,0.0797,-0.056,26,0.0465,-0.1814,0.0,0.1187754,0.053882,0.3758505,-0.0220983,-0.0270692,-0.0460167,0.0577808,204.0,176.0,0.1702323,0.1220925,0.1646789,0.0036559,0.1228936,0.0633929,0.1383288,179.0,195.0,0.0676846,0.0612331,0.0500436,0.0091211,0.0531783,0.0307895,0.0621218,171.0,202.0
271,2824,209572,2.5094651864385326e-10,0.010485623068698569,0.0011479193389531959,0.010485623068698569,0.41978592651926017,9.587886622815757,7.837604467374047,-11.75041965349278,11.60727257372979,0.04455332337684005,11.75041965349278,0.002453149252794945,12.560298419177062,5.919214757476882,-9.859633627889266,12.043560890738174,-0.010988010870321625,12.043560890738174,0.2266405216620276,2.181987564437038,1.303974555252541,0.2193080011273355,1.7328833154292442,0.8769154352941366,0.014137105876315581,3.882377516797085,2.1905128643671294,0.0006451713128812209,1.414175383149658,0.9076141957322305,1.4471940359158386e-05,-0.044617956523933744,0,0,0,0.549413194544688,0.5077196615063111,908,0.3232,0.14024,1.615949332758208,-0.17910643002664348,2.0843867067013035,0.05505062274632921,0.09318162413200144,1.322727305925493,0.9922157269647975,0.5497630907952243,1.8048060038544456,0.5842534663370893,0.08585539998954829,646,262,90,90,0,0.3117,881,0.49075270393920434,0.010122,0.010121953112068649,164.0,380.0,-0.0038196,0.0978261,-0.0861306,0.0383411,-0.0261042,-0.8232934,0.2034482,0.4942781,-0.1910128,0.6150071,-0.8804461,0.3919307,-0.2668427,523.0,374.0,-0.1480056,0.1579997,0.0672426,-0.128638,-0.0624068,0.9549245,-0.2606291,-0.1419878,0.0055766,0.3541006,0.4255868,-0.8141661,-0.3949804,1041.0,373.0,0.3106848,0.0746269,0.0161206,0.0706801,-0.0177095,-0.1653725,-0.3999519,0.0871662,-0.8972695,0.5187029,0.2160162,0.9471128,-0.2373066,0.007790368271954674,1.0,0.010357574323924005,289.7865778823229,0.0,256,4.251111453236248e-09,7.514181424040887e-10,1.0883431613780877e-09,1.9289273858510336e-05,0.0011136680673073864,-1.104572343874516e-10,33.39979771799468,8.330534953053506,10.41413492903581,3.03595336502246,1.127368411716494,1.3901250463595112,0.02827257390739822,0.0,0.013502088377685052,1.0163179555886104,0.01984065543976365,0.8285682420292978,0.03203059966672367,-0.002683312835089063,0.0037826469008954643,0.6941187311725876,0.501891323450448,621.4939936837244,289.7866441309216,0.6091700741007318,0.6091702863284661,0.6091702876916381,0.7614628579105827,3.6183941810518044e-05,768,0.1491,0.1447,0.12041,0.020646,1067,0.137,0.1331,0.40685,-0.001136,3,0.0508,0.9501,7.3e-05,13.876,0.0474,-0.1332,0.000145,13.957,0.0228,-0.4358,0.000136,13.832,8.0183,1.7305,1.7406,1.725,0.32917,0.59839,1.43755,0.15532,0.9903,0.9875,0.9971,0.4961,3.8711,1.0701,0.1133,5.5706,23.8454,6.1599,81,0.1054,-0.7835,26,0.0922,-0.4417,1.0,0.1467552,0.0847263,0.2679651,-0.0042014,0.0531657,-0.0434626,0.0687985,204.0,176.0,0.0664682,0.2265514,-0.5463224,-0.0501117,0.0787229,0.0418632,0.102279,179.0,195.0,0.0860026,0.0715953,0.0914185,-0.0202224,0.0375585,-0.0134983,0.0447413,171.0,202.0
272,2824,209572,1.778290043153488e-10,0.010951600162033514,0.0011714884057620022,0.010951600162033514,0.4202536889188746,9.586786233274669,7.837743876993203,-12.597601864377236,12.35440313407238,0.04257850305531482,12.597601864377236,0.0005778515591821076,12.56553211100598,5.9250030625299015,-9.868856948745318,12.019649288136652,-0.011258463267363137,12.019649288136652,0.22711870059382672,2.1840273480019703,1.3040519216491175,0.15507819362981445,1.7381215573312203,0.8756283964261046,0.014137120018431206,3.896513128512625,2.1996218366961777,0.00039949307620279484,1.4141972996322578,0.9451409915634593,2.2223985372956808e-05,-0.03789559673055361,0,0,0,0.5572978655247297,0.5078284069432283,908,0.3266,0.13852,1.618075304877842,-0.17659925612023347,2.0897571021029435,0.04519772277546704,0.09679734702115737,1.3204209433742098,1.0059021906897654,0.5576708309119289,1.803756149563835,0.5923411602501809,0.08906325476058743,651,257,87,87,0,0.3145,880,0.49029050732313134,0.007063,0.0070634871322377,131.0,383.0,0.0421258,0.0244998,0.0199887,-0.0139902,-0.0022282,0.8046539,-0.2606043,0.509137,-0.1593645,0.6035061,0.8158726,-0.5710345,-0.0909481,523.0,374.0,-0.1634961,0.0206962,-0.0008005,-0.0134789,0.0156848,-0.1437714,-0.8253083,-0.3065544,0.4519075,0.3458006,-0.0386805,-0.651273,0.757857,1041.0,373.0,0.3031554,0.1028305,0.029054,-0.0753305,0.0636812,-0.8897997,-0.2770414,-0.2346168,-0.2765132,0.5207002,0.2825428,-0.7325696,0.6192829,0.007790368271954674,1.0,0.01068222183289584,289.78667276293464,0.0,256,6.101347259765599e-09,1.5772988348693754e-09,2.1572161066574814e-09,2.4145109809400488e-05,0.0011358237108848644,2.975740916873733e-10,30.019743085722094,8.415417314241918,10.410800593324241,3.0904351657368587,0.7052586098206095,0.9934580725683066,-0.09123292429440433,0.0,0.021395285768993966,2.3457306264174957,0.01242928587248121,1.3557130291886,0.03923930290914126,0.0030340821439181214,-0.001614266723410152,0.6890627660007517,0.499192866638295,621.494193338727,289.78673722490765,0.6091699591388045,0.6091702862410409,0.6091702876913687,0.7614628578013011,3.7791930255019986e-05,768,0.141,0.1365,0.08708,0.019826,1067,0.138,0.1342,0.40888,0.002151,3,0.0487,0.9483,4.5e-05,13.876,0.0485,-0.121,6.3e-05,13.958,0.0218,-0.4299,3.1e-05,13.832,8.0186,1.7305,1.7406,1.725,0.32984,0.59752,1.43732,0.15488,0.9903,0.9875,0.9971,0.4961,3.8708,1.07,0.1133,5.5837,23.8332,6.1572,81,0.2003,-0.5737,26,0.1866,-0.1768,-1.0,0.0659533,0.0403371,0.2410022,0.0474453,0.0078187,0.0140011,0.0500822,210.0,173.0,0.0859721,0.0775786,0.0513209,0.0610588,0.0500133,-0.0013287,0.0789384,179.0,195.0,0.1357649,0.0573163,0.4062985,0.0445154,-0.050817,0.0361988,0.0766443,171.0,202.0
273,2825,209573,0.0,0.011347519012900275,0.0011911871457726156,0.011347519012900275,0.4227053843675465,9.586583417097804,7.837750266983259,-11.72915197629138,11.046279541469062,0.04099979428240949,11.72915197629138,0.0014544317255502648,12.559416967045161,5.942528444075958,-9.859692637492639,12.017148628128128,-0.01145741559615345,12.017148628128128,0.22733352298117468,2.184696857394187,1.3040273711119301,0.18063069844857738,1.7400990041996747,0.8763240643602462,0.0,3.9106524729383145,2.2075423296518437,0.0014370869235234007,1.4141936554190455,0.9491333993938006,4.4791834161486906e-05,-0.031101077289176694,0,0,0,0.5597947620042303,0.5082725853871402,909,0.3233,0.1435,1.615202969294383,-0.17599010240596136,2.0914111167571994,0.08156925580922621,0.09968812618083513,1.3199261643407267,1.010122360970458,0.5601765246804393,1.8032215140516583,0.5949173983823888,0.08891797677386622,649,260,85,85,0,0.3114,881,0.49077623605065857,0.000475,0.0004746811439644283,131.0,383.0,0.044422,0.0604061,-0.0066951,-0.0163697,0.0577591,0.5511987,0.4654247,0.0500849,0.690689,0.6036059,-0.1108348,-0.2709933,0.956179,523.0,374.0,-0.2060069,0.013679,-0.0030261,0.0133253,-0.0006273,-0.4444376,0.3934873,-0.2890639,-0.7510559,0.3345659,-0.2212257,0.9741439,-0.0458568,1041.0,373.0,0.2985017,0.0558967,-0.00189,0.0347979,0.0437033,0.3755393,-0.2764266,0.8747417,-0.1318541,0.5236055,-0.0338124,0.6225391,0.7818579,0.007790368271954674,1.0,0.01109526128062658,289.7867719207562,0.0,256,5.411334129551458e-09,1.0228991082815466e-09,1.4420930030193795e-09,2.1157361881277576e-05,0.001154481843576681,-2.126756475544757e-10,29.42894593765722,7.902112266491412,9.918733722690892,3.132777682026878,1.1184645879491362,1.4760931855902577,-0.09217259913592282,0.0,0.025113154460521873,1.5878169086717662,0.018599022944371588,2.4425074083266383,0.03565967563487479,0.002761496684768886,-0.0015672875650279657,0.6884587198290835,0.49921635621748617,621.4941445339022,289.7867144684747,0.6091700950279096,0.6091702862626762,0.609170287691728,0.7614628578283452,3.9158175466096975e-05,768,0.134,0.1294,0.06093,-0.007018,1067,0.1408,0.137,0.3882,0.000718,3,0.0464,0.9494,-1.1e-05,13.877,0.0488,-0.1352,8.5e-05,13.958,0.0213,-0.4396,0.000118,13.834,8.0192,1.7305,1.7405,1.7251,0.33064,0.59605,1.43696,0.15437,0.9903,0.9875,0.9972,0.4959,3.8702,1.0698,0.1133,5.5558,23.8608,6.1653,81,0.1771,-0.7704,26,0.2317,-0.4146,-1.0,0.1475289,0.0539423,0.4645161,-0.0388638,0.0087564,0.0892369,0.0977256,210.0,173.0,0.1161109,0.0889663,0.132363,0.0275281,-0.0463581,0.0831361,0.0990883,179.0,195.0,0.1146222,0.1184047,-0.0162319,0.0055534,-0.0213281,0.1044778,0.1067771,171.0,202.0
274,2825,209573,5.177976714452492e-11,0.011402610858486156,0.00121035213707392,0.011402610858486156,0.42318191967149327,9.585321178210485,7.8378808333857,-10.932945369890666,12.050332703388259,0.04155788158300872,12.050332703388259,0.0023415766437720116,12.566256822959184,5.9499985792640615,-9.981198935227296,12.138666056902292,-0.010764855296619203,12.138666056902292,0.22765825326010605,2.1865280782902143,1.3040641163228464,0.22765822955298312,1.7321469673146106,0.876560674930107,0.014138474712744955,3.924788909837133,2.2165645472073456,0.0005609772201840002,1.4141671943483418,0.9009230625015681,6.620133474174697e-05,-0.024395623893233992,0,0,0,0.5617555204666926,0.5083923980919495,909,0.3171,0.14499,1.6177873239278604,-0.1768612672805752,2.093779123068479,0.06692487978801945,0.09996987598779451,1.318434395814917,1.016783741889529,0.5621145609751799,1.808855013692529,0.5988458193191735,0.09260281252675917,645,264,80,80,0,0.3049,881,0.4909050288194381,0.001496,0.0014957384365430482,131.0,383.0,0.0458891,0.093427,-0.0648383,-0.037344,0.0559467,-0.6382252,-0.0471371,0.7259671,0.2518302,0.6016265,-0.6939992,-0.3997132,0.5988276,523.0,374.0,-0.272192,0.0591761,-0.0006657,-0.0261107,0.0530999,-0.7244238,-0.1613075,0.1772308,0.6463585,0.3229059,-0.0112502,-0.4412375,0.8973198,1041.0,373.0,0.2950817,0.04,0.0350211,0.0094628,0.0168515,0.8504978,0.4439602,-0.1180503,-0.2561581,0.5261741,0.8755289,0.2365697,0.4212884,0.008141592920353982,1.0,0.011491410180059518,289.7867434958976,0.0,256,3.984958385183764e-09,8.465277909647147e-10,1.1180210090739099e-09,2.452036329629208e-05,0.001171983569589018,6.116123882664817e-11,17.536981974621977,5.961170401882256,7.231732680152197,3.1264211469581937,0.8583540429923158,1.1933070077537224,0.05785139551313569,0.0,0.02325611026995245,1.218737213241534,0.011704959643025882,2.2181611215327393,0.02158456656559629,-0.00039633863400384073,-0.0008639494523539163,0.6893355678981655,0.4995680252738232,621.494158412819,289.78672093985625,0.6091699372544661,0.609170286282714,0.6091702876916787,0.7614628578533924,3.9348286289669946e-05,768,0.1296,0.1249,0.03112,0.002803,1067,0.1432,0.1401,0.36686,-0.007945,3,0.0446,0.9484,-6.5e-05,13.881,0.0484,-0.1616,8.9e-05,13.958,0.021,-0.4662,0.000247,13.838,8.0208,1.7307,1.7402,1.7253,0.33118,0.59525,1.43632,0.15402,0.9903,0.9875,0.9972,0.4959,3.8699,1.0697,0.1133,5.5689,23.8488,6.1626,81,0.059,-0.6738,26,0.2945,-0.2533,0.0,0.1048636,0.120272,-0.0684404,-0.0425961,0.023504,-0.0387687,0.0622083,210.0,173.0,0.0756184,0.1296158,-0.2631014,-0.0259659,0.0260696,-0.1012629,0.1077406,179.0,195.0,0.0633321,0.1078631,-0.260118,-0.0014661,-0.0507437,0.0455766,0.0682224,171.0,202.0
275,2826,209574,0.0,0.01187669069720965,0.0012323962923630268,0.01187669069720965,0.4217878039716211,9.580789458464167,7.8385153225533815,-11.753644115009829,10.819732220510092,0.04060100215550565,11.753644115009829,0.0009088716534006681,12.565851309472363,5.971153779809222,-9.955332785138681,12.139774667465318,-0.011217301456158775,12.139774667465318,0.22819970996812586,2.18793310845403,1.3040428847624426,0.218446916120282,1.7513217324962937,0.8842579880089624,0.0,3.938924331190277,2.2248354115168123,0.0033476598904683685,1.4141951643446198,0.9178746900768185,9.142029712002914e-05,-0.017713670232999183,0,0,0,0.563831937169865,0.5085304573574763,909,0.3141,0.15026,1.615274743913933,-0.17867144326389703,2.093188793554738,0.07231738514433432,0.10275694174169707,1.3171192466830428,1.0247720906064293,0.5641821432740076,1.8163851919516103,0.6037658910880337,0.09253806718445845,644,265,81,81,0,0.3025,882,0.4916373013484075,0.006869,0.006868962187078997,131.0,383.0,0.0443781,0.0897489,-0.038409,0.0305972,-0.0751228,0.7805982,-0.6114363,-0.0275023,-0.1267114,0.5994658,-0.4279606,0.3409198,-0.8370325,523.0,374.0,-0.3487575,0.0213127,0.0002595,0.0209204,-0.0040617,0.2826942,0.0966474,-0.4726078,-0.8290869,0.3149189,0.0121771,0.9815966,-0.1905778,1041.0,373.0,0.2886996,0.0696864,-0.0141838,-0.04336,-0.0526775,-0.0086872,-0.6528094,0.2852505,-0.7017097,0.5276657,-0.2035379,-0.6222167,-0.7559224,0.008141592920353982,1.0,0.011609057449624455,289.7867439651606,0.0,256,8.123070906465211e-09,1.187159896922194e-09,1.6102073228673664e-09,2.533127412192126e-05,0.0011927150457239318,-1.0456380856896065e-10,21.18580538656248,6.355705440545581,7.697042095475346,3.1224718056034995,1.1542098342132516,1.4909944008441667,0.018283204873707715,0.0,0.017051321639143344,1.6256145303198695,0.014033769972606904,2.1662638919486605,0.031722758874559505,0.0039156342109611005,-0.0005297727574839847,0.6793744477974925,0.4997351136212581,621.4944764121861,289.7868692147718,0.6091698741573723,0.6091702865563422,0.609170287691728,0.7614628581954277,4.098422654343042e-05,769,0.1231,0.117,-0.00359,0.003721,1067,0.1462,0.1431,0.36924,-0.00302,3,0.0429,0.9502,-7.3e-05,13.886,0.0484,-0.1997,3.4e-05,13.958,0.0207,-0.4952,0.000289,13.842,8.0225,1.7309,1.7398,1.7254,0.3314,0.59566,1.43606,0.15379,0.9904,0.9875,0.997,0.4958,3.8726,1.0705,0.1133,5.5053,23.9281,6.1788,81,0.0663,0.1653,26,0.2037,-0.0359,2.0,0.1131398,0.0847703,0.1433452,0.015837,-0.018408,-0.0402197,0.0469818,210.0,173.0,0.1146763,0.0601347,0.3120034,0.0211327,0.0017419,0.0719307,0.074991,179.0,195.0,0.0278981,0.2131119,-0.76849,-0.0120132,0.0363064,0.0762684,0.085319,171.0,202.0
276,2826,209574,1.3685687885814343e-10,0.012475359397794917,0.0012507062528599362,0.012475359397794917,0.422277643045011,9.57937096423327,7.838640970497398,-11.30410293703265,11.967166788039048,0.040005684541468134,11.967166788039048,0.004874667968183033,12.563706098308495,5.960082881010333,-9.9926668673324,12.1872370298827,-0.010872932902990606,12.1872370298827,0.22825771065605457,2.1892356372345754,1.3040508535459887,0.23656312171054625,1.7569913314219796,0.879282132479443,0.014138797346643668,3.953060232874392,2.233845117442458,0.0008035716725313113,1.414165259701937,0.8973674266972156,0.00010734181256494777,-0.011462325615104737,0,0,0,0.5635926698344841,0.5086675730006299,909,0.312,0.15655,1.6107938313252967,-0.17986893277162255,2.094632341105898,0.021091517811878544,0.10284854909324127,1.320682768691874,1.029544024432094,0.563902310689187,1.8257489017447217,0.6064702463183748,0.09524657320355452,645,264,84,84,0,0.3003,882,0.4917901972384355,0.004245,0.004244526484641131,131.0,383.0,0.0454857,0.0515329,-0.0359914,-0.0239889,-0.0280141,-0.4744031,-0.3996649,-0.0539345,0.7824965,0.5964139,-0.6984165,-0.4655069,-0.5436154,523.0,374.0,-0.4342104,0.076464,-0.0336464,0.0651905,0.0215608,-0.3872545,-0.4974644,0.5547866,0.5429319,0.3095464,-0.4400286,0.8525642,0.2819735,1041.0,373.0,0.2836193,0.0632959,0.0628913,-0.0035871,0.0061803,-0.1144808,-0.2025079,0.9398639,0.2500812,0.5296834,0.9936068,-0.0566717,0.0976411,0.008492569002123142,1.0,0.012032170926254226,289.78689380405604,0.0,256,1.2987048857323391e-08,2.2352192401415873e-09,3.1029215409493015e-09,2.9137871689001565e-05,0.0012120830506838398,3.180543111069799e-10,24.37520526681445,5.287540422185216,6.495135390964608,3.0630204659537474,0.73072472499044,1.0166110108744506,0.11320781410881318,0.0,0.022259445074456673,1.6939585533280401,0.020784129576579317,1.7759205171406707,0.021685906457876394,-0.0017720833714792892,-0.00012934214799582941,0.6827291586108686,0.49993532892600223,621.4945474771545,289.78690235053637,0.6091701472135872,0.6091702862206876,0.6091702876916879,0.7614628577758594,4.305011474502145e-05,769,0.1093,0.1028,-0.06561,-0.007327,1067,0.1473,0.1442,0.37631,-0.007523,3,0.0403,0.9667,-3.7e-05,13.891,0.0485,-0.1917,1.2e-05,13.959,0.0197,-0.4365,0.00026,13.845,8.0243,1.7312,1.7396,1.7254,0.33223,0.59302,1.43583,0.15385,0.9904,0.9875,0.997,0.4958,3.8723,1.0704,0.1133,5.4914,23.9372,6.1816,81,0.1322,0.3657,26,0.1204,0.5201,-3.0,0.0660554,0.0493757,0.1444991,-0.0011712,0.0077721,-0.0278897,0.0289761,210.0,173.0,0.0857244,0.1317824,-0.211754,0.0302368,-0.110682,-0.0050884,0.1148506,179.0,195.0,0.088609,0.1195618,-0.1486895,0.0292429,-0.002675,-0.07258,0.0782953,171.0,202.0
277,2826,209574,1.4548704784985086e-10,0.013069094245223943,0.0012691781323943105,0.013069094245223943,0.4227741254251199,9.577874229616908,7.838764799960161,-12.566294042240806,12.336862216742924,0.03894715772395378,12.566294042240806,0.02051481577701481,12.56577521389813,5.974845845256845,-10.005098621561489,12.21449828389073,-0.01089136608552585,12.21449828389073,0.22859559218787182,2.190090932803232,1.3041243123904271,0.2421056702398194,1.7626890171101488,0.8814787040930668,0.014138811488759293,3.9671955318983203,2.2429208268321337,0.00020108579710775842,1.414196013087702,0.9229435750148484,0.00013306598519792712,-0.005059730867163561,0,0,0,0.5599900740233005,0.5088276524722106,909,0.3088,0.14992,1.614240099562607,-0.17697057590758625,2.0981519555190067,0.05382410829303514,0.10177451889326623,1.3218258084247914,1.0328060818563283,0.560250928454206,1.843470540434362,0.6082765118249726,0.09554679663348353,641,268,87,87,0,0.2969,882,0.491977106662456,0.001187,0.0011872527976530822,131.0,383.0,0.0422893,0.0361161,-0.0280495,0.0097629,-0.0205496,-0.1311955,-0.0381795,-0.4432782,0.8859088,0.5915192,-0.7766471,0.2703194,-0.5689874,523.0,374.0,-0.5173963,0.0880872,0.0502055,-0.0474641,0.0546436,0.0129869,-0.9473347,0.3193911,-0.0194303,0.3063801,0.5699523,-0.5388312,0.6203348,1041.0,373.0,0.2772316,0.0797843,0.074188,0.0124322,0.0265918,-0.0240752,-0.0531351,0.3491849,-0.9352363,0.5308623,0.9298564,0.1558228,0.333296,0.008492569002123142,1.0,0.0126835033277428,289.7869383242544,0.0,256,1.4909133606423393e-08,1.7827228040123722e-09,2.547677124173082e-09,2.7273546956946455e-05,0.0012316469347545067,1.714738209649607e-10,15.396296042965501,5.5023535371035655,6.6848677894315225,3.1272569227135643,1.1631364189282198,1.5309669726027113,0.1579935171134716,0.0,0.009739114084261532,0.8408499388839491,0.01733131500266298,1.8349900347313577,0.03269179740714087,-0.0021038952112690627,-0.000655934800622609,0.6983393256220268,0.4996720325996889,621.494536258664,289.7868971196432,0.6091700123753772,0.609170286296872,0.609170287691699,0.7614628578710899,4.509898264940584e-05,769,0.1009,0.097,-0.1368,-0.018654,1067,0.15,0.1469,0.37041,0.00114,3,0.0399,0.9821,-0.000131,13.896,0.0488,-0.202,2e-06,13.958,0.02,-0.3827,0.000227,13.849,8.0258,1.7314,1.7392,1.7255,0.33263,0.59252,1.43549,0.15378,0.9904,0.9875,0.997,0.4958,3.8721,1.0703,0.1133,5.4911,23.9359,6.1816,81,0.1518,0.0653,26,0.0706,0.4227,-1.0,0.0405012,0.1061838,-0.4477796,0.0254967,-0.014561,0.0624123,0.0689739,210.0,173.0,0.1456582,0.1066688,0.1545193,-0.0222641,-0.009448,-0.0850031,0.088377,179.0,195.0,0.0766769,0.0898881,-0.0793158,0.0103936,0.0016243,0.0207314,0.0232477,171.0,202.0
278,2826,209574,6.244355555409758e-10,0.013249755656853685,0.0012873597228362794,0.013249755656853685,0.4232761121574546,9.576297375159314,7.83888649565059,-11.846549254256974,11.624130953814594,0.0350526929020076,11.846549254256974,0.006181327841739196,12.563343086892633,5.976371713187038,-9.987072500696222,12.210638704478612,-0.010325240929101918,12.210638704478612,0.22889827505864074,2.1905788955982533,1.3041577952133796,0.19939610941924502,1.7661170480623962,0.8795994894883549,0.0282807874491462,3.981334940919677,2.2517630573890224,0.0012964834804530811,1.4141976040788098,0.9175809771132243,0.0001542406139817562,0.0012625884002222948,0,0,0,0.5578221231764854,0.5089841880935313,909,0.3102,0.14688,1.6155788815441936,-0.17866490850930908,2.0986055275212765,0.05230927481735146,0.10133090309314396,1.3233688647343496,1.0331761572486857,0.5580837088568368,1.8512924510285655,0.6086016242129314,0.09536481717514315,640,269,85,85,0,0.2984,882,0.49215806615463253,0.004006,0.004006089422893266,131.0,383.0,0.0401744,0.0453346,0.0254824,0.0272195,-0.025787,-0.635834,0.1173478,0.4748689,-0.5970294,0.5892596,0.5620968,0.6004136,-0.5688152,523.0,374.0,-0.6262957,0.0520695,0.0013109,-0.052001,-0.0023271,0.3281394,0.0454935,0.4791385,-0.812823,0.3069584,0.0251751,-0.9986835,-0.0446924,1041.0,373.0,0.2715388,0.0431119,0.0334375,0.0270445,-0.0030272,0.5424915,0.1506931,-0.758722,-0.327621,0.5327616,0.7755987,0.6273087,-0.0702175,0.008492569002123142,1.0,0.013185287079991807,289.7869240644797,0.0,256,4.333770354333367e-09,1.0297712021524627e-09,1.347627376838038e-09,3.023921672347905e-05,0.0012459675326769153,-2.7261581251296977e-10,14.060022733027225,5.340965423059961,6.498101844033814,3.1379643242541166,1.2262394773301248,1.576017926171855,0.13446462037220816,0.0,0.007055437008131669,0.6231266175815333,0.021964688308658838,0.7077309771940318,0.039994719425222314,-0.0016803446688617393,-0.001483599504853032,0.6928536651156887,0.49925820024757356,621.494544793454,289.786901099196,0.6091701853185119,0.6091702864735788,0.6091702876916395,0.7614628580919736,4.572241052509894e-05,769,0.088,0.085,-0.22685,-0.025889,1067,0.1536,0.1504,0.36174,0.005009,3,0.0393,0.9903,-0.000258,13.9,0.0503,-0.1988,2.9e-05,13.958,0.0201,-0.3333,0.000213,13.854,8.0276,1.7316,1.7387,1.7258,0.33356,0.59093,1.43497,0.15342,0.9904,0.9875,0.997,0.4958,3.8719,1.0703,0.1133,5.4909,23.9346,6.1816,81,0.1182,-0.3481,27,0.1064,0.2347,0.0,0.0333082,0.0701556,-0.356138,-0.0040796,-8.19e-05,0.0282038,0.0284974,210.0,173.0,0.0989569,0.0453913,0.3710865,0.0171238,0.0199433,0.0025008,0.0264048,179.0,195.0,0.050129,0.0608485,-0.0965916,0.0237165,-0.0073288,0.0232169,0.0339883,171.0,202.0
279,2826,209574,6.394526668983189e-10,0.01347343097881222,0.001309104590732268,0.01347343097881222,0.42378381807859644,9.574640904016269,7.83900606128179,-11.921057474754626,12.309090006534234,0.03341921211634654,12.309090006534234,0.01319124666576866,12.560103978541862,5.998551306426949,-9.965486463621742,12.209865875834074,-0.010146585869862335,12.209865875834074,0.22949661149160092,2.1910136361321233,1.3042353330605891,0.19906043688566566,1.7715633623271005,0.8827715708101372,0.042406309170724986,3.995475673593789,2.2611945955956334,0.00024371888086938132,1.4141960665411055,0.9335145177792,0.00017060071678980346,0.007656068615650828,0,0,0,0.5549405752481553,0.5091373509581277,909,0.3148,0.14607,1.6156488776173823,-0.17889092312892327,2.0998379411601644,0.0643499913847866,0.09978749212131002,1.3200579831937296,1.0355038229535427,0.5552060433829878,1.8650802441630479,0.6101328904442902,0.09570084515559292,640,269,92,92,0,0.3031,882,0.4923350398166448,0.001447,0.0014468669785179245,131.0,383.0,0.0351861,0.0849142,-0.0495715,-0.066991,-0.0162883,-0.7339034,-0.028068,0.2661142,0.6243246,0.5853188,-0.5837827,-0.7889251,-0.19182,523.0,374.0,-0.7436206,0.0663463,-0.0341755,-0.0357669,-0.0442108,0.1693322,-0.7648038,-0.1294042,-0.6079937,0.3153661,-0.5151078,-0.5390944,-0.6663641,1041.0,373.0,0.2683183,0.0736959,0.0082541,0.0716019,0.0153662,0.1108965,0.3979086,-0.8311761,0.3721787,0.5346535,0.1120026,0.9715861,0.2085087,0.008492569002123142,1.0,0.013399079980231557,289.7869356722111,0.0,256,3.990853169040248e-09,7.989018177108109e-10,1.0890250216054422e-09,2.7370788446839834e-05,0.0012626399556826292,-2.3989113687337547e-10,13.53698007435137,5.57554669802492,6.6630405774475765,3.087333863208372,0.9450495183700987,1.237113558151784,0.05448250736094626,0.0,0.005556357403660467,1.1513672145291391,0.026070582995740613,1.0360018318549102,0.025116815041375442,-0.003914678841301564,0.0023066845020087326,0.6868927527222256,0.5011533422510045,621.4943173848565,289.7867950644233,0.6091700488482545,0.6091702863644161,0.6091702876915961,0.76146285795552,4.649428893341018e-05,769,0.0792,0.0768,-0.29345,-0.029992,1067,0.1561,0.153,0.36361,-0.001425,3,0.0394,0.9889,-0.000336,13.905,0.0511,-0.2599,6.6e-05,13.957,0.0199,-0.4002,0.000184,13.861,8.0296,1.7317,1.7382,1.7262,0.33383,0.58893,1.43424,0.1533,0.9904,0.9875,0.997,0.4958,3.8717,1.0702,0.1133,5.4771,23.9439,6.1843,81,0.0613,-0.895,27,0.1883,0.2055,1.0,0.1424694,0.072848,0.3233433,-0.0692125,-0.002628,-0.0365758,0.0783266,210.0,173.0,0.0864981,0.0867702,-0.0015705,0.0420613,0.036102,0.0649349,0.0853759,179.0,195.0,0.0778759,0.0817071,-0.0240075,-0.0256353,0.0232435,0.0060358,0.0351263,171.0,202.0
280,2826,209574,3.847365891232761e-10,0.013708493555186718,0.0013308703834129325,0.013708493555186718,0.42429581637053226,9.572918686448928,7.839123327276388,-11.25559522625226,11.567262020393743,0.03564703498094304,11.567262020393743,0.006688700556476935,12.559979095464968,6.020384528571316,-9.941850369180646,12.28317522450112,-0.010119678521400145,12.28317522450112,0.22991398852210784,2.1912191934413348,1.304295261107673,0.24579246316668024,1.7661423033009673,0.8863297281420874,0.05649768323805184,4.009615601488383,2.2701200652579305,0.0040499907856611506,1.4141980592659216,0.9172193176987917,0.00018211446616674302,0.013794180637514208,0,0,0,0.5520453689121952,0.5092882709841104,909,0.3136,0.14806,1.6112609833261426,-0.18604011930263473,2.0979315250326986,0.03874736712758073,0.09877517517566434,1.320952274505181,1.034026318294369,0.5523477076403286,1.8720568656142487,0.6093241209339675,0.0922702690385424,647,262,91,91,0,0.3019,882,0.49250653108597475,0.002956,0.0029558692063236247,131.0,383.0,0.0300836,0.0266562,-0.0066667,0.0001995,-0.0258083,-0.3963695,0.0848916,-0.9053657,-0.1264818,0.5835298,-0.2500991,0.0074834,-0.9681913,523.0,374.0,-0.8491049,0.057148,0.0511395,0.0227451,-0.0115457,0.4840902,0.2034374,-0.8410831,-0.1298045,0.3420576,0.894861,0.3980035,-0.2020323,1041.0,373.0,0.2632535,0.0749971,0.0285153,0.0686994,0.0095833,-0.2616951,-0.532486,0.7739934,0.2211528,0.5370495,0.3802188,0.9160269,0.1277828,0.008492569002123142,1.0,0.013630174719313014,289.7868146904258,0.0,256,9.06205027214881e-09,1.8132935746850542e-09,2.589442335610956e-09,2.4182902935327398e-05,0.0012771579693413406,1.374849203965952e-10,20.64409189697207,5.305851987400623,6.479513511727802,3.1195825527564423,0.8507084526171668,1.1643252002651239,0.06730413541386705,0.0,0.02081846120123436,2.8895035057748046,0.009136090955950131,0.4797939606135092,0.04620511628007512,-0.0011237627812631609,0.002274632877999054,0.6886550134594421,0.5011373164389996,621.4946087841406,289.7869309364052,0.6091700496349569,0.609170286325883,0.609170287691043,0.7614628579073537,4.73054237155888e-05,769,0.0589,0.0579,-0.46382,-0.028358,1067,0.1567,0.1535,0.3537,0.000559,3,0.0372,0.9928,-0.000286,13.91,0.0509,-0.29,2.4e-05,13.957,0.0189,-0.4024,0.000231,13.867,8.0318,1.7319,1.7377,1.7265,0.33473,0.58785,1.43372,0.15327,0.9904,0.9875,0.997,0.4958,3.8716,1.0702,0.1133,5.4768,23.9428,6.1842,81,0.0996,-0.5776,27,0.1176,-0.2148,2.0,0.0350961,0.0875048,-0.4274735,0.0276577,-0.0171948,0.0498395,0.0595364,210.0,173.0,0.0796873,0.0595124,0.1449353,-0.0500766,-0.0112888,0.0150401,0.0534912,179.0,195.0,0.0823832,0.0786196,0.0233763,0.0319936,0.0114547,0.0177066,0.0383187,171.0,202.0
281,2826,209574,4.4188227092030056e-11,0.014114834820742002,0.0013511096702256992,0.014114834820742002,0.42481123011657507,9.571144450891289,7.839238455921467,-12.562398674795125,10.299945225457261,0.036048364543477686,12.562398674795125,0.0011183214964312072,12.560228982674383,6.018459654550078,-9.905240139011708,12.286419778574695,-0.010095062470244026,12.286419778574695,0.2303771512399765,2.1912768782649303,1.3043333950320986,0.10688392699156135,1.775811317940241,0.8862948886668387,0.07055749819802049,4.023755595801937,2.2791067398301306,0.001488166694480375,1.4141978044510377,0.914900517344015,0.00019173978644943472,0.019649905062842005,0,0,0,0.5464869745073203,0.5094504360543846,909,0.3088,0.14013,1.6171676493270313,-0.1888942517286367,2.0973986737848085,0.05437859020771509,0.09974199670269329,1.3193596706414326,1.0302680903310764,0.5468113554802235,1.8841380670053367,0.6070513755509753,0.1016131511860061,639,270,94,94,0,0.2969,882,0.4926916572546753,-0.002739,-0.002739004563313774,131.0,383.0,0.0272944,0.0582681,0.0294036,-0.0496753,0.0079352,-0.4809561,-0.2097755,-0.8505689,-0.0347571,0.580803,0.5046254,-0.8525299,0.1361835,523.0,374.0,-0.9105287,0.0680689,0.0330531,-0.0590216,-0.0075705,0.7039183,-0.5927844,0.1828383,-0.3459419,0.3903924,0.4855837,-0.8670864,-0.1112189,1041.0,373.0,0.2589934,0.0735342,-0.0692486,0.0245134,0.0033171,-0.3705294,-0.1422028,-0.1579514,-0.9041779,0.539617,-0.9417198,0.33336,0.0451097,0.008492569002123142,1.0,0.013873265045787975,289.7869626700251,0.0,256,8.971834131091434e-09,1.9319518041797377e-09,2.758646189004908e-09,2.9097506492536215e-05,0.0012899303314686005,5.365545227675942e-13,26.867615411647925,6.743016602818549,8.730281785499033,3.0745364573692635,1.1587698245322036,1.4885710363392308,-0.049887713346421184,0.0,0.015268651643251958,2.4068879823856593,0.03226934148533346,0.1928302683213118,0.037564771075606074,7.421179649952563e-05,0.0014024258621963188,0.6888722512731972,0.5007012129310983,621.4946738896764,289.7869612934399,0.6091701450095828,0.6091702862582542,0.6091702876901756,0.7614628578228178,4.870762562173817e-05,769,0.0267,0.0265,-0.65944,-0.065725,1067,0.1553,0.1521,0.33485,-9.4e-05,3,0.0316,0.9977,-0.000247,13.916,0.0493,-0.3321,3.9e-05,13.956,0.0161,-0.3948,0.000345,13.873,8.034,1.7322,1.7371,1.7268,0.33558,0.58659,1.43316,0.15248,0.9904,0.9875,0.997,0.4958,3.8714,1.0701,0.1133,5.4901,23.9312,6.1815,81,0.1123,-0.0016,28,0.0479,-0.8767,3.0,0.050715,0.0729807,-0.1800038,-0.0166482,-0.0004365,-0.0142946,0.0219475,210.0,173.0,0.2602598,0.0607829,0.6213408,-0.0309153,0.0377134,-0.0015736,0.0487907,179.0,195.0,0.1002199,0.0766959,0.1329674,-0.037731,0.0160913,0.0498531,0.0645592,171.0,202.0
282,2826,209574,9.997186707033375e-11,0.014396052110087343,0.0013727091465195595,0.014396052110087343,0.42533085580320534,9.569342555208168,7.839352403952185,-12.113027423092987,11.53476447481074,0.03814553656499574,12.113027423092987,0.004255685603350656,12.557901696539913,6.0198711158808536,-9.981930241338151,12.292056668664088,-0.009556253521123225,12.292056668664088,0.2308935712336304,2.191383237371851,1.304379236424563,0.1386706958604289,1.7784362509334934,0.8798512012151819,0.0845300391456223,4.037895638798046,2.288129956082718,0.00023719006373812412,1.4141985151257286,0.909831326951805,0.0001925591967126519,0.025529731994824636,0,0,0,0.5437584401109951,0.509599752883535,909,0.3047,0.14132,1.6237938719363687,-0.1917401460501481,2.097519299289733,0.05808042815880606,0.10046609114484883,1.3126428275468551,1.0292455337064905,0.5440993170411228,1.8916501114238682,0.606461574494149,0.10143326712677256,643,266,99,99,0,0.2928,882,0.49285812340521246,0.002501,0.0025011771354805923,131.0,383.0,0.0245581,0.0751944,0.0529,-0.0519869,-0.0123759,-0.3960278,0.3845908,0.3201933,0.7698885,0.5807039,0.7035091,-0.6913659,-0.1645847,523.0,374.0,-0.9297771,0.0610002,-0.0093695,-0.047487,0.0371245,-0.6360016,0.0979584,0.710401,-0.2850203,0.448215,-0.1535978,-0.7784726,0.6085952,897.0,375.0,0.2336181,0.0523727,-0.0253509,-0.0454134,-0.006152,-0.6435919,0.5737224,0.3982886,0.3130467,0.5373473,-0.4840479,-0.8671214,-0.1174656,0.008492569002123142,1.0,0.014284761359907047,289.7869942315128,0.0,256,4.854737526128681e-09,1.0101972193262582e-09,1.3668967423079868e-09,3.107376354514062e-05,0.0013044566922812055,2.2837529653018913e-10,24.15764247492742,5.531139808001072,6.7811156096126854,3.137877145494393,1.0781143141499723,1.415087043319677,-0.08950425783887822,0.0,0.018280393650562447,1.1171596799652055,0.021271060912561,1.585467227364623,0.0291129081808773,0.0015072648862858723,0.0007755181370775855,0.6809265963569671,0.5003877590685389,621.4946503692182,289.78695032645595,0.6091701109504888,0.6091702863370032,0.6091702876896149,0.761462857921254,4.9678055184574894e-05,769,-0.0048,-0.0031,-0.76584,-0.054713,1067,0.1563,0.1531,0.32719,-0.004021,3,0.028,0.9995,-0.000319,13.924,0.0488,-0.3541,7.7e-05,13.956,0.0145,-0.3246,0.000414,13.882,8.0371,1.7325,1.7364,1.7272,0.3369,0.58572,1.43309,0.15256,0.9904,0.9875,0.997,0.4958,3.8712,1.0701,0.1133,5.4898,23.9299,6.1815,81,0.0515,-0.6022,28,0.0998,-0.9958,2.0,0.0897984,0.1036017,-0.0713716,0.0096123,0.0304726,-0.0516088,0.0606996,210.0,173.0,0.1835007,0.066374,0.4687419,0.0214895,0.0518332,-0.0376385,0.0675658,179.0,195.0,0.1111284,0.0688122,0.2351677,0.0040167,-0.0890649,-0.0097882,0.0896911,169.0,206.0
283,2826,209574,1.1515776332764376e-10,0.014990778662591252,0.001395153497700715,0.014990778662591252,0.4258530087932413,9.567515160347607,7.839464242036912,-10.061166159207868,12.471562065426376,0.03806049415371354,12.471562065426376,0.001581165261937162,12.558406390128415,6.010855689745797,-9.987623974823727,12.2528903037273,-0.009627078464336558,12.2528903037273,0.2314367846616649,2.1914400566156984,1.3044279053924606,0.2209171545756894,1.7801248335961066,0.8845612681956241,0.09750149068735688,4.052035984019932,2.297128445433828,0.0019397465878501219,1.4141978214795163,0.9225966421080163,0.00020914781923179587,0.031395135480528504,0,0,0,0.5389046792253125,0.5097624783383228,909,0.2979,0.14496,1.6247992263179203,-0.19481530454291904,2.097101115288145,0.002441584099134308,0.0997664097857874,1.310084337982368,1.0251953904657858,0.539246574207229,1.901162546972083,0.6040382643627932,0.1013090880419558,639,270,101,101,0,0.2858,882,0.4930418600028017,-0.002418,-0.0024176622520768465,131.0,383.0,0.0235734,0.0274981,-0.018512,0.0199604,-0.0038773,-0.9804142,-0.0269107,-0.1780657,0.0797278,0.5801667,-0.673209,0.7258844,-0.1410017,523.0,374.0,-0.9322017,0.033806,-0.0314664,-0.0080842,0.0093466,-0.1282335,0.1508563,-0.2236032,-0.9543585,0.5071438,-0.9307928,-0.2391341,0.2764771,897.0,375.0,0.2272452,0.0655633,0.0290082,0.0168818,0.0563212,0.5634353,0.5481313,-0.2736934,0.5542424,0.5403825,0.4424464,0.2574882,0.859035,0.008492569002123142,1.0,0.014590173497296884,289.7869871520723,0.0,256,3.832405489089714e-09,8.180302330619588e-10,1.1451172607402485e-09,2.851032438481608e-05,0.0013229420146533743,-3.913044516689188e-11,37.32020792554742,10.140861176371839,13.332959201513937,3.133535235062527,0.9744616519539115,1.2805704568728635,0.023439180545996627,0.0,0.01946220844501583,2.1203904173418735,0.007656530439326605,2.1723012690242074,0.0551271612659247,-0.001728753677667755,0.0009930334993957111,0.6859977185185676,0.500496516749698,621.4945443008785,289.7869008695207,0.6091700337734967,0.609170286284066,0.6091702876908749,0.7614628578550825,5.173035295111904e-05,769,-0.0296,-0.0267,-0.86444,-0.013104,1067,0.1593,0.1561,0.32219,-0.002981,3,0.0253,0.9956,-0.000308,13.934,0.0485,-0.3774,1.4e-05,13.955,0.0136,-0.2894,0.000457,13.89,8.0404,1.733,1.7356,1.7276,0.33808,0.58346,1.43198,0.15091,0.9904,0.9875,0.997,0.4958,3.871,1.07,0.1133,5.4895,23.9286,6.1815,81,0.072,-0.6751,28,0.0945,-0.6815,1.0,0.0277722,0.0354785,-0.1218373,-0.0068447,-0.0125427,-0.0066157,0.015746,210.0,173.0,0.2835331,0.0445444,0.728452,0.0477789,0.0091904,-0.0194563,0.0524007,179.0,195.0,0.0956013,0.119027,-0.1091457,0.0806617,-0.0080937,-0.0155693,0.0825483,169.0,206.0
284,2826,209574,3.0630992865860075e-10,0.015526438791370773,0.0014193271629899086,0.015526438791370773,0.4263773674909657,9.565644242968839,7.839574878218572,-11.363263022074756,11.815855128903625,0.041182530171764764,11.815855128903625,0.0015965054349162955,12.55753647030603,6.016945933011806,-9.913198572885078,12.21053740908843,-0.010109235621462747,12.21053740908843,0.2320114639749807,2.1914905854004307,1.3044787633663766,0.215151875839646,1.782530317498742,0.8805883117017631,0.11108704751552845,4.066176309012609,2.3061480584044287,0.0019206545477009618,1.4141964535699139,0.9225851139372105,0.00029495437253366147,0.037002956359621406,0,0,0,0.535838612315447,0.5099075351013894,909,0.2987,0.15135,1.6261375324854337,-0.1991712349097556,2.0955541073675663,0.03169144593940171,0.1016304173207533,1.3093851223998798,1.0238346638217306,0.5362197736895687,1.9093564132800043,0.6032847024312475,0.10102835723740737,641,268,104,104,0,0.2866,882,0.49319969462122626,0.008839,0.008838740953893476,131.0,383.0,0.0229935,0.030367,0.0233369,0.0194262,0.000408,0.5130486,-0.5342509,0.3561972,0.569632,0.5799907,0.7684953,0.6397143,0.0134351,523.0,374.0,-0.9114246,0.0345518,-0.0065362,-0.0337716,-0.0032535,0.4368787,-0.0954411,-0.5857532,0.6759595,0.5521828,-0.1891702,-0.977419,-0.0941632,897.0,375.0,0.221517,0.0568709,-0.0552422,0.0025177,0.0132765,0.3593534,-0.3053637,-0.3041937,0.8276982,0.5427405,-0.9713607,0.0442701,0.2334492,0.008492569002123142,1.0,0.015187561746975404,289.7869330913185,0.0,256,1.6280972755769266e-08,3.2577181963429634e-09,4.403250336206411e-09,3.434794710672246e-05,0.0013479268049212936,4.231038392307373e-10,30.498908114376587,9.66990846923377,12.665487677814417,3.0171364313495337,0.9586926229498712,1.2338883221387378,0.13511842295365312,0.0,0.006061278979769055,1.367037650579721,0.016639422387505032,1.8427225057064751,0.019929281037172945,-0.0007360968402083769,-0.002276115535944852,0.6818491570210601,0.49886194223202773,621.4950724606771,289.78714713683325,0.6091700115241581,0.6091702860705184,0.6091702876910309,0.7614628575881479,5.3578769606505065e-05,769,-0.0484,-0.0439,-0.93265,0.031224,1067,0.1613,0.1581,0.31078,0.001876,3,0.0244,0.9938,-0.000218,13.942,0.0494,-0.3661,6.6e-05,13.955,0.0133,-0.2602,0.000434,13.897,8.0432,1.7333,1.735,1.7278,0.33878,0.58157,1.43148,0.15173,0.9904,0.9874,0.997,0.4958,3.871,1.07,0.1133,5.4761,23.9394,6.1843,81,0.1712,-0.6189,28,0.0592,-0.1633,4.0,0.0786548,0.0793384,-0.004327,0.047751,-0.0509245,-0.0211133,0.0729331,210.0,173.0,0.0727637,0.0367258,0.3291443,0.004543,0.0355443,-0.0026137,0.0359287,179.0,195.0,0.0865194,0.0517715,0.2512662,-0.0391206,0.0392637,0.0095114,0.0562364,169.0,206.0
285,2827,209575,0.0,0.015783281264832645,0.0014339996904939823,0.015783281264832645,0.42628053633893886,9.564821426012806,7.839303778565766,-12.535948737742208,12.263461714743023,0.043720488208912965,12.535948737742208,0.014107803296639613,12.56192337952072,6.032280757595194,-9.92001247289165,12.182342742056774,-0.009789171189580205,12.182342742056774,0.2323021286638995,2.191509797500794,1.3045371473023595,0.19140848238109376,1.7835443437973848,0.8856450347638465,0.0,4.080316105574203,2.3143270727787804,0.0017583819708906212,1.4141938578346882,0.885898869518072,0.00043201344689799785,0.04272831800182988,0,0,0,0.5331176785424135,0.5100715002326416,909,0.2996,0.15995,1.632516490995473,-0.1982378810129248,2.0969600794539063,0.05636119677551104,0.09887122709975545,1.3093411594621778,1.0238709306925682,0.5335341618920946,1.919035375469814,0.6033100122179479,0.10195930369745211,641,268,102,102,0,0.2876,882,0.49338258627030773,-0.001155,-0.0011545463681132961,131.0,383.0,0.023688,0.0637182,-0.0068978,0.0362365,-0.0519552,-0.622734,-0.2929195,-0.4032098,0.6031769,0.5790174,-0.1082552,0.5686997,-0.8153904,523.0,374.0,-0.8846838,0.0945208,0.0157777,0.0631488,0.0685382,0.2491086,-0.2966038,0.5952366,-0.7040344,0.5793629,0.1669232,0.668094,0.7251118,897.0,375.0,0.2159244,0.0264691,-0.0160932,-0.0194355,0.0079928,-0.3331899,0.3024952,0.5098267,0.7331834,0.5448094,-0.6080004,-0.73427,0.3019653,0.008492569002123142,1.0,0.015719368447130965,289.7871784859051,0.0,256,2.0934016293194664e-08,4.753897478350564e-09,6.327989118735338e-09,3.132664481652261e-05,0.001357098510752689,3.2642206513923734e-10,22.457591064207996,6.871170875220143,8.302019912486191,3.1381847314218203,1.0198356180863766,1.3478900374516762,-0.2281171297299212,0.0,0.009971292510016078,2.148385328365278,0.011269173887462236,2.2585746266300246,0.03309800709611477,0.000695146287641926,-0.0009472149661377305,0.6867071478794582,0.49952639251693126,621.4950210285675,289.78712315536507,0.6091701424853999,0.6091702860198387,0.609170287691728,0.7614628575247984,5.446508834821716e-05,769,-0.067,-0.0606,-0.92089,0.026205,1068,0.1594,0.1561,0.30632,-0.002108,3,0.0238,0.9763,-4.1e-05,13.948,0.049,-0.3618,7.5e-05,13.954,0.0127,-0.1516,0.000467,13.902,8.0451,1.7337,1.7345,1.728,0.33935,0.58112,1.43145,0.15147,0.9905,0.9874,0.9969,0.4959,3.87,1.0698,0.1133,5.5826,23.86,6.1654,81,0.243,-0.5608,28,0.0522,0.6427,2.0,0.0630142,0.1513299,-0.4120279,0.00752,0.0132887,0.0932831,0.0945245,210.0,173.0,0.1199414,0.093211,0.125405,-0.0168259,-0.0532508,-0.0589344,0.0811913,179.0,195.0,0.0834242,0.0840408,-0.0036821,-0.0226741,-0.0276926,0.0730357,0.0813339,169.0,206.0
286,2827,209575,2.1553845242720565e-10,0.01602750432730483,0.0014387001479945066,0.01602750432730483,0.42680419582167434,9.562837866864623,7.839410076295399,-11.44142420473407,11.33622523669475,0.04666336670789313,11.44142420473407,0.0019528433566975423,12.564021080705242,6.017018320062568,-9.886469557055287,12.286647743141103,-0.009626479003627363,12.286647743141103,0.23270965735976482,2.1912597226003543,1.3045570187012603,0.15535982572255502,1.788942655161383,0.8772593324190809,0.014141764365746576,4.094450802343621,2.323411713018549,0.0002382572622128265,1.4141667056831515,0.9088943927844988,0.0005917692398075121,0.04815696923802675,0,0,0,0.5315451720570781,0.5102309028917525,909,0.3055,0.16992,1.623754484238698,-0.19905702578783369,2.0980173231692976,0.062023094550110944,0.10325832242889871,1.3080834388261136,1.0276956797071206,0.5319886183138599,1.931800125657587,0.6057557783967483,0.10518196538248915,645,264,105,105,0,0.2936,882,0.4935582994241591,0.007406,0.007406213525567473,131.0,383.0,0.0223152,0.0551415,0.0173322,-0.0246968,0.0461546,-0.9667481,-0.1430356,-0.0980926,-0.1879276,0.5768499,0.3143219,-0.4478803,0.8370215,523.0,374.0,-0.8620612,0.1011292,0.035313,0.0535944,-0.0781521,0.6550498,-0.0189141,-0.0444942,-0.7540374,0.5929159,0.3491865,0.5299599,-0.7727944,897.0,375.0,0.2104041,0.1018513,-0.0338516,-0.0827438,-0.0487977,0.1008234,-0.6116021,-0.5497544,0.5599532,0.5466341,-0.3323632,-0.8123984,-0.4791071,0.008135833038556774,1.0,0.015976094536634164,289.7871516949167,0.0,256,1.051186385315145e-08,2.031863950851881e-09,2.7245823000609864e-09,3.839573149589687e-05,0.0013410662652896556,4.856751104474542e-10,22.262019158283707,6.066559036591833,7.46983357802733,3.01487367635033,0.9993823044907745,1.309967873254509,0.1408920443012376,0.0,0.021166048165874262,1.0819173583751716,0.021357821268663993,1.1281011634346654,0.03710074394171916,-0.0007910369002854275,-0.0008898999915826386,0.6961917120766387,0.49955505000420874,621.4946773615796,289.786962912299,0.6091700783712628,0.6091702861392819,0.6091702876916721,0.7614628576741024,5.530788606302965e-05,769,-0.068,-0.0608,-0.92526,0.08128,1068,0.1613,0.158,0.30597,-0.002693,3,0.0212,0.8895,7e-05,13.952,0.0507,-0.3443,7e-05,13.954,0.0112,0.1227,0.000351,13.903,8.0462,1.734,1.7342,1.728,0.34005,0.58405,1.43104,0.1513,0.9905,0.9874,0.9969,0.4959,3.8702,1.0698,0.1133,5.5963,23.8504,6.1626,81,0.185,-0.279,28,0.148,0.871,0.0,0.0741754,0.0471881,0.2223681,0.0196922,-0.0226049,0.0001275,0.0299797,210.0,173.0,0.1705526,0.1149587,0.1947172,-0.0245173,-0.0739176,0.0830395,0.1138441,179.0,195.0,0.0959264,0.1159233,-0.0943922,-0.0205029,-0.0001593,-0.0116516,0.023583,169.0,206.0
287,2827,209575,1.9632077110622699e-10,0.016368668514102732,0.0014470207092578014,0.016368668514102732,0.4273257572259281,9.56080001377529,7.839514149867285,-11.68720025819187,10.507154537213944,0.05106707606452836,11.68720025819187,0.0021993171024341507,12.564116879930824,6.026238910544216,-9.89250719161772,12.291459943941591,-0.009954201742223502,12.291459943941591,0.23322682138619463,2.1907734163553463,1.3045865253215354,0.16463764010745519,1.7939956746994754,0.8846974251718892,0.014141778507862201,4.108586599719721,2.332507766604529,0.0007701055837605608,1.4141943764554286,0.8648166035392058,0.0007562953461854142,0.05394966062096434,0,0,0,0.530010918431435,0.5104028262121473,909,0.3095,0.1661,1.6179794247005244,-0.19849906271476248,2.098689431248018,0.09636573396671325,0.10523624911881867,1.3111614886324552,1.0315193118402712,0.530480720455458,1.9444991534369684,0.6079551356571792,0.10521590586194397,647,262,103,103,0,0.2979,882,0.4937526380769381,0.003891,0.003890786603178764,131.0,383.0,0.0234426,0.1096495,-0.0018257,-0.104187,0.0341282,0.6900255,-0.219403,0.6896026,0.0132447,0.574367,-0.0166506,-0.9501827,0.3112486,523.0,374.0,-0.7795798,0.0712277,0.0268446,-0.0557134,-0.0353379,-0.5595565,0.2088004,-0.2786209,0.7521099,0.5418784,0.3768842,-0.7821875,-0.496126,897.0,375.0,0.2036158,0.0996734,0.0826932,-0.0448534,-0.0329361,0.2869686,0.5157903,-0.4782475,-0.650299,0.547711,0.8296419,-0.4500037,-0.3304406,0.008135833038556774,1.0,0.016257035896241254,289.78700461661083,0.0,256,7.062008603677873e-09,9.267642459129627e-10,1.382973377926411e-09,3.2310724428692666e-05,0.0013157096203605858,-1.4159193495378266e-10,28.523096135674827,7.306318144660793,9.049432363220332,3.1245617872565643,1.0372371181732778,1.352429999957654,0.1810351952597945,0.0,0.0323426553160048,0.41011400002831516,0.021374586707333998,1.414853740112098,0.05809038292604958,-0.0008401697180499588,-7.707506733691983e-05,0.6833617213084581,0.49996146246633166,621.494885375837,289.78705990399027,0.609170086331891,0.6091702859991454,0.6091702876915813,0.7614628574989316,5.648516023981836e-05,769,-0.0499,-0.0427,-0.87205,0.250049,1068,0.1651,0.1619,0.2933,0.001427,3,0.0196,0.4985,0.000584,13.937,0.0524,-0.3669,1.6e-05,13.953,0.0105,0.6235,-0.000589,13.889,8.0405,1.7334,1.7354,1.7274,0.3417,0.58545,1.43107,0.15054,0.9905,0.9874,0.9969,0.4959,3.8683,1.0693,0.1132,5.6205,23.8177,6.1571,81,0.0997,0.5837,28,0.1511,0.9199,0.0,0.0923101,0.1487161,-0.2340243,-0.0409876,0.0200699,-0.0300455,0.0546399,210.0,173.0,0.1200986,0.0854048,0.1688232,-0.0439173,0.0674053,0.0188274,0.0826237,179.0,195.0,0.099405,0.1577468,-0.2268771,-0.0422112,-0.037289,-0.0440629,0.0715108,169.0,206.0
288,2827,209575,4.041287616534408e-10,0.016703427347422334,0.0014721271803926658,0.016703427347422334,0.42784454590344856,9.558711216840644,7.839615287462532,-11.24635244878069,12.301380324268315,0.06094418908685946,12.301380324268315,0.0008078274874954161,12.557308265567357,6.0347709563604806,-9.924391689705892,12.240858440295835,-0.01010736068823551,12.240858440295835,0.23376901206225745,2.190531295039978,1.304624599803417,0.25853039558780155,1.7959407902437796,0.8879139337631063,0.028283698064291398,4.12272641016513,2.3410875422978714,4.406843187754195e-05,1.4141942175910895,0.8517247468850392,0.0009273654205318518,0.05918498543977273,0,0,0,0.5298889363840074,0.5105542997763373,909,0.3137,0.15187,1.6157401813311105,-0.19891647526222841,2.0990872437504366,0.04404182652352478,0.10275712651558373,1.3092585749735393,1.0344320381241674,0.5303697302877641,1.9503979564650358,0.6096440351427475,0.10810616106650471,651,258,105,105,0,0.3023,882,0.49391641122616636,0.002299,0.0022992057775532704,131.0,383.0,0.0226004,0.0636003,0.0420612,-0.041125,-0.0241781,0.9053627,-0.2206276,0.174189,-0.3182765,0.5730192,0.6613366,-0.6466176,-0.3801574,523.0,374.0,-0.5216897,0.1151471,0.0204191,0.0865309,-0.0731731,0.6511899,0.2788959,-0.2343565,-0.6657671,0.4492934,0.177331,0.7514816,-0.6354755,897.0,375.0,0.1979927,0.1046055,-0.0030899,0.0896957,-0.0537348,-0.764269,0.0910866,0.115705,0.6278603,0.5495023,-0.0295389,0.857467,-0.5136904,0.008135833038556774,1.0,0.016456242087606713,289.78708670550475,0.0,256,6.2598114418611646e-09,1.4008081214941588e-09,2.015748843477091e-09,4.3673612854226684e-05,0.0013329244120234237,3.054357310094036e-10,28.1356030522837,7.4775133502035365,9.231258364148076,3.1342167335917437,1.1672259932191358,1.4850900104821547,-0.18752800263497105,0.0,0.018779979115342217,2.766938166697642,0.012696146169455821,2.4704537863067455,0.030895163041717865,0.003215335777905033,0.0013415757591737254,0.6859858201687755,0.500670787879587,621.4950037053769,289.78711507800745,0.6091700200619178,0.6091702860247121,0.6091702876909402,0.7614628575308902,5.7640338297739564e-05,769,0.0062,0.0139,-0.71259,0.114036,1068,0.1713,0.1681,0.27671,-0.006219,3,0.0233,0.0085,-3.3e-05,13.914,0.0548,-0.404,2.8e-05,13.953,0.0127,0.9113,-0.001457,13.878,8.0341,1.7319,1.7368,1.7274,0.34654,0.59051,1.43063,0.15291,0.9905,0.9874,0.9969,0.4959,3.8685,1.0693,0.1132,5.6207,23.8188,6.1571,81,0.1017,0.8859,28,0.0792,0.8298,4.0,0.1087851,0.0904287,0.0921444,0.028237,0.0375701,-0.0619653,0.0777723,210.0,173.0,0.1873154,0.1072592,0.2717689,-0.0534583,-0.0337669,0.0087401,0.0638308,179.0,195.0,0.1330574,0.0714531,0.3012284,-0.0064474,0.0576387,-0.006353,0.0583451,169.0,206.0
289,2830,209579,0.0,0.01678560096806755,0.001486292186041042,0.01678560096806755,0.4270493692589856,9.551533366350865,7.8405950534122,-12.52733575451333,12.2036253507352,0.056258190059002525,12.52733575451333,0.005904818003257262,12.559082208481472,6.018066853315251,-9.89857758263885,12.190654321847163,-0.01030238569610576,12.190654321847163,0.23420241005696915,2.190058733535986,1.3044059066071199,0.2532202937465996,1.7995789594852074,0.8813788088221288,0.0,4.136867192959466,2.3472087696764636,0.000168454041603594,1.414196378030687,0.8570865035483907,1.3194784989443066e-05,0.06435741227568612,0,0,0,0.5287003083897533,0.5104710133697165,910,0.3095,0.1451,1.6179218768939656,-0.20193594851087976,2.0980045283615882,0.09708052608487117,0.10067566416452856,1.3075940478469321,1.0375666113752595,0.529143507476226,1.9608416180404078,0.6113923878037655,0.11371430027904623,646,264,118,118,0,0.2981,883,0.49384745539993863,0.000424,0.00042395135257855543,131.0,383.0,0.023127,0.1057395,0.0032179,0.0716574,-0.0776898,-0.9028762,0.3252983,-0.0871747,0.2672007,0.5692528,0.0304323,0.6776784,-0.7347284,523.0,374.0,-0.364077,0.0613256,0.0444173,0.0032625,-0.0421578,-0.8138554,-0.0122731,-0.542359,-0.2081716,0.4026586,0.7242869,0.0532,-0.6874433,897.0,375.0,0.1964096,0.087984,0.0742299,-0.0021571,0.0471852,-0.6187941,-0.3459623,-0.0412309,-0.7040625,0.5497351,0.8436756,-0.0245168,0.5362932,0.008135833038556774,1.0,0.016776796963614653,289.7871495787036,0.0,256,7.770378716111807e-09,1.3737066461331254e-09,2.0482513365031428e-09,3.741055034972352e-05,0.0013437832084481132,-9.891642015910662e-11,19.84309882999207,5.9943498986938,7.190673907527366,3.1333110055547317,1.1898171626137088,1.5013522493572882,0.19123742933220872,0.0,0.02920066311133377,1.0830571011742067,0.0195876118480751,2.8236831173891117,0.03606570179665519,-0.0004975952467255786,0.0009135032213974967,0.6932671336100036,0.5004567516106988,621.4952403940648,289.78722543984725,0.6091699454412578,0.6091702859534318,0.609170287691728,0.7614628574417898,5.792388171214204e-05,771,0.0473,0.0554,-0.68389,0.025868,1068,0.1706,0.1674,0.26417,0.000334,3,0.0253,-0.2566,0.000451,13.9,0.0537,-0.4224,6.8e-05,13.954,0.0139,0.9845,-0.000694,13.867,8.0293,1.7312,1.7379,1.7271,0.34841,0.59611,1.4307,0.14853,0.9905,0.9874,0.9969,0.4958,3.8715,1.0702,0.1133,5.4093,24.037,6.2087,81,0.2015,0.4184,27,0.0811,0.9112,2.0,0.1156294,0.1674317,-0.1830078,-0.0552474,0.0343427,0.0704356,0.0958795,210.0,173.0,0.0925105,0.1095435,-0.0842991,-0.0782044,-0.0485344,0.0257321,0.0955702,179.0,195.0,0.1093113,0.0966243,0.0616069,0.0026906,0.0268099,0.0556699,0.0618478,169.0,206.0
290,2831,209580,0.0,0.016940915059612992,0.0015115305070179782,0.016940915059612992,0.4296198857462142,9.55032059621572,7.84077800577438,-12.019428736933591,10.276995240733307,0.04352999532339939,12.019428736933591,0.0016893649275324663,12.565695765275708,6.056692337614299,-9.89466006073093,12.29116409918891,-0.009766957818571148,12.29116409918891,0.2346790817111609,2.189192040012996,1.3044246348873283,0.1686103131071548,1.8046349484242632,0.8802076892626753,0.0,4.151000649538403,2.3553881997464523,0.0007545076995635336,1.4141775516132642,0.9084537807554538,6.836933173385104e-05,0.06957703067768958,0,0,0,0.5340838695529921,0.5108122230472194,911,0.303,0.14367,1.6231405647232937,-0.20334117307956992,2.097769116627009,0.022164404108144402,0.10205181217717342,1.3015566858103873,1.0478861185344794,0.5346013662497531,1.960126151351682,0.6172214253212772,0.11352649291454879,649,262,110,110,0,0.2914,884,0.4942274770221503,0.004545,0.0045454900857397895,80.0,379.0,-0.1595402,0.0283712,-0.0220931,0.0119542,0.0131877,0.1750993,-0.6471824,-0.2101004,0.7115849,0.5752416,-0.778716,0.4213513,0.4648272,523.0,374.0,-0.2860285,0.0719102,-0.0025289,0.0579831,0.0424577,0.414129,-0.8730554,0.1612619,-0.2006641,0.3907342,-0.0351671,0.8063254,0.5904258,897.0,375.0,0.1924317,0.0212557,0.011184,0.0104939,0.0147174,-0.6559789,0.3428256,0.5268165,-0.4178836,0.5498055,0.5261641,0.493697,0.6923977,0.008480565371024734,1.0,0.017000485271192856,289.7872480513818,0.0,256,1.040128704628917e-08,1.3338576309059288e-09,2.068965627506348e-09,3.7267945480384733e-05,0.001366739937704264,-3.384637306866975e-10,17.562605347335193,5.355930860269917,6.485098500871628,3.138548068863386,1.1700717831639347,1.4709425008498291,-0.03944684133542047,0.0,0.025663231424195018,0.39268869960296043,0.02202716896210151,0.8361214140720961,0.01003001330782121,0.0006594549802122145,-0.0006228780344348191,0.6882210918122857,0.49968856098278275,621.4952445552038,289.7872273800792,0.6091701041831595,0.6091702858393205,0.609170287691728,0.7614628572991506,5.8459840389699525e-05,771,0.0652,0.0735,-0.66773,0.011059,1068,0.1694,0.1662,0.2638,-0.000891,3,0.0246,-0.4229,4.7e-05,13.892,0.0522,-0.4154,4.6e-05,13.954,0.0137,1.0,-0.000457,13.863,8.0269,1.7307,1.7384,1.7271,0.34993,0.60132,1.43002,0.14912,0.9905,0.9874,0.9969,0.4959,3.873,1.0706,0.1134,5.3844,24.0776,6.2168,81,0.2117,0.0509,27,0.1267,-0.4934,3.0,0.0688864,0.0394907,0.2712356,0.0151629,0.0104032,0.039766,0.0438118,165.0,214.0,0.0699966,0.1383297,-0.3280098,-0.005662,-0.0587432,-0.0917516,0.1090925,179.0,195.0,0.0456155,0.0972176,-0.3612762,0.0162859,-0.007377,-0.061561,0.0641047,169.0,206.0
291,2833,209582,0.0,0.01723700400976517,0.0015413391680648807,0.01723700400976517,0.43417460422886067,9.550106194408816,7.840720641325156,-11.566357643812632,11.437211601020584,0.03706681497203579,11.566357643812632,0.002488393494804342,12.561704421164853,6.065595570934608,-9.878564534073822,12.184921357182098,-0.009311625477301157,12.184921357182098,0.23573718614670647,2.1890412161889534,1.3046250825878443,0.22020119166461916,1.8058228107739616,0.8879237397363233,0.0,4.165141253488584,2.362109584379164,3.698355720271884e-05,1.4141730441232485,0.8947419812333455,0.0001698045463246476,0.07463015161702324,0,0,0,0.5417592139503011,0.5115005066375045,913,0.2993,0.15122,1.6311082119647557,-0.20451310481976134,2.0977819883936206,0.03224460561727586,0.09671584356274586,1.3052471383258784,1.0584749468023469,0.5422972154147053,1.9518354819375392,0.6228343570822353,0.11253158072256625,648,265,116,116,0,0.2878,886,0.4949835492742146,-0.005323,-0.005322614993059638,80.0,379.0,-0.1621343,0.0200266,-0.0024159,0.0006237,-0.0198706,-0.206701,-0.8879203,-0.0102788,0.4108121,0.576157,-0.1206363,0.031142,-0.9922082,523.0,374.0,-0.2372808,0.1164039,0.0110678,-0.0383567,0.1093441,-0.399701,0.3496319,-0.6801363,0.5053822,0.3926271,0.0950807,-0.3295136,0.9393511,897.0,375.0,0.1874358,0.0277974,-0.0024996,0.0104567,0.025634,0.6766376,-0.2177643,-0.1383629,0.6896346,0.5509927,-0.0899225,0.3761755,0.9221746,0.008124337689862239,1.0,0.017022783469272558,289.78725748857954,0.0,256,6.681823630442758e-09,1.2298294699910425e-09,1.7005377087250662e-09,4.029245756619042e-05,0.0014014006950516902,2.5795207170863466e-10,19.54364579787611,5.3139447555871815,6.508738489103073,3.119225919139157,1.0346849920677657,1.351623339315448,-0.0313909093915495,0.0,0.012223365989102355,1.6935509092451795,0.021072221141559325,1.8635554204730178,0.03137797496771803,-0.0020382754808580027,-0.00011507111320441792,0.6800653724693113,0.4999424644433979,621.4950401542972,289.78713207320027,0.6091700982587496,0.609170285968512,0.609170287691728,0.7614628574606399,5.9481605985910725e-05,771,0.0773,0.0852,-0.60246,0.016269,1068,0.1667,0.1635,0.27103,-0.004608,3,0.0256,-0.553,-5.3e-05,13.893,0.0506,-0.4362,-2.3e-05,13.955,0.0142,0.991,-2e-05,13.864,8.0274,1.7307,1.7384,1.7271,0.35205,0.60505,1.43021,0.14963,0.9905,0.9874,0.9969,0.4963,3.8722,1.0704,0.1133,5.3563,24.1147,6.2276,81,0.0879,-0.3914,27,0.1556,-0.8457,1.0,0.0836316,0.072843,0.0689484,0.072469,-0.0022165,0.0195041,0.0750805,163.0,216.0,0.1753731,0.1133381,0.2148688,-0.0541307,0.0447749,0.0171321,0.0723079,179.0,195.0,0.064648,0.0425467,0.2061789,-0.0329179,0.0255199,0.0321951,0.0526438,169.0,206.0
292,2835,209585,0.0,0.01729067713304878,0.0015768680452334005,0.01729067713304878,0.43119810335349185,9.541645866343352,7.841760321980235,-12.090654830168978,11.16713105881012,0.03485909497597875,12.090654830168978,0.0017504592249341332,12.565106031284222,6.104174260355415,-9.822266429497152,12.196776517411815,-0.009946069231704843,12.196776517411815,0.23683109128150406,2.1889089634396455,1.3045746821272595,0.1760490133751178,1.806373174383995,0.8792022888156329,0.0,4.179282256313658,2.369005213773545,0.0019738992337399175,1.4141706534434653,0.8994413616073614,6.940251318306295e-07,0.07945272867839251,0,0,0,0.54854989211737,0.5116653023032873,913,0.3018,0.16076,1.6256184120010633,-0.20532422650739815,2.0974356729631323,0.03681177803939369,0.10015779909633428,1.3049756242610278,1.0676185879292035,0.5490831906129581,1.9443658195716915,0.627562052910062,0.11295944323054011,650,263,115,115,0,0.2906,886,0.495164386650911,-0.0076,-0.007600462483328796,131.0,383.0,0.0280892,0.0340286,-0.007479,0.020199,0.0263441,-0.3685126,-0.7782853,-0.1634871,0.4813963,0.5705127,-0.2197844,0.5935893,0.7741747,523.0,374.0,-0.1509309,0.0523391,0.0447255,-0.0229647,-0.0145475,-0.3380667,-0.3565951,0.4599849,-0.7395706,0.3895014,0.8545341,-0.4387675,-0.2779468,897.0,375.0,0.1871729,0.075846,-0.0404753,-0.0601248,-0.0223467,-0.8661105,0.0891726,-0.2474751,-0.4250376,0.5511436,-0.5336513,-0.7927217,-0.2946331,0.007412636780797741,1.0,0.017352935313790695,289.7871625317499,0.0,256,9.115650209374348e-09,1.617819432823068e-09,2.3377096176011433e-09,3.8637666433156845e-05,0.0014359898042677558,7.644346829051655e-11,24.97616211337746,6.88724032131688,8.499301278446174,3.0219633331095723,0.9702158678246309,1.2550554735427295,0.016474177116126934,0.0,0.018612113417082028,1.9574439110530548,0.015088173325901373,1.9084307459521597,0.04020031649463363,0.0002569045300979091,3.410473937045791e-05,0.6870838077397402,0.5000170523696853,621.4952089699168,289.78721078757627,0.6091701434812887,0.609170286028579,0.609170287691728,0.7614628575357237,5.9666805467558836e-05,773,0.0856,0.091,-0.46639,0.017186,1068,0.1651,0.1618,0.25884,0.003457,3,0.0276,-0.5395,7.2e-05,13.891,0.0505,-0.4334,-8e-06,13.955,0.0151,0.9926,-0.000112,13.862,8.0267,1.7306,1.7386,1.727,0.35268,0.60995,1.43037,0.15047,0.9906,0.9874,0.9968,0.4963,3.8774,1.0718,0.1135,5.1338,24.3464,6.2791,81,0.0941,-0.6962,27,0.1625,-0.755,2.0,0.0723262,0.0330987,0.3720895,-0.020547,0.0408898,0.0054644,0.0460871,210.0,173.0,0.1682111,0.0580755,0.4867087,0.0533211,-0.0808371,0.0177727,0.0984563,179.0,195.0,0.0522201,0.1341602,-0.4396391,0.0250536,0.0022917,0.0384961,0.0459879,169.0,206.0
293,2837,209588,0.0,0.017525368496091286,0.0016294409311512518,0.017525368496091286,0.42822434342835164,9.53351488103043,7.842404853547521,-11.437915337961336,11.929728638561576,0.036363903187197476,11.929728638561576,0.0025805038515275126,12.564003772429158,6.108148079569887,-9.876744531367711,12.28649411855697,-0.011282971254968225,12.28649411855697,0.2372720812580763,2.188593483970848,1.3040292091724075,0.10464441592430274,1.8078877538143214,0.8864798217586685,0.0,4.193422845325629,2.37618131771852,0.00018049524705310294,1.41416446955686,0.8981720364329636,8.457039410742694e-09,0.08422438356015119,0,0,0,0.5573571951641996,0.5118395044363279,913,0.3017,0.16667,1.6303803914656945,-0.20139199020694076,2.097820166217283,0.022191629219084685,0.10183187735163886,1.3030574380866689,1.079959693169042,0.5579183470595375,1.9356948895136366,0.6348321392669938,0.10168439298499662,654,259,114,114,0,0.2906,886,0.4953545788306425,-0.000625,-0.0006253551985051509,131.0,383.0,0.0299084,0.053249,-0.0239378,0.0465172,0.0099293,-0.4361432,-0.25691,-0.6923838,-0.51418,0.5713718,-0.4495448,0.8735781,0.1864693,523.0,374.0,-0.0619192,0.0339217,0.0281018,0.0073966,0.0175003,0.9735804,0.1508776,-0.1713924,0.0013625,0.3952415,0.8284317,0.2180493,0.5159024,897.0,375.0,0.1858743,0.0957964,-0.0037728,0.0955381,-0.0059315,0.0281231,0.3540815,-0.9321653,0.0700226,0.5522867,-0.0393833,0.9973039,-0.0619178,0.007407407407407408,1.0,0.017455361610836936,289.7872565857031,0.0,256,1.1556811995446894e-08,1.7562080675340224e-09,2.4348562152589235e-09,3.615048447913857e-05,0.00147834370056227,-5.627584048872792e-11,21.013915852878533,6.48784765141021,7.9069224224956836,3.13807909641386,0.9969973416632317,1.3287852417493344,-0.13041534137448418,0.0,0.021910027129118985,1.756033745302856,0.01217059932578144,1.9555426599723214,0.044291087108855605,-0.0007609511154107922,-0.0009669106455250772,0.6860953288636836,0.4995165446772375,621.4953799119836,289.7872904934598,0.6091700753419,0.6091702857906841,0.609170287691728,0.761462857238355,6.047666364611258e-05,775,0.1051,0.1103,-0.36,0.0141,1068,0.1681,0.167,0.26217,0.001347,3,0.0325,-0.5651,0.000284,13.885,0.0514,-0.4452,1.8e-05,13.955,0.0181,0.9903,-0.00017,13.856,8.0246,1.7304,1.739,1.7268,0.35351,0.61246,1.42983,0.14909,0.9906,0.9875,0.9968,0.4963,3.8808,1.0727,0.1136,4.9626,24.526,6.3198,81,0.1743,-0.5611,27,0.191,-0.9525,1.0,0.1498403,0.099212,0.2032837,-0.1077314,0.0301323,-0.0344918,0.1170627,210.0,173.0,0.125088,0.1660502,-0.1406969,-0.0899777,-0.0965193,-0.0621971,0.1458782,179.0,195.0,0.0927845,0.1669792,-0.2856239,0.0616811,-0.011341,0.0467266,0.0782084,169.0,206.0
294,2837,209588,1.2029298071699914e-10,0.017841552857220767,0.001695487989947888,0.017841552857220767,0.42869791465212953,9.531274243743686,7.8424940038795565,-12.492176523338186,12.393519603459978,0.03753776842575321,12.492176523338186,0.00386495285757249,12.564274080893679,6.1195358943091875,-9.903559656693982,12.332029520932512,-0.012198883767733138,12.332029520932512,0.2380750886716269,2.1876210538492757,1.3040886287024247,0.23650616933498558,1.8119204885327596,0.8785406380255969,0.014142028387258148,4.207563695296081,2.385750377503021,0.0015958613163016278,1.4141769048241402,0.9049811543767884,7.422435406406191e-07,0.08883493037371964,0,0,0,0.5613645325947255,0.5119954591265411,913,0.3038,0.16689,1.6318403455763935,-0.19678916135022897,2.099046141510497,0.04900526403356874,0.10343342636172545,1.3052190213350567,1.090016796253689,0.561957941410075,1.9396768262026856,0.6406338762417968,0.09728699717353055,652,261,108,108,0,0.2934,887,0.4960935295601276,-0.011047,-0.011046682696169041,131.0,383.0,0.0259163,0.0586847,-0.0193492,0.0452209,-0.032009,-0.4511934,-0.7848115,0.280904,0.3187294,0.570228,-0.3297152,0.770573,-0.5454403,523.0,374.0,-0.0095542,0.0460672,-0.0261717,-0.0369925,-0.0082936,-0.2290847,0.6751452,-0.4351848,-0.5498303,0.4103918,-0.5681197,-0.8030121,-0.180032,897.0,375.0,0.1822678,0.0118003,0.0103067,0.004484,-0.0035934,-0.667861,0.5896378,0.1750471,-0.4191032,0.5535366,0.8734282,0.37999,-0.3045174,0.007402185407120197,1.0,0.0176920070065428,289.78732864369874,0.0,256,1.1102479895869492e-08,2.7185354213331817e-09,3.886723654058768e-09,3.46996318580794e-05,0.0015260426602249166,-8.183453232826727e-11,14.660661116067114,5.279357462159194,6.385366579838156,3.1318002575997914,0.7590117404961113,1.1279965739321052,-0.059152835712763405,0.0,0.01951710027297542,2.0209661596011994,0.012643377614420961,1.6836665431973408,0.02143117238869383,-0.0015644195533587551,-0.0005589087250121929,0.6932885845372312,0.4997205456374941,621.4953918959085,289.78729608125536,0.6091699764497494,0.6091702857981196,0.6091702876916975,0.7614628572476495,6.156775365410793e-05,775,0.1204,0.1262,-0.25222,0.009278,1068,0.1687,0.1676,0.26057,-0.000553,3,0.0372,-0.5549,0.000255,13.882,0.0518,-0.4645,-2.2e-05,13.955,0.0206,0.9945,-0.00014,13.852,8.0231,1.7303,1.7394,1.7265,0.35432,0.61531,1.42978,0.14906,0.9906,0.9875,0.9968,0.4963,3.8811,1.0728,0.1136,4.963,24.528,6.3199,81,0.1561,-0.7115,27,0.2276,-0.7964,2.0,0.0997695,0.0715692,0.1645877,-0.0622272,0.0135877,0.0129456,0.0649957,210.0,173.0,0.0847278,0.0152572,0.6948107,-0.0252514,-0.0243145,-0.0169925,0.038956,179.0,195.0,0.0240133,0.0622756,-0.4434216,-0.0383586,-0.0088427,0.0032931,0.0395021,169.0,206.0
295,2837,209588,1.0173523407585198e-10,0.018170521136824005,0.0017608858191743217,0.018170521136824005,0.4291615975253076,9.529030611418436,7.842582505115956,-11.86962203895931,11.582996615477187,0.04311220749249337,11.86962203895931,0.009860438840312931,12.565405852312642,6.105176419775263,-9.886117673800156,12.328767960329557,-0.012055286379853092,12.328767960329557,0.238700167295093,2.1861580182967684,1.3041191950125832,0.24397568945874193,1.8162706651634763,0.883483585720246,0.014142042529373773,4.221699215900448,2.394702920526373,9.979804436255346e-05,1.4141984880891703,0.8792242282979782,1.8078098320964217e-06,0.09351398295014704,0,0,0,0.5593456874321492,0.512176107419406,913,0.3038,0.16247,1.6289527266173272,-0.19167788798500593,2.099789848188263,0.06697246375875235,0.10204395223235364,1.303763320882772,1.0933038507189416,0.559984941149437,1.952380805945965,0.6426393017990079,0.09768184464422736,657,256,115,115,0,0.2936,887,0.49629740671817757,-0.007103,-0.007102823179236051,131.0,383.0,0.0227357,0.0371612,0.0128143,-0.0310625,-0.0158704,0.524016,0.3733674,-0.4105147,0.6461283,0.5661945,0.3448304,-0.8358851,-0.4270692,523.0,374.0,0.0076483,0.0929273,-0.0527213,0.0473586,-0.0601092,-0.3331082,-0.8212431,-0.415518,-0.2048008,0.4285791,-0.5673386,0.509631,-0.6468408,897.0,375.0,0.1769845,0.0137029,0.0028739,-0.0022714,-0.0132042,0.1351115,-0.7366458,-0.0248141,-0.6621798,0.5540373,0.2097272,-0.1657633,-0.9636063,0.007402185407120197,1.0,0.01810167725745337,289.787329956843,0.0,256,7.158243189368551e-09,1.3218518233581132e-09,1.8183314789267655e-09,3.7248917580387994e-05,0.0015790597203077265,6.490761859926996e-11,12.495576652967749,5.222095894800427,6.349963186668679,3.137014034132387,0.9760882346089065,1.294193547629636,0.009478566540052712,0.0,0.012833240831022085,0.9722336480655993,0.018683173140675566,2.0598408068674527,0.018898189892926943,-7.253997664374963e-05,-0.00025534830485535604,0.6901909610479854,0.49987232584757246,621.4953201860494,289.7872626447948,0.609170120833578,0.6091702859157492,0.6091702876917015,0.7614628573946864,6.270296689712145e-05,775,0.1375,0.1442,-0.19703,0.003121,1068,0.1726,0.1716,0.2389,-0.001424,3,0.0422,-0.5869,9.2e-05,13.88,0.053,-0.4789,-4.6e-05,13.956,0.0239,0.9918,-0.000116,13.849,8.0222,1.7302,1.7396,1.7263,0.35524,0.61776,1.42953,0.14907,0.9906,0.9875,0.9968,0.4963,3.8815,1.0729,0.1136,4.9634,24.5301,6.3197,81,0.0581,-0.9466,27,0.1683,-0.5128,2.0,0.1016675,0.0742926,0.1555745,0.046824,-0.0486784,0.0458085,0.0816119,210.0,173.0,0.1441882,0.0869841,0.2474523,-0.0067002,-0.0249168,-0.0705619,0.0751313,179.0,195.0,0.0302691,0.0206797,0.1882164,0.0046711,0.013307,-0.0198188,0.0243245,169.0,206.0
296,2837,209588,2.8860222550750715e-10,0.018460274092738444,0.0018201645959436247,0.018460274092738444,0.4296135389467715,9.526794269188036,7.842669768004717,-10.556014046661696,12.26721418109377,0.050828597261363816,12.26721418109377,0.001063953991106814,12.563255239721894,6.100861971655821,-9.964813830728087,12.369702945908209,-0.011759333561123348,12.369702945908209,0.2394205814846942,2.184078753891642,1.3041980711351875,0.18045432615922574,1.8222605833193404,0.8806937269582765,0.02828292250968742,4.23583955757681,2.4034652116672053,0.00015887488075705392,1.4142026799677894,0.873624992575939,2.7884967178708734e-06,0.09796542754080778,0,0,0,0.5580743250844084,0.5123797783514832,913,0.3062,0.1488,1.6291228625581367,-0.19043741168567646,2.1002973937190617,0.05945108639364462,0.10307157821672111,1.302897439130793,1.0965575114813706,0.5587659475521427,1.9624630246084251,0.6450111721712375,0.09849230717013199,658,255,109,109,0,0.2955,886,0.495965078765115,-0.00156,-0.0015602950042781227,131.0,383.0,0.0216579,0.0433746,0.0127685,-0.0343595,0.0231893,0.6457337,0.483805,0.5871242,0.0651604,0.5625573,0.2943785,-0.7921573,0.534629,523.0,374.0,0.010381,0.05658,0.0208861,-0.0306326,0.0427401,0.8369112,0.3679214,0.3914755,0.1046916,0.4440544,0.3691419,-0.5414026,0.7553923,897.0,375.0,0.1713629,0.0434596,0.0015084,0.0037406,0.043272,0.5204467,0.7214514,-0.4154746,0.1897998,0.5553404,0.0347089,0.0860704,0.9956843,0.007402185407120197,1.0,0.018220463109254174,289.7872861040559,0.0,256,6.271431765787282e-09,1.1429108086257608e-09,1.5417894688459563e-09,4.3682424982501765e-05,0.001627994438356953,-1.5974305873372676e-10,28.14792419204048,7.642620952495124,9.677281103029289,3.1286173529736674,1.0230719578982193,1.365887362948685,0.03360278343303079,0.0,0.007323942406281183,0.1904456343315605,0.01844792112553484,2.733925260929236,0.03777940991225034,-0.0022216962049680525,-0.0008618197428524042,0.6887040795905416,0.4995690901285739,621.4952850306778,289.7872462527503,0.6091701229097007,0.6091702860439379,0.6091702876916467,0.7614628575549223,6.3702852114608e-05,775,0.1556,0.163,-0.17895,0.001076,1068,0.1744,0.1735,0.23269,-0.003259,3,0.048,-0.6093,-1.9e-05,13.878,0.0539,-0.4887,-2e-05,13.955,0.0273,0.9896,-7.2e-05,13.848,8.0215,1.7301,1.7397,1.7263,0.35635,0.61968,1.42933,0.1483,0.9906,0.9875,0.9968,0.4963,3.8797,1.0724,0.1136,4.9882,24.4978,6.3144,81,0.0859,0.7657,27,0.1725,0.8599,1.0,0.0791004,0.038897,0.340714,-0.0236333,-0.0255572,0.0299406,0.0459145,210.0,173.0,0.1134079,0.0939449,0.0938642,0.0299646,-0.0720151,-0.0400151,0.0876656,179.0,195.0,0.0641678,0.1169936,-0.2915953,-0.067818,0.0240647,-0.0213744,0.0750683,169.0,206.0
297,2837,209588,5.82667173068581e-10,0.018472620360602196,0.0018761216498894397,0.018472620360602196,0.43005236203165975,9.524564060860246,7.842756390435605,-11.61788797682574,10.064522505276512,0.056533252642709336,11.61788797682574,0.0022062028095728436,12.560581132573162,6.074083870217168,-9.973658753705685,12.396386093346738,-0.01162582791141425,12.396386093346738,0.2407787856822473,2.181367860857129,1.304275481654651,0.2692294714619521,1.8283515164571558,0.8855857874356231,0.0424198514160568,4.249980582525897,2.4125006260147837,0.0001108119251853612,1.4142038637058412,0.8581183654240088,7.315352002749091e-06,0.1023754120306441,0,0,0,0.555641068203395,0.5125911422123683,913,0.3028,0.13953,1.6290519492072,-0.19321348633917387,2.098503878946183,0.04680071906412987,0.09787792964108454,1.3007308622414948,1.0982729588983822,0.5564364265934524,1.9737617927390119,0.6465328384390455,0.09868988763202645,658,255,117,117,0,0.2929,887,0.4967791668551953,-0.007048,-0.00704800597893529,131.0,383.0,0.0234361,0.0776329,-0.0251254,-0.0698017,0.022876,0.1335599,0.5722158,0.5860753,-0.5578948,0.5577534,-0.3236431,-0.8991247,0.2946692,523.0,374.0,0.0183919,0.0543621,-0.0472601,0.0245049,0.0110106,-0.2463064,0.321476,-0.032336,-0.9137509,0.4599551,-0.8693568,0.4507719,0.2025424,897.0,375.0,0.1704192,0.0632293,0.0039406,-0.038652,-0.0498842,0.9617889,0.214489,0.1656058,0.0391323,0.5551699,0.0623218,-0.6112998,-0.7889414,0.007402185407120197,1.0,0.018626237357540022,289.78727680836965,0.0,256,9.470165268151147e-09,1.780841611000023e-09,2.4774440809167974e-09,4.5591045428402086e-05,0.0016722409625505442,-3.85323287407605e-10,28.813648980381018,7.7951181637638225,9.826758539866587,3.1331921914948238,1.1514284599692648,1.4920007289788784,-0.17441634722712118,0.0,0.026380168933198733,1.6498672330019728,0.024065802006318956,1.6329345639586785,0.03501621845540095,0.0010685818643247284,5.394894341219104e-05,0.6936492596219304,0.5000269744717062,621.4955812683991,289.78738438077085,0.6091699696132958,0.6091702858370768,0.6091702876915037,0.7614628572963459,6.374542632376914e-05,775,0.1753,0.1827,-0.18288,-0.000765,1068,0.176,0.1751,0.22057,0.000677,3,0.0535,-0.5862,-7.2e-05,13.877,0.0538,-0.4931,-5e-05,13.954,0.031,0.9939,-0.000101,13.847,8.021,1.7301,1.7397,1.7264,0.35641,0.62183,1.42906,0.14808,0.9906,0.9875,0.9968,0.4963,3.8799,1.0725,0.1136,5.002,24.4886,6.3117,81,0.1784,0.9231,26,0.3254,0.9973,0.0,0.1119749,0.0972129,0.0705678,0.0617326,-0.033246,0.0113882,0.0710345,210.0,173.0,0.0867934,0.0551709,0.22275,-0.0074596,0.044339,-0.0198993,0.0491689,179.0,195.0,0.0423225,0.1323624,-0.5154422,0.003696,0.0567829,0.0044235,0.0570747,169.0,206.0
298,2837,209588,9.634656273686936e-10,0.01861938179810497,0.0019337122703223743,0.01861938179810497,0.43047742095644703,9.522354013120149,7.842842531033031,-12.020565742202214,11.95770623529129,0.05882847732700532,12.020565742202214,0.0018253625447615333,12.55523588599923,6.097357202766193,-9.939166331211434,12.39862472380033,-0.011125127542126797,12.39862472380033,0.24198153376613274,2.180323341878252,1.3043521894433303,0.2642128053411644,1.8315960158261573,0.8870385618487594,0.05654423960990883,4.264121710044361,2.4212537645218215,6.129891277661947e-05,1.414205127075284,0.8873474953406306,1.6004601457796566e-05,0.10648088776248416,0,0,0,0.5504614823579502,0.5127913089498782,913,0.2979,0.144,1.6339307926924402,-0.19476596849888891,2.0980708986074714,0.10388529886599147,0.09655249700238963,1.301436501223497,1.0954418306144904,0.5513062227084415,1.9869934085503969,0.6453879164042149,0.09598712502048633,659,254,106,106,0,0.2878,887,0.4970081356783488,-0.004926,-0.0049263477836978264,131.0,383.0,0.0258935,0.1448839,0.0692727,-0.0109947,-0.1267745,-0.5879974,0.7753935,0.1975056,-0.1183871,0.5530908,0.4781257,-0.0758864,-0.8750069,523.0,374.0,0.0241206,0.0486399,-0.0309838,-0.0042186,-0.0372565,0.6755189,0.0394935,0.2654849,-0.6867549,0.4750171,-0.6370034,-0.0867319,-0.7659662,897.0,375.0,0.1666458,0.081043,-0.020394,-0.0548121,-0.0561042,-0.912457,0.1881835,0.2228485,0.286963,0.5552721,-0.2516443,-0.6763335,-0.6922775,0.007402185407120197,1.0,0.0185549213385069,289.7874140218934,0.0,256,9.938215619362047e-09,2.4320362365676157e-09,3.1695097792975876e-09,4.2707198093889155e-05,0.001714170277612688,2.2732886329257433e-10,19.1031272978192,5.544889679949856,6.781598125368218,3.1136018524664375,1.1974610469500886,1.4952299153640847,-0.053768626989729014,0.0,0.02750456026109481,1.1499831851862607,0.007832211248928652,2.0973000382713436,0.05496295570799034,-0.0006778791736859752,0.0006541816833534188,0.6911956146801113,0.5003270908416768,621.49563330196,289.7874086426803,0.6091701420910901,0.6091702858633767,0.609170287691468,0.7614628573292209,6.425186617084328e-05,775,0.1907,0.1975,-0.19012,-0.00033,1068,0.1738,0.1729,0.22428,0.001339,3,0.0572,-0.5725,-5.1e-05,13.876,0.0522,-0.5037,-3.7e-05,13.953,0.0333,0.9967,-8.6e-05,13.846,8.0205,1.73,1.7397,1.7264,0.35707,0.62263,1.42924,0.14873,0.9906,0.9875,0.9968,0.4963,3.8804,1.0726,0.1136,4.989,24.502,6.3143,81,0.1385,0.9357,26,0.2014,0.9685,-1.0,0.1612561,0.1719518,-0.0320993,0.0689316,-0.0179485,0.0405802,0.0819785,210.0,173.0,0.0355782,0.0637989,-0.2839756,0.0144731,0.0017068,0.0048728,0.0153664,179.0,195.0,0.0505543,0.128505,-0.4353344,0.0183424,0.0229462,0.0065172,0.0300906,169.0,206.0
299,2839,209591,0.0,0.018673965170071666,0.0019914276980326664,0.018673965170071666,0.4298037517139594,9.522461245687195,7.842075726401972,-10.487836770416079,10.289141885026075,0.06283791366669986,10.487836770416079,0.002846417526216005,12.560683639533583,6.092285595094156,-10.025261423986322,12.432007245323753,-0.009470076313211173,12.432007245323753,0.242990015549447,2.1793337786823366,1.3039450241429023,0.18657442288857495,1.834700773783936,0.8912888562648176,0.0,4.278262777887831,2.428072310370636,0.0004937673219185257,1.414204812182363,0.9064971634876203,6.301647484011995e-08,0.11043089764227433,0,0,0,0.5425875095259903,0.5129837753918994,913,0.293,0.14298,1.635504419062902,-0.19565389662153093,2.095986198295851,0.03036494508555864,0.09760552895665818,1.3002117276619685,1.088688997009949,0.5434334982022998,2.0033527572580208,0.6416846999588264,0.09429256358140518,650,263,107,107,0,0.283,888,0.49778968376985067,-0.005582,-0.005581992261014523,131.0,383.0,0.028075,0.0313798,0.0239634,0.014437,0.0142133,0.1616457,-0.8783065,-0.4199612,-0.1614959,0.5493398,0.7636585,0.4600722,0.452945,523.0,374.0,0.0271621,0.0436707,0.0053814,0.0378587,-0.0210924,0.3606178,-0.8363179,0.3737395,0.17563,0.4887491,0.1232273,0.866913,-0.4829875,897.0,375.0,0.163873,0.0623663,0.0339543,-0.0498647,-0.0158165,-0.5285639,0.0949088,-0.7170261,-0.4443941,0.5556384,0.5444343,-0.7995467,-0.2536066,0.007402185407120197,1.0,0.018779882674074024,289.787436716176,0.0,256,1.2402084877485527e-08,2.4823041906498557e-09,3.7983392273735994e-09,4.66158147537051e-05,0.0017580854822605515,2.675963828871902e-10,24.08087542314228,6.625843301563056,8.059546535425016,3.1342328681097107,1.2582705891241437,1.5698081412899072,-0.07271842503054166,0.0,0.01631513021716291,2.4788278370752357,0.022006434832207943,1.1041075036550074,0.016441458094358086,-0.0006767897053390324,-0.001243119445650246,0.6931871641670233,0.499378440277175,621.4955349182354,289.7873627688832,0.6091701506826528,0.6091702856596998,0.609170287691728,0.7614628570746247,6.444023297511729e-05,775,0.2052,0.211,-0.17264,0.001077,1070,0.1738,0.1729,0.21993,0.000281,3,0.0607,-0.5383,-1.2e-05,13.874,0.0514,-0.4969,5e-06,13.953,0.0359,0.9988,-5.6e-05,13.846,8.02,1.73,1.7398,1.7264,0.35772,0.62292,1.4291,0.14726,0.9906,0.9874,0.9968,0.4963,3.8786,1.0721,0.1135,5.1084,24.4171,6.2953,81,0.0735,0.0354,26,0.0177,0.5894,-0.0,0.073351,0.0669969,0.0452733,0.0435003,-0.0456521,-0.0015256,0.063077,210.0,173.0,0.0819491,0.0519622,0.2239309,0.0163087,0.0431819,0.0279753,0.0539747,179.0,195.0,0.0858692,0.0710073,0.0947364,0.0199737,-0.0310931,0.0387463,0.0535444,169.0,206.0
300,2839,209591,1.6688102251430594e-10,0.018721055132815922,0.0020427924581246553,0.018721055132815922,0.4301971239788354,9.520416082635915,7.842160699359367,-10.490268123363258,9.740929539072193,0.06447856401275343,10.490268123363258,0.00011999766694259506,12.556559036765158,6.072324891709184,-10.025320512349657,12.38666461576197,-0.009626737034820509,12.38666461576197,0.24314552462833341,2.176882551456245,1.3039081581592853,0.21094317524695794,1.8405865097892748,0.8863037525856801,0.014141854551715103,4.292401087189314,2.437069993466747,7.325096128041331e-05,1.4141874662261182,0.8981831816986382,1.2833850246536197e-05,0.11415538197515411,0,0,0,0.5350218289513067,0.5131876861712528,913,0.2904,0.14146,1.6328621874372706,-0.1958076855248104,2.097023678925634,0.07172194182079958,0.09975921271880132,1.2974722590571925,1.0854374717930966,0.5359069396968248,2.0254215636900583,0.6400186169043355,0.10547820323891943,647,266,103,103,0,0.2803,888,0.49802118533653417,-0.00221,-0.0022096858831390787,131.0,383.0,0.0277591,0.0504182,-0.0185476,-0.0045105,0.0466651,0.1296841,-0.4803901,-0.8041234,0.3252583,0.5455496,-0.3678748,-0.089461,0.9255619,523.0,374.0,0.0331198,0.0746267,-0.0708345,0.0067009,-0.0225104,0.2567517,0.1705465,-0.30111,0.9023997,0.4996203,-0.9491844,0.0897922,-0.3016395,897.0,375.0,0.1608066,0.0941001,0.0287037,0.0083078,-0.0892295,0.4612674,0.3972064,0.4105978,0.6788733,0.5553053,0.3050341,0.0882868,-0.9482403,0.007396970764353646,1.0,0.018932467112941612,289.7873933914254,0.0,256,1.4114506865691006e-08,3.700169146706981e-09,5.29045129255757e-09,4.628803485387007e-05,0.001795591985166912,5.734329301782837e-10,31.78358274590431,8.004279072739248,10.12513181297074,3.1236752875777256,1.2461478849876695,1.5444490631295642,0.07608198490251497,0.0,0.019329715526297385,1.520903478429555,0.013642793705420889,2.636390169552156,0.03633044913368572,-0.0019405172267263693,0.0032095642711078187,0.682290925344609,0.5016047821355539,621.4953535314224,289.7872781928835,0.609170032726352,0.6091702856628256,0.6091702876916711,0.761462857078532,6.460275016060269e-05,775,0.2162,0.2207,-0.14994,0.004551,1070,0.1705,0.1696,0.23093,0.000393,3,0.0634,-0.5385,-3.4e-05,13.873,0.0499,-0.4982,-3e-05,13.952,0.0371,0.9989,-8e-05,13.845,8.0195,1.7299,1.7398,1.7264,0.35815,0.62394,1.42938,0.14696,0.9906,0.9874,0.9968,0.4963,3.8788,1.0722,0.1135,5.1086,24.4185,6.2954,81,0.1286,-0.8008,26,0.1095,-0.9916,-0.0,0.052352,0.1124482,-0.3646613,-0.0319713,0.0178516,-0.0595049,0.069869,210.0,173.0,0.0850353,0.1269864,-0.1978625,0.0019193,-0.0434516,0.0627346,0.0763372,179.0,195.0,0.0828323,0.1336634,-0.2347904,0.0283931,-0.0318077,0.0155208,0.0453739,169.0,206.0
