# RUN_PARAMS {"alfanat":0.0,"batch":true,"bussola":1,"calore_scal":false,"calore_vett":true,"chi_basc":true,"chi_core":true,"coppia":1.0,"costanti_effettive":{"CS_M":2.0,"GAMMA":0.05,"K_C":2.0,"LAM":0.8,"PHI_CRIT":6.283185307179586,"SCALA_B":1.0},"cs_dinamico":true,"csv":"out_guscio_morbido\\cond_off_s2.csv","da_libera":false,"db_cleanup":false,"db_ogni":100,"denoise":false,"diaglog":"out_guscio_morbido\\diag_off_s2.csv","diffres":0.0,"dpi":100,"elast_c":null,"fps":20,"frames":0,"gamma":0.05,"giri":1.0,"guscio_morbido":false,"ham":0.0,"kfrange":0.0,"lam":0.8,"leggi_attive":{"CHI_BASC":true,"CHI_CORE":true,"CS_DINAMICO":true,"LS_AZIM":true,"OLON_PART":true,"PAV_COM":true,"PLAST_DIN":true,"POLO_MATURO":true,"REGIME":"deterministico","SPINORE":true,"SPINORE_VIVO":true,"SPIN_FEEDBACK":true,"SPIN_LARMOR":false,"SYNC_UPDATE":true,"TAU_USA_D0":true,"VERLET":true,"VERSO_CHI":true,"VIRIALE":true,"ZETA_LOC":true,"ZETA_VIR":true},"ls_azim":true,"maxnodi":4000000,"mitmax":0,"mupsi":-0.05,"nmasse":2,"nmasse_effettive":2,"nodi":900,"ogni":10,"ogni_effettivo":10,"olon_part":true,"out":null,"passi":2000,"passi_effettivi":2000,"passi_per_frame":null,"pav_com":true,"plam":1.0,"plast_din":true,"plastmit":0.0,"polo_maturo":true,"regime":null,"scala":1.0,"seed":2,"seed_effettivo":2,"sep":8.0,"sep_effettivo":8.0,"size":null,"solo_materia":false,"spin_feedback":true,"spin_larmor":false,"spin_positivi":false,"spinore_vivo":true,"sync":true,"sync_db":"out_guscio_morbido\\db_off_s2.pkl","tau_d0":true,"tauloc":1.0,"test":null,"verlet":true,"verso_chi":true,"viriale":true,"vista_rete":false,"zeta":0.75,"zeta_loc":true,"zeta_vir":true}
step,n,n_archi,I2_min,I2_max,I2_mean,I2_absmax,r_min,r_max,r_mean,tw_min,tw_max,tw_mean,tw_absmax,phi_min,phi_max,phi_mean,phivel_min,phivel_max,phivel_mean,phivel_absmax,d_min,d_max,d_mean,d0_min,d0_max,d0_mean,eta_min,eta_max,eta_mean,tau_min,tau_max,tau_mean,dmin_nodi,xi_termo,n_naninf,n_I2_grandi,n_lontani,m0_I2pesata,m0_raggio,m0_N,m0_coer,m0_spin,m0_spin_disp,m0_spin_core,m0_spin_core_disp,m0_Mdyn,m0_Mcoh,m0_Rinerzia,m0_Jrot,m0_Jshell_frac,m0_Ncore,m0_Nshell,m0_vort_pos,m0_vort_neg,m0_carica,m0_coer_nucleo,m0_N_nucleo,m0_raggio_nucleo,m0_Lz,m0_Lz_norm,cs_eff_min,cs_eff_med,cs_eff_max,m0_picco_picco,m0_picco_n_dominio,m0_picco_chi,m0_picco_spin,m0_picco_spin_x,m0_picco_spin_y,m0_picco_spin_z,m0_picco_spinor_alpha_re,m0_picco_spinor_alpha_im,m0_picco_spinor_beta_re,m0_picco_spinor_beta_im,m0_picco_coerenza,m0_picco_verso_x,m0_picco_verso_y,m0_picco_verso_z,m1_picco_picco,m1_picco_n_dominio,m1_picco_chi,m1_picco_spin,m1_picco_spin_x,m1_picco_spin_y,m1_picco_spin_z,m1_picco_spinor_alpha_re,m1_picco_spinor_alpha_im,m1_picco_spinor_beta_re,m1_picco_spinor_beta_im,m1_picco_coerenza,m1_picco_verso_x,m1_picco_verso_y,m1_picco_verso_z,chi_core_media,chi_core_abs_media,rho0_core_max,rho_c_core,r_core_medio,n_cicli_topologici,circolazione_topologica_max,circolazione_topologica_media_assoluta,circolazione_topologica_rms,corrente_arco_max,gradiente_rho_arco_media_assoluta,circolazione_topologica_media,olonomia_fase_max,olonomia_fase_media_assoluta,olonomia_fase_rms,berry_spin_max,berry_spin_media_assoluta,berry_spin_rms,berry_spin_media,spin_feedback_arco,spin_cluster_modulo,spin_cluster_omega,spin_neel_modulo,spin_neel_omega,ncrit_adattivo,rho_critica,lambda_eff_min,lambda_eff_med,lambda_eff_max,lambda_eff_ratio_med,rho_su_rhoc_max,m1_N,m1_coer,m1_coer_nucleo,m1_spin,m1_Lz,n_masse,coer_01,cosphi_01,Lz_orb_01,dist_01,scala_com,rcom_01,s2_medio,s2_max,tw_q,tw_disp,sync_rel,d0_disp,rchi_pos,rchi_neg,rchi_ratio,frac_chi_neg,dens_g0,dens_g1,dens_g2,dens_g3,dens_g4,guscio_idx,centro_N,centro_coer,centro_cosphi,guscio_N,guscio_coer,guscio_cosphi,guscio_circ,m0_picco_spin_plus,m0_picco_spin_minus,m0_picco_contrasto,m0_picco_q_x,m0_picco_q_y,m0_picco_q_z,m0_picco_q_modulo,m0_picco_n_plus,m0_picco_n_minus,m1_picco_spin_plus,m1_picco_spin_minus,m1_picco_contrasto,m1_picco_q_x,m1_picco_q_y,m1_picco_q_z,m1_picco_q_modulo,m1_picco_n_plus,m1_picco_n_minus
0,824,138465,0.0,2.8950758820227225e-12,3.722869352052776e-14,2.8950758820227225e-12,1.1567762402564998,8.723894499967807,7.52488853840363,-23.43971274826456,31.927524335705428,0.0022863358148355615,31.927524335705428,0.00027489226511815925,12.5662542625409,6.303873539825523,-1.0930006077522916,1.0243891323728924,0.013894532352187213,1.0930006077522916,0.04392170897528583,2.3997973526230796,1.2510866926729047,0.04392170897528583,2.3983179649179522,1.2508675141032037,0.0,0.0605102419917066,0.004498825318556422,1.0,1.0,1.0,0.00313871741346074,-0.11976912693035147,0,0,0,0.0,0.606756195178283,372,0.9988,0.0398,0.4607037556464122,0.0,0.0,0.0,0.0,0.0,0.0,0.0,372,0,0,0,0,0.9988,372,0.606756195178283,0.0,0.0,1.9999999819488183,2.0,2.0,80.0,372.0,0.123719,1.0,0.0,0.0,1.0,1.0,0.0,0.0,0.0,0.0,0.0,0.0,1.0,452.0,372.0,-0.0054567,1.0,0.0,0.0,1.0,1.0,0.0,0.0,0.0,0.0,0.0,0.0,1.0,0.0,1.0,8.053878906902756e-13,289.7828186099174,0.0,256,6.988945407393355e-19,7.549442298052329e-20,1.4024391638631656e-19,6.944433467493647e-19,1.415433220014209e-15,1.1503013989058355e-20,25.10143963545793,5.728330437853383,7.041091273084789,3.133066300507861,1.2771554206294493,1.567157106867153,-0.24732935207702378,2.1644444610198668e-08,0.911172824415737,0.0,0.052526146652358725,0.0,621.4857873344093,289.7828177215713,0.6091702876917268,0.609170287691728,0.609170287691728,0.76146285961466,9.990502213986907e-15,372,0.9988,0.9989,-0.00954,0.0,2,0.9977,1.0,0.0,0.0,0.0,0.0,1.0,1.0,0.00235,1.0,1.27874,0.26918,0.9749,0.9716,0.9965,0.4733,2.2207,1.9387,0.0846,0.0,8.5421,3.8466,0,0.0,0.0,0,0.0,0.0,0.0,0.0,0.0,0.0,0.0,0.0,0.0,0.0,209.0,163.0,0.0,0.0,0.0,0.0,0.0,0.0,0.0,185.0,187.0
1,824,138465,6.880690908591636e-35,1.2333677447516145e-12,2.9737864845231165e-14,1.2333677447516145e-12,1.1661887001122333,8.723715687101196,7.524886430044261,-25.00999569161385,32.465859166342995,0.13015375402760085,32.465859166342995,0.00013705742503233864,12.56622339400815,5.803049161821371,-1.093000613592448,1.0243891317385252,0.013894532353145346,1.093000613592448,0.05,2.3997973526230583,1.2510940692396824,0.05232519778229544,2.3973363865375887,1.2505441469978673,1.4142115624116159e-08,0.06051025613382222,0.004498839460672047,0.17316849921529165,1.4141998550136377,0.9090236772662315,0.0031834872207674655,-0.11976915121892967,0,0,0,4.307828446970808e-32,0.6067562026494563,372,0.9974,0.03988,0.4607026318142949,0.0,0.0,4.3181937031526625e-32,4.307915895103953e-32,4.318193703152662e-23,1.5029090649612182e-32,0.0,372,0,0,0,0,0.998,372,0.6067562026494563,0.001418,0.0014183108362135766,1.999999987940343,2.0,2.0,80.0,372.0,-1.0,1.0,0.0,-0.0,1.0,1.0,0.0,0.0,-0.0,0.0,0.0,-0.0,1.0,452.0,372.0,-1.0,1.0,-0.0,-0.0,1.0,1.0,0.0,-0.0,-0.0,0.0,-0.0,-0.0,1.0,0.05339805825242718,1.0,2.8950758820227225e-12,289.7828177215713,0.0,256,9.606900482861445e-19,1.7042242429622754e-19,2.703409095754542e-19,1.112195296546033e-18,1.1012446792810908e-15,3.9535158644543284e-20,24.88423070539075,5.865595579975485,7.182968479086346,3.1330876475340794,1.277126782927324,1.5671336471033175,-0.24731038068913017,0.0,0.9111742543719613,3.2270562392037823e-07,0.8947401871165274,3.1050903110962214,621.4857873344093,289.7828177215713,0.6091702876917275,0.609170287691728,0.609170287691728,0.76146285961466,4.2561796950178635e-15,372,0.9932,0.9875,-0.00931,0.000954,2,0.9908,1.0,-3.140409,0.0,0.0,2.0,1.0,1.0,0.25178,0.02952,1.27874,0.26918,0.2946,1.0463,3.5512,0.9029,2.2207,1.9387,0.0846,0.0,8.5421,3.8466,0,0.0,0.0,0,0.0,0.0,0.0,0.0,0.0,0.0,-0.0,0.0,-0.0,0.0,0.0,372.0,0.0,0.0,0.0,-0.0,-0.0,-0.0,0.0,0.0,372.0
2,824,138465,1.0314833360153492e-33,1.7909813245302118e-12,3.602371685815386e-14,1.7909813245302118e-12,1.1661886997729696,8.723715685876291,7.52488643061055,-28.86946217784693,31.931397617485977,-1.5590999418561002,31.931397617485977,9.305109934842903e-05,12.56614343273515,5.3449858247191155,-1.0930006154417673,1.0243891375502678,0.013894532425420412,1.0930006154417673,0.05,2.39979735262303,1.2510940692396828,0.05232519773632361,2.39733638655162,1.2498790794030545,2.8284231248232317e-08,0.06051027027593785,0.00449885360278767,0.0012936656284957548,1.4141938411544392,0.7780913485389502,0.003226205594203328,-0.11976917550750714,0,0,0,6.631051647847328e-31,0.6067562084941658,372,0.9844,0.04177,0.460441001773415,0.0,0.0,6.73556777905521e-31,6.631075654653763e-31,6.73556777905521e-22,2.3445038758440093e-31,0.0,372,0,0,0,0,0.9949,372,0.6067562084941658,8.2e-05,8.249036789753639e-05,1.999999984171377,2.0,2.0,80.0,372.0,-0.1085843,1.0,0.0,-0.0,1.0,1.0,-0.0,0.0,-0.0,0.0,0.0,-0.0,1.0,452.0,372.0,-0.1052378,1.0,-0.0,-0.0,1.0,1.0,-0.0,-0.0,-0.0,0.0,-0.0,-0.0,1.0,-0.8058252427184466,1.0,1.2333677447516145e-12,289.7828177215713,0.0,256,2.6487492691188755e-18,8.526962053410927e-19,1.34049329427141e-18,2.7899021379637257e-18,1.3741528471101183e-15,1.1965065963527256e-19,30.54687638011829,8.465892948244797,10.69517918382715,3.1331101774953076,1.2770982121903027,1.567110322433626,-0.24729139999626085,1.189012955007701e-10,0.9111756844915254,3.3651559921015107e-07,0.0893204449239213,0.0906081039857609,621.4857873344093,289.7828177215713,0.6091702876917272,0.609170287691728,0.609170287691728,0.76146285961466,6.180426219235054e-15,372,0.9672,0.9462,-0.00875,-0.000513,2,0.9522,0.9998,-0.000209,0.0,0.0,2.0,1.0,1.0,0.25105,0.03275,1.27874,0.26917,0.8978,1.0489,1.1683,0.5,2.2207,1.9387,0.0846,0.0,8.5421,3.8466,0,0.0,0.0,0,0.0,0.0,0.0,0.0,0.0,0.0,0.0,0.0,-0.0,0.0,166.0,206.0,0.0,0.0,0.0,0.0,-0.0,-0.0,0.0,166.0,206.0
3,824,138465,1.6377461730879555e-15,6.09373878643928e-11,1.750107690410938e-11,6.09373878643928e-11,1.1661886415737437,8.723715684127741,7.524886430548725,-27.79222000994201,32.57717844687731,-0.25303653896732886,32.57717844687731,6.670744464588527e-05,12.56630108418182,3.8641902804981694,-1.0950717188837005,1.0291899185495987,0.01392337119782068,1.0950717188837005,0.050000239109087005,2.399796039792273,1.2510940704449514,0.052325019079769164,2.396571590443652,1.2485614453012424,0.0017317132763841646,0.07465226325692051,0.013589090375449987,0.4438753155429407,1.4138082267667014,0.9954783810042723,0.003266968055723073,-0.13694378891931724,0,0,0,1.7978895329087116e-09,0.6146818207551538,372,0.9671,0.03964,0.46038627381086467,0.02152428848692415,0.465157629141616,1.842205135462305e-09,1.7978899624617686e-09,1.0246484345125648,6.18251217965564e-10,0.004537731726934065,369,3,0,0,0,0.9671,372,0.6146818207551538,-0.249436,-0.24943563560003024,1.9999998972129494,1.9999999630481722,1.9999999987520691,242.0,372.0,0.210261,0.9999925,0.0001475,-0.0003457,0.9999924,1.0,-0.0,7.37e-05,-0.0001729,0.9766802,0.0001475,-0.0003457,0.9999999,553.0,372.0,-0.4202389,0.9999821,0.0001562,0.0001474,0.9999821,1.0,0.0,7.81e-05,7.37e-05,0.9429064,0.0001562,0.0001474,1.0,0.0,1.0,1.7909813245302118e-12,289.78282357967805,0.0,256,9.348289046087187e-18,2.761673116008504e-18,4.401787937867869e-18,1.9455170233810804e-17,7.294706878420392e-12,4.644214140760396e-19,30.531627228494088,8.90862710836837,10.980369762199228,3.131241507430747,1.0413101432230956,1.3681616609958571,0.20085067227090259,1.198089202999468e-10,0.9070451695234926,0.010187118762903404,0.09142993224672365,0.12592897436986847,621.4857997108462,289.7828234923851,0.6091702876917018,0.6091702876917245,0.609170287691728,0.7614628596146557,2.1028640390065807e-13,372,0.9285,0.9285,-0.01277,1.385898,2,0.8979,0.999,-0.007685,15.993,7.9966,2.0,1.0,1.0,0.24476,0.04494,1.27906,0.26917,0.9047,1.0419,1.1516,0.5,2.2207,1.9387,0.0846,0.0,8.5421,3.8466,80,0.1018,0.7401,38,0.2589,-0.4056,-3.0,0.9999924,0.9999926,-1e-07,2.19e-05,-8.38e-05,0.2102593,0.2102593,224.0,148.0,0.9999799,0.9999831,-1.6e-06,0.0001094,-5.8e-06,-0.4202328,0.4202328,109.0,263.0
4,824,138465,4.787609828424948e-14,9.262244436021705e-10,2.417528965654021e-10,9.262244436021705e-10,1.1661883616927804,8.723715692242715,7.524886428693338,-29.33746073150907,30.0484179806609,-0.1798193959426381,30.0484179806609,0.00040940016890367303,12.565736410570107,3.780600257686776,-1.0948299557125831,1.0354949825989896,0.01401118561524701,1.0948299557125831,0.05000055868832029,2.399791191948915,1.2510940816702363,0.054725584065227977,2.397155030552896,1.2486591657403505,0.0026415138310786077,0.08879356499130224,0.022393321835020238,0.32971554749291765,1.4135359813605233,0.9879780321789611,0.003305865475208212,-0.15376157692740527,0,0,0,3.899667887118494e-08,0.6289542189903541,372,0.9631,0.03977,0.46169649275747726,0.015764565737001107,0.46136161539028175,4.035085995484434e-08,3.899767436067855e-08,1.0346991356882094,1.2876508810013927e-08,0.00208286396480447,371,1,0,0,0,0.9631,372,0.6289542189903541,0.794742,0.7947422438407212,1.9999986510026477,1.9999997593920662,1.999999997280802,365.0,372.0,-0.1532711,0.995711,-0.0105524,0.0316792,0.995151,0.9998597,3e-07,-0.0052866,0.0158923,0.9666054,-0.0105978,0.0318157,0.9994376,477.0,372.0,-0.1479262,0.9534577,-0.0131289,-0.0068157,0.9533429,0.9999726,-1.2e-06,-0.0065831,-0.003378,0.9487516,-0.0137697,-0.0071484,0.9998796,0.0,1.0,6.09373878643928e-11,289.7828444878439,0.0,256,4.583109134812739e-17,2.0718395483109196e-18,7.657296926758542e-18,8.217802046528638e-17,1.4765286303056534e-10,-5.289803742428718e-19,30.512481393720005,8.06397542704104,10.009273346345099,3.1233393332741026,1.3496719882667294,1.6853889271221116,0.31039397456654216,2.452849385154574e-10,0.8763360101903721,0.011427847495020611,0.10141792885172222,0.07726574179156404,621.4858451785226,289.7828446927917,0.6091702876913293,0.6091702876916519,0.609170287691728,0.7614628596145648,3.196270795754288e-12,372,0.9306,0.9306,-0.01276,0.547179,2,0.8963,0.9979,0.0031,16.221,8.1107,2.0,0.2621,1.0,0.24912,0.08822,1.27911,0.26099,0.8974,1.0493,1.1693,0.5,2.2207,1.9387,0.0846,0.0,8.5421,3.8466,80,0.0603,0.9772,37,0.1766,-0.7879,-1.0,0.9962112,0.9954259,0.0003943,0.0014812,-0.0144324,-0.1518553,0.1525468,181.0,191.0,0.9571734,0.9509697,0.0032511,-0.0096781,-0.0114724,-0.1382847,0.1390968,152.0,220.0
5,824,138465,7.380781434465529e-15,4.349168357875028e-09,1.3501104551754513e-09,4.349168357875028e-09,1.1661875600467217,8.723715888468455,7.524886423282459,-24.861510346883193,29.210811673470825,-0.028694479131012574,29.210811673470825,1.612793791891604e-05,12.566305668663352,3.739154590310845,-1.0985677760253407,1.0402553680951885,0.014068890966196387,1.0985677760253407,0.05000234663658711,2.399781046106787,1.2510945736057353,0.05342777439959466,2.397343231153269,1.2410519369429571,0.010472016773142363,0.10288803433490484,0.032525233611246845,0.003110154071158777,1.4141589183811136,0.8953022178794471,0.0033430229525057598,-0.17022268152160225,0,0,0,2.716882097683517e-07,0.6177656001676629,372,0.9584,0.04084,0.46289150525612016,0.019587106147474595,0.46218264763072864,2.8186232210303485e-07,2.716907946890875e-07,1.037437880166633,9.40083243636507e-08,0.0015781003439463738,371,1,0,0,0,0.9584,372,0.6177656001676629,-0.099166,-0.09916602026666421,1.9999946566441753,1.9999983920962396,1.9999999972628923,365.0,372.0,0.089618,0.5661285,0.120153,-0.3235494,-0.4487544,0.7546138,-0.002761,0.227016,-0.6156412,0.9639167,0.2122363,-0.5715123,-0.7926724,736.0,372.0,-0.2790666,0.1266269,0.0658454,0.0665679,-0.0852494,0.991509,0.0030115,0.0968501,0.0867233,0.9442481,0.5199957,0.5257016,-0.6732328,0.0,1.0,9.262244436021705e-10,289.7828868151416,0.0,256,2.137893747941114e-16,1.1101311010441644e-17,3.716476375974849e-17,7.047624931179676e-16,6.736938531926292e-10,3.271312346167123e-20,30.97182449387702,8.480377071502126,10.757772832973492,3.1244007284522284,1.002737020594497,1.3369089841071504,-0.012698183718945204,6.224365497804534e-10,0.2968287872818294,2.349163728958506,0.03166342777315123,1.8279611152863782,621.4859343595793,289.7828862756218,0.6091702876898557,0.6091702876912364,0.609170287691728,0.7614628596140455,1.500836855402977e-11,372,0.9261,0.9261,-0.01249,-0.021099,2,0.8876,0.9978,0.000836,16.164,8.0821,2.0,0.2294,1.0,0.24978,0.09947,1.27941,0.24872,0.9018,1.0449,1.1587,0.5,2.2207,1.9387,0.0846,0.0,8.5421,3.8466,80,0.0513,-0.9212,37,0.1817,-0.9187,0.0,0.5534507,0.5824129,-0.025498,0.003081,-0.040403,-0.0160263,0.0435745,197.0,175.0,0.1013339,0.1415476,-0.1655692,-0.0241636,-0.0363954,0.0333912,0.0549861,136.0,236.0
6,824,138465,3.2348550389761212e-15,1.396457676730241e-08,4.271368932618753e-09,1.396457676730241e-08,1.1661855879176695,8.72371710921831,7.524886421785149,-26.40399611662772,28.38072864912193,0.03565882788635719,28.38072864912193,0.0007406097051886423,12.566329858682058,3.8496151837678463,-1.0980974988690566,1.0481243094909554,0.014151771773604806,1.0980974988690566,0.050004366347030656,2.399760230713349,1.2510955208073256,0.05243021405770498,2.3973553099955414,1.232333936852461,0.012773859987122537,0.11702522012022937,0.041855823493486606,0.0010299253034513622,1.414208379868252,0.8802041246181324,0.003378563447392339,-0.18615074808678234,0,0,0,8.931987694765859e-07,0.6219581817459494,372,0.9601,0.04191,0.4634075896592625,0.023948016487689093,0.4641388694452467,9.315786558107291e-07,8.932326060250342e-07,1.0429295230906743,3.002194932954179e-07,0.0,372,0,0,0,0,0.9601,372,0.6219581817459494,0.153005,0.1530046169773076,1.9999899689628795,1.9999969197820777,1.9999999957941077,377.0,372.0,-0.139736,0.044264,0.0032864,-0.0137545,-0.0419442,0.719843,0.0108892,0.2349478,-0.6530751,0.9588012,0.074245,-0.3107368,-0.9475918,473.0,372.0,-0.1535867,0.0263626,0.006383,-0.0140175,0.0213952,0.9941151,0.036437,0.0931068,0.0416972,0.9424477,0.242123,-0.5317189,0.8115735,0.0,1.0,4.349168357875028e-09,289.78294574209366,0.0,256,5.795906842204176e-16,3.707804989444403e-17,9.346080862125532e-17,5.153072066777922e-15,2.072910346355778e-09,-5.4036968746392985e-18,23.712791819688206,7.662826978087864,9.492392035209317,3.130303736243089,1.3850131793686837,1.6737730378525175,-0.017393703221071952,2.523414572461758e-08,0.03481241171438314,0.07189165795903989,0.02994949586939542,1.7727387972512028,621.4860634687361,289.7829464758967,0.6091702876857163,0.6091702876899937,0.609170287691728,0.761462859612492,4.818978113490865e-11,372,0.926,0.926,-0.01225,-0.096111,2,0.8891,0.9978,-0.000706,16.171,8.0854,2.0,0.2321,1.0,0.25317,0.09911,1.2794,0.21907,0.9005,1.0462,1.1617,0.5,2.2207,1.9387,0.0846,0.0,8.5421,3.8466,80,0.1078,-0.9678,38,0.2294,-0.5854,0.0,0.0855214,0.0238036,0.5645343,0.0184222,-0.0192645,-0.0201136,0.0333924,171.0,201.0,0.030222,0.0665668,-0.375506,-0.0180398,0.0185776,-0.0437038,0.0507995,162.0,210.0
7,824,138465,5.1049067783853625e-14,3.7033505668533383e-08,1.052358106912776e-08,3.7033505668533383e-08,1.1661811727742186,8.723719668813795,7.524886471343317,-27.963861644454344,28.52697342802203,0.17473182287176287,28.52697342802203,0.0001212910966642793,12.566324696208461,3.895998170390846,-1.1026845921236454,1.059312339934233,0.014240436612155216,1.1026845921236454,0.05000949200724673,2.3997182648453013,1.2510976462856922,0.052645695357215055,2.397382553071517,1.2162462603692121,0.01629612887483657,0.13114908672638118,0.05120548509671713,0.005066105208954563,1.414211951121573,0.9599701974002323,0.0034127545838887625,-0.20157768434026338,0,0,0,1.9518017854788245e-06,0.6175892810433761,372,0.9585,0.04197,0.4643925059295346,0.019779314341574424,0.46622506375810974,2.0316916974600518e-06,1.951847995245535e-06,1.0409067214296432,6.660246818638496e-07,0.0031466034837135367,371,1,0,0,0,0.9585,372,0.6175892810433761,0.187374,0.1873741230532906,1.9999834598866455,1.9999952733798323,1.999999993270898,102.0,372.0,0.2653276,0.0730842,-0.0061823,-0.00031,0.0728216,0.6409731,-0.0909707,0.2874478,-0.7058694,0.9607735,-0.084591,-0.0042422,0.9964067,473.0,372.0,-0.3849081,0.0598821,-0.0517871,0.0147601,-0.0261936,0.9965434,-0.0272445,0.0421395,0.0662062,0.9400447,-0.8648174,0.2464859,-0.4374192,0.0,1.0,1.396457676730241e-08,289.78301398689814,0.0,256,3.387687244921726e-16,3.888425085137837e-17,6.62507052987722e-17,1.7178001288074697e-14,4.855807965353611e-09,1.1118229975350278e-17,25.201092249266253,7.6376786752884165,9.496139099471128,3.116674724015692,1.3034001537936408,1.6116658573283738,-0.11823047235159698,5.68676058992928e-08,0.0237618731332014,2.2445489617874617,0.019399010365162294,1.9935141147302802,621.4862030575576,289.7830115625694,0.6091702876757852,0.6091702876877969,0.609170287691728,0.7614628596097461,1.277973662736167e-10,372,0.9251,0.9251,-0.01198,-0.048123,2,0.8868,0.9978,0.000662,16.148,8.0738,2.0,0.2252,1.0,0.24833,0.09858,1.27944,0.16659,0.9015,1.0451,1.1593,0.5,2.2207,1.9387,0.0846,0.0,8.5421,3.8466,80,0.1105,-0.9921,37,0.2252,-0.2391,-1.0,0.0779699,0.0650733,0.0901591,-0.0043009,0.0036926,0.0252191,0.0258483,224.0,148.0,0.0777408,0.067074,0.0736584,0.0088046,-0.0014006,0.0423357,0.0432643,108.0,264.0
8,824,138465,3.544924789863389e-14,7.577979356075189e-08,2.1200781688478615e-08,7.577979356075189e-08,1.1661718153792549,8.723729736599253,7.524886688241397,-29.36640261719893,29.288439995989304,0.18487224465297822,29.36640261719893,0.0004875043747139115,12.566004134199343,3.8215209253591955,-1.1030609751127225,1.063618252599874,0.014572293828250439,1.1030609751127225,0.05001275179334946,2.39963477665024,1.251102358874959,0.06920228988100359,2.397439876450326,1.1897930074909593,0.01936742631258131,0.14506902208347652,0.06020482573318273,0.006145717548400764,1.4142119185357553,0.9161327569898737,0.0034458760667455167,-0.21636377998198245,0,0,0,4.020069663470287e-06,0.6178753135630853,372,0.9576,0.04315,0.46498194209148375,0.02591349959513629,0.4664182380494302,4.208617701753171e-06,4.020209558280336e-06,1.046865254345952,1.3708430169718266e-06,0.004140758020247598,371,1,0,0,0,0.9576,372,0.6178753135630853,0.106406,0.10640629919073774,1.999976167744373,1.9999933408949537,1.9999999881098665,430.0,372.0,-0.1562605,0.0838923,0.0249415,-0.0227673,0.0767951,0.7792834,-0.070936,0.2662625,-0.5628407,0.9553264,0.2973042,-0.2713877,0.915401,473.0,372.0,0.0374371,0.0307923,-0.0160489,0.0234716,0.0118187,0.9647478,-0.1565534,-0.09389,0.1895717,0.9432684,-0.5211994,0.7622561,0.3838188,0.0,1.0,3.7033505668533383e-08,289.7830991603111,0.0,256,1.3363789135539653e-15,1.2769902363020843e-16,2.6495496141758644e-16,6.044540236703822e-14,1.0219009786502519e-08,-9.423918902694688e-18,21.99708960442709,6.253230881436921,7.713869187615854,3.132730143088193,1.2998047272511153,1.5966761497741457,-0.00908577127802148,9.500326206105366e-08,0.03465571137511164,1.4936585360136623,0.021281073897513856,0.9435361329417585,621.486389507971,289.78309849959555,0.6091702876591049,0.6091702876834799,0.609170287691728,0.7614628596043499,2.615052221924449e-10,372,0.9248,0.9248,-0.01179,-0.047429,2,0.8857,0.9978,0.001234,16.145,8.0725,2.0,0.2304,1.0,0.24993,0.09836,1.27922,0.15287,0.8987,1.048,1.1661,0.5,2.2207,1.9387,0.0846,0.0,8.5421,3.8466,80,0.0971,-0.9233,38,0.1105,-0.1594,-1.0,0.0921305,0.0942931,-0.0116003,0.0094376,-0.0297146,-0.0309005,0.0438961,142.0,230.0,0.0521192,0.0562042,-0.0377118,0.0359088,0.0130728,0.0227312,0.044464,190.0,182.0
9,824,138465,4.755284408730236e-13,1.440747625609784e-07,3.9215873391321394e-08,1.440747625609784e-07,1.1661526562056495,8.723757404468587,7.5248873456447365,-27.191921650532723,30.044730185128472,0.280641547834009,30.044730185128472,0.000631957431699363,12.565908510909493,3.792714036209013,-1.1080112615728295,1.0674414172867828,0.014473998319766876,1.1080112615728295,0.05005107015461192,2.399467568506704,1.2511174185755753,0.05943720760645563,2.397556153334417,1.1526304111517445,0.027311553948207216,0.1592109765971989,0.06966177998459333,0.004157990342602558,1.4142121965240153,0.9134254157793886,0.0034782122173541144,-0.23042483871763764,0,0,0,7.541701847368255e-06,0.6163441781909383,372,0.9572,0.0428,0.46593869895944734,0.026557272493310902,0.46856694819450245,7.881212688366393e-06,7.541863866676644e-06,1.044995352301325,2.5983270788732096e-06,0.0056960369185603986,371,1,0,0,0,0.9572,372,0.6163441781909383,-0.084223,-0.08422284099067534,1.999966726597067,1.9999910565096937,1.999999985806649,417.0,372.0,0.3401507,0.0320175,-0.0001547,0.0097522,0.0304957,0.7102973,-0.1662955,0.3594153,-0.5819314,0.957055,-0.0048333,0.3045903,0.9524712,473.0,372.0,-0.3735561,0.0232695,-0.0042786,0.0102679,-0.0204386,0.9402663,-0.1430525,-0.3081948,0.0212444,0.9362411,-0.1838713,0.4412588,-0.8783405,0.0,1.0,7.577979356075189e-08,289.7831961566738,0.0,256,2.095476873047931e-15,4.517990246349804e-16,6.856819114084886e-16,1.9763781631007395e-13,1.9291481070404047e-08,8.463214359781647e-18,19.59347933655804,6.0937050163053685,7.45184423546096,3.1321621606719128,1.017416094917267,1.3276120779124807,-0.0462428215777817,1.3808974555490393e-07,0.024562214308811166,1.5303188241081147,0.03664466459264968,1.5448301017575539,621.486597133758,289.7831953101531,0.609170287629704,0.6091702876768117,0.6091702876917279,0.7614628595960146,4.971812199350487e-10,372,0.9244,0.9244,-0.01161,0.038096,2,0.8849,0.9978,0.000924,16.134,8.0672,2.0,0.2282,1.0,0.25065,0.09803,1.27923,0.17058,0.9028,1.0439,1.1563,0.5,2.2207,1.9387,0.0846,0.0,8.5421,3.8466,80,0.0858,-0.3618,38,0.0873,0.0406,-2.0,0.0663597,0.0695894,-0.0237563,-0.0272381,0.0467816,0.0324524,0.0631157,221.0,151.0,0.052922,0.0332775,0.2278953,0.0255035,0.0143704,0.0139921,0.0324456,112.0,260.0
10,824,138465,6.881044835696997e-14,2.452578378625335e-07,6.424762315704127e-08,2.452578378625335e-07,1.166114061116198,8.723814011325898,7.524888813703915,-28.663190344487095,31.70582482951296,0.023156778742523764,31.70582482951296,0.0005032900034286598,12.564947394851117,3.766498454530645,-1.1090550390924905,1.0616620759594295,0.014604828322929631,1.1090550390924905,0.05009052701274842,2.3990820966655826,1.2511508232976394,0.054674774550405716,2.397533766824834,1.0977943547850662,0.0320771300877526,0.1733530285599748,0.07872459950201981,0.00012458873932541525,1.4142122586112629,0.8898862881507531,0.003509916969975988,-0.24415572314531722,0,0,0,1.4085973526086868e-05,0.6174572126976334,372,0.9554,0.04334,0.4669856061725459,0.022465060129136672,0.46956782036834405,1.4916496370348608e-05,1.4087059858912968e-05,1.0588793204361129,4.911887176818916e-06,0.0017393257581771514,371,1,0,0,0,0.9554,372,0.6174572126976334,0.061298,0.0612983668559266,1.999955211307794,1.9999885981729275,1.9999999900390673,417.0,372.0,-0.2367016,0.0632556,0.0319932,-0.0545681,0.0001777,0.6616652,-0.6028898,0.4019711,-0.1927235,0.9450794,0.5057762,-0.8626601,0.0028092,473.0,372.0,0.1062991,0.0340924,-0.0288328,-0.0087666,-0.0159407,0.9628225,0.1746611,-0.1575821,-0.132794,0.9430155,-0.8457256,-0.257143,-0.4675742,0.0,1.0,1.440747625609784e-07,289.7833131273336,0.0,256,1.0104831347441669e-14,8.6462898560416825e-16,1.79779863382501e-15,3.4549970414624365e-13,3.4385668636618873e-08,2.3249455963038743e-16,42.36188414329754,10.291907975305934,13.586532487809322,3.1204865469130376,1.1136080289937795,1.437687388466317,0.046941398310161725,1.9536795048602458e-07,0.02078846227941421,2.1536889612202144,0.027249794649443403,0.4481128381413053,621.4868546882427,289.7833154011766,0.6091702875861449,0.6091702876658147,0.609170287691728,0.7614628595822683,8.463490643793555e-10,372,0.9249,0.9249,-0.01137,-0.024941,2,0.8838,0.998,-0.0003,16.142,8.071,2.0,0.2334,1.0,0.25364,0.09811,1.27908,0.1766,0.8989,1.0478,1.1657,0.5,2.2207,1.9387,0.0846,0.0,8.5421,3.8466,80,0.0599,0.7472,38,0.2046,-0.228,-2.0,0.034936,0.1039742,-0.4969986,-0.0333382,0.0528588,-0.0267555,0.0679805,139.0,233.0,0.0313361,0.0407526,-0.1306231,0.0060082,-0.0056745,-0.0057917,0.0100918,194.0,178.0
11,824,138465,3.4207466993223087e-13,3.677450347007179e-07,9.63369213403852e-08,3.677450347007179e-07,1.1660457128899606,8.723914942686418,7.524891485832886,-28.762501873084002,31.93549164584395,0.2159066709735913,31.93549164584395,0.00038802094976864794,12.565707109557696,3.8123971981474476,-1.1134174328355908,1.062588341240102,0.014721899602907484,1.1134174328355908,0.05016896111121393,2.398231031323419,1.2512454179830628,0.0505860847406649,2.396960667385977,1.0342163538752354,0.03329015591443589,0.1874951286994312,0.08762346238378349,0.0023004600898930416,1.4142107628111615,0.93235949941482,0.0035413403712272057,-0.2575359379778265,0,0,0,2.4795749202123875e-05,0.6163984605641765,372,0.9535,0.04347,0.46813595584386597,0.03136302384416745,0.47242224945215694,2.5890512391190916e-05,2.479577948987417e-05,1.0441499692221332,8.504633207512518e-06,0.005334606893469775,370,2,0,0,0,0.9535,372,0.6163984605641765,-0.047323,-0.047322759846615936,1.999943445193758,1.9999858197434777,1.9999999869502016,83.0,372.0,0.4897602,0.096811,0.0129862,-0.0442001,-0.0851474,0.187753,-0.29578,0.3815061,-0.8554041,0.9584347,0.1341392,-0.4565608,-0.879522,474.0,372.0,-0.5683307,0.0445096,-0.0126628,0.0277111,0.0324477,0.7742265,0.6143142,0.0865717,-0.1252869,0.9327715,-0.2844968,0.6225877,0.7290035,0.0,1.0,2.452578378400895e-07,289.78343288700734,0.0,256,3.2977610943110116e-15,7.057621238490227e-16,1.1819564044455454e-15,5.589056754100353e-13,5.15399549496354e-08,-1.309041329868865e-16,29.74552018247863,6.722955126358427,8.437265801190957,3.136153587003407,1.3864444953086097,1.7082139477743274,0.1428668131806898,2.505999938454124e-07,0.030167233429089887,2.0764769220009818,0.025958353384954145,1.8351040815737405,621.4870969253714,289.7834283501115,0.6091702875334145,0.6091702876527181,0.609170287691728,0.7614628595658975,1.2690340396429242e-09,372,0.9255,0.9255,-0.01106,0.061213,2,0.8825,0.998,-0.000844,16.126,8.0628,2.0,0.2234,1.0,0.2477,0.09941,1.27888,0.16671,0.9032,1.0435,1.1554,0.5,2.2207,1.9387,0.0846,0.0,8.5419,3.8465,80,0.0799,0.6748,38,0.2212,-0.4061,-3.0,0.1120067,0.0666374,0.2539651,0.0121767,-0.0483345,-0.0514084,0.0716053,257.0,115.0,0.1724354,0.0266717,0.7320866,-0.0384307,0.0006374,0.0136651,0.0407929,76.0,296.0
12,824,138465,6.205897639635521e-13,3.6556569892123533e-07,9.61459868022556e-08,3.6556569892123533e-07,1.1659811989531041,8.723997105749397,7.524893662604696,-29.57241914235998,32.69053799434981,0.204363132907189,32.69053799434981,0.0002927169360802395,12.565935771541014,3.7656760662198447,-1.113328253197275,1.0624562421423227,0.014719197337127257,1.113328253197275,0.05016896135535528,2.398231031906337,1.2512454181685027,0.050168960358195,2.3971014314095855,0.978205037099794,0.033290170056551514,0.1874951428415468,0.08762347652589911,0.0014783236832696112,1.414211497598707,0.9056051568270509,0.0035712921108085128,-0.2575359560069689,0,0,0,2.501576088402827e-05,0.6168965417682548,372,0.9509,0.04372,0.4681174906550778,0.03047804216511921,0.4722709113610978,2.646771902676764e-05,2.5016420069894202e-05,1.0580138546130344,8.70979265084112e-06,0.011540901437727022,369,3,0,0,0,0.9509,372,0.6168965417682548,0.000427,0.0004266901737399742,1.9999434551554343,1.999985828425542,1.9999999835225568,417.0,372.0,-0.3791065,0.0978063,0.0131056,-0.0457868,-0.0854276,0.1983743,-0.2888053,0.3812501,-0.8555042,0.9464208,0.1339955,-0.4681379,-0.873437,473.0,372.0,0.2492374,0.0435796,-0.0132094,0.0235934,0.0341766,0.7564705,0.6366853,0.1137166,-0.0972255,0.940756,-0.3031088,0.541387,0.7842354,0.0,1.0,3.677450347007179e-07,289.78342835032987,0.0,256,2.321598350035258e-15,3.177806941490279e-16,5.468731101584557e-16,7.183288535655103e-13,5.195122150818411e-08,-2.0242223169159204e-17,21.457034743069123,5.215895902146263,6.369704412980011,3.1396532154231456,1.3865120147918413,1.7081869060523465,0.14301430320487024,3.11815196583686e-07,0.030165983054090392,0.00013102487248676327,0.03880190201298982,2.211563433402981,621.4871020119701,289.78343072186146,0.6091702875343527,0.6091702876524143,0.6091702876917278,0.7614628595655178,1.2615134620036672e-09,372,0.926,0.926,-0.01123,-0.029677,2,0.8806,0.998,-0.000184,16.13,8.0651,2.0,0.2288,1.0,0.24973,0.10017,1.27888,0.15546,0.8996,1.0471,1.164,0.5,2.2206,1.9386,0.0846,0.0,8.5418,3.8466,80,0.1169,0.4134,38,0.1142,-0.6631,-2.0,0.046383,0.1280515,-0.4681897,0.0034914,0.0504166,0.062352,0.0802608,107.0,265.0,0.0308988,0.0667805,-0.3673421,-0.0033748,-0.0092421,-0.0024125,0.0101304,225.0,147.0
13,824,138465,6.612520320821752e-13,5.569063040425996e-07,1.4722380835263815e-07,5.569063040425996e-07,1.1658765177126102,8.72419670592007,7.524898659924751,-28.612346492606278,32.68644918540882,0.2159046124452002,32.68644918540882,0.00017431157853486923,12.566317129020524,3.836316922110843,-1.1186145026332914,1.0718316235218248,0.014890260542569929,1.1186145026332914,0.05017506603764004,2.3990145738091058,1.2513494900402289,0.05026147724176254,2.3957360046373943,0.9282889129082015,0.0394799645483942,0.20163698220087342,0.0969470715200473,0.0015028452519170177,1.4142109520168935,0.906926271222113,0.0035998057889519712,-0.2700422859652271,0,0,0,3.93979038037098e-05,0.6175994246772182,372,0.949,0.04343,0.4690235657121047,0.028172571420773496,0.47278299531322865,4.149851248897219e-05,3.939810655490704e-05,1.05331235731184,1.3599142830559528e-05,0.006629306550213873,369,3,0,0,0,0.949,372,0.6175994246772182,0.07066,0.07065951693607175,1.999931207482589,1.999982498463396,1.9999999849799996,417.0,372.0,0.4300709,0.0582224,0.0008011,-0.052605,0.0249383,-0.2411531,-0.0949637,0.3250016,-0.9095059,0.9501102,0.0137589,-0.9035184,0.4283283,474.0,372.0,-0.4347573,0.0348222,-0.0109461,-0.019565,0.0266455,0.673344,0.6743216,0.2365817,-0.1895451,0.9322804,-0.3143423,-0.5618535,0.765186,0.0,1.0,3.6556569892123533e-07,289.7835666052091,0.0,256,5.291596337009779e-15,3.5492264537776495e-16,8.860475702348452e-16,1.7452049858733777e-12,8.242567227450103e-08,9.594840963615054e-17,21.351861909798153,6.262142229233379,7.486801062417464,3.1124840407016747,1.2004277854813683,1.4907949822965396,-0.07849296348486745,3.106321340801185e-07,0.03207146566682868,2.0345450917139085,0.03671110024373672,2.339496915218022,621.487393244596,289.7835665161349,0.6091702874519811,0.6091702876330676,0.6091702876917278,0.7614628595413344,1.921800848605373e-09,372,0.9254,0.9254,-0.01063,-0.00276,2,0.8782,0.9979,0.000664,16.13,8.0652,2.0,0.2308,1.0,0.2544,0.09963,1.27874,0.1616,0.9012,1.0454,1.16,0.5,2.2206,1.9386,0.0846,0.0,8.5415,3.8465,80,0.0774,0.3027,38,0.0865,-0.7311,-1.0,0.0655955,0.0801086,-0.0996066,0.0350577,-0.0274981,0.0081865,0.0453013,239.0,133.0,0.0810865,0.054124,0.1994112,0.0138054,0.0511996,0.0063968,0.0534126,93.0,279.0
14,824,138465,3.3135491416283645e-13,7.699029442027018e-07,2.0878500501345053e-07,7.699029442027018e-07,1.1657214578460933,8.724575145030897,7.524907551361152,-26.254915743604087,32.695601426786375,0.1026865774409903,32.695601426786375,0.0002740103321983156,12.566176910777134,3.8595661181896523,-1.1201751879721258,1.0696610820902046,0.015034928565583161,1.1201751879721258,0.05028407086678946,2.4004103770427876,1.2515391889578902,0.05023974117865464,2.3911628660077455,0.8986586241620846,0.041773559155343,0.2157787833786432,0.10598883438517682,0.0004886858961804519,1.414207227230466,0.7877167106685256,0.003630821550155708,-0.2820453309318139,0,0,0,6.100313255251673e-05,0.6183384060026698,372,0.9466,0.04403,0.47007590777010516,0.028573602629261993,0.4736752612426065,6.511325179761729e-05,6.100495376407735e-05,1.0673436791613324,2.1316581862877376e-05,0.01699829046325629,367,5,0,0,0,0.9466,372,0.6183384060026698,-0.000152,-0.00015196296971398127,1.999917936725332,1.9999793626434879,1.9999999883982131,417.0,372.0,-0.431699,0.0495251,0.0241199,-0.0357042,-0.0244166,0.925708,0.1191697,-0.3297292,0.1419226,0.9388805,0.487024,-0.720932,-0.4930158,474.0,372.0,0.2511305,0.0463984,0.0147654,0.0348995,0.0267735,0.4186196,-0.1177845,-0.7237625,0.5357726,0.9365673,0.3182302,0.7521699,0.5770355,0.0,1.0,5.569063040425996e-07,289.78371428707106,0.0,256,6.965600623603738e-15,1.0993142999320902e-15,2.245541256141277e-15,2.6356219102264193e-12,1.2175387908833103e-07,3.2709454631214343e-16,17.093047721271567,5.713377404628488,6.763791877308635,3.0953711237301738,1.140639771724607,1.4227992699509664,-0.15112643869181763,3.862758848278188e-07,0.016478493508855843,2.4126983123150296,0.023980577043680392,0.44035031233304056,621.4877112976919,289.7837148161028,0.6091702873602867,0.6091702876075311,0.609170287691728,0.7614628595094138,2.65681922357605e-09,372,0.924,0.924,-0.0103,-0.013941,2,0.8747,0.9978,-0.000449,16.136,8.0678,2.0,0.2313,1.0,0.25484,0.10103,1.27844,0.1667,0.8982,1.0485,1.1674,0.5,2.2204,1.9385,0.0846,0.0,8.5411,3.8466,80,0.0077,-0.9348,38,0.1446,-0.1093,-3.0,0.078659,0.0392091,0.334695,0.0051073,0.0091694,0.0034417,0.0110457,116.0,256.0,0.0627147,0.1171131,-0.3025027,-0.0209983,0.038712,-0.0532149,0.0690751,217.0,155.0
15,824,138465,5.879760316141978e-13,1.0521787935959803e-06,2.926009009123506e-07,1.0521787935959803e-06,1.165506423694198,8.725187827681273,7.524922388161912,-28.146128504093078,32.685612932123526,0.20664604963153932,32.685612932123526,2.7225997648372413e-05,12.566192650997422,3.8662737951929302,-1.1232331574920635,1.0739142393612369,0.015289568135575948,1.1232331574920635,0.05033524204737728,2.4023137292537373,1.251749295260464,0.04988813412107488,2.3896113494513362,0.8848087577146786,0.044847643199459254,0.22992065351952023,0.11510623614868896,0.0011920917399497188,1.414208780156408,0.7784683200591145,0.0036696456489818782,-0.293698161944001,0,0,0,7.867514145321712e-05,0.6173022075841418,372,0.9427,0.04421,0.47095127635183853,0.029492607967737113,0.47534347206417205,8.287104285805441e-05,7.867517664048777e-05,1.0533315131498207,2.698176412431927e-05,0.016759118112116323,366,6,0,0,0,0.9427,372,0.6173022075841418,0.043501,0.04350120113485256,1.999906588538477,1.9999755995243782,1.9999999812703184,417.0,372.0,0.6146326,0.0920144,0.0073069,-0.0039875,0.0916371,0.9154115,-0.0398191,-0.0704533,-0.3943002,0.9518836,0.0794099,-0.0433356,0.9958996,474.0,372.0,-0.6704005,0.0186294,0.0137666,-0.0113453,0.0053682,0.5811229,0.377086,-0.5838141,0.423395,0.9248637,0.7389744,-0.6090015,0.2881562,0.0,1.0,7.699029442027018e-07,289.7838787739864,0.0,256,5.487534637692429e-15,1.0398623881538739e-15,1.8401803742871906e-15,2.752824282524742e-12,1.6906113946769542e-07,-3.802922258846673e-16,17.075687967152618,5.580875670861716,6.73391302677712,3.138322756076945,1.1383172024175354,1.4502163344810506,-0.07467540368969784,4.682655502929686e-07,0.030183530482369696,1.9623980003741388,0.020679161855297175,1.4939899012674835,621.488034077659,289.78386532008903,0.609170287238768,0.6091702875769112,0.6091702876917278,0.7614628594711389,3.630908823835883e-09,372,0.921,0.921,-0.00967,0.032091,2,0.8682,0.9977,0.0007,16.128,8.0638,2.0,0.2257,1.0,0.2494,0.10244,1.27841,0.16519,0.9025,1.0441,1.1569,0.5,2.2203,1.9383,0.0846,0.0,8.5404,3.8465,80,0.0942,-0.1681,38,0.1427,0.2881,-2.0,0.0897793,0.1060353,-0.0830173,0.0023364,-0.012735,0.0520325,0.0536192,274.0,98.0,0.0506315,0.0261983,0.3180164,-0.0159955,0.0066154,-0.021216,0.0273813,58.0,314.0
16,824,138465,6.038793986656477e-14,1.4215627277516933e-06,3.944032230185684e-07,1.4215627277516933e-06,1.1652225263113845,8.726082992498498,7.524944232735373,-29.38838956100271,32.67820157701624,0.17884995691265887,32.67820157701624,0.0002583728003809047,12.566092304918996,3.909427007818663,-1.1247929508241088,1.0819287303894638,0.015593349033530376,1.1247929508241088,0.05035946297137791,2.4046693403765924,1.2519962056933363,0.04983003403624224,2.3911310956878986,0.8686347638883456,0.04524442692236847,0.24406235156651623,0.12409425997429331,0.0016597463884070462,1.4142119074073611,0.8939527214272687,0.0037275730193601676,-0.30512464415725493,0,0,0,0.00010439929525416332,0.6185256573932195,372,0.9406,0.04474,0.4718781986514771,0.028582470035569706,0.47758056249604575,0.00011220776213505463,0.00010440116890007671,1.0747749600624652,3.645998283688215e-05,0.025112546529010092,366,6,0,0,0,0.9406,372,0.6185256573932195,0.030972,0.030972456425954586,1.9998904108856619,1.999971491124097,1.9999999737772607,417.0,372.0,-0.4684748,0.060123,-0.0112017,0.0278273,-0.0521051,-0.0088517,0.2119053,-0.9296563,-0.3012589,0.9341352,-0.1863135,0.4628388,-0.8666415,474.0,372.0,0.3864316,0.0572363,-0.0342575,-0.0404096,0.0216675,0.6625312,0.5035348,-0.5041913,0.2308599,0.9312127,-0.5985275,-0.7060133,0.378563,0.0,1.0,1.0521787935959803e-06,289.78405756539314,0.0,256,1.6697786394724163e-14,3.5118687171318235e-15,5.252801417628323e-15,4.9490344855911944e-12,2.2868322693543286e-07,3.8906235835997704e-16,25.111326598084005,6.159960166835643,7.645147213378574,3.0937569329504515,1.084883068477787,1.3964158831777496,-0.03774640353636728,5.661643648419154e-07,0.027511194149560284,2.7553819174953516,0.0355607179244052,1.369991146369832,621.4884389708345,289.7840541113497,0.6091702870797497,0.6091702875318001,0.609170287691728,0.7614628594147501,4.905593346435333e-09,372,0.9187,0.9187,-0.00936,-0.039453,2,0.8642,0.9976,-0.000179,16.135,8.0675,2.0,0.2308,1.0,0.25088,0.10344,1.27825,0.16068,0.8983,1.0484,1.1671,0.5,2.22,1.9381,0.0846,0.0,8.5395,3.8466,80,0.0948,-0.0016,38,0.0768,0.2779,-3.0,0.0502088,0.0679001,-0.1497877,0.0218091,-0.012839,0.032739,0.0413802,94.0,278.0,0.0763538,0.0467135,0.2408464,-0.0103678,-0.0504191,0.0093958,0.0523246,238.0,134.0
17,824,138465,2.5742301427249123e-12,1.8523425130881712e-06,5.216957881996849e-07,1.8523425130881712e-06,1.164859006140418,8.727236388612805,7.5249731740240575,-28.914166523437803,32.67871770008503,0.11211687074394036,32.67871770008503,4.880052134126345e-05,12.566095450330403,3.924215878215386,-1.129093789373458,1.080098462928623,0.01589830652362137,1.129093789373458,0.050490441574904794,2.4074530693120813,1.252371041320478,0.053279368206963454,2.3911737451955255,0.8529752757280313,0.04966025386927296,0.2582041269286934,0.13297680684569035,0.007061737676283597,1.4142114915915642,0.9244902929631996,0.0038167659565320473,-0.3163055032225601,0,0,0,0.00013792100175788255,0.6194794356571638,372,0.9396,0.04445,0.47282055661188266,0.025613332981192966,0.4785060309848063,0.0001468115348108622,0.00013792144886463833,1.064457602638361,4.76254274062836e-05,0.01496858383985397,367,5,0,0,0,0.9396,372,0.6194794356571638,0.024099,0.02409866339679101,1.9998753927280144,1.999967420677957,1.9999999612278907,417.0,372.0,0.5580417,0.0199475,-0.0094787,0.0144984,-0.0098921,-0.1647551,-0.3181804,-0.5299416,0.7686214,0.9423303,-0.475181,0.7268293,-0.4959055,473.0,372.0,-0.5515148,0.0420091,-0.020668,-0.014469,0.0335893,0.8009864,0.4874242,-0.3318828,-0.1034034,0.9180958,-0.4919901,-0.3444246,0.7995733,0.0,1.0,1.4215627277516933e-06,289.7842399146394,0.0,256,3.120285877503603e-14,4.773571367266666e-15,7.41809995886086e-15,7.286188003593835e-12,3.122865093160485e-07,-3.363393985886915e-16,18.600921829078473,6.3126556145836545,7.54909124172609,3.135416862782447,1.177188680177422,1.498651826017881,0.09477786910447267,6.591317159026988e-07,0.024858403444924668,0.17105444960843158,0.025151356168310064,0.7931898034617806,621.4888163680848,289.78423008196853,0.609170286894301,0.6091702874830378,0.609170287691727,0.7614628593537972,6.392143949876833e-09,372,0.9165,0.9165,-0.00845,0.02948,2,0.8611,0.9977,0.000375,16.134,8.0671,2.0,0.2328,1.0,0.25562,0.10364,1.27814,0.16074,0.9005,1.0461,1.1616,0.5,2.2197,1.9378,0.0846,0.0,8.5382,3.8466,80,0.0703,0.2604,38,0.0602,-0.7888,-2.0,0.0387522,0.1849857,-0.6535926,-0.0130996,-0.0160181,0.0658686,0.0690423,253.0,119.0,0.1189767,0.0424448,0.474112,-0.0315053,0.0176568,-0.022866,0.0427458,79.0,293.0
18,824,138465,1.7644133628975664e-12,2.3130992069720777e-06,6.651547067892374e-07,2.3130992069720777e-06,1.164405847727278,8.728651674775042,7.5250092920400915,-28.890085536420298,32.67910160229644,0.11130673548091921,32.67910160229644,0.00024185858408642957,12.566083391360817,3.981767301506838,-1.1303075977080197,1.0785116713513603,0.016077429765631875,1.1303075977080197,0.050577228002209616,2.410646416022985,1.2528856323766775,0.050577203168028134,2.388555134937903,0.834002567863581,0.052351813495671216,0.27234461249991815,0.14182120023151693,0.0074867963173183005,1.4142118274619733,0.9408131331145374,0.003933009233144106,-0.32723912793371784,0,0,0,0.0001865886869473006,0.62095725682321,372,0.9395,0.0444,0.4741305007614079,0.027226812764702513,0.4807139080694623,0.00020221184813209376,0.00018659617180861836,1.0836870133621581,6.585124026583082e-05,0.027373016549177242,366,6,0,0,0,0.9395,372,0.62095725682321,0.008713,0.00871349541180022,1.9998613466765676,1.9999635261308584,1.9999999674007543,417.0,372.0,-0.3988969,0.0609626,0.0166548,-0.0487634,0.0325758,-0.489095,-0.5338048,0.3976618,-0.563652,0.9265011,0.2731973,-0.7998906,0.5343578,474.0,372.0,0.3080285,0.014168,-0.0125359,-0.0065807,-0.0005274,0.7714831,0.2889508,-0.2187979,-0.5229232,0.9262235,-0.8848022,-0.4644774,-0.0372264,0.0,1.0,1.8523425130881712e-06,289.7844139809929,0.0,256,5.828260407118357e-14,2.0039443442200387e-14,3.170287512509914e-14,9.205627017847312e-12,4.12982932639655e-07,1.4846253531460493e-15,29.901809371084077,9.081732090321001,11.495849346854461,3.1088025760316436,1.0977200720025104,1.3992544542004044,-0.07599223513956667,7.671372854172299e-07,0.02925942273438619,2.3932920394117696,0.01373716432049099,2.2109553946175264,621.4892014056416,289.7844096150655,0.6091702866959476,0.6091702874266114,0.6091702876917273,0.7614628592832642,7.982138204207321e-09,372,0.9165,0.9165,-0.0084,-0.009627,2,0.8611,0.9977,-0.000264,16.141,8.0704,2.0,0.2333,1.0,0.25648,0.10499,1.2779,0.1627,0.8981,1.0485,1.1675,0.5,2.2193,1.9375,0.0845,0.0,8.5366,3.8465,80,0.0405,1.0,38,0.1469,-0.5975,-3.0,0.0767903,0.0548367,0.1667869,-0.008114,0.0148005,-0.0025055,0.0170637,110.0,262.0,0.0309854,0.0306011,0.0062414,-0.0262654,0.0055562,-0.0111376,0.0290653,222.0,150.0
19,824,138465,1.6231838955952188e-12,2.9697596796257997e-06,8.468821800867151e-07,2.9697596796257997e-06,1.1638546837369632,8.730345463992318,7.525053042889511,-28.88576461149835,32.68170696710372,0.20916321988700556,32.68170696710372,0.00013475199216195222,12.566346320357654,3.8896702793473454,-1.1321624950213858,1.0757125999544943,0.016397952710658577,1.1321624950213858,0.05107217461914606,2.41434116751163,1.2536131098346448,0.051072020580255104,2.381303366175487,0.8442107121871169,0.05565450746298648,0.28648610745861947,0.1508164229982005,0.001442193795125224,1.4142118788969356,0.9222183809257182,0.004033309778341943,-0.33779426108319244,0,0,0,0.00022592072648525786,0.6201243231512134,372,0.9373,0.04308,0.47547978077332,0.029475347402322466,0.48292329031455183,0.0002402033012223975,0.00022592073855527087,1.063219351877395,7.837302481101913e-05,0.026451611542002998,364,8,0,0,0,0.9373,372,0.6201243231512134,-0.001285,-0.0012850681925293816,1.999844965599109,1.9999590531881615,1.9999999523750576,417.0,372.0,0.7080225,0.0623195,-0.001603,0.0598861,0.0171699,-0.7301058,0.0197017,0.0138132,0.6829103,0.9435586,-0.0257225,0.9609527,0.2755145,474.0,372.0,-0.6824272,0.0643676,0.05193,0.0224107,-0.0307283,0.4589341,0.7919451,-0.3143302,-0.2517916,0.9134621,0.8067718,0.3481672,-0.4773874,0.0,1.0,2.3130992069720777e-06,289.78461809800945,0.0,256,3.1810448346485816e-14,1.0312222236025237e-14,1.5870308722541483e-14,2.1982029931384057e-11,5.268166375484274e-07,8.178900219346293e-16,31.055697987069017,9.165309215063596,11.443959382142788,3.1266242936958983,1.0495275568191826,1.377174083455,-0.050950551296933974,8.649660284723569e-07,0.038833332233509765,2.132006402025177,0.034682883348677376,0.5767809682670139,621.4896084861524,289.7845994262243,0.6091702864132589,0.6091702873596216,0.6091702876917273,0.761462859199527,1.024816255075648e-08,372,0.9155,0.9155,-0.00784,0.049595,2,0.8581,0.9978,0.000734,16.129,8.0643,2.0,0.2289,1.0,0.25336,0.1067,1.27791,0.16342,0.904,1.0426,1.1533,0.5,2.2187,1.937,0.0845,0.0,8.5345,3.8466,80,0.1039,0.5111,38,0.1323,-0.7156,-2.0,0.0706327,0.0590315,0.0894706,0.014979,0.0554143,0.0157154,0.0595154,280.0,92.0,0.1527175,0.0521017,0.4912417,-0.0242751,0.0124449,0.0114297,0.0295769,53.0,319.0
20,824,138465,1.0308429788933792e-12,3.5698476946822856e-06,1.0377382075550853e-06,3.5698476946822856e-06,1.163197457034752,8.732271871773413,7.5251034714204925,-29.014431029573313,32.6870193647235,0.21597143458237006,32.6870193647235,0.0005638265004197507,12.565913587967168,3.890319777846068,-1.1344112182192048,1.0825367762914957,0.01665288530572823,1.1344112182192048,0.051431568585404965,2.4186779782745447,1.25435332946,0.05143097899829524,2.3630797459172777,0.7987130960415045,0.05786290310303638,0.30062780124560345,0.15947633623506927,0.0298141207097129,1.4142104968133637,0.9621975768808898,0.004158285330744477,-0.3484173572387279,0,0,0,0.00028682603595491706,0.6215831485681292,372,0.9351,0.04277,0.4766756175681985,0.028813258068383214,0.4857885265712499,0.0003118741474310919,0.0002868313505694012,1.0873084368636035,0.00010233897998750287,0.04025759264838013,363,9,0,0,0,0.9351,372,0.6215831485681292,0.012547,0.012547238732808053,1.9998286058354087,1.9999546166143276,1.9999999834615145,417.0,372.0,-0.4817591,0.0623262,0.0096587,0.0421502,0.0448845,-0.9055318,-0.1741997,0.1730641,-0.3459993,0.9245694,0.1549706,0.6762847,0.7201549,474.0,372.0,0.5196391,0.0161774,0.008386,-0.00468,-0.0130184,-0.8738204,0.3334339,-0.039541,0.3517048,0.9246594,0.5183796,-0.2892934,-0.804731,0.0,1.0,2.9697596796257997e-06,289.78479744664196,0.0,256,6.130197522194259e-14,3.950058959049497e-15,9.374196254613766e-15,1.8838131859276012e-11,6.667742312793297e-07,4.653823793799404e-16,27.63304627480587,8.336686571708192,10.281675356182536,3.1024654561764455,1.0327110811622164,1.3408863962658786,-0.032513305821138226,9.932029687647692e-07,0.01815935623366488,0.7581029736854453,0.01688918059637008,2.486073089569921,621.4900198818058,289.78479124942294,0.609170286154925,0.6091702872842637,0.6091702876917277,0.7614628591053296,1.231896152758981e-08,372,0.9149,0.9149,-0.00825,-0.042176,2,0.8556,0.9978,-0.000206,16.134,8.0669,2.0,0.2334,1.0,0.25444,0.10827,1.27759,0.16139,0.9005,1.0461,1.1618,0.5,2.2182,1.9365,0.0845,0.0,8.5323,3.8465,80,0.1478,0.1291,38,0.1133,-1.0,-3.0,0.1006189,0.0493423,0.3419323,-0.0065219,-0.0040441,-0.0094279,0.0121563,83.0,289.0,0.018802,0.0304296,-0.2361806,0.0087508,0.0094617,-0.0093387,0.0159158,250.0,122.0
21,825,138466,0.0,4.42045189861809e-06,1.2916440861909203e-06,4.42045189861809e-06,1.1706358303243476,8.743746836227368,7.5254049332169055,-28.82839122049443,32.693733910884866,0.13056201688266814,32.693733910884866,0.00020827220309271866,12.565615571600029,3.858115890810325,-1.1393520290837578,1.0903876663947816,0.016810564615988722,1.1393520290837578,0.05389106764892901,2.423265804265799,1.2551215144596912,0.05388190423079611,2.3241775082031793,0.7731590454590728,0.0,0.31476984507895767,0.1688933443596197,1.0,1.0,1.0,0.004301967628592516,-0.35864963807900924,0,0,0,0.00035437007153405403,0.6199621390961976,373,0.9259,0.04241,0.47788385241153825,0.025906867666305105,0.4858312812433262,0.0003799087330889584,0.0003543709762792568,1.072065035003253,0.0001267444161823545,0.027647297362509177,363,10,0,0,0,0.9259,373,0.6199621390961976,-0.037956,-0.037955936699031634,1.9998129267985678,1.9999488617964452,1.9999999662230483,83.0,372.0,0.5813353,0.7096828,0.7037436,0.0,0.0916216,-0.7864441,-0.2706133,-0.4051912,-0.3795974,0.9375917,0.9916313,0.0,0.1291022,474.0,372.0,-0.5917837,0.7713026,0.7711891,0.0,0.013227,-0.8757674,0.1949594,0.0875364,0.4328507,0.9105835,0.9998529,0.0,0.0171489,0.0,1.0,3.5698476924329023e-06,289.7850472420382,0.0,256,1.422893132204496e-13,1.0789987151514748e-14,2.5398956557016928e-14,4.24675014459464e-11,7.90215275483358e-07,7.322059653416198e-16,31.111524428883918,8.482023890021566,10.594158896726466,0.0,0.0,0.0,0.0,1.1022557368624995e-06,0.7456877907794058,1.6027347632710354,0.02130865044482404,1.7837003937074885,621.4905136047051,289.7850214596962,0.6091702857887458,0.6091702871836624,0.609170287691728,0.761462858979578,1.5254245634752016e-08,372,0.912,0.912,-0.00812,0.044089,2,0.8445,0.9976,0.000309,16.117,8.0585,2.0,0.234,1.0,0.25898,0.10954,1.27844,0.16066,0.9008,1.0461,1.1613,0.4994,2.1129,1.972,0.0845,0.0,8.5455,4.0444,80,0.1341,-0.3606,38,0.1484,-0.8745,-1.0,0.7135388,0.698144,0.0109052,0.4117707,0.0,0.0780488,0.4191023,263.0,109.0,0.7663085,0.7726614,-0.004128,-0.4583796,0.0,-0.0157388,0.4586497,70.0,302.0
22,825,138466,3.130054558011829e-13,5.144453478398006e-06,1.5931632642189019e-06,5.144453478398006e-06,1.1697974164236635,8.746018127271062,7.525474243172748,-24.791810534476586,32.6975895785635,0.052953647295449505,32.6975895785635,3.054243347122565e-05,12.566351830200084,3.8558596166248646,-1.14208240442745,1.0954468146546854,0.016860268300144855,1.14208240442745,0.05711711140760989,2.426460308585207,1.256866817638084,0.05706903873951034,2.245486346422858,0.7576220638723076,0.01,0.3247698450789577,0.17889334435961968,0.0024075571440310695,1.4142054651485616,0.9235673323938384,0.004441230534440917,-0.3686013194917363,0,0,0,0.00045734930926962566,0.6208946106021824,373,0.9258,0.04244,0.479314833780714,0.027006385495888015,0.4884451776818056,0.0005016404692879399,0.0004573750504768516,1.0967814461347158,0.0001698022804851445,0.03897447304702575,364,9,0,0,0,0.9258,373,0.6208946106021824,0.007737,0.007737434016955369,1.999796280512611,1.9999424913734747,1.9999999632195054,417.0,372.0,-0.3882758,0.2660182,0.2655482,0.015058,0.0048064,-0.9270964,-0.1726043,-0.3107566,-0.118871,0.9195286,0.9982331,0.0566052,0.0180678,474.0,372.0,0.3304986,0.125374,0.120659,-0.0065818,0.0334176,-0.8808346,-0.3401765,0.2334484,-0.2321899,0.9220652,0.9623922,-0.0524975,0.2665432,0.0012121212121212121,1.0,4.42045189861809e-06,289.78531748355744,0.0,256,9.531595981331382e-14,8.908420920644635e-15,1.9237678457554582e-14,4.2154185425730555e-11,9.39373647226175e-07,1.7610629361873663e-15,25.210213060271048,8.205913283076885,9.84727261026679,3.091628893802107,0.9866415386311193,1.312504213417502,-0.021838217655743633,0.0,0.17876819690117027,0.0066288752213316616,0.035944425650991936,1.9987504430181917,621.4911062889688,289.78529781310516,0.6091702854770696,0.6091702870482535,0.609170287691728,0.7614628588103168,1.7752637960659698e-08,372,0.908,0.908,-0.00814,-0.049139,2,0.8408,0.9969,-0.000227,16.117,8.0587,2.0,0.236,1.0,0.25954,0.11047,1.27834,0.16099,0.9007,1.0458,1.1611,0.5006,2.1122,1.9714,0.0845,0.0,8.5425,4.0444,80,0.125,-0.7804,38,0.1356,-0.62,-1.0,0.282595,0.2630636,0.0357941,-0.0971376,-0.0160871,0.0341925,0.1042288,110.0,262.0,0.1693926,0.0679082,0.4276613,0.1024386,-0.0125526,-0.0078062,0.1034996,223.0,149.0
23,825,138466,5.708493917520445e-13,5.949752176447263e-06,1.8983180771179577e-06,5.949752176447263e-06,1.1688456490655175,8.74842931940415,7.525549768227944,-25.551376115176055,32.6966644100868,0.18473970309390625,32.6966644100868,0.00018638570122320175,12.566369141688682,3.8250541483003975,-1.1488531645055375,1.0986140794847623,0.01683501418710127,1.1488531645055375,0.060606316234620455,2.4303335102047825,1.2584780942456588,0.060590059062500326,2.2369289040700258,0.7466360347390216,0.010000014142115625,0.3389118954717519,0.1882728166328571,0.012378101409692532,1.4142108274339853,0.9726191850308971,0.004555738568438059,-0.37836489291715714,0,0,0,0.0005430703903050293,0.621584305957052,373,0.9223,0.0429,0.48148938270627495,0.030157503741982058,0.49123276562055007,0.0005839299663318092,0.0005430719576591182,1.0752349814724502,0.00019940960752712317,0.03314110560362318,363,10,0,0,0,0.9223,373,0.621584305957052,0.092014,0.09201448978873561,1.9997846228360487,1.9999365240489095,1.9999999348357294,83.0,372.0,0.6928791,0.2931805,0.2890278,0.039779,-0.0289026,-0.9022999,-0.2275041,-0.3660011,-0.0118307,0.9370758,0.9858357,0.1356808,-0.0985831,686.0,372.0,-0.739195,0.1952671,0.1932882,-0.0080866,0.0265238,-0.9213556,-0.2393946,0.2985797,0.0681495,0.9063396,0.9898658,-0.0414129,0.1358334,-0.0012121212121212121,1.0,5.144453478398006e-06,289.78556578041076,0.0,256,1.709142378214752e-13,2.7164666153325038e-14,5.502710502144194e-14,5.6711496713341633e-11,1.0725379934140786e-06,1.0507609922400252e-14,25.201938513478062,8.09705979015433,9.931234088887251,3.1099086146158266,0.9873203931848453,1.2999394987255637,-0.10957138955724145,1.5907376724839831e-06,0.21326442105149357,0.007750349040605773,0.059796806443880815,0.611361901611008,621.4915531969858,289.78550619480444,0.6091702851303954,0.6091702869355844,0.6091702876917278,0.7614628586694805,2.053157266066862e-08,372,0.9013,0.9013,-0.00793,0.089996,2,0.8313,0.9964,0.000656,16.111,8.0555,2.0,0.2312,1.0,0.25683,0.1131,1.27829,0.16192,0.9022,1.0443,1.1575,0.5006,2.1113,1.9705,0.0845,0.0,8.539,4.0444,80,0.1108,-0.9975,38,0.1107,-0.725,-2.0,0.3303955,0.0963086,0.548593,0.2641476,0.0253175,-0.0220672,0.2662741,286.0,86.0,0.1834895,0.1975196,-0.0368235,-0.1461488,-0.0001177,-0.0257112,0.1483932,47.0,325.0
24,825,138466,1.7558129616152539e-12,7.007682454841057e-06,2.216323321911779e-06,7.007682454841057e-06,1.1677932879153792,8.751036037362576,7.5256292883904035,-26.395323793704097,32.69554391700655,0.2106873100368251,32.69554391700655,8.936636949208321e-05,12.56575378578851,3.8199640633782783,-1.1493436210777546,1.1019648096512697,0.017127527056539592,1.1493436210777546,0.06521675378560028,2.433274334720205,1.260246008335847,0.06502381275401602,2.2313220784299173,0.7527009668387397,0.024118580376489306,0.35276143713739033,0.19708541089652498,0.004881487091904724,1.4142121595193295,0.9446611039440133,0.004645295095102857,-0.38783582332820543,0,0,0,0.0006512499244087818,0.623492618310817,373,0.9226,0.04358,0.4827235663162289,0.0314470855390398,0.49363400079550196,0.0007177185919716441,0.0006512880059002571,1.1019987862045177,0.00024794377651181246,0.05239986285086081,361,12,0,0,0,0.9226,373,0.623492618310817,-0.010637,-0.010637192269782547,1.9997655590684906,1.9999313801088479,1.999999948010687,417.0,372.0,-0.4692424,0.2609728,0.2557083,-0.0425195,0.0302023,-0.2726865,-0.8821822,-0.2139675,0.3187702,0.9159314,0.9798272,-0.1629271,0.1157298,686.0,372.0,0.477252,0.1754769,0.1754711,-0.0012284,0.0007383,-0.579978,-0.6670606,-0.4450487,0.143483,0.9176397,0.9999666,-0.0070003,0.0042072,-0.0012121212121212121,1.0,5.949752176447263e-06,289.7857591144375,0.0,256,3.9472709343024695e-13,2.7952679849446925e-14,6.826487148466823e-14,5.706374406873086e-11,1.2796156987289567e-06,8.600314542292213e-15,24.025150512752923,7.068851480253937,8.732786469600091,3.0838777845458383,0.8433493266818788,1.166541117248927,0.06193512395993715,1.7925640579555956e-06,0.19295351193827,0.160160323709325,0.0363905595908984,0.891808298078524,621.4920610910835,289.78574301274256,0.609170284674966,0.6091702867965122,0.6091702876917273,0.7614628584956402,2.4182288548725854e-08,372,0.897,0.897,-0.00816,-0.024324,2,0.8277,0.9964,-0.000154,16.115,8.0575,2.0,0.2351,1.0,0.25739,0.11512,1.27796,0.16098,0.9008,1.0456,1.1607,0.5006,2.2159,1.9345,0.0844,0.0,8.5352,3.8518,80,0.106,-0.9401,38,0.0997,-0.9984,-4.0,0.258384,0.2621112,-0.007161,-0.1231031,0.01413,-0.0097797,0.1242967,84.0,288.0,0.1906207,0.134005,0.174403,0.1059292,-0.0023708,0.0090893,0.1063449,248.0,124.0
25,825,138466,9.780217412274549e-13,8.180522363120945e-06,2.6029592547677194e-06,8.180522363120945e-06,1.166625033630006,8.753715066531122,7.525712078719761,-27.973985806436325,32.69586023191714,0.11891538552188008,32.69586023191714,0.00019060141485560678,12.564967922988213,3.7771450467844474,-1.1560845654563592,1.1068379836993043,0.0173707879925255,1.1560845654563592,0.072462377909889,2.435431237044867,1.2623668685781082,0.07225473001646851,2.216491514334872,0.7570590831531561,0.038249019149579164,0.3668663461969748,0.2059715509217495,0.000108799725277553,1.4142110150293281,0.9016850819833403,0.0047594250390560495,-0.3972502666499732,0,0,0,0.0007785072495701344,0.6248523010817268,373,0.9257,0.04398,0.4839306609747111,0.027312162154004543,0.4946481945024264,0.0008408992347062556,0.0007785136229478441,1.080134258309043,0.00029324438933966344,0.035550732838499625,363,10,0,0,0,0.9257,373,0.6248523010817268,-0.022144,-0.02214391691958828,1.9997486569977978,1.9999258121545627,1.9999999547457403,236.0,372.0,0.6113292,0.3212043,0.3178735,0.0001559,0.0461369,-0.2616331,-0.0574471,-0.6251139,0.7331307,0.9312503,0.9896303,0.0004854,0.1436373,686.0,372.0,-0.648801,0.1622261,0.1576505,0.0379042,-0.0051855,-0.5677065,-0.6403424,-0.5139139,-0.0596939,0.9006661,0.9717952,0.2336502,-0.0319646,-0.0012121212121212121,1.0,7.007682454841057e-06,289.7859817301306,0.0,256,4.57464220851897e-13,7.798739770009032e-14,1.2358006796278137e-13,8.732857950334333e-11,1.5187889883429645e-06,1.07478262108029e-14,25.113513599280544,7.262603659329425,8.729852491990837,3.136152964857609,1.3740999776802365,1.7163332225638783,0.030695946477028592,1.9409732261996446e-06,0.23217904218672103,0.210104825784878,0.02388793069374532,1.29519449812347,621.492523290625,289.78595852448586,0.6091702841700699,0.6091702866597561,0.6091702876917277,0.7614628583246952,2.8229533289928954e-08,372,0.8917,0.8917,-0.00717,0.046982,2,0.8255,0.9969,0.000435,16.107,8.0533,2.0,0.2369,1.0,0.26171,0.11645,1.27775,0.15991,0.9018,1.0446,1.1584,0.5006,2.2143,1.9331,0.0844,0.0,8.529,3.8518,80,0.0586,-0.5384,38,0.1228,-0.7917,-4.0,0.3139227,0.358238,-0.0659298,0.1855249,0.0050134,0.0031587,0.1856195,271.0,101.0,0.2522328,0.1642964,0.211117,-0.1089407,0.0265424,0.0415323,0.1195722,62.0,310.0
26,825,138466,4.12491340079328e-12,9.504903878598165e-06,3.0095558380630998e-06,9.504903878598165e-06,1.1653368166939957,8.759273051067947,7.525797122356124,-29.571231138110946,32.69682658797744,0.12151207742549636,32.69682658797744,0.0009568482169889632,12.5663341157229,3.8212169160495546,-1.1590749987120827,1.1027248473809157,0.01753123843386186,1.1590749987120827,0.07560460655557218,2.4370656465330267,1.2639231282735273,0.07556366524574318,2.1831468945617933,0.7489896172063408,0.05229163309703287,0.3810082949685697,0.21467242197393233,0.0020301092694124945,1.4142020467415097,0.8434375672579157,0.00484706755435173,-0.4065481771326669,0,0,0,0.000942106073145434,0.6275558589339274,373,0.9282,0.04568,0.4849521136163816,0.029524204715891046,0.4979053084272138,0.0010397199714338363,0.0009421533130438147,1.1035570931389214,0.0003668217070584934,0.0525680322965332,362,11,0,0,0,0.9282,373,0.6275558589339274,0.019566,0.019566213168173086,1.99972837468136,1.9999201831821498,1.9999999574038465,417.0,372.0,-0.3744248,0.2877014,0.2823075,-0.033221,0.0443951,-0.6871587,0.5682565,0.0581799,0.4489015,0.913558,0.9812518,-0.1154705,0.1543096,686.0,372.0,0.343636,0.1409439,0.1397935,-0.0105445,-0.0145522,-0.0376889,-0.2772735,-0.4351709,-0.85576,0.9139532,0.9918381,-0.0748136,-0.103248,-0.0012121212121212121,1.0,8.180522363120945e-06,289.786219777643,0.0,256,3.613695305757232e-13,6.331109787556748e-14,1.0114649098615091e-13,8.839465864874358e-11,1.805959256668464e-06,1.472463695028922e-14,27.217970710659266,8.049323918915018,9.713476136167847,3.1361907404906146,1.0649781454338287,1.4101837029379347,0.07385654080337975,2.126993929976553e-06,0.18714143441161749,0.08412603097901385,0.0368581177704393,2.6800410904455965,621.4930468310112,289.78620263788537,0.6091702835999375,0.6091702864931153,0.6091702876917263,0.7614628581163941,3.279971162214172e-08,372,0.8909,0.8909,-0.0076,-0.028212,2,0.827,0.9978,-0.000368,16.113,8.0565,2.0,0.2384,1.0,0.26427,0.11771,1.2776,0.16059,0.9028,1.0436,1.1559,0.5006,2.2126,1.9316,0.0843,0.0,8.5226,3.8518,80,0.0563,0.996,38,0.1384,-0.5095,-2.0,0.2157532,0.3264572,-0.2041717,-0.1586806,-0.0204852,-0.0374026,0.1643111,112.0,260.0,0.1617722,0.1325912,0.0991327,0.0635306,-0.0446925,-0.0388784,0.0868625,221.0,151.0
27,825,138466,5.142069386514044e-12,1.1116631539905901e-05,3.4783109132565687e-06,1.1116631539905901e-05,1.1639264545590602,8.765383380593152,7.525885055165336,-28.65545443237766,32.701231180653586,0.1711942066298976,32.701231180653586,0.00032118664183310207,12.565604136591041,3.7730037284073545,-1.164402917668945,1.1004641344806594,0.01793161653252461,1.164402917668945,0.08123109557870259,2.438133768167985,1.266378864014163,0.0801768933833243,2.114174188759124,0.7423728764073165,0.06642885017004352,0.39515009659230077,0.22368372199006378,0.000738501056724794,1.414203269602662,0.8615635435803285,0.004827788749536305,-0.4156147470111458,0,0,0,0.001054012419889549,0.6284333800245134,373,0.9267,0.0459,0.48652630853377576,0.03258685201054154,0.49930552146342727,0.0011340628038955525,0.0010540124218176412,1.0759482340254252,0.00040322034630051846,0.036156987141490474,362,11,0,0,0,0.9267,373,0.6284333800245134,-0.016532,-0.016531604587975535,1.9997098846025525,1.999914289877967,1.9999999626005736,417.0,372.0,0.7033354,0.2723707,0.2662594,0.0060933,-0.0570489,-0.9558464,-0.2245906,-0.1460673,-0.120752,0.9352809,0.9775627,0.0223715,-0.2094533,686.0,372.0,-0.7605407,0.0854086,0.0853363,-0.0028844,0.0020087,-0.2262612,-0.8599259,0.3436041,-0.3021085,0.8968865,0.9991528,-0.0337723,0.0235184,-0.0012121212121212121,1.0,9.504903878598165e-06,289.78646784253397,0.0,256,7.534735367145074e-13,9.217854384340069e-14,1.7817001885446295e-13,1.5706559925231175e-10,2.069925819235081e-06,-3.73178583203071e-14,27.213303299856623,7.715616543369762,9.3236984343038,3.130941029499479,0.9247966110911903,1.2571400529957788,-0.19270699519108683,2.275481687790753e-06,0.16832312526640522,0.19116618875979485,0.0528201285370007,1.9709846495096977,621.493540224988,289.7864326947906,0.6091702829061055,0.6091702863246606,0.6091702876917259,0.7614628579058258,3.836146308345008e-08,372,0.8899,0.8899,-0.00718,0.049283,2,0.8247,0.9984,0.000524,16.099,8.0496,2.0,0.2326,1.0,0.26,0.12026,1.27764,0.16072,0.9021,1.0443,1.1576,0.5006,2.2115,1.9307,0.0842,0.0,8.5184,3.8519,80,0.0956,0.8875,38,0.1068,-0.3521,-2.0,0.2722044,0.2794527,-0.013139,0.1900369,0.0051764,-0.0244558,0.1916739,289.0,83.0,0.177197,0.1135268,0.219006,-0.1103253,0.02034,-0.0315262,0.1165302,43.0,329.0
28,825,138466,2.7085329610526004e-12,1.2613045173319186e-05,3.954487413833353e-06,1.2613045173319186e-05,1.1623944492632285,8.771753580290039,7.525974487450358,-29.45417318418934,32.71127779771338,0.17012763650661275,32.71127779771338,0.00011225128809400076,12.566026755308778,3.7270784231656493,-1.1687309688332796,1.0996452715844578,0.01796266381447878,1.1687309688332796,0.08791275877050507,2.4385559343858785,1.268965949642332,0.08727049475579696,1.9798311823620987,0.7456995309070135,0.08056731741508824,0.4092759091247987,0.2325740803734691,0.0007849467273858268,1.4142069435441764,0.8531072923640912,0.004879459031725099,-0.4245124262986751,0,0,0,0.001246768869331011,0.6311001557116671,373,0.9234,0.04484,0.48835913245704404,0.03283199891387478,0.503021482552691,0.0013789174284545296,0.0012467974860252305,1.1059674437189437,0.0004973209559983901,0.053682534235619785,362,11,0,0,0,0.9234,373,0.6311001557116671,-0.040129,-0.04012858797573737,1.9996917393735645,1.9999085330866693,1.9999999470386796,417.0,372.0,-0.4947784,0.2408305,0.2380617,-0.0095489,-0.0351398,-0.6291128,-0.6549147,0.3620022,0.2103765,0.9121339,0.9885029,-0.0396499,-0.1459108,686.0,372.0,0.5519976,0.1265575,0.1188552,0.0071322,-0.0428878,-0.3664083,-0.0369886,0.7845016,-0.498933,0.9129385,0.9391401,0.0563558,-0.3388804,-0.0012121212121212121,1.0,1.1116631539905901e-05,289.78669419307363,0.0,256,6.686601286759926e-13,3.2632622649900094e-14,1.1687483497388033e-13,1.3969985088848974e-10,2.376609491418104e-06,6.867859311807868e-15,24.929578767705358,6.765542329594237,8.350133958438768,3.1342118295295758,1.3976076018717678,1.6711434301544574,-0.03883122870786114,2.423323408935458e-06,0.151081344547913,0.13577863580935257,0.03275160106890134,0.7866421954830856,621.4940327424358,289.7866623429929,0.6091702822619172,0.6091702861454641,0.609170287691727,0.7614628576818301,4.3525278462920854e-08,372,0.892,0.892,-0.00794,-0.045884,2,0.8237,0.9987,-0.000508,16.103,8.0513,2.0,0.2367,1.0,0.26031,0.1223,1.27763,0.16058,0.8991,1.0473,1.1649,0.5006,2.2104,1.9297,0.0842,0.0,8.5143,3.8519,80,0.0825,0.4773,38,0.0316,-0.5105,-1.0,0.3299171,0.214227,0.2126093,-0.0792332,0.0271005,-0.0122742,0.0846345,80.0,292.0,0.1238346,0.1429239,-0.0715604,0.0634841,0.0177354,-0.0125317,0.0670956,251.0,121.0
29,825,138466,3.7489502232786765e-12,1.4212892714005658e-05,4.4794722130233975e-06,1.4212892714005658e-05,1.1607375558218003,8.778409002569997,7.526064245150342,-28.373825968383343,32.727209825060584,0.08885112462300036,32.727209825060584,0.0001331011789869052,12.566194034895926,3.7423082763145166,-1.173721918221291,1.1050406597090063,0.018425147798808782,1.173721918221291,0.097002946926948,2.4391945714333176,1.272057467748737,0.07955386408208887,1.714072474941283,0.7586962234335035,0.08419088982753667,0.4233733756560785,0.24124482067425282,0.013862803530069412,1.4142031004734437,0.9614924263367878,0.00482394066143901,-0.4332712522459373,0,0,0,0.001406568174228105,0.6331061964550739,373,0.9189,0.04319,0.49002235319768295,0.031562576837330804,0.5038966619744234,0.0015279059584317038,0.0014065701495816073,1.0862636029110873,0.0005569769356417299,0.03875944265788005,361,12,0,0,0,0.9189,373,0.6331061964550739,0.034318,0.03431813779857751,1.9996743250992042,1.9999026362429255,1.9999999351940727,236.0,372.0,0.558557,0.2461408,0.2289372,-0.0184342,-0.0885055,-0.6291495,-0.3352426,0.472008,-0.5186442,0.9271261,0.9301068,-0.0748928,-0.3595726,686.0,372.0,-0.6267019,0.1622639,0.1548173,0.0032968,0.0484801,0.0233031,0.515765,0.0968589,-0.8509182,0.8935885,0.9541079,0.0203176,0.298773,-0.0012121212121212121,1.0,1.2613045173319186e-05,289.78690519889994,0.0,256,1.210216405190227e-12,6.384591249340435e-14,2.0483040289992824e-13,2.2180249995626752e-10,2.6815523172826244e-06,-1.576551516472424e-14,24.745676425909288,6.161510346283794,7.752653225916042,3.1409914377294434,1.3256330458823367,1.6460692222594746,-0.015266538954706754,2.5874680525828963e-06,0.15621928487989895,0.1672788506871363,0.016154926028756005,1.1150819200040136,621.4944963605379,289.7868785161745,0.6091702815732034,0.6091702859667032,0.6091702876917264,0.7614628574583789,4.904601887698087e-08,372,0.8897,0.8897,-0.00616,0.041133,2,0.8175,0.9986,0.000406,16.095,8.0474,2.0,0.237,1.0,0.26216,0.12493,1.27745,0.1612,0.8988,1.0475,1.1654,0.5006,2.2095,1.9289,0.0842,0.0,8.5105,3.8518,80,0.0826,-0.0684,38,0.103,0.492,0.0,0.2614367,0.1923758,0.1521795,0.1489914,-0.0151702,-0.0600465,0.161351,267.0,105.0,0.3414753,0.1316971,0.4433442,-0.0589889,0.0053328,0.0351357,0.0688669,64.0,308.0
30,825,138466,4.859196668535463e-12,1.6101574979051473e-05,5.0467678023279275e-06,1.6101574979051473e-05,1.158955227679659,8.785314684241747,7.526154669973323,-29.278348153505007,32.733329002027105,0.043891596404033464,32.733329002027105,0.00027195597874651867,12.566115850236928,3.6399818554701446,-1.1779539279024784,1.1094617610105986,0.01849722525528122,1.1779539279024784,0.1060572695194004,2.4408865157413735,1.274518288252721,0.10569425262486755,1.4239198072616546,0.7501698610474382,0.09811876530578431,0.4375125829282627,0.2501658174218028,0.001419212682022719,1.4142052705978763,0.9647109480544915,0.004799578704439768,-0.44197342100162873,0,0,0,0.0016520065134069787,0.6363413665107787,373,0.9165,0.04289,0.4917771560624308,0.03338684444866156,0.5081159404317794,0.0018399630926835256,0.0016520717391273428,1.1137307473435933,0.000679006002897177,0.06272135878817522,359,14,0,0,0,0.9165,373,0.6363413665107787,-0.004372,-0.004371608019020812,1.9996495405345132,1.9998961700272022,1.9999999175715402,417.0,372.0,-0.4577416,0.2712591,0.2669732,-0.0131372,0.0461978,-0.8774316,0.0683467,0.4736721,0.032821,0.9079672,0.9841999,-0.0484306,0.1703088,686.0,372.0,0.4536693,0.1503441,0.1493722,0.0161979,0.0053764,-0.1464637,0.2369382,0.1394654,-0.950241,0.9092474,0.9935359,0.1077386,0.0357603,-0.0012121212121212121,1.0,1.4212892714005658e-05,289.7871705046876,0.0,256,1.2430327803467632e-12,8.959048073109086e-14,2.3172678449787446e-13,2.1825532830598933e-10,3.067831822834605e-06,8.460980876826052e-15,12.704943063030584,5.205662454494661,6.2237321722629675,3.1053502479502706,1.0610272898488367,1.3689932477175248,-0.07708384147738169,2.7798243748148954e-06,0.18304708206427825,0.2800467219984505,0.01779974682300025,2.5048845822925787,621.4950267305263,289.78712581404164,0.60917028076015,0.609170285750217,0.609170287691726,0.7614628571877713,5.556345863820038e-08,372,0.889,0.889,-0.00617,-0.02366,2,0.8148,0.9984,-0.000386,16.102,8.0512,2.0,0.238,1.0,0.26298,0.12693,1.27732,0.1608,0.9006,1.0456,1.161,0.5006,2.2084,1.928,0.0841,0.0,8.5065,3.8519,80,0.0717,-0.6741,38,0.1588,0.3355,1.0,0.2574225,0.2785776,-0.0394683,-0.1315683,-0.0175007,-0.0316357,0.1364452,99.0,273.0,0.1504266,0.1518185,-0.0046053,0.0665103,0.0155105,0.0089797,0.0688827,232.0,140.0
31,825,138466,3.393377063169931e-11,1.786633894254402e-05,5.720487489880503e-06,1.786633894254402e-05,1.1570483947664492,8.792381236791057,7.526248690339859,-28.693362002838768,32.731847469997184,0.06999940345675479,32.731847469997184,0.0006725070566222513,12.56635133651492,3.7067866982639943,-1.1840462062082724,1.113196047483938,0.018579894061258668,1.1840462062082724,0.11120433110788612,2.443330233120954,1.276829944643428,0.11086792569868761,1.4136782454504422,0.7533984845329794,0.11204659176610972,0.45165459232614064,0.2598129268899057,0.005252389615567399,1.414205845278876,0.8956771105026066,0.004794998868889267,-0.4504654581131894,0,0,0,0.001831754996335591,0.6386036717637645,373,0.9144,0.04309,0.4934218592821503,0.03423563603048141,0.5098216292778356,0.001988553509370783,0.0018317566229129015,1.085599191779386,0.0007380950907645408,0.04217464395760064,360,13,0,0,0,0.9144,373,0.6386036717637645,0.037217,0.0372169318943405,1.9996341317926507,1.9998894785191186,1.9999999052026964,417.0,372.0,0.6586604,0.1637785,0.1636925,0.0044507,0.0028869,-0.4501367,0.5522521,-0.0589381,-0.6992287,0.9301294,0.9994753,0.0271754,0.0176271,686.0,372.0,-0.7526574,0.1536613,0.1477389,-0.013414,0.0400632,-0.20499,0.1308378,0.1074255,-0.9640126,0.8886063,0.9614584,-0.0872962,0.2607243,-0.0012121212121212121,1.0,1.610157494671726e-05,289.78750368010395,0.0,256,1.4697699730235891e-12,7.395601122454104e-14,2.1060292161296197e-13,3.380559977632445e-10,3.392878730081915e-06,3.3666755537437963e-16,12.89330162923271,5.126273263570543,6.179359278615689,3.1334364261807433,1.359961976990285,1.657938886439866,0.004652758108419884,2.965859771566733e-06,0.13655426763438436,0.05437453135368347,0.01901226250972357,1.5705310221420867,621.4956263587623,289.78740540524603,0.6091702800004453,0.6091702854900551,0.6091702876917134,0.7614628568625689,6.165326238923075e-08,372,0.8838,0.8838,-0.00661,0.032883,2,0.8081,0.9984,0.00043,16.093,8.0465,2.0,0.233,1.0,0.25795,0.13094,1.27769,0.16056,0.901,1.0452,1.1601,0.5006,2.2069,1.9267,0.0841,0.0,8.5007,3.8519,80,0.1119,-0.9943,38,0.1163,-0.0978,0.0,0.1752035,0.1143489,0.2101678,0.1262304,0.0151363,0.0004604,0.1271355,287.0,85.0,0.2441868,0.1456733,0.2526893,-0.0913037,0.0344959,-0.0357602,0.1039477,45.0,327.0
32,825,138466,1.663941168585083e-11,1.7733173971672867e-05,5.669618482142986e-06,1.7733173971672867e-05,1.1551915797898216,8.798449244920201,7.526320066571127,-27.67522969376272,32.72886650373375,0.11884054289814022,32.72886650373375,0.002491443744679245,12.564510376612876,3.635211728327362,-1.1843692985915772,1.1105002513745386,0.01863345942776078,1.1843692985915772,0.11120434335929849,2.4433302353745154,1.2768299489851918,0.11102699484069219,1.3793977306456964,0.7632877868749796,0.11204660590822534,0.4516546064682563,0.2598129410320214,0.034367250763532864,1.414209336638738,0.9718668580927379,0.00479416733528864,-0.4504654699245608,0,0,0,0.0018596963533717074,0.6415137210986105,373,0.9135,0.04287,0.4930005947877395,0.03489595112910604,0.5107649145453835,0.002073670273649221,0.0018597426151243162,1.1150307880161172,0.0007785992702771373,0.05968831248802926,360,13,0,0,0,0.9135,373,0.6415137210986105,-1e-06,-8.967558027261902e-07,1.9996364167089082,1.9998897133493858,1.9999999165933546,417.0,372.0,-0.58854,0.163683,0.163548,0.0057562,0.0033218,-0.4267845,0.5540284,-0.0559901,-0.7125817,0.9090432,0.9991754,0.035167,0.0202941,686.0,372.0,0.5918182,0.1560897,0.1506724,-0.0111635,0.0392073,-0.1911072,0.1354649,0.1593784,-0.9590234,0.9055675,0.9652934,-0.0715199,0.2511845,-0.0012121212121212121,1.0,1.786633894254402e-05,289.78740540576916,0.0,256,2.5422921964143664e-12,7.436248342856035e-14,2.2364564775106941e-13,3.0030463005886717e-10,3.3701480192080753e-06,1.3922948021623313e-14,21.381961542770085,6.36397201796523,7.883553370594126,3.131954262327843,1.358239439449353,1.6558200978739612,0.0042790621696270625,3.1376279245883447e-06,0.13651857982116672,0.00014075293920435316,0.021168334571504983,1.037379136102549,621.4955991369405,289.7873927124116,0.6091702800577722,0.6091702855022205,0.6091702876917209,0.7614628568777756,6.119373864297636e-08,372,0.8807,0.8807,-0.00791,-0.046196,2,0.8046,0.9984,-0.000455,16.101,8.0504,2.0,0.236,1.0,0.25906,0.13381,1.27769,0.16197,0.8979,1.0483,1.1675,0.5006,2.2058,1.9257,0.084,0.0,8.4965,3.8519,80,0.1424,-0.9063,38,0.1075,-0.997,-3.0,0.180483,0.1602805,0.0592859,-0.0908141,0.0086081,-0.0075892,0.0915363,70.0,302.0,0.1709941,0.1039109,0.2440231,0.1150526,-0.0011522,0.018471,0.1165315,261.0,111.0
33,825,138466,2.4298632343054995e-11,1.9974897689039913e-05,6.392416240653e-06,1.9974897689039913e-05,1.1532085789091375,8.805036702313316,7.526395673911843,-27.755565181399938,32.72832246580065,0.0841446186533761,32.72832246580065,0.00018576169176220958,12.565572735120954,3.6391754720026515,-1.1891336514006925,1.111409250521304,0.01890462332246361,1.1891336514006925,0.11274785763005209,2.4454024146786986,1.278483187666233,0.11272627665501223,1.3852177169416833,0.7530374505176756,0.1260776000719569,0.4657893900449242,0.2687697121370474,0.026068545817504396,1.4142043125060213,0.9754976301383775,0.004777030078090175,-0.4589460242673785,0,0,0,0.0020416638925546456,0.6442406538154581,373,0.9121,0.04254,0.49446130339377603,0.03255718340701557,0.5128044187721817,0.0022288364675418573,0.0020416663988824493,1.0916751476939914,0.0008416300084429979,0.041096796707145535,360,13,0,0,0,0.9121,373,0.6442406538154581,0.043008,0.04300821105613717,1.999612843461653,1.999883272435219,1.99999986387943,236.0,372.0,0.5621808,0.2302879,0.2283838,-0.0226607,0.0189689,-0.7252098,-0.1344612,-0.1603262,-0.6559622,0.9254692,0.9917319,-0.0984018,0.0823705,686.0,372.0,-0.6432435,0.1164727,0.1089777,0.0262947,-0.0315967,0.1697044,-0.6238368,0.0535884,-0.7610232,0.8824111,0.9356496,0.2257586,-0.2712801,-0.0012121212121212121,1.0,1.7733173971672867e-05,289.787729369595,0.0,256,1.799461005124324e-12,1.3168573549503383e-13,2.8449039292356317e-13,4.0809813622925045e-10,3.827773711171631e-06,1.7365801185579454e-14,24.006528933843978,6.786929751524101,8.305667394558194,3.1350392332087225,1.1908675154388866,1.5339441677444812,0.03559401214117649,3.1320516079303695e-06,0.1412199867558164,0.38259928352634476,0.022299364210256648,1.6836627202914414,621.496188214965,289.78766738432404,0.6091702790927438,0.6091702852314447,0.6091702876917177,0.7614628565393058,6.892942639463217e-08,372,0.8773,0.8773,-0.00724,0.051962,2,0.8002,0.9985,0.000251,16.097,8.0486,2.0,0.2373,1.0,0.26152,0.13601,1.27781,0.16141,0.9002,1.046,1.162,0.5006,2.204,1.9241,0.084,0.0,8.4895,3.8519,80,0.0619,-0.6383,38,0.1367,-0.804,-3.0,0.2319866,0.2272163,0.0103884,0.1314093,-0.0175786,-0.0026254,0.1326058,268.0,104.0,0.1952976,0.1125464,0.268809,-0.0585628,0.0194549,0.0464201,0.0772199,64.0,308.0
34,825,138466,2.740143907950663e-11,2.2418073321817382e-05,7.096090332725183e-06,2.2418073321817382e-05,1.1511011512724458,8.811937840770117,7.526473543825723,-27.750289323630444,32.729949697080656,-0.03712454528983182,32.729949697080656,0.0008529715396236908,12.565046680413674,3.694178193903844,-1.1922014923636197,1.1122253113776015,0.01900648315594166,1.1922014923636197,0.11540231977151666,2.4471493218244533,1.2805435971982502,0.11538855477527607,1.2895340986819837,0.7694320887937907,0.1398956604711241,0.47993091026642926,0.27768386361580033,0.011916274668105187,1.4142046472767564,0.9201883360812464,0.004772320619082477,-0.4670751860608366,0,0,0,0.0023380438260388165,0.6475801008453744,373,0.9089,0.0421,0.49661958646535065,0.03443768836284042,0.5176076520894591,0.002621947336985788,0.00233813788564019,1.1213826836683287,0.0010008092022600907,0.05810065023906664,360,13,0,0,0,0.9089,373,0.6475801008453744,0.016043,0.016042938583516797,1.9995907696651336,1.9998765693628684,1.999999922084654,417.0,372.0,-0.500624,0.2239256,0.2235371,-0.0124224,0.0044179,-0.621779,-0.3594006,-0.3797371,-0.5831139,0.9038558,0.9982651,-0.0554758,0.0197292,686.0,372.0,0.4914183,0.1024959,0.094128,0.0300665,-0.0272276,-0.5669145,-0.6190266,-0.1382661,-0.525639,0.9018278,0.9183584,0.2933429,-0.2656459,-0.0012121212121212121,1.0,1.9974897689039913e-05,289.78800024150854,0.0,256,1.2734450684719728e-12,1.272169413616958e-13,2.468833963046413e-13,3.6244893296097765e-10,4.307952133568074e-06,-1.2387337378296907e-14,31.421053342493888,9.874943842972902,12.248359436537038,3.1383889304204318,1.1724311676023178,1.5249207734887507,-0.01344343280541721,3.341987632905898e-06,0.13449976941551622,0.14139883286808638,0.023175365859552162,1.8469518365883961,621.4968447034294,289.78797348798867,0.6091702780409958,0.6091702849110918,0.6091702876917162,0.7614628561388648,7.736026120057941e-08,372,0.8783,0.8783,-0.00853,-0.05561,2,0.7984,0.9986,-0.000497,16.106,8.0531,2.0,0.238,1.0,0.26186,0.13728,1.27777,0.15974,0.9009,1.0453,1.1603,0.5006,2.2022,1.9225,0.0839,0.0,8.4825,3.8518,80,0.0817,0.9486,38,0.1886,-0.4699,-1.0,0.171469,0.245743,-0.1780247,-0.1437356,-0.0073351,-0.0283641,0.146691,90.0,282.0,0.1176599,0.0766507,0.21105,0.0625442,0.0112304,-0.0401642,0.0751736,243.0,129.0
35,825,138466,3.455876408184053e-11,2.499818259759749e-05,7.88790524215664e-06,2.499818259759749e-05,1.1488698547493559,8.819272848147847,7.52655520956398,-27.55255796115155,32.732302667788495,0.05433526865370266,32.732302667788495,0.0003069307042851009,12.566255474039853,3.628324356408236,-1.193505791800342,1.1193514651684227,0.0193714017181236,1.193505791800342,0.12237738995959033,2.4486044805585525,1.2833140371246978,0.1223411246422357,1.3238084968117707,0.7628987140507698,0.14762791354471252,0.4940723103133677,0.2869822819123795,0.03132458099151758,1.4142082180894493,0.9743668435641134,0.004686949976160406,-0.4752107619050296,0,0,0,0.002495660562214351,0.649239007250251,373,0.9056,0.04166,0.4983263252650397,0.03691031168905956,0.5186521332925632,0.0027309271318251343,0.002495661233200152,1.0942699656087953,0.001050238535407343,0.04429134821794815,359,14,0,0,0,0.9056,373,0.649239007250251,0.008496,0.008495927520042024,1.999562623148511,1.999870230935211,1.9999999107307604,417.0,372.0,0.6520825,0.198393,0.1971112,-0.0095864,-0.0203729,0.9251085,-0.16997,-0.3272399,0.0905452,0.92381,0.9935391,-0.0483203,-0.1026898,686.0,372.0,-0.7608184,0.1256001,0.1255182,0.0042894,-0.0014761,-0.8620663,0.2135026,-0.3511858,-0.2965246,0.8810391,0.9993476,0.0341512,-0.0117523,-0.0012121212121212121,1.0,2.2418073321817382e-05,289.7882822947541,0.0,256,8.975370544436326e-13,9.713755736061503e-14,1.7602977320224436e-13,5.907538597031312e-10,4.721386278344635e-06,-1.8528104927558188e-14,32.01768813518588,9.797636562414825,12.17027022121451,3.059908166345551,1.0246458263595104,1.3611815717852203,0.12163675270640381,3.5084227784412482e-06,0.14502757854437356,0.15069025233675556,0.019066999893852417,1.145335394141175,621.4972920424493,289.78818207065353,0.6091702769302988,0.6091702846815736,0.6091702876917131,0.761462855851967,8.626363718139016e-08,372,0.8748,0.8748,-0.00759,0.070924,2,0.7922,0.9985,0.000737,16.093,8.0465,2.0,0.233,1.0,0.2574,0.14199,1.27784,0.16184,0.9026,1.0435,1.156,0.5006,2.2006,1.9211,0.0838,0.0,8.4763,3.8518,80,0.1298,0.979,38,0.1681,-0.3037,1.0,0.2243622,0.0880554,0.4362967,0.1696587,-0.0230723,-0.0221209,0.1726434,288.0,84.0,0.2153546,0.1415666,0.2067347,-0.1192136,0.0338048,0.0355678,0.1289175,45.0,327.0
36,825,138466,1.2487263338142304e-12,2.7609412836138636e-05,8.647363061602157e-06,2.7609412836138636e-05,1.1465144889744163,8.82687720724198,7.526637087860512,-28.717785562759566,32.73613379856117,0.051671599026867285,32.73613379856117,0.0011497959165627236,12.563492037337536,3.610350811386677,-1.1967110710899393,1.1301260354268874,0.019492492958002244,1.1967110710899393,0.12483117944553838,2.449771325112103,1.2853298215883004,0.12480362613988558,1.3998361657055018,0.764951719610695,0.15011556596875889,0.5082121772106309,0.2957495840627623,0.02062200408906467,1.4142076845413991,0.9798913706667044,0.004670892047136237,-0.48310204784423066,0,0,0,0.0028156424658794194,0.6527573769974436,373,0.9044,0.04164,0.4998672000413103,0.03689459770004371,0.5230439959938366,0.003167891182033963,0.0028157715021073755,1.1250526470855517,0.0012328175101496397,0.06379383970325102,358,15,0,0,0,0.9044,373,0.6527573769974436,0.008211,0.008211403583207266,1.999547576933233,1.999864105508496,1.9999999732953642,158.0,372.0,-0.6225707,0.2109932,0.2031254,-0.0405726,-0.0401505,0.3703427,-0.8180109,0.2329202,0.3734337,0.900505,0.9627108,-0.1922932,-0.1902927,686.0,372.0,0.6413193,0.1382885,0.1372224,0.0163956,0.004991,-0.709055,-0.5551421,0.1247197,-0.4165372,0.8973518,0.9922906,0.1185611,0.0360911,-0.0012121212121212121,1.0,2.499818259759749e-05,289.78851483762213,0.0,256,1.0843120592084793e-12,6.329950199337588e-14,1.233901218962952e-13,5.061321273404187e-10,5.258335157530102e-06,9.66842935201432e-15,32.028118509287786,9.793095753405275,12.164667827287735,3.0917057366000265,0.9903447422343669,1.3219149292174086,0.1219796507844526,3.7457113537412944e-06,0.13952298800014498,0.24299358390059111,0.015841403573349316,2.074796211150828,621.4979371450202,289.7884828653692,0.6091702758062101,0.6091702843345659,0.6091702876917275,0.7614628554182074,9.527436205587749e-08,372,0.8735,0.8735,-0.00794,-0.029744,2,0.7901,0.9985,-0.000502,16.102,8.0509,2.0,0.2354,1.0,0.2571,0.14489,1.27762,0.16197,0.9003,1.0458,1.1615,0.5006,2.199,1.9198,0.0838,0.0,8.4703,3.8519,80,0.1367,0.7967,38,0.0311,-0.0863,1.0,0.2817416,0.1950702,0.1817729,-0.1045335,0.0114009,0.0130152,0.1059558,64.0,308.0,0.1404931,0.1529092,-0.0423177,0.0891837,0.00923,0.0304659,0.0946947,268.0,104.0
37,825,138466,3.84811184937086e-11,3.057115697848136e-05,9.637995651240974e-06,3.057115697848136e-05,1.1440360182092295,8.834833793679971,7.526720558591255,-28.66681687113548,32.73650679055861,0.011171774024030436,32.73650679055861,0.0004256561455147079,12.566260687486542,3.638602918677834,-1.2018709361397755,1.1428744920323715,0.019846478622974128,1.2018709361397755,0.12976458209080785,2.4506395306658972,1.2874686386198344,0.12974759413957757,1.4431113026062548,0.7650603152927005,0.1633552918621297,0.5223470067758413,0.30495841587092287,0.002982435547940754,1.4142079630283346,0.9328202644670603,0.004719318312617404,-0.4909179138370202,0,0,0,0.0030528277951530677,0.655682093116322,373,0.904,0.0413,0.5011913540545416,0.03512703587948066,0.524763975174965,0.003357844643547424,0.0030528518036752467,1.0999042401943666,0.0013167718499252734,0.045555897881603045,358,15,0,0,0,0.904,373,0.655682093116322,0.023809,0.02380862816849616,1.9995170733781384,1.9998568062838873,1.9999998731990942,236.0,372.0,0.5370331,0.2164748,0.200758,-0.0744593,0.0318334,-0.2292265,-0.8676174,0.2111953,-0.3874169,0.9190473,0.9273967,-0.3439631,0.1470537,686.0,372.0,-0.6430112,0.1411773,0.1369864,0.0116947,-0.0320779,-0.3593836,0.4365658,-0.6395585,-0.5207866,0.8735916,0.9703146,0.0828367,-0.227217,-0.0012121212121212121,1.0,2.7609412836138636e-05,289.7888224251187,0.0,256,5.753519062524241e-13,1.0415423128338645e-13,1.7912357058115754e-13,7.716296433231967e-10,5.8581644500077975e-06,-3.0845072587204474e-14,35.237587525483015,9.360440726269156,12.017024669137566,3.1225547496005714,1.057630601977274,1.3659079503632727,0.16381824391802155,3.9181397906176864e-06,0.1457759506673353,0.28012213112580636,0.04645388120950173,0.9961348811410897,621.4986030379697,289.78879335410306,0.6091702745312362,0.6091702839565292,0.6091702876917116,0.7614628549456615,1.0549461428318724e-07,372,0.8719,0.8719,-0.00739,0.052527,2,0.7882,0.9983,0.000306,16.097,8.0483,2.0,0.2381,1.0,0.2612,0.14832,1.2775,0.15965,0.8986,1.0475,1.1657,0.5006,2.1973,1.9183,0.0837,0.0,8.4638,3.8519,80,0.1201,0.2449,38,0.118,0.1195,2.0,0.2473867,0.1629014,0.2059169,0.1312077,-0.1024614,0.0236779,0.16815,267.0,105.0,0.1668142,0.1370675,0.0978891,-0.0830105,0.0075629,0.0158898,0.0848554,65.0,307.0
38,825,138466,2.0019384380308962e-12,3.3790486963702814e-05,1.0491948861041092e-05,3.3790486963702814e-05,1.1414365229446606,8.842941173491186,7.526802454320407,-27.43029333128162,32.73778550167678,-0.03377735603812009,32.73778550167678,0.0004376524388636227,12.565237899121016,3.6650333096303935,-1.2054352706716736,1.1467635319916665,0.019964576758447,1.2054352706716736,0.13527177385126976,2.4512126092716326,1.2896286207946777,0.1352149352284541,1.299276515545246,0.7779221522354756,0.17184116163525995,0.5364860239924627,0.31367613506507874,0.028684065122893454,1.4142074438101362,0.9394306497023655,0.004855182056909126,-0.4985865163252559,0,0,0,0.003427328618771487,0.6593872140673835,373,0.9029,0.04126,0.502767707466324,0.036730125666319405,0.5292577879552426,0.0038669414701127678,0.003427587660349303,1.1281816406465561,0.0015351623501724102,0.06171408387095723,358,15,0,0,0,0.9029,373,0.6593872140673835,-0.004325,-0.004325015225588258,1.9995002032343108,1.9998500175887888,1.9999999476080585,158.0,372.0,-0.5349173,0.2236125,0.2036248,-0.035843,0.0851749,-0.5255666,0.0910893,0.5817509,-0.6140426,0.8983145,0.9106146,-0.1602909,0.3809041,686.0,372.0,0.5225785,0.1128344,0.1073228,0.0198479,-0.0286266,0.201351,0.267767,0.3219769,-0.8854883,0.8960762,0.9511531,0.1759025,-0.2537047,-0.0012121212121212121,1.0,3.057115697848136e-05,289.7891430978382,0.0,256,1.8808628334927693e-12,2.0049563499574e-13,4.0263957981606797e-13,6.245730280712022e-10,6.442785941738909e-06,-7.187788500597279e-14,32.008792892794915,8.669533150382252,10.926827120568834,3.122068555327186,1.1510993216765022,1.5062371619649446,-0.18281610986805558,4.156496315996118e-06,0.15222844745798478,0.25619422091580885,0.03753381085860955,2.1632400368867266,621.4992853159467,289.78911148275324,0.6091702731453743,0.6091702835482785,0.6091702876917271,0.7614628544353481,1.166037149940116e-07,372,0.8712,0.8712,-0.00829,-0.011612,2,0.7868,0.9982,-0.000482,16.106,8.0529,2.0,0.2366,1.0,0.26021,0.15005,1.27732,0.15991,0.9016,1.0444,1.1584,0.5006,2.1957,1.9169,0.0836,0.0,8.4576,3.8519,80,0.0961,-0.7941,38,0.1991,-0.1856,2.0,0.2756686,0.221391,0.1091973,-0.0763544,0.0512619,-0.0865805,0.126309,84.0,288.0,0.1121356,0.1272957,-0.0633173,0.0472398,0.0139102,-0.0355707,0.0607484,249.0,123.0
39,825,138466,1.3622443349049803e-10,3.707114325566256e-05,1.1480749466694192e-05,3.707114325566256e-05,1.1387184877818763,8.851318934214177,7.526883730654839,-27.394869362620366,32.736168755876385,0.02174130222878369,32.736168755876385,6.0443907521801066e-05,12.56467003243779,3.655611633728912,-1.208541036212243,1.1570000821916147,0.020338204760117377,1.208541036212243,0.14124908978839082,2.4514859537461877,1.2917914182451833,0.14117971649953281,1.3226169484732395,0.7750516214652647,0.1738298674789698,0.5506278815581217,0.32262440276211346,0.005175044502363391,1.4142086482167002,0.9520564556609081,0.005148176810405992,-0.5061313130109455,0,0,0,0.0035718268943842066,0.6617564815250363,373,0.9004,0.04116,0.5045227261210761,0.03787557667821972,0.5307829204510381,0.003942349537818891,0.003571863828185082,1.1037233577356331,0.0015739593661277709,0.049785343509159516,357,16,0,0,0,0.9004,373,0.6617564815250363,0.010389,0.010389177681347617,1.9994614875410677,1.9998436887773812,1.9999998033281337,236.0,372.0,0.645683,0.2158775,0.2150501,-0.0023001,0.0187415,-0.6850577,0.2259447,0.4188979,-0.5515157,0.917256,0.9961675,-0.0106546,0.0868152,686.0,372.0,-0.7991885,0.1340386,0.1276479,0.0327816,-0.0244482,-0.7688534,-0.474516,-0.0994293,-0.4169087,0.8709186,0.9523224,0.2445683,-0.1823965,-0.0012121212121212121,1.0,3.3790486963702814e-05,289.789450409432,0.0,256,3.1782519245201117e-12,1.2023687564375297e-13,3.1853671953279023e-13,1.4278971586671155e-09,7.068760605312957e-06,-1.6483854894382925e-14,35.17223820483095,8.601745458808608,10.912502271728433,3.0858786633572626,1.283257224736158,1.5773704774839954,-0.07926864530897249,4.333936469615655e-06,0.1452912540494638,0.10605963506159334,0.030839700894657075,2.641898237462116,621.4997193099181,289.7893138429656,0.6091702717331166,0.6091702832775814,0.6091702876916694,0.7614628540969767,1.279244661028153e-07,372,0.8683,0.8683,-0.00682,0.056672,2,0.7818,0.998,0.000666,16.095,8.0477,2.0,0.2327,1.0,0.25696,0.15607,1.27731,0.16145,0.8999,1.0461,1.1625,0.5006,2.1946,1.9159,0.0836,0.0,8.4531,3.8518,80,0.1854,-0.9758,38,0.1584,-0.619,2.0,0.2214869,0.2145803,0.0158384,0.1441677,-0.0217153,0.038215,0.1507192,291.0,81.0,0.1445297,0.1544795,-0.0332758,-0.1353284,-0.0192421,0.0489439,0.145188,41.0,331.0
40,825,138466,9.753509166765164e-11,4.037026827134159e-05,1.244291303309792e-05,4.037026827134159e-05,1.1358753175732603,8.859814003928603,7.526963751118391,-27.358676431718205,32.73288124323153,0.048702872735807104,32.73288124323153,0.0011293919604150947,12.564153635957041,3.676688616757919,-1.2121147316593346,1.1632661823125965,0.02047846754780702,1.2121147316593346,0.14498024910027354,2.45145780592836,1.2937735677357265,0.14497096674727894,1.281515043414275,0.7856348800921437,0.17776531945861643,0.5647677230493142,0.3314662854742922,0.02820467896452228,1.4142083245893498,0.9586731719208571,0.005554116253419283,-0.5134938175789301,0,0,0,0.003973499382961184,0.6654876493710588,373,0.8983,0.04162,0.5061899032151133,0.03827272220189077,0.5359643654078987,0.0045096271780219075,0.003973893396590425,1.134813324859479,0.0018223192823059219,0.06652321296548601,357,16,0,0,0,0.8983,373,0.6654876493710588,0.015678,0.015677603822688457,1.9994545590609214,1.9998370975896995,1.9999998582990717,158.0,372.0,-0.6542555,0.2684953,0.2648618,0.0324833,-0.0297118,-0.3531845,-0.0304524,-0.3679302,-0.8596282,0.8933649,0.9864671,0.1209827,-0.1106605,686.0,372.0,0.6606475,0.1533965,0.1439348,0.0529992,0.0020909,0.1502173,0.4043545,-0.0485482,-0.9008747,0.8948179,0.9383182,0.3455043,0.0136308,-0.0012121212121212121,1.0,3.707114325566256e-05,289.7897172186588,0.0,256,4.979924410438325e-12,2.373479680958473e-13,6.336040070664898e-13,8.183192659617023e-10,7.718549765257344e-06,-4.0384494121740675e-14,20.781360953210996,6.320338561713099,7.84696577126882,3.105735558194612,1.221479359310135,1.5389631449208248,-0.03640324310789442,4.544139033765069e-06,0.18232199453604245,0.19500279972261803,0.023355847722294834,1.4509592474130666,621.5003704283313,289.7896174427137,0.6091702703129126,0.6091702828553927,0.609170287691686,0.7614628535692408,1.3930888424366027e-07,372,0.8677,0.8677,-0.00677,-0.097565,2,0.7797,0.998,-0.000597,16.103,8.0515,2.0,0.2358,1.0,0.25735,0.15903,1.27711,0.1617,0.8986,1.0473,1.1654,0.5006,2.1937,1.9151,0.0836,0.0,8.4499,3.8519,80,0.2197,-0.8608,38,0.1404,-0.9878,-1.0,0.427019,0.2443029,0.2721737,-0.1330966,0.033203,0.0406955,0.1430848,60.0,312.0,0.160026,0.1369253,0.0777927,0.1053513,0.0359758,0.0216,0.1134007,271.0,101.0
41,825,138466,7.868374814668209e-11,4.3546027270494124e-05,1.371740231184358e-05,4.3546027270494124e-05,1.1329140491481868,8.868383366904162,7.52704485783841,-27.314421918363674,32.732216041023605,0.023192797540977438,32.732216041023605,0.00011931028944722755,12.565902945185035,3.7242765473922237,-1.2153205260737128,1.1769896600558114,0.020686283969998047,1.2153205260737128,0.15048311226698077,2.451150508078753,1.2963067328230915,0.15046367789209208,1.2161159778091926,0.7680117341329609,0.1858206196555728,0.5789088789281676,0.3410530171012232,0.004154422069885033,1.414201999950219,0.899411483437648,0.006051915806422664,-0.5207551102808117,0,0,0,0.0043026435816143245,0.6683326894077419,373,0.8976,0.04148,0.5081498492613433,0.03634840995675378,0.538179770080646,0.004779823320921443,0.004302752066074583,1.110875841210645,0.001950313710998631,0.04796701276950982,358,15,0,0,0,0.8976,373,0.6683326894077419,0.02193,0.021929945541322216,1.9994236493042645,1.999828357012481,1.9999997805434764,236.0,372.0,0.5203733,0.254551,0.2494562,-0.0332636,0.0382278,-0.4538354,0.400846,0.1470922,-0.7821252,0.9116325,0.979985,-0.1306756,0.1501772,686.0,372.0,-0.6493508,0.2033421,0.2012394,0.0220595,0.0190806,-0.2833308,0.4372447,-0.3029529,-0.7979726,0.870464,0.9896596,0.1084847,0.0938351,-0.0012121212121212121,1.0,4.0370268112965357e-05,289.7900647793882,0.0,256,2.4335990403874423e-12,2.070710735062751e-13,3.2319521113400097e-13,1.3012714837154961e-09,8.354816642735772e-06,2.8978970193863535e-14,24.597098014764263,5.86890971565347,7.211810591901232,3.0942895495428533,1.4001494963158185,1.710203180743323,-0.14950258586259488,4.754562529549728e-06,0.16422484048480146,0.235604089463032,0.031673875068883486,2.104782221621794,621.5011985552011,289.79000357694656,0.6091702689458289,0.6091702822905855,0.6091702876916942,0.7614628528632318,1.502675272887098e-07,372,0.8655,0.8655,-0.00563,0.083617,2,0.777,0.9977,0.000504,16.096,8.048,2.0,0.2378,1.0,0.26142,0.16379,1.27725,0.16094,0.8974,1.0485,1.1685,0.5006,2.1928,1.9144,0.0835,0.0,8.4465,3.8519,80,0.1705,-0.6508,38,0.1919,-0.762,-1.0,0.2930398,0.1331776,0.3750721,0.1859856,-0.0277204,0.0336636,0.1910295,265.0,107.0,0.2162202,0.202888,0.0318108,-0.1301428,-0.022943,0.0072399,0.1323478,66.0,306.0
42,825,138466,1.5717659775588037e-11,4.354654801453536e-05,1.352610629799553e-05,4.354654801453536e-05,1.1300156491072721,8.875728262387033,7.527099724379411,-27.768239075960384,32.73309075432148,-0.10047782660619588,32.73309075432148,0.00036291015596190515,12.565750302708043,3.713468738523156,-1.215851375559503,1.1820128188460823,0.020681303608709588,1.215851375559503,0.1504831268698315,2.4511505076313465,1.2963067378457551,0.15048285007049625,1.2207556154284105,0.78070446152203,0.18582063379768843,0.5789088930702831,0.3410530312433388,0.008295330064328366,1.4142075854074676,0.9346056905448953,0.006578047240551047,-0.5207551202384304,0,0,0,0.004356311441744988,0.6715231232823996,373,0.8956,0.04231,0.5077199071922082,0.038644203008749156,0.5395707926428662,0.004979102459380042,0.00435688085443786,1.1428135461423956,0.00205665619737812,0.06481804793230103,358,15,0,0,0,0.8956,373,0.6715231232823996,-0.023793,-0.02379261161532531,1.9994380006109052,1.99982906382597,1.9999998602823728,158.0,372.0,-0.5120532,0.2545006,0.2490418,-0.0341392,0.0397903,-0.4624253,0.3961739,0.1459047,-0.7796928,0.8903944,0.9785508,-0.1341421,0.1563464,686.0,372.0,0.5127127,0.2011428,0.1992268,0.0230003,0.015431,-0.3794784,0.3535353,-0.3019517,-0.7998963,0.890563,0.9904742,0.1143479,0.0767164,-0.0012121212121212121,1.0,4.3546027270494124e-05,289.7900035774904,0.0,256,1.3878859587420744e-12,2.2934724341197934e-13,3.349775893167921e-13,9.836430909410534e-10,8.240559744149364e-06,3.326934716880187e-14,31.47632423916777,8.739344266962659,10.887670744000948,3.093734459304118,1.3996038582116415,1.710390613194551,-0.15081231387109828,5.02456753060514e-06,0.16422717612173152,0.000744816913993454,0.048137126233536914,1.4835623010699002,621.5011085449976,289.78996160750665,0.609170268945604,0.6091702823534862,0.6091702876917213,0.7614628529418578,1.5026934602212026e-07,372,0.8623,0.8623,-0.00658,-0.008005,2,0.7725,0.9978,-0.000531,16.105,8.0524,2.0,0.2364,1.0,0.2604,0.16592,1.27706,0.16114,0.9025,1.0433,1.156,0.5006,2.1919,1.9136,0.0835,0.0,8.443,3.8519,80,0.0703,-0.4621,38,0.187,-0.5369,0.0,0.3615809,0.2264175,0.2298705,-0.0776969,-0.0038537,-0.0578403,0.0969389,84.0,288.0,0.2245501,0.1949432,0.070578,0.1394645,-0.0242663,-0.0412971,0.1474606,248.0,124.0
43,825,138466,1.8192940889730335e-11,4.7691030359972445e-05,1.4724285396064435e-05,4.7691030359972445e-05,1.126997772826539,8.8834653290757,7.527158317211769,-28.542893984836724,32.73168174663202,0.0033233864519388655,32.73168174663202,5.184249226353188e-05,12.56561892668616,3.6664336427505426,-1.2203320570573113,1.1744719979880203,0.020900372178636797,1.2203320570573113,0.15807593819312513,2.450553572194975,1.298695954087406,0.15796910182524943,1.2790849825345434,0.7741443968863749,0.18672591757544574,0.5930508447899053,0.35004714607771537,0.007175547028931528,1.4142103296415267,0.9364942158314672,0.0072741126629177495,-0.5278785286758653,0,0,0,0.0044594014982712845,0.6736538257022959,373,0.8924,0.04266,0.5094187045278723,0.038812641474312425,0.5410973155495548,0.004993534851719408,0.004459537201862124,1.1197428400494804,0.002070340544292726,0.05048108617088665,358,15,0,0,0,0.8924,373,0.6736538257022959,0.025196,0.02519623518616476,1.9993968511313676,1.9998221670514305,1.9999999099594865,236.0,372.0,0.6607026,0.3078409,0.3057723,-0.0323568,-0.0149117,0.0884873,0.1419269,-0.0078479,-0.9858829,0.9088466,0.9932803,-0.1051087,-0.0484398,686.0,372.0,-0.8308056,0.1847944,0.1684635,-0.0060297,0.0757144,0.306648,-0.8400482,0.1696342,-0.414138,0.8666226,0.9116265,-0.032629,0.4097225,-0.0012121212121212121,1.0,4.354654801453536e-05,289.7902856660188,0.0,256,2.5990802457984698e-12,1.6450190021692624e-13,4.641496124072476e-13,1.5641591229478104e-09,8.970498465653614e-06,8.488003135855634e-15,31.52034021344062,7.017897274965865,9.169149064064847,3.14048773394782,1.2304550463047543,1.5576964512328086,-0.14968760959363825,4.998063724079753e-06,0.182200229936329,0.1368612893036321,0.0217252945791139,0.7781869107329734,621.5016960734944,289.7902355569143,0.6091702671614961,0.6091702819362732,0.6091702876917202,0.7614628524203415,1.6457086715955276e-07,372,0.8614,0.8614,-0.0053,0.045399,2,0.7688,0.9975,0.000561,16.096,8.0481,2.0,0.2332,1.0,0.2569,0.17157,1.27693,0.16023,0.8996,1.0462,1.163,0.5006,2.1904,1.9123,0.0834,0.0,8.4372,3.8519,80,0.0386,0.7761,38,0.1095,-0.2934,2.0,0.3121175,0.2910971,0.0348473,0.2071342,-0.0339571,-0.0197273,0.2108242,294.0,78.0,0.1991557,0.2015993,-0.0060975,-0.1773547,0.0251617,-0.0494402,0.1858282,37.0,335.0
44,825,138466,7.724844732962346e-12,5.1267712809476194e-05,1.5748983529044908e-05,5.1267712809476194e-05,1.123858350750213,8.89138463912923,7.527217536579512,-29.345142631939297,32.735948443854674,0.02912460171977269,32.735948443854674,0.00017577539785662566,12.564095181116782,3.6518297439613403,-1.2244755042919822,1.183948608648117,0.021062045658847412,1.2244755042919822,0.159681184542155,2.44966783005646,1.3010820635091631,0.1388691427263402,1.313788482421056,0.7882732165449067,0.19153833856215963,0.6063121992929179,0.3586287190841022,0.0008436503642726967,1.414207490894928,0.8420045416610215,0.00801568875820688,-0.53482984918247,0,0,0,0.004916520112459926,0.6769666152727655,373,0.8909,0.04337,0.511050114820532,0.03930304600422271,0.5464174772069235,0.00567630968677685,0.0049172742391163805,1.1543610160325053,0.002383633394104335,0.06847145869386015,358,15,0,0,0,0.8909,373,0.6769666152727655,0.000804,0.0008043878999484111,1.9993758338918168,1.9998170153573265,1.9999999318759574,158.0,372.0,-0.6961476,0.211662,0.2085198,-0.0362259,0.0028271,-0.3060524,0.1093625,0.0573268,-0.9439732,0.8833918,0.9851545,-0.1711499,0.0133569,686.0,372.0,0.6747578,0.1524424,0.1434168,-0.0089509,-0.0508942,0.0916526,-0.8578303,-0.0399315,-0.5041154,0.8910828,0.9407928,-0.0587169,-0.3338581,-0.0012121212121212121,1.0,4.7691030359972445e-05,289.7905556225124,0.0,256,3.8871936879594066e-12,2.5142776417526984e-13,6.830907589056418e-13,1.5289925735679888e-09,9.723606622681505e-06,-6.466766854309757e-14,24.508187199148033,6.999218363192053,8.631843963151073,3.1403267003794353,1.1918520494693294,1.5067303191382382,-0.02260363798320053,5.245917198135649e-06,0.13824229770028693,0.2157809013346433,0.023806821511792208,1.3274818123942629,621.5022440553676,289.7904910667498,0.6091702656218233,0.6091702815330006,0.6091702876917248,0.7614628519162506,1.7691302644456782e-07,372,0.8604,0.8633,-0.00584,-0.002189,2,0.7668,0.9972,-0.000531,16.104,8.052,2.0,0.2356,1.0,0.25689,0.17473,1.27659,0.16044,0.8986,1.0472,1.1654,0.5006,2.1888,1.9109,0.0834,0.0,8.4309,3.8518,80,0.1031,0.3297,38,0.0205,0.9637,1.0,0.1722679,0.2315949,-0.1468989,-0.1722096,0.0569665,0.0286577,0.1836371,54.0,318.0,0.1704536,0.1089577,0.2200907,0.1144291,-0.0047564,-0.0708427,0.1346675,277.0,95.0
45,825,138466,2.2432317434885512e-11,5.53146509405038e-05,1.717646580341624e-05,5.53146509405038e-05,1.1206056281134593,8.899541885755964,7.527278879619136,-29.675843250100236,32.74607336115416,0.03788110293826404,32.74607336115416,0.0004997034369402797,12.565474271548286,3.623888233674643,-1.2303481936757887,1.203836144629379,0.021298281233943922,1.2303481936757887,0.1603945192974828,2.44851553166884,1.3035885126356785,0.1774806072679858,1.2598301007161854,0.7769686733239966,0.19210252676774542,0.618991363308436,0.36763953231236757,0.0008741526211780704,1.41420461294035,0.8263879152498852,0.00880383204261598,-0.5417002975376094,0,0,0,0.005239455023219271,0.6795062099016825,373,0.8925,0.04407,0.5126360345183341,0.036974703561573716,0.5488170010330806,0.00590747173109051,0.005239622712510808,1.1274612801767308,0.002502018196720719,0.05214141485368582,358,15,0,0,0,0.8925,373,0.6795062099016825,0.022744,0.022744067366208487,1.9993458212439075,1.9998082716597345,1.9999999412003098,236.0,372.0,0.5667693,0.3114456,0.308378,0.0266012,-0.0345511,0.5308973,-0.1887999,-0.3774971,-0.734846,0.9015023,0.9901503,0.0854119,-0.1109379,686.0,372.0,-0.7254206,0.1210987,0.113292,0.0073119,-0.0421468,-0.209693,-0.5970907,-0.0838646,-0.7697261,0.865108,0.9355346,0.0603795,-0.3480364,-0.0012121212121212121,1.0,5.1267712809476194e-05,289.79087285005426,0.0,256,2.9286104282628436e-12,1.370852811276142e-13,2.9027260326818714e-13,2.2129489750457766e-09,1.0634571951062385e-05,3.267820959748139e-14,24.451457501687088,6.558607102697295,8.115311160289195,3.1246181791493246,1.2588999850303986,1.5582821573477061,-0.17068113033084592,5.346609287219997e-06,0.17496870010571708,0.2731187580044749,0.044438774929161116,1.0710362320449904,621.5029998177022,289.79084345926356,0.6091702638797197,0.6091702809544189,0.6091702876917183,0.7614628511930236,1.90877842378341e-07,372,0.8573,0.8631,-0.00491,0.02453,2,0.7652,0.9967,0.000418,16.097,8.0484,2.0,0.2384,1.0,0.26176,0.17931,1.27659,0.16209,0.8979,1.0478,1.167,0.5006,2.1871,1.9094,0.0833,0.0,8.4243,3.8518,80,0.1509,-0.0932,38,0.1237,-0.072,4.0,0.3377853,0.2162511,0.2193616,0.2159244,0.0175948,-0.022369,0.2177919,275.0,97.0,0.1752523,0.1144417,0.2099133,-0.0651881,-0.0077747,0.0409659,0.077383,57.0,315.0
46,825,138466,1.3107463875308205e-10,5.942425206317268e-05,1.8292214053817633e-05,5.942425206317268e-05,1.1172389601572892,8.907828713416333,7.527340429334568,-29.6703619663366,32.74644916243964,-0.10282258611788762,32.74644916243964,0.001779951091672414,12.56623672791646,3.58234301591267,-1.2339971153801148,1.2208331885185244,0.021544059555439123,1.2339971153801148,0.16373407674970114,2.447102592699546,1.3062080748026799,0.1832954764403386,1.2192425758930385,0.7846009884321611,0.19365233942523444,0.6330549643271989,0.3765123882592489,0.005719685604698155,1.414202560512188,0.8385145367410057,0.00965448389800523,-0.548422982162304,0,0,0,0.005806198502480728,0.6829487258575442,373,0.8937,0.04601,0.514138868351642,0.03951811661426583,0.5541536853847344,0.006711936845461624,0.005807039094366894,1.1558277353380528,0.0028824418649749804,0.07076137999477702,358,15,0,0,0,0.8937,373,0.6829487258575442,-0.010811,-0.010811207790294874,1.9993281545810804,1.9998016218473476,1.9999997630524413,158.0,372.0,-0.4836811,0.237108,0.2296029,-0.0318578,-0.0498777,0.3447725,0.1866485,-0.3837028,-0.8361019,0.8793072,0.9683473,-0.1343601,-0.2103588,686.0,372.0,0.454079,0.163128,0.1612864,0.0182152,0.0162984,-0.3414973,-0.2434889,-0.0179296,-0.9076185,0.886347,0.9887109,0.1116623,0.0999119,-0.0012121212121212121,1.0,5.53146509405038e-05,289.79121491554076,0.0,256,4.526406392006964e-12,2.6069276964099984e-13,8.197004388912606e-13,2.371271021983822e-09,1.1342157367054764e-05,-3.8693476327379664e-14,19.719610261162668,5.493643708442352,6.672084912425063,3.1242225331410225,1.1023835180419466,1.4430868737593132,-0.1120622926644963,5.667500302770549e-06,0.15101989230262458,0.16077915678088545,0.01371644355910312,1.5306445513979081,621.5035390636662,289.7910948957695,0.609170262110645,0.6091702805257242,0.6091702876916716,0.7614628506571552,2.0505893076026397e-07,372,0.8534,0.8589,-0.00575,0.034592,2,0.7628,0.9964,-0.000433,16.104,8.0521,2.0,0.239,1.0,0.26188,0.17991,1.27645,0.16177,0.9031,1.0426,1.1545,0.5006,2.2894,1.8731,0.0832,0.0,8.4174,3.6767,80,0.1362,-0.4382,37,0.2057,-0.2806,4.0,0.2942795,0.2197842,0.1449146,-0.0819207,-0.0030057,0.0420737,0.0921424,93.0,279.0,0.1672408,0.1575832,0.0297319,0.0792129,0.0171471,-0.0094622,0.0815981,239.0,133.0
47,825,138466,2.29200700079701e-11,6.393206686532584e-05,1.9717308407272317e-05,6.393206686532584e-05,1.1137602560535649,8.916325446546583,7.527404157142584,-29.660887742549274,32.739423193439016,-0.02896943881132334,32.739423193439016,0.0014159644104552171,12.564631685042869,3.629887268832007,-1.2401387729286826,1.2426290644202485,0.021887844056131395,1.2426290644202485,0.1655187075098794,2.445424976507812,1.3087077602918806,0.19364164884280285,1.2248644200418892,0.7884666884843583,0.1954522756183354,0.6471969259057107,0.38563761408143155,0.0008571299981647851,1.414206224398059,0.9369692636932186,0.010501685776216161,-0.555012252868157,0,0,0,0.005991835789454417,0.6852162094408747,373,0.8938,0.04792,0.5159369856865959,0.039081916089031186,0.5555793831222466,0.006738451631310614,0.005991937011189326,1.1245865266486028,0.0029076328526975604,0.051977864700656275,359,14,0,0,0,0.8938,373,0.6852162094408747,0.018582,0.018582184196255014,1.9992975038533414,1.9997937180908996,1.9999999356826397,236.0,372.0,0.6603546,0.217257,0.1863517,-0.0884073,0.0682482,0.5083444,0.5411924,0.2171999,-0.6336568,0.9004727,0.8577476,-0.4069248,0.3141359,686.0,372.0,-0.8608059,0.1293212,0.1177481,0.022715,-0.0484085,0.0638638,-0.2750445,-0.0217167,-0.9590622,0.862397,0.9105091,0.1756477,-0.3743276,-0.0012121212121212121,1.0,5.942425206317268e-05,289.79150642487525,0.0,256,2.908242575556729e-12,1.2299600922253023e-13,2.7061235796585925e-13,1.9832178711939375e-09,1.219339547130327e-05,-6.9245096872236634e-15,22.881736223969483,5.580149966683152,6.740783163727001,3.139613407780002,1.1747711370078455,1.472357592354738,0.05617244071267224,5.810570875042649e-06,0.12365023298971005,0.3015328025347529,0.05598195365794009,0.9129943753463453,621.5041170662215,289.791364403476,0.6091702601701519,0.6091702800515412,0.6091702876917182,0.7614628500644264,2.206141200823132e-07,372,0.8482,0.8536,-0.00482,0.010223,2,0.7582,0.9964,0.00076,16.095,8.0475,2.0,0.2332,1.0,0.25791,0.18576,1.2764,0.15996,0.8993,1.0464,1.1636,0.5006,2.2872,1.8714,0.0832,0.0,8.4096,3.6768,80,0.0742,-0.8596,38,0.1626,-0.5797,1.0,0.2717089,0.1009157,0.4583517,0.2068179,-0.1020113,0.0443551,0.2348346,296.0,76.0,0.2561814,0.1211386,0.3578999,-0.0906364,-0.0056718,0.0327226,0.0965292,35.0,337.0
48,825,138466,2.6967965863085786e-11,6.727160221084522e-05,2.0884650772584108e-05,6.727160221084522e-05,1.1101703570299226,8.92483751780097,7.527465904773819,-29.674420737677732,32.72728436159356,0.026179847056939265,32.72728436159356,0.001814295482123177,12.56536140970957,3.6329835778199864,-1.2470500127756192,1.254115520210665,0.022075385046208214,1.254115520210665,0.1667132331322863,2.4434824285207593,1.3112320607056471,0.20624519733335167,1.2618806531778537,0.797085589551979,0.1975118129890399,0.6612133505711448,0.3942655895539704,0.0002714345808292329,1.414206985430815,0.9583746766958795,0.011373748374232603,-0.5614577781119738,0,0,0,0.006646454592516031,0.6887061097868665,373,0.894,0.04906,0.5175908670504322,0.040652119385545256,0.5613890112548607,0.007674164084809865,0.006647343463595001,1.1544708238469057,0.0033564437390830393,0.07949790200403604,358,15,0,0,0,0.894,373,0.6887061097868665,0.009485,0.0094853704036153,1.9992579658632847,1.9997882629256405,1.9999998788761595,158.0,372.0,-0.6953593,0.272644,0.2667079,-0.0466994,0.0319505,0.3270241,0.3433135,-0.3010541,-0.8273799,0.8756151,0.9782275,-0.1712835,0.1171877,686.0,372.0,0.6793271,0.1387281,0.1236811,0.0471558,-0.0415307,0.5060466,-0.5188875,-0.050943,-0.6870789,0.8821282,0.8915361,0.3399152,-0.2993679,-0.0012121212121212121,1.0,6.393206686532584e-05,289.7917454383827,0.0,256,4.217411233957809e-12,2.2007095821751228e-13,4.90109819082803e-13,3.0082560880635126e-09,1.3058251786836351e-05,-5.7121297865026215e-15,21.82722640278705,6.297516269045266,7.760362917115262,3.1396147915393957,1.1742009338880113,1.483043762704892,0.09352399530726072,6.0202885453574615e-06,0.1473480003821134,0.4626109160599711,0.045136235035346015,2.645613358720577,621.5047337365957,289.79165194099056,0.6091702587325885,0.6091702795288918,0.6091702876917164,0.7614628494111148,2.321378195688796e-07,372,0.8447,0.8501,-0.00623,0.046007,2,0.7553,0.9968,-0.00039,16.102,8.051,2.0,0.2378,1.0,0.25998,0.18915,1.27628,0.16204,0.8983,1.0473,1.1658,0.5006,2.2846,1.8692,0.0831,0.0,8.3999,3.6767,80,0.0373,-0.4506,37,0.0667,-0.8652,0.0,0.3993554,0.2519946,0.226239,-0.1470128,0.0283538,-0.0436829,0.1559644,52.0,320.0,0.1511913,0.1173209,0.1261409,0.0888971,0.0529964,-0.0546206,0.1170244,279.0,93.0
49,825,138466,2.0104319459688557e-11,7.166112415484192e-05,2.2505700215943383e-05,7.166112415484192e-05,1.1064662290210125,8.933439294080877,7.527528056353671,-27.32847788465698,32.72097283980814,0.04422343059041156,32.72097283980814,0.001050842992281531,12.566248084151146,3.6811245150543264,-1.2502454489998476,1.2651234589429594,0.022359769744741676,1.2651234589429594,0.17050056398103128,2.4412609428526313,1.3145280353444833,0.21364063075482356,1.220349401076199,0.7928440252348523,0.2006242198734541,0.6753280733492949,0.40341402284318933,0.002064167487341506,1.4142029184547493,0.8847944988975502,0.012204741384482111,-0.5678275042239498,0,0,0,0.0070114450731107525,0.6914626180581331,373,0.8929,0.05006,0.5200704147548404,0.0379242826071993,0.5634698518122794,0.007883552233299883,0.007011624737499942,1.1243545581007284,0.0034752435908172842,0.048590035114291864,360,13,0,0,0,0.8929,373,0.6914626180581331,0.054644,0.05464371164321613,1.9992467404601086,1.9997798310144288,1.9999999058560876,236.0,372.0,0.6267242,0.2783981,0.275859,-0.0370782,0.005704,-0.2372111,0.5929059,-0.2850589,-0.7147971,0.8992429,0.9908795,-0.133184,0.0204888,686.0,372.0,-0.7936371,0.174697,0.1701475,0.0396064,-0.000424,0.483949,-0.2611924,-0.2449113,-0.7984925,0.855697,0.9739581,0.2267149,-0.0024268,-0.0012121212121212121,1.0,6.727160221084522e-05,289.7920631863645,0.0,256,9.02993325826518e-12,6.529434999066752e-13,1.2497128419847208e-12,2.4480042857716695e-09,1.4077070201618731e-05,-8.7454187843124e-14,23.882600129739465,7.01617042644658,8.511810652745035,3.1360239047302807,1.2568080714719958,1.5851204014580267,0.198672201976288,6.224255712791669e-06,0.174495390806838,0.23831650062832457,0.05168620547224378,1.7443872571822951,621.5054158396545,289.7919699880809,0.6091702568430327,0.6091702789306517,0.6091702876917194,0.7614628486633146,2.4728471309190977e-07,372,0.8402,0.8457,-0.00502,0.000621,2,0.7503,0.9972,0.000498,16.096,8.0479,2.0,0.2385,1.0,0.26245,0.193,1.2764,0.16287,0.8975,1.048,1.1676,0.5006,2.2821,1.8672,0.083,0.0,8.3909,3.6768,80,0.0789,0.3866,37,0.1081,-0.4485,0.0,0.301667,0.2182975,0.160337,0.207915,-0.0380965,-0.0392672,0.2149928,286.0,86.0,0.3824626,0.1528508,0.4289297,-0.0993894,-0.0083068,-0.015163,0.100882,46.0,326.0
50,825,138466,1.974822818278933e-11,7.605065466547323e-05,2.3770974051663157e-05,7.605065466547323e-05,1.1026544424869442,8.94195907647073,7.527587478825976,-29.68272919345917,32.71446840974346,-0.13747351374528302,32.71446840974346,2.71850290047837e-05,12.562856484232011,3.715853304247172,-1.2575812443546264,1.28909124121691,0.02241754527307594,1.28909124121691,0.17499685811632618,2.4387549099075874,1.3175444195972528,0.22582746998216996,1.2718228333788484,0.8029842389946666,0.20467551665635547,0.6894681660133364,0.4120158137630558,0.0016136621456894762,1.414204042875077,0.8788073028817653,0.012993439952004238,-0.5740515672565596,0,0,0,0.007692390965650021,0.6951418766292601,373,0.8907,0.05025,0.5223383881028515,0.03929582289582547,0.5696760677659988,0.00890850031184702,0.007693678588123442,1.1578986839401988,0.003987992543519313,0.06675887064014144,360,13,0,0,0,0.8907,373,0.6951418766292601,-0.0024,-0.0024002463158734333,1.9992065597129682,1.9997741696768565,1.999999750121122,158.0,372.0,-0.4311132,0.2117477,0.2060291,-0.0488769,0.0003588,0.5558181,0.5667182,0.4725351,0.3828933,0.8751668,0.9729936,-0.230826,0.0016945,686.0,372.0,0.383321,0.113553,0.1055214,-0.0072972,0.0413071,0.8020031,-0.3216648,-0.1985539,-0.4624923,0.8792022,0.9292697,-0.0642622,0.3637695,-0.0012121212121212121,1.0,7.166112415484192e-05,289.79231548439856,0.0,256,6.1402536759743504e-12,2.8114898661695283e-13,6.702256087427272e-13,3.5025367611713364e-09,1.4903524928937823e-05,-7.012851068444305e-14,32.099288103683435,9.72293042072697,12.196928741313284,3.129836980790398,1.1531307396827941,1.4688926705768277,-0.15769692525822765,6.545990695932187e-06,0.11943346209110997,0.3413590123742334,0.054564756340890266,1.811688205332511,621.5059575757452,289.79222258566887,0.6091702549534758,0.6091702784404559,0.6091702876917195,0.7614628480505699,2.6243166219890874e-07,372,0.8405,0.8484,-0.00625,-0.006889,2,0.7488,0.9977,-0.000549,16.104,8.0518,2.0,0.2409,1.0,0.26469,0.1921,1.27639,0.16105,0.903,1.0425,1.1545,0.5006,2.2789,1.8646,0.0829,0.0,8.379,3.6768,80,0.0742,0.6146,37,0.2004,-0.2452,2.0,0.2699102,0.1978569,0.1540367,-0.0635823,0.0218551,0.0501962,0.0839048,103.0,269.0,0.1780437,0.0905537,0.3257294,0.0980603,-0.0062922,0.0966399,0.1378212,229.0,143.0
51,825,138466,2.5744326273826132e-12,7.792678490989408e-05,2.5130908816523368e-05,7.792678490989408e-05,1.098736932961069,8.949842613269272,7.527644727965216,-29.669803993956954,32.70980396717905,-0.1220604309648708,32.70980396717905,0.0007534444641255078,12.564687101210868,3.7067085073312573,-1.2647706589287449,1.3051050342022066,0.022464472322436254,1.3051050342022066,0.1781782988858361,2.4359837266912936,1.3214850225400032,0.2342920931884748,1.1644655767060967,0.7993243325387583,0.213858784866745,0.7036100916541249,0.4208038868998735,0.009804160936298545,1.414200987946435,0.8807640881741642,0.013792612154893934,-0.5801314801089587,0,0,0,0.007922643117647914,0.697646841601102,373,0.8865,0.04757,0.5256151793157126,0.03718262695363105,0.5712876884319542,0.009002827965531809,0.007922971233793843,1.1362944152986514,0.004052791945204143,0.053297243851384575,359,14,0,0,0,0.8865,373,0.697646841601102,-0.008281,-0.008280984944406988,1.999220484719166,1.9997660130593462,1.9999999198484593,236.0,372.0,0.6672512,0.2162737,0.2013541,-0.0409252,0.0674978,0.756253,0.0216468,0.1070382,-0.6451013,0.8905634,0.9310154,-0.1892286,0.3120944,686.0,372.0,-0.882003,0.1401856,0.1214781,0.0603894,-0.0353298,0.5915388,-0.7449035,-0.0969885,0.2929059,0.8570618,0.866552,0.4307816,-0.2520214,-0.0012121212121212121,1.0,7.605065426954725e-05,289.79267668709025,0.0,256,2.5235852538520535e-12,1.7401575784554272e-13,3.472701009922657e-13,4.134032710981791e-09,1.5425548060181472e-05,6.991115782001124e-15,31.53744882983956,9.484417823196171,11.88644422488998,3.1190768703766607,1.3278569333573988,1.6418959710955818,0.006566013612231067,6.655842790365453e-06,0.13546994063015821,0.2296707194270843,0.04260816451327078,1.4030269784348934,621.5064927086263,289.7924721043502,0.609170254145885,0.609170277943138,0.609170287691727,0.7614628474289226,2.6890548378990927e-07,372,0.838,0.8458,-0.00507,-0.109834,2,0.743,0.998,0.000594,16.093,8.0464,2.0,0.2335,1.0,0.25936,0.19946,1.27653,0.16285,0.901,1.0444,1.1592,0.5006,2.2755,1.8618,0.0827,0.0,8.3664,3.6767,80,0.0674,0.9974,37,0.1762,-0.2452,4.0,0.213277,0.2940885,-0.1592768,0.1454988,0.0073491,0.0032647,0.1457208,301.0,71.0,0.3682277,0.1263189,0.4891527,-0.0881137,-0.0353682,0.0231381,0.0977257,31.0,341.0
52,825,138466,3.3261364311942936e-11,7.690956910423064e-05,2.4898319536474477e-05,7.690956910423064e-05,1.0949008177096946,8.956575767120533,7.527674433145913,-28.661548697667268,32.71318849608194,0.011747191875468138,32.71318849608194,0.0041849913805616645,12.566173331838803,3.664877995382064,-1.2660413575225786,1.3086551784405287,0.022528319826041733,1.3086551784405287,0.17817830630557002,2.4359837237952333,1.32148502817089,0.23429309484685615,1.2195346737931145,0.800156938425715,0.21385879900886062,0.7036101057962405,0.4208039010419891,0.014171837194955406,1.4142077872401537,0.9310965325636226,0.014530124918051512,-0.5801314885315252,0,0,0,0.008107955366185119,0.7010722084448413,373,0.8836,0.04492,0.5260101541617045,0.03630386372379241,0.5745683475146229,0.009498415395049108,0.008109201927069824,1.1713132168212343,0.004335084801247186,0.060271438608865524,361,12,0,0,0,0.8833,372,0.7002657319771577,0.011556,0.011556307180110581,1.9991769406037563,1.9997678451487026,1.9999998909125578,99.0,372.0,-0.7299038,0.2179634,0.2032723,-0.0425885,0.0661411,0.773646,0.0298688,0.0447723,-0.6313281,0.8639869,0.9325983,-0.1953928,0.3034503,686.0,372.0,0.6898619,0.1424555,0.1234117,0.0597201,-0.0386864,0.6143423,-0.7378609,-0.0321544,0.2776885,0.8786234,0.8663176,0.4192191,-0.2715681,-0.0012121212121212121,1.0,7.792678490989408e-05,289.79247210518935,0.0,256,4.479587455776322e-12,2.1895088085852352e-13,5.699129924685444e-13,2.5722780257313785e-09,1.540394479409141e-05,-1.732276151369407e-14,30.901627924449294,9.720238409377806,12.265035677966607,3.1412868967273138,1.328424437670709,1.6391164101950721,-0.016279076869372633,6.909365147670904e-06,0.13534965551931977,0.0007427907717327155,0.04507814442743556,2.4262349951570217,621.5065523586321,289.7924999176118,0.6091702545837734,0.609170277886895,0.6091702876917138,0.7614628473586188,2.6539530569664876e-07,372,0.8367,0.8479,-0.00457,-0.004157,2,0.7395,0.9982,-0.000637,16.1,8.05,2.0,0.2376,1.0,0.25972,0.20261,1.2765,0.16302,0.8991,1.0462,1.1636,0.5006,2.3763,1.8253,0.0827,0.0,8.3572,3.5169,80,0.0862,0.5073,37,0.0676,-0.7174,3.0,0.1586229,0.2503478,-0.2242823,-0.211878,0.0413572,-0.0241889,0.2172276,49.0,323.0,0.1383458,0.1702477,-0.1033786,0.0839045,0.027348,-0.0253033,0.0918049,283.0,89.0
53,826,138467,0.0,8.150723762576514e-05,2.6609109503450834e-05,8.150723762576514e-05,1.082148533973325,8.953834912336125,7.528394551914991,-27.2578189275655,32.70723518631003,0.03190925034202339,32.70723518631003,0.0007065072410465945,12.564893710310454,3.6980555122086662,-1.271321387509263,1.3221219942908071,0.023334267027039213,1.3221219942908071,0.182607574802881,2.432964948381386,1.3244825034315368,0.246296562378528,1.1932202498818094,0.8042505347504727,0.0,0.7175337030599108,0.4290914310981572,1.0,1.0,1.0,0.015367950603616811,-0.5860775029537738,0,0,0,0.008441337717795067,0.7036202989472186,373,0.8809,0.04319,0.5289191477186487,0.032408364100226086,0.5770249085780491,0.009659475562613894,0.008441602411009847,1.144270375730519,0.004446162600947709,0.04829018889106565,359,14,0,0,0,0.8806,372,0.7028138988244985,0.082013,0.08201344160507196,1.9991940359289397,1.999758981254975,1.9999998034526514,236.0,372.0,0.5721713,0.7504341,0.7503944,0.0,0.0077179,0.3195047,-0.5623413,0.7189805,-0.2544721,0.882534,0.9999471,0.0,0.0102846,686.0,372.0,-0.7614998,0.7710885,0.7709422,0.0,0.0150177,0.00694,-0.2742929,-0.8141273,0.5117734,0.8509175,0.9998103,0.0,0.019476,-0.0012121212121212121,1.0,7.690956910423064e-05,289.79285164984213,0.0,256,5.281009045464543e-12,2.706383183926095e-13,5.754459225153262e-13,3.864955348279106e-09,1.6475128389050213e-05,3.3518437397225206e-14,33.49353241390605,9.35046358617423,11.81791834871104,0.0,0.0,0.0,0.0,6.889737878477591e-06,0.7635884281265285,0.18398014397193485,0.022623801881242342,1.713565721237624,621.507231808016,289.7928167273618,0.6091702526046212,0.6091702772348433,0.609170287691728,0.7614628465435541,2.812603795574666e-07,373,0.8311,0.8413,-0.00301,0.005428,2,0.7321,0.9983,0.000401,16.092,8.046,2.0,0.2388,1.0,0.26432,0.20651,1.27602,0.16251,0.8979,1.0476,1.1667,0.5,2.3768,1.8257,0.0827,0.0,8.3705,3.5218,80,0.0942,0.1033,37,0.1101,-0.2083,3.0,0.7511044,0.7481961,0.0019398,0.4304591,0.0,-0.0025395,0.4304666,280.0,92.0,0.7690201,0.7761263,-0.004599,-0.5959758,0.0,0.039996,0.5973164,52.0,320.0
54,826,138467,3.633919321707954e-12,8.676311415425064e-05,2.8463304510818706e-05,8.676311415425064e-05,1.0781726611501943,8.960959151772899,7.52844046386132,-28.04272610646598,32.70327113157827,-0.18062007505557987,32.70327113157827,0.0009614954675374321,12.564551973671636,3.727180579707398,-1.2823819783439234,1.3432775399459247,0.023402537115854664,1.3432775399459247,0.1880587782799495,2.4306809594640195,1.3285323646078835,0.25940816530433064,1.1980800729310688,0.8089092742211079,0.01,0.7275337030599108,0.43909143109815724,0.006411634267386668,1.4141780074376016,0.894869033781161,0.01619108161330857,-0.5919929675428837,0,0,0,0.00930527184622252,0.7070267002926797,373,0.8768,0.0424,0.5333437738521263,0.0352073153153523,0.5832719951886318,0.01096249636099742,0.00930662849030953,1.177923495325085,0.0051164897267761055,0.07504636295107175,355,18,0,0,0,0.8766,372,0.7062010028566087,-0.013678,-0.013678250523603053,1.9991445204433775,1.9997506214087368,1.9999997424543494,99.0,372.0,-0.4542361,0.2969149,0.2957552,0.0050069,-0.0257353,0.7958076,0.4906953,-0.2366493,-0.2643965,0.8622445,0.9960938,0.016863,-0.0866758,686.0,372.0,0.3892716,0.1556884,0.1546366,-0.0111899,-0.0141841,0.8412657,-0.1885799,0.2052108,0.4632475,0.8746552,0.9932441,-0.0718738,-0.0911058,0.0,1.0,8.150723762576514e-05,289.793362579954,0.0,256,4.698836814142554e-12,7.019701624216069e-13,1.338659936212228e-12,3.800257593733208e-09,1.7170560261727982e-05,-2.748109240172924e-13,30.97297684815001,8.625611788689977,10.900911668190146,3.1075434856834434,0.870802488270172,1.153605383881845,-0.06309107427044225,0.0,0.19398241476972802,0.11101243645192617,0.055177137560492126,1.3441318294024847,621.5081552884438,289.7932473225033,0.609170250342166,0.6091702763149671,0.6091702876917265,0.7614628453937089,2.993966041510078e-07,373,0.8382,0.8485,-0.00284,-0.099524,2,0.7351,0.9988,-0.000718,16.096,8.0481,2.0,0.2418,1.0,0.26767,0.20613,1.27675,0.1611,0.9026,1.0429,1.1555,0.5,2.3746,1.824,0.0826,0.0,8.3629,3.5218,80,0.072,-0.7557,37,0.1999,-0.1085,4.0,0.4563114,0.2451182,0.3010896,-0.0494472,-0.0182493,0.0600438,0.0798956,101.0,271.0,0.1777102,0.1133683,0.2210463,0.0869759,-0.0214764,-0.0246729,0.0929236,232.0,140.0
55,826,138467,3.342630766540258e-12,9.087957587575487e-05,2.9929317249110247e-05,9.087957587575487e-05,1.0741020394172307,8.968979719355206,7.5284887265483444,-27.22010385760698,32.69678458103891,-0.05743343580906247,32.69678458103891,0.001853641430491434,12.565497456779706,3.753137746338222,-1.2822846197606625,1.362957088490543,0.023593168844698947,1.362957088490543,0.18881876421116064,2.4273026713976558,1.3309916423201842,0.26751204777149684,1.1764030888047885,0.8083451860823011,0.010000014142115625,0.7416757615499507,0.44805054002984906,0.0001461153041171226,1.4141967070394788,0.8913287587185403,0.017005218941036338,-0.597765773527854,0,0,0,0.009210922945244261,0.7100763469468606,373,0.8688,0.04327,0.5358556760324359,0.03466215295403087,0.5845033181539131,0.010670890299485434,0.009211459559338355,1.1584364270119976,0.004996539091017721,0.06496303659424085,353,20,0,0,0,0.8685,372,0.709251604905294,0.0052,0.005200361240498053,1.9991463399857345,1.9997432096186838,1.9999998928675935,236.0,372.0,0.652633,0.2726826,0.2718098,-0.0150302,0.0157898,0.9396706,-0.0320248,0.1163634,-0.3200829,0.8809528,0.9967993,-0.0551198,0.0579055,686.0,372.0,-0.8873017,0.1127067,0.1122224,-0.003078,0.0099735,0.3033178,-0.7711983,0.0773501,-0.554318,0.8548823,0.9957025,-0.0273096,0.0884909,0.0,1.0,8.676311415425064e-05,289.7937222541112,0.0,256,3.5788838751705394e-12,3.5545426891933843e-13,6.281707237935775e-13,5.33882603929815e-09,1.7907293447710646e-05,9.447481377968697e-14,34.16900902043827,8.976628713357538,11.224921802173947,3.135992195926131,1.2306909955594578,1.4950686933790494,-0.21408505869368732,7.4729573796944645e-06,0.17441397923666968,0.04850515430684155,0.058392979413079873,1.4092803378607006,621.5087021442827,289.79350230729796,0.6091702485701673,0.6091702757520048,0.6091702876917267,0.7614628446900059,3.1360115099953444e-07,373,0.8368,0.847,-0.00332,-0.049817,2,0.7271,0.9989,0.00036,16.089,8.0447,2.0,0.2326,1.0,0.25921,0.21587,1.27626,0.16395,0.8999,1.0456,1.1618,0.5,2.3724,1.8223,0.0825,0.0,8.355,3.5218,80,0.1068,-1.0,36,0.2012,-0.4357,2.0,0.2791625,0.3220996,-0.0714117,0.1855207,-0.0329259,-0.0531492,0.1957725,302.0,70.0,0.2178117,0.1067089,0.3423598,-0.0879195,0.0004034,-0.012158,0.0887571,30.0,342.0
56,826,138467,1.784102944023725e-11,9.531619760610034e-05,3.147508782265183e-05,9.531619760610034e-05,1.0699371563158255,8.97850278936708,7.528537730590862,-29.672181468392214,32.68817268308505,-0.050298802122899874,32.68817268308505,0.0003291254509996122,12.565845688138625,3.671002730884511,-1.2908216528085872,1.3796365147679563,0.023526978173999888,1.3796365147679563,0.1911685337087926,2.423645247497945,1.3341965896729606,0.2790901575599509,1.1436896859111696,0.8079764700786929,0.02411477900117981,0.7557532238967757,0.4570063903154399,0.0010181475798045625,1.4142055256784012,0.9787182605682209,0.017735345817588056,-0.6033846244739433,0,0,0,0.009921024281134491,0.7140935525278302,373,0.8629,0.04481,0.5377852374162243,0.037341231187215086,0.5912374747318808,0.011924871550221329,0.009923188924698427,1.2017176777256344,0.0056547774044047525,0.06570499630975889,355,18,0,0,0,0.8623,369,0.71086743919144,-0.022409,-0.022408993874561522,1.999077792916974,1.999737608592671,1.9999998339811695,99.0,372.0,-0.7301146,0.3241482,0.3234733,-0.013747,-0.0157509,0.551877,0.6584704,0.4590779,0.2260442,0.8547565,0.997918,-0.0424096,-0.0485917,686.0,372.0,0.6706642,0.1683093,0.1640943,-0.0289252,0.0237578,0.5696207,0.1507154,0.2363952,-0.7726153,0.8714311,0.9749565,-0.1718571,0.1411557,0.0,1.0,9.087957587575487e-05,289.7939157458642,0.0,256,9.951215174845797e-12,2.9818701450466495e-13,8.732341158851269e-13,4.2555770374416705e-09,1.891700741005031e-05,-2.6844180370575634e-14,22.689155644392727,6.669796144880754,8.204419473561622,3.1373667067177653,1.0359481363271361,1.3664144196584647,-0.04620064733136313,7.662036387210198e-06,0.21696441551688375,0.03946606462907418,0.04032924237769305,2.555425085818862,621.5093434988478,289.79380135441505,0.6091702466603817,0.6091702750744337,0.6091702876917203,0.7614628438430421,3.289104085754048e-07,373,0.8403,0.8505,-0.00435,-0.139147,2,0.7253,0.999,-0.000837,16.095,8.0474,2.0,0.2405,1.0,0.26456,0.2184,1.27617,0.16549,0.8977,1.0477,1.1671,0.5,2.3705,1.8208,0.0825,0.0,8.3482,3.5217,80,0.0882,-0.8297,36,0.095,-0.8198,0.0,0.2161839,0.3477037,-0.2332376,-0.2760704,-0.0152557,0.0335255,0.2785167,51.0,321.0,0.1590429,0.2262337,-0.1743963,0.0929643,-0.0084053,0.0321677,0.0987308,281.0,91.0
57,826,138467,4.218357736967134e-11,0.00010174582894313505,3.336360416600118e-05,0.00010174582894313505,1.065680076246043,8.988047804612641,7.5285875268633635,-29.6707393913032,32.67845031924955,-0.010665023974114913,32.67845031924955,0.0011692260297461552,12.566196290897587,3.646215200112146,-1.2938532171456343,1.3849722577871584,0.02380934796967723,1.3849722577871584,0.19643157636141825,2.419777865385667,1.3380339653170308,0.2889903351197867,1.1726207287696933,0.8126581399503979,0.03812266467510514,0.7698915739599747,0.4660464995046096,0.00029649688214306025,1.4142077355625744,0.9101930297367915,0.01873393889455097,-0.6088766512637318,0,0,0,0.010049477063988083,0.7172441214798463,373,0.857,0.04643,0.5395087622914237,0.03639987975451733,0.5924033221346247,0.01185863825897288,0.010050056915093714,1.1799573235414162,0.005659666214553876,0.05236029693566623,356,17,0,0,0,0.8563,369,0.714043224811961,0.007675,0.0076745891719189885,1.9990909692030399,1.9997290699910788,1.9999997890876209,236.0,372.0,0.5685442,0.2983909,0.2973377,-0.0121341,0.0219129,0.7517891,0.2347614,0.1008279,0.6078931,0.8739492,0.9964705,-0.040665,0.073437,490.0,372.0,-0.750998,0.1901324,0.1861419,-0.0332809,-0.0198469,0.6301305,0.3536349,-0.2999597,-0.6228178,0.8463672,0.979012,-0.1750408,-0.1043847,0.0,1.0,9.531619760610034e-05,289.7942235707286,0.0,256,1.048477843914168e-11,7.352353890698223e-13,1.899885371139272e-12,4.169288314204082e-09,2.0055594341189542e-05,6.560232763476252e-14,23.798039747643728,7.01722478628033,8.538227217848739,3.1249574861571583,1.1664912135501257,1.522625632580494,0.033128321840372184,7.958129162311118e-06,0.2287538571136651,0.04632780898857509,0.039757867003856445,2.1371540589365843,621.5098088314771,289.79401832703655,0.6091702438926392,0.6091702745711067,0.6091702876917099,0.7614628432138834,3.5109706380589775e-07,373,0.84,0.8495,-0.00175,0.090412,2,0.72,0.9987,0.000243,16.089,8.0445,2.0,0.2394,1.0,0.26492,0.22197,1.27586,0.16275,0.8969,1.0485,1.1691,0.5,2.369,1.8197,0.0824,0.0,8.3431,3.5218,80,0.0641,-0.1044,37,0.1454,-0.518,-0.0,0.3065356,0.3308636,-0.0381677,0.1804889,-0.0266452,-0.0587978,0.1916857,279.0,93.0,0.2751856,0.1818101,0.2043248,-0.12339,0.0129798,0.0384289,0.1298859,53.0,319.0
58,826,138467,3.6614721163756786e-12,0.00010527941818522377,3.474373652743422e-05,0.00010527941818522377,1.061333627722941,8.997704636192156,7.528635316656714,-27.680694546097673,32.66793611301937,-0.21880700656512939,32.66793611301937,0.0009663996590361435,12.565743185232352,3.682426931093158,-1.2996010822889752,1.396378945378908,0.02401921919283862,1.396378945378908,0.20010436979571533,2.4157331701807028,1.3413455778702799,0.29894988716953236,1.2089002148813126,0.8201024796158659,0.052110658723748024,0.7840302088584308,0.4746374698874215,0.0005929013319451171,1.4142068037712003,0.9173128133676334,0.019811495784727393,-0.614289569026554,0,0,0,0.010903982016196122,0.7209014634984359,373,0.854,0.04751,0.541904379141619,0.03957973547654459,0.5983421741435446,0.013243490786245626,0.010905785162402051,1.2143546373811644,0.0064117066826621435,0.06803021309830422,355,18,0,0,0,0.8532,369,0.7176449374114587,-0.01072,-0.01072047964836309,1.9990444367213784,1.9997238625261937,1.9999998517321373,99.0,372.0,-0.5492384,0.2918901,0.2895307,-0.0238244,-0.0283579,0.7314552,0.4966128,0.0664283,0.4625324,0.8507189,0.991917,-0.0816212,-0.0971527,686.0,372.0,0.4640576,0.1494279,0.1477893,-0.0140552,-0.0170137,-0.125146,0.3981976,0.0493317,-0.9073828,0.8670285,0.9890343,-0.09406,-0.1138589,0.0,1.0,0.00010174582894313505,289.79437920763866,0.0,256,5.0533107442631224e-12,9.408055684394712e-13,1.6114016415415073e-12,4.076838487310995e-09,2.0858876491221537e-05,3.37282502905544e-13,24.781871595245384,6.800061618826147,8.595150735913737,3.1253952093804855,0.9349219713365994,1.255467700279649,0.017483588957083535,8.22839462871113e-06,0.17604016841568082,0.1124264377254524,0.036183818604716,1.29804206201641,621.5105354553143,289.79435713301933,0.6091702423715767,0.6091702737655069,0.6091702876917265,0.7614628422068836,3.632900903480987e-07,373,0.8405,0.8499,-0.00185,-0.018292,2,0.718,0.9986,-0.000461,16.096,8.0479,2.0,0.2408,1.0,0.26618,0.22194,1.27533,0.16388,0.9011,1.0442,1.1588,0.5,2.3669,1.8181,0.0823,0.0,8.3357,3.5218,80,0.0485,0.9346,37,0.215,-0.3401,2.0,0.3957496,0.262969,0.2015741,-0.1115476,0.0127645,0.0330713,0.1170449,88.0,284.0,0.1598324,0.1683684,-0.0260086,0.0693803,-0.053364,-0.0382114,0.0955063,244.0,128.0
59,826,138467,4.096934240028337e-11,0.00011171765164167808,3.672844259417666e-05,0.00011171765164167808,1.0569018049456487,9.007325861887196,7.528683325679651,-28.487815131379325,32.659759816969505,-0.07147520587827169,32.659759816969505,0.00010375079555043318,12.56583177697705,3.595640704692763,-1.3073644801918682,1.4086469761937939,0.024277471064511162,1.4086469761937939,0.20439923083814263,2.4115293283561074,1.344451315793203,0.3103748914688487,1.2146247421411738,0.8113893429181578,0.06576949007285533,0.7981668721614692,0.48355779286067474,0.0018565747171778169,1.4142098556189788,0.9137424760974514,0.018417057302758,-0.6195983432682367,0,0,0,0.010894600939550199,0.723414140598131,373,0.8518,0.04666,0.5440428485437697,0.03807370957417672,0.5990601919059856,0.012910094150016474,0.010894781904856415,1.1849795858934744,0.0062731881703997835,0.060036585090585515,355,18,0,0,0,0.8509,368,0.7194242138000218,0.019446,0.019445647891036533,1.9990446999423208,1.999716039028789,1.9999997742044784,236.0,372.0,0.6656689,0.2324643,0.2300445,-0.0325889,0.0075619,0.7332464,0.2546284,0.1638036,0.608837,0.8704706,0.9895903,-0.1401886,0.0325292,686.0,372.0,-0.8945701,0.1806409,0.1714359,-0.0166627,-0.0544356,0.0078241,-0.6567491,0.3097778,-0.6875006,0.8442421,0.9490424,-0.0922419,-0.301347,0.0,1.0,0.00010527941818522377,289.7947859001305,0.0,256,8.420722352213314e-12,3.4062902784267476e-13,6.931325615332674e-13,5.291167742222875e-09,2.2022998256986974e-05,3.5381466954005784e-14,31.54982762780596,8.253182225030953,10.358352724183636,3.0441667485998787,0.9086844762455355,1.1992105333553835,0.023896553358094586,8.336582827166889e-06,0.20342097834837342,0.08487733891756068,0.04535043244945037,1.2855431007051652,621.5109683477186,289.79455897959934,0.6091702396001495,0.6091702732741473,0.6091702876917104,0.7614628415926841,3.855063809170505e-07,373,0.8397,0.8491,0.00065,0.055512,2,0.7153,0.9984,0.000613,16.087,8.0436,2.0,0.236,1.0,0.26326,0.23115,1.27528,0.16606,0.8996,1.0456,1.1623,0.5,2.4672,1.7819,0.0822,0.0,8.3268,3.375,80,0.0807,0.7999,37,0.1741,-0.3554,2.0,0.2424421,0.1866169,0.1301109,0.1680637,-0.034633,0.0007104,0.1715965,305.0,67.0,0.1624858,0.1885489,-0.0742464,-0.1629051,0.0289483,0.0627876,0.1769699,27.0,345.0
60,826,138467,2.0994405728360424e-11,0.00011924655552098019,3.860237144092629e-05,0.00011924655552098019,1.0523869158027699,9.016895949930978,7.528728999148211,-29.65161383561526,32.66105919218587,-0.0080617164434964,32.66105919218587,0.0006678067511274484,12.566245368238386,3.599189761258304,-1.3107393728121401,1.4224422220536679,0.024472169604944558,1.4224422220536679,0.20776314393458176,2.407155467549602,1.347915859783466,0.3099104367326597,1.2091988524021708,0.8202928188860266,0.07921966271635919,0.8123046875375034,0.49196542042175345,0.0026855627413654437,1.4142030821647467,0.8742869343132846,0.016209209276144523,-0.6247767700596994,0,0,0,0.01214928920579743,0.7267510474693136,373,0.8546,0.04683,0.545914118024935,0.040024128355148465,0.6055127430956583,0.014667162017973804,0.01215049684271929,1.2071244664173981,0.007227693985692831,0.06588161229009726,356,17,0,0,0,0.8551,367,0.721941482660514,0.066894,0.0668942796996248,1.9989698890902037,1.9997104176460194,1.9999998061783857,99.0,372.0,-0.7742925,0.2802634,0.2795466,-0.0172054,-0.0102579,-0.0370248,-0.0971329,0.2780985,0.9549113,0.849184,0.9974426,-0.06139,-0.0366008,686.0,372.0,0.7124286,0.1394618,0.1373851,0.0094807,0.0220236,0.1918248,-0.1453918,-0.3733232,-0.895932,0.8702483,0.9851093,0.0679809,0.1579185,0.0,1.0,0.00011171765164167808,289.7949596369181,0.0,256,7.617695416396071e-12,3.4462774480705743e-13,9.492018853715665e-13,6.603937903507391e-09,2.3418932355899363e-05,-1.3011973503150408e-13,24.38159393785012,7.30763853466739,8.938300867704383,3.1333595671425734,1.2495492686285121,1.5809187648738643,-0.011963893568243303,8.579638372102279e-06,0.19368342588511012,0.20376507192716525,0.017231000154973107,1.1472717610709158,621.5117425556751,289.79491997283156,0.6091702363592204,0.6091702723741372,0.609170287691719,0.7614628404676715,4.1148601063179305e-07,373,0.8407,0.8498,0.00188,-0.07509,2,0.7185,0.9981,-0.000442,16.091,8.0454,2.0,0.2378,1.0,0.26164,0.23383,1.27519,0.16617,0.8975,1.0477,1.1674,0.5,2.466,1.781,0.0822,0.0,8.3228,3.375,80,0.1048,0.6233,36,0.0672,-0.7595,2.0,0.2910962,0.2912268,-0.0002243,-0.2308009,0.0374967,0.0493596,0.2389799,43.0,329.0,0.1506402,0.0819027,0.2955906,0.1156977,0.0183024,0.0194599,0.1187418,289.0,83.0
61,826,138467,5.317615379582058e-11,0.00012656255709465013,4.109667472339358e-05,0.00012656255709465013,1.047794875393239,9.026027379487928,7.528774004690057,-29.652034868299825,32.663090530667745,0.03197274872808818,32.663090530667745,0.0031394106693110047,12.565051979612639,3.6141343363787994,-1.3173715907635173,1.4240966139445081,0.024879157329772295,1.4240966139445081,0.21478177991258346,2.402614344392827,1.3509580266605117,0.33662295066266673,1.2125587764762236,0.8257562384388325,0.09309871722125833,0.8264461433804268,0.5007082896332438,0.0007601461335564608,1.4141905488787345,0.9169162846199387,0.015069223793151822,-0.6298504513997347,0,0,0,0.01257849702215648,0.7292544728295626,373,0.8554,0.0491,0.5478640249831397,0.03923940685038475,0.6073443774882958,0.014656770916864861,0.012578728985970476,1.1652028542162012,0.0072694615054741596,0.051566786100975454,357,16,0,0,0,0.859,365,0.722939149818663,0.153509,0.1535086374881467,1.9989888466845318,1.999700325363956,1.999999723046778,236.0,372.0,0.5700354,0.2987075,0.2971904,-0.0294523,0.0060493,0.1726743,-0.049596,0.1416474,0.9734782,0.8768457,0.9949211,-0.0985992,0.0202517,490.0,372.0,-0.7590615,0.1558643,0.1359856,0.0189268,-0.0737793,0.3146018,0.1565489,-0.896956,-0.2683059,0.8406521,0.8724614,0.121431,-0.4733556,0.0,1.0,0.00011924654917445864,289.7953652360923,0.0,256,8.918009475897272e-12,6.299651280709743e-13,1.1455121313356082e-12,8.791889151828134e-09,2.4655243747449278e-05,-1.1414056365714944e-13,24.387796593088616,6.2435834802928465,8.041750879641054,3.0458207695080737,1.0675737159612888,1.3789676014137944,0.11025488127279467,8.733496272707591e-06,0.21203902541694392,0.09619841083113945,0.04822819476757765,2.459401363898092,621.5122281826683,289.7951464081923,0.6091702332099932,0.6091702717957352,0.6091702876917051,0.761462839744669,4.367311139034049e-07,373,0.8389,0.8476,0.00257,0.073281,2,0.7177,0.9979,0.000375,16.083,8.0417,2.0,0.2389,1.0,0.26567,0.23705,1.27502,0.16515,0.898,1.0472,1.1662,0.5,2.4648,1.7801,0.0822,0.0,8.3186,3.375,80,0.0728,0.2555,36,0.1221,-0.688,2.0,0.3199712,0.2372056,0.1485446,0.2031934,-0.0093333,-0.0280351,0.2053306,283.0,89.0,0.1678005,0.1548709,0.0400703,-0.0988609,-0.0086383,0.0615131,0.116756,50.0,322.0
62,826,138467,1.6390184065779655e-11,0.0001217245042830952,4.064806472495569e-05,0.0001217245042830952,1.0433094457469885,9.033831807333637,7.528789492971365,-29.65625483417166,32.65784239135255,-0.1881333785528137,32.65784239135255,0.000991029721495451,12.565922686801024,3.6030593402179902,-1.3169986106238156,1.4233203046417353,0.02483892873156723,1.4233203046417353,0.21478178945217474,2.402614339784529,1.3509580327854371,0.34642421761761444,1.2065189572465107,0.8164578253659139,0.09309873136337395,0.8264461575225424,0.5007083037753594,0.0020058731851688716,1.414194463534412,0.9311895835915757,0.01521238057180893,-0.6298504584639754,0,0,0,0.012990013926693168,0.7322036784783285,373,0.8532,0.05213,0.5477187632982118,0.043415336070127014,0.6102599944173488,0.015516722880261851,0.012991978998311577,1.1943309700761051,0.007788982733810368,0.06533749263881429,356,17,0,0,0,0.8601,364,0.7250329475206105,-0.054386,-0.054386142229324363,1.9989746712749654,1.999701995432087,1.9999998542181765,99.0,372.0,-0.4697319,0.2923589,0.2907098,-0.0309732,0.0014701,0.2711023,-0.0306291,0.1532428,0.94978,0.8568929,0.9943596,-0.1059423,0.0050285,686.0,372.0,0.4049358,0.1564239,0.1374174,0.0209354,-0.0717398,0.3023074,0.0531386,-0.9317679,-0.1938945,0.8624928,0.8784938,0.1338379,-0.458624,0.0,1.0,0.00012656255709465013,289.7951464089966,0.0,256,5.293797167103333e-12,7.856996739092575e-13,1.3282725985529768e-12,1.1338985499108826e-08,2.4148715241890396e-05,-2.5540019700769596e-13,22.13983046388938,5.804251281389266,7.097008644728951,3.083837124506973,1.0662593442927508,1.3768575740143947,0.11170267846224718,9.105827580474932e-06,0.21186595451847107,0.00044131371249276204,0.03458733822089074,1.5200909202317157,621.5125412856471,289.7952924000481,0.6091702352926451,0.6091702714171101,0.6091702876917209,0.7614628392713876,4.2003616854845433e-07,373,0.8376,0.8493,8e-05,-0.057655,2,0.7148,0.9982,-0.000557,16.088,8.0442,2.0,0.2408,1.0,0.268,0.23355,1.27535,0.16639,0.9029,1.0422,1.1543,0.5,2.5665,1.7452,0.0821,0.0,8.3153,3.2399,80,0.0372,-0.795,36,0.1778,-0.3724,3.0,0.2786307,0.3046155,-0.0445521,-0.1534246,0.0037941,0.045899,0.1601881,98.0,274.0,0.1820112,0.1076689,0.2566358,0.0778502,-0.0016538,-0.0649268,0.1013848,235.0,137.0
63,828,138470,0.0,0.00013039226313104542,4.2465001717076514e-05,0.00013039226313104542,1.0547702317839882,9.044685485089799,7.529984645946313,-29.652361427501436,32.649606506630455,-0.13511842657780646,32.649606506630455,0.001381180920951408,12.565672250422265,3.656755338046286,-1.3216532885293724,1.4327036833209763,0.026180328990925844,1.4327036833209763,0.22216097992931833,2.3980116565439746,1.3542099562062917,0.3601489010258863,1.2327530878823585,0.8269814423611408,0.0,0.8403176064830866,0.5086458785379319,1.0,1.0,1.0,2.1901869781820253e-05,-0.6347929699075814,0,0,0,0.012712533853843898,0.7334363357899062,375,0.8367,0.05352,0.5504074990563033,0.043266294833830654,0.6100926700081319,0.014901932844445354,0.012713418653656315,1.172142068975258,0.007500700918123497,0.05968794213654874,354,21,0,0,0,0.8441,366,0.7262516853651522,-0.069841,-0.06984072402570818,1.998971711316138,1.999695071980549,1.999999747270916,236.0,372.0,0.6758173,0.7611814,0.7608777,0.0,-0.0215003,0.3585326,0.3728995,0.7753663,0.3622256,0.8751453,0.999601,0.0,-0.028246,490.0,372.0,-0.8972662,0.7048372,0.7048368,0.0,-0.0007688,-0.4110061,-0.0925577,-0.4940436,-0.7605445,0.839882,0.9999994,0.0,-0.0010908,0.0,1.0,0.0001217245042830952,289.79571463736295,0.0,256,9.046626809868588e-12,7.667797936738687e-13,1.3366792996357555e-12,7.769039957658697e-09,2.5175879336134058e-05,2.282539456636729e-13,22.303150635264696,6.040981179355201,7.394369309127029,0.0,0.0,0.0,0.0,9.076490868520204e-06,0.7424916822538549,0.0974548265153431,0.028778315114939848,2.0953398069991414,621.5128258781773,289.7954250982159,0.6091702315614914,0.6091702710691159,0.609170287691728,0.7614628388363949,4.499458992040802e-07,373,0.8357,0.8459,-4e-05,0.037306,2,0.6993,0.9985,0.00049,16.081,8.0404,2.0,0.2333,1.0,0.26306,0.24208,1.2754,0.16643,0.8992,1.046,1.1632,0.5,2.5604,1.7411,0.0819,0.0,8.3186,3.2489,80,0.0725,-0.9212,36,0.1538,-0.3105,1.0,0.7685105,0.723315,0.0302955,0.5264451,0.0,-0.0164882,0.5267032,306.0,66.0,0.8207879,0.6988062,0.0802726,-0.6209463,0.0,0.0092957,0.6210159,27.0,345.0
64,829,138471,0.0,0.0001360005225279832,4.425622868741914e-05,0.0001360005225279832,1.0579139551621215,9.060448922433626,7.530087759078368,-29.636093890182487,32.635426159099566,-0.010586131815032911,32.635426159099566,0.0019013716533073932,12.565608288471246,3.6388674899196194,-1.3304808441790017,1.4504668516720387,0.026591263222022498,1.4504668516720387,0.22941117439920888,2.3946031128087784,1.3585085494217022,0.3634861416415648,1.1900771495571423,0.8217742105079527,0.0,0.8503176064830866,0.5180202502164144,1.0,1.0,1.0,0.00012585704407302471,-0.6396868641179377,0,0,0,0.013937988940240079,0.7362780785605386,376,0.8373,0.05505,0.5533407119885825,0.04402534058312823,0.6200068893980323,0.016894700543243473,0.013940981855126355,1.211873074566192,0.008626004262160487,0.06782393539324824,356,20,0,0,0,0.8427,363,0.7259777017521085,0.00148,0.0014802372535522856,1.9989006557041773,1.9996882755819876,1.9999997212777478,99.0,372.0,-0.7254484,0.7628538,0.7625197,0.0,-0.0225747,0.5981575,-0.4876559,0.634384,-0.0442304,0.8482975,0.999562,0.0,-0.0295925,686.0,372.0,0.6676479,0.749309,0.7468265,0.0,-0.0609438,0.1213683,0.8788675,0.3546674,0.2950808,0.8614339,0.996687,0.0,-0.0813333,0.0,1.0,0.00013039226313104542,289.7959833535676,0.0,256,2.0588001240284726e-11,8.149440361198256e-13,2.150108546292737e-12,7.449192883065702e-09,2.6168093649684833e-05,5.6745232556309177e-14,21.838536581052416,6.14273463042645,7.642691817247674,0.0,0.0,0.0,0.0,0.0,0.7566876260171991,0.027916815239374514,0.010012268344132672,1.1354812246561736,621.5136136244922,289.795792404036,0.6091702291473907,0.6091702700866464,0.609170287691728,0.7614628376083079,4.6929778172337995e-07,373,0.8333,0.8463,-0.00011,-0.103255,2,0.6979,0.9988,-0.000386,16.085,8.0425,2.0,0.2356,1.0,0.25991,0.24692,1.27583,0.16604,0.9014,1.044,1.1581,0.4994,2.5576,1.7392,0.0818,0.0292,8.2981,3.2445,80,0.0899,-0.8156,36,0.0902,-0.3906,1.0,0.7622064,0.7635307,-0.000868,-0.5536416,0.0,0.0352921,0.5547653,49.0,323.0,0.7560944,0.7159089,0.0272999,0.5091067,0.0,-0.0508546,0.5116403,284.0,88.0
65,829,138471,3.6902288125814295e-12,0.00014530559535357756,4.715303588285932e-05,0.00014530559535357756,1.0532953221480603,9.067043777263747,7.530133683905155,-29.631239959748154,32.6279859417729,-0.026953367645893882,32.6279859417729,0.0013630738420769006,12.564682354517435,3.6290659798295617,-1.3365640688130282,1.4742292055889687,0.026748068164006687,1.4742292055889687,0.23711310635323285,2.3911089395193548,1.3629475840246523,0.3713052586635237,1.2539060126745183,0.82810528507627,0.01,0.8603176064830866,0.5280202502164144,0.007810511185291635,1.4141736267601004,0.8939188394940251,0.0003487407543597938,-0.6444552274413676,0,0,0,0.014300141620100619,0.739186958453746,376,0.835,0.05336,0.556946875229565,0.03978922314150587,0.6254811016281694,0.016902844604794014,0.014301292994130523,1.1819102378876658,0.008677558255624187,0.062071055324717676,354,22,0,0,0,0.837,359,0.7257389823121326,0.02237,0.02236959900050106,1.9989243038236206,1.9996759294163085,1.9999997397340603,236.0,372.0,0.6057036,0.2243796,0.2146343,-0.0492748,-0.0430151,0.7255363,0.0027961,0.6542689,-0.2133574,0.8678548,0.956568,-0.2196047,-0.1917068,490.0,372.0,-0.8094047,0.0358291,0.0231396,-0.0108351,-0.0251175,-0.6611329,-0.5701269,0.1374435,0.46794,0.8336474,0.6458316,-0.30241,-0.7010348,0.0012062726176115801,1.0,0.0001360005225279832,289.79638337943754,0.0,256,2.019218342071497e-11,1.036054536810011e-12,2.258279435047075e-12,8.686506836268027e-09,2.7449488008351063e-05,-1.4480879004595837e-13,23.69795709786924,6.8929424768655245,8.442353254490564,3.103337231406926,1.1254223620094996,1.4066863493587718,-0.08412169711580511,0.0,0.13597685477455557,0.24674550231042508,0.06820892372749403,0.7659986572911147,621.5143505101329,289.79613599483343,0.6091702251419577,0.6091702691420946,0.6091702876917265,0.7614628364276183,5.01406255313798e-07,373,0.8309,0.8432,0.00079,0.0874,2,0.6939,0.9986,0.000272,16.081,8.0403,2.0,0.2376,1.0,0.26311,0.24906,1.27568,0.16887,0.8948,1.0502,1.1737,0.5006,2.5538,1.7366,0.0817,0.0292,8.2856,3.2444,80,0.0499,-0.9636,36,0.0737,-0.9969,-1.0,0.2257676,0.2235667,0.0048981,0.1297949,-0.0253625,-0.0419291,0.1387373,291.0,81.0,0.0544944,0.0428502,0.119618,-0.0301968,0.0043231,0.0290756,0.0421418,42.0,330.0
66,829,138471,9.279452663130314e-12,0.00014626578687674567,4.888800341090233e-05,0.00014626578687674567,1.0486083532307051,9.073488776977621,7.530181118045766,-29.629429101802277,32.6171233369531,-0.18976058066314588,32.6171233369531,0.0005846348980060867,12.562740325640318,3.58198844727627,-1.3477808112158967,1.4805128752450627,0.027001847933876347,1.4805128752450627,0.24425985534097275,2.3860446935503137,1.3667300482689237,0.3477453998276776,1.219192493687606,0.8291184845021888,0.010000014142115625,0.8744484076704382,0.5370327831938649,0.0006056415040828211,1.4142071817116133,0.9891216069366163,0.0007371951338879246,-0.6491217353960772,0,0,0,0.01564557792868275,0.7426078280120446,376,0.8338,0.05212,0.5602144138336329,0.04267905822786525,0.633814322911181,0.019030995579457095,0.015648703824374166,1.216138780121503,0.009919204414351217,0.07167929018973776,353,23,0,0,0,0.8321,357,0.7274258619659983,0.01747,0.017470408849838304,1.9988719295250084,1.9996681215256187,1.999999800279986,99.0,372.0,-0.5187785,0.3541008,0.3533149,0.0069941,-0.0225179,0.0496457,-0.5630585,0.8249053,0.0056391,0.8441444,0.9977805,0.0197518,-0.0635918,686.0,372.0,0.3765925,0.2169527,0.216205,-0.0084525,-0.0158886,-0.2374926,0.0400374,-0.1834283,-0.9530731,0.8557189,0.9965534,-0.0389602,-0.0732352,-0.0012062726176115801,1.0,0.00014530559535357756,289.79658546140803,0.0,256,1.0662962680862806e-11,5.779018914031909e-13,1.0887822305150155e-12,6.84563518603892e-09,2.789367440292343e-05,3.947366434647438e-14,24.70122766543235,7.080182684403624,8.832349369114384,3.1295966698735995,0.7989806247137238,1.1088978837348795,-0.18058437079043907,9.717232649392566e-06,0.2492673672280439,0.1411263655925285,0.028775110221329777,1.2061420720951124,621.5151977024552,289.7965310187959,0.6091702247287638,0.6091702680256625,0.609170287691724,0.7614628350320781,5.047189017844352e-07,373,0.8286,0.8463,-0.00125,-0.154498,2,0.6911,0.9987,-0.000366,16.085,8.0423,2.0,0.2397,1.0,0.26495,0.24663,1.27521,0.17063,0.903,1.0419,1.1539,0.5006,2.55,1.734,0.0816,0.0437,8.2619,3.24,80,0.0281,-0.6928,36,0.1397,-0.7674,0.0,0.3823481,0.3467022,0.0488937,-0.173102,-0.0023411,-0.0142996,0.1737075,95.0,277.0,0.2291576,0.1927296,0.0863454,0.0986075,-0.0103572,0.0086676,0.0995281,236.0,136.0
67,829,138471,2.0300049091313272e-11,0.00015403378671046308,5.0880507602565626e-05,0.00015403378671046308,1.0438588532916249,9.079998040642941,7.53022888815642,-28.05608794111142,32.61018563941659,-0.16963933016709895,32.61018563941659,0.0008326170757619877,12.565841070237248,3.5797384951439573,-1.3553958506468198,1.4949781654872802,0.027312513559389587,1.4949781654872802,0.25349220218880203,2.380868647499881,1.3709147357860627,0.36716219437875014,1.2342590503137425,0.8244962845238376,0.024005761892414088,0.8885806132342907,0.5459483374013065,0.0078121648091817875,1.4142081925399688,0.9433467677029668,0.0013256030488325635,-0.6536881902752812,0,0,0,0.015375097993663734,0.7453817730907121,376,0.8311,0.05153,0.5628271498481827,0.04109472707777316,0.6344971491075151,0.018316680201561932,0.015376379145100337,1.1912219404006124,0.009586246919666416,0.0608158012505541,353,23,0,0,0,0.8286,357,0.7301063419727263,-0.029228,-0.02922809230313539,1.9988900824665716,1.9996616626643788,1.9999996930215849,236.0,372.0,0.6535105,0.2924994,0.2904226,-0.0072803,-0.034024,-0.1316749,-0.4450813,0.8791516,0.107967,0.8649589,0.9928997,-0.02489,-0.1163215,490.0,372.0,-0.8995036,0.1802276,0.176562,0.0167037,-0.0320757,0.0561765,-0.37836,-0.9209956,0.0738582,0.8320667,0.979661,0.092681,-0.1779732,-0.0012062726176115801,1.0,0.00014626578687674567,289.79693315894303,0.0,256,6.666413230884743e-12,5.12284881937048e-13,8.141995636105347e-13,7.215853607781702e-09,2.8999833482023716e-05,3.3797662653775427e-14,31.602737242520284,9.196323179760281,11.664423032735368,3.136599940843142,1.1841850036307058,1.5088990263386686,-0.03878262457550053,1.0205141699673604e-05,0.22024465867435253,0.032590152322093814,0.04047955184991372,1.4613011734053687,621.5157511811798,289.7967890916716,0.6091702213849297,0.609170267278664,0.6091702876917193,0.7614628340983299,5.315234416270136e-07,373,0.8224,0.8371,-0.00139,0.077617,2,0.6836,0.9986,0.00048,16.078,8.039,2.0,0.2346,1.0,0.26126,0.25602,1.27517,0.16898,0.8977,1.0472,1.1665,0.5006,2.5461,1.7313,0.0815,0.0727,8.2267,3.2311,80,0.0533,0.2539,36,0.1658,-0.6939,2.0,0.3127914,0.1959792,0.229597,0.22312,-0.0020072,-0.0267016,0.2247211,304.0,68.0,0.3817665,0.1949516,0.3239276,-0.1813874,0.0064887,0.062255,0.1918832,27.0,345.0
68,829,138471,3.7533201098738945e-11,0.00016267096464874956,5.25253344769916e-05,0.00016267096464874956,1.0390516483769983,9.086487925535508,7.530276122574654,-28.652653616084727,32.61209672240229,-0.06152050588233294,32.61209672240229,0.0008387781347973713,12.563199414093246,3.563506021880149,-1.3675884658441086,1.5161910414227089,0.02727744658159507,1.5161910414227089,0.26066824130814775,2.3755613395691393,1.3749085647289183,0.3703575586338937,1.2305626734312831,0.8289649179950763,0.03438177363660472,0.9027201880770217,0.5546953300343986,0.0005802319444504489,1.4142063885653013,0.9254627276742561,0.0021645619894432584,-0.6581293029595116,0,0,0,0.01686295981354431,0.7486473548134669,376,0.8322,0.0513,0.5658353538990444,0.039252637016624306,0.6444881715171087,0.020613022281254972,0.016866173878332745,1.2221516527667038,0.010937723325283501,0.06654942211681723,355,21,0,0,0,0.8289,353,0.7301423091708151,0.008205,0.008204509733554355,1.9987994086540974,1.9996576972328337,1.9999998145112554,99.0,372.0,-0.742942,0.317507,0.3133759,-0.0413909,0.0298836,-0.1689927,-0.8364607,0.4468409,0.2685295,0.8405595,0.986989,-0.1303623,0.0941195,686.0,372.0,0.6294375,0.1263699,0.125003,-0.0184015,-0.0022278,-0.8853179,-0.1644447,-0.347586,-0.2614462,0.8523008,0.9891841,-0.1456163,-0.0176292,-0.0012062726176115801,1.0,0.00015403378671046308,289.797231504079,0.0,256,1.8374534305625556e-11,4.2496501681900533e-13,1.3104411657708982e-12,7.719898902685617e-09,3.0233211763781884e-05,1.2028338641920574e-13,35.29488176115174,10.676829031006623,13.755129492684084,3.1141641798861888,1.0299036094001583,1.3003848586910922,0.0773374442468006,1.0298752200005452e-05,0.20856665914334807,0.1257905399883069,0.023488686804672344,2.1463965981644257,621.5161654794869,289.7969822683029,0.6091702176670029,0.6091702667104221,0.6091702876917119,0.7614628333880276,5.613273243064479e-07,373,0.8185,0.8358,-0.00214,-0.139493,2,0.6812,0.9986,-0.000294,16.08,8.0399,2.0,0.235,1.0,0.25858,0.26146,1.27466,0.16937,0.9014,1.0434,1.1576,0.5006,2.5426,1.729,0.0814,0.0726,8.2154,3.2311,80,0.0413,0.8342,35,0.1671,-0.5801,2.0,0.4885072,0.3027585,0.2347489,-0.2110692,0.0164028,0.0385118,0.21518,49.0,323.0,0.1309289,0.1413839,-0.0383934,0.0854627,-0.0040099,0.0289863,0.0903336,281.0,91.0
69,829,138471,9.291952752614727e-11,0.00016892720639787257,5.501093091883635e-05,0.00016892720639787257,1.0341929674334505,9.092959692456201,7.5303227004874715,-26.84952593613065,32.608325596803866,-0.03813059113569584,32.608325596803866,0.001199681327583086,12.565980146951523,3.621216915859621,-1.3779760047998955,1.52628046120728,0.027429988849384322,1.52628046120728,0.26753703133487,2.3701155003247303,1.3792066357107067,0.330361841417845,1.2221418120879477,0.8399993758876119,0.04667936218387247,0.9168596428861607,0.5633592804359061,0.002623817465549294,1.4142070667595403,0.9072222108578886,0.0032479042301061787,-0.6624998489944207,0,0,0,0.01701006864687655,0.7518506303860973,376,0.831,0.05089,0.5696562905938363,0.03815734844810801,0.6472989940939775,0.02025566395808022,0.017011387738087212,1.190712025964191,0.010800486857155433,0.055862742975835385,354,22,0,0,0,0.8327,352,0.7324409207830758,-0.00119,-0.0011900649681524378,1.9988467065729874,1.9996487949803885,1.9999997475776727,236.0,372.0,0.6136178,0.3146435,0.3101346,-0.0510836,-0.0144059,0.4480225,-0.5296775,0.5591397,0.4539607,0.8610001,0.9856698,-0.1623538,-0.0457848,490.0,372.0,-0.8331568,0.1683326,0.1511615,-0.0180522,-0.0718345,0.3970882,0.0808366,-0.8442019,0.3508698,0.8231187,0.8979927,-0.107241,-0.4267417,-0.0012062726176115801,1.0,0.00016267096464874956,289.7973605547564,0.0,256,6.737163850229749e-12,1.0785729609505698e-12,1.8807987344096644e-12,1.0124993593905463e-08,3.173423283134533e-05,4.5392333178949943e-13,35.32195704736448,11.052280335693595,14.230696752269772,3.0888283978248796,0.8743491773674091,1.1739139539596677,-0.000492746147567398,1.0490131081576149e-05,0.2212350217600852,0.12813939034944657,0.0520615577188304,2.329536518049017,621.5166654110285,289.7972153735062,0.6091702149739766,0.6091702660143317,0.609170287691688,0.7614628325179146,5.829152160076835e-07,373,0.8147,0.8311,-0.00127,0.154037,2,0.6771,0.9982,0.000142,16.077,8.0385,2.0,0.2357,1.0,0.26074,0.26396,1.27446,0.17068,0.8954,1.0494,1.172,0.5006,2.5404,1.7275,0.0813,0.0726,8.2084,3.2311,80,0.0407,0.9172,35,0.0698,-0.8363,-1.0,0.3434174,0.1999469,0.2640411,0.2385946,-0.0222653,-0.0099311,0.239837,293.0,79.0,0.1358589,0.1802781,-0.1405063,-0.1474101,-0.0041409,0.0691521,0.1628769,37.0,335.0
70,829,138471,6.724726122645587e-11,0.00017494934085928173,5.719359218992231e-05,0.00017494934085928173,1.0292895617793845,9.099407135764611,7.530370087481859,-26.82241796215077,32.60127130884819,-0.1815211950644433,32.60127130884819,0.002203063456049719,12.564181558794429,3.617646308823952,-1.3925792394757943,1.5444507262441622,0.027616143904816332,1.5444507262441622,0.27626033838127306,2.364605461558439,1.383617447623066,0.37406955882339754,1.2509805186942018,0.8393194896249633,0.057098796231883756,0.930996005510085,0.5723441068043695,0.0003469762160666079,1.4142106036387352,0.9579563252871622,0.0046363740317029445,-0.6668327808546648,0,0,0,0.0188408235700709,0.7549526349813335,376,0.8335,0.05101,0.5729400684454572,0.03818348649571278,0.6557543201465054,0.022829394390020814,0.018843909861662844,1.2114998722460604,0.012351559010278807,0.07232338612835262,353,23,0,0,0,0.8358,350,0.7337680881898203,-0.000953,-0.000953456103813588,1.9987633461487448,1.9996419000779906,1.9999997696698082,99.0,372.0,-0.5362047,0.3448323,0.3387968,-0.0268435,-0.0583567,0.2109727,-0.5322045,0.7039906,0.4202928,0.8421567,0.9824971,-0.0778451,-0.1692322,686.0,372.0,0.3922367,0.187337,0.1854237,0.0151285,-0.0220073,-0.2475167,0.3790015,-0.8057399,-0.3819378,0.8465975,0.989787,0.0807553,-0.1174745,-0.0012062726176115801,1.0,0.00016892720639787257,289.7976570916972,0.0,256,1.16694861488689e-11,1.3769194449873875e-12,2.525964087636482e-12,1.0906815087276664e-08,3.2593995974545836e-05,-5.892682710717106e-13,37.080135261716954,10.172456963459718,13.387458709222559,3.135753716496919,1.4152325298316168,1.7872499069365586,0.13398484505728686,1.0766788518103286e-05,0.24524216463672754,0.08833578740007053,0.014407372266155632,2.0089100731143072,621.5173234425965,289.79752219668035,0.6091702123817878,0.6091702650808078,0.6091702876916991,0.7614628313510098,6.036950886714165e-07,373,0.8132,0.8297,-0.00244,-0.139242,2,0.6779,0.9982,-0.000344,16.077,8.0386,2.0,0.2385,1.0,0.26239,0.26294,1.2742,0.17066,0.9025,1.0421,1.1547,0.5006,2.6409,1.6929,0.0813,0.0871,8.1936,3.1026,80,0.0518,0.5994,35,0.0873,-0.2741,-1.0,0.3340882,0.3492071,-0.0221264,-0.1916388,0.0036784,0.0157309,0.1923185,92.0,280.0,0.1884143,0.1926024,-0.0109919,0.0708276,-0.0058988,-0.033314,0.0784931,239.0,133.0
71,829,138471,3.096462908968936e-10,0.00018002168422255862,6.003947135636166e-05,0.00018002168422255862,1.0243437189166558,9.105687783484537,7.530420609849492,-27.031051922145355,32.59726415867582,-0.16457817288250515,32.59726415867582,0.0012914045399294097,12.56511345703943,3.569310496986447,-1.4002615473865518,1.5625546225225444,0.027582237265302116,1.5625546225225444,0.28565511768998664,2.358944391049564,1.388588338159931,0.3666931449328999,1.2924197512638587,0.8391428438309598,0.07096842367072619,0.9451379995462553,0.5819236698133756,0.001537127608879807,1.4141806489328452,0.860775020249272,0.006380873805418159,-0.6710825009407435,0,0,0,0.018910364835884246,0.757759306126541,376,0.8351,0.05145,0.5771435079977464,0.03788277171492379,0.6591281876396196,0.022403288856971713,0.018911397379971377,1.1846448153375762,0.012152836312474425,0.05934308897253022,355,21,0,0,0,0.8382,347,0.7341937828094736,-0.010728,-0.01072791361113734,1.9988143331049708,1.999632498312894,1.9999997259517606,236.0,372.0,0.6458021,0.3500823,0.3445671,-0.0290747,-0.0546422,-0.5902521,-0.0697925,0.7814398,0.1899561,0.8631409,0.9842461,-0.083051,-0.1560839,490.0,372.0,-0.9002455,0.1773725,0.1771479,-0.0021037,0.0086725,-0.1051783,0.7503035,-0.4137482,0.5047718,0.8220124,0.9987335,-0.0118602,0.0488945,-0.0012062726176115801,1.0,0.00017494932624836172,289.7980759708373,0.0,256,1.2483534050015556e-11,8.765880614997538e-13,1.7150076369316415e-12,9.040196100054399e-09,3.384412157266428e-05,2.719754746667328e-14,36.510651816551004,10.165282029118146,13.182154740213536,3.013473639310848,0.7284164581417958,1.0243329181113479,-0.03940223803097045,1.1044110633589393e-05,0.24551808977049033,0.03152125701625356,0.04672229000310858,2.1873938758152525,621.5182196968535,289.7979400969594,0.6091702101984799,0.6091702637776762,0.6091702876915948,0.7614628297220952,6.211972526869159e-07,373,0.8106,0.8264,-0.0027,0.078574,2,0.677,0.9983,0.000361,16.071,8.0354,2.0,0.2341,1.0,0.26126,0.27246,1.27397,0.17207,0.8969,1.0477,1.1682,0.5006,2.6398,1.6922,0.0812,0.087,8.1901,3.1025,80,0.0451,-0.1104,34,0.137,-0.1676,0.0,0.3636072,0.2877962,0.116381,0.2454067,-0.0192948,-0.0331321,0.2483837,302.0,70.0,0.3461879,0.1828842,0.3086605,-0.1696991,0.0144376,0.0227117,0.1718199,28.0,344.0
72,829,138471,9.32364186883736e-11,0.00018645317864325234,5.936831805348255e-05,0.00018645317864325234,1.0195410557898146,9.110986469005402,7.53043818466303,-28.629286108472993,32.600395353277214,-0.04549030717284204,32.600395353277214,0.003120637275096836,12.563665169162162,3.505109626270678,-1.4021681018288648,1.5674357286020497,0.027439994634791808,1.5674357286020497,0.28565513086591,2.3589443853428986,1.3885883447373268,0.3785655673266719,1.2699795216658136,0.8379540957399171,0.0709684378128418,0.9451380136883709,0.5819236839554913,0.006155123301770482,1.4142045421480427,0.9135221141103654,0.008425275846880256,-0.6710825067396154,0,0,0,0.01988843103980021,0.7605243625165987,376,0.8354,0.05215,0.5773110005891617,0.04122399363776303,0.6631914530194883,0.024129362532097638,0.01989136085352195,1.2130574026475072,0.01325260324445923,0.06797482594667399,356,20,0,0,0,0.8377,345,0.7351796898379352,0.017903,0.017903336230238542,1.9987256811234368,1.9996352628540646,1.9999998150709473,99.0,372.0,-0.7393275,0.3494359,0.3432436,-0.0298455,-0.0582965,-0.5555674,-0.042159,0.8023363,0.2140654,0.8405945,0.9822793,-0.0854104,-0.1668303,686.0,372.0,0.6212677,0.179956,0.1797625,-0.0034796,0.0075819,-0.1390589,0.6434192,-0.4255489,0.6209529,0.8415348,0.9989249,-0.0193357,0.0421322,-0.0012062726176115801,1.0,0.00018002168422255862,289.79794009780704,0.0,256,1.8392029606692672e-11,8.588887556205593e-13,1.968447291994643e-12,9.57028190252457e-09,3.370401822596974e-05,-1.780894756456226e-13,23.700801592233823,7.023497269429875,8.602344975692567,3.0138559333322226,0.7371581048040908,1.0336783587233742,-0.04482831192317524,1.137869234751022e-05,0.24553861873927862,0.0004696834589572829,0.059357774659580156,2.5818240291738617,621.5179557436873,289.79781702239546,0.609170207429904,0.6091702641652534,0.6091702876916879,0.7614628302065668,6.433905560746282e-07,373,0.8105,0.8326,-0.00181,-0.250055,2,0.6772,0.9989,-0.000306,16.072,8.0361,2.0,0.235,1.0,0.25901,0.28037,1.27389,0.17274,0.899,1.0456,1.1631,0.5006,2.6389,1.6916,0.0812,0.087,8.1875,3.1026,80,0.0641,-0.9816,34,0.1266,-0.1858,-0.0,0.2827239,0.3634229,-0.1248927,-0.27323,0.0135367,0.0745309,0.2835361,47.0,325.0,0.1601973,0.2695017,-0.2543743,0.0784836,-0.0148988,0.0130837,0.0809496,282.0,90.0
73,829,138471,2.8843228109364633e-10,0.00018761423962208,6.162500266854131e-05,0.00018761423962208,1.0147001173118961,9.116367940442789,7.53045995287948,-26.873223806574664,32.59370373027675,-0.020608109037661446,32.59370373027675,0.0038924016061878176,12.564606188210591,3.5100857208350744,-1.4141366334632903,1.5834778987478477,0.0279960544762648,1.5834778987478477,0.29417573471257735,2.353225027439482,1.3932315386228487,0.381628208857128,1.2984059664472452,0.8399686051000828,0.07867509894456672,0.959275906667367,0.590531434157984,0.007445225656181442,1.4141942813328294,0.9082228673764565,0.01089755530382952,-0.6751377719141151,0,0,0,0.019676667373991354,0.7635970703820772,376,0.8309,0.05313,0.580483929287352,0.035235835106048094,0.669121787165881,0.02331227871941338,0.019678676228002498,1.1846466931673134,0.012847152880418477,0.056040028603929336,355,21,0,0,0,0.8351,340,0.7341037900894747,-0.007084,-0.007083785097821149,1.9987830958108441,1.99962852268926,1.999999685143093,236.0,372.0,0.6145044,0.3147027,0.3101946,-0.026003,-0.0462699,-0.6674261,-0.318433,0.5730206,0.3532565,0.8607885,0.9856752,-0.0826272,-0.1470275,490.0,372.0,-0.8369138,0.2262133,0.2249884,0.0104933,0.0210369,0.4883821,0.8398847,-0.1097312,-0.2098466,0.8126592,0.9945854,0.0463868,0.0929959,-0.0012062726176115801,1.0,0.00018645317864325234,289.79825829589487,0.0,256,2.4391929991708886e-11,1.5425950986548582e-12,3.031958917574224e-12,1.3040261547573748e-08,3.52263881365412e-05,8.812272128566572e-14,22.9075813689382,6.886967571340785,8.568741844742204,3.124354756086572,0.871355229264266,1.2178440605314127,-0.05417476818800873,1.1334012534417828e-05,0.24354242299333376,0.11260113068825602,0.041261073749684685,2.7220478879168706,621.5184674165583,289.79805560227834,0.6091702069302246,0.6091702634110722,0.6091702876916039,0.7614628292638401,6.473964748733981e-07,373,0.8096,0.8283,0.00038,0.267695,2,0.6728,0.999,1e-06,16.073,8.0365,2.0,0.2331,1.0,0.25786,0.28482,1.27307,0.17171,0.8941,1.0504,1.1747,0.5006,2.6381,1.6911,0.0812,0.087,8.185,3.1026,80,0.0817,-0.9464,34,0.0685,-0.7546,-0.0,0.3454012,0.1870604,0.2973751,0.2385412,-0.0189278,-0.042306,0.2430019,293.0,79.0,0.163789,0.2356517,-0.1799083,-0.2052833,-0.0250068,-0.0103326,0.2070588,36.0,336.0
74,829,138471,2.22386758958269e-10,0.0001968648121342313,6.340581049303367e-05,0.0001968648121342313,1.009825181062785,9.121788309234072,7.530485767051896,-27.66840299009899,32.58044768950305,-0.2155457319755121,32.58044768950305,0.00584235909875333,12.564128076393368,3.5464743116501447,-1.4278996730441342,1.5973542326820926,0.02788827370675505,1.5973542326820926,0.2983493326816079,2.347442012803931,1.397466757114539,0.36658173427885865,1.341826129600658,0.8366018408258385,0.0850911113220162,0.9734139002825696,0.5992001351916393,0.009708801982252102,1.4142058522051169,0.9127596263262949,0.013863723799595684,-0.6791389147084448,0,0,0,0.021230618731867427,0.7664637660727741,376,0.8268,0.05236,0.5833478911266579,0.03934665633028919,0.6769001624856897,0.025855432292202236,0.021234529490579936,1.2176126767335356,0.014421268255634261,0.058987596827628816,357,19,0,0,0,0.8294,338,0.7351493346595251,-0.047042,-0.04704194936059802,1.9986975679289831,1.9996233484541552,1.9999996108464695,99.0,372.0,-0.5746413,0.2959489,0.2894278,-0.0389001,-0.0480008,-0.5846745,-0.3949206,0.4133263,0.5756344,0.8364144,0.9779655,-0.131442,-0.1621929,686.0,372.0,0.4381845,0.1149799,0.1114264,-0.0279123,-0.0050454,0.2362061,0.9640232,0.1117766,0.048703,0.8358558,0.9690939,-0.2427582,-0.0438805,-0.0012062726176115801,1.0,0.00018761423962208,289.7984381212187,0.0,256,2.609960932486615e-11,1.4838098603876166e-12,2.8656767834132145e-12,1.0406538530207913e-08,3.572398002352356e-05,-4.6576179452886954e-14,24.78532612963339,5.944306857422903,7.735240552888901,3.1033206325579856,0.9667535054989229,1.2599190437998333,0.005454817430420195,1.1572729932772371e-05,0.1959573949074765,0.230480675589502,0.027879416368921234,1.856638657479098,621.5190825376479,289.7983424174014,0.6091702029482765,0.6091702624886588,0.6091702876916324,0.7614628281108234,6.79316556789285e-07,373,0.8082,0.8316,-0.00071,-0.212962,2,0.6683,0.9992,-0.000453,16.073,8.0365,2.0,0.2385,1.0,0.26153,0.28067,1.27294,0.17239,0.9009,1.0436,1.1584,0.5006,2.6373,1.6906,0.0811,0.1014,8.1712,3.0983,80,0.0532,-0.9049,34,0.1295,-0.9611,-3.0,0.3407357,0.2848818,0.089278,-0.1452674,0.0249888,0.0424885,0.1534025,85.0,287.0,0.1290458,0.0834143,0.2147768,0.0651604,-0.0291309,0.0023136,0.0714131,246.0,126.0
75,829,138471,8.421436878128796e-11,0.00019967620505103624,6.57110639225348e-05,0.00019967620505103624,1.0049226617739686,9.12726727011743,7.530515726972195,-28.47006114638454,32.570514253634194,-0.15359296744464654,32.570514253634194,0.002957874625171628,12.564163891142355,3.5062915670407757,-1.4383243696545829,1.5945609517982822,0.028219785679921356,1.5945609517982822,0.30331957056637426,2.3416077386081984,1.402451717892555,0.358225447924533,1.3163358943398658,0.834585096238241,0.09114820120405254,0.9875504728569606,0.6079826308310312,0.0009377915836789041,1.4142099514705566,0.9056521573275571,0.01737884138309012,-0.683004320261272,0,0,0,0.020711992932680542,0.768895956281287,376,0.8263,0.05214,0.586856185745882,0.03605415604575129,0.6792118506326286,0.02481298773671004,0.020713551520099283,1.197910832076908,0.013862655776903758,0.05973123060384766,355,21,0,0,0,0.8309,336,0.7358038301480453,0.040708,0.040707823571956014,1.998748921810527,1.9996170254375454,1.999999718214558,236.0,372.0,0.6350536,0.3418382,0.338197,-0.0088984,-0.0489583,-0.5435392,-0.1443643,0.5209735,0.6421142,0.850989,0.9893484,-0.026031,-0.1432207,490.0,372.0,-0.9090442,0.1988075,0.1972921,0.0178578,-0.016774,0.4707642,0.3200249,0.6409625,0.5149099,0.8103387,0.9923773,0.0898246,-0.0843728,-0.0012062726176115801,1.0,0.0001968648121342313,289.79880294949703,0.0,256,8.229437272514538e-12,7.334654563319445e-13,1.1893272153858827e-12,1.471259723699322e-08,3.703429037410467e-05,-5.796088915270166e-14,21.67473997829193,6.416666534156198,7.741920565699586,3.1308723682229673,1.1749919249171037,1.4966313492262564,0.17124834903874717,1.1662064526819852e-05,0.2354467657569189,0.21114532277813042,0.043984126754489976,1.1315757079364699,621.519831820214,289.7986917885659,0.6091702017382187,0.6091702613418489,0.6091702876916918,0.7614628266773111,6.890169304032535e-07,373,0.8014,0.8254,-0.00116,0.171317,2,0.6623,0.999,0.000481,16.069,8.0344,2.0,0.2345,1.0,0.26071,0.29123,1.27188,0.17639,0.8951,1.0493,1.1722,0.5006,2.7379,1.6562,0.0811,0.1159,8.1573,2.9794,80,0.0482,0.3998,34,0.1875,-0.8717,-1.0,0.3623123,0.2512624,0.1809885,0.2483317,0.0013911,-0.0339004,0.2506388,302.0,70.0,0.2513554,0.1988391,0.1166525,-0.178541,-0.0110927,0.0279683,0.1810585,29.0,343.0
