step,n,n_archi,I2_min,I2_max,I2_mean,I2_absmax,r_min,r_max,r_mean,tw_min,tw_max,tw_mean,tw_absmax,phi_min,phi_max,phi_mean,phivel_min,phivel_max,phivel_mean,phivel_absmax,d_min,d_max,d_mean,d0_min,d0_max,d0_mean,eta_min,eta_max,eta_mean,tau_min,tau_max,tau_mean,dmin_nodi,xi_termo,n_naninf,n_I2_grandi,n_lontani,m0_I2pesata,m0_raggio,m0_N,m0_coer,m0_spin,m0_spin_disp,m0_vort_pos,m0_vort_neg,m0_carica,m0_coer_nucleo,m0_N_nucleo,m0_raggio_nucleo,m0_Lz,m0_Lz_norm,n_cicli_topologici,circolazione_topologica_max,circolazione_topologica_media_assoluta,circolazione_topologica_media,ncrit_adattivo,rho_critica,lambda_eff_min,lambda_eff_med,lambda_eff_max,lambda_eff_ratio_med,rho_su_rhoc_max,m1_N,m1_coer,m1_coer_nucleo,m1_spin,m1_Lz,m2_N,m2_coer,m2_coer_nucleo,m2_spin,m2_Lz,n_masse,coer_01,cosphi_01,Lz_orb_01,dist_01,coer_02,cosphi_02,Lz_orb_02,dist_02,coer_12,cosphi_12,Lz_orb_12,dist_12,scala_com,rcom_01,rcom_02,rcom_12,tw_q,tw_disp,sync_rel,d0_disp,rchi_pos,rchi_neg,rchi_ratio,frac_chi_neg,dens_g0,dens_g1,dens_g2,dens_g3,dens_g4,guscio_idx,centro_N,centro_coer,centro_cosphi,guscio_N,guscio_coer,guscio_cosphi,guscio_circ
0,1196,207563,0.0,3.813489013084208e-12,2.689652940856391e-14,3.813489013084208e-12,0.4321400144875662,10.785981483275078,9.522162189467151,-9.220115167774765,9.230871620044105,-0.0001743488192658723,9.230871620044105,7.432171368947449e-06,12.566179721003962,6.452647723421143,-1.1159834046126322,1.017606027888999,-0.023185992658902563,1.1159834046126322,0.017045004924482805,2.3984126572140063,1.1569359691857053,0.017045004924482805,2.398388041482189,1.1561493353016676,0.0,0.05790533939017026,0.003032844706010993,1.0,1.0,1.0,0.007791639313596425,-0.12065228546601077,0,0,0,0.0,0.609380932133849,372,0.9989,-0.04378,0.44728238420512356,0,0,0,0.999,372,0.609380932133849,0.0,0.0,256,2.7918196698612843e-18,7.533369416282955e-20,1.0511235149013915e-20,621.4857873344093,289.7828177215713,0.6091702876917264,0.609170287691728,0.609170287691728,0.76146285961466,1.315981755946717e-14,372,0.9987,0.9988,-0.05168,0.0,372,0.9988,0.9989,0.02626,0.0,3,0.9977,0.9999,0.0,0.0,0.9977,1.0,0.0,0.0,0.9975,1.0,0.0,0.0,0.0,0.0,0.0,0.0,0.0015,1.0,1.26041,0.27209,0.9796,0.9759,0.9962,0.5318,2.7211,0.9535,0.0,0.0,8.4655,3.1111,0,0.0,0.0,0,0.0,0.0,0.0
1,1196,207563,5.459042306730854e-35,3.8818998253981115e-12,2.4799248170168845e-14,3.8818998253981115e-12,0.43860949820905604,10.77965600496498,9.522192020735599,-9.227388759916293,8.85922743872536,-0.10947928681937795,9.227388759916293,0.00021870379758759384,12.56627514429615,6.179050611852566,-1.1159834065219243,1.0176060296305511,-0.023185992678967565,1.1159834065219243,0.05,2.3984126572141484,1.156963523529413,0.05,2.398125988828311,1.1548947386946136,1.4142115624116159e-08,0.05790535353228588,0.0030328588481266174,0.0009826808641676399,1.4141442354398384,0.8638731757246854,0.00783163398820525,-0.12065230812127263,0,0,0,3.303658650633422e-32,0.6093809365602332,372,0.9141,-0.08418,0.4431797018581132,0,0,0,0.9201,372,0.6093809365602332,-0.003855,-0.0038548196760455067,256,2.7394936754808277e-18,8.896238234101894e-20,1.0715010079813838e-20,621.4857873344093,289.7828177215713,0.6091702876917263,0.609170287691728,0.609170287691728,0.76146285961466,1.3395893710744137e-14,372,0.8855,0.8888,-0.08356,-1.048496,372,0.9763,0.9552,0.02273,1.048438,3,0.8101,0.9997,2.615882,0.0,0.8924,0.9999,-2.550996,0.0,0.8651,0.9993,-1.639116,0.0,0.0,1.5858,1.7995,1.802,0.25372,0.99871,1.26041,0.27209,0.9796,0.9759,0.9962,0.5318,2.7211,0.9535,0.0,0.0,8.4655,3.1111,0,0.0,0.0,0,0.0,0.0,0.0
2,1196,207563,5.920567937477203e-20,9.81018697834074e-12,1.4603784632902742e-13,9.81018697834074e-12,0.43860947681931406,10.779656004147744,9.522192020289161,-9.212711696238047,9.187767321817613,-0.10553201919359292,9.212711696238047,0.003142858001189588,12.565895872086122,6.635495509004431,-1.116078016099864,1.022983146848295,-0.023501742476089275,1.116078016099864,0.05,2.3984141281804305,1.156963524020477,0.05,2.3975227968282677,1.1524231503373599,9.840950757300516e-06,0.07204596567086685,0.011671590605373471,0.00032311916192440115,1.177834251682197,0.7323954029902777,0.007868857813475903,-0.13667201011043745,0,0,0,8.931967116422531e-13,0.6093809400874783,372,0.0053,-0.07807,0.45201644317706674,16,16,0,0.0128,372,0.6093809400874783,-0.011809,-0.011808761668313128,256,9.60155780376333e-18,4.99867645209468e-19,3.794380262407509e-20,621.4857881145583,289.78281808533467,0.6091702876917239,0.609170287691728,0.609170287691728,0.76146285961466,3.385358401563979e-14,372,0.0234,-0.0843,-0.04087,0.004659,372,0.278,0.2824,0.05457,-0.009332,3,0.0002,0.9809,0.129153,0.579,0.0018,-0.8287,-0.558699,0.419,0.0097,-0.7041,0.51977,0.263,0.2538,2.2798,1.6513,1.0371,0.27435,0.93137,1.25892,0.27209,0.9796,0.9759,0.9962,0.5318,2.7211,0.9535,0.0,0.0,8.4655,3.1111,0,0.0,0.0,0,0.0,0.0,0.0
3,1205,207573,0.0,2.693437036984344e-11,2.8584025430407577e-12,2.693437036984344e-11,0.4375268110570496,10.816721630460862,9.52451842888211,-9.422354325644683,9.420787943934625,-0.13484706830108595,9.422354325644683,0.008631765818115866,12.556675079175504,6.8567060334485115,-1.1162927711321675,1.0280157592200017,-0.02287911183312803,1.1162927711321675,0.050000000066692474,2.398415742808429,1.1517556416329076,0.06847569533323256,2.39834305907977,1.1400096301532117,0.0,0.07842548439336772,0.018853669198166303,1.0,1.0,1.0,0.0,-0.1523557050477733,0,0,0,3.046558447521875e-10,0.627873345044834,372,0.0635,-0.05678,0.44550768282241254,0,0,0,0.0635,372,0.627873345044834,0.531856,0.5318559977044091,256,1.8363222149650842e-17,1.0478181005779335e-18,1.036837296691098e-19,621.4857922034256,289.7828199918682,0.6091702876917164,0.6091702876917275,0.609170287691728,0.7614628596146594,9.294674670706588e-14,372,0.0251,-0.0926,-0.03665,-0.007535,381,0.3054,0.3087,0.06205,0.02172,3,0.002,-0.8695,-0.06634,15.756,0.0197,-0.4734,0.038653,10.639,0.0096,0.8468,-0.030613,8.53,6.9458,2.2684,1.5318,1.2281,0.53801,0.58688,1.26615,0.26539,0.9795,0.9763,0.9967,0.5311,2.7228,0.9541,0.0,0.0,8.5329,3.1339,48,0.0804,-0.933,46,0.143,-0.1562,3.0
4,1215,207586,0.0,5.669243382892439e-11,7.094875140707212e-12,5.669243382892439e-11,0.4530396737932353,10.854147224895339,9.52714601865731,-9.42202378529957,9.419926975448657,-0.13583600008572566,9.42202378529957,0.0032082137363431684,12.537777253647352,6.891919341519649,-1.1162924055746513,1.0280175956830995,-0.022810975301099295,1.1162924055746513,0.05000000006670437,2.398415742928652,1.1467963299973205,0.06955091939219288,2.398415746079888,1.1206730642096034,0.0,0.07842989478793799,0.018700421529132455,1.0,1.0,1.0,0.0,-0.15235667946144513,0,0,0,1.0229354892252355e-09,0.6208377414804396,372,0.1171,-0.0639,0.4493266307217679,0,0,0,0.1171,372,0.6208377414804396,-0.67559,-0.6755897682572984,256,6.93941668518854e-17,1.2693200924021094e-18,4.0263733156884006e-19,621.4857963633714,289.7828219315438,0.6091702876917036,0.6091702876917262,0.609170287691728,0.7614628596146578,1.9563766220178847e-13,373,0.0699,0.0699,-0.03918,0.175405,390,0.2416,0.2513,0.04315,-0.003026,3,0.0084,-0.9237,-0.061136,17.407,0.0323,0.2916,0.002923,10.63,0.0195,0.0971,0.019279,10.49,7.6452,2.2768,1.3905,1.3721,0.54137,0.58433,1.27421,0.24806,0.9794,0.9766,0.9972,0.5309,2.7752,0.9251,0.0,0.0,8.5569,3.0833,54,0.0775,-0.9988,48,0.1078,-0.4913,-1.0
5,1217,207588,0.0,7.282011940301366e-11,1.0060059597538197e-11,7.282011940301366e-11,0.45635432153507216,10.862024197198329,9.527727557623097,-9.421837976322985,9.42200637187222,-0.16008697062415167,9.42200637187222,0.011442848488322888,12.5475451677935,6.818900436262896,-1.1162923874581316,1.0280183095187891,-0.02270338879996558,1.1162923874581316,0.050000000066944814,2.3984157433941435,1.1462019284690026,0.06954860434397651,2.3984157439314915,1.096176282727401,0.0,0.0784330491104527,0.01867059693585927,1.0,1.0,1.0,0.0,-0.15235763437251193,0,0,0,1.886804737328281e-09,0.6183167459333097,372,0.1474,-0.07209,0.45141072934199833,0,0,0,0.1474,372,0.6183167459333097,-0.136359,-0.1363590295348449,256,4.6444195600530705e-17,8.637458385042158e-19,1.645106614830877e-19,621.485797605824,289.78282251086745,0.6091702876916967,0.6091702876917258,0.609170287691728,0.7614628596146572,2.5129204958407346e-13,373,0.0817,0.0817,-0.03242,0.049167,392,0.2229,0.2257,0.02336,0.006086,3,0.0123,-0.9078,-0.000463,17.386,0.0429,0.9368,-0.006037,10.563,0.0237,-0.7037,0.006485,10.442,7.6222,2.2809,1.3858,1.37,0.54482,0.58169,1.27608,0.21468,0.9792,0.9768,0.9975,0.5316,2.7712,0.9237,0.0,0.0,8.5599,3.0889,50,0.0646,-0.7468,48,0.0405,-0.4153,-0.0
6,1222,207594,0.0,7.319146438206303e-11,9.924600259097537e-12,7.319146438206303e-11,0.4578151635574788,10.87706797540267,9.529500926239358,-9.421098430563168,9.421937409766798,-0.170471903680334,9.421937409766798,0.0019263401817088133,12.548996453032556,6.702930362802464,-1.1162921851744445,1.0280208665638115,-0.02257763934724194,1.1162921851744445,0.05000000006839745,2.3984157436296147,1.144864407732623,0.06954339915162591,2.3984157487201085,1.05133748927148,0.0,0.07843557539690987,0.01859602803011324,1.0,1.0,1.0,0.0,-0.15235947813857392,0,0,0,1.850078370732661e-09,0.6165115536595034,373,0.1456,-0.10188,0.45405929237221015,1,1,0,0.1456,373,0.6165115536595034,-0.049532,-0.04953190226285531,256,3.749011881060488e-17,5.777626236701526e-19,1.761481588965349e-19,621.4857963091138,289.78282190624486,0.6091702876916965,0.6091702876917262,0.609170287691728,0.7614628596146578,2.52573509708395e-13,373,0.0711,0.0711,-0.03032,0.24259,396,0.2172,0.2027,0.00071,0.003501,3,0.0107,-0.8723,-0.00157,17.358,0.0416,0.8436,-0.006365,10.501,0.0199,-0.9984,0.004262,10.396,7.5986,2.2844,1.3819,1.3681,0.54507,0.58152,1.27967,0.16127,0.979,0.9771,0.998,0.5327,2.7652,0.9217,0.0,0.0,8.5798,3.1028,49,0.1245,-0.7259,47,0.1054,-0.5868,2.0
7,1229,207602,0.0,6.287505441995831e-11,7.646617812777446e-12,6.287505441995831e-11,0.4788684953672404,10.905210275791543,9.530230347073328,-9.423290027907798,9.42477760823863,-0.17388388283434336,9.42477760823863,0.029685602664589084,12.559901184176116,6.684244153176174,-1.1162926188285236,1.0280230556609677,-0.022618846274267572,1.1162926188285236,0.050000000102004304,2.3984157436348017,1.141081829888377,0.05536906396210395,2.3984157626307017,1.0081818452599685,0.0,0.07843935775546351,0.01849385021311693,1.0,1.0,1.0,0.0,-0.15236307946007588,0,0,0,9.291719941893505e-10,0.6154094809352082,373,0.1177,-0.13685,0.4504335011951768,0,0,0,0.1177,373,0.6154094809352082,-0.041725,-0.04172511065636719,256,2.7631082587941873e-17,5.047306607607252e-19,1.6796213540477922e-19,621.4857947301384,289.78282117000936,0.6091702876917009,0.6091702876917268,0.609170287691728,0.7614628596146584,2.1697302195519336e-13,373,0.0545,0.0545,-0.03529,0.129795,403,0.1906,0.1909,-0.01246,-0.000425,3,0.0072,-0.8547,-0.001685,17.307,0.0331,-0.0144,0.004091,10.52,0.0152,-0.5068,-0.008379,10.403,7.5897,2.2803,1.3861,1.3706,0.54164,0.58492,1.28563,0.18629,0.9788,0.9774,0.9986,0.5313,2.8189,0.8938,0.0,0.0,8.5866,3.0461,49,0.1947,-0.9963,47,0.2078,-0.9795,-0.0
8,1237,207612,0.0,4.315992899128703e-11,4.3552633169311585e-12,4.315992899128703e-11,0.48355218635706665,10.93665088498863,9.530644151856919,-9.424789207103508,9.420031747598072,-0.1813839425737624,9.424789207103508,0.0012652744225238738,12.537220190782438,6.6502773864523475,-1.116292647882825,1.0280257276512832,-0.022703146659785588,1.116292647882825,0.050000000309727705,2.398415744565757,1.1374948432887555,0.05,2.3984157507225325,0.9834290504358602,0.0,0.07844062796976478,0.018379346468192344,1.0,1.0,1.0,0.0,-0.1523675615608526,0,0,0,4.1666523959495484e-10,0.6096603976844722,375,0.0937,-0.09367,0.444137198612452,1,1,0,0.0937,375,0.6096603976844722,-0.044598,-0.044597696001340115,256,1.1141489834200735e-17,3.472498226859888e-19,1.109437633475026e-19,621.4857924589522,289.7828201110137,0.6091702876917093,0.6091702876917274,0.609170287691728,0.7614628596146592,1.4893888110672943e-13,373,0.0314,0.0314,-0.07073,-0.099136,409,0.1573,0.2094,-0.01701,-0.000764,3,0.0035,-0.4657,-0.00021,17.091,0.023,-0.9902,0.001856,10.344,0.0085,0.3377,0.003102,10.309,7.4935,2.2808,1.3804,1.3758,0.53686,0.58977,1.29181,0.21048,0.9787,0.9778,0.9991,0.5311,2.9455,0.8448,0.0,0.0,8.6159,2.9251,49,0.1385,0.5607,48,0.2391,0.2848,-2.0
9,1247,207625,0.0,5.722467494268225e-11,5.044871783737711e-12,5.722467494268225e-11,0.5242037902090682,10.978275067496346,9.529795221068856,-12.566373261078558,9.42478100391601,-0.18287923434257067,12.566373261078558,0.00032355079360613104,12.559099643818287,6.395160893898878,-1.11629362532404,1.0280276291807429,-0.023035663583102228,1.11629362532404,0.05000000059309334,2.3984157640797856,1.133132004741188,0.05,2.398415764140987,0.9417297467733129,0.0,0.07844127014797508,0.018238305225813115,1.0,1.0,1.0,0.0,-0.15237298842077504,0,0,0,7.361169143345387e-10,0.6144302273038637,375,0.1327,-0.10378,0.443347784558081,1,1,0,0.1327,375,0.6144302273038637,0.126696,0.12669638993517118,256,6.96040035260278e-18,2.957040488421346e-19,8.191567707319174e-20,621.4857917954074,289.78281980161984,0.6091702876917034,0.6091702876917275,0.609170287691728,0.7614628596146594,1.9747435331693317e-13,373,-0.0108,-0.0104,-0.00721,-0.01544,419,0.1166,0.1883,-0.00066,0.002805,3,0.0018,0.5501,0.003962,17.02,0.0292,0.075,0.013893,10.406,0.0028,0.874,-0.009148,10.325,7.4874,2.2731,1.3898,1.3789,0.53203,0.59255,1.29844,0.18974,0.9783,0.9783,1.0,0.5317,2.9918,0.8159,0.0,0.0,8.6279,2.8838,51,0.0522,0.6489,49,0.1623,0.2796,-1.0
10,1255,207634,0.0,5.067276752183815e-11,6.43826482836064e-12,5.067276752183815e-11,0.5488603861629814,11.01139623294607,9.52981390420286,-11.780962233714265,9.421427310268195,-0.17866558824099574,11.780962233714265,6.035354562961004e-05,12.532574845387504,6.102638622422174,-1.116292221486747,1.0280283919934339,-0.023237081391392866,1.116292221486747,0.050000000851839074,2.3984157654639344,1.1294750973492167,0.05,2.398415765464398,0.9127328392173328,0.0,0.07844379643443226,0.01812623666357053,1.0,1.0,1.0,0.0,-0.15237655208340742,0,0,0,7.678201502298305e-10,0.6109170940404005,376,0.1587,-0.1182,0.445687136681705,0,0,0,0.1587,376,0.6109170940404005,0.017403,0.017402902161608225,256,7.043918380209312e-18,4.659486730972761e-19,7.940945371152802e-20,621.4857921054892,289.78281994620295,0.6091702876917062,0.6091702876917275,0.609170287691728,0.7614628596146594,1.7486463666564275e-13,373,0.02,0.0188,0.01784,0.170555,426,0.0517,0.0877,-0.00795,0.002792,3,0.0034,-0.316,0.005466,17.186,0.0299,0.9097,0.01113,10.604,0.004,-0.6815,-0.005164,10.449,7.579,2.2676,1.3991,1.3787,0.52807,0.59701,1.30408,0.15989,0.978,0.9787,1.0007,0.5323,2.9778,0.8121,0.0,0.0,8.6401,2.9015,56,0.1176,-0.4712,48,0.198,0.0699,0.0
11,1260,207640,0.0,5.013801308107136e-11,6.871993248138456e-12,5.013801308107136e-11,0.5735324565655596,11.031277140308273,9.528076706947417,-10.995540459504971,9.424281186163478,-0.19489789993668988,10.995540459504971,0.0033522981305990074,12.559081559301164,5.824412640814795,-1.1162921584968204,1.0280288176264374,-0.023477582416771305,1.1162921584968204,0.05000000096320316,2.398415765747518,1.1270268115388165,0.05,2.398415765747673,0.9165036590589786,0.0,0.07844381057654788,0.01805643363223183,1.0,1.0,1.0,0.0,-0.1523774389209268,0,0,0,9.74741512055147e-10,0.6106400915942848,376,0.1543,-0.15254,0.42589630624318,0,0,0,0.1543,376,0.6106400915942848,-0.055308,-0.05530842516764056,256,6.827332695069409e-18,4.457592092041438e-19,8.724238623507413e-20,621.4857937736739,289.78282072403454,0.6091702876917066,0.6091702876917271,0.609170287691728,0.7614628596146589,1.7301927338480395e-13,373,0.0238,0.0238,-0.0222,0.117183,431,0.0066,0.0224,-0.01373,-0.000804,3,0.008,-0.5133,-0.003591,17.271,0.0321,0.897,-1.8e-05,10.63,0.0105,-0.0811,-0.002449,10.545,7.6192,2.2667,1.3951,1.384,0.52788,0.60063,1.30806,0.17408,0.9778,0.9789,1.0011,0.5317,2.9672,0.8092,0.0,0.0,8.6467,2.9141,56,0.1818,-0.4871,49,0.2074,-0.0685,-3.0
12,1270,207652,0.0,5.188579139109283e-11,8.28848096962669e-12,5.188579139109283e-11,0.6056275224652814,11.046369950287477,9.528215162677935,-12.566370403548408,9.423934769786749,-0.21161594159531283,12.566370403548408,0.014718078644346377,12.513702038596547,5.658327956613379,-1.116292011605465,1.0280300712760837,-0.023935629843983213,1.116292011605465,0.050000001149590974,2.3984157663109045,1.1221925532007784,0.05,2.398415766393593,0.9096498134059984,0.0,0.07844633686300506,0.017915616599437086,1.0,1.0,1.0,0.0,-0.15237833413001306,0,0,0,1.6005165185072262e-09,0.608622392756306,377,0.1599,-0.12516,0.4225781155182774,0,0,0,0.1599,377,0.608622392756306,-0.053133,-0.05313265355081076,256,6.797773160695577e-18,5.060554360681307e-19,1.2883936581121002e-19,621.4857957376918,289.7828216398055,0.6091702876917058,0.6091702876917264,0.609170287691728,0.761462859614658,1.7905061141127916e-13,375,0.0713,0.0713,-0.01723,-0.202982,438,-0.0035,0.0423,-0.02596,0.001713,3,0.0117,-0.1322,-0.001661,17.298,0.0352,0.4798,-0.000981,10.63,0.0153,0.8063,-0.000391,10.574,7.6303,2.2669,1.3931,1.3857,0.52793,0.61508,1.31414,0.19003,0.9775,0.9793,1.0019,0.5331,2.9552,0.806,0.0,0.0,8.6866,2.9394,56,0.1917,-0.5926,49,0.1744,-0.2641,3.0
13,1276,207660,0.0,5.66144152772528e-11,9.401274995484745e-12,5.66144152772528e-11,0.6251399244927895,11.069975875579471,9.52749402927551,-12.566378457639885,9.422867259792032,-0.2156529319621657,12.566378457639885,0.04296734608980124,12.537636054082189,5.536292094877488,-1.1162927206264888,1.0280326680050809,-0.023977870998479218,1.1162927206264888,0.05000000158080729,2.398415767018083,1.1199755156902447,0.05,2.3984157671836766,0.896613821535288,0.0,0.07845891172207228,0.01783316280549658,1.0,1.0,1.0,6.938893903907228e-18,-0.15238010629533993,0,0,0,2.046517783854509e-09,0.6064377439275616,378,0.177,-0.12799,0.4185155494338483,0,0,0,0.177,378,0.6064377439275616,-0.039129,-0.03912901424445914,256,6.151297517397183e-18,3.763744333687708e-19,1.1711870668340532e-20,621.4857955509888,289.7828215527507,0.6091702876917036,0.6091702876917265,0.609170287691728,0.7614628596146581,1.9536843134418505e-13,375,0.0768,0.0768,-0.02092,-0.073511,443,0.0254,0.1152,-0.02345,-0.002381,3,0.0148,-0.142,-0.000547,17.292,0.0384,-0.3047,0.002281,10.615,0.0175,0.9861,-0.000518,10.602,7.6311,2.266,1.3911,1.3893,0.52651,0.63558,1.31866,0.18106,0.9773,0.9795,1.0023,0.5329,2.9465,0.7813,0.0134,0.0,8.7055,2.9545,55,0.147,-0.859,49,0.1376,-0.8523,4.0
14,1281,207666,0.0,5.850417500162955e-11,7.994241746516683e-12,5.850417500162955e-11,0.6528406204433314,11.089761073417426,9.52582470625507,-11.780989226100033,11.570287812188212,-0.18991012487545522,11.780989226100033,0.009900061062663543,12.554396066617741,5.272626466978272,-1.1162916502134452,1.0280360011211649,-0.023874704976095246,1.1162916502134452,0.0500000022274368,2.3984157677303326,1.1177464032908475,0.05,2.398415767982821,0.8760719978168697,0.0,0.07847085854575082,0.017766082134052657,1.0,1.0,1.0,0.0,-0.1523818849499964,0,0,0,1.7592079389246543e-09,0.6060896663629148,378,0.1686,-0.17279,0.41214763318949305,0,0,0,0.1686,378,0.6060896663629148,0.039357,0.03935725997031847,256,7.516212959835677e-18,3.993424704840603e-19,-2.789643003882118e-20,621.4857939947316,289.7828208271081,0.6091702876917028,0.6091702876917271,0.609170287691728,0.7614628596146589,2.0188972843402146e-13,375,0.0423,0.0423,-0.03627,0.170851,448,0.0267,0.0828,-0.02327,0.002546,3,0.0143,-0.6103,-0.00028,17.216,0.0351,-0.9651,0.014734,10.659,0.0174,0.7964,-0.013084,10.678,7.6305,2.2562,1.3969,1.3994,0.52286,0.64324,1.32146,0.16557,0.9771,0.9797,1.0026,0.5332,3.0029,0.7563,0.0133,0.0286,8.6899,2.8938,57,0.112,-0.9926,51,0.0882,-0.8968,2.0
15,1290,207678,0.0,6.397368844031253e-11,7.026806617979833e-12,6.397368844031253e-11,0.6439219770365302,11.125513275924602,9.525505947121264,-12.566360454889054,10.784871648516619,-0.157444709269798,12.566360454889054,0.008946592863845026,12.55914430966283,4.994304128532414,-1.1162924218565213,1.0280385833705799,-0.024300238110851722,1.1162924218565213,0.050000003393504626,2.3984157678785447,1.113779742663581,0.05,2.3984157704998945,0.8649612589231718,0.0,0.078473384832208,0.017645365328157196,1.0,1.0,1.0,0.0,-0.1523836295739497,0,0,0,1.6730399648532648e-09,0.6065269336289919,380,0.1591,-0.1632,0.4178182619216739,0,0,0,0.1591,380,0.6065269336289919,0.116115,0.11611489022171728,256,5.2469222082281385e-18,3.8476731018527125e-19,-3.0930344445809366e-20,621.4857947099537,289.7828211605977,0.6091702876917006,0.6091702876917268,0.609170287691728,0.7614628596146584,2.2076425436157341e-13,375,0.0774,0.0774,-0.10528,-0.302653,455,-0.0253,0.0021,-0.02725,0.004045,3,0.0141,-0.9721,-0.006198,17.3,0.0298,-0.4318,0.010586,10.658,0.016,0.6315,-0.006428,10.917,7.6889,2.25,1.3862,1.4199,0.51327,0.63768,1.32852,0.16683,0.9769,0.9799,1.003,0.5318,2.9964,0.7546,0.0133,0.0666,8.708,2.9062,59,0.094,-0.7309,51,0.0313,-0.7929,1.0
16,1294,207682,0.0,6.357923602919189e-11,6.493464416776809e-12,6.357923602919189e-11,0.6412194743703006,11.128521564076879,9.525540092466024,-11.780954181309317,9.999437143454804,-0.1325030352631344,11.780954181309317,0.01497945792214217,12.545560670209358,4.883043709688529,-1.1162922703064644,1.02803704254677,-0.02439154641124678,1.1162922703064644,0.05000000466299466,2.3984157681693263,1.1119189359771868,0.05,2.3984157740382406,0.8495683431891227,0.0,0.0784740270104183,0.017593643907926844,1.0,1.0,1.0,4.163336342344337e-17,-0.1523853763830674,0,0,0,1.6118070985227418e-09,0.604702375022386,381,0.1439,-0.11466,0.43840180813826435,0,0,0,0.1439,381,0.604702375022386,-0.043624,-0.04362420142720813,256,5.228692313652128e-18,5.271766033974236e-19,8.437797668060851e-20,621.4857935974504,289.78282064186607,0.6091702876917007,0.6091702876917271,0.609170287691728,0.7614628596146589,2.1940305463368916e-13,376,0.0815,0.0926,-0.14378,0.086908,457,-0.0304,0.0009,-0.03048,-0.00071,3,0.0126,-0.7456,-0.002191,17.495,0.0257,0.6089,-0.014212,10.585,0.0146,0.0747,0.018126,10.976,7.7357,2.2615,1.3683,1.4189,0.49852,0.63434,1.33167,0.18507,0.9768,0.9801,1.0033,0.5325,2.9283,0.7765,0.0133,0.0761,8.7259,2.9799,56,0.1644,-0.8491,50,0.1719,-0.9967,1.0
17,1300,207689,0.0,4.7961683185495553e-11,3.295274684545199e-12,4.7961683185495553e-11,0.6277239186039235,11.143087131182883,9.516310508649536,-10.995549171967166,11.731827560564835,-0.12361335854355515,11.731827560564835,0.008064593123765729,12.563219233533971,5.0466818408906216,-1.1162914763268148,1.028036113743743,-0.02419485755329319,1.1162914763268148,0.050000006226665124,2.3984157684612297,1.1085295676681293,0.05,2.3984157687268093,0.8351164811741606,0.0,0.07847529722471958,0.01751541218380038,1.0,1.0,1.0,2.0053283331865004e-15,-0.15238712311620825,0,0,0,6.275757061761846e-10,0.606706702819644,382,0.0845,-0.05064,0.4496923877894967,0,0,0,0.0845,382,0.606706702819644,-0.048799,-0.04879902684199733,256,6.617475473032413e-18,6.836707162928736e-19,7.626361240158498e-20,621.4857919962167,289.78281989525203,0.6091702876917073,0.6091702876917275,0.609170287691728,0.7614628596146594,1.655090636595789e-13,376,0.0614,0.0743,-0.17536,-0.319164,460,0.0139,0.0831,-0.02485,-0.004589,3,0.0061,-0.7122,2.4e-05,17.472,0.0143,0.9401,0.001958,10.539,0.0105,-0.9088,0.002155,10.991,7.7253,2.2616,1.3642,1.4227,0.48841,0.6287,1.33631,0.18405,0.9765,0.9799,1.0034,0.5315,2.9231,0.8194,0.0133,0.1139,8.7103,2.9798,58,0.1591,-0.9799,50,0.2058,-0.9882,1.0
18,1312,207706,0.0,3.853555281764695e-11,1.7151994136544772e-12,3.853555281764695e-11,0.5854350062809178,11.186195613389609,9.517918250595146,-10.210162801195848,10.946435610190187,-0.12490712763040804,10.946435610190187,0.007055579126435396,12.557984031862526,5.805300406052654,-1.1162919598620544,1.0280437749286253,-0.023750617749868398,1.1162919598620544,0.05000001051458598,2.3984157686108802,1.104173679000513,0.05,2.3984157689318466,0.829641110958153,0.0,0.07847593940292988,0.017362433256101557,1.0,1.0,1.0,0.0,-0.15238885910941488,0,0,0,8.545547425302533e-11,0.5987693492359946,388,0.0093,-0.04014,0.44454423694365597,20,19,1,0.1113,388,0.5987693492359946,0.438961,0.4389611097155415,256,7.92995786699459e-18,7.905559338865767e-19,9.35986333486434e-20,621.4857905499249,289.7828192208834,0.6091702876917116,0.6091702876917279,0.609170287691728,0.7614628596146598,1.3298080583677975e-13,376,0.0472,0.0472,-0.19663,0.027366,466,-0.0105,0.0631,-0.02416,-0.003196,3,0.0026,-0.5522,-0.205275,13.42,0.0074,-0.769,0.079852,5.577,0.0076,-0.1083,-0.012719,11.002,6.0759,2.2087,0.9178,1.8108,0.47185,0.62931,1.34449,0.16829,0.9765,0.9801,1.0036,0.5312,2.9046,0.8142,0.0132,0.1698,8.6919,2.9925,54,0.1982,0.3938,55,0.1548,0.4734,-1.0
19,1320,207716,0.0,4.582315594068181e-11,2.3040985319981417e-12,4.582315594068181e-11,0.5694686029295902,11.201930790864656,9.520440186238746,-10.701745282989684,10.161041814223273,-0.1278444927346404,10.701745282989684,0.010240479162833882,12.564204230253942,6.24310602093848,-1.1162914963814583,1.0280600967480713,-0.02363496989397695,1.1162914963814583,0.05000001290710164,2.3984157687609065,1.1013274682346994,0.05,2.398415779582536,0.8274192800138089,0.0,0.07847720961723115,0.017263497420708363,1.0,1.0,1.0,0.0,-0.15239058957111135,0,0,0,9.015525331894534e-12,0.5960999956552455,392,0.0236,-0.10366,0.43656647169284524,34,34,0,0.0014,392,0.5960999956552455,-0.009415,-0.009414803585688025,256,7.387625434865539e-18,6.705300672441547e-19,6.402142775235576e-20,621.4857907569474,289.78281931741265,0.6091702876917084,0.6091702876917278,0.609170287691728,0.7614628596146596,1.5812930541782592e-13,377,0.0806,0.0806,-0.19786,0.092888,469,-0.0755,-0.0443,-0.02198,0.001838,3,0.0042,-0.3992,-0.067422,12.71,0.0074,-0.3722,0.018247,4.414,0.012,0.9996,0.002928,11.017,5.7966,2.1927,0.7615,1.9006,0.45931,0.63977,1.34999,0.16511,0.9767,0.9801,1.0035,0.5303,2.9622,0.7899,0.0132,0.1975,8.7036,2.9382,49,0.1607,-0.2651,51,0.0533,-0.531,1.0
20,1333,207732,0.0,7.632656646065196e-11,4.5750779414096235e-12,7.632656646065196e-11,0.5597119222660054,11.211362459893373,9.526449648191447,-11.48712602426868,10.923197740043475,-0.145217353090233,11.48712602426868,0.018284763476316357,12.550654658311169,6.419896954164536,-1.116290818043819,1.028061375503195,-0.023243852770372265,1.116290818043819,0.05000001335883431,2.398415769200324,1.0965640044261176,0.05,2.3984157957397976,0.8266708359110322,0.0,0.07847785179544145,0.01709828146031669,1.0,1.0,1.0,0.0,-0.15239231407584647,0,0,0,2.0350842457004415e-10,0.6240554457957521,398,0.0179,-0.07226,0.428860486726367,2,2,0,0.0175,397,0.623095189218003,0.164294,0.16429351316379348,256,6.944204489989297e-18,6.101884811571396e-19,6.442919829893484e-20,621.4857919026412,289.78281985162016,0.6091702876916951,0.6091702876917275,0.609170287691728,0.7614628596146594,2.6339231048871036e-13,380,0.1152,0.1152,-0.18798,0.050378,473,-0.0786,-0.0703,-0.02834,-0.003861,3,0.0021,0.718,0.2732,17.675,0.003,-0.1918,-0.116275,10.631,0.0184,0.5454,0.018849,10.942,7.7829,2.271,1.366,1.4058,0.45232,0.63284,1.35939,0.18109,0.9771,0.9802,1.0031,0.5304,3.024,0.767,0.0131,0.1972,8.7873,2.9059,60,0.1393,-0.9992,49,0.1312,-0.9746,-0.0
21,1338,207739,0.0,1.002596308714199e-10,7.1174640432482765e-12,1.002596308714199e-10,0.5627886707736609,11.20968751804862,9.517280939684639,-12.272511935483104,11.708497060015432,-0.14101122827548743,12.272511935483104,0.0013437494959618324,12.556486773428654,6.580996275250192,-1.1162899470123533,1.0280611483318736,-0.02368277242972037,1.1162899470123533,0.050000013971479025,2.3984157709691796,1.0940690052202917,0.05,2.39841577353989,0.8037458205801042,0.0,0.07847912200974272,0.01703630867165911,1.0,1.0,1.0,0.0,-0.1523931941454766,0,0,0,3.239771382672571e-10,0.6366692205753874,398,0.0476,-0.0404,0.45657022260589974,7,7,0,0.0578,390,0.6289170766213436,-0.525217,-0.5252165315572148,256,5.2900757504127514e-18,4.0601972775862745e-19,6.333872160856725e-20,621.4857928169996,289.78282027796195,0.6091702876916849,0.6091702876917273,0.609170287691728,0.7614628596146591,3.4598196944611856e-13,381,0.1386,0.1386,-0.1744,-0.166229,475,-0.0268,-0.0037,-0.03611,-0.001328,3,0.0081,-0.4404,0.007216,17.719,0.0101,0.9677,0.008718,10.771,0.0242,-0.1998,-0.002992,10.946,7.8159,2.2671,1.3781,1.4005,0.44606,0.63282,1.36258,0.18122,0.9765,0.9797,1.0033,0.5299,3.0896,0.7888,0.0131,0.1972,8.8087,2.8511,63,0.0818,-0.9127,51,0.0365,-0.6763,1.0
22,1340,207741,0.0,1.0461588336541106e-10,1.2459827570930499e-11,1.0461588336541106e-10,0.56692769967075,11.205506471554516,9.517837943550024,-12.636808021196558,12.365672531025073,-0.13413455619204107,12.636808021196558,0.011120092553893457,12.548995552452888,6.585368689948429,-1.1162902659787293,1.0280617880810008,-0.023434821719447135,1.1162902659787293,0.050000016581471296,2.3984157720263313,1.0939572979768386,0.05,2.3984157728973243,0.8022065796752502,0.0,0.0784816482961999,0.01701286909247933,1.0,1.0,1.0,1.2560739669470201e-15,-0.15239406061675967,0,0,0,1.1790603275719177e-09,0.6288287745684821,398,0.0925,-0.04443,0.45376434495563056,2,2,0,0.094,396,0.6269086962675713,0.171707,0.17170721975215675,256,8.622791088494039e-18,3.422972376136503e-19,3.986334292243719e-20,621.4857965071672,289.78282199859206,0.6091702876916831,0.6091702876917261,0.609170287691728,0.7614628596146575,3.610147856380505e-13,382,0.1772,0.1772,-0.13802,0.029686,476,-0.0463,-0.0156,-0.02903,0.006871,3,0.0182,-0.4944,0.00063,17.65,0.0171,0.843,0.020171,10.906,0.0295,-0.8844,-0.020698,11.049,7.8355,2.2526,1.3919,1.4101,0.44042,0.63064,1.36384,0.17081,0.9764,0.9798,1.0034,0.5299,3.0919,0.7894,0.0132,0.1974,8.8297,2.8558,65,0.1367,-0.799,51,0.0741,-0.6465,-1.0
23,1346,207748,0.0,1.2805827869341555e-10,1.3992672381291995e-11,1.2805827869341555e-10,0.557800090585134,11.214804002887652,9.519228597506524,-12.566372826514499,11.580278602547171,-0.13411012801653763,12.566372826514499,0.004089874044389763,12.561012733590793,6.545471980948789,-1.1162920615958771,1.0280621629189182,-0.02327210010898597,1.1162920615958771,0.05000001870568204,2.3984157732537565,1.0938215520159964,0.05,2.3984157775323753,0.7953947827437142,0.0,0.07848166243831552,0.01693894568606393,1.0,1.0,1.0,0.0,-0.15239492519245496,0,0,0,9.671126687767613e-10,0.6413528054289295,400,0.0778,-0.076,0.43873580261311435,2,2,0,0.0837,387,0.6286874395634603,0.077351,0.07735114188261161,256,4.806650142050583e-18,3.1487551233166643e-19,-1.616364932629985e-20,621.4857946650567,289.7828211396634,0.6091702876916729,0.6091702876917268,0.609170287691728,0.7614628596146584,4.4191121540533536e-13,383,0.2004,0.2004,-0.10907,0.098192,479,-0.0701,-0.0621,-0.02447,0.002092,3,0.016,-0.3202,-0.000436,17.64,0.0121,-0.1751,-0.004357,10.916,0.0304,-0.8766,-0.000701,10.996,7.8261,2.254,1.3948,1.4051,0.43006,0.63065,1.36714,0.16583,0.9764,0.9799,1.0036,0.5305,3.0867,0.7881,0.0131,0.2064,8.8514,2.8676,65,0.1674,-0.3632,51,0.123,-0.0429,-0.0
24,1361,207768,0.0,9.867891849464759e-11,9.593926889939806e-12,9.867891849464759e-11,0.5510113329917499,11.22102210446358,9.523777203052775,-12.048323525386303,10.794891366051608,-0.12826942946630926,12.048323525386303,0.0017572206607585628,12.555704312814763,6.571655227712629,-1.1162933788636427,1.0280640730992745,-0.022697247615353806,1.1162933788636427,0.05000002305595016,2.398415773879053,1.0922892462669065,0.05,2.398415784873922,0.7955026325826184,0.0,0.07848607283288579,0.01675500443912803,1.0,1.0,1.0,0.0,-0.15239663629305317,0,0,0,2.134238766939357e-10,0.6166733336337415,405,0.0644,-0.02341,0.4536768863569861,2,2,0,0.0644,405,0.6166733336337415,-0.655725,-0.6557252563562669,256,9.342226828789093e-18,5.110913469485205e-19,1.2935983387623697e-19,621.4857934828012,289.78282058840813,0.6091702876916855,0.6091702876917271,0.609170287691728,0.7614628596146589,3.405271516588825e-13,387,0.1698,0.1698,-0.08597,0.115679,485,-0.0678,-0.0319,-0.02078,-0.003116,3,0.0114,-0.9482,0.000188,17.529,0.0097,-0.3398,-0.012481,10.719,0.0246,0.0236,0.015299,10.837,7.7431,2.2638,1.3843,1.3996,0.42409,0.62761,1.37682,0.1768,0.9768,0.98,1.0033,0.529,3.02,0.8097,0.0131,0.2157,8.9432,2.9613,63,0.1905,-0.5526,51,0.2477,-0.6141,1.0
25,1367,207776,0.0,4.7407863384479806e-11,3.706617899791761e-12,4.7407863384479806e-11,0.5646013852525632,11.208238047630857,9.525011237292036,-12.566369217712953,10.99568650102743,-0.131597966794567,12.566369217712953,0.0006363071375687923,12.55753444033897,6.362199784685448,-1.1162954085210255,1.0280712698062697,-0.02267117345558406,1.1162954085210255,0.05000003583527825,2.3984157743535826,1.09044301240059,0.05,2.398415780213525,0.7878109488124934,0.0,0.07848734304718706,0.016687879083645104,1.0,1.0,1.0,0.0,-0.1523992135114567,0,0,0,7.782595714391968e-11,0.5914167980062899,405,0.0579,-0.01156,0.45510459563041555,11,11,0,0.0923,405,0.5914167980062899,0.769988,0.7699883078160021,256,9.21124495754908e-18,5.850906649771656e-19,1.0861036227740697e-19,621.4857916605966,289.782819738761,0.6091702876917077,0.6091702876917277,0.609170287691728,0.7614628596146595,1.6359790903828583e-13,390,0.0988,0.0988,-0.05786,0.087894,488,-0.0216,0.0595,-0.02751,-0.001503,3,0.0065,-0.1668,-0.082936,15.473,0.0088,0.1821,0.026527,8.29,0.0133,0.9391,-0.003229,10.852,6.8792,2.2493,1.2051,1.5775,0.41894,0.63518,1.38062,0.1786,0.9769,0.98,1.0032,0.5282,3.0253,0.8111,0.0132,0.2349,8.9882,2.971,60,0.1073,-0.8403,53,0.1721,-0.5713,-0.0
26,1372,207781,0.0,3.397411516851404e-11,3.320028208813925e-12,3.397411516851404e-11,0.569508526081564,11.203397591711235,9.52633460316299,-12.431806609904106,12.621641379209924,-0.12750565436096434,12.621641379209924,0.0036034115038034997,12.555706292764864,6.222427298587264,-1.1162954135141387,1.0280815636268077,-0.022565210124186958,1.1162954135141387,0.050000036210469646,2.398415774831361,1.0895788230121564,0.05014904067206516,2.398415776197016,0.7887788362678405,0.0,0.07848861326148833,0.01663386619156975,1.0,1.0,1.0,4.81581232922454e-15,-0.15240091442482012,0,0,0,2.7861916281119626e-10,0.5925974386931494,406,0.1462,-0.04265,0.4428688920202427,1,1,0,0.1462,406,0.5925974386931494,-0.633872,-0.6338717764932943,256,9.050725797425848e-18,6.9725921357434115e-19,7.110569567672792e-20,621.4857912595866,289.7828195517804,0.6091702876917134,0.6091702876917278,0.609170287691728,0.7614628596146596,1.1723992202527146e-13,392,0.0292,-0.0735,-0.03453,-0.483884,490,-0.0334,0.0372,-0.02168,0.001013,3,0.0044,0.9992,0.099892,16.842,0.0187,-0.2303,-0.004522,10.721,0.0037,-0.2695,-0.020133,10.336,7.494,2.2474,1.4306,1.3793,0.41072,0.63839,1.38316,0.17448,0.9772,0.9799,1.0027,0.527,3.0282,0.8119,0.0132,0.2351,9.0333,2.9831,65,0.2076,-0.7451,51,0.1844,-0.9638,-2.0
27,1390,207804,0.0,3.6721565082656665e-11,3.6556124968041165e-12,3.6721565082656665e-11,0.5668499062585972,11.21029267476909,9.528873782599678,-11.272862875475772,11.83624139654301,-0.1252148730619751,11.83624139654301,0.0018745904654480228,12.55753987444707,5.993258906513462,-1.116297355722988,1.0280876967124557,-0.02250806479491061,1.116297355722988,0.05000003671325776,2.3984157753123454,1.0866359606870137,0.0601207340543809,2.3984157847733454,0.7931127121849899,0.0,0.07848925543969863,0.016422430560726568,1.0,1.0,1.0,0.0,-0.1524017769874685,0,0,0,2.880308341436988e-10,0.5921851267401217,409,0.1452,-0.01879,0.43736713780147896,3,3,0,0.1452,409,0.5921851267401217,-0.029384,-0.02938355791240954,256,7.892603937545328e-18,6.025776645715608e-19,5.708248493285569e-20,621.4857931908085,289.78282045225944,0.6091702876917123,0.6091702876917272,0.609170287691728,0.761462859614659,1.2672098720464485e-13,397,0.0706,0.0706,-0.01452,0.061759,500,-0.0643,-0.0326,-0.03715,0.002911,3,0.0104,-0.1045,-0.018821,17.4,0.0178,-0.9383,0.006373,10.737,0.0087,-0.2459,0.0041,11.037,7.7448,2.2466,1.3863,1.425,0.39907,0.62415,1.39562,0.16881,0.9778,0.9797,1.002,0.5245,3.0894,0.7888,0.0131,0.3099,9.093,2.9433,65,0.1965,0.9835,52,0.1356,0.9733,2.0
28,1397,207813,0.0,4.2642089668648e-11,3.674655340235414e-12,4.2642089668648e-11,0.5963083736612488,11.179263574161387,9.533519445376276,-11.85600718831998,12.287459746925476,-0.11625269510012143,12.287459746925476,0.02195696658881552,12.565163303862565,5.790582774483619,-1.1162972785591057,1.0280878274116543,-0.022041560294999867,1.1162972785591057,0.05000003709447975,2.39841577563715,1.0846486496650676,0.05,2.3984158162154756,0.7951821038637635,0.0,0.07849240976221333,0.01634103638616879,1.0,1.0,1.0,0.0,-0.1524026454883599,0,0,0,4.472400928718669e-10,0.5920788680515985,410,0.149,-0.01867,0.4439553209717945,2,2,0,0.149,410,0.5920788680515985,0.011683,0.011682552423425197,256,5.713003457446131e-18,6.112757485538826e-19,8.282148778286057e-20,621.4857926202712,289.7828201862326,0.6091702876917098,0.6091702876917274,0.609170287691728,0.7614628596146592,1.4715188996105265e-13,402,0.0577,0.0577,-0.07435,0.134815,501,-0.0942,-0.1183,-0.03485,0.003957,3,0.0089,-0.4706,-0.003152,17.378,0.0222,-0.8065,-0.012368,10.668,0.0088,0.9012,0.004287,10.944,7.7142,2.2528,1.3828,1.4187,0.3905,0.62563,1.40066,0.17166,0.9781,0.9797,1.0016,0.5247,3.1064,0.7931,0.0132,0.2266,9.2605,2.9811,65,0.0957,0.437,52,0.139,0.0795,1.0
29,1412,207831,0.0,4.307614125888653e-11,3.3518371580434626e-12,4.307614125888653e-11,0.6730682355452864,11.109008604559333,9.543246639889967,-12.313391559077122,12.566379864263071,-0.12471835020341286,12.566379864263071,0.0017497635504102327,12.557546093407908,5.584919424998786,-1.1162983116713459,1.028087993163549,-0.021421357976925542,1.1162983116713459,0.050000037981590556,2.3984157767656535,1.081004942443486,0.05,2.3984158005097598,0.7931549690800571,0.0,0.07849493604867051,0.016168547745448143,1.0,1.0,1.0,0.0,-0.15240352099015153,0,0,0,2.793728494354643e-10,0.5939432081961638,411,0.1292,-0.01696,0.44824367068271337,5,5,0,0.1292,411,0.5939432081961638,0.108113,0.10811275166153811,256,5.2100915607848574e-18,5.390737893547993e-19,7.731247466358785e-20,621.4857929142206,289.7828203232936,0.6091702876917096,0.6091702876917273,0.609170287691728,0.7614628596146591,1.4864974124701052e-13,414,0.05,0.05,-0.09178,0.148168,503,-0.0671,-0.1199,-0.04642,0.005165,3,0.0097,-0.8869,-0.004961,17.311,0.022,-0.0453,-0.019402,10.63,0.0126,0.5017,-0.001034,10.755,7.662,2.2594,1.3874,1.4037,0.38379,0.62721,1.41045,0.17539,0.9789,0.9797,1.0008,0.5241,3.0528,0.8185,0.0133,0.1422,9.4683,3.1015,62,0.0969,-0.8558,52,0.1821,-0.8762,-1.0
30,1431,207857,0.0,5.152016495710209e-11,3.886627904102794e-12,5.152016495710209e-11,0.7076716436191274,11.112234064557347,9.546424427414795,-12.571412322431625,11.78145792730125,-0.09883062108866221,12.571412322431625,0.015558642310476323,12.539622010984774,5.494652165309781,-1.1162985336277156,1.028087916156808,-0.021603298607081826,1.1162985336277156,0.050000039137920005,2.3984157769343124,1.0767395617558682,0.05,2.39841577729531,0.7804949104216137,0.0,0.07849495019078613,0.015955191947323814,1.0,1.0,1.0,0.0,-0.15240440305793737,0,0,0,1.6786842535141432e-10,0.5949292459150951,416,0.1014,-0.01558,0.45346764303344794,9,9,0,0.1014,416,0.5949292459150951,0.122348,0.12234847622871503,256,7.439050508284615e-18,5.394456130165151e-19,3.65002859673603e-20,621.4857939741714,289.7828208175214,0.6091702876917059,0.6091702876917271,0.609170287691728,0.7614628596146589,1.7778888621401322e-13,423,0.0783,0.0783,-0.09361,0.003149,507,-0.022,-0.0536,-0.03586,0.002826,3,0.0096,-0.6935,0.001784,17.372,0.0175,0.7672,0.005671,10.801,0.0146,-0.0699,-0.011136,10.792,7.7094,2.2534,1.401,1.3999,0.37377,0.62712,1.42129,0.17583,0.9799,0.9789,0.999,0.5234,3.1276,0.8207,0.0133,0.0761,9.6787,3.0946,65,0.1412,-0.9442,51,0.1322,-0.94,2.0
31,1442,207869,0.0,4.717345798380394e-11,3.207360289749553e-12,4.717345798380394e-11,0.7197396979174403,11.12366456228534,9.552944212924565,-12.566400335176535,12.566365757702727,-0.07592052511911497,12.566400335176535,0.001749969412898622,12.559144128000847,5.5915670302807365,-1.1162988005470342,1.02808801937633,-0.02131120095724431,1.1162988005470342,0.05000004046194592,2.398415777265422,1.0746262276319776,0.05,2.39841578020706,0.7740992965750476,0.0,0.07849684844117093,0.015834387925023303,1.0,1.0,1.0,0.0,-0.1524052671026096,0,0,0,2.0618084325894507e-10,0.5985510294931335,418,0.0773,-0.05088,0.4516186699781305,11,11,0,0.0773,418,0.5985510294931335,-0.012771,-0.012770880623607317,256,5.213423139685561e-18,3.8791352110225876e-19,4.2591598934902705e-21,621.4857929402584,289.7828203354344,0.6091702876917078,0.6091702876917273,0.609170287691728,0.7614628596146591,1.6278900843465775e-13,431,0.0579,0.0579,-0.05881,-0.066659,508,-0.0272,-0.079,-0.027,0.005697,3,0.0053,0.0945,-0.001415,17.458,0.0122,0.7911,0.009832,10.959,0.0092,-0.5343,-0.01381,10.934,7.7777,2.2447,1.409,1.4058,0.36561,0.6253,1.4278,0.17236,0.9801,0.9791,0.999,0.5236,3.1259,0.8203,0.0133,0.038,9.7841,3.13,67,0.137,-0.992,53,0.1347,-0.6223,-1.0
32,1455,207887,0.0,5.1295801480153426e-11,2.6841807993515365e-12,5.1295801480153426e-11,0.6977509782340091,11.111889091684262,9.561595520215741,-12.561681488547915,12.320432733380176,-0.05057811686974591,12.561681488547915,0.014981151761030875,12.558658275773317,5.468208299655784,-1.1162983101626358,1.028089140605312,-0.02104185532077227,1.1162983101626358,0.050000041683151655,2.398415777597972,1.0727512869390814,0.05,2.3984157790663616,0.7841231247186843,0.0,0.0785439650291724,0.015694319643255485,1.0,1.0,1.0,0.0,-0.15240612895422878,0,0,0,4.192089862601696e-10,0.6016071332693268,423,0.0758,-0.03965,0.4515799339670235,8,8,0,0.0758,423,0.6016071332693268,-0.024398,-0.024397963941819478,256,4.904731572109226e-18,4.047818752343884e-19,8.487028429629026e-20,621.4857921982831,289.7828199894704,0.6091702876917059,0.6091702876917275,0.609170287691728,0.7614628596146594,1.770146397292197e-13,439,0.052,0.052,-0.04107,-0.071073,508,-0.0361,-0.0758,-0.02463,0.00059,3,0.0046,0.0702,0.000133,17.534,0.0103,-0.2038,-0.019368,10.868,0.0082,-0.9909,0.017955,10.817,7.7642,2.2583,1.3997,1.3932,0.37298,0.63165,1.43671,0.172,0.9807,0.979,0.9983,0.523,3.2756,0.8022,0.0,0.0,9.953,3.0385,66,0.0097,-0.7368,53,0.1327,0.5796,-1.0
33,1472,207907,0.0,6.068952464472099e-11,2.547239128704e-12,6.068952464472099e-11,0.7064535550248348,11.124411324915169,9.558209144568922,-12.566376559434788,11.797560834553055,-0.05301743389305222,12.566376559434788,0.008066549840810677,12.563222752484243,5.530958228984536,-1.1162982381107773,1.0280909035972003,-0.02088300088493928,1.1162982381107773,0.05000004223334562,2.3984157782597624,1.0669732062692276,0.05,2.398415778260385,0.7864493098794623,0.0,0.07854586327955719,0.01551431944063887,1.0,1.0,1.0,0.0,-0.15240699901131555,0,0,0,3.6852683202997335e-10,0.6078591399388497,426,0.0762,-0.03556,0.45073665993364975,5,5,0,0.0762,426,0.6078591399388497,-0.189075,-0.18907501875683375,256,5.663277982731635e-18,7.991529752398541e-19,2.1610921550974753e-20,621.4857914228062,289.7828196278855,0.609170287691702,0.6091702876917277,0.609170287691728,0.7614628596146595,2.094310653842534e-13,447,0.0439,0.0439,-0.02485,-0.104755,512,-0.0181,0.0211,-0.031,0.000635,3,0.0044,0.1172,0.008988,17.431,0.0102,-0.9697,-0.009243,10.889,0.0075,-0.3561,0.007314,10.539,7.6989,2.264,1.4143,1.3689,0.37333,0.63137,1.44862,0.17554,0.9806,0.979,0.9984,0.5245,3.2787,0.8476,0.0,0.0,10.074,3.0726,61,0.1158,0.1664,52,0.2479,0.5305,-2.0
34,1482,207920,0.0,2.9629424455315696e-11,2.514242897363348e-12,2.9629424455315696e-11,0.701265552966113,11.123366573907564,9.553494661434733,-12.42119290666794,12.566135593875918,-0.04335369058109143,12.566135593875918,0.007056329129217165,12.564686851847704,6.020517169090755,-1.1162977692361697,1.0280929409779176,-0.019945523423098844,1.1162977692361697,0.05000004292658234,2.3984157789268847,1.062732889410559,0.05,2.3984157789806586,0.7811266163892734,0.0,0.07854713349385846,0.015410828263294901,1.0,1.0,1.0,0.0,-0.15240787193694286,0,0,0,1.2246381930975184e-10,0.5887218787466738,428,0.0456,-0.01746,0.4575682448558424,18,18,0,0.0456,428,0.5887218787466738,-0.005617,-0.00561687826563384,256,7.83125227378733e-18,9.621218693858801e-19,3.921593355568903e-20,621.4857921828414,289.7828199822703,0.6091702876917152,0.6091702876917275,0.609170287691728,0.7614628596146594,1.0224700158942653e-13,453,0.0742,0.0742,-0.02693,0.103449,512,-0.0245,0.026,-0.01851,0.002137,3,0.0041,-0.7047,-0.002896,17.457,0.0061,-0.9824,0.009186,10.873,0.0105,0.5598,-0.004011,10.689,7.726,2.2595,1.4074,1.3836,0.3807,0.63069,1.45286,0.17762,0.9806,0.9788,0.9982,0.5243,3.2879,0.8947,0.0,0.0,10.162,3.0907,66,0.1915,-0.4498,56,0.2323,-0.0809,1.0
35,1498,207940,0.0,4.0004574322479064e-11,3.2081567486921605e-12,4.0004574322479064e-11,0.6808954980886304,11.10362356426711,9.558643646240311,-12.549528973319456,12.496013900082792,-0.035868396491346974,12.549528973319456,0.002783989920910418,12.561907173308175,6.233481176657476,-1.1162983438714107,1.0280936131844503,-0.01933400880868147,1.1162983438714107,0.050000045999586164,2.3984157791001435,1.0571639287140155,0.05,2.3984157916706614,0.7842379876818107,0.0,0.07854840370815973,0.01524828403001874,1.0,1.0,1.0,0.0,-0.1524087380500148,0,0,0,2.033139907690384e-10,0.6043043939781108,435,0.0692,-0.06582,0.4166136629877503,14,15,-1,0.0692,435,0.6043043939781108,-0.273769,-0.27376920050514775,256,7.780421203174703e-18,7.1528274263101e-19,6.555819114163312e-20,621.4857913228254,289.782819581267,0.6091702876917109,0.6091702876917278,0.609170287691728,0.7614628596146596,1.3805019352177342e-13,458,0.0989,0.0989,-0.05465,0.029787,516,-0.0423,-0.016,-0.01578,-0.000793,3,0.0074,-0.6792,-0.00825,17.198,0.008,-0.7552,0.01217,10.613,0.0124,0.994,-0.005587,10.768,7.6331,2.2531,1.3904,1.4108,0.38393,0.63114,1.46384,0.17713,0.9809,0.979,0.9981,0.524,3.2959,0.8969,0.0,0.0,10.3063,3.127,67,0.2028,-0.763,56,0.1936,-0.6056,1.0
36,1516,207962,0.0,4.8595304033305577e-11,4.6874307599250804e-12,4.8595304033305577e-11,0.6954610541449989,11.118555136563403,9.562794304075497,-12.494827573212588,12.623499438191569,-0.05533809600393321,12.623499438191569,0.005289273478290113,12.555852646926343,6.446468001502977,-1.1162996118239576,1.0280937043189247,-0.018668554566485755,1.1162996118239576,0.05000004685157552,2.3984157796069416,1.055246797292425,0.05,2.3984158167246177,0.7863621890346973,0.0,0.07855344213872065,0.01506887206404158,1.0,1.0,1.0,0.0,-0.1524096076064866,0,0,0,2.6793437993032926e-10,0.5890184981493628,439,0.0954,-0.13651,0.40556878640413835,7,7,0,0.0954,439,0.5890184981493628,0.53033,0.5303304672128424,256,6.970468312576842e-18,5.973484698374233e-19,1.0144226794132415e-19,621.4857923167497,289.78282004470833,0.6091702876917071,0.6091702876917274,0.609170287691728,0.7614628596146592,1.6769560053908022e-13,465,0.1179,0.1179,-0.07548,0.045422,523,-0.0779,-0.0566,-0.01747,0.003252,3,0.0118,-0.1557,0.003258,17.25,0.0111,-0.9791,-0.006595,10.642,0.0143,0.3531,0.006493,10.702,7.6401,2.2578,1.3929,1.4008,0.39096,0.63345,1.47576,0.17143,0.9812,0.9791,0.9979,0.5231,3.2937,0.8962,0.0,0.0,10.4264,3.1656,66,0.1068,-0.6971,55,0.0955,-0.9392,2.0
37,1529,207978,0.0,4.368463902362235e-11,6.408429264027912e-12,4.368463902362235e-11,0.7144249904520642,11.138058140174355,9.56583302794214,-14.13716502021622,12.566370992504668,-0.07977101896202089,14.13716502021622,0.0017535154406997933,12.546448715082201,6.505316161390289,-1.1163009452651138,1.0280942272877704,-0.019169624786566527,1.1163009452651138,0.050000047141493614,2.398415781642405,1.0539486213166194,0.05,2.3984158156852917,0.7784383769336304,0.0,0.07855471235302192,0.014941427075577062,1.0,1.0,1.0,0.0,-0.15241048481819727,0,0,0,1.070363974506418e-09,0.5783429874704172,441,0.1451,-0.13814,0.40247898378716784,1,1,0,0.1451,441,0.5783429874704172,0.26908,0.2690804940191851,256,6.481465397132933e-18,3.844935246712412e-19,1.0701727611035512e-19,621.4857930975832,289.7828204087908,0.6091702876917092,0.6091702876917273,0.609170287691728,0.7614628596146591,1.5074958191792497e-13,471,0.1047,0.1047,-0.06242,0.033485,528,-0.0838,-0.083,-0.02887,0.002815,3,0.0157,0.0124,0.003248,17.284,0.0192,-0.9587,-0.00896,10.629,0.014,-0.2961,0.010135,10.611,7.6325,2.2645,1.3926,1.3902,0.39909,0.66211,1.48203,0.1724,0.9814,0.9793,0.9978,0.5232,3.2212,0.9171,0.0,0.0,10.5062,3.2616,58,0.0802,-0.2934,51,0.1403,-0.5241,-1.0
38,1533,207983,0.0,5.864908232145791e-11,7.870469532641233e-12,5.864908232145791e-11,0.7274274795014506,11.150508525789322,9.565668657240744,-13.35176227747726,12.623406237723831,-0.06407576618391762,13.35176227747726,0.007031726518251458,12.54899432305399,6.4353382530253125,-1.1163024883927257,1.0280954717332014,-0.018564008873628753,1.1163024883927257,0.05000004743219709,2.3984157816501095,1.0534786964134673,0.05,2.3984157822737946,0.7833419633267953,0.0,0.07855661060340671,0.014903499338401283,1.0,1.0,1.0,0.0,-0.15241136088811194,0,0,0,1.9872994572643615e-09,0.5733945552065265,441,0.1748,-0.12845,0.4029263970905156,5,5,0,0.1748,441,0.5733945552065265,-0.021379,-0.02137855918055087,256,7.104011382433998e-18,3.337545834137538e-19,1.727661758877493e-20,621.4857932973613,289.78282050194224,0.6091702876917028,0.6091702876917272,0.609170287691728,0.761462859614659,2.023897835622896e-13,472,0.0933,0.0933,-0.03897,-0.071702,531,-0.0587,-0.0805,-0.02371,0.001217,3,0.0167,0.3289,0.002995,17.334,0.0248,-0.876,0.012979,10.786,0.0134,-0.7436,-0.011416,10.703,7.6836,2.2559,1.4037,1.393,0.4032,0.68482,1.48336,0.17663,0.9813,0.9794,0.998,0.5238,3.2138,0.9151,0.0,0.0,10.5119,3.2709,66,0.1415,0.286,55,0.1305,-0.1728,-1.0
39,1538,207989,0.0,8.670670338316763e-11,9.721092734337927e-12,8.670670338316763e-11,0.7334296463822395,11.155905030901081,9.565916654554133,-12.63766619828314,11.741027888973635,-0.06359105961928326,12.63766619828314,0.004127090069363959,12.565368276645877,6.46961701449416,-1.1163009532547101,1.0280959571345585,-0.0185272580175975,1.1163009532547101,0.05000004901111354,2.398415781829084,1.0524978404921346,0.05,2.3984157829364112,0.777819389848406,0.0,0.07855850885379151,0.014856618732626881,1.0,1.0,1.0,0.0,-0.15241223896526077,0,0,0,3.4358509476815176e-09,0.5727853565306871,442,0.2069,-0.1116,0.40306016555709534,5,5,0,0.2069,442,0.5727853565306871,-0.090523,-0.09052252422441254,256,4.331927765572781e-18,2.8187921870310582e-19,-3.243919294587902e-20,621.4857928728577,289.78282030400715,0.6091702876916907,0.6091702876917273,0.609170287691728,0.7614628596146591,2.992127114098925e-13,473,0.0859,0.0859,-0.04778,-0.00522,534,-0.0482,-0.1049,-0.01098,5.8e-05,3,0.0185,0.7482,-0.001228,17.374,0.0285,-0.6531,0.010736,10.895,0.0122,-0.9911,-0.012157,10.828,7.7302,2.2476,1.4094,1.4007,0.40835,0.6936,1.48718,0.17732,0.9814,0.9793,0.9979,0.5228,3.2107,0.9142,0.0,0.0,10.5388,3.2824,70,0.0905,0.7579,58,0.016,-0.4942,1.0
40,1549,208003,0.0,1.0261046825157578e-10,1.0753023513886798e-11,1.0261046825157578e-10,0.7373795812413527,11.159072728880485,9.56840328253421,-12.566371242935332,10.723655279153489,-0.06732761704265898,12.566371242935332,0.005251583595628198,12.565395624914629,6.4118540491471,-1.1163003184976374,1.028097651192148,-0.018214393333803376,1.1163003184976374,0.05000005090571622,2.3984157823528056,1.049673918818659,0.05,2.398415784005998,0.7705849431354381,0.0,0.07856919960648459,0.014752677416996375,1.0,1.0,1.0,0.0,-0.15241311233911145,0,0,0,4.188626859608495e-09,0.5713949379591194,445,0.2172,-0.11252,0.40420174566763745,5,5,0,0.2172,445,0.5713949379591194,-0.039502,-0.03950214923080253,256,4.874785066779414e-18,3.678455275088889e-19,6.111277458866824e-20,621.4857924159456,289.78282009096085,0.6091702876916839,0.6091702876917274,0.609170287691728,0.7614628596146592,3.5409438081721704e-13,476,0.078,0.078,-0.05975,-0.042218,539,-0.0602,-0.0925,-0.00422,0.0001,3,0.0185,0.9044,-6.5e-05,17.374,0.0257,0.0277,-0.007067,10.86,0.0099,-0.4014,0.005073,10.765,7.715,2.252,1.4076,1.3954,0.41424,0.70852,1.49424,0.17298,0.9814,0.9796,0.9981,0.5236,3.2759,0.8914,0.0,0.0,10.6151,3.2404,69,0.0389,-0.948,57,0.1957,-0.7792,1.0
41,1562,208019,0.0,1.262356682990412e-10,1.3065461286813838e-11,1.262356682990412e-10,0.75405303758603,11.177228354789273,9.571921422602282,-12.566354831712134,12.279167871470738,-0.0774135242850247,12.566354831712134,0.000296248322200654,12.550330324321418,6.36591575016896,-1.1162986921027396,1.0280986897611524,-0.018179428528447554,1.1162986921027396,0.050000055191113155,2.398415782360577,1.0457114265631635,0.05,2.3978075157316603,0.7699442945401058,0.0,0.07856921374860021,0.014632201281771302,1.0,1.0,1.0,0.0,-0.15241398631489597,0,0,0,5.464962780787408e-09,0.5719493201490446,447,0.2325,-0.09682,0.40782204782677084,7,7,0,0.2325,447,0.5719493201490446,-0.051926,-0.05192637910440756,256,1.2355062578280129e-17,8.2373845544307935e-19,3.214354012343907e-20,621.4857920190511,289.78281990589915,0.6091702876916737,0.6091702876917275,0.609170287691728,0.7614628596146594,4.356216436158416e-13,483,0.0497,0.0497,-0.026,-0.009358,543,-0.0546,-0.0779,-0.00985,0.002883,3,0.0138,0.9684,-0.001669,17.385,0.0244,0.6304,-0.015599,10.817,0.0061,0.4169,0.007004,10.643,7.6921,2.2601,1.4062,1.3836,0.42298,0.71792,1.50357,0.17231,0.9816,0.9797,0.9981,0.5237,3.1322,0.933,0.0,0.0,10.6703,3.4066,63,0.1939,-0.9182,54,0.3706,-0.7419,-2.0
42,1571,208030,0.0,1.8985002078815695e-10,1.6867754197578963e-11,1.8985002078815695e-10,0.7316404095826511,11.155411000658836,9.575394111992644,-12.552045430781641,11.493769340815815,-0.08274322676916611,12.552045430781641,0.00023419181267156407,12.553703501301726,6.266918652219836,-1.11629871866175,1.028098417816729,-0.01808741038139921,1.11629871866175,0.050000060009989473,2.398415782887516,1.0425347424505447,0.05,2.396128818170286,0.7708786375390669,0.0,0.07857048396290148,0.014550483060788473,1.0,1.0,1.0,0.0,-0.1524148628702985,0,0,0,7.490363327649183e-09,0.571548479584201,452,0.2466,-0.08507,0.40926803517283633,8,8,0,0.2466,452,0.571548479584201,-0.023008,-0.023008204039988822,256,2.3963315337356153e-17,1.325152044300403e-18,-2.863855803344294e-21,621.485792137254,289.78281996101407,0.6091702876916464,0.6091702876917275,0.609170287691728,0.7614628596146594,6.551458806760816e-13,486,0.0471,0.0471,0.00234,0.037216,544,-0.046,-0.0722,-0.01372,-0.002232,3,0.0124,0.8615,-0.000377,17.398,0.0249,0.972,0.005508,10.863,0.005,0.7182,-0.005642,10.699,7.7112,2.2561,1.4087,1.3875,0.43492,0.71135,1.51058,0.1771,0.9817,0.9799,0.9981,0.5245,3.2121,0.9145,0.0,0.0,10.7812,3.3564,65,0.2233,-0.6183,54,0.3243,-0.2814,-2.0
43,1588,208053,0.0,2.168039599626269e-10,2.0621672891113248e-11,2.168039599626269e-10,0.7706032213520556,11.194582187327075,9.577160289107974,-12.705047329191208,11.78038991251031,-0.0645156365989287,12.705047329191208,0.0012881996934827056,12.565564219362413,6.192176919982328,-1.116300247502048,1.0280971658110747,-0.018370371467579957,1.116300247502048,0.050000066651923906,2.398415783417492,1.0384964747197087,0.05060631636009483,2.3972958760284624,0.7650629762253858,0.0,0.0785704981050171,0.014397178385388882,1.0,1.0,1.0,0.0,-0.15241573678628534,0,0,0,9.78509929904682e-09,0.5715929680157533,453,0.2714,-0.07945,0.41213918659434506,5,5,0,0.2714,453,0.5715929680157533,0.0231,0.023100435124566276,256,8.559999965223801e-18,6.162460934865752e-19,1.3654716694582954e-19,621.4857921202135,289.78281995306855,0.6091702876916346,0.6091702876917275,0.609170287691728,0.7614628596146594,7.481601566226015e-13,494,0.05,0.05,0.01049,0.037659,552,-0.0574,-0.0671,-0.00866,0.003557,3,0.0142,0.7445,0.001159,17.386,0.0263,0.8186,0.011751,10.987,0.005,0.9929,-0.013681,10.765,7.7378,2.2469,1.4199,1.3912,0.44679,0.70394,1.51995,0.17883,0.9819,0.98,0.9981,0.5233,3.1233,0.9303,0.0,0.0,10.8319,3.4681,70,0.1038,0.1262,58,0.088,0.5819,1.0
44,1598,208065,0.0,2.3545213407454304e-10,2.464955313302867e-11,2.3545213407454304e-10,0.7975979366116365,11.22196509526889,9.577988535353391,-12.443016005342402,11.90240166140588,-0.05255022400003251,12.443016005342402,0.010789766249644131,12.565196970439164,6.02779833435579,-1.1162999925800605,1.0280996947794128,-0.01823511065099833,1.1162999925800605,0.050000074467470616,2.3984157848318732,1.0358317921178166,0.05,2.398415786979057,0.7713603715237222,0.0,0.07858181689323634,0.014310152742613071,1.0,1.0,1.0,0.0,-0.15241661043668345,0,0,0,1.2301102167822193e-08,0.5716849459883879,453,0.2924,-0.08684,0.41334369116993425,5,5,0,0.2924,453,0.5716849459883879,0.020404,0.02040441234355983,256,6.699623024795676e-18,3.770066154686391e-19,-1.986348882491783e-22,621.4857919878315,289.7828198913422,0.6091702876916267,0.6091702876917275,0.609170287691728,0.7614628596146594,8.125123986398808e-13,500,0.0627,0.0627,0.01266,0.006127,556,-0.0727,-0.0907,-0.01168,0.004322,3,0.0189,0.7787,0.001298,17.394,0.0272,0.134,-0.005945,10.977,0.0059,0.726,0.004765,10.698,7.7281,2.2508,1.4204,1.3843,0.44999,0.70576,1.5274,0.17575,0.9821,0.9801,0.998,0.5232,3.1082,0.9259,0.0,0.0094,10.8458,3.4894,70,0.1034,0.9885,58,0.1148,0.7262,0.0
45,1609,208080,0.0,2.5452602163839364e-10,2.7721418691548053e-11,2.5452602163839364e-10,0.8095012153389888,11.233480333974978,9.581859721674185,-12.76079804555941,12.911477800272577,-0.059090486630393395,12.911477800272577,0.0015564510245678065,12.565391305084871,6.014511047594222,-1.1163041664445674,1.0281026404079638,-0.018145533208075767,1.1163041664445674,0.050000083839591224,2.3984157864451854,1.0346857397594966,0.05,2.3984157867472122,0.780146756694562,0.0,0.07858308710753761,0.014215620951025063,1.0,1.0,1.0,0.0,-0.15241748497203414,0,0,0,1.5297502085356264e-08,0.5707036284093941,455,0.3108,-0.09564,0.41369131623793226,7,7,0,0.3108,455,0.5707036284093941,0.011909,0.011909395927209632,256,8.755951852568288e-18,3.8506443521164086e-19,-3.5779264177980175e-20,621.4857914702346,289.78281965000014,0.6091702876916184,0.6091702876917277,0.609170287691728,0.7614628596146595,8.783337188374739e-13,509,0.056,0.056,0.01759,0.0249,556,-0.0797,-0.1253,-0.02544,0.002791,3,0.018,0.9315,-9.2e-05,17.407,0.0329,-0.5539,-0.015346,10.91,0.0061,-0.2131,0.011342,10.569,7.7009,2.2604,1.4167,1.3725,0.45416,0.70493,1.53441,0.17338,0.9825,0.9801,0.9975,0.5233,3.0361,0.946,0.0,0.0,10.905,3.5918,66,0.1486,0.6567,55,0.1362,0.3484,-2.0
46,1624,208100,0.0,2.719616357911349e-10,3.0157231682504946e-11,2.719616357911349e-10,0.8433607697522446,11.266157541000476,9.58420234428599,-12.403288938657129,12.472201041795566,-0.045777419152542936,12.472201041795566,0.00025185139406325163,12.563008343139163,5.808477251866494,-1.1163051275129035,1.0281032210358227,-0.017454553230954552,1.1163051275129035,0.05000009431206377,2.398415786813212,1.033276076669341,0.05,2.397160194806514,0.7697996531186235,0.0,0.07858310124965323,0.014088000321612542,1.0,1.0,1.0,0.0,-0.15241836255094093,0,0,0,1.8403009255837053e-08,0.5706383182784125,456,0.3292,-0.10137,0.41310998182124087,6,6,0,0.3292,456,0.5706383182784125,-0.009862,-0.009861808512575232,256,7.292803983371796e-18,4.0298286579208293e-19,-8.09602054606233e-20,621.4857913572791,289.7828195973319,0.609170287691611,0.6091702876917277,0.609170287691728,0.7614628596146595,9.385015860120331e-13,518,0.0497,0.0497,0.0082,0.004394,561,-0.069,-0.1486,-0.02027,0.00591,3,0.0182,0.9892,-0.000334,17.405,0.0321,-0.9556,0.004316,10.98,0.0053,-0.9885,-0.008208,10.594,7.7153,2.2559,1.4231,1.3732,0.45438,0.7134,1.54235,0.17627,0.9828,0.9801,0.9973,0.5228,3.0837,0.9185,0.0,0.0,10.9497,3.5508,67,0.1431,0.561,56,0.0832,0.3539,0.0
47,1635,208115,0.0,2.978825364852406e-10,3.26355334024035e-11,2.978825364852406e-10,0.8730135035923597,11.294611655952218,9.58477004653301,-12.343100295620395,12.079545285580755,-0.030274489575827932,12.343100295620395,0.0023711154004899576,12.564506981520447,5.677191253509782,-1.116305307192478,1.0281039882392897,-0.017701776796050193,1.116305307192478,0.05000010755649998,2.3984157870017895,1.0310347616544646,0.05,2.395805921899217,0.7729310352896701,0.0,0.0785843714639545,0.01399714074787227,1.0,1.0,1.0,0.0,-0.15241923095768323,0,0,0,2.1500966679285938e-08,0.5706238823367535,456,0.3471,-0.10631,0.41226385863643783,5,5,0,0.3471,456,0.5706238823367535,-0.013131,-0.013130877703286803,256,4.5592814479001875e-18,3.9190646466796864e-19,-1.1032072654027006e-19,621.4857913784672,289.78281960721137,0.6091702876915999,0.6091702876917277,0.609170287691728,0.7614628596146595,1.0279509906384653e-12,525,0.0401,0.0401,-0.01083,-0.029016,565,-0.0788,-0.1968,-0.01009,0.005379,3,0.0206,0.6824,-0.000348,17.416,0.0338,-0.8986,0.001276,11.021,0.0057,-0.2926,-0.003968,10.608,7.7266,2.254,1.4264,1.3729,0.45232,0.71223,1.54815,0.17915,0.9829,0.9802,0.9972,0.5229,3.0024,0.9355,0.0,0.0186,10.9581,3.6498,67,0.1014,0.5437,56,0.1202,-0.472,0.0
48,1653,208137,0.0,3.274772786569825e-10,3.549623985791065e-11,3.274772786569825e-10,0.9149993883329328,11.332891774416385,9.5869104149475,-11.92452770354788,12.248520903845765,-0.03748108152376547,12.248520903845765,0.0014012274312964479,12.557026696606378,5.491150773421584,-1.1163053347201743,1.0281034795998147,-0.017291880837019484,1.1163053347201743,0.05000012407752448,2.3984157877352925,1.0260855471352568,0.05,2.395653108656398,0.7651920901796033,0.0,0.07858564167825577,0.013849058319991588,1.0,1.0,1.0,0.0,-0.15242010930952882,0,0,0,2.4564845351909283e-08,0.5703353064567638,457,0.3633,-0.11055,0.41170399993372137,2,2,0,0.3633,457,0.5703353064567638,-0.012673,-0.012673015122020237,256,7.525166505407055e-18,5.800653141840693e-19,-3.5960230935334566e-20,621.48579090994,289.78281938874915,0.6091702876915871,0.6091702876917278,0.609170287691728,0.7614628596146596,1.1300783095000035e-12,537,0.0408,0.0408,-0.01695,0.017212,570,-0.0764,-0.1599,-0.00844,0.00418,3,0.0247,0.3607,5e-06,17.419,0.0348,-0.4265,-0.01484,10.979,0.0065,0.6898,0.008751,10.468,7.6995,2.2623,1.426,1.3596,0.45227,0.7117,1.56053,0.17782,0.9834,0.9801,0.9966,0.5221,3.0461,0.9074,0.0,0.0185,11.0034,3.6123,60,0.1454,-0.3083,51,0.2224,-0.7269,0.0
49,1668,208155,0.0,3.524425608641282e-10,3.801465221503364e-11,3.524425608641282e-10,0.8807158814398266,11.361970310998172,9.589886773914364,-12.181939810005534,12.299116433851038,-0.049956319121965194,12.299116433851038,0.008067820593655295,12.565071935543852,5.436354717818986,-1.11630183342497,1.0281046835721812,-0.01789647924783272,1.11630183342497,0.05000014442888628,2.3984157879256895,1.0210208165618364,0.05,2.3956531181586347,0.760100549737039,0.0,0.07858816796471295,0.01372917895376789,1.0,1.0,1.0,0.0,-0.1524209855815427,0,0,0,2.721640257013909e-08,0.5698416449934228,458,0.3726,-0.11335,0.4115378706532036,4,4,0,0.3726,458,0.5698416449934228,-0.015062,-0.015061776165344432,256,1.4170924451799548e-17,8.985727961958712e-19,-4.207151318108055e-20,621.4857906370856,289.78281926152425,0.6091702876915763,0.6091702876917278,0.609170287691728,0.7614628596146596,1.2162300089504427e-12,550,0.0287,0.0287,-0.01409,0.018258,571,-0.0536,-0.0497,-0.03018,0.003032,3,0.0268,-0.0001,0.000132,17.405,0.0363,0.2017,-0.015497,10.943,0.007,0.9794,0.00812,10.307,7.6659,2.2704,1.4274,1.3445,0.44901,0.71447,1.56998,0.17393,0.9839,0.98,0.9961,0.5216,3.0956,0.8814,0.0,0.0092,11.0639,3.5741,61,0.1164,-0.5788,54,0.1563,-0.9442,-3.0
50,1678,208168,0.0,3.787308843036522e-10,3.980487505101249e-11,3.787308843036522e-10,0.8582288748467753,11.379493870269942,9.592137112298294,-11.926256419231315,12.565814160843303,-0.06306576803605589,12.565814160843303,0.0040264135986950444,12.56251575459265,5.709369302748226,-1.1163064406846717,1.028107920807565,-0.01846333435253871,1.1163064406846717,0.050000166354401465,2.3984157879339034,1.0183009666113936,0.05,2.39565312591634,0.7553839608800869,0.0,0.07858881014292325,0.013652274324223154,1.0,1.0,1.0,0.0,-0.15242186259676585,0,0,0,2.98371170614095e-08,0.5692222534617363,459,0.3818,-0.11704,0.4117390186690272,3,3,0,0.3818,459,0.5692222534617363,-0.008982,-0.008982299340512867,256,1.761823574848779e-17,1.0452557260955645e-18,-9.203644340363025e-20,621.485790783926,289.7828193299921,0.609170287691565,0.6091702876917278,0.609170287691728,0.7614628596146596,1.30694733793852e-12,556,0.0178,0.0178,-0.0261,-0.004466,574,-0.0422,-0.0325,-0.02052,0.001752,3,0.0294,-0.2984,-0.001114,17.417,0.0318,0.8003,0.006523,11.007,0.0064,0.3335,-0.008961,10.375,7.6894,2.2651,1.4314,1.3492,0.45002,0.71835,1.57413,0.1751,0.9841,0.9799,0.9957,0.5209,3.0866,0.8788,0.0,0.0184,11.0959,3.5949,61,0.1161,-0.9543,53,0.142,-0.8541,-3.0
51,1686,208178,0.0,4.03991734693038e-10,4.132004065947025e-11,4.03991734693038e-10,0.8278283157977431,11.399426723826545,9.592917234225835,-12.258111847259299,12.217299893791864,-0.06968508389827312,12.258111847259299,0.0031263141764465985,12.56461849925948,5.919303454569359,-1.1163098335819726,1.0281098990763724,-0.018388913344331383,1.1163098335819726,0.050000191079599354,2.3984157883075414,1.0162956164677288,0.05,2.3956531234927434,0.7524161410175711,0.0,0.07859133642938043,0.013592877767164887,1.0,1.0,1.0,0.0,-0.15242358756873356,0,0,0,3.250101967823846e-08,0.5692256974015907,459,0.3933,-0.12094,0.4113708694382,3,3,0,0.3933,459,0.5692256974015907,0.00074,0.0007403145087945262,256,8.919872862860318e-18,6.122558649190344e-19,-2.426875803331235e-20,621.4857907231925,289.7828193016736,0.6091702876915541,0.6091702876917278,0.609170287691728,0.7614628596146596,1.3941190014873486e-12,563,0.0164,0.0164,-0.04907,-0.002166,575,-0.0521,-0.0718,-0.01166,0.004692,3,0.0342,-0.4992,-0.000371,17.437,0.0301,0.9742,-0.003753,11.015,0.0066,-0.6819,0.001142,10.352,7.6924,2.2668,1.432,1.3458,0.44995,0.72095,1.58028,0.17914,0.9843,0.9799,0.9955,0.5202,3.0763,0.8759,0.0,0.0092,11.1231,3.6157,62,0.0456,-0.0432,55,0.1261,0.5804,-5.0
52,1696,208191,0.0,4.3037142241007716e-10,4.3524191700427344e-11,4.3037142241007716e-10,0.804953150733139,11.424813621519284,9.592475872843867,-12.56636902446197,11.56603106921498,-0.07276661038695416,12.56636902446197,0.006777777785307887,12.566141593180095,5.999074695227529,-1.116314158773824,1.02811165994616,-0.01812905280784176,1.116314158773824,0.050000218971017016,2.398415789050797,1.0136707923364585,0.05,2.395653119450649,0.7573023559585914,0.0,0.07859323467976523,0.013518284883516437,1.0,1.0,1.0,0.0,-0.1524252979946846,0,0,0,3.539186609790551e-08,0.5692424319992858,459,0.4053,-0.12479,0.41037140988323956,4,4,0,0.4053,459,0.5692424319992858,0.004149,0.004148971977275817,256,7.256785761504569e-18,5.780595872801986e-19,-6.015307891418517e-21,621.4857902123148,289.7828190634645,0.6091702876915428,0.6091702876917279,0.609170287691728,0.7614628596146598,1.485151617342168e-12,568,0.019,0.019,-0.04538,0.009266,580,-0.0483,-0.0781,-0.01984,0.001123,3,0.0376,-0.5553,0.000291,17.459,0.0309,0.4932,-0.006642,11.001,0.007,-0.9973,0.005355,10.303,7.6884,2.2708,1.4309,1.3401,0.45061,0.72574,1.58501,0.17935,0.9844,0.9799,0.9955,0.52,2.999,0.8933,0.0,0.0273,11.1311,3.7116,62,0.1056,0.9268,56,0.1465,0.9466,-3.0
53,1711,208209,0.0,4.4913437704541683e-10,4.4763750373565126e-11,4.4913437704541683e-10,0.7825728852371056,11.453865237124175,9.592929477672733,-14.137162298260568,12.566405975477332,-0.06822052931732359,14.137162298260568,0.0006000962251881958,12.563724290355276,5.932546401216896,-1.1163131042558452,1.02811489797324,-0.017861295312649805,1.1163131042558452,0.05000024947310546,2.39841578998554,1.0102022755649351,0.05379496622398583,2.3956531180533474,0.7473547810907222,0.0,0.07859576096622241,0.013405311337372116,1.0,1.0,1.0,0.0,-0.15242617353568752,0,0,0,3.748301925807886e-08,0.5687794352263088,460,0.4107,-0.12791,0.40995478908616195,2,2,0,0.4107,460,0.5687794352263088,0.005112,0.005111762652960206,256,9.042989509456795e-18,4.967582226559895e-19,-1.132211860819821e-19,621.4857903298405,289.7828191182637,0.6091702876915348,0.6091702876917279,0.609170287691728,0.7614628596146598,1.5498999506320626e-12,574,0.0056,0.0056,-0.01226,0.048162,588,-0.045,-0.0656,-0.03379,0.002548,3,0.0372,-0.6174,-2e-06,17.443,0.0318,-0.2886,0.021969,11.158,0.007,-0.575,-0.02268,10.471,7.7345,2.2553,1.4426,1.3538,0.45685,0.73228,1.59399,0.17475,0.9844,0.9801,0.9957,0.519,2.9845,0.889,0.0,0.0635,11.1477,3.7352,68,0.2013,-0.1374,58,0.2228,-0.3332,-0.0
54,1723,208224,0.0,4.6386905406900274e-10,4.598200260314814e-11,4.6386905406900274e-10,0.7459362774395177,11.482125168573214,9.591577549885216,-13.351763717356393,12.489529595937098,-0.041150300174757785,13.351763717356393,0.0026067560287876997,12.560532294807944,5.9338785830673215,-1.116314849375019,1.0281157121977578,-0.017680538974595667,1.116314849375019,0.050000285040700775,2.3984157903668395,1.0061313516290171,0.05,2.395653118533541,0.7543041714722146,0.0,0.0785976592166072,0.013317871713390867,1.0,1.0,1.0,0.0,-0.15242704032361737,0,0,0,3.9231737316385714e-08,0.5687426110560787,460,0.4174,-0.12974,0.4089912719304445,2,2,0,0.4174,460,0.5687426110560787,0.007343,0.007343275024864315,256,5.243758103952612e-18,4.2337875689507025e-19,-3.9869234454464734e-20,621.4857905608936,289.78281922599786,0.6091702876915284,0.6091702876917279,0.609170287691728,0.7614628596146598,1.6007472606829644e-12,583,-0.0045,-0.0045,-0.01273,0.012532,591,-0.0584,-0.1222,-0.01718,0.007347,3,0.0379,-0.7482,0.000579,17.453,0.0329,-0.896,0.021672,11.33,0.0071,0.3757,-0.02082,10.658,7.7927,2.2396,1.4539,1.3676,0.46208,0.72857,1.60041,0.17494,0.9846,0.9801,0.9954,0.5194,2.9072,0.9059,0.0,0.0993,11.1515,3.8358,73,0.1948,-0.1936,55,0.2554,-0.005,-0.0
55,1731,208234,0.0,4.748060445083996e-10,4.7022569757413026e-11,4.748060445083996e-10,0.7270631654396653,11.492628099352725,9.592409849281324,-12.566365853924557,12.566149733683435,-0.03962131129731648,12.566365853924557,0.0004912138220056761,12.563036702497973,5.900995732665594,-1.1163138971340016,1.0281149501267235,-0.017789609972250372,1.1163138971340016,0.05000032574949173,2.3984157905622094,1.0031680822795535,0.056731323778813736,2.395653123989832,0.7490310512655068,0.0,0.07860520979079624,0.013263021721108336,1.0,1.0,1.0,0.0,-0.15242876874210076,0,0,0,4.050441485987915e-08,0.5681966425497627,461,0.419,-0.13111,0.4082138772399482,2,2,0,0.419,461,0.5681966425497627,0.005362,0.005362135412004143,256,5.725752357110402e-18,4.695455296608852e-19,-6.328323475463531e-20,621.4857903311508,289.7828191188747,0.6091702876915236,0.6091702876917279,0.609170287691728,0.7614628596146598,1.6384892863977027e-12,589,-0.0132,-0.0132,-0.01517,0.019553,592,-0.0733,-0.1856,0.0019,0.003215,3,0.0329,-0.7736,-0.000311,17.462,0.0358,-0.9368,-0.014963,11.252,0.0067,0.9464,0.011579,10.527,7.7629,2.2495,1.4495,1.3561,0.46646,0.72053,1.606,0.17922,0.9848,0.98,0.9951,0.5188,2.9022,0.9043,0.0,0.0901,11.1952,3.8575,69,0.1056,0.9995,59,0.0965,0.6094,0.0
56,1743,208248,0.0,4.852745811146496e-10,4.7507121948596275e-11,4.852745811146496e-10,0.7088192518954781,11.504899355339967,9.593287252901694,-13.351764173190913,12.551209271762659,-0.034213448987619514,13.351764173190913,0.0018694433809738342,12.563652523479576,5.948464876737586,-1.1163125001767642,1.0281166624053664,-0.01754335150568451,1.1163125001767642,0.05000037142112257,2.398415791697097,0.9993445235997087,0.05,2.395653129577382,0.7530544904156904,0.0,0.07861087625731807,0.01317864939774303,1.0,1.0,1.0,0.0,-0.15243049285602828,0,0,0,4.15859902069569e-08,0.5679529669598211,463,0.4171,-0.13119,0.4079150950280291,2,2,0,0.4171,463,0.5679529669598211,-0.000313,-0.00031297764341009504,256,1.0925387855408334e-17,1.039018829033314e-18,-1.232965328636175e-19,621.4857899043692,289.7828189198774,0.6091702876915193,0.609170287691728,0.609170287691728,0.76146285961466,1.6746147439777101e-12,596,-0.0556,-0.0556,-0.01985,-0.053877,595,-0.0768,-0.1522,-0.00584,-4e-05,3,0.0261,-0.9759,-0.000493,17.547,0.042,-0.4727,-0.017859,11.165,0.0063,0.6536,0.017934,10.435,7.7565,2.2623,1.4395,1.3453,0.47666,0.70712,1.61295,0.17942,0.9849,0.9801,0.995,0.5198,2.8963,0.9025,0.0,0.1439,11.2143,3.8719,62,0.185,0.4807,53,0.2289,-0.3856,-2.0
57,1759,208268,0.0,4.916799324905512e-10,4.83201528896918e-11,4.916799324905512e-10,0.685998935772056,11.535824854432686,9.594620366250549,-14.137162003397604,11.765809777524195,-0.04569212081545748,14.137162003397604,0.0007473470806935723,12.565828216405547,6.005395050697396,-1.1163058914208215,1.0281158991479518,-0.01713004296219515,1.1163058914208215,0.050000419432617765,2.3984157920825293,0.9950344088562585,0.05,2.3956531357754325,0.7561275146253369,0.0,0.07861340254377525,0.013065945917246267,1.0,1.0,1.0,0.0,-0.15243221044422905,0,0,0,4.238213014877187e-08,0.5672504403991094,464,0.4162,-0.13175,0.40818785657418394,4,4,0,0.4162,464,0.5672504403991094,-0.001074,-0.0010738849255940153,256,2.004624076021231e-17,1.333020525665608e-18,4.35871012345397e-20,621.4857899671808,289.7828189491649,0.6091702876915164,0.609170287691728,0.609170287691728,0.76146285961466,1.6967187160147134e-12,602,-0.0415,-0.0415,-0.05214,-0.150132,604,-0.0509,-0.098,-0.0124,0.001358,3,0.0285,-0.9192,0.00076,17.552,0.039,0.0984,0.007422,11.233,0.0064,-0.4824,-0.007313,10.488,7.7763,2.2571,1.4445,1.3488,0.48497,0.70919,1.62175,0.17643,0.9849,0.9803,0.9953,0.5213,2.881,0.8977,0.0,0.2416,11.1832,3.8817,67,0.1476,-0.398,57,0.1729,-0.998,2.0
58,1765,208276,0.0,4.956600827984124e-10,5.0708053625624045e-11,4.956600827984124e-10,0.6662986550378627,11.549774090008095,9.594814117918128,-11.86429154415578,11.781591330848272,-0.052476084563082497,11.86429154415578,0.0045321956907313134,12.562306990394697,6.002814483132068,-1.116301809324721,1.0281136071930421,-0.016662835028836268,1.116301809324721,0.050000471845403044,2.3984157922795095,0.9928759875723048,0.05,2.3956531383356645,0.7420098079821312,0.0,0.07861341668589086,0.013028371507826616,1.0,1.0,1.0,0.0,-0.15243393252674872,0,0,0,4.295210659763209e-08,0.5670923146196858,464,0.4173,-0.13143,0.4083102667470255,7,7,0,0.4173,464,0.5670923146196858,-0.001181,-0.0011808023700856651,256,1.7234614523064166e-17,9.427181962268324e-19,-1.160830603186595e-19,621.4857898093485,289.7828188755717,0.6091702876915146,0.609170287691728,0.609170287691728,0.76146285961466,1.710453658783826e-12,607,0.0146,0.0146,-0.10012,0.030502,605,-0.0505,-0.1046,0.00569,0.003311,3,0.0367,-0.6776,0.001852,17.475,0.0358,0.7192,0.003924,11.274,0.0075,-0.9983,-0.00708,10.438,7.7563,2.253,1.4535,1.3457,0.49487,0.70604,1.62515,0.17517,0.985,0.9803,0.9953,0.5212,2.8737,0.8954,0.0,0.2767,11.1684,3.8864,67,0.0872,-0.3938,57,0.1806,0.5497,-0.0
59,1773,208286,0.0,5.001293321389269e-10,5.2092400241221874e-11,5.001293321389269e-10,0.6467114130689982,11.568005436858524,9.594410234851566,-12.667864809210606,12.566372794806156,-0.05946536979800076,12.667864809210606,2.475631482945495e-05,12.563968518850329,5.944787210882616,-1.1163017056390325,1.028113735558434,-0.016466106236014456,1.1163017056390325,0.05000052853944782,2.398415793223959,0.990067463236579,0.05,2.3956531354870334,0.7462172771607047,0.0,0.07863227189414453,0.012976248646650196,1.0,1.0,1.0,0.0,-0.1524348007094955,0,0,0,4.350678675923311e-08,0.5669792710437116,464,0.4187,-0.1322,0.40785557373980624,5,5,0,0.4187,464,0.5669792710437116,-0.00033,-0.0003301654598042436,256,6.8576548612123226e-18,4.320815878546135e-19,1.2414021649801323e-20,621.4857894127659,289.78281869065546,0.6091702876915126,0.609170287691728,0.609170287691728,0.76146285961466,1.7258764146152408e-12,612,0.0476,0.0476,-0.11264,0.01412,608,-0.0615,-0.1442,0.00977,0.002272,3,0.0431,-0.6142,0.000413,17.46,0.0339,0.9971,-0.019363,11.179,0.0083,-0.5522,0.014928,10.244,7.7084,2.2651,1.4502,1.329,0.50376,0.70861,1.63062,0.17733,0.985,0.9803,0.9953,0.5217,2.802,0.9133,0.0,0.3469,11.132,3.9729,62,0.1129,0.9011,53,0.1971,0.9791,-4.0
60,1780,208294,0.0,5.062821876490885e-10,5.224856312915995e-11,5.062821876490885e-10,0.6482443488839277,11.571042623377858,9.586066354470624,-12.566363843356728,12.124543630878957,-0.06832398013196471,12.566363843356728,0.004692147871060821,12.562225837777222,5.856156634764884,-1.116301508620458,1.0281131129056391,-0.01609637854094786,1.116301508620458,0.05000058941033284,2.3984157947034914,0.9873508539368713,0.05,2.3956530946063377,0.7473149283952631,0.0,0.07864484675321175,0.012932710016061928,1.0,1.0,1.0,0.0,-0.15243652162515006,0,0,0,4.408508693454052e-08,0.5665801056015227,465,0.4229,-0.13231,0.40698616361513884,3,3,0,0.4229,465,0.5665801056015227,-0.003779,-0.0037794512662472357,256,5.341137031149463e-18,5.06163812992261e-19,6.667395729070113e-20,621.4857894635371,289.78281871432876,0.60917028769151,0.609170287691728,0.609170287691728,0.76146285961466,1.7471090587609587e-12,613,0.065,0.065,-0.10735,0.00238,611,-0.0413,-0.0993,0.00128,-0.002033,3,0.0507,-0.6918,0.0005,17.482,0.0333,0.6942,-0.004598,11.153,0.0094,0.0396,0.005973,10.216,7.7055,2.2687,1.4475,1.3258,0.50742,0.71165,1.63439,0.17885,0.9845,0.9799,0.9954,0.5213,2.9252,0.9128,0.0,0.3379,11.1685,3.818,62,0.1625,0.978,54,0.1811,0.6408,-4.0
61,1788,208305,0.0,5.135035304388213e-10,5.2166539464511375e-11,5.135035304388213e-10,0.6796056970113339,11.539824544969589,9.590647121773218,-12.217283112445557,12.351557199652758,-0.07079998520456884,12.351557199652758,0.008692284955689078,12.565687071709382,5.821367787075617,-1.116299638659917,1.0281172013630817,-0.015834035149848873,1.116299638659917,0.05000065636196921,2.3984157948932863,0.9853741874696147,0.05,2.395653116045559,0.7490195644587685,0.0,0.07864674500359654,0.012882611336738837,1.0,1.0,1.0,0.0,-0.15243823924569191,0,0,0,4.44504709527648e-08,0.5661718348071377,471,0.4072,-0.13294,0.406211492823083,3,3,0,0.4072,471,0.5661718348071377,-0.006106,-0.006105986741164804,256,5.520423864301165e-18,4.488357750664458e-19,2.025038979921091e-20,621.4857896682661,289.78281880978864,0.609170287691507,0.609170287691728,0.609170287691728,0.76146285961466,1.7720289027068971e-12,613,0.079,0.079,-0.10752,-0.064182,613,-0.0199,-0.0683,-0.00537,-0.003674,3,0.0544,-0.7624,0.000806,17.504,0.0252,0.0967,0.017855,11.226,0.0082,0.5704,-0.010551,10.391,7.7488,2.2589,1.4488,1.341,0.5093,0.71476,1.63882,0.17766,0.9846,0.9801,0.9954,0.5218,3.0043,0.8971,0.0,0.2593,11.3497,3.7778,64,0.1605,0.3926,54,0.1593,0.0865,-3.0
62,1794,208312,0.0,5.218603428901159e-10,5.261269172144937e-11,5.218603428901159e-10,0.6640381015955386,11.553641895177833,9.590633403566805,-12.402904784174156,12.124636577142805,-0.07388957173823352,12.402904784174156,0.0005030261009615344,12.56553125077735,5.740284745072784,-1.1163016575169613,1.0281192600444045,-0.01564509475966081,1.1163016575169613,0.05000072954272586,2.3984157949014557,0.9840226705089244,0.05,2.395653120993235,0.7451284808326271,0.0,0.07864864325398134,0.012847448655993972,1.0,1.0,1.0,0.0,-0.1524399601536303,0,0,0,4.485888478288184e-08,0.5663084058638408,471,0.4088,-0.13305,0.4055082762229945,3,3,0,0.4088,471,0.5663084058638408,-0.002903,-0.002902510059302088,256,5.658519311923384e-18,3.474376556361141e-19,-1.2189378495913474e-21,621.4857897164169,289.7828188322401,0.6091702876915034,0.609170287691728,0.609170287691728,0.76146285961466,1.8008670941676124e-12,617,0.0921,0.0921,-0.10843,-0.091528,615,-0.032,-0.1105,0.00973,0.00496,3,0.0582,-0.8235,0.001211,17.51,0.0176,-0.861,0.012462,11.317,0.0061,0.9976,-0.010377,10.489,7.7795,2.2507,1.4547,1.3483,0.50892,0.71652,1.64298,0.17541,0.9846,0.9801,0.9954,0.5212,2.9968,0.8949,0.0,0.2854,11.3422,3.7848,72,0.1424,-0.6469,57,0.104,-0.7493,-3.0
63,1798,208316,0.0,5.207478157500145e-10,5.311119828369924e-11,5.207478157500145e-10,0.6648595092471685,11.554722687741997,9.591615236598413,-12.826517332033331,12.444504171390674,-0.07111803326693551,12.826517332033331,0.001017650058964037,12.563648158296282,5.666511763126515,-1.1163002687799461,1.028119169688402,-0.015874750757034334,1.1163002687799461,0.05000080906183658,2.398415794909625,0.9830228723915314,0.05,2.3956531275852675,0.7478440319019917,0.0,0.07865744989973178,0.012826918414245157,1.0,1.0,1.0,6.938893903907228e-18,-0.1524416699524877,0,0,0,4.485065532677538e-08,0.5658987179454891,472,0.4052,-0.13427,0.4044534647363508,5,5,0,0.4052,472,0.5658987179454891,-0.007555,-0.007555191232389236,256,4.383871674388451e-18,3.572681810704544e-19,-6.778305251636522e-21,621.4857893914652,289.7828186807235,0.6091702876915038,0.609170287691728,0.609170287691728,0.76146285961466,1.797027919463242e-12,618,0.0986,0.0986,-0.10333,-0.004762,617,-0.0608,-0.19,0.00482,0.000654,3,0.0596,-0.825,-7.3e-05,17.498,0.0266,-0.8447,-0.013715,11.232,0.0096,0.3944,0.01141,10.359,7.7435,2.2597,1.4506,1.3378,0.50938,0.71938,1.64482,0.17567,0.9848,0.98,0.9952,0.5211,2.9964,0.8948,0.0,0.2854,11.3683,3.794,64,0.0642,-0.6359,54,0.0682,0.0323,-1.0
64,1808,208328,0.0,5.183547595165724e-10,5.252094574079237e-11,5.183547595165724e-10,0.686900831115167,11.535886469815232,9.595165644306352,-13.351771543386219,12.20917200394488,-0.06220860805952974,13.351771543386219,3.462439308066223e-05,12.557562789627175,5.560206422610586,-1.116299375171487,1.0281181552463974,-0.014996866320563844,1.116299375171487,0.05000089723297172,2.3984157950990097,0.9796129658760706,0.05,2.395653110552133,0.7407682946456986,0.0,0.07866060422224648,0.012764653160354513,1.0,1.0,1.0,0.0,-0.1524442509047315,0,0,0,4.3892605479395e-08,0.5647161401532654,477,0.3891,-0.13469,0.4041150236015557,4,4,0,0.3891,477,0.5647161401532654,-0.001926,-0.0019259356552456808,256,1.1612709445113632e-17,9.072230380780956e-19,-1.1988487988312457e-19,621.4857894063023,289.7828186876416,0.6091702876915048,0.609170287691728,0.609170287691728,0.76146285961466,1.7887698168720956e-12,619,0.0936,0.0936,-0.09277,0.078261,621,-0.0668,-0.1811,-0.00103,-0.005268,3,0.0564,-0.8164,-0.000633,17.478,0.0327,-0.367,-0.002765,11.196,0.0121,-0.2376,0.002262,10.332,7.7285,2.2615,1.4486,1.3368,0.50522,0.72034,1.64962,0.17884,0.9848,0.9802,0.9953,0.5205,3.0069,0.8979,0.0,0.2416,11.5055,3.8264,63,0.096,0.6684,53,0.1909,-0.4201,1.0
65,1816,208339,0.0,5.163485944755753e-10,5.219729265297097e-11,5.163485944755753e-10,0.678383156795706,11.537715980006771,9.595978849401941,-12.566295654571103,11.780362435432483,-0.06438366291748722,12.566295654571103,0.004055759116809554,12.56366115386074,5.536486874638892,-1.1162949947892509,1.0281177393287417,-0.015299328482322617,1.1162949947892509,0.05000099663100406,2.3984157952881806,0.9772835808669249,0.05,2.395653137531894,0.7405038651691797,0.0,0.07866250247263128,0.012717192822891948,1.0,1.0,1.0,0.0,-0.15244596736943214,0,0,0,4.3565471208980116e-08,0.5645632968787647,479,0.3827,-0.13335,0.4050297555925113,5,5,0,0.3827,479,0.5645632968787647,0.004251,0.004250863597892618,256,1.8302291781279485e-17,1.2651305550697115e-18,-2.476031400177156e-21,621.4857895252496,289.78281874310375,0.6091702876915058,0.609170287691728,0.609170287691728,0.76146285961466,1.7818468214063618e-12,624,0.0769,0.0769,-0.0878,0.053105,622,-0.0475,-0.1071,-0.01464,0.000787,3,0.0468,-0.7754,-0.00015,17.453,0.0332,0.1655,0.009811,11.263,0.0105,-0.7511,-0.011152,10.398,7.7429,2.254,1.4547,1.3429,0.49815,0.72229,1.65256,0.17858,0.9849,0.9802,0.9952,0.5204,3.0057,0.8976,0.0,0.2415,11.5568,3.845,67,0.1199,-0.8152,57,0.1591,-0.9931,-2.0
66,1826,208353,0.0,5.141340356237293e-10,5.055121665588275e-11,5.141340356237293e-10,0.6695485127398105,11.55982471767538,9.595322762955714,-12.084233024906894,12.565747253549253,-0.06540323197606006,12.565747253549253,0.004033555216146123,12.566070902218177,5.758581552200988,-1.1162988016295263,1.0281223298142776,-0.01446013103372472,1.1162988016295263,0.05000110335701668,2.3984157954771015,0.9739623784055096,0.05,2.395653123228577,0.7414788802286296,0.0,0.07866314465084158,0.012656203276322412,1.0,1.0,1.0,0.0,-0.15244768306158046,0,0,0,4.289937900406043e-08,0.5645226682294999,479,0.3801,-0.13124,0.4054713745913689,5,5,0,0.3801,479,0.5645226682294999,-0.007724,-0.007724126154368571,256,1.1820304720565636e-17,9.742908736080504e-19,-8.420653369735347e-20,621.4857894442123,289.7828187053181,0.6091702876915067,0.609170287691728,0.609170287691728,0.76146285961466,1.7742046886035548e-12,626,0.038,0.038,-0.08456,-0.016832,630,-0.0453,-0.0933,0.00887,0.003668,3,0.0338,-0.7949,2.6e-05,17.453,0.0258,0.8004,0.017977,11.38,0.006,-1.0,-0.016124,10.56,7.7862,2.2415,1.4616,1.3562,0.4919,0.72049,1.65759,0.17604,0.9848,0.9804,0.9955,0.5203,2.9945,0.8942,0.0,0.303,11.5344,3.8519,73,0.0302,-0.8854,55,0.0769,-0.0278,3.0
67,1833,208362,0.0,5.052494718014903e-10,4.81680861963815e-11,5.052494718014903e-10,0.684702168851508,11.550944714219575,9.597061699014182,-12.77990362997916,12.150283475339924,-0.07409843656904942,12.77990362997916,0.004102766404416954,12.565776731269963,5.855824491957615,-1.1163045578948634,1.0281248570516204,-0.014619246526075774,1.1163045578948634,0.05000121725167162,2.3984157962049752,0.9725603375271663,0.05,2.3956531190510035,0.7415270207631397,0.0,0.07868325592771377,0.012616876765887314,1.0,1.0,1.0,0.0,-0.15244939596774623,0,0,0,4.174041804922775e-08,0.5623015796681192,482,0.3668,-0.12943,0.4059426153485135,4,4,0,0.3668,482,0.5623015796681192,-0.006265,-0.006265014539613256,256,4.210341242933886e-18,3.8196681924345308e-19,1.827396340875585e-20,621.4857891648173,289.78281857504345,0.6091702876915105,0.609170287691728,0.609170287691728,0.76146285961466,1.7435453015674518e-12,626,0.004,0.004,-0.06914,0.168802,634,-0.0499,-0.1098,0.00651,-0.000696,3,0.0264,-0.9389,0.000525,17.441,0.0212,0.9639,-0.0044,11.335,0.0041,-0.8134,0.005384,10.509,7.7683,2.2452,1.4592,1.3528,0.48573,0.7163,1.66143,0.17567,0.9848,0.9806,0.9958,0.5205,2.9994,0.8956,0.0,0.2499,11.6434,3.8819,73,0.1193,0.9999,56,0.1492,0.9945,-4.0
68,1840,208371,0.0,4.934356577789434e-10,4.5735120635393135e-11,4.934356577789434e-10,0.6819467030426319,11.558676672446882,9.597113239540937,-12.175546707712103,12.353065940498809,-0.08515322663991017,12.353065940498809,0.006491016605286299,12.564391510913412,5.929344705000061,-1.1163033070735184,1.0281272038411324,-0.014907754616247259,1.1163033070735184,0.050001339442416574,2.398415796750804,0.9705502897228581,0.05,2.395653122930167,0.7377065542187906,0.0,0.07869206257346421,0.012577962850179696,1.0,1.0,1.0,0.0,-0.15245110590178326,0,0,0,4.0128127935116616e-08,0.5619258250100168,483,0.3581,-0.12748,0.40653093782067096,4,4,0,0.3581,483,0.5619258250100168,-0.006186,-0.0061860907538653365,256,7.478170375059804e-18,5.306302235719116e-19,1.2328055823015471e-20,621.4857891354231,289.78281856133765,0.6091702876915156,0.609170287691728,0.609170287691728,0.76146285961466,1.7027774808343202e-12,628,-0.0233,-0.0233,-0.05929,-0.045065,638,-0.0514,-0.0976,0.00121,-0.001455,3,0.026,-1.0,-0.000815,17.42,0.0207,0.3556,-0.016646,11.239,0.0042,-0.3604,0.011734,10.349,7.7236,2.2555,1.4551,1.34,0.48313,0.71386,1.66545,0.17823,0.9848,0.9806,0.9957,0.5201,3.0578,0.8737,0.0,0.2942,11.6418,3.8072,67,0.2171,0.8448,57,0.2132,0.5933,-2.0
69,1844,208375,0.0,4.800532098136786e-10,4.379961123544169e-11,4.800532098136786e-10,0.6829426641890307,11.559936751401601,9.59805178392246,-11.853372386822771,12.566478323423839,-0.08894205474123378,12.566478323423839,0.0006591124123325187,12.564760250850698,5.912278444438705,-1.1163004184568046,1.0281296042591004,-0.014958871506439875,1.1163004184568046,0.05000146538702894,2.398415796937878,0.9694377238947951,0.05,2.395653161725478,0.7328188135692336,0.0,0.0786945888599214,0.012559362050870122,1.0,1.0,1.0,0.0,-0.15245281919138143,0,0,0,3.8650548043702924e-08,0.5614932366424172,484,0.3495,-0.12664,0.4065545987990169,5,5,0,0.3495,484,0.5614932366424172,0.000647,0.0006465613063424414,256,7.910204736152165e-18,5.876634670182583e-19,-3.1518816965966887e-20,621.4857891344433,289.7828185608808,0.6091702876915214,0.609170287691728,0.609170287691728,0.76146285961466,1.6565965235541517e-12,629,-0.0823,-0.0823,-0.07557,-0.015769,640,-0.042,-0.0679,-0.00785,-0.002498,3,0.0293,-0.9716,-0.003701,17.508,0.02,-0.3588,0.005534,11.276,0.0048,0.1277,-0.004869,10.507,7.7751,2.2518,1.4502,1.3513,0.48112,0.71692,1.66766,0.17863,0.9849,0.9806,0.9957,0.5195,3.0572,0.8735,0.0,0.303,11.6603,3.814,67,0.2534,0.3004,57,0.2229,0.2372,-1.0
70,1850,208382,0.0,4.68315904191606e-10,4.2606216509419706e-11,4.68315904191606e-10,0.6715411655804502,11.573437753469275,9.598246565452527,-12.7303964292251,12.29446578212051,-0.07533449314240126,12.7303964292251,0.001371840559938775,12.564471875529284,6.002627427485162,-1.1163009144499354,1.0281288333997043,-0.015102824699854613,1.1163009144499354,0.05000159318448735,2.398415797303213,0.9681919926623072,0.05,2.3956531661443696,0.7372746087896515,0.0,0.07869460300203701,0.012527063476325024,1.0,1.0,1.0,0.0,-0.15245452962752315,0,0,0,3.7025905850065024e-08,0.5615847009502968,484,0.3432,-0.1247,0.4067834864933809,6,6,0,0.3432,484,0.5615847009502968,-0.000753,-0.0007534376956197519,256,3.818882156869659e-18,3.069848248078914e-19,-3.349990812384026e-20,621.4857889718074,289.78281848504787,0.6091702876915265,0.609170287691728,0.609170287691728,0.76146285961466,1.6160927229568304e-12,632,-0.0618,-0.0618,-0.01967,0.244198,643,-0.0409,-0.0906,0.00731,0.004343,3,0.0286,-0.9904,-0.000519,17.551,0.0163,-0.9484,0.026183,11.452,0.0039,0.8954,-0.021611,10.785,7.8563,2.234,1.4577,1.3728,0.47918,0.72008,1.67175,0.17713,0.9849,0.9806,0.9956,0.5184,3.0499,0.8714,0.0,0.3557,11.6326,3.8141,73,0.1745,-0.7673,55,0.1848,-0.7713,5.0
71,1858,208392,0.0,4.5984164957501186e-10,4.212160480700609e-11,4.5984164957501186e-10,0.6749784943735687,11.566763681093118,9.600638910955395,-12.753405018348039,11.880670469830461,-0.0568643584447335,12.753405018348039,0.005506152759533171,12.564700653705716,5.9377966285993855,-1.1163016572334417,1.0281315903439383,-0.01575878048435248,1.1163016572334417,0.05000172838242541,2.3984157974894353,0.9656416765482113,0.05,2.3956532117524154,0.7333034211165661,0.0,0.0787027816120309,0.012481264597765208,1.0,1.0,1.0,0.0,-0.15245539521980364,0,0,0,3.5848633910440826e-08,0.5605972056924382,487,0.3303,-0.12271,0.4070630319988475,6,6,0,0.3303,487,0.5605972056924382,-0.002121,-0.0021212017872880295,256,5.151341850038465e-18,3.2140256801176554e-19,3.483893703133209e-21,621.4857889144981,289.782818458326,0.60917028769153,0.609170287691728,0.609170287691728,0.76146285961466,1.5868492549745223e-12,635,-0.0641,-0.0641,-0.0605,-0.122417,645,-0.0522,-0.1502,0.00895,0.00217,3,0.0213,-0.9156,0.000179,17.514,0.0174,-0.7808,-0.014397,11.352,0.0034,0.9661,0.010988,10.621,7.8061,2.2436,1.4543,1.3606,0.47322,0.71365,1.67502,0.17561,0.9849,0.9808,0.9958,0.5183,3.0536,0.8724,0.0,0.3383,11.7088,3.8344,73,0.0923,0.6051,57,0.0299,-0.7464,1.0
72,1869,208406,0.0,4.5181206615261224e-10,4.128008565376599e-11,4.5181206615261224e-10,0.6842847364252876,11.558458791012853,9.60279189193486,-13.351769738801856,12.551153816876798,-0.05639114532839526,13.351769738801856,0.009033771215169585,12.56549441367356,5.862010936110656,-1.1162985458248749,1.0281315744124206,-0.015558120036006196,1.1162985458248749,0.05000187167818279,2.3984157976751073,0.9646768380238002,0.05,2.3956531823272944,0.7342500888003698,0.0,0.07871221629348586,0.012415569607352742,1.0,1.0,1.0,0.0,-0.1524562527761676,0,0,0,3.472533719934028e-08,0.557984664538254,491,0.3156,-0.1203,0.40756236802024604,6,6,0,0.3156,491,0.557984664538254,-0.001699,-0.0016989094140009708,256,8.181444094639951e-18,7.873152681568843e-19,-6.862875647921271e-20,621.4857887407115,289.78281837729384,0.6091702876915335,0.609170287691728,0.609170287691728,0.76146285961466,1.559140285413189e-12,638,-0.0536,-0.0536,-0.03175,-0.116808,649,-0.0578,-0.1869,-0.00058,-0.003161,3,0.0178,-0.9289,0.000161,17.474,0.0186,-0.1773,-0.024456,11.197,0.0033,0.5292,0.019648,10.37,7.7334,2.2595,1.4479,1.3409,0.47008,0.71825,1.68155,0.17755,0.9849,0.981,0.9961,0.5195,3.0584,0.8738,0.0,0.321,11.8173,3.8639,62,0.1621,0.9936,53,0.0463,0.2278,-0.0
73,1877,208417,0.0,4.4393837214180733e-10,3.973320781970084e-11,4.4393837214180733e-10,0.689222623682979,11.543750920068387,9.605281164180791,-14.137169810247908,12.566481734832236,-0.06795465552465818,14.137169810247908,0.0009327122487228223,12.565833984456182,5.794300077953562,-1.116297860582067,1.0281324980306588,-0.014878327116979109,1.116297860582067,0.05000202288965899,2.398415797683097,0.9642953671447613,0.05,2.395653229540264,0.734337118645535,0.0,0.07871537061600056,0.012370497207419407,1.0,1.0,1.0,0.0,-0.15245796332140893,0,0,0,3.364603605926535e-08,0.5573108174699772,495,0.3013,-0.11821,0.4081119066565214,5,5,0,0.3013,495,0.5573108174699772,0.000811,0.0008114022291325629,256,1.232729167918737e-17,1.5777535560690332e-18,-9.66881416062665e-21,621.4857888228795,289.78281841560664,0.6091702876915369,0.609170287691728,0.609170287691728,0.76146285961466,1.5319692677745674e-12,642,-0.0141,-0.0141,-0.01841,0.016898,649,-0.0504,-0.1236,-0.01695,-0.003033,3,0.0226,-0.9519,0.00112,17.466,0.019,0.4133,0.007042,11.236,0.0047,-0.1143,-0.004858,10.415,7.7446,2.2553,1.4509,1.3448,0.46535,0.71718,1.68309,0.17851,0.985,0.9811,0.996,0.5194,3.0037,0.8969,0.0,0.2592,11.9521,3.9791,67,0.1248,0.5406,57,0.0167,-0.1434,2.0
74,1885,208428,0.0,4.3941398390612354e-10,3.8953813321176334e-11,4.3941398390612354e-10,0.6797218451139974,11.552737155046762,9.605367752832164,-12.005360187296061,12.304327084945353,-0.08121614069098049,12.304327084945353,0.00038886343266887266,12.56529100214782,5.782359368306704,-1.1163021217943816,1.0281365296054683,-0.014564313202608361,1.1163021217943816,0.05000217689258368,2.398415798045192,0.9627316302904233,0.05,2.3956532338569745,0.7407767958155449,0.0,0.07871538475811618,0.012325808778007208,1.0,1.0,1.0,0.0,-0.15245882762377896,0,0,0,3.347895846748633e-08,0.5565942169238588,496,0.2968,-0.11633,0.40872511158500174,5,5,0,0.2968,496,0.5565942169238588,0.00328,0.003279982281942706,256,1.2405392182897707e-17,1.489394681655061e-18,-2.0058152305053363e-20,621.4857885869426,289.7828183055953,0.6091702876915388,0.609170287691728,0.609170287691728,0.76146285961466,1.5163562369758313e-12,646,-0.0212,-0.0256,-0.0252,-0.298403,652,-0.0455,-0.089,0.00043,0.003304,3,0.0272,-0.9656,0.014762,17.172,0.0149,0.9611,0.020334,11.371,0.0045,-0.8561,-0.017328,10.208,7.6621,2.2412,1.484,1.3323,0.46572,0.72507,1.68883,0.17767,0.985,0.9812,0.9961,0.5194,2.999,0.8955,0.0,0.2945,11.9612,3.9884,72,0.0753,-0.5136,55,0.0423,-0.9938,2.0
75,1892,208437,0.0,4.404390222840262e-10,3.873750227795017e-11,4.404390222840262e-10,0.6795892755634865,11.544435529494434,9.607697007807948,-12.753409311635902,11.518928584338187,-0.0993854787302076,12.753409311635902,0.002240838088202246,12.562804358967483,5.619690021446484,-1.116301030566991,1.0281378671735775,-0.014233771256863375,1.116301030566991,0.05000233690087793,2.3984157987593115,0.9614513434977413,0.05440991340708179,2.3956532344445947,0.7295547901367612,0.0,0.0787348680007367,0.012288813946445348,1.0,1.0,1.0,0.0,-0.15245969386736616,0,0,0,3.3296529821303404e-08,0.5551100461606411,499,0.2879,-0.11573,0.4090867077474386,4,4,0,0.2879,499,0.5551100461606411,0.002941,0.0029408841577294176,256,5.035622878847974e-18,1.0080496435997033e-18,6.275271970745466e-20,621.4857883039143,289.78281817362654,0.6091702876915384,0.609170287691728,0.609170287691728,0.76146285961466,1.5198935018298165e-12,650,-0.0822,-0.0822,-0.02698,0.081298,652,-0.0546,-0.1072,0.00493,0.00178,3,0.0244,-0.9067,-0.009726,17.32,0.0158,0.7793,-0.012637,11.289,0.0046,-0.9709,0.007959,10.313,7.7012,2.249,1.4658,1.3392,0.46733,0.72612,1.69213,0.17616,0.9851,0.9813,0.9961,0.5201,3.0033,0.8968,0.0,0.2771,12.0408,4.0092,68,0.015,0.09,57,0.0555,0.99,-1.0
76,1896,208442,0.0,4.4261763848014294e-10,3.8865828089432835e-11,4.4261763848014294e-10,0.6887120346886914,11.537837971515463,9.608963563387755,-12.556112143862487,12.561580944631121,-0.08132269072121737,12.561580944631121,0.0004039513156733482,12.561559577887664,5.521635752731937,-1.1163014967964857,1.0281419686095352,-0.014147568491234462,1.1163014967964857,0.050002503459367485,2.3984157998171582,0.9610023082112075,0.05,2.3956532396924595,0.726481343861032,0.0,0.078735510178947,0.012271135284138103,1.0,1.0,1.0,8.444266117371776e-15,-0.1524605578717913,0,0,0,3.30074535693835e-08,0.5547934922853965,501,0.2819,-0.11566,0.4095949372561299,4,4,0,0.2819,501,0.5547934922853965,0.001393,0.0013932045471956034,256,8.144225004291528e-18,5.072584498213187e-19,8.378608426596109e-20,621.4857884209722,289.7828182282076,0.6091702876915375,0.609170287691728,0.609170287691728,0.76146285961466,1.5274116015103974e-12,650,-0.0662,-0.0662,0.0172,0.244361,654,-0.0642,-0.1221,0.00161,-0.002466,3,0.0194,-0.8926,-0.005107,17.501,0.0191,0.304,-0.022808,11.145,0.0046,-0.7008,0.024846,10.312,7.7231,2.2661,1.443,1.3352,0.47096,0.72222,1.69514,0.17738,0.9852,0.9812,0.9959,0.5195,3.0069,0.8979,0.0,0.2416,12.1112,4.0278,62,0.0405,0.704,53,0.0617,0.2901,-3.0
77,1899,208445,0.0,4.462087978330407e-10,4.0189288087237364e-11,4.462087978330407e-10,0.6892941239580712,11.537214298404892,9.609535022188732,-12.574553857861861,12.35189510421333,-0.06151801735963497,12.574553857861861,0.0073909781161027865,12.556905639207852,5.421475190981065,-1.1162999456760823,1.0281392877372737,-0.013931907739596216,1.1162999456760823,0.05000267494544255,2.3984157998249778,0.9607461042200272,0.05,2.3956532448096697,0.7393430166451233,0.0,0.07873803646540418,0.012259374534692244,1.0,1.0,1.0,1.0459728350431326e-14,-0.15246142025159243,0,0,0,3.294407698120574e-08,0.5548297992129764,502,0.2792,-0.11571,0.4099290969077082,7,7,0,0.2792,502,0.5548297992129764,0.002244,0.002243933477883653,256,3.4629390981948033e-18,3.0849022364774794e-19,2.0001456719251658e-20,621.485788698955,289.7828183578238,0.609170287691536,0.609170287691728,0.609170287691728,0.76146285961466,1.5398041897779532e-12,651,0.028,0.028,-0.01232,-0.047242,655,-0.0376,-0.0672,-0.01306,-0.00256,3,0.0273,-0.5588,0.003844,17.436,0.0165,-0.1703,0.009549,11.202,0.0057,-0.722,-0.007242,10.302,7.7147,2.2601,1.4521,1.3354,0.46434,0.72031,1.69672,0.17831,0.9853,0.9812,0.9959,0.5197,3.0073,0.898,0.0,0.2417,12.1335,4.0347,63,0.0757,0.9988,53,0.0294,0.9727,3.0
78,1903,208450,0.0,4.5181615013574e-10,4.1396914278623274e-11,4.5181615013574e-10,0.6950890838164328,11.53034132126689,9.610951073836716,-12.402513687661271,14.137193832498246,-0.046539905486087975,14.137193832498246,0.003636583376366076,12.55775070916594,5.341350737779409,-1.11630399572052,1.028142111689502,-0.014116390184783306,1.11630399572052,0.05000284947666773,2.3984157998327973,0.9606159415290262,0.05,2.39565324932547,0.7318778225486908,0.0,0.07873867864361449,0.012241008672781958,1.0,1.0,1.0,5.8344999396715835e-15,-0.15246228492822406,0,0,0,3.3310299133237156e-08,0.5536458636787218,504,0.2748,-0.11531,0.41063304783571475,8,8,0,0.2748,504,0.5536458636787218,-0.001116,-0.0011155009236598623,256,1.9967820373477817e-18,3.3099467525329725e-19,1.7774985648358458e-20,621.4857887839458,289.78281839745284,0.6091702876915335,0.609170287691728,0.609170287691728,0.76146285961466,1.5591543785596344e-12,652,0.071,0.071,-0.01383,-0.024602,656,-0.0233,-0.0484,0.00143,0.001493,3,0.0352,-0.4722,-0.000995,17.421,0.0101,-0.765,0.022403,11.33,0.0047,-0.2065,-0.021105,10.504,7.7617,2.2444,1.4598,1.3533,0.4585,0.72489,1.69832,0.17745,0.9853,0.9813,0.996,0.5197,3.011,0.8991,0.0,0.233,12.1763,4.0439,73,0.1552,-0.9861,56,0.1558,-0.9889,5.0
79,1916,208467,0.0,4.555757285123348e-10,4.1863663680933316e-11,4.555757285123348e-10,0.6781713375868496,11.543412859244986,9.612764444471429,-12.566376051538693,12.316424635745658,-0.06169837309180741,12.566376051538693,0.007484633024323006,12.562043297998727,5.3336570503217064,-1.116303130808643,1.0281439210138006,-0.014396947702056389,1.116303130808643,0.05000302747770166,2.3984158001869202,0.9598013288908829,0.05,2.3956532420824828,0.7238967209801315,0.0,0.07873994885791576,0.012165183355911187,1.0,1.0,1.0,0.0,-0.1524631504385446,0,0,0,3.393164390843344e-08,0.5527350946590021,506,0.2711,-0.11559,0.4109429788685064,6,6,0,0.2711,506,0.5527350946590021,-1.9e-05,-1.8668364674567783e-05,256,2.5266868203131432e-18,3.2305246549945977e-19,1.1232252038773429e-21,621.4857884522991,289.7828182428145,0.6091702876915319,0.609170287691728,0.609170287691728,0.76146285961466,1.572128158856538e-12,659,0.0838,0.0838,-0.01732,-0.005556,660,-0.0368,-0.1013,0.00493,0.00376,3,0.0372,-0.4762,-0.000503,17.414,0.01,-0.7356,-0.012517,11.267,0.005,0.946,0.008599,10.387,7.732,2.2522,1.4571,1.3433,0.45037,0.71735,1.70403,0.17768,0.9854,0.9814,0.9959,0.5204,3.0038,0.897,0.0,0.2861,12.1958,4.0601,67,0.0914,-0.5136,57,0.1631,-0.9994,2.0
80,1924,208477,0.0,4.6304739998584706e-10,4.28949275727718e-11,4.6304739998584706e-10,0.6723247153230925,11.552188024506084,9.613143708348709,-13.351774133888984,12.341389652262952,-0.07231023271575873,13.351774133888984,0.010115209100191057,12.53498426699849,5.282474988925884,-1.1163045220793029,1.028144869843741,-0.015325990825173372,1.1163045220793029,0.05000320876737534,2.398415800367227,0.9591990138972945,0.05,2.3956532300173934,0.730792513625416,0.0,0.07874247514437294,0.012122055640091655,1.0,1.0,1.0,0.0,-0.1524640127784209,0,0,0,3.510586351063144e-08,0.5520932520853665,507,0.2715,-0.11591,0.4112824866969372,4,4,0,0.2715,507,0.5520932520853665,-0.004789,-0.004789320731054758,256,4.701715270677449e-18,5.31948864652595e-19,-6.551234426423213e-20,621.4857884060184,289.782818221235,0.6091702876915286,0.609170287691728,0.609170287691728,0.76146285961466,1.5979118528426107e-12,662,0.0893,0.0893,-0.01093,7.3e-05,664,-0.0602,-0.1757,0.00478,-0.001405,3,0.0391,-0.5101,0.000375,17.396,0.0166,-0.1252,-0.012905,11.197,0.0087,0.9172,0.010068,10.251,7.6961,2.2603,1.4549,1.332,0.44286,0.71903,1.70534,0.17693,0.9853,0.9815,0.9962,0.5203,2.9992,0.8956,0.0,0.3035,12.2188,4.074,62,0.0272,0.7245,53,0.1077,-0.988,1.0
81,1935,208491,0.0,4.717195912964585e-10,4.39079425111806e-11,4.717195912964585e-10,0.6369771739101436,11.57606976728821,9.611850441658909,-12.436027529070719,12.560668709988763,-0.08460949294116035,12.560668709988763,0.0102527098234713,12.564614197475395,5.246097932796183,-1.116302992387221,1.028148134985585,-0.015041743236091275,1.116302992387221,0.050003389784398215,2.398415800547319,0.9592109494795669,0.05,2.3956532338258416,0.7333044256694986,0.0,0.0787437453586742,0.012060593599577943,1.0,1.0,1.0,0.0,-0.15246488284762372,0,0,0,3.681187743343902e-08,0.5519986151531608,507,0.2764,-0.11722,0.41159992453151334,4,4,0,0.2764,507,0.5519986151531608,-0.004505,-0.004505363475157509,256,6.099243800502691e-18,9.164422724135935e-19,-6.642369032387103e-21,621.4857885499603,289.7828182883514,0.609170287691525,0.609170287691728,0.609170287691728,0.76146285961466,1.6278383724844205e-12,672,0.0908,0.0908,0.00203,-0.048629,665,-0.0468,-0.1266,-0.01095,0.002761,3,0.0405,-0.5387,0.000663,17.381,0.0158,0.3012,0.009024,11.29,0.0083,0.6411,-0.011522,10.301,7.7149,2.2529,1.4633,1.3352,0.43698,0.72247,1.71203,0.1782,0.9854,0.9815,0.9961,0.5194,2.924,0.9125,0.0,0.3911,12.1731,4.1632,66,0.0734,-0.5871,56,0.0736,-0.7629,5.0
82,1947,208506,0.0,4.805802376744185e-10,4.392120140019674e-11,4.805802376744185e-10,0.6470680935265362,11.563369354714142,9.614623252030347,-12.515093172748815,12.565726005271015,-0.0950849036343847,12.565726005271015,0.0002972279626671792,12.564621729391465,5.419636072422095,-1.1163034963387133,1.0281466805567927,-0.014919309375744332,1.1163034963387133,0.050003575689073154,2.398415800555078,0.9594207074301304,0.05,2.39565327679191,0.7416852299752312,0.0,0.07874438753688451,0.011993601311340562,1.0,1.0,1.0,0.0,-0.1524657508951771,0,0,0,3.84838468502336e-08,0.5486641418328727,512,0.269,-0.11944,0.4114959337856222,4,4,0,0.269,512,0.5486641418328727,-0.002946,-0.002946038033543985,256,6.5959348196771695e-18,1.0804832991824328e-18,-5.198682531919864e-20,621.4857884794637,289.7828182554807,0.6091702876915212,0.609170287691728,0.609170287691728,0.76146285961466,1.6584152247795634e-12,676,0.1201,0.1201,-0.03068,-0.014086,668,-0.0387,-0.0869,0.00588,0.000735,3,0.0418,-0.6751,0.000728,17.355,0.0112,0.9205,0.007225,11.319,0.0064,-0.3332,-0.005672,10.343,7.7194,2.2483,1.4664,1.3398,0.43562,0.72797,1.71944,0.17851,0.9854,0.9817,0.9962,0.5198,2.9308,0.9146,0.0,0.3474,12.3189,4.2033,68,0.0802,-0.9991,56,0.0668,-0.4651,1.0
83,1949,208508,0.0,4.917594049590833e-10,4.513909082498088e-11,4.917594049590833e-10,0.643329684658509,11.567568751779687,9.614591423171177,-12.743076445432948,12.322612441257062,-0.08805391906181585,12.743076445432948,0.0016300960972586154,12.565833488753748,5.61566004958097,-1.1163011278459531,1.0281459851836097,-0.01499994971721389,1.1163011278459531,0.05000376759678818,2.3984158007349947,0.9592899956284111,0.05,2.3956532768986976,0.7357140811670407,0.0,0.07875131007522411,0.011989124091659177,1.0,1.0,1.0,6.938893903907228e-18,-0.15246747324238638,0,0,0,4.036490954094114e-08,0.5485833331507087,512,0.2752,-0.12135,0.4116867287910301,4,4,0,0.2752,512,0.5485833331507087,-0.00426,-0.004260424207451763,256,6.7262933726245936e-18,5.726075720397444e-19,-3.2345615869724914e-20,621.4857881739764,289.7828181130398,0.6091702876915163,0.609170287691728,0.609170287691728,0.76146285961466,1.6969929692907313e-12,677,0.1593,0.1593,-0.05915,0.028075,669,-0.0506,-0.0916,-0.00083,0.001319,3,0.0481,-0.7956,-0.000325,17.321,0.014,0.8153,-0.015481,11.229,0.0088,-0.9994,0.010961,10.179,7.672,2.2577,1.4636,1.3268,0.43594,0.72787,1.72052,0.17873,0.9854,0.9817,0.9963,0.5203,2.9286,0.9139,0.0,0.365,12.3099,4.2033,62,0.0804,-0.3882,53,0.0595,0.3721,-1.0
84,1958,208519,0.0,5.019719696630749e-10,4.694098761382224e-11,5.019719696630749e-10,0.638709069024424,11.571083590840658,9.616013787783135,-12.566378166295374,12.566381956000685,-0.06922363139925787,12.566381956000685,0.0037382717449645497,12.551044046904508,5.742429000486881,-1.1163014210240352,1.0281457589619427,-0.014936526759711754,1.1163014210240352,0.050003962001428585,2.3984158014266588,0.9588951870387853,0.05,2.3956532800622394,0.7346060594454142,0.0,0.0787576045776734,0.01194163679894914,1.0,1.0,1.0,0.0,-0.15246919086783567,0,0,0,4.250354142360509e-08,0.5483574083199885,514,0.2761,-0.12294,0.41142818531519404,3,3,0,0.2761,514,0.5483574083199885,-0.002804,-0.0028042509973387197,256,8.239594770374149e-18,4.1546390904580487e-19,6.167234138045417e-20,621.4857883114331,289.78281817713236,0.6091702876915119,0.609170287691728,0.609170287691728,0.76146285961466,1.7322351022076127e-12,681,0.1755,0.1755,-0.06094,0.053248,672,-0.0587,-0.0903,-0.01105,-0.001013,3,0.0511,-0.8184,-0.000259,17.317,0.018,0.3928,-0.007702,11.19,0.012,-0.85,0.005717,10.109,7.6544,2.2624,1.4619,1.3207,0.44021,0.73181,1.72541,0.17743,0.9855,0.9818,0.9962,0.5209,2.9271,0.9134,0.0,0.3915,12.3381,4.2151,62,0.1099,0.9164,53,0.0454,0.8619,-1.0
85,1965,208529,0.0,5.110437595265261e-10,4.8574145177853204e-11,5.110437595265261e-10,0.6414776434137127,11.578338724332887,9.616283622535233,-12.525876326050215,12.348156570210786,-0.0634992939784159,12.525876326050215,0.010248929779238936,12.548736095801514,5.78840591860128,-1.1162981854605485,1.0281475416795347,-0.015091307452513704,1.1162981854605485,0.050004165430402425,2.398415801773115,0.9589784828627331,0.05,2.395653260365351,0.7282143190747196,0.0,0.0787582467558837,0.011906365207064892,1.0,1.0,1.0,0.0,-0.15247006085547435,0,0,0,4.444844120379258e-08,0.5480698426893084,515,0.279,-0.12485,0.41120438790525693,3,3,0,0.279,515,0.5480698426893084,-0.002717,-0.0027174981727560166,256,3.512218472669078e-18,3.4893358832305485e-19,3.944408228977479e-21,621.4857885377078,289.7828182826384,0.609170287691508,0.609170287691728,0.609170287691728,0.76146285961466,1.763540580339314e-12,681,0.1679,0.1679,-0.04927,0.005883,678,-0.0318,-0.0584,-0.02173,-0.001449,3,0.0507,-0.8008,0.000168,17.349,0.015,-0.0215,0.02744,11.35,0.0097,-0.5815,-0.02167,10.381,7.7285,2.2448,1.4685,1.3431,0.44663,0.73328,1.72925,0.17789,0.9854,0.982,0.9965,0.5211,2.9237,0.9123,0.0,0.391,12.372,4.2316,70,0.1356,0.8405,55,0.0692,0.9997,3.0
86,1970,208535,0.0,5.261405143605539e-10,5.021377969992972e-11,5.261405143605539e-10,0.6374513399979886,11.589013405487881,9.616315459373153,-12.868497625729473,12.294469499624839,-0.055451564628469764,12.868497625729473,0.010246275711151526,12.551282064026697,5.8206634273418,-1.1163021558209718,1.028148593987482,-0.015220981101639532,1.1163021558209718,0.05000437965565141,2.398415801949357,0.9587982542287894,0.05,2.395653284914711,0.7276622226365046,0.0,0.07875951697018498,0.011883550175821031,1.0,1.0,1.0,0.0,-0.15247092764493353,0,0,0,4.632439304769778e-08,0.548018766339728,515,0.284,-0.12599,0.41115011353334346,3,3,0,0.284,515,0.548018766339728,-0.004524,-0.004523978819634511,256,3.1844637925609666e-18,3.1024634704730146e-19,3.7163375124017815e-22,621.4857884876653,289.78281825930486,0.6091702876915015,0.609170287691728,0.609170287691728,0.76146285961466,1.8156373711906907e-12,682,0.1382,0.1382,-0.03064,-0.081145,682,-0.0274,-0.0808,0.00131,0.002908,3,0.0474,-0.7102,-0.00057,17.403,0.0092,-0.8242,0.031352,11.552,0.0054,0.1867,-0.024411,10.726,7.8269,2.2235,1.4759,1.3704,0.45102,0.73085,1.73245,0.17919,0.9854,0.982,0.9965,0.5203,2.9185,0.9107,0.0,0.4347,12.3502,4.2317,78,0.0995,-0.9762,59,0.0728,-0.9689,5.0
87,1983,208551,0.0,5.438622363130172e-10,5.272695403088243e-11,5.438622363130172e-10,0.6468659411886772,11.578362065049607,9.61869048904449,-14.13713883304063,12.314089829658489,-0.06718246612106286,14.13713883304063,0.010243672518142318,12.550999708072284,5.783577588043388,-1.1162998365046066,1.0281448861171651,-0.014868151573640817,1.1162998365046066,0.05000459588506555,2.398415802292886,0.9578345145731988,0.05,2.3956532841168063,0.7291036167951315,0.0,0.07876267129269968,0.011813282744097016,1.0,1.0,1.0,0.0,-0.15247179474789538,0,0,0,4.8062019957686764e-08,0.5466050597432915,520,0.2759,-0.12754,0.41108477666580423,1,1,0,0.2759,520,0.5466050597432915,-0.003084,-0.003084438201367945,256,2.1596828459042844e-18,2.560708034391115e-19,-5.171292696812589e-21,621.4857881009176,289.7828180789744,0.609170287691494,0.609170287691728,0.609170287691728,0.76146285961466,1.8767925576760684e-12,686,0.1274,0.1274,-0.02357,0.013819,686,-0.0387,-0.1347,0.00631,0.001239,3,0.0442,-0.5936,0.000325,17.403,0.0116,-0.6327,-0.015922,11.433,0.0067,0.9988,0.015331,10.573,7.7843,2.2357,1.4687,1.3582,0.45396,0.72788,1.74018,0.17902,0.9855,0.9821,0.9966,0.5214,2.9247,0.9127,0.0,0.3556,12.5286,4.2837,73,0.0491,-0.6963,55,0.1084,-0.9419,1.0
88,1996,208567,0.0,5.575322910984073e-10,5.455327943189914e-11,5.575322910984073e-10,0.6204749726325267,11.59776428644599,9.618928290377548,-13.351743945400013,12.476173209938331,-0.0781100453756852,13.351743945400013,0.010241809775056175,12.5489326748223,5.75502952881669,-1.116301605800705,1.0281481296063042,-0.014015415168077135,1.116301605800705,0.05000482030866673,2.39841580527565,0.9564900905140062,0.05,2.3956533329202823,0.728758080607346,0.0,0.0787626854348153,0.01174378907810721,1.0,1.0,1.0,0.0,-0.1524726627842754,0,0,0,5.00545896647306e-08,0.546439342563561,521,0.2776,-0.12947,0.41055892255286325,1,1,0,0.2776,521,0.546439342563561,-0.007406,-0.007406059577661939,256,4.0618295124323674e-18,4.394046858571366e-19,-5.647304730646051e-20,621.4857880150377,289.78281803893077,0.609170287691488,0.609170287691728,0.609170287691728,0.76146285961466,1.9239660062368013e-12,695,0.1188,0.1188,-0.01443,0.020352,689,-0.0614,-0.19,-0.0022,0.001171,3,0.0436,-0.5793,-0.000199,17.405,0.0173,-0.1231,-0.037429,11.235,0.0098,0.8802,0.029578,10.225,7.7006,2.2602,1.4589,1.3278,0.45762,0.73071,1.74531,0.17748,0.9857,0.9821,0.9964,0.521,2.915,0.9096,0.0,0.4519,12.5008,4.2884,62,0.1321,0.0108,53,0.1423,-0.7227,-0.0
89,2012,208587,0.0,5.730609610116738e-10,5.5764900658096185e-11,5.730609610116738e-10,0.6005556482454629,11.609285240572987,9.620169609988237,-12.886178669755733,11.690774661121395,-0.09898460939417178,12.886178669755733,0.0010142277063174276,12.533697417987378,5.771165891663383,-1.1162993957601892,1.0281471366827233,-0.013373020066365985,1.1162993957601892,0.05000504948415774,2.3984158054460614,0.953671641021338,0.05,2.3956533340251305,0.7302585854442243,0.0,0.0787633276130256,0.011658018823330486,1.0,1.0,1.0,0.0,-0.15247438067668734,0,0,0,5.192389861228578e-08,0.5449982620782522,524,0.2745,-0.12953,0.4104619309425722,1,1,0,0.2745,524,0.5449982620782522,-0.005349,-0.005349214539442482,256,5.210267128330591e-18,6.639328434960987e-19,-6.850736793124302e-20,621.485788188402,289.7828181197661,0.6091702876914814,0.609170287691728,0.609170287691728,0.76146285961466,1.9775532750006936e-12,705,0.1081,0.1081,-0.01242,0.051096,692,-0.0514,-0.1365,-0.01992,-0.0001,3,0.0412,-0.6299,-0.000708,17.4,0.0153,0.2832,0.006872,11.298,0.0084,0.5665,-0.009457,10.283,7.7183,2.2544,1.4638,1.3323,0.46054,0.73596,1.75424,0.17808,0.9858,0.9822,0.9964,0.5219,2.9094,0.9079,0.0,0.5571,12.4975,4.2956,67,0.1399,-0.1809,57,0.0832,-0.9733,1.0
90,2023,208600,0.0,5.881496507074416e-10,5.6843009275814147e-11,5.881496507074416e-10,0.5837329806815456,11.625036057859692,9.620366016642073,-12.790328769882924,12.421833149678871,-0.11324440080766986,12.790328769882924,0.010238953646937065,12.5575872361918,5.700726554755358,-1.1162968595353537,1.0281468906755915,-0.013183800330486828,1.1162968595353537,0.050005285880779286,2.398415805616381,0.9522796226806165,0.05,2.3956533511062936,0.7272324175023319,0.0,0.07876522586341039,0.011602463842437365,1.0,1.0,1.0,0.0,-0.1524752528492888,0,0,0,5.376223732884458e-08,0.5443323365959566,525,0.2757,-0.13012,0.41011106658983937,1,1,0,0.2757,525,0.5443323365959566,-0.003672,-0.003671511902768154,256,6.789583828291628e-18,9.10705364329538e-19,-4.671851310723306e-20,621.485788206081,289.78281812800935,0.6091702876914749,0.609170287691728,0.609170287691728,0.76146285961466,2.029622234012615e-12,711,0.1041,0.1041,-0.01541,0.00678,696,-0.0373,-0.0754,-0.00539,0.003336,3,0.041,-0.7047,0.000119,17.385,0.0107,0.8674,0.020039,11.434,0.0058,-0.2582,-0.01943,10.451,7.7617,2.2398,1.4731,1.3465,0.46327,0.7396,1.76052,0.17917,0.9859,0.9821,0.9962,0.5205,2.9019,0.9055,0.0,0.5998,12.5061,4.3096,72,0.1218,-0.6281,56,0.103,-0.9196,3.0
91,2037,208617,0.0,6.022484059483121e-10,5.5908855287104486e-11,6.022484059483121e-10,0.5614822978913384,11.638682156780948,9.621108676351524,-12.662072862674865,12.690127017441338,-0.1244118598758521,12.690127017441338,0.01024021093948313,12.553630103095466,5.621595047089876,-1.1162949155439152,1.0281468219658583,-0.012866581781815517,1.1162949155439152,0.050005529665176775,2.3984158061124563,0.9519188683124205,0.05,2.395653380730663,0.7343383136651117,0.0,0.07877089232993222,0.01153110284081298,1.0,1.0,1.0,0.0,-0.152476122389729,0,0,0,5.513905419650656e-08,0.5425677509173654,527,0.2736,-0.1302,0.4100299161001451,1,1,0,0.2736,527,0.5425677509173654,-0.004737,-0.004737467276454854,256,6.963885879369196e-18,5.057627538780188e-19,9.541241999093427e-21,621.4857879792924,289.78281802226365,0.6091702876914687,0.609170287691728,0.609170287691728,0.76146285961466,2.07827506840672e-12,721,0.081,0.081,-0.01402,0.002102,698,-0.0316,-0.0695,0.00238,0.00343,3,0.0361,-0.787,-0.000308,17.387,0.0092,0.8195,-0.018026,11.349,0.0044,-0.9985,0.013076,10.282,7.7231,2.2513,1.4694,1.3313,0.46658,0.73721,1.77008,0.17925,0.986,0.9821,0.996,0.5214,2.895,0.9034,0.0,0.7479,12.4559,4.3026,67,0.0516,0.0612,55,0.0795,0.4397,1.0
92,2054,208639,0.0,6.112019372259833e-10,5.432900370049296e-11,6.112019372259833e-10,0.5377650818080546,11.652716713435712,9.62289875288929,-12.61899553717698,12.56641522438988,-0.11992097003954813,12.61899553717698,0.01024330741652638,12.559205034896479,5.527624490038142,-1.1162900389002617,1.0281469785010742,-0.012606034504151804,1.1162900389002617,0.05000578559750017,2.398415808054579,0.948890776764626,0.05,2.395653387262161,0.7342967463124471,0.0,0.07877279058031701,0.011444779946022342,1.0,1.0,1.0,0.0,-0.1524778494198834,0,0,0,5.5786182537091355e-08,0.5424191430246651,530,0.268,-0.13146,0.40972387111362574,2,2,0,0.268,530,0.5424191430246651,-0.006885,-0.00688496274070971,256,7.87834664467601e-18,4.0035833797667945e-19,4.486959210173112e-20,621.485787734202,289.78281790798434,0.6091702876914649,0.609170287691728,0.609170287691728,0.76146285961466,2.1091724541793234e-12,734,0.0297,0.0297,-0.01414,-0.059132,699,-0.0429,-0.0977,-0.00732,0.002424,3,0.0267,-0.8814,0.000259,17.396,0.0118,0.1963,-0.038323,11.17,0.0044,-0.6363,0.0314,9.935,7.6455,2.2753,1.461,1.2995,0.47108,0.72794,1.77926,0.17863,0.9863,0.982,0.9956,0.5209,2.9491,0.8806,0.0,0.9743,12.3562,4.1898,62,0.0723,0.998,57,0.0614,0.9225,-1.0
93,2063,208650,0.0,6.179987003336234e-10,5.3820853131324754e-11,6.179987003336234e-10,0.5265744285789434,11.663391564679227,9.622826123272493,-12.792432065390114,13.351814295962745,-0.10878436835095587,13.351814295962745,0.010245645595458201,12.55725895306985,5.519864434364253,-1.116291295930487,1.0281478258324088,-0.012633923916736565,1.116291295930487,0.05000605411220049,2.398415808061763,0.948187213133903,0.05,2.395653359109525,0.7224636557049832,0.0,0.07877406079461828,0.011403872038131027,1.0,1.0,1.0,0.0,-0.15247957931173337,0,0,0,5.656229188987898e-08,0.5421238389583507,531,0.2667,-0.1318,0.40934994489358517,3,3,0,0.2667,531,0.5421238389583507,-0.003134,-0.0031339869557134303,256,6.2378120411898055e-18,3.199265399597842e-19,1.810910420334806e-20,621.4857879701264,289.78281801798977,0.609170287691462,0.609170287691728,0.609170287691728,0.76146285961466,2.1326271328317952e-12,739,-0.0066,-0.0066,-0.02027,-0.002733,702,-0.0326,-0.109,-0.02668,-0.00031,3,0.0195,-0.9372,-0.000463,17.389,0.0089,-0.462,0.012651,11.251,0.0024,0.1236,-0.013515,10.04,7.6721,2.2665,1.4664,1.3087,0.47742,0.72298,1.78455,0.17845,0.9865,0.9819,0.9954,0.5206,2.944,0.8791,0.0,1.069,12.3213,4.1852,62,0.0921,0.0161,55,0.0912,-0.2305,2.0
94,2070,208658,0.0,6.242068222978063e-10,5.375692478665686e-11,6.242068222978063e-10,0.5240224545741217,11.663118514346694,9.623638822166448,-12.636574788776251,14.137210403631336,-0.10527211947773175,14.137210403631336,0.003635495660469057,12.559161906668406,5.464136653213252,-1.1162892591667286,1.0281504953558078,-0.013006839594829562,1.1162892591667286,0.05000633455678303,2.398415808387277,0.9472491908445941,0.05,2.3956533807472726,0.7258555435881814,0.0,0.07877721511713298,0.01137409716349346,1.0,1.0,1.0,0.0,-0.15248130076620134,0,0,0,5.685308047493011e-08,0.5409131041728374,533,0.2617,-0.13242,0.4092957121260501,5,5,0,0.2617,533,0.5409131041728374,-0.005942,-0.00594203418682282,256,4.5345880525543474e-18,3.010887991443159e-19,-1.1379565321238918e-21,621.485788084733,289.7828180714279,0.6091702876914593,0.609170287691728,0.609170287691728,0.76146285961466,2.1540504935801503e-12,744,-0.0356,-0.0356,-0.0584,-0.066884,702,-0.0295,-0.1116,-0.00546,0.001611,3,0.011,-0.9919,0.000207,17.372,0.0079,-0.9995,0.022475,11.381,0.0013,0.9874,-0.020849,10.226,7.7163,2.2513,1.475,1.3252,0.4862,0.71644,1.78773,0.17814,0.9865,0.982,0.9955,0.5213,2.9443,0.8792,0.0,1.1304,12.3226,4.1852,67,0.0571,-0.8114,55,0.098,-0.4222,2.0
95,2083,208676,0.0,6.274789681484167e-10,5.354517504076921e-11,6.274789681484167e-10,0.5112951614974832,11.673993386908728,9.623699585594219,-12.152281010141248,12.584208394944158,-0.07911776666975183,12.584208394944158,0.010252674710419374,12.562043511621368,5.624400576332871,-1.1162833742384166,1.028154929244714,-0.01292297080179471,1.1162833742384166,0.05000663008158519,2.398415809029162,0.944751852242515,0.05,2.3956534162039462,0.7313860574189766,0.0,0.07878036943964768,0.011312546574795131,1.0,1.0,1.0,0.0,-0.15248302418463025,0,0,0,5.692727012361077e-08,0.5409095194830024,535,0.2566,-0.13241,0.40939328706804295,4,4,0,0.2566,535,0.5409095194830024,-0.000918,-0.0009176455970298925,256,3.782347546571394e-18,3.0306883356888806e-19,4.2660080540306684e-20,621.4857879387285,289.7828180033498,0.609170287691458,0.609170287691728,0.609170287691728,0.76146285961466,2.1653422120464136e-12,752,-0.0102,-0.0102,-0.07015,0.099307,705,-0.0364,-0.1372,0.00833,0.003523,3,0.0154,-0.6651,0.000754,17.409,0.012,-0.5076,-0.001515,11.387,0.0028,-0.3058,0.003274,10.229,7.7272,2.253,1.4737,1.3237,0.49224,0.70564,1.79174,0.17837,0.9866,0.982,0.9953,0.5214,3.0007,0.8574,0.0,1.2773,12.2751,4.0907,67,0.0122,-0.7457,55,0.1174,-0.9593,1.0
96,2090,208685,0.0,6.289023259179308e-10,5.474057091441112e-11,6.289023259179308e-10,0.511812266363183,11.673722780685026,9.624379411276246,-12.758546756884835,12.733788670059715,-0.06679465018594022,12.758546756884835,0.008938620041872722,12.562573420377007,5.573737998677615,-1.1162861907635777,1.0281560433462706,-0.012664276589866064,1.1162861907635777,0.05000694141015123,2.3984158105993876,0.9432703886718707,0.05,2.395653431412369,0.7291044051815717,0.0,0.07878163965394895,0.011284049565501249,1.0,1.0,1.0,0.0,-0.15248475359951977,0,0,0,5.6832840649331625e-08,0.540187425592965,537,0.2511,-0.13339,0.408995813898684,5,5,0,0.2511,537,0.540187425592965,0.002986,0.002986114519682559,256,3.3097782888012204e-18,3.621385612129455e-19,-1.1272761984374223e-21,621.4857877734022,289.7828179262624,0.6091702876914573,0.609170287691728,0.609170287691728,0.76146285961466,2.170254021333867e-12,754,0.0124,0.0124,-0.08354,-0.024323,708,-0.056,-0.1679,0.01249,-0.000847,3,0.0177,-0.488,-0.001164,17.416,0.015,-0.0373,-0.025683,11.245,0.0042,-0.854,0.021248,10.016,7.6747,2.2693,1.4652,1.3051,0.49741,0.7162,1.79439,0.17858,0.9866,0.982,0.9953,0.5215,3.0015,0.8576,0.0,1.2339,12.3599,4.1179,62,0.085,-0.4415,54,0.0407,-0.0958,-0.0
97,2099,208698,0.0,6.28000053871157e-10,5.591272551503437e-11,6.28000053871157e-10,0.5212522285792285,11.663081647346363,9.626717490673522,-13.54394509883635,12.680167638280025,-0.08060716916328792,13.54394509883635,0.005917556329964685,12.563233591457564,5.645999111518931,-1.1162862986280504,1.028157994744857,-0.012344962979013809,1.1162862986280504,0.050007264642443205,2.3984158110672724,0.941653953068136,0.05,2.395653395106086,0.7286844280789302,0.0,0.07878228183215925,0.011244090747737034,1.0,1.0,1.0,0.0,-0.15248562710466954,0,0,0,5.635876161767865e-08,0.5379136111853913,541,0.2405,-0.13386,0.4085578288636576,5,5,0,0.2405,541,0.5379136111853913,0.003815,0.0038146170488146947,256,3.779552020759283e-18,5.301875069535751e-19,-2.3343495274383934e-20,621.4857879156618,289.7828179925944,0.6091702876914576,0.609170287691728,0.609170287691728,0.76146285961466,2.1671404061203035e-12,757,0.0237,0.0237,-0.09195,0.041614,710,-0.0476,-0.1303,-0.02476,-0.00259,3,0.0182,-0.3409,-0.000192,17.412,0.0124,0.3093,0.009265,11.288,0.0039,-0.9994,-0.00794,10.099,7.6927,2.2635,1.4673,1.3128,0.50108,0.71814,1.79961,0.17732,0.9868,0.9821,0.9953,0.5217,3.0079,0.8594,0.0,1.1575,12.5089,4.1587,62,0.1369,-0.9582,54,0.0873,-0.9728,-1.0
98,2110,208711,0.0,6.286889600927843e-10,5.569217483135598e-11,6.286889600927843e-10,0.5393669620002952,11.641906343975993,9.630985185982118,-12.200059533669707,12.818086348774427,-0.10496138926702031,12.818086348774427,0.004053194314354691,12.564921182756892,5.812329077715796,-1.116287550982874,1.0281599544310425,-0.012254760776595095,1.116287550982874,0.05000759193748263,2.3984158118387433,0.9403689642790674,0.05,2.395653400893747,0.7249974544478539,0.0,0.07878292401036956,0.011193901059344981,1.0,1.0,1.0,0.0,-0.15248649862421648,0,0,0,5.6183126410628485e-08,0.5363701521353875,547,0.2257,-0.13382,0.40850548560058025,5,5,0,0.2257,547,0.5363701521353875,0.002666,0.002666211397492013,256,5.7238687901871956e-18,6.708509832171476e-19,-7.296530446357638e-20,621.4857879762172,289.78281802082984,0.6091702876914574,0.609170287691728,0.609170287691728,0.76146285961466,2.1695177249866954e-12,762,0.0287,0.0287,-0.08334,0.005986,710,-0.0272,-0.0731,-0.00777,-1.9e-05,3,0.0184,-0.3543,-0.000191,17.416,0.0067,0.8356,0.019107,11.381,0.0024,-0.8098,-0.015275,10.282,7.7355,2.2514,1.4713,1.3291,0.50068,0.72336,1.80558,0.17806,0.9868,0.9822,0.9954,0.5223,2.9587,0.8835,0.0,1.0919,12.6841,4.2871,67,0.0992,-0.7308,55,0.0102,-0.5387,2.0
99,2117,208720,0.0,6.323410122810436e-10,5.5899236774665966e-11,6.323410122810436e-10,0.5400872860104101,11.641113569398359,9.631287491077655,-12.579701773909333,12.757355213395336,-0.10816511533251066,12.757355213395336,0.010254139865183432,12.56279491967573,5.913850427628203,-1.1162885100338358,1.0281625562292827,-0.012102268750813636,1.1162885100338358,0.05000792538883756,2.398415812149978,0.9403802934967811,0.05,2.3956534090428536,0.7246922666818736,0.0,0.07878984654870916,0.011166345102331318,1.0,1.0,1.0,0.0,-0.15248822031411347,0,0,0,5.6846938276789786e-08,0.5358241008114664,549,0.2239,-0.13357,0.40818438532966234,4,4,0,0.2239,549,0.5358241008114664,-0.003061,-0.0030606244918001124,256,5.4052949024158855e-18,5.616396049160507e-19,-5.708960017960635e-20,621.4857878562955,289.78281796491336,0.6091702876914558,0.609170287691728,0.609170287691728,0.76146285961466,2.1821204470363276e-12,766,0.0207,0.0207,-0.07566,-0.025383,711,-0.0225,-0.0692,-0.00424,0.001838,3,0.0164,-0.3265,0.000819,17.421,0.0055,0.5973,0.008107,11.43,0.0018,0.563,-0.005686,10.351,7.7552,2.2464,1.4738,1.3348,0.49736,0.72725,1.81021,0.17904,0.9869,0.9822,0.9953,0.5229,3.0217,0.8634,0.0,1.1453,12.6968,4.2019,68,0.0808,0.8788,54,0.0474,0.9658,0.0
100,2120,208724,0.0,6.376408770110795e-10,5.532394257687141e-11,6.376408770110795e-10,0.5354952977331995,11.646307036648858,9.631249044344996,-12.39179583938657,12.807242778390165,-0.0961310395198507,12.807242778390165,0.006581920697517063,12.564895051531163,5.9543865597494925,-1.1162862318291518,1.028164186230414,-0.012310232423851965,1.1162862318291518,0.05000826667870566,2.3984158127609367,0.9401642441958874,0.05,2.3956534124932216,0.7358759505121254,0.0,0.07879111676301043,0.01116005647058459,1.0,1.0,1.0,2.7755575615628914e-17,-0.15248994102916721,0,0,0,5.7101510326354357e-08,0.5358854267655996,549,0.2232,-0.13348,0.40790457570250277,4,4,0,0.2232,549,0.5358854267655996,0.004115,0.0041145332969529935,256,5.821711282082194e-18,3.539387904434202e-19,3.493597870897943e-20,621.4857877505431,289.78281791560374,0.6091702876914535,0.609170287691728,0.609170287691728,0.76146285961466,2.200409539798132e-12,767,-0.0095,-0.0095,-0.09376,-0.061367,713,-0.0375,-0.0945,-0.00382,0.000998,3,0.0115,-0.4734,0.000776,17.437,0.0088,0.0184,-0.007161,11.391,0.002,0.872,0.007824,10.288,7.7434,2.2518,1.4711,1.3286,0.49224,0.72347,1.81134,0.17886,0.9869,0.9823,0.9954,0.5231,3.0194,0.8627,0.0,1.1532,12.7005,4.2063,67,0.0791,0.7624,55,0.0619,0.8952,-5.0
101,2130,208738,0.0,6.437440625352331e-10,5.410616445856296e-11,6.437440625352331e-10,0.5561027783638177,11.623844188527235,9.634300600228537,-12.697988192893671,14.358718174172154,-0.09865248395689029,14.358718174172154,0.007839057584298167,12.566071662138052,5.949419174270593,-1.1162906598794582,1.0281661473597143,-0.012491964630358881,1.1162906598794582,0.05000861615658655,2.3984158135168854,0.9393615617902161,0.05,2.3956534084993506,0.7236250436296411,0.0,0.07879364304946761,0.011116889384836575,1.0,1.0,1.0,0.0,-0.15249167744322525,0,0,0,5.721496021191951e-08,0.5336157674763251,555,0.2093,-0.13375,0.40758013383282604,4,4,0,0.2093,555,0.5336157674763251,0.001196,0.0011959719139127412,256,7.580937557107384e-18,3.732665680632824e-19,1.3884957226087512e-20,621.4857878384379,289.7828179565868,0.6091702876914509,0.609170287691728,0.609170287691728,0.76146285961466,2.2214707796501387e-12,771,-0.0344,-0.0344,-0.08765,-0.029034,713,-0.0362,-0.0814,-0.02476,-0.002791,3,0.0085,-0.8505,0.000663,17.439,0.0076,-0.4497,-0.007911,11.335,0.0015,0.8523,0.008905,10.214,7.7237,2.2578,1.4675,1.3224,0.48999,0.72607,1.81671,0.17786,0.987,0.9823,0.9952,0.523,2.9709,0.8872,0.0,1.0522,12.9084,4.3449,64,0.0063,-0.021,53,0.0987,0.6278,0.0
102,2139,208750,0.0,6.497292820408853e-10,5.2538686834251176e-11,6.497292820408853e-10,0.5540564222125882,11.626300460187577,9.635863432849641,-12.5988471585583,12.566372329456236,-0.08619006576403558,12.5988471585583,0.0021238778691289534,12.548060692644444,5.91863605464579,-1.1162915418187656,1.0281657792940988,-0.013093029344290958,1.1162915418187656,0.050008978796218205,2.398415813969289,0.938438700597596,0.05,2.3956534124991635,0.7255928333893384,0.0,0.0787955412998524,0.011078901682279017,1.0,1.0,1.0,0.0,-0.15249339631457381,0,0,0,5.737503249248116e-08,0.5336073707193015,557,0.2041,-0.13321,0.40756933974899023,4,4,0,0.2041,557,0.5336073707193015,0.001078,0.00107755207129423,256,1.0600914022310427e-17,4.760094132481545e-19,-8.715988365802919e-20,621.4857879077657,289.78281798891265,0.6091702876914484,0.609170287691728,0.609170287691728,0.76146285961466,2.2421249353222335e-12,773,-0.0374,-0.0374,-0.05019,-0.050718,718,-0.0272,-0.0758,-0.00939,-0.001162,3,0.0151,-0.9993,0.000519,17.459,0.0056,-0.9838,0.002987,11.352,0.002,0.9765,-0.000679,10.251,7.7371,2.2565,1.4672,1.3249,0.48169,0.72194,1.81771,0.17834,0.9869,0.9825,0.9956,0.5231,2.9707,0.8871,0.0,1.0433,12.9761,4.368,66,0.0726,0.0367,55,0.0658,0.9559,3.0
103,2151,208766,0.0,6.529084242415812e-10,5.2258154316708396e-11,6.529084242415812e-10,0.5640181108944303,11.615119765065481,9.638943485043844,-14.137121148277451,12.566387908295168,-0.06461688184184157,14.137121148277451,0.010247292502760129,12.566320004793132,5.959040292828447,-1.1162888366844932,1.0281663158979544,-0.012649377299171281,1.1162888366844932,0.05000936068991065,2.3984158149996913,0.9380437592034108,0.05,2.3956534509104257,0.7302577524688522,0.0,0.07879932365840604,0.011026659155821067,1.0,1.0,1.0,0.0,-0.152495116485366,0,0,0,5.747830228273343e-08,0.531136679312582,562,0.1926,-0.13337,0.40757263095598245,3,3,0,0.1926,562,0.531136679312582,-0.0014,-0.0014001245206198831,256,8.79944978251703e-18,5.444149797715016e-19,-1.0605692583406454e-20,621.4857878598648,289.7828179665777,0.609170287691447,0.609170287691728,0.609170287691728,0.76146285961466,2.253095710860555e-12,778,0.0363,0.0363,-0.01077,0.052183,720,-0.03,-0.1178,-0.00031,0.000917,3,0.0214,-0.9907,-0.001559,17.437,0.0063,-0.5425,0.014484,11.429,0.0036,0.6518,-0.015235,10.386,7.7641,2.2458,1.472,1.3377,0.47378,0.72105,1.82459,0.17838,0.987,0.9826,0.9955,0.523,2.9783,0.8894,0.0,0.9573,13.1544,4.4167,69,0.042,0.9565,53,0.0636,-0.7478,4.0
104,2163,208783,0.0,6.559842082555076e-10,5.2109104422879203e-11,6.559842082555076e-10,0.5421271304914319,11.638768772603889,9.638765584989894,-13.351734474703632,12.297936167042264,-0.07613060126096563,13.351734474703632,0.010244987655338416,12.566165015254594,5.966693035373812,-1.1162862330070051,1.0281655633907996,-0.012302904985745818,1.1162862330070051,0.050009761590559657,2.3984158151507082,0.9375923673916153,0.05,2.3956534136531724,0.7351112093521558,0.0,0.07880436208896696,0.010974244362156254,1.0,1.0,1.0,0.0,-0.15249599104930633,0,0,0,5.786079336647689e-08,0.5312378826888212,562,0.1921,-0.13299,0.40767885938482956,3,3,0,0.1921,562,0.5312378826888212,-0.000363,-0.00036262611282067425,256,5.531603374187619e-18,4.989738437648835e-19,7.770036155452562e-20,621.4857877993716,289.78281793837124,0.6091702876914457,0.609170287691728,0.609170287691728,0.76146285961466,2.263709811790902e-12,785,0.0196,0.0196,-0.01938,-0.093719,725,-0.0377,-0.1615,-0.00099,0.003083,3,0.0207,-0.9987,-0.001475,17.489,0.0078,0.1169,0.013926,11.537,0.0044,-0.0655,-0.012733,10.568,7.822,2.2358,1.475,1.3511,0.46529,0.72159,1.82894,0.1792,0.987,0.9826,0.9955,0.5224,3.0282,0.8652,0.0,1.1477,13.0328,4.3038,72,0.0562,0.9201,55,0.0867,-0.4579,-1.0
105,2167,208788,0.0,6.625467916255546e-10,5.285330406209097e-11,6.625467916255546e-10,0.5351611268580021,11.646811165643387,9.63810868869745,-12.805397129021992,12.639204112504608,-0.07882961053280964,12.805397129021992,0.008279887055525917,12.56341329704553,5.963963448173856,-1.116284898419653,1.0281655969118302,-0.012134655519451625,1.116284898419653,0.05001017294494525,2.398415815874249,0.9373764663145976,0.05,2.3953343462276115,0.728505029184857,0.0,0.07880563230326823,0.010962837646559564,1.0,1.0,1.0,0.0,-0.15249686728688444,0,0,0,5.792125640317395e-08,0.5313281707773352,562,0.1916,-0.13263,0.4077539595835562,3,3,0,0.1916,562,0.5313281707773352,0.000399,0.0003994582442454764,256,5.534524635271722e-18,4.925249409984351e-19,3.9233138566877896e-20,621.4857878175359,289.7828179468408,0.6091702876914429,0.609170287691728,0.609170287691728,0.76146285961466,2.2863563696419552e-12,789,0.0259,0.0259,-0.01875,0.052281,725,-0.0314,-0.1294,-0.01132,0.000939,3,0.0201,-0.9937,0.000173,17.45,0.0062,0.605,0.002542,11.568,0.0034,-0.5119,-0.005608,10.558,7.8157,2.2327,1.48,1.3508,0.46084,0.71596,1.83134,0.17895,0.9871,0.9826,0.9954,0.5228,3.0241,0.864,0.0,1.2872,12.9329,4.2766,73,0.039,0.2741,56,0.0481,-0.1802,0.0
106,2177,208801,0.0,6.679279772536958e-10,5.38485062437437e-11,6.679279772536958e-10,0.5302734819798667,11.652036094583721,9.638519661114238,-12.819895203179646,12.329563454435439,-0.08924041454875621,12.819895203179646,0.002010221693233653,12.561087825514127,5.87420143881883,-1.1162837131731125,1.0281664956619672,-0.012045946111822744,1.1162837131731125,0.050010601664166786,2.3984158180043678,0.9381583023466746,0.05,2.395653423018569,0.7298203713847181,0.0,0.07881192680571752,0.010920923691131916,1.0,1.0,1.0,0.0,-0.15249774161791627,0,0,0,5.807155454569162e-08,0.5304459609352311,564,0.1868,-0.13212,0.4080278715208394,3,3,0,0.1868,564,0.5304459609352311,0.000135,0.00013467101311182006,256,6.184142948094615e-18,6.04892167419786e-19,-5.8869028449277075e-21,621.4857878520623,289.7828179629396,0.6091702876914405,0.609170287691728,0.609170287691728,0.76146285961466,2.304926088955065e-12,793,0.0481,0.0481,-0.01596,0.041144,729,-0.0206,-0.0558,-0.01429,-0.000655,3,0.0211,-0.9645,0.001768,17.425,0.0047,0.9588,-0.021026,11.448,0.0029,-0.9998,0.017842,10.316,7.754,2.2472,1.4764,1.3304,0.45913,0.71123,1.83766,0.17857,0.9872,0.9826,0.9953,0.5227,3.0214,0.8633,0.0,1.3125,12.9695,4.2925,67,0.0424,-0.7693,54,0.0264,0.9472,-1.0
107,2183,208808,0.0,6.737212382483012e-10,5.463983409318965e-11,6.737212382483012e-10,0.5194667586976277,11.66405619508034,9.638514992014725,-12.3727932696891,12.775789745694873,-0.08475720812168266,12.775789745694873,0.004493012730923951,12.566094727335564,5.782687509451374,-1.1162833753232162,1.0281654944234093,-0.0119178997713208,1.1162833753232162,0.05001103552147918,2.398415818291094,0.9383226626383643,0.05,2.395653429387306,0.7342440447565263,0.0,0.0788163372002878,0.010899366116368754,1.0,1.0,1.0,0.0,-0.15249861435118311,0,0,0,5.834926636252123e-08,0.5304602725901784,564,0.1865,-0.13152,0.40830672515724387,3,3,0,0.1865,564,0.5304602725901784,0.002307,0.002306863921613722,256,5.231583256430036e-18,4.521085169912697e-19,6.053464389290418e-20,621.4857877904703,289.7828179342208,0.609170287691438,0.609170287691728,0.609170287691728,0.76146285961466,2.324917823116871e-12,797,0.0612,0.0612,-0.02248,0.028677,731,-0.0322,-0.0558,-0.00724,0.001407,3,0.0232,-0.9645,0.000591,17.397,0.007,0.4299,-0.012351,11.392,0.0047,-0.6532,0.008333,10.169,7.716,2.2546,1.4764,1.3179,0.45801,0.71012,1.84172,0.17855,0.9872,0.9826,0.9953,0.5231,3.0151,0.8614,0.0,1.4768,12.8533,4.263,66,0.0904,0.6728,55,0.0611,0.9967,0.0
108,2191,208818,0.0,6.79851064424909e-10,5.508168924810587e-11,6.79851064424909e-10,0.5252652285713099,11.658167865601406,9.6402986600581,-12.565418875053208,12.93265871455024,-0.10327838054691901,12.93265871455024,0.000832530720572322,12.557974654178937,5.643603291408634,-1.1162836610661906,1.0281651195280885,-0.011757417709444256,1.1162836610661906,0.05001147235152495,2.3984158192688225,0.9385365869750593,0.05,2.3956534434410375,0.7310096589088426,0.0,0.07881760741458907,0.010868275728739737,1.0,1.0,1.0,0.0,-0.15249949057451978,0,0,0,5.869336046186562e-08,0.5289765900746527,567,0.1801,-0.13165,0.408513813220069,3,3,0,0.1801,567,0.5289765900746527,0.001052,0.0010524461318923706,256,3.5224040579902285e-18,2.926696292046128e-19,3.8121793668911115e-20,621.4857878140193,289.7828179452011,0.6091702876914353,0.609170287691728,0.609170287691728,0.76146285961466,2.346070996360699e-12,800,0.061,0.061,-0.01673,-0.022588,733,-0.0355,-0.086,-0.01472,-0.000659,3,0.023,-0.9673,-0.000545,17.377,0.0064,0.0736,0.019661,11.502,0.0045,-0.3241,-0.018446,10.345,7.7552,2.2407,1.4832,1.3339,0.45622,0.71053,1.8441,0.17927,0.9872,0.9827,0.9954,0.523,3.0182,0.8623,0.0,1.4343,12.9556,4.2925,70,0.1148,0.8647,54,0.0802,0.8387,-4.0
109,2199,208828,0.0,6.859388014036807e-10,5.473352330073497e-11,6.859388014036807e-10,0.5197682259084049,11.666391774604666,9.638929996511074,-12.77645829315386,12.35310031575611,-0.11970454859430087,12.77645829315386,0.0011291100355588224,12.56306542994475,5.585382448703419,-1.1162848573286082,1.0281656664657441,-0.011358877944033872,1.1162848573286082,0.0500119176541168,2.3984158207838853,0.9369933889960663,0.05,2.3956534511414187,0.7300948299096448,0.0,0.07882013370104625,0.01083762894829858,1.0,1.0,1.0,0.0,-0.15250036611748707,0,0,0,5.892862534991868e-08,0.5284116481985103,568,0.1781,-0.13134,0.40884190238319185,3,3,0,0.1781,568,0.5284116481985103,0.001758,0.0017579038104063027,256,5.501624630576114e-18,2.2546474936954803e-19,6.5957968376825244e-21,621.4857878929215,289.7828179819912,0.6091702876914328,0.609170287691728,0.609170287691728,0.76146285961466,2.3670789254534374e-12,807,0.0508,0.0508,-0.00944,0.00341,733,-0.0205,-0.0657,-0.02908,0.001449,3,0.0219,-0.9858,-0.000639,17.369,0.0038,-0.3383,0.017953,11.629,0.0026,0.1754,-0.018011,10.516,7.7996,2.2269,1.491,1.3483,0.45791,0.71066,1.84826,0.17937,0.9872,0.9827,0.9955,0.523,3.0142,0.8612,0.0,1.6257,12.8429,4.2608,77,0.0777,0.9754,59,0.0775,0.9659,-2.0
110,2203,208833,0.0,6.937229145886458e-10,5.422762908384633e-11,6.937229145886458e-10,0.5131013006778891,11.673535246452342,9.638420506092524,-12.750636382153056,12.125221782789856,-0.1251152404074324,12.750636382153056,0.0036345870346604636,12.557753046109086,5.572869040467531,-1.1162874458915415,1.028166656028706,-0.011172251917843695,1.1162874458915415,0.05001236486841238,2.398415821062228,0.9357692339572031,0.05,2.3956534492980395,0.7322327721564057,0.0,0.07882077587925655,0.01082717946163966,1.0,1.0,1.0,1.3877787807814457e-17,-0.15250124067845436,0,0,0,5.920504704012382e-08,0.5283780725404059,568,0.178,-0.13162,0.4091721668317903,3,3,0,0.178,568,0.5283780725404059,0.00171,0.0017099893373326847,256,4.1608202198301356e-18,3.43663065045779e-19,1.115235231985472e-20,621.4857879013391,289.7828179859161,0.6091702876914293,0.609170287691728,0.609170287691728,0.76146285961466,2.3939408119854842e-12,809,0.064,0.064,-0.01574,0.029102,735,-0.0096,-0.0582,-0.01519,0.000338,3,0.0226,-0.9981,-0.001626,17.378,0.0025,-0.8603,-0.005966,11.599,0.0018,0.8901,0.002873,10.481,7.7915,2.2304,1.4886,1.3451,0.46325,0.70948,1.85044,0.17792,0.9871,0.9827,0.9955,0.5225,3.0105,0.8601,0.0,1.7027,12.786,4.2471,73,0.0418,-0.1928,56,0.059,-0.7946,-1.0
111,2208,208840,0.0,6.969089179587745e-10,5.434176159088319e-11,6.969089179587745e-10,0.5033790706971761,11.682181869356143,9.63857989381764,-12.807055669789502,12.076250731042798,-0.12446891096040218,12.807055669789502,0.0006848957667058234,12.562043766840485,5.611774353950149,-1.1162819474095849,1.0281673480064069,-0.01081699800130485,1.1162819474095849,0.0500128150339685,2.398415821875974,0.9351345131436979,0.05,2.395653449421124,0.7288606807782451,0.0,0.07882141805746685,0.010812212572100586,1.0,1.0,1.0,0.0,-0.15250297607011512,0,0,0,5.956912758569259e-08,0.5282990023926248,568,0.1781,-0.13248,0.409416085397873,3,3,0,0.1781,568,0.5282990023926248,0.002185,0.0021845727501823564,256,4.929682351905254e-18,4.934634654506736e-19,5.508561274469044e-20,621.4857878218672,289.7828179488604,0.609170287691428,0.609170287691728,0.609170287691728,0.76146285961466,2.404935264594473e-12,809,0.0811,0.0811,-0.02477,-0.010092,740,-0.0177,-0.1208,0.00176,0.000333,3,0.0241,-1.0,0.000776,17.399,0.0042,-0.3418,-0.015367,11.506,0.0032,0.343,0.015258,10.34,7.7604,2.242,1.4826,1.3324,0.46635,0.7108,1.85237,0.17838,0.9871,0.9828,0.9956,0.5222,3.0056,0.8587,0.0,1.6562,12.8335,4.2699,69,0.055,-0.7317,53,0.1787,-0.9261,2.0
112,2222,208857,0.0,6.978355263679556e-10,5.3496671238603524e-11,6.978355263679556e-10,0.4928983713453534,11.694211703105093,9.639132025260968,-12.797624318382546,12.32898504513927,-0.1225597483320847,12.797624318382546,0.01025890568864763,12.563980778831146,5.619804997619128,-1.1162796979964174,1.0281679607521605,-0.010734619126992383,1.1162796979964174,0.05001326526535416,2.398415822817198,0.9327056845600754,0.05,2.395653454818096,0.7261339711413202,0.0,0.07882268827176812,0.010753311056933805,1.0,1.0,1.0,0.0,-0.15250471152531025,0,0,0,5.977602544961696e-08,0.5279695074281551,570,0.1738,-0.1347,0.40953836502850455,2,2,0,0.1738,570,0.5279695074281551,-0.003114,-0.003114295270543188,256,5.291120798730008e-18,4.690280696146849e-19,3.411012772506345e-20,621.4857878096474,289.78281794316257,0.6091702876914277,0.609170287691728,0.609170287691728,0.76146285961466,2.4081328607441026e-12,816,0.0728,0.0728,-0.02266,0.01064,745,-0.0274,-0.1804,-0.00543,0.00116,3,0.0229,-0.9872,0.000256,17.405,0.0048,-0.1664,0.000983,11.522,0.0036,0.007,-0.001167,10.348,7.7659,2.2412,1.4837,1.3325,0.46951,0.71484,1.86136,0.17949,0.9873,0.9827,0.9954,0.5212,2.9995,0.857,0.0,1.8102,12.7803,4.2608,69,0.0285,-0.4381,53,0.1485,-0.8441,-2.0
113,2235,208874,0.0,6.997786380157461e-10,5.292991934636932e-11,6.997786380157461e-10,0.4734986639561267,11.717639940414658,9.636978258802376,-13.543948231269512,12.497194100695761,-0.11860514325637767,13.543948231269512,0.010260440664311785,12.563684320733886,5.6104259169869035,-1.1162817180117648,1.0281708546902646,-0.010935110113639535,1.1162817180117648,0.050013724805987335,2.398415823881313,0.9300526007194108,0.05,2.3956534677132884,0.72806981404303,0.0,0.07882395848606939,0.01070018595283381,1.0,1.0,1.0,0.0,-0.1525055834682437,0,0,0,6.018874312315093e-08,0.5278166219963302,570,0.174,-0.1354,0.409732937194261,2,2,0,0.174,570,0.5278166219963302,-0.005828,-0.00582753058014962,256,4.493029511897843e-18,6.369452990235342e-19,-3.383550647733306e-20,621.4857878958803,289.78281798337076,0.6091702876914268,0.609170287691728,0.609170287691728,0.76146285961466,2.414838267104929e-12,825,0.0371,0.0371,-0.02061,-0.059,749,-0.0165,-0.1272,-0.03017,0.002786,3,0.0184,-0.9802,0.001281,17.462,0.003,0.434,0.034636,11.762,0.0018,-0.6039,-0.02593,10.713,7.8742,2.2177,1.4937,1.3605,0.47474,0.7157,1.86667,0.17964,0.9873,0.9827,0.9953,0.5208,2.9874,0.8535,0.0,2.2209,12.4915,4.1814,80,0.0288,-0.9999,59,0.0428,-0.8159,2.0
114,2238,208878,0.0,7.019292053322264e-10,5.3212352762171917e-11,7.019292053322264e-10,0.48076161536864037,11.71006605365627,9.637962259207617,-12.910994138094217,12.566488431524062,-0.1354631537720661,12.910994138094217,0.004057163260683505,12.55797475976503,5.73064509133084,-1.1162848306199675,1.0281722744180735,-0.01106714240127059,1.1162848306199675,0.05001419148540916,2.398415825572156,0.9292110950740484,0.05,2.39565347281325,0.7257959278808954,0.0,0.0788246006642797,0.010695201057220997,1.0,1.0,1.0,0.0,-0.15250645953328978,0,0,0,6.057983606845833e-08,0.5270909734338622,572,0.1708,-0.13618,0.40959859919716035,5,5,0,0.1708,572,0.5270909734338622,-0.004925,-0.00492501212195684,256,5.238528320100563e-18,9.396406262390588e-19,6.797966390730735e-20,621.4857879153408,289.7828179924447,0.6091702876914259,0.609170287691728,0.609170287691728,0.76146285961466,2.4222595742392406e-12,826,-0.0012,-0.0012,-0.03037,-0.037979,749,-0.0157,-0.0542,-0.01705,-0.000859,3,0.0131,-0.9515,0.000268,17.434,0.0028,0.9958,0.014027,11.848,0.0013,-0.9194,-0.012217,10.835,7.9001,2.2068,1.4997,1.3714,0.4834,0.71991,1.86818,0.17829,0.9874,0.9827,0.9952,0.521,2.9914,0.8547,0.0,2.1716,12.5692,4.2018,82,0.0146,0.8754,60,0.0328,-0.9108,-1.0
115,2245,208886,0.0,7.051850435177917e-10,5.466210647297648e-11,7.051850435177917e-10,0.482915407387619,11.709488817133234,9.638101264256525,-12.792049437842502,11.781183354017104,-0.14509898368629373,12.792049437842502,0.010259295880423592,12.557526039841365,5.8753266414452465,-1.116285944405275,1.028172220726258,-0.010741682173250939,1.116285944405275,0.050014652240569175,2.3984158264629127,0.9283860861696787,0.05,2.3956534865631824,0.7225175040014069,0.0,0.0788315232026193,0.01067124054354971,1.0,1.0,1.0,4.0891226170377894e-15,-0.1525073310234117,0,0,0,6.142527650765622e-08,0.5264743290508336,574,0.1682,-0.13716,0.40960674971579225,6,6,0,0.1682,574,0.5264743290508336,-0.0033,-0.0032997766128564088,256,5.623384740894468e-18,4.582782790375883e-19,9.399410690235413e-20,621.4857878152392,289.78281794576986,0.6091702876914246,0.609170287691728,0.609170287691728,0.76146285961466,2.4334950171192015e-12,830,-0.0449,-0.0449,-0.08015,0.119772,750,-0.025,-0.0467,-0.00386,0.000474,3,0.0078,-0.8334,-0.00265,17.419,0.0046,0.6257,-0.023923,11.692,0.0013,-0.0904,0.015337,10.609,7.8363,2.2229,1.492,1.3538,0.49299,0.72012,1.87057,0.17847,0.9875,0.9827,0.9952,0.5207,2.9915,0.8547,0.0,2.2414,12.5629,4.1995,77,0.0599,0.6495,59,0.0304,-0.9912,-1.0
116,2255,208898,0.0,7.203843413961884e-10,5.759485239566167e-11,7.203843413961884e-10,0.49619154786437547,11.694146390162365,9.641192757407014,-12.797598491598357,11.89973463690637,-0.1477272920376726,12.797598491598357,0.006085059388587055,12.56440626883436,6.020338293744411,-1.1162857965389332,1.0281728168004494,-0.0107418354579692,1.1162857965389332,0.05001511076282766,2.3984158270849956,0.9270947149728278,0.05,2.3956535119265925,0.7227063456514549,0.0,0.07883656163318022,0.010633584108954578,1.0,1.0,1.0,0.0,-0.15250905822342944,0,0,0,6.323664004846908e-08,0.5250483133870921,579,0.1629,-0.13722,0.4104954860985328,4,4,0,0.1629,579,0.5250483133870921,-0.002607,-0.002607423902894146,256,4.744508482653306e-18,3.896421792862125e-19,5.749470289057593e-20,621.4857877263954,289.7828179043443,0.609170287691418,0.609170287691728,0.609170287691728,0.76146285961466,2.485945669953362e-12,832,-0.0138,-0.0138,-0.08032,0.10506,753,-0.0271,-0.0705,-0.01357,-0.000833,3,0.0051,-0.2828,0.000319,17.392,0.0044,0.313,-0.020157,11.55,0.0008,0.8225,0.017075,10.39,7.7735,2.2373,1.4859,1.3367,0.4999,0.71733,1.87529,0.17894,0.9875,0.9828,0.9953,0.5211,2.9996,0.857,0.0,2.0377,12.8216,4.2744,71,0.0983,0.9974,55,0.0607,0.8295,-2.0
117,2258,208901,0.0,7.355189581874723e-10,6.029210575385682e-11,7.355189581874723e-10,0.4972763298920483,11.692947808645467,9.641830926775862,-12.566438542342182,12.68510708182205,-0.14576086548444359,12.68510708182205,0.010257632180148031,12.5444752476878,6.094868271368341,-1.1162918097909793,1.028174797116454,-0.010672033033226325,1.1162918097909793,0.050015580516442316,2.3984158279339574,0.9267434336204743,0.05,2.395653497500714,0.7310654151536755,0.0,0.0788390879196374,0.01062782332198737,1.0,1.0,1.0,1.224141034198092e-13,-0.15250993131922427,0,0,0,6.496973803983724e-08,0.5243506765804116,580,0.1639,-0.1379,0.4107730306865183,5,5,0,0.1639,580,0.5243506765804116,-0.003244,-0.0032435449720051857,256,7.358776466289771e-18,4.851865065564517e-19,-9.918823669792851e-21,621.4857877855031,289.78281793190473,0.6091702876914113,0.609170287691728,0.609170287691728,0.76146285961466,2.5381731168074635e-12,833,0.0034,0.0034,-0.074,-0.018942,754,-0.0116,-0.0666,-0.03521,-0.000766,3,0.0067,0.1645,0.000921,17.373,0.0026,0.1764,0.021513,11.682,0.0007,0.9999,-0.017857,10.577,7.8186,2.222,1.4942,1.3529,0.50426,0.7272,1.87589,0.17996,0.9875,0.9829,0.9954,0.5208,3.0003,0.8572,0.0,2.0031,12.872,4.2902,77,0.085,0.8457,59,0.0811,0.9617,1.0
118,2263,208908,0.0,7.507791811529717e-10,6.108512713893208e-11,7.507791811529717e-10,0.4896960164257499,11.701901472358465,9.640946453152745,-12.68204034566587,12.56636048865694,-0.12425067126153648,12.68204034566587,0.004468771603391097,12.560615068073766,6.080582382447656,-1.1162947932204161,1.028175619993469,-0.010705572673890799,1.1162947932204161,0.05001605815935564,2.39841582841218,0.9262038763364451,0.05,2.395653491105695,0.7279961818183815,0.0,0.0788397300978477,0.010612863134394334,1.0,1.0,1.0,0.0,-0.15251080633941264,0,0,0,6.685386183635976e-08,0.5243287485193784,580,0.1669,-0.13841,0.4109720515816191,4,4,0,0.1669,580,0.5243287485193784,-0.001796,-0.0017963450264890657,256,1.0569241470807153e-17,4.115673714349549e-19,7.621818394177012e-20,621.485787898013,289.7828179843652,0.6091702876914048,0.609170287691728,0.609170287691728,0.76146285961466,2.5908340127794567e-12,836,-0.0028,-0.0028,-0.06587,-0.086204,756,0.0018,-0.0675,-0.01141,0.00041,3,0.0059,-0.0047,0.000498,17.384,0.0005,0.3131,0.021602,11.834,0.0001,-0.9512,-0.017264,10.799,7.8801,2.2061,1.5017,1.3704,0.50628,0.72682,1.8756,0.17881,0.9875,0.9829,0.9954,0.5205,2.9956,0.8559,0.0,2.1397,12.7771,4.2653,81,0.0462,0.9936,59,0.0962,0.8398,1.0
119,2270,208918,0.0,7.673757894094391e-10,6.01837145000885e-11,7.673757894094391e-10,0.48227621594694065,11.715322766191946,9.639137189946627,-14.137117160742118,11.92065784358889,-0.1182693604785578,14.137117160742118,0.010253968901357836,12.550996224328516,6.073079468919069,-1.1162916135132352,1.0281772035009293,-0.010803937318529919,1.1162916135132352,0.05001654558529937,2.398415829468417,0.9259774086556084,0.05,2.3956534951272204,0.7254267813859138,0.0,0.07884351245640134,0.010589859927836603,1.0,1.0,1.0,0.0,-0.1525125406333319,0,0,0,6.871781809591836e-08,0.5243243636095255,580,0.1694,-0.13863,0.41109637444980085,4,4,0,0.1694,580,0.5243243636095255,-0.003259,-0.0032589355103369577,256,6.124000027859539e-18,3.6671262166450364e-19,6.497460993365176e-20,621.4857878117391,289.7828179441379,0.6091702876913977,0.609170287691728,0.609170287691728,0.76146285961466,2.6481065884222573e-12,843,-0.0127,-0.0127,-0.05094,-0.042877,756,-0.0083,-0.1233,0.00029,0.00286,3,0.0066,-0.381,6.9e-05,17.397,0.0038,0.0078,-0.010668,11.781,0.0009,-0.9275,0.007949,10.695,7.8587,2.2138,1.4991,1.3609,0.50371,0.72983,1.88,0.17872,0.9875,0.9828,0.9953,0.5207,3.0493,0.8335,0.0,2.4569,12.5429,4.1134,80,0.0307,0.5228,59,0.1271,0.6818,-1.0
120,2273,208921,0.0,7.835606883730166e-10,5.968380807103462e-11,7.835606883730166e-10,0.47524326177251575,11.720656697965643,9.639604050937763,-13.351737229799491,12.332391463750923,-0.09418237693039418,13.351737229799491,0.008529117080140591,12.555568077555485,6.047151704105936,-1.1162958622819104,1.0281848645227267,-0.010795325237308025,1.1162958622819104,0.050017045360672446,2.3984158304982155,0.9258054219631822,0.05,2.395653509420291,0.7246780610024796,0.0,0.07884729481495498,0.010586319451890135,1.0,1.0,1.0,5.421936431859633e-15,-0.15251427085568678,0,0,0,7.034950953613078e-08,0.5243290596355631,580,0.1716,-0.13893,0.4111596982274663,4,4,0,0.1716,580,0.5243290596355631,-0.002899,-0.0028994275027538485,256,5.241035775348146e-18,4.447956486989679e-19,2.781267917059142e-20,621.4857877088111,289.7828178961452,0.6091702876913907,0.609170287691728,0.609170287691728,0.76146285961466,2.7039584129305956e-12,843,-0.0197,-0.0197,-0.03195,0.023574,759,-0.0346,-0.1801,-0.00047,0.000513,3,0.0089,-0.5494,-0.001659,17.425,0.0067,0.0304,-0.035503,11.561,0.002,-0.8519,0.028904,10.381,7.782,2.2391,1.4856,1.334,0.50331,0.72538,1.88161,0.17839,0.9875,0.9829,0.9954,0.5209,2.9857,0.8531,0.0,2.446,12.559,4.2064,71,0.0396,0.5668,55,0.1645,0.6207,-2.0
121,2282,208932,0.0,7.946020757367831e-10,5.967589750998949e-11,7.946020757367831e-10,0.4758328934598419,11.723934917000228,9.639303756912868,-12.840985551781873,12.51215210332555,-0.09575512878310048,12.840985551781873,0.010248839440939754,12.56224676426433,6.04536836410124,-1.116301643443271,1.0281940087288883,-0.010850877162713464,1.116301643443271,0.05001755516190358,2.3984158306146575,0.9247209839629659,0.05,2.39565351396082,0.7197516526498806,0.0,0.07884919306533977,0.01055567113881147,1.0,1.0,1.0,3.469446951953614e-18,-0.15251599919739858,0,0,0,7.132757036712311e-08,0.523929754238009,582,0.1692,-0.13945,0.4108683424391785,4,4,0,0.1692,582,0.523929754238009,-0.003322,-0.00332240692316077,256,8.178056031250814e-18,6.275165382522148e-19,-3.707641255889653e-21,621.4857877182562,289.7828179005492,0.609170287691386,0.609170287691728,0.609170287691728,0.76146285961466,2.7420606973650284e-12,849,-0.0282,-0.0282,-0.04037,0.222405,760,-0.0269,-0.1417,-0.03361,-7.4e-05,3,0.0103,-0.5932,-0.002213,17.424,0.005,0.046,-0.003299,11.552,0.0018,-0.8315,-0.001101,10.371,7.779,2.24,1.485,1.3332,0.50203,0.72952,1.88525,0.17893,0.9875,0.9829,0.9954,0.5206,3.0448,0.8322,0.0,2.5924,12.4971,4.1044,69,0.0132,0.972,54,0.1681,0.5704,-2.0
122,2288,208939,0.0,8.051492397853497e-10,6.067374197949061e-11,8.051492397853497e-10,0.46872548154041027,11.72745660190353,9.640063872732712,-12.768469604481503,12.378884489211284,-0.11196712839603783,12.768469604481503,0.01024755164349783,12.564818691864406,5.964112635291803,-1.1163026026190888,1.0281989362906407,-0.010901920643952673,1.1163026026190888,0.05001807337849278,2.3984158330856933,0.9240861414104952,0.05,2.3956535171942663,0.7279292558783709,0.0,0.07884983524355008,0.010538093685494963,1.0,1.0,1.0,2.2198520709594834e-14,-0.1525177228244379,0,0,0,7.272440491016728e-08,0.5231438811070914,583,0.1689,-0.13917,0.41089632746179044,4,4,0,0.1689,583,0.5231438811070914,-0.004411,-0.004410878468625423,256,9.019018856056741e-18,1.1641937774499582e-18,-2.712034566536607e-20,621.4857877696244,289.7828179245009,0.6091702876913815,0.609170287691728,0.609170287691728,0.76146285961466,2.7784574860305238e-12,849,-0.0392,-0.0392,-0.03567,-0.014794,765,-0.003,-0.0345,-0.02061,-0.001211,3,0.0096,-0.6775,0.002237,17.448,0.0012,0.2065,0.016773,11.65,0.0004,-0.8596,-0.00941,10.528,7.8243,2.23,1.4889,1.3455,0.501,0.73273,1.88647,0.17896,0.9875,0.9829,0.9953,0.5201,3.0432,0.8318,0.0,2.4867,12.6123,4.1444,77,0.0308,0.9958,60,0.0648,0.9446,0.0
123,2291,208942,0.0,8.239315081487371e-10,6.115336706389762e-11,8.239315081487371e-10,0.46973115782485714,11.726142133472672,9.640413777413693,-12.759399287361111,12.985520051726606,-0.1169669360262542,12.985520051726606,0.003638801031094374,12.566158783126284,5.857022705422004,-1.1163053048445513,1.0281999452071955,-0.010713588090919832,1.1163053048445513,0.050018587897807804,2.3984158332964918,0.92374560900014,0.05,2.395653556890035,0.7289161369096853,0.0,0.07885110545785134,0.010533116250780274,1.0,1.0,1.0,3.002735203391437e-14,-0.15251859661640635,0,0,0,7.419819559195507e-08,0.522529579093902,584,0.1687,-0.13896,0.4111147416765841,5,5,0,0.1687,584,0.522529579093902,-0.002813,-0.0028125157074891938,256,6.624246972363778e-18,1.1849249231623076e-18,2.0582357099634648e-19,621.4857877880174,289.78281793307707,0.6091702876913733,0.609170287691728,0.609170287691728,0.76146285961466,2.8432724687597495e-12,850,-0.0555,-0.0555,-0.04184,-0.080934,766,-0.0114,-0.0215,-0.01572,0.000414,3,0.0107,-0.7958,0.000859,17.454,0.0024,0.4582,0.017921,11.76,0.0009,0.1737,-0.013006,10.703,7.8705,2.2177,1.4942,1.3599,0.49784,0.71687,1.88595,0.17858,0.9875,0.983,0.9954,0.5203,3.0439,0.832,0.0,2.496,12.6289,4.1489,78,0.0603,0.2798,59,0.0533,-0.4866,-5.0
124,2301,208955,0.0,8.357010354142331e-10,6.14423263764025e-11,8.357010354142331e-10,0.46137566534788116,11.737459083164653,9.640142997871079,-12.70465711673928,12.060291587450822,-0.12451318563684334,12.70465711673928,0.0102491753612998,12.563656071269333,5.775349796269982,-1.1163095233138505,1.028201298713732,-0.01095095917536916,1.1163095233138505,0.050019112729284214,2.3984158336075168,0.9213514309519991,0.05,2.395653568534607,0.7279929093169009,0.0,0.07885300370823614,0.01049681248227876,1.0,1.0,1.0,0.0,-0.15252032893441786,0,0,0,7.550196982419506e-08,0.5223896589045611,585,0.1683,-0.13913,0.4112494646909176,6,6,0,0.1683,585,0.5223896589045611,-0.006444,-0.00644394353167721,256,4.053737076329491e-18,5.021956681581779e-19,4.290535538235079e-20,621.4857876922639,289.7828178884297,0.6091702876913683,0.609170287691728,0.609170287691728,0.76146285961466,2.8838874626997014e-12,856,-0.057,-0.057,-0.03027,-0.157802,769,-0.0216,-0.0482,-0.01144,0.001961,3,0.0122,-0.8647,0.000428,17.469,0.0038,0.2748,-0.009749,11.709,0.0016,0.2454,0.008415,10.608,7.8513,2.225,1.4913,1.3512,0.49739,0.71977,1.89035,0.17854,0.9875,0.983,0.9954,0.5206,3.0379,0.8303,0.0,2.6733,12.5227,4.1222,77,0.1087,0.1292,60,0.0869,-0.567,-2.0
125,2304,208959,0.0,8.474896657724189e-10,6.223040365563274e-11,8.474896657724189e-10,0.46373860775746606,11.736312735920295,9.64040020915978,-12.593555215112291,12.818072413261204,-0.11533775377933056,12.818072413261204,0.0012161263957041202,12.557260140450278,5.6655407371181585,-1.116319797929424,1.0282017815132272,-0.01082447363693641,1.116319797929424,0.050019639021591206,2.3984158340134933,0.9205298923782617,0.05,2.3956535873507327,0.7244429135505376,0.0,0.07885552999469332,0.010492124134854825,1.0,1.0,1.0,5.551115123125783e-17,-0.15252120591377266,0,0,0,7.695150163324422e-08,0.5219849822858756,586,0.1682,-0.13919,0.4113666946883971,5,5,0,0.1682,586,0.5219849822858756,-0.003736,-0.003735534414196273,256,8.10864755668775e-18,4.702884052598995e-19,8.482314966908205e-21,621.4857876726387,289.782817879279,0.6091702876913632,0.609170287691728,0.609170287691728,0.76146285961466,2.9245683783966643e-12,858,-0.0808,-0.0808,-0.03069,-0.064457,769,-0.0153,-0.0558,-0.0359,-0.00079,3,0.0141,-0.9433,-0.001641,17.45,0.0036,0.391,-0.03114,11.525,0.0017,-0.0633,0.02237,10.308,7.7715,2.2454,1.483,1.3263,0.49437,0.71379,1.89202,0.17863,0.9875,0.9831,0.9956,0.5208,3.0384,0.8305,0.0,2.7259,12.5048,4.1156,68,0.0501,-0.0405,54,0.015,-0.8029,-2.0
126,2317,208975,0.0,8.607801622227046e-10,6.285612118696768e-11,8.607801622227046e-10,0.44712373867951444,11.751357878179906,9.640107941629022,-12.566456316973142,12.553380830084464,-0.10331574839497663,12.566456316973142,0.0036344894833395536,12.560687333816627,5.651959444243333,-1.116315326159124,1.02820271194227,-0.010214172962597651,1.116315326159124,0.050020172356805594,2.3984158347051205,0.917254830100867,0.05,2.3956535864715653,0.7272962973028025,0.0,0.07885554413680894,0.010441875950370924,1.0,1.0,1.0,0.0,-0.15252207926869726,0,0,0,7.854080059588241e-08,0.5216275074617419,587,0.1681,-0.13941,0.41141689171256984,5,5,0,0.1681,587,0.5216275074617419,-0.004234,-0.004234482377907689,256,6.5495587403261054e-18,6.051590065931165e-19,6.517784922270716e-20,621.4857877074177,289.7828178954955,0.6091702876913575,0.609170287691728,0.609170287691728,0.76146285961466,2.9704320237962768e-12,862,0.05,0.05,-0.03691,-0.000979,777,0.0076,-0.0358,-0.01857,0.000426,3,0.0162,-0.9473,-0.000221,17.401,0.0017,0.9044,0.007822,11.578,0.0009,-0.72,-0.010663,10.345,7.7736,2.2384,1.4895,1.3308,0.49083,0.71262,1.8967,0.17972,0.9874,0.9833,0.9958,0.5205,3.0307,0.8284,0.0,2.7449,12.5404,4.1378,70,0.0072,-0.2454,54,0.0559,0.9433,1.0
127,2323,208982,0.0,8.75784724490578e-10,6.377737519386586e-11,8.75784724490578e-10,0.4391356428370613,11.762131888333451,9.639407646477238,-12.694069102669916,12.28282375092498,-0.10629758788401958,12.694069102669916,0.002672664157143905,12.566166064768757,5.625992145626328,-1.11631172832691,1.028201527708032,-0.010208216403014446,1.11631172832691,0.050020714627593284,2.3984158355768774,0.9156288317114084,0.05,2.3956535919905084,0.7230273055661834,0.0,0.07885995453137921,0.010423410798481728,1.0,1.0,1.0,0.0,-0.15252295831356644,0,0,0,7.968463443370756e-08,0.5216222748130784,587,0.1691,-0.13985,0.4113779119411407,6,6,0,0.1691,587,0.5216222748130784,-0.002503,-0.0025034243851573823,256,6.197667805811527e-18,4.3152177368500855e-19,4.6341916607200574e-20,621.4857877279221,289.78281790505616,0.609170287691351,0.609170287691728,0.609170287691728,0.76146285961466,3.0222106708118156e-12,866,0.0966,0.0966,-0.0234,0.094148,779,-0.0023,-0.1035,-0.01142,0.00228,3,0.0191,-0.9358,0.001456,17.368,0.0028,0.29,0.032754,11.788,0.0018,-0.6088,-0.028029,10.628,7.8426,2.2145,1.5031,1.3552,0.4847,0.70338,1.89976,0.17912,0.9873,0.9833,0.9959,0.5209,3.0251,0.8268,0.0,2.9559,12.3893,4.0955,78,0.0416,-0.1207,59,0.0543,-0.0651,-1.0
128,2330,208991,0.0,8.862396176052236e-10,6.406828476462329e-11,8.862396176052236e-10,0.43386171372705074,11.774719446725236,9.6373637580677,-12.758552904873735,12.378700829662256,-0.09932681043905286,12.758552904873735,0.003357891177947091,12.565481045757497,5.6085150757630045,-1.1163129117325223,1.0281999539608928,-0.01022264843250427,1.1163129117325223,0.05002127226371111,2.398415836332768,0.9135701275804525,0.05,2.395653572128474,0.719789901351282,0.0,0.07886310885389392,0.010400541175478593,1.0,1.0,1.0,0.0,-0.1525238340023188,0,0,0,8.071249955995489e-08,0.5216477088199073,587,0.1697,-0.14061,0.41123142835498677,6,6,0,0.1697,587,0.5216477088199073,0.000484,0.00048351124341916574,256,6.217399451448789e-18,4.1264218569036723e-19,1.8331480746784207e-20,621.4857876913208,289.7828178879899,0.6091702876913465,0.609170287691728,0.609170287691728,0.76146285961466,3.058289045790779e-12,873,0.1059,0.1059,-0.02315,0.088886,779,-0.0191,-0.1477,-0.00553,0.001865,3,0.0195,-0.9019,0.002918,17.333,0.0041,0.1836,0.006518,11.85,0.0027,-0.5902,-0.005721,10.632,7.8449,2.2094,1.5105,1.3553,0.48069,0.70383,1.90359,0.17804,0.9873,0.9832,0.9958,0.521,3.0186,0.8251,0.0,3.3119,12.1282,4.0178,80,0.0704,-0.3489,58,0.0627,-0.5858,-2.0
129,2338,209002,0.0,8.963534312232681e-10,6.457935823909837e-11,8.963534312232681e-10,0.4260496777269779,11.788881839468237,9.63567337000689,-13.543951313543852,12.316077640253596,-0.10588909132468119,13.543951313543852,0.005903092897892192,12.56322857677146,5.579641376807382,-1.1163088610195058,1.02820218228035,-0.01089451293111825,1.1163088610195058,0.05002183847886089,2.398415836792987,0.911516904141368,0.05,2.395653577148287,0.7243238674348814,0.0,0.07886375103210422,0.010374138889605866,1.0,1.0,1.0,0.0,-0.15252470671044618,0,0,0,8.155074764228438e-08,0.5216300151243641,587,0.1701,-0.14102,0.41112636172888045,6,6,0,0.1701,587,0.5216300151243641,-0.002437,-0.002436912678177805,256,9.102741713687314e-18,5.000297372440673e-19,-3.397958752507743e-21,621.4857876407992,289.782817864433,0.6091702876913421,0.609170287691728,0.609170287691728,0.76146285961466,3.0931904031749824e-12,879,0.0917,0.0917,-0.01761,-0.135444,781,-0.0276,-0.1169,-0.02956,0.001802,3,0.0171,-0.9329,0.001886,17.331,0.0048,0.3605,-0.031105,11.673,0.0027,-0.6723,0.026238,10.29,7.7638,2.2323,1.5035,1.3254,0.48199,0.71059,1.90512,0.17785,0.9873,0.9832,0.9958,0.521,3.0116,0.8232,0.0,3.6053,11.9191,3.9577,76,0.0491,-0.7874,59,0.0351,-0.9952,-1.0
130,2343,209008,0.0,9.057348689037023e-10,6.535386526984e-11,9.057348689037023e-10,0.42807975418152333,11.784802418331104,9.636655140843438,-12.586485619872926,12.569392893491372,-0.1293949538591232,12.586485619872926,0.004061689219906017,12.562920319074038,5.6997322379026505,-1.11631012465237,1.0282047393500895,-0.010624309597461483,1.11631012465237,0.05002242281269942,2.398415837512327,0.9102289786787269,0.05,2.39565358474433,0.7236519931889904,0.0,0.07886564928248901,0.010361159333111509,1.0,1.0,1.0,6.38378239159465e-16,-0.15252557946888232,0,0,0,8.233058091070604e-08,0.5214749875719795,589,0.1661,-0.14156,0.41086050922200246,6,6,0,0.1661,589,0.5214749875719795,-0.003759,-0.0037593571728642416,256,9.16419608049488e-18,9.190389522799214e-19,-3.1185412975834366e-20,621.4857876406617,289.7828178643689,0.6091702876913381,0.609170287691728,0.609170287691728,0.76146285961466,3.1255644333185624e-12,880,-0.0081,-0.0081,-0.0738,-0.096786,783,-0.021,-0.067,-0.01803,-0.001001,3,0.0109,-0.9581,-0.0039,17.445,0.004,0.649,-0.00041,11.666,0.0016,-0.8397,0.002962,10.418,7.81,2.2337,1.4937,1.3339,0.48657,0.71037,1.90606,0.17916,0.9874,0.9833,0.9959,0.5211,3.0138,0.8238,0.0,3.5219,12.0285,3.9911,76,0.0358,0.1719,59,0.0381,-0.6216,2.0
131,2349,209015,0.0,9.152054285056409e-10,6.64278563008685e-11,9.152054285056409e-10,0.4302543362834323,11.788670273035141,9.635298051789437,-12.633089572413349,12.638840213540243,-0.12090750309647517,12.638840213540243,0.0046219559585821985,12.566182225166752,5.820494912299124,-1.1163100167330222,1.028207675298118,-0.010580284398963668,1.1163100167330222,0.050023029405707055,2.3984158380374105,0.9087793778967316,0.05,2.395653614815359,0.7304797679174937,0.0,0.07887068771304993,0.01034474889854868,1.0,1.0,1.0,0.0,-0.15252731002485076,0,0,0,8.309728904735354e-08,0.521426196009038,590,0.1639,-0.14193,0.4107457253886808,6,6,0,0.1639,590,0.521426196009038,-0.001702,-0.0017015930211961017,256,5.676675993387396e-18,1.4125122657780476e-18,1.6081688800770024e-19,621.4857876700896,289.7828178780904,0.6091702876913341,0.609170287691728,0.609170287691728,0.76146285961466,3.1582460106059894e-12,885,-0.0157,-0.0157,-0.08075,-0.065018,783,-0.0114,-0.041,-0.01792,0.000881,3,0.0082,-0.9754,-0.000341,17.478,0.0027,0.9214,0.031368,11.87,0.0008,-0.9844,-0.024773,10.762,7.9034,2.2114,1.5018,1.3617,0.49291,0.71476,1.91005,0.1794,0.9874,0.9832,0.9957,0.5219,3.0123,0.8234,0.0,3.7611,11.8751,3.9422,81,0.0568,0.9276,60,0.0056,0.9986,-1.0
132,2356,209024,0.0,9.240296083214776e-10,6.694331521002834e-11,9.240296083214776e-10,0.42184424395360653,11.799946624181493,9.634048593621891,-12.656796945671475,12.312955557436334,-0.13120734472214401,12.656796945671475,0.0016548389169439917,12.559539094693568,5.909002615574132,-1.1163080723268575,1.0282043192553274,-0.01022654739819543,1.1163080723268575,0.0500236492695617,2.3984158381261396,0.906969936442822,0.05,2.3956536259632593,0.7313219195281739,0.0,0.07887132989126024,0.010323183847071373,1.0,1.0,1.0,0.0,-0.15252818955619737,0,0,0,8.371264524776702e-08,0.5214293481473138,590,0.1636,-0.14228,0.41048927553221504,6,6,0,0.1636,590,0.5214293481473138,-0.003056,-0.0030560341383312206,256,7.374637317495877e-18,6.046042343855155e-19,5.517666944981279e-20,621.4857876139223,289.78281785190103,0.6091702876913303,0.609170287691728,0.609170287691728,0.76146285961466,3.1886970220357246e-12,889,-0.0209,-0.0209,-0.08272,-0.024479,786,-0.0126,-0.0413,-0.01111,0.001057,3,0.0069,-0.9738,0.000395,17.459,0.0025,0.8698,0.006775,11.924,0.0006,-0.7349,-0.007054,10.813,7.9156,2.2056,1.5064,1.366,0.49644,0.71035,1.91306,0.17811,0.9874,0.9832,0.9957,0.5216,3.0065,0.8218,0.0,3.9515,11.7389,3.9045,81,0.0774,0.9385,59,0.0443,0.6243,-4.0
133,2362,209032,0.0,9.283809819415205e-10,6.792850949214664e-11,9.283809819415205e-10,0.4220701863585981,11.79663974688398,9.63558891104318,-12.814240085974516,12.51793500556635,-0.12485424840690708,12.814240085974516,0.010271726587857986,12.566185384591918,5.98202485868297,-1.116313388542357,1.0282024486607866,-0.010469559005599247,1.116313388542357,0.050024279747483115,2.3984158388726255,0.9056463889412611,0.05,2.395653624531715,0.7263161942582843,0.0,0.07887574028583051,0.010306083870610288,1.0,1.0,1.0,0.0,-0.15252907282258474,0,0,0,8.378865794609302e-08,0.5203851479373088,592,0.159,-0.14345,0.4098585545844391,6,6,0,0.159,592,0.5203851479373088,-0.002832,-0.002832378739056951,256,9.302992850711325e-18,5.761267783926201e-19,2.151398592554895e-20,621.4857875720808,289.7828178323914,0.6091702876913284,0.609170287691728,0.609170287691728,0.76146285961466,3.2037130044007313e-12,890,-0.024,-0.024,-0.0825,0.043762,789,-0.0083,-0.0306,-0.03021,-0.000755,3,0.0048,-0.9851,0.000597,17.414,0.002,0.5288,-0.018609,11.8,0.0004,-0.3752,0.01334,10.58,7.8486,2.2187,1.5034,1.348,0.50279,0.71262,1.91512,0.17776,0.9874,0.9833,0.9958,0.522,3.0082,0.8222,0.0,3.8247,11.8858,3.9511,78,0.1082,0.6748,60,0.0979,0.4639,0.0
134,2370,209042,0.0,9.338823418689722e-10,6.846254835363499e-11,9.338823418689722e-10,0.4172726259753856,11.803389083433617,9.635144167839906,-12.743547406235063,12.566393095398432,-0.10151105899218114,12.743547406235063,0.0017631645845792576,12.55560253272197,6.023250674124698,-1.1163025527126604,1.0282065937334337,-0.01002498595954474,1.1163025527126604,0.05002492931272433,2.3984158390363377,0.9039331987163135,0.05,2.3956536537310344,0.7246605792424932,0.0,0.07887701050013178,0.010280100327772662,1.0,1.0,1.0,0.0,-0.15252994517966023,0,0,0,8.377222434964343e-08,0.5205110409242765,593,0.1566,-0.14467,0.4089525409180594,7,7,0,0.1566,593,0.5205110409242765,0.000143,0.00014314357469458194,256,1.2202844545641166e-17,8.767398777193107e-19,4.218133842065168e-20,621.4857875308659,289.78281781317395,0.6091702876913261,0.609170287691728,0.609170287691728,0.76146285961466,3.222697428772523e-12,894,-0.0157,-0.0157,-0.07208,0.09741,792,0.0024,-0.026,-0.01526,0.001074,3,0.0025,-0.9396,-0.001033,17.396,0.0008,0.8251,-0.004558,11.777,0.0001,-0.5819,0.000803,10.531,7.8332,2.2209,1.5035,1.3444,0.50762,0.71361,1.91772,0.17855,0.9876,0.9832,0.9956,0.5215,3.0048,0.8213,0.0,3.9749,11.8055,3.9289,77,0.0836,0.7944,60,0.1444,0.7767,-1.0
135,2379,209054,0.0,9.39645560212116e-10,6.893234687823523e-11,9.39645560212116e-10,0.4109596275265437,11.819012338315677,9.633300899711836,-14.137128632687439,12.400934289369967,-0.0934144671917331,14.137128632687439,0.0011935261919982926,12.552851415454214,6.0639635694172265,-1.1163051211623738,1.0282072804210352,-0.009481216242350944,1.1163051211623738,0.050025586229584404,2.3984158391987487,0.9022955453874504,0.05,2.395653656235749,0.722710073352221,0.0,0.07888079285868542,0.010251055234257147,1.0,1.0,1.0,0.0,-0.15253082229354983,0,0,0,8.424106983937519e-08,0.5205041056232682,593,0.1566,-0.14497,0.40866132264443694,6,6,0,0.1566,593,0.5205041056232682,0.00164,0.0016399421622090848,256,1.0585840376788908e-17,6.115689042818938e-19,-3.292106826241147e-20,621.485787505828,289.7828178014994,0.6091702876913234,0.609170287691728,0.609170287691728,0.76146285961466,3.242585489853892e-12,901,-0.0058,-0.0058,-0.06541,0.102155,794,0.0067,-0.0514,-0.01135,0.001977,3,0.0019,-0.1002,-0.000339,17.404,0.0015,0.8988,0.011144,11.865,0.0001,-0.5262,-0.010652,10.651,7.8678,2.212,1.5081,1.3538,0.51247,0.71298,1.92011,0.17939,0.9876,0.9831,0.9954,0.5221,2.9368,0.8191,0.012,4.341,11.5408,3.9297,81,0.0545,0.766,60,0.1262,0.9778,-1.0
136,2389,209067,0.0,9.4634875529864e-10,7.003857356802898e-11,9.4634875529864e-10,0.403876907242839,11.835262122025293,9.631376333050806,-13.351750615765532,11.966110335624478,-0.08213975780866244,13.351750615765532,0.003752313014857608,12.558172372308132,6.056568807512815,-1.1163045089029588,1.0282086150466625,-0.009732218414745954,1.1163045089029588,0.0500262522449786,2.398415839591379,0.8998559997406137,0.05,2.395653668993469,0.7217186350740967,0.0,0.0788833191451426,0.01021886876529565,1.0,1.0,1.0,0.0,-0.1525325508229078,0,0,0,8.429722350604168e-08,0.520483357292246,593,0.156,-0.14455,0.4086662359562056,7,7,0,0.156,593,0.520483357292246,-0.000205,-0.00020528585210799477,256,4.962133978808657e-18,3.9012447994991693e-19,-4.6469262769383753e-20,621.4857874616366,289.7828177808941,0.6091702876913208,0.609170287691728,0.609170287691728,0.76146285961466,3.265717279394315e-12,908,-0.001,-0.001,-0.06602,0.139559,797,-0.0022,-0.0806,-0.00616,0.001932,3,0.002,0.3099,0.000497,17.389,0.0029,0.7994,0.000292,11.885,0.0002,-0.3236,-0.002143,10.634,7.8649,2.211,1.5111,1.3521,0.51468,0.7164,1.92593,0.17899,0.9877,0.983,0.9953,0.5228,2.8689,0.8368,0.012,4.8072,11.2034,3.9051,81,0.0526,0.1346,60,0.0917,0.9625,-1.0
137,2393,209072,0.0,9.493912519518147e-10,7.051821246222575e-11,9.493912519518147e-10,0.39905212358764475,11.835323883196436,9.632498380613889,-12.93843435911667,11.902776060275555,-0.0855496652668851,12.93843435911667,0.003891333656798617,12.566227982233848,6.025539859977006,-1.1163075894741226,1.028209849585109,-0.01020078062786554,1.1163075894741226,0.0500269379066025,2.3984158403342524,0.8991238075806032,0.05,2.395653656472993,0.7251174386875516,0.0,0.07888772953971288,0.010212259251705179,1.0,1.0,1.0,0.0,-0.1525342785818424,0,0,0,8.374060000550986e-08,0.5203925316265327,594,0.1524,-0.14487,0.4084944218501031,7,7,0,0.1524,594,0.5203925316265327,2.1e-05,2.0597176194181444e-05,256,6.761766548200086e-18,5.110309295122183e-19,-7.728711242310228e-20,621.4857874503657,289.78281777563876,0.6091702876913194,0.609170287691728,0.609170287691728,0.76146285961466,3.2762165101412973e-12,908,0.0026,0.0026,-0.06472,0.007974,800,-0.0158,-0.0683,-0.02473,-0.00061,3,0.0018,0.6249,0.000155,17.382,0.0035,0.866,-0.00839,11.829,0.0003,0.1508,0.006718,10.541,7.8399,2.2171,1.5088,1.3445,0.51334,0.72516,1.92566,0.17865,0.9877,0.983,0.9952,0.5224,2.9286,0.8168,0.012,4.7301,11.2893,3.8548,78,0.0555,-0.6203,60,0.0295,0.5935,0.0
138,2404,209086,0.0,9.533374380386213e-10,7.00649177372166e-11,9.533374380386213e-10,0.39201672674543,11.841383170624026,9.633289922875484,-12.901667454523102,12.304332616788994,-0.09159525126864808,12.901667454523102,0.003920413010506221,12.544079987504505,5.968471445379777,-1.1163060989320963,1.02821442826872,-0.009840687673840264,1.1163060989320963,0.050027644573635684,2.3984158405496556,0.8977143177220293,0.05,2.395653664963899,0.7187480443246308,0.0,0.07888899975401414,0.010176365466387987,1.0,1.0,1.0,0.0,-0.15253601041258197,0,0,0,8.305153456002711e-08,0.5200601533897073,596,0.147,-0.14534,0.40843104522459256,9,9,0,0.147,596,0.5200601533897073,-0.000593,-0.0005930575992185716,256,1.3887465255950355e-17,9.12026649637131e-19,-1.2167704988606143e-19,621.4857874333859,289.78281776772155,0.6091702876913176,0.609170287691728,0.609170287691728,0.76146285961466,3.289834246841988e-12,912,0.0069,0.0069,-0.05963,0.01735,805,-0.0171,-0.0552,-0.01972,0.000246,3,0.0023,0.809,-5e-05,17.377,0.0027,0.9901,0.011755,11.908,0.0003,0.7183,-0.010237,10.659,7.8694,2.2081,1.5132,1.3544,0.51028,0.72418,1.92955,0.1791,0.9878,0.983,0.9952,0.5216,2.9256,0.816,0.0119,4.785,11.2978,3.8617,81,0.0387,-0.9662,60,0.0529,-0.8036,-1.0
139,2412,209095,0.0,9.544234624608195e-10,6.958801860093863e-11,9.544234624608195e-10,0.40315685298855036,11.83032504278613,9.635598209012628,-12.786314501764346,12.109705122174251,-0.10058945892673933,12.786314501764346,0.003922527474755009,12.545870257655459,5.8581895790703795,-1.1163042752717034,1.0282172357077275,-0.009882292913487013,1.1163042752717034,0.050028368866875825,2.3984158406920955,0.8958310288633107,0.05,2.39565369620663,0.7185110318684207,0.0,0.07889152604047132,0.010153652268254564,1.0,1.0,1.0,0.0,-0.15253773976868656,0,0,0,8.236524079190248e-08,0.5188982879805895,600,0.1375,-0.14715,0.4082728520291266,11,11,0,0.1375,600,0.5188982879805895,-0.001402,-0.0014017023219865532,256,1.4658658407728145e-17,1.1250669921984755e-18,-1.8452415100232784e-19,621.4857874318152,289.7828177669892,0.6091702876913172,0.609170287691728,0.609170287691728,0.76146285961466,3.2935819653332924e-12,915,0.0029,0.0029,-0.05538,-0.034435,806,-0.0125,-0.0693,-0.02053,-0.00055,3,0.001,0.8297,0.000171,17.386,0.0018,0.9685,0.020624,12.036,0.0001,0.9426,-0.014765,10.886,7.9278,2.1931,1.5182,1.3731,0.50766,0.71845,1.93371,0.17946,0.9879,0.9831,0.9951,0.5211,2.9317,0.8177,0.012,4.6156,11.5143,3.9275,84,0.0344,-0.1728,61,0.0584,-0.9995,2.0
140,2415,209098,0.0,9.541906434892905e-10,6.874012906340876e-11,9.541906434892905e-10,0.4032804423449647,11.83553051348361,9.634435545559946,-12.665379880129468,12.529964999721424,-0.10354782224571943,12.665379880129468,0.0029760339621418552,12.5526740028872,5.7586314801015135,-1.1163041713598258,1.028221159982471,-0.00984675407078188,1.1163041713598258,0.050029107915485926,2.398415841038452,0.8951070506435229,0.05,2.39565370306253,0.716892238226366,0.0,0.07889656447103224,0.010151823032933188,1.0,1.0,1.0,0.0,-0.15253946774550917,0,0,0,8.232696278042565e-08,0.5188668227455393,600,0.1359,-0.14747,0.4081614637383746,10,10,0,0.1359,600,0.5188668227455393,-0.001529,-0.001529371479105368,256,8.8237425751402e-18,7.513934376893177e-19,-6.131756478725195e-20,621.485787431866,289.78281776701283,0.6091702876913172,0.609170287691728,0.609170287691728,0.76146285961466,3.2927785396043245e-12,918,-0.0051,-0.0051,-0.05375,-0.026408,806,-0.0044,-0.0461,-0.01202,0.000474,3,0.0012,-0.1588,-0.000276,17.388,0.0006,0.6046,0.004475,12.075,0.0,0.6904,-0.004418,10.938,7.9428,2.1891,1.5202,1.3771,0.50665,0.71772,1.93556,0.1793,0.9879,0.983,0.995,0.5213,2.9294,0.817,0.012,4.8424,11.3455,3.873,84,0.0469,0.9111,61,0.033,-0.7349,-1.0
141,2421,209105,0.0,9.574327423399383e-10,6.782341059952888e-11,9.574327423399383e-10,0.4070158043861923,11.834380566238723,9.628825611423421,-12.656545806900027,12.355505030694221,-0.10440324235795581,12.656545806900027,0.0039001259935074377,12.533655323503682,5.747293788900337,-1.1163070708303855,1.0282265693801218,-0.009619649189358755,1.1163070708303855,0.050029861318090334,2.398415841109607,0.8929815645045417,0.05,2.395653717858485,0.7187375037024585,0.0,0.07890223093755407,0.010138534037153459,1.0,1.0,1.0,2.2644195468014703e-15,-0.15254204140662253,0,0,0,8.229347387030386e-08,0.5189276148377403,601,0.1326,-0.14758,0.40805083618334764,10,10,0,0.1326,601,0.5189276148377403,-0.003836,-0.0038356157250876155,256,3.419830886764258e-17,9.924797445565957e-19,1.5325443329028185e-19,621.4857874243208,289.78281776349473,0.6091702876913159,0.609170287691728,0.609170287691728,0.76146285961466,3.3039665696167802e-12,921,-0.0113,-0.0113,-0.04949,0.01076,806,0.0002,-0.0055,-0.02699,-0.000256,3,0.0024,-0.2397,-0.001014,17.415,0.0004,-0.9672,-0.026165,11.903,0.0,-0.0148,0.020917,10.689,7.8827,2.2093,1.51,1.356,0.50779,0.71636,1.93856,0.17824,0.9877,0.9828,0.995,0.5221,2.8705,0.8771,0.012,4.9123,11.3225,3.9444,83,0.0148,0.815,62,0.0033,0.3926,-2.0
142,2428,209115,0.0,9.630804621596136e-10,6.862205913231647e-11,9.630804621596136e-10,0.4089959684254114,11.832996874413709,9.629741648040506,-12.61323651963442,12.68331611391133,-0.08754808285880805,12.68331611391133,0.0036339258181519174,12.565777807165924,5.673839644976686,-1.1163085098211867,1.0282329118698506,-0.009636797944637891,1.1163085098211867,0.050030639996990534,2.3984158411126746,0.8913841924091378,0.05,2.3956537008625416,0.7187965075801425,0.0,0.07890350115185533,0.010121518979107397,1.0,1.0,1.0,0.0,-0.15254377289912993,0,0,0,8.190456530101431e-08,0.5182611836880746,603,0.1274,-0.14796,0.4079141808113355,10,10,0,0.1274,603,0.5182611836880746,-0.004234,-0.004233787608081574,256,6.546407944135692e-17,1.9707643053250795e-18,4.1681598399455396e-19,621.4857874194621,289.78281776122924,0.6091702876913135,0.609170287691728,0.609170287691728,0.76146285961466,3.323456061336106e-12,924,-0.0068,-0.0068,-0.0476,0.000793,808,-0.0036,-0.0209,-0.01777,0.000324,3,0.0016,-0.1278,0.000425,17.389,0.0011,-0.8693,-0.01432,11.811,0.0001,-0.3791,0.010507,10.516,7.8348,2.2194,1.5075,1.3422,0.50891,0.7179,1.94059,0.17788,0.9878,0.9828,0.995,0.5222,2.8715,0.8774,0.012,4.9311,11.3597,3.956,79,0.0317,-0.9967,62,0.0898,0.2157,-1.0
143,2433,209121,0.0,9.657611284964601e-10,6.890019865012586e-11,9.657611284964601e-10,0.4041828006468681,11.84074848866945,9.629013991806032,-12.671803275871572,12.153369194586977,-0.0813527871314608,12.671803275871572,0.00383732448196557,12.559142204089694,5.689652500515801,-1.1163089559842918,1.0282350499479862,-0.009825698525143667,1.1163089559842918,0.05003144276607064,2.398415841250878,0.8903429243068492,0.05,2.395653720891592,0.7202775921397155,0.0,0.07890602743831251,0.010111368834096711,1.0,1.0,1.0,0.0,-0.15254550358123373,0,0,0,8.146111534547698e-08,0.5182279860362132,603,0.1257,-0.14834,0.4077404432726184,8,8,0,0.1257,603,0.5182279860362132,-0.00252,-0.0025200290291098604,256,7.287987304685105e-17,1.560518573455157e-18,3.9416468440609874e-19,621.485787413114,289.7828177582693,0.6091702876913123,0.609170287691728,0.609170287691728,0.76146285961466,3.332706666211237e-12,927,-0.005,-0.005,-0.05037,0.014848,810,-0.0041,-0.074,-0.0179,0.001232,3,0.0012,-0.0898,-0.000238,17.375,0.0011,-0.2793,-0.001532,11.808,0.0001,-0.9313,-0.000474,10.491,7.8272,2.2198,1.5086,1.3404,0.50897,0.71839,1.94199,0.17954,0.9877,0.9829,0.995,0.5224,2.8678,0.8763,0.0119,5.0529,11.2788,3.9329,79,0.0524,-0.3471,62,0.1085,0.9997,0.0
144,2443,209133,0.0,9.67646553158915e-10,6.964218139118465e-11,9.67646553158915e-10,0.4039154820175591,11.844743841543151,9.629733899024114,-12.758557346416094,12.551710561625644,-0.08575874107848401,12.758557346416094,0.003861514724387934,12.563643319402667,5.660424930472653,-1.1163089999111977,1.028236943670179,-0.009747119615070772,1.1163089999111977,0.05003226893227,2.398415841452417,0.8879238069829749,0.05,2.3956537290488646,0.7283160302091859,0.0,0.07892425461208785,0.010081344577634878,1.0,1.0,1.0,0.0,-0.15254723071322748,0,0,0,8.118742952302002e-08,0.517393160452303,605,0.1204,-0.14843,0.4078146314162144,9,9,0,0.1204,605,0.517393160452303,-0.001277,-0.0012768947463397406,256,2.7454035882255e-17,5.415299295948737e-19,1.1447414892372864e-19,621.4857874041795,289.78281775410335,0.6091702876913114,0.609170287691728,0.609170287691728,0.76146285961466,3.339213003236156e-12,932,-0.0049,-0.0049,-0.04833,-0.055354,813,-0.0044,-0.1014,-0.00824,0.000452,3,0.0006,-0.7588,0.001141,17.361,0.0014,0.5816,0.005848,11.848,0.0001,-0.9712,-0.004616,10.527,7.8358,2.2156,1.5121,1.3434,0.50971,0.72142,1.94753,0.17961,0.9878,0.9829,0.995,0.5227,2.8065,0.8957,0.0119,5.1268,11.2791,4.0189,80,0.0427,-0.7702,62,0.0818,0.9054,-0.0
145,2445,209135,0.0,9.695717191410108e-10,6.920828406630193e-11,9.695717191410108e-10,0.4014072129032731,11.847937773316705,9.62952850812001,-13.543955791278576,12.358348371171529,-0.10209469814134235,13.543955791278576,0.0038707959167623455,12.563225573913574,5.679724891777877,-1.1163067890234564,1.0282375826304566,-0.009853699632084231,1.1163067890234564,0.050033125749270525,2.3984158416491166,0.8873688250703645,0.05,2.3956537054143343,0.7250951305157183,0.0,0.07892929304264877,0.010084154991268357,1.0,1.0,1.0,4.440892098500626e-16,-0.15254896398978326,0,0,0,8.089417218124856e-08,0.5173074450407852,605,0.1189,-0.14816,0.4078879572886308,9,9,0,0.1189,605,0.5173074450407852,-0.001887,-0.0018873757586068685,256,1.439815724290698e-17,5.567226755196754e-19,1.13279905765254e-19,621.485787406655,289.7828177552576,0.6091702876913105,0.609170287691728,0.609170287691728,0.76146285961466,3.345856481939118e-12,933,-0.009,-0.009,-0.04442,0.041135,814,-0.0093,-0.0859,-0.01484,3.3e-05,3,0.0011,-0.861,0.000405,17.369,0.0015,0.8074,-0.004949,11.819,0.0001,-0.9952,0.00484,10.477,7.8254,2.2195,1.5104,1.3388,0.50691,0.72015,1.94716,0.17917,0.9878,0.9829,0.995,0.5231,2.805,0.8952,0.0119,5.1837,11.24,4.0071,79,0.0921,-0.9927,62,0.0133,0.5075,0.0
146,2449,209140,0.0,9.711637751326282e-10,6.756377626964077e-11,9.711637751326282e-10,0.3963175533766329,11.854656805707215,9.629188950282906,-12.784030921268773,12.576247580059771,-0.1256609020394345,12.784030921268773,0.00387268817958155,12.562064212662442,5.7966610990905885,-1.1163037610107567,1.0282400053509189,-0.009716944853549516,1.1163037610107567,0.05003401230443015,2.3984158417156625,0.8865295814469045,0.05,2.395653735358036,0.7232671142163151,0.0,0.07893119129303357,0.010080281205056012,1.0,1.0,1.0,0.0,-0.15255069663377524,0,0,0,8.048589169546934e-08,0.5172424214894646,605,0.1172,-0.14799,0.40785023073097526,8,8,0,0.1172,605,0.5172424214894646,0.000208,0.0002076080498163435,256,4.289038710621511e-17,1.305267954781596e-18,4.406748392918021e-19,621.4857874010121,289.78281775262644,0.60917028769131,0.609170287691728,0.609170287691728,0.76146285961466,3.3513504446687508e-12,935,-0.0178,-0.0178,-0.04168,0.010654,816,-0.0046,-0.0275,-0.01508,0.000311,3,0.0023,-0.7059,-0.000522,17.396,0.0007,0.9977,0.003965,11.849,0.0001,-0.6561,-0.002574,10.543,7.8471,2.2169,1.51,1.3436,0.50489,0.71784,1.94826,0.17833,0.9878,0.9829,0.995,0.5235,2.8019,0.8942,0.0119,5.2802,11.1745,3.9882,81,0.0841,-0.3259,63,0.0505,-0.0677,0.0
147,2452,209143,0.0,9.718143757629448e-10,6.619753208714552e-11,9.718143757629448e-10,0.39993973170907615,11.847026784388877,9.631160146144683,-12.855596730168223,13.64914415173249,-0.13673233597759776,13.64914415173249,0.0038723537956234302,12.549857362822108,5.942874577027936,-1.116305856409581,1.0282455839589517,-0.00998155223637838,1.116305856409581,0.050034920153457056,2.3984158418449955,0.8858043246595462,0.05,2.39565375247611,0.7204562122701821,0.0,0.07893371757949075,0.010082386730369982,1.0,1.0,1.0,0.0,-0.15255243084639428,0,0,0,7.996849656704212e-08,0.517316039118807,607,0.1117,-0.14752,0.4077454212114767,10,10,0,0.1117,607,0.517316039118807,0.000512,0.0005119421767973975,256,6.685603418070716e-17,1.4554362681528558e-18,3.3743000805681204e-19,621.4857873999088,289.782817752112,0.6091702876913097,0.609170287691728,0.609170287691728,0.76146285961466,3.3535955765129623e-12,935,-0.0229,-0.0229,-0.0404,-0.025462,817,-0.0068,-0.0415,-0.01858,-0.000299,3,0.0034,-0.4915,-0.001048,17.4,0.0009,0.6853,0.004392,11.867,0.0002,0.2974,-0.003671,10.606,7.8604,2.2137,1.5097,1.3493,0.50283,0.7239,1.9486,0.1792,0.9878,0.9829,0.9951,0.5237,2.8655,0.8756,0.0119,5.1339,11.3225,3.9513,81,0.1022,0.2598,63,0.1308,-0.1613,1.0
148,2457,209149,0.0,9.720284522611955e-10,6.534642365598235e-11,9.720284522611955e-10,0.4020792166566471,11.855407085335163,9.629503337435168,-12.855784220042581,12.86374538720382,-0.12808869332359152,12.86374538720382,0.0038714056664524888,12.551065712846926,5.993686381549476,-1.1163065067378963,1.0282508891686069,-0.009892354392661243,1.1163065067378963,0.05003586541274542,2.398415842679439,0.8844713583524836,0.05,2.395653756000039,0.724624932233719,0.0,0.07893875601005167,0.010076110904223244,1.0,1.0,1.0,0.0,-0.15255416269014346,0,0,0,7.906580606936947e-08,0.5172876069989086,607,0.1096,-0.14691,0.40743856527248956,10,10,0,0.1096,607,0.5172876069989086,-0.002426,-0.0024258112489565775,256,5.282713912562034e-17,8.610013859387764e-19,2.7332039726472294e-19,621.4857873968315,289.78281775067717,0.6091702876913097,0.609170287691728,0.609170287691728,0.76146285961466,3.3543343246027364e-12,940,-0.0235,-0.0235,-0.03246,-0.025882,817,-0.0109,-0.0598,-0.0175,0.001207,3,0.0037,-0.6167,-0.000406,17.361,0.0012,0.5776,-0.009005,11.823,0.0004,0.2864,0.003078,10.485,7.8253,2.2185,1.5109,1.3399,0.50226,0.71886,1.95083,0.17973,0.9878,0.9829,0.995,0.5238,2.8017,0.8942,0.0119,5.4076,11.1208,3.9693,79,0.0838,0.7736,62,0.1431,0.2164,1.0
149,2467,209163,0.0,9.689419838864995e-10,6.470968947225868e-11,9.689419838864995e-10,0.4051408154122371,11.858080869764992,9.626386580281373,-12.856105688154367,12.670938753127638,-0.12151212527992575,12.856105688154367,0.003288004659527388,12.559607905757,6.034251408180228,-1.116305294638342,1.028254984327382,-0.009782447659636814,1.116305294638342,0.05003683705076092,2.3984158432647407,0.8824585121322928,0.05,2.395653758241148,0.7216634285978143,0.0,0.07894505051250096,0.010048504162533762,1.0,1.0,1.0,0.0,-0.1525558920459495,0,0,0,7.781882068992858e-08,0.5168201112862331,609,0.1033,-0.14666,0.40703026311257107,10,10,0,0.1033,609,0.5168201112862331,0.000758,0.0007579338229390942,256,8.102656844409454e-18,7.27721375695414e-19,-1.248204962943932e-20,621.4857873922427,289.7828177485375,0.609170287691311,0.609170287691728,0.609170287691728,0.76146285961466,3.3436833536738896e-12,945,-0.0234,-0.0234,-0.03016,0.170429,819,-0.0022,-0.0234,-0.02855,5.5e-05,3,0.0037,-0.7299,0.000832,17.333,0.0008,0.8076,-0.002041,11.817,0.0003,-0.1864,0.000366,10.433,7.8096,2.2194,1.5131,1.3359,0.50061,0.71924,1.95511,0.17883,0.9873,0.9831,0.9957,0.5237,2.8603,0.8938,0.0119,5.4737,11.1234,3.8889,80,0.0726,0.994,63,0.1045,0.7723,-1.0
150,2474,209172,0.0,9.61923649961689e-10,6.408952941145685e-11,9.61923649961689e-10,0.41275218351877146,11.844731255782627,9.629325797455374,-12.866968229490505,12.63917013787612,-0.1160657422661321,12.866968229490505,0.0038726185968563642,12.557420847911605,6.030087809869513,-1.1163060414662878,1.028255970524528,-0.009737807845973605,1.1163060414662878,0.05003783165095793,2.3984158434640404,0.8810312451817873,0.05,2.3956537609711193,0.712982615678736,0.0,0.07894569269071126,0.010031412588590548,1.0,1.0,1.0,6.16212847776912e-15,-0.1525567712840915,0,0,0,7.6269613313662e-08,0.5169334386685551,613,0.0933,-0.14645,0.40669391501592295,9,9,0,0.0933,613,0.5169334386685551,0.001021,0.0010205328485553,256,1.5002845121786155e-17,1.2759627335093099e-18,1.673325960463862e-20,621.4857873912787,289.782817748088,0.6091702876913139,0.609170287691728,0.609170287691728,0.76146285961466,3.319464064283831e-12,946,-0.0245,-0.0245,-0.02879,0.036131,821,0.0031,-0.024,-0.02054,-0.001005,3,0.0033,-0.8572,0.001043,17.339,0.0004,0.9678,0.006025,11.84,0.0001,-0.7,-0.001929,10.49,7.8236,2.2163,1.5134,1.3408,0.4998,0.71851,1.95924,0.17891,0.9874,0.9831,0.9957,0.5238,2.8672,0.896,0.0119,5.3334,11.3163,3.9468,80,0.0949,0.8574,62,0.1569,0.9998,-2.0
151,2483,209183,0.0,9.54797736349637e-10,6.333547595850776e-11,9.54797736349637e-10,0.40659604038043706,11.85935402553286,9.62815992796242,-14.137166058156406,12.611967603456689,-0.08875512330628686,14.137166058156406,0.0038727956063298228,12.550994111228427,6.0287617405317135,-1.1163048173803969,1.0282577712597627,-0.009311948026244885,1.1163048173803969,0.05003884888628254,2.3984158435621112,0.8794398945008037,0.05,2.3956537626773935,0.7132125676052635,0.0,0.07894633486892157,0.010006162156607582,1.0,1.0,1.0,0.0,-0.1525576402167011,0,0,0,7.493023738193639e-08,0.516920642587001,613,0.0905,-0.14562,0.40630715363089437,9,9,0,0.0905,613,0.516920642587001,-0.0022,-0.002199667970284258,256,1.4503082234035137e-17,1.5286595347229595e-18,1.3862017173311585e-19,621.4857873894713,289.7828177472453,0.609170287691317,0.609170287691728,0.609170287691728,0.76146285961466,3.29487353243432e-12,952,-0.0309,-0.0309,-0.02628,-0.030974,824,0.0001,-0.0768,-0.02055,0.002394,3,0.004,-0.9845,0.000929,17.356,0.0003,0.3998,0.003673,11.876,0.0001,-0.5544,-0.001957,10.527,7.8392,2.214,1.5149,1.3429,0.49625,0.71416,1.96172,0.17946,0.9874,0.983,0.9955,0.5248,2.8602,0.8938,0.0119,5.5332,11.1827,3.9098,82,0.1041,0.6566,64,0.2076,0.2918,-3.0
152,2488,209189,0.0,9.465491910000435e-10,6.218001775245189e-11,9.465491910000435e-10,0.39914992715302816,11.866826745763866,9.628161368142504,-13.351776893236812,12.10386913832411,-0.08274512022334628,13.351776893236812,0.003873033931101499,12.548583623678383,6.004094865558374,-1.1163059742490276,1.0282585543121734,-0.009101520725714036,1.1163059742490276,0.05003990167947787,2.3984158437056657,0.8785569265604003,0.05,2.3956537637763025,0.7231773231749519,0.0,0.07894760508322284,0.009997350151252592,1.0,1.0,1.0,0.0,-0.15255851313322094,0,0,0,7.323976001518035e-08,0.5169102282262311,613,0.0873,-0.14517,0.4060321500123871,9,9,0,0.0873,613,0.5169102282262311,-0.003521,-0.003521355402582582,256,8.83378218509991e-18,9.601744276949741e-19,-6.691770346214066e-21,621.4857873886269,289.7828177468516,0.6091702876913205,0.609170287691728,0.609170287691728,0.76146285961466,3.2664089553678426e-12,954,-0.0392,-0.0392,-0.03228,-0.09986,827,-0.009,-0.1209,-0.01455,0.000215,3,0.0047,-0.9993,-0.000702,17.394,0.0008,-0.2071,0.006178,11.92,0.0005,0.1701,-0.003816,10.628,7.8712,2.2099,1.5144,1.3502,0.49454,0.72143,1.96419,0.1801,0.9875,0.983,0.9954,0.5249,2.8568,0.8927,0.0119,5.5861,11.1561,3.9051,84,0.0502,-0.4239,63,0.1496,-0.4905,-4.0
153,2497,209201,0.0,9.44266211122994e-10,6.082521845086017e-11,9.44266211122994e-10,0.38360015844643874,11.88018627307507,9.628312044597182,-12.856724447432045,12.033380835325053,-0.07517940047912781,12.856724447432045,0.003874031328890648,12.560090021493718,5.96741366405503,-1.1163051635159857,1.0282597322775706,-0.008766690960996647,1.1163051635159857,0.05004099226601282,2.398415843754535,0.8767012580357716,0.05,2.3956537752654143,0.7193811104544048,0.0,0.07895013136968002,0.009973582941000347,1.0,1.0,1.0,0.0,-0.15255938772049069,0,0,0,7.146173650458313e-08,0.5168996104731336,613,0.0837,-0.14524,0.4060068496036604,9,9,0,0.0837,613,0.5168996104731336,-0.004438,-0.004438256107244021,256,3.889562841329938e-18,6.696227664286859e-19,-6.720186798481441e-21,621.4857873863772,289.78281774580256,0.6091702876913215,0.609170287691728,0.609170287691728,0.76146285961466,3.2585307109247043e-12,957,-0.0383,-0.0383,-0.02366,-0.020477,833,-0.0088,-0.0917,-0.00808,0.00025,3,0.005,-0.9991,0.000853,17.385,0.0007,0.2945,0.011957,12.006,0.0005,-0.3338,-0.009837,10.736,7.8997,2.2007,1.5198,1.3591,0.4897,0.72521,1.96892,0.17886,0.9875,0.9831,0.9955,0.5246,2.8508,0.8909,0.0119,5.6421,11.1391,3.9074,84,0.0517,-0.9977,62,0.1019,-0.383,-4.0
154,2502,209207,0.0,9.349369847086165e-10,5.984223731575711e-11,9.349369847086165e-10,0.3835645443029286,11.888005380667295,9.626906326830326,-12.8570537184569,12.44802678696623,-0.08125974239942045,12.8570537184569,0.0038771232853220864,12.55554664987365,5.868612968313581,-1.1163144070736426,1.0282575413900217,-0.008932564342135069,1.1163144070736426,0.0500421022439413,2.398415843849603,0.8755961368035251,0.05,2.3956537848835473,0.7149057333139764,0.0,0.07895077354789032,0.009966324639564752,1.0,1.0,1.0,0.0,-0.15256026440676868,0,0,0,6.951217056206342e-08,0.5168862474208618,613,0.0797,-0.14464,0.4060569732199475,9,9,0,0.0797,613,0.5168862474208618,-0.004416,-0.004415829155525852,256,1.0986237267382279e-17,1.039090700039004e-18,9.735950020896835e-20,621.485787385291,289.78281774529614,0.6091702876913255,0.609170287691728,0.609170287691728,0.76146285961466,3.2263368545555966e-12,961,-0.0438,-0.0438,-0.02878,0.015102,834,-0.0033,-0.0512,-0.00143,0.001395,3,0.0051,-0.9979,-0.001295,17.383,0.0005,0.9001,-0.003527,11.991,0.0004,-0.9267,0.000361,10.711,7.8929,2.2024,1.5192,1.3571,0.48816,0.7268,1.9689,0.1788,0.9875,0.983,0.9955,0.5248,2.8469,0.8897,0.0119,5.804,11.0187,3.8704,84,0.1162,-0.3299,62,0.1194,-0.0539,0.0
155,2507,209213,0.0,9.264288521765012e-10,5.868738435003039e-11,9.264288521765012e-10,0.3762165366663709,11.895115240831664,9.626606336715238,-12.85717302772519,12.328779353175626,-0.08541917132472357,12.85717302772519,0.003879095722712821,12.564869139260905,5.791501548485757,-1.1163212954865886,1.0282543758135818,-0.008723553951474035,1.1163212954865886,0.050043249989703505,2.39841584394414,0.8745534428702233,0.05,2.3956537911913367,0.7119281631595201,0.0,0.07895267179827511,0.009958714425474509,1.0,1.0,1.0,0.0,-0.15256113734438964,0,0,0,6.808754565178178e-08,0.5169033195746054,613,0.076,-0.14347,0.4062285316148359,9,9,0,0.076,613,0.5169033195746054,-0.002695,-0.0026952775172959242,256,1.2861761064323114e-17,1.1744370468776985e-18,-1.0089263563885718e-19,621.4857873836936,289.7828177445513,0.6091702876913292,0.609170287691728,0.609170287691728,0.76146285961466,3.1969764784093052e-12,963,-0.016,-0.016,0.00904,0.013233,837,-0.0083,-0.0538,-0.00745,0.0017,3,0.0058,-0.9994,0.000804,17.396,0.0008,0.527,-0.007438,11.945,0.0008,-0.4981,0.007433,10.631,7.8764,2.2086,1.5166,1.3498,0.48162,0.73202,1.97105,0.17956,0.9875,0.9831,0.9955,0.5249,2.8436,0.8886,0.0118,5.8649,10.9861,3.8634,84,0.144,0.4403,63,0.1672,0.4906,-0.0
156,2508,209214,0.0,9.196168063698055e-10,5.778876405444776e-11,9.196168063698055e-10,0.3770038345395111,11.89660509389361,9.626194810408055,-12.857367210910107,13.041521236373292,-0.0828383986787007,13.041521236373292,0.0006946132587833942,12.5395152987621,5.733180425731036,-1.116321538170624,1.0282567842037404,-0.008663991438392476,1.116321538170624,0.05004441871084546,2.3984158441286834,0.8744275950024555,0.05,2.395653799020317,0.7166190174338662,0.0,0.07895708219284539,0.009968197918811492,1.0,1.0,1.0,4.5258034274126415e-14,-0.15256201033881195,0,0,0,6.705382420831418e-08,0.5169240430014996,613,0.0728,-0.14207,0.4064892228123687,10,10,0,0.0728,613,0.5169240430014996,-0.000635,-0.0006347975596801003,256,9.739704783920644e-18,5.198477667624084e-19,-5.199826212072711e-22,621.4857873838333,289.78281774461647,0.6091702876913322,0.609170287691728,0.609170287691728,0.76146285961466,3.1734690604749977e-12,964,0.0378,0.0378,0.05378,-0.204373,837,-0.0091,-0.0513,-0.00914,-0.000221,3,0.0062,-0.9867,0.00145,17.406,0.0007,0.4394,-0.006156,11.911,0.0008,-0.2878,0.006947,10.557,7.8618,2.214,1.515,1.3428,0.47852,0.73183,1.9714,0.18025,0.9875,0.983,0.9955,0.5251,2.8429,0.8884,0.0118,5.9226,10.9437,3.8495,82,0.086,0.8174,64,0.1429,0.5757,3.0
157,2516,209225,0.0,9.148508475855631e-10,5.7454076547775985e-11,9.148508475855631e-10,0.3688938081127149,11.908449071390946,9.624838758635542,-12.857630415618338,12.429948930861036,-0.06795354291992439,12.857630415618338,0.0038891817633045643,12.540424584376508,5.667117249559053,-1.1163202001407893,1.028259902791533,-0.008375669555306524,1.1163202001407893,0.05004560418401538,2.3984158442207497,0.873522657492164,0.05,2.3956538021597256,0.7183007513111033,0.0,0.07896086455139903,0.009949616568890624,1.0,1.0,1.0,0.0,-0.15256288335979856,0,0,0,6.596951847010846e-08,0.5169386935427938,613,0.0702,-0.14034,0.4067845496092091,10,10,0,0.0702,613,0.5169386935427938,0.000137,0.00013710121365195782,256,1.2235296381420013e-17,1.0327031653185966e-18,-2.375904409308847e-20,621.485787382115,289.7828177438152,0.6091702876913342,0.609170287691728,0.609170287691728,0.76146285961466,3.1570224028753295e-12,968,0.0892,0.0892,0.00572,-0.077871,841,0.0021,-0.0111,-0.01395,-0.000559,3,0.0063,-0.9975,0.00015,17.387,0.0002,0.8554,-0.023995,11.781,0.0002,-0.8897,0.017042,10.291,7.7961,2.2302,1.5112,1.3201,0.47887,0.73212,1.97262,0.17915,0.9875,0.983,0.9954,0.5254,2.7781,0.9063,0.0118,6.046,10.8694,3.9125,78,0.0715,0.0382,61,0.1761,-0.6447,2.0
158,2519,209228,0.0,9.107832699024516e-10,5.7314626827708834e-11,9.107832699024516e-10,0.37308940502966437,11.907177490760958,9.624812366681416,-13.010811416899065,12.446549111797706,-0.06982704248080478,13.010811416899065,0.0007199121134071618,12.5577545059512,5.623491851757323,-1.1163123898280707,1.0282591958929443,-0.0083925087690327,1.1163123898280707,0.050046815359132434,2.398415844267667,0.8729817920389119,0.05,2.395653811898122,0.7142951687946225,0.0,0.07896401887391373,0.009949135296623482,1.0,1.0,1.0,0.0,-0.15256375708230502,0,0,0,6.498348462971845e-08,0.5168781633400521,614,0.0661,-0.13894,0.4070110053454002,11,11,0,0.0661,614,0.5168781633400521,0.003033,0.003032684667510166,256,1.7794649696723173e-17,1.2900018450417163e-18,-1.209111928216561e-19,621.48578738085,289.7828177432254,0.6091702876913359,0.609170287691728,0.609170287691728,0.76146285961466,3.142985760837934e-12,970,0.0725,0.0725,0.03511,0.040157,841,0.005,-0.0065,-0.01187,0.000716,3,0.0053,-0.999,0.000112,17.358,0.0007,0.133,-0.008512,11.732,0.0009,-0.0881,0.005309,10.183,7.7647,2.2354,1.5109,1.3114,0.48234,0.73494,1.97435,0.17941,0.9876,0.9829,0.9952,0.5252,2.7787,0.9065,0.0118,6.0558,10.885,3.9173,75,0.0442,0.3698,58,0.0661,-0.9987,-3.0
159,2527,209239,0.0,9.063378539427665e-10,5.6913715421075586e-11,9.063378539427665e-10,0.37290800666022555,11.906717024492485,9.625401492896575,-12.85886975296828,12.000582074590573,-0.05487878745641546,12.85886975296828,0.0029598761417571114,12.559142280983076,5.58512749413319,-1.1163178614795217,1.0282621316803033,-0.008425559474236904,1.1163178614795217,0.05004806795608932,2.398415844403765,0.8715230071589944,0.05,2.395653817967349,0.719674830905071,0.0,0.07897282551966417,0.009929319433653085,1.0,1.0,1.0,5.551115123125783e-17,-0.15256462895985162,0,0,0,6.411271064556961e-08,0.5155698506576338,616,0.0606,-0.13717,0.40728372017467634,10,10,0,0.0606,616,0.5155698506576338,0.00065,0.0006497320051326305,256,1.74421887140646e-17,9.85284803798844e-19,-2.1488203651062742e-20,621.4857873807376,289.782817743173,0.609170287691338,0.609170287691728,0.609170287691728,0.76146285961466,3.1276452517140967e-12,973,0.0721,0.0721,0.04305,0.0753,844,-0.0098,-0.0821,-0.01164,0.001193,3,0.0049,-0.9987,-0.000422,17.374,0.001,-0.1221,0.001094,11.734,0.0014,0.1722,-2e-06,10.212,7.7733,2.2351,1.5095,1.3137,0.48125,0.7301,1.9771,0.17994,0.9876,0.983,0.9953,0.5251,2.7791,0.9067,0.0118,6.082,10.9194,3.9291,76,0.0962,0.5173,59,0.1199,0.2917,-2.0
160,2527,209239,1.7313037791255573e-30,8.909409499637213e-10,5.578649732651508e-11,8.909409499637213e-10,0.37290813821540625,11.906717037232049,9.625401707136872,-12.859000281995007,12.566366674554905,-0.05165957749773451,12.859000281995007,0.003918686163273303,12.563640545920995,5.596033254344162,-1.1163197722714262,1.0282605097454878,-0.0084263561091682,1.1163197722714262,0.050049359156205835,2.3984158445385177,0.8715231487408445,0.05,2.3956538150295095,0.7256063581680345,1.4142115624116159e-08,0.07899042465885342,0.009941482133896036,1.8637093102125135e-06,1.4067661482714804,0.7913833012480056,5.551115123125783e-17,-0.1525655026170446,0,0,0,6.223436988065417e-08,0.5154916798068256,616,0.0568,-0.13506,0.40751957364022345,12,12,0,0.0568,616,0.5154916798068256,-0.001594,-0.0015936473630078218,256,1.2512492048412877e-17,7.4666876729378055e-19,-1.7999197381743812e-20,621.4857873811035,289.78281774334357,0.6091702876913445,0.609170287691728,0.609170287691728,0.76146285961466,3.07451268816364e-12,973,0.0719,0.0719,0.02806,-0.097137,844,-0.0175,-0.1193,-0.00832,-0.000717,3,0.0043,-0.9955,0.00033,17.422,0.001,-0.1051,0.014808,11.819,0.0013,0.1987,-0.008531,10.394,7.8261,2.2261,1.5102,1.3281,0.48188,0.73655,1.9771,0.17987,0.9876,0.983,0.9953,0.5251,2.7791,0.9067,0.0118,6.082,10.9194,3.9291,79,0.1165,0.568,62,0.2286,0.4353,-3.0
161,2531,209244,0.0,9.416771882037224e-10,6.454968368773567e-11,9.416771882037224e-10,0.3724198550745209,11.900480113272678,9.627470976767171,-13.534539795390168,12.357974929308165,-0.06149252597731745,13.534539795390168,0.000831409957338991,12.565380998137144,5.57915093372411,-1.1216941033648098,1.0324002808708508,-0.008227903679415283,1.1216941033648098,0.05005587797869076,2.3984233896458518,0.8709575504673102,0.05,2.3960242401630585,0.7208736316512355,0.0,0.09022051478228327,0.017827096552703425,1.0,1.0,1.0,2.0038134164553968e-11,-0.1662624453981834,0,0,0,6.510279802633181e-08,0.5147314333627317,618,0.0514,-0.13355,0.40785981716087777,10,10,0,0.0514,618,0.5147314333627317,-0.002493,-0.0024927624743882326,256,3.303912781367164e-17,2.0487869234004255e-18,6.747912045869725e-20,621.4857883571252,289.7828181984374,0.6091702876913226,0.609170287691728,0.609170287691728,0.76146285961466,3.2495963496320235e-12,973,0.076,0.076,-0.0186,0.206258,846,-0.0004,0.0011,0.00189,0.760949,3,0.004,-0.956,7.5e-05,17.382,0.0,-0.6029,0.445348,17.256,0.0001,0.8104,-0.310267,17.588,10.0512,1.7293,1.7168,1.7499,0.48268,0.73356,1.9794,0.17873,0.9877,0.9831,0.9954,0.5251,2.7822,0.9077,0.0118,6.0041,11.0236,3.9622,94,0.0183,0.6116,19,0.014,-0.6566,2.0
162,2537,209252,0.0,9.403519625736552e-10,6.547322205693555e-11,9.403519625736552e-10,0.3689483718949128,11.910733440044368,9.626627179730225,-12.903213281910816,12.759980939294216,-0.07831499431836537,12.903213281910816,0.004002277087223925,12.565380384651554,5.729429402543278,-1.121691312947063,1.0324010647786117,-0.00800961841081154,1.121691312947063,0.050057376141419675,2.398423394742961,0.8698063362600112,0.05,2.3960243894914983,0.7130032017383761,0.0,0.09022115696049357,0.017797900895139683,1.0,1.0,1.0,1.7005428714246627e-13,-0.1662641449967965,0,0,0,6.449736113330508e-08,0.514666326193363,618,0.0499,-0.13301,0.40814684605601464,12,12,0,0.0499,618,0.514666326193363,0.000668,0.0006677155051579842,256,3.24195300402329e-17,1.9770233738838757e-18,9.767718451992459e-20,621.4857883311499,289.7828181863258,0.6091702876913232,0.609170287691728,0.609170287691728,0.76146285961466,3.2450231813572316e-12,977,0.047,0.047,-0.09095,0.074772,848,0.0059,0.0084,0.02711,-0.878124,3,0.0037,-0.9043,-0.001403,17.373,0.0006,0.0678,0.000926,17.26,0.0008,-0.4872,-0.000876,17.621,10.0566,1.7275,1.7162,1.7522,0.48288,0.73462,1.98254,0.17815,0.9876,0.9831,0.9954,0.525,2.7774,0.9061,0.0118,6.112,10.9521,3.9433,94,0.0544,-0.4654,18,0.309,0.7247,1.0
163,2541,209257,0.0,9.662431130062977e-10,6.602721366626567e-11,9.662431130062977e-10,0.3666159895933601,11.910748186880268,9.627204861833823,-12.865653848760068,13.475943690807526,-0.09423922034978412,13.475943690807526,0.009066911727366268,12.565378346167691,5.8267264763002045,-1.12169448068705,1.032404547604442,-0.007988060976301543,1.12169448068705,0.05005889101310166,2.398423397902431,0.8691495267106534,0.05,2.3960245571827135,0.7142797438505102,0.0,0.09022368324695075,0.017784680620150567,1.0,1.0,1.0,1.7471067809906517e-11,-0.16626751322090058,0,0,0,6.476784629379343e-08,0.5148267031819258,619,0.0472,-0.13232,0.4084126002320005,12,12,0,0.0472,619,0.5148267031819258,0.002547,0.0025467348311773996,256,1.9979703165999413e-17,1.4514832700602115e-18,1.6611087976087276e-19,621.4857883248335,289.7828181833806,0.609170287691312,0.609170287691728,0.609170287691728,0.76146285961466,3.334369922494297e-12,978,-0.0284,-0.0284,-0.04317,0.156343,850,-0.0006,0.0012,0.0355,1.189012,3,0.0035,-0.8836,0.000154,17.347,0.0009,0.0661,-0.000937,17.273,0.0013,-0.5257,-0.002325,17.598,10.0496,1.7261,1.7188,1.7511,0.48219,0.73,1.98529,0.1795,0.9876,0.9831,0.9955,0.5254,2.7774,0.9061,0.0118,6.1205,10.9719,3.9504,94,0.08,-0.2021,19,0.3935,0.8177,1.0
164,2548,209265,0.0,9.90545822698818e-10,6.595070275725367e-11,9.90545822698818e-10,0.3529036067081164,11.914713572979629,9.62843551981755,-12.865187396722813,12.690841802186473,-0.0966444263292934,12.865187396722813,0.014384322675948106,12.565375521120162,5.917429613616,-1.1216977216850736,1.0324068910482562,-0.00753144220363018,1.1216977216850736,0.050060410578561414,2.3984233997927396,0.8684138293297777,0.05,2.3960246708109256,0.7218716286936406,0.0,0.09023939828177237,0.01775136398787796,1.0,1.0,1.0,6.496966807840862e-14,-0.16627088488809094,0,0,0,6.478785671084727e-08,0.5151878158503728,620,0.0445,-0.1322,0.40863263424458945,11,11,0,0.0445,620,0.5151878158503728,0.000728,0.0007278403549795254,256,1.9296864925685637e-17,1.3961073308061342e-18,2.3747367101663232e-20,621.4857883359203,289.7828181885501,0.6091702876913015,0.609170287691728,0.609170287691728,0.76146285961466,3.4182351765738903e-12,978,-0.0583,-0.0583,-0.02586,0.07117,856,-0.008,-0.0034,0.02956,-0.132728,3,0.0033,-0.8886,0.00013,17.333,0.0008,-0.3609,-0.001366,17.276,0.0013,-0.107,-0.001416,17.57,10.042,1.7261,1.7203,1.7496,0.48379,0.73347,1.98611,0.18012,0.9877,0.9832,0.9955,0.5251,2.7754,0.9055,0.0118,6.057,11.0558,3.9835,94,0.0733,0.6554,19,0.2721,0.9741,0.0
165,2555,209274,0.0,1.0218454617512367e-09,6.534336528823932e-11,1.0218454617512367e-09,0.3460914416606044,11.919593880772892,9.62861324558076,-12.902826526331935,12.576928531394557,-0.0784576106030587,12.902826526331935,0.004769626387698622,12.565891315761084,5.94751530014512,-1.1217018171034705,1.0324058279305517,-0.00802011189790151,1.1217018171034705,0.050061926028938435,2.398423401359728,0.8670341246884931,0.05,2.3960248173275676,0.7145388219902767,0.0,0.09024066849607364,0.0177173833598722,1.0,1.0,1.0,3.548509039924002e-13,-0.1662742695279314,0,0,0,6.531653646851098e-08,0.5153991385983834,621,0.0422,-0.13239,0.40862114626294693,11,11,0,0.0422,621,0.5153991385983834,-0.000315,-0.00031541910448273924,256,9.389762186064099e-18,1.2214300318159506e-18,-2.868798960226575e-20,621.4857883294844,289.7828181855492,0.6091702876912881,0.609170287691728,0.609170287691728,0.76146285961466,3.5262458559463125e-12,980,-0.0178,-0.0178,0.02611,-0.019046,860,-0.0092,-0.0038,-0.00326,-0.044177,3,0.0032,-0.9041,0.000319,17.364,0.0006,-0.9347,-0.000589,17.253,0.001,0.6932,0.002494,17.56,10.0417,1.7292,1.7181,1.7487,0.48547,0.7315,1.98735,0.17978,0.9877,0.9832,0.9954,0.5252,2.7734,0.9048,0.0118,6.1031,11.0475,3.9834,94,0.0129,-0.1287,19,0.0849,-0.1597,2.0
166,2565,209288,0.0,1.0577200568288524e-09,6.486871153089552e-11,1.0577200568288524e-09,0.3492390533794684,11.935560983817371,9.625975147530069,-12.86426611487052,12.491097858654197,-0.07537964713014621,12.86426611487052,0.011217995845944628,12.565364481867812,5.982511558769864,-1.1217023610092318,1.0324074455177497,-0.008108350213512345,1.1217023610092318,0.050063473702354845,2.39842340446556,0.8653800391891697,0.05,2.39602482495467,0.7058692040167518,0.0,0.09024068263818925,0.01766319472814868,1.0,1.0,1.0,5.249074882171265e-15,-0.16627764648270388,0,0,0,6.601066620828941e-08,0.515331239845102,621,0.0423,-0.13232,0.4087951364268824,10,10,0,0.0423,621,0.515331239845102,-0.002362,-0.002362357690818273,256,9.181483768782393e-18,1.3027899333193285e-18,2.9217985895810047e-20,621.4857883226472,289.78281818236115,0.6091702876912727,0.609170287691728,0.609170287691728,0.76146285961466,3.650044069083579e-12,989,-0.0049,-0.0049,0.04042,-0.074371,861,-0.0067,-0.0039,0.004,0.266485,3,0.0033,-0.9385,0.001182,17.369,0.0006,-0.7175,0.001846,17.234,0.0011,0.914,0.002677,17.563,10.0396,1.73,1.7166,1.7494,0.48562,0.72406,1.99376,0.17874,0.9878,0.9831,0.9952,0.5251,2.7667,0.9026,0.0118,6.3659,10.8705,3.929,94,0.0565,-0.9884,19,0.039,-0.1566,0.0
167,2577,209305,0.0,1.093769188331603e-09,6.3902693472553e-11,1.093769188331603e-09,0.33675934206758334,11.941592024280515,9.627957065593247,-12.86376648204143,12.418542159262456,-0.06300839799676748,12.86376648204143,0.012864213390548619,12.565641814166241,5.975907794405978,-1.1217086937118617,1.0324086962631316,-0.007822050236095333,1.1217086937118617,0.050065044844969396,2.398423406628309,0.8643315113772584,0.05,2.396024819036349,0.7124540433830736,0.0,0.09024195285249052,0.017596649438261083,1.0,1.0,1.0,1.8107189559191205e-15,-0.16628100897685508,0,0,0,6.682228719718837e-08,0.5145461216245256,623,0.0392,-0.13225,0.40890820706718983,8,8,0,0.0392,623,0.5145461216245256,-0.001209,-0.0012092079847838555,256,1.9252403998758588e-17,1.6066923842587071e-18,1.5761554022670298e-19,621.4857882802199,289.78281816257845,0.6091702876912571,0.609170287691728,0.609170287691728,0.76146285961466,3.7744445832463384e-12,992,-0.0105,-0.0105,0.01938,8.3e-05,868,-0.008,-0.0074,0.01376,0.222319,3,0.0029,-0.9614,0.000694,17.399,0.0008,-0.1721,8.7e-05,17.245,0.0015,0.4366,0.00135,17.575,10.05,1.7313,1.7159,1.7488,0.48608,0.71977,1.99864,0.17984,0.9878,0.9831,0.9953,0.525,2.7646,0.9019,0.0118,6.3444,10.954,3.9622,94,0.0713,-0.9354,18,0.1472,0.9963,-1.0
168,2585,209316,0.0,1.1316981721031187e-09,6.437463744880888e-11,1.1316981721031187e-09,0.34075396623067605,11.936370664012493,9.6300642286926,-13.661854203633984,12.548654238342804,-0.04802810844509511,13.661854203633984,0.0006787357007171924,12.56534143510432,5.981336699206419,-1.1217011900644032,1.032410409299864,-0.008226050908351776,1.1217011900644032,0.05006665408931652,2.398423410276979,0.8631990288858332,0.05,2.3960250930177756,0.7214073580805456,0.0,0.09024573521104416,0.017559721936530957,1.0,1.0,1.0,9.453137112546642e-15,-0.16628354341146295,0,0,0,6.781494385397872e-08,0.5136734440069853,626,0.0346,-0.13255,0.40897582352571066,8,8,0,0.0346,626,0.5136734440069853,-0.000224,-0.00022404170889567254,256,1.5131580712326432e-17,1.2595827227133904e-18,-5.2948730589916904e-20,621.4857882623511,289.7828181542467,0.6091702876912408,0.609170287691728,0.609170287691728,0.76146285961466,3.90533220468832e-12,995,-0.0105,-0.0105,0.01866,0.102838,870,-0.0135,-0.0111,0.02827,-0.334542,3,0.0026,-0.9387,-0.001219,17.39,0.001,0.2701,-0.003537,17.274,0.002,0.0785,-0.00427,17.551,10.049,1.7305,1.719,1.7465,0.48761,0.71984,2.00089,0.17996,0.988,0.9831,0.9951,0.525,2.7677,0.9029,0.0118,6.301,11.0578,3.9953,94,0.06,-0.9981,18,0.1275,0.9968,0.0
169,2587,209319,0.0,1.1668563800561944e-09,6.530973088248131e-11,1.1668563800561944e-09,0.34578014798861595,11.927825933014283,9.63148610924956,-12.876949102965671,12.29126088630397,-0.044393581767552016,12.876949102965671,0.008984944891942348,12.565722506259416,5.984833045890875,-1.1217031991460669,1.0324105624605378,-0.008162551117996592,1.1217031991460669,0.05006831130561104,2.3984234120894223,0.862907113714656,0.05,2.396025455914692,0.7108811049441758,0.0,0.09025077364160508,0.017562005561223715,1.0,1.0,1.0,4.308824046522781e-16,-0.16628693071914377,0,0,0,6.896102088542534e-08,0.5128146028140087,628,0.0323,-0.13257,0.4090495187865948,8,8,0,0.0323,628,0.5128146028140087,0.001505,0.0015046024197091779,256,1.1541433799718731e-17,1.9836108870663978e-18,-5.657773312301969e-20,621.485788226768,289.78281813765517,0.6091702876912257,0.609170287691728,0.609170287691728,0.76146285961466,4.026658266198185e-12,995,-0.0156,-0.0156,0.00855,-0.093177,870,-0.0206,-0.0205,0.0174,-0.062038,3,0.0025,-0.9441,-0.001537,17.346,0.0007,0.5276,-0.002503,17.272,0.0017,-0.2182,-0.004062,17.512,10.0326,1.7289,1.7216,1.7456,0.48542,0.72892,2.00197,0.17931,0.988,0.9832,0.9951,0.5249,2.7719,0.9043,0.0118,6.2516,11.1337,4.0166,94,0.0948,-0.9923,19,0.0313,0.9623,1.0
170,2596,209331,0.0,1.2103647370021893e-09,6.500976155351632e-11,1.2103647370021893e-09,0.3531171648940309,11.942755703112768,9.628645917024206,-12.859143080424502,14.137152643897323,-0.05857725684969217,14.137152643897323,0.004379296755874085,12.56530738740256,5.902807826286925,-1.1217061959597183,1.0324092279373636,-0.0077713447275332,1.1217061959597183,0.05007000984778389,2.3984234135914355,0.8612475687351276,0.05,2.396025560994533,0.7133392136598012,0.0,0.09025392796411978,0.017516751711673054,1.0,1.0,1.0,6.684427777288335e-15,-0.16629028286768954,0,0,0,6.976292056647848e-08,0.5127688884442463,628,0.0329,-0.13278,0.4089654368469092,8,8,0,0.0329,628,0.5127688884442463,0.000543,0.0005429650148878196,256,9.45374909420356e-18,1.851372403523153e-18,1.50375779089383e-19,621.4857882207698,289.78281813485836,0.6091702876912071,0.609170287691728,0.609170287691728,0.76146285961466,4.176799524528445e-12,1004,0.0141,0.0141,0.04692,-0.103165,870,-0.0092,-0.0113,0.03478,-0.010567,3,0.0026,-0.9737,0.002054,17.351,0.0003,0.9459,0.002319,17.247,0.0008,-0.8471,0.003654,17.507,10.0277,1.7303,1.7199,1.7458,0.48296,0.73362,2.0051,0.17911,0.988,0.983,0.9949,0.525,2.824,0.8825,0.0118,6.5474,10.9235,3.8681,94,0.0852,-0.7039,19,0.039,-0.6441,0.0
171,2601,209338,0.0,1.2502522813456524e-09,6.57999883248551e-11,1.2502522813456524e-09,0.3594898158013154,11.944910789643908,9.628069624006038,-12.856711608076688,13.351778210798395,-0.07631530464923023,13.351778210798395,0.01436125389764137,12.565752404784824,5.833728490025009,-1.121710222967117,1.032411524007842,-0.007794873487774865,1.121710222967117,0.05007173254221132,2.398423417706082,0.8603836649275632,0.05,2.3960256823672657,0.7150019524877184,0.0,0.09025519817842105,0.017500994286381452,1.0,1.0,1.0,2.8033131371785203e-15,-0.16629364767325994,0,0,0,7.086109941378981e-08,0.5125418019239784,629,0.0348,-0.13231,0.4081170758735757,7,7,0,0.0348,629,0.5125418019239784,-1.5e-05,-1.5166455712867233e-05,256,9.334792521877321e-18,1.152165536100117e-18,5.938763265555956e-20,621.4857882003062,289.7828181253167,0.6091702876911897,0.609170287691728,0.609170287691728,0.76146285961466,4.314445864782019e-12,1008,0.0635,0.0635,0.04138,0.039398,870,0.0026,0.0033,0.05016,0.060728,3,0.0031,-0.9895,0.003068,17.367,0.0005,-0.0362,0.002572,17.257,0.0011,-0.1086,0.003142,17.512,10.0338,1.7309,1.7199,1.7453,0.47723,0.72989,2.00848,0.17983,0.9881,0.9829,0.9947,0.5248,2.8231,0.8822,0.0118,6.6965,10.8284,3.8356,94,0.0601,0.8746,18,0.1486,0.8295,1.0
172,2610,209349,0.0,1.2874798943119622e-09,6.730021268130452e-11,1.2874798943119622e-09,0.3618363884452093,11.958750871447803,9.626002083904934,-12.842486428575068,12.566417586392044,-0.07526022215394415,12.842486428575068,0.004799804835444732,12.565189572045686,5.742851518512326,-1.1217109682172914,1.0324141455537232,-0.007636324960884172,1.1217109682172914,0.0500734911929127,2.398423419449325,0.8586116784348948,0.05,2.396025755808515,0.7166990790088693,0.0,0.09025772446487823,0.01745715367490681,1.0,1.0,1.0,4.4513748033426296e-15,-0.16629618493599882,0,0,0,7.203781492526398e-08,0.5124545828730426,629,0.0351,-0.13207,0.4075652030360383,7,7,0,0.0351,629,0.5124545828730426,-0.002833,-0.0028334411024015793,256,1.666569406268004e-17,2.3249909657802625e-18,-8.767031927865488e-20,621.4857882167173,289.7828181329688,0.6091702876911738,0.609170287691728,0.609170287691728,0.76146285961466,4.442913153398878e-12,1015,0.0979,0.0979,-0.00384,-0.022567,872,0.0059,0.0099,0.06681,-0.148181,3,0.0035,-0.9951,0.000641,17.368,0.0009,-0.5329,-0.001703,17.286,0.0026,0.4464,-0.001914,17.493,10.0359,1.7306,1.7225,1.743,0.4738,0.73094,2.01255,0.17958,0.9881,0.9828,0.9946,0.5249,2.8162,0.8801,0.0117,6.9064,10.6846,3.794,94,0.0592,-0.968,18,0.1228,-0.0603,1.0
173,2619,209360,0.0,1.3277186106933908e-09,6.942807268487316e-11,1.3277186106933908e-09,0.34834132860751793,11.965855013717558,9.626712538870045,-12.852510437268938,12.700406084714311,-0.056068369210000475,12.852510437268938,0.01437682080205504,12.565132136366326,5.661427863666685,-1.1217132332094115,1.0324182018347057,-0.0073016130837928106,1.1217132332094115,0.05007530148269136,2.398423420322222,0.8572650534978855,0.05,2.3960258075705623,0.7094402464486661,0.0,0.09025773860699385,0.017411831838061543,1.0,1.0,1.0,4.905499198278769e-13,-0.16629957216422075,0,0,0,7.260597173527385e-08,0.5120142325025464,630,0.0334,-0.13246,0.4069173469330864,7,7,0,0.0334,630,0.5120142325025464,-0.001632,-0.0016318407696345183,256,1.3374527056131692e-17,3.3754715030729475e-18,2.594581848393262e-19,621.4857882098016,289.7828181297442,0.6091702876911564,0.609170287691728,0.609170287691728,0.76146285961466,4.581771339179028e-12,1017,0.1097,0.1097,-0.01995,-0.092287,878,0.0032,0.0024,0.07226,-0.138892,3,0.0037,-0.9903,-0.00098,17.372,0.0008,-0.8741,-0.002692,17.311,0.0026,0.7983,-0.002874,17.482,10.0393,1.7304,1.7244,1.7413,0.46998,0.73184,2.01695,0.17901,0.9882,0.9828,0.9946,0.5239,2.813,0.8791,0.0117,6.9238,10.7117,3.8079,94,0.0993,-0.849,18,0.1825,-0.7816,2.0
174,2625,209367,0.0,1.366005634483373e-09,7.051528574520315e-11,1.366005634483373e-09,0.33981961451177206,11.973977798772315,9.626114774381826,-12.884139451358696,12.624786422240666,-0.05303400932599062,12.884139451358696,0.0014054252416979551,12.565099524866971,5.61892130703731,-1.1217221105278559,1.0324185356664934,-0.00701182846407045,1.1217221105278559,0.050077158901231024,2.398423421193305,0.8564348422820751,0.05,2.3960258997008297,0.7133158202734625,0.0,0.09026277703755477,0.017386107237108043,1.0,1.0,1.0,1.1680737642884235e-12,-0.16630292483340933,0,0,0,7.334470138892489e-08,0.5119337797504492,630,0.0335,-0.13344,0.4068232249099644,7,7,0,0.0335,630,0.5119337797504492,0.000183,0.00018332266623333204,256,1.3991969403383012e-17,2.816345115220437e-18,1.327260863989526e-19,621.4857882143094,289.78281813184606,0.60917028769114,0.609170287691728,0.609170287691728,0.76146285961466,4.713894506546846e-12,1019,0.1132,0.1132,-0.01959,0.010568,882,0.0077,0.0077,0.06324,-0.302932,3,0.0039,-0.9959,-1.1e-05,17.358,0.0008,-0.9135,-0.007983,17.145,0.0027,0.9464,0.003699,17.273,9.9643,1.742,1.7206,1.7334,0.4688,0.72852,2.01886,0.17955,0.9882,0.9829,0.9946,0.5238,2.8093,0.8779,0.0117,7.0065,10.6649,3.7963,94,0.0993,0.0237,19,0.2203,-0.8432,0.0
175,2628,209370,0.0,1.4043053780766431e-09,7.100926247486075e-11,1.4043053780766431e-09,0.34363086609218546,11.978821370608529,9.625162837806664,-12.91684069722561,12.36667146739872,-0.04712623071358057,12.91684069722561,0.0004398801383902924,12.565058869678078,5.57732651626219,-1.1217231660384677,1.032419951081492,-0.007068908306499513,1.1217231660384677,0.05007902487400146,2.3984234223467866,0.8560160638088599,0.05,2.396025986196461,0.718756266091958,0.0,0.09026467528793956,0.01738177840237895,1.0,1.0,1.0,2.7374851384365337e-10,-0.16630629453505533,0,0,0,7.435712938867095e-08,0.5118804458256793,630,0.0337,-0.13447,0.40680007279796565,7,7,0,0.0337,630,0.5118804458256793,0.000324,0.0003241954525003976,256,1.0956277045296772e-17,2.424446972858526e-18,9.448906251661795e-20,621.4857882020526,289.782818126131,0.6091702876911236,0.609170287691728,0.609170287691728,0.76146285961466,4.846061568306664e-12,1022,0.1146,0.1146,-0.00851,0.080233,882,0.0103,-0.0009,0.065,-0.441987,3,0.0039,-0.9998,0.000159,17.336,0.001,-0.5034,-0.049147,16.237,0.0035,0.4854,0.024721,16.114,9.5675,1.812,1.6971,1.6842,0.46728,0.727,2.01929,0.17968,0.9882,0.9828,0.9945,0.524,2.8068,0.8771,0.0117,7.1423,10.5644,3.7639,94,0.0392,0.9047,22,0.0145,-0.9965,0.0
176,2630,209372,0.0,1.4470136799563321e-09,7.237379439296245e-11,1.4470136799563321e-09,0.342853617441517,11.975676132749523,9.626267240002743,-12.95540006846533,12.323697527619412,-0.0437081264013831,12.95540006846533,0.0020579565480556283,12.565015820941758,5.577418014452111,-1.1217260416626968,1.0324234721116297,-0.007006672162843342,1.1217260416626968,0.05008090412244645,2.398423423777944,0.8557324302423771,0.050045304130001966,2.3960261825082774,0.7141071644151086,0.0,0.09026971371850048,0.017384450042568243,1.0,1.0,1.0,6.512367677590368e-10,-0.16630966826403237,0,0,0,7.57790623349862e-08,0.5119354148871205,631,0.0327,-0.13583,0.40669408587481926,9,9,0,0.0327,631,0.5119354148871205,-0.00085,-0.0008499358698594861,256,9.839380945600149e-18,2.69925121831816e-18,1.3532867929450428e-19,621.4857882169289,289.78281813306745,0.6091702876911052,0.609170287691728,0.609170287691728,0.76146285961466,4.993441948279582e-12,1022,0.117,0.117,-0.00392,0.008013,883,0.0039,0.0136,-0.03195,0.025488,3,0.0039,-0.9985,0.000418,17.31,0.0011,-0.1712,0.004516,16.51,0.004,0.1173,-0.014326,16.279,9.645,1.7948,1.7118,1.6878,0.46871,0.72522,2.0199,0.17992,0.9883,0.9827,0.9943,0.5236,2.8084,0.8776,0.0117,7.0544,10.655,3.794,94,0.0811,-0.5714,22,0.1099,-0.1385,1.0
177,2641,209384,0.0,1.4880890781525616e-09,7.504375821587401e-11,1.4880890781525616e-09,0.32383831547760744,11.990820813404316,9.62579260139819,-13.219786254308715,12.409437862999217,-0.0454937895136473,13.219786254308715,0.012623243858158703,12.564975580506191,5.622436630130744,-1.1217270766185397,1.0324236457574194,-0.006783674298274997,1.1217270766185397,0.05008276730394715,2.398423428033696,0.8538614134421492,0.05,2.396026483029615,0.7050458113566493,0.0,0.09027349607705412,0.01732671178780949,1.0,1.0,1.0,2.4990397870589556e-13,-0.1663130462805466,0,0,0,7.765185299214043e-08,0.5119280666707662,631,0.0335,-0.13672,0.40673500157466996,9,9,0,0.0335,631,0.5119280666707662,-0.005552,-0.005552265189360028,256,1.0505139661127695e-17,2.527042554044375e-18,4.944000016579226e-20,621.4857882073982,289.78281812862355,0.6091702876910874,0.609170287691728,0.609170287691728,0.76146285961466,5.135187406080286e-12,1025,0.1241,0.1241,-0.00983,0.075874,891,-0.0024,-0.0024,-0.02064,0.834606,3,0.0043,-0.9992,-0.000245,17.298,0.0008,0.0668,0.040473,17.204,0.0029,-0.1074,-0.018263,17.205,9.951,1.7383,1.7289,1.7289,0.46979,0.72817,2.0235,0.17901,0.9883,0.9829,0.9946,0.5222,2.8016,0.8755,0.0117,7.1458,10.6163,3.7894,94,0.1681,-0.8252,19,0.1359,-0.5616,1.0
178,2645,209389,0.0,1.5300242161145418e-09,7.77712942637018e-11,1.5300242161145418e-09,0.3309354200110811,11.979747269612018,9.627689384224093,-14.005194021709388,12.64867274781636,-0.05895324059496084,14.005194021709388,0.0021947755415823167,12.564943256227174,5.69888132123605,-1.121728659330628,1.0324238478207801,-0.007002677560622647,1.121728659330628,0.05008461183154305,2.398423428329073,0.8540739166734369,0.050049536360052715,2.3960272011138875,0.7093068700672333,0.0,0.0902760223635113,0.017313425752453912,1.0,1.0,1.0,4.994414019702165e-13,-0.16631473519331144,0,0,0,7.959769598771506e-08,0.5115307395937762,634,0.0299,-0.13725,0.40677189239899963,8,8,0,0.0299,634,0.5115307395937762,-0.007748,-0.007748039754856162,256,1.1533467708612512e-17,2.1562954738596577e-18,6.564532657074324e-20,621.4857882055054,289.782818127741,0.6091702876910694,0.609170287691728,0.609170287691728,0.76146285961466,5.279899705579101e-12,1026,0.128,0.128,-0.01743,0.043866,891,-0.0061,-0.0061,0.02697,-0.114897,3,0.0039,-1.0,-0.000134,17.297,0.0002,0.6323,0.011933,17.221,0.0008,-0.6284,0.004938,17.392,9.9901,1.7314,1.7238,1.7409,0.46946,0.73183,2.02474,0.17867,0.9883,0.9829,0.9946,0.5225,2.8069,0.8772,0.0117,7.0841,10.7208,3.8194,94,0.1788,-0.9995,19,0.2735,-0.951,-1.0
179,2648,209393,0.0,1.5714358142630956e-09,8.00717255644411e-11,1.5714358142630956e-09,0.334222590271902,11.98430715707197,9.626250989949657,-12.8373106169063,13.472565651199112,-0.06297474149927842,13.472565651199112,0.00047202927894929303,12.564912072925546,5.763787990326534,-1.121725252503927,1.0324240224327763,-0.007179672361981768,1.121725252503927,0.0500864755380886,2.3984234289069404,0.8542248693102915,0.05,2.3960272498936326,0.7159213359295558,0.0,0.09027854864996848,0.017307704541960223,1.0,1.0,1.0,1.2218633630688315e-14,-0.16631808887318714,0,0,0,8.143199733537602e-08,0.5115465750584279,634,0.0313,-0.13775,0.40684850220885266,6,6,0,0.0313,634,0.5115465750584279,-0.004059,-0.004058942191614401,256,1.379601569281234e-17,1.1679766823553573e-18,-5.97374824886353e-20,621.4857881923274,289.7828181215964,0.6091702876910516,0.609170287691728,0.609170287691728,0.76146285961466,5.422805342460649e-12,1029,0.132,0.132,-0.02173,-0.111678,891,-0.0003,-0.0003,0.06418,-0.170088,3,0.0042,-0.9999,-0.000543,17.304,0.0004,0.5296,-0.010034,17.112,0.0017,-0.5436,0.000568,17.201,9.9338,1.7419,1.7226,1.7315,0.46658,0.72844,2.02556,0.1776,0.9882,0.9829,0.9946,0.5223,2.8045,0.8764,0.0117,7.2116,10.6272,3.7893,94,0.0976,0.1697,20,0.1679,-0.4238,0.0
180,2658,209406,0.0,1.6138502917953722e-09,8.131499167110606e-11,1.6138502917953722e-09,0.3276955242131413,11.986241800932927,9.627376489437248,-12.8369570467705,12.687872079574104,-0.06912543031538483,12.8369570467705,0.002149629534173747,12.56486640414417,5.816468716222619,-1.1217253291183613,1.032424478515392,-0.007059552961305673,1.1217253291183613,0.05008841137653321,2.3984234297664453,0.8543120932832237,0.05,2.3960275653754466,0.7167493049341692,0.0,0.09029865992684068,0.017257304446191803,1.0,1.0,1.0,1.1837809942786137e-14,-0.16632147218767399,0,0,0,8.407299878691884e-08,0.5113177047260272,636,0.0295,-0.13833,0.4070287321186615,5,5,0,0.0295,636,0.5113177047260272,-0.000874,-0.0008737773660218995,256,1.2844050844592491e-17,2.158417237241756e-18,-1.195907885379331e-19,621.4857882029821,289.78281812656445,0.6091702876910332,0.609170287691728,0.609170287691728,0.76146285961466,5.569171775707257e-12,1032,0.1275,0.1275,-0.02008,-0.032551,896,0.0043,-0.0688,0.09947,-0.596025,3,0.0038,-0.9999,-0.000741,17.299,0.0006,0.16,-0.087932,15.616,0.0025,-0.1454,0.043987,15.265,9.2864,1.8628,1.6816,1.6438,0.46724,0.72362,2.03031,0.17688,0.9881,0.9831,0.9949,0.5222,2.8046,0.8764,0.0117,7.1867,10.7054,3.8171,94,0.0325,-0.9922,28,0.087,-0.5575,1.0
181,2667,209418,0.0,1.6592223974579575e-09,8.222919507523039e-11,1.6592223974579575e-09,0.3326261979835722,11.982570625707062,9.62923689675821,-12.836655439045773,12.227260841837186,-0.07020524747041891,12.836655439045773,0.0014341639431458275,12.564821598421252,5.864711237368407,-1.121730798084639,1.0324261092909217,-0.007191410640769474,1.121730798084639,0.05009039376484977,2.3984234342892288,0.8540129888949709,0.05,2.396027666909243,0.7097841792004499,0.0,0.0903036983574016,0.017214999587199624,1.0,1.0,1.0,3.850029509494949e-15,-0.1663257025778043,0,0,0,8.590180003853759e-08,0.5113061057379794,639,0.0258,-0.14019,0.40752212600994675,6,6,0,0.0258,639,0.5113061057379794,-0.006286,-0.0062855572422377826,256,1.1956321763977438e-17,2.9610772649147955e-18,1.3087553412698725e-19,621.4857881997181,289.78281812504247,0.6091702876910138,0.609170287691728,0.609170287691728,0.76146285961466,5.725744570342318e-12,1036,0.1209,0.1209,-0.01925,0.009149,898,-0.0037,0.0428,-0.03798,0.016115,3,0.0031,-1.0,0.000119,17.292,0.0004,-0.3131,0.03207,16.131,0.0018,0.3062,-0.017679,15.93,9.5043,1.8194,1.6972,1.6761,0.46898,0.72562,2.03507,0.17649,0.9882,0.9831,0.9948,0.5223,2.8072,0.8772,0.0117,7.16,10.7998,3.8472,94,0.1167,-0.9858,22,0.1627,-0.9396,-0.0
182,2675,209428,0.0,1.7007362851155317e-09,8.309002067482739e-11,1.7007362851155317e-09,0.31834062204214814,11.992868263537321,9.629073767667174,-12.83640734980818,12.110622080590877,-0.07195016573187844,12.83640734980818,0.0036680472445598075,12.564779650620057,5.928198638835872,-1.1217304263072092,1.0324294831019056,-0.007474948688444476,1.1217304263072092,0.050092422853841495,2.398423434865244,0.8536380078610462,0.05,2.3960277660070664,0.7156199082669976,0.0,0.0903068526799163,0.017179293924494073,1.0,1.0,1.0,2.633271382097144e-15,-0.16632905702025255,0,0,0,8.865491086442411e-08,0.511304738857403,639,0.0274,-0.14122,0.4078490367029586,7,7,0,0.0274,639,0.511304738857403,-0.004232,-0.004232001887863435,256,1.2517210434153136e-17,2.6348197124368064e-18,2.104882303930121e-19,621.4857881747174,289.78281811338536,0.6091702876909958,0.609170287691728,0.609170287691728,0.76146285961466,5.86900319414408e-12,1038,0.1173,0.1173,-0.01593,0.000509,904,-0.0146,0.0073,-0.01039,-0.007314,3,0.0032,-0.9994,0.000634,17.291,0.0004,-0.9952,-0.032179,15.467,0.0018,0.9911,0.026777,15.193,9.244,1.8706,1.6732,1.6436,0.47168,0.72751,2.03696,0.17778,0.9882,0.9832,0.995,0.5226,2.8033,0.876,0.0117,7.1835,10.811,3.8565,94,0.1274,-0.4887,26,0.1791,-0.971,1.0
183,2680,209435,0.0,1.740040061054357e-09,8.344375104241149e-11,1.740040061054357e-09,0.3219069259812466,11.98846981815627,9.630040030495406,-12.836203181632301,12.290996661262795,-0.06711659524157891,12.836203181632301,0.0019941218066072963,12.564739280519797,5.960348926804704,-1.121729967853999,1.0324293960679356,-0.007570706457034036,1.121729967853999,0.05009451007276454,2.398423436567037,0.8531250381160809,0.05,2.396027800003276,0.7090986933653413,0.0,0.0903087509303011,0.01716337962086897,1.0,1.0,1.0,7.181832288951298e-15,-0.16633244131742017,0,0,0,9.034624307039634e-08,0.5107260389704986,641,0.0281,-0.142,0.4080198431098065,7,7,0,0.0281,641,0.5107260389704986,-0.003194,-0.0031936906904164175,256,9.976552490131457e-18,1.885378735184477e-18,6.426195919413848e-20,621.4857881651727,289.78281810893486,0.6091702876909789,0.609170287691728,0.609170287691728,0.76146285961466,6.00463503119168e-12,1040,0.1129,0.1129,-0.02046,0.009816,905,-0.0164,0.0021,-0.02702,0.064042,3,0.0032,-0.9968,6.1e-05,17.292,0.0006,-0.856,0.061924,16.605,0.0025,0.8944,-0.039548,16.566,9.7136,1.7802,1.7095,1.7054,0.47597,0.73234,2.03985,0.1783,0.9882,0.9832,0.995,0.5224,2.8059,0.8769,0.0117,7.1652,10.873,3.875,94,0.0558,-0.1877,22,0.055,-0.106,0.0
184,2690,209448,0.0,1.783578976801898e-09,8.417933631333298e-11,1.783578976801898e-09,0.3355192725225891,11.998048882346565,9.62820388503431,-12.835704818353102,12.605015495556119,-0.07141832527699668,12.835704818353102,0.0006884893023872962,12.564698308051003,5.960797597814854,-1.121725110564346,1.03242954503318,-0.007581722806108526,1.121725110564346,0.05009665959705747,2.3984234382650715,0.8527344640016007,0.05,2.3960285781679342,0.7196361060685772,0.0,0.09031378936086201,0.017116137467336038,1.0,1.0,1.0,1.2667623121933291e-14,-0.16633497558457766,0,0,0,9.291583464728133e-08,0.5108221962355105,642,0.0294,-0.14235,0.40806634838192407,5,5,0,0.0294,642,0.5108221962355105,-0.000772,-0.0007724254140968334,256,1.0316087984577769e-17,2.049233141914701e-18,-2.5743206137407388e-20,621.4857881607426,289.78281810686923,0.6091702876909602,0.609170287691728,0.609170287691728,0.76146285961466,6.154881743693067e-12,1049,0.1091,0.1091,-0.02436,-0.076761,905,-0.0056,-0.0056,-0.0181,0.900895,3,0.0032,-0.9854,0.000212,17.307,0.0006,-0.758,0.030151,17.229,0.0022,0.8581,-0.017092,17.316,9.979,1.7344,1.7265,1.7352,0.47813,0.72721,2.04482,0.17778,0.9884,0.983,0.9946,0.5227,2.8605,0.8562,0.0117,7.539,10.6247,3.7143,94,0.0601,-0.0824,19,0.0416,-0.4922,1.0
185,2691,209449,0.0,1.8228815185928398e-09,8.586322292122412e-11,1.8228815185928398e-09,0.3327980396390718,11.999262873506895,9.628189291266347,-12.835199547624434,12.255441535824257,-0.06759351088750525,12.835199547624434,0.005930300211059141,12.564628150169979,5.920291824968808,-1.1217156808298963,1.0324285689120904,-0.007616863013151434,1.1217156808298963,0.050098868746985326,2.3984234416414227,0.852771990199222,0.05,2.3960286777373727,0.7141786178327499,0.0,0.09031882779142293,0.01712782645704544,1.0,1.0,1.0,3.078267871073868e-10,-0.1663383739771834,0,0,0,9.49536759661828e-08,0.5108156054060116,642,0.0298,-0.14304,0.4081869815340965,5,5,0,0.0298,642,0.5108156054060116,-0.000333,-0.000333448862085195,256,1.0719561733046188e-17,2.5282118675563493e-18,3.9490034362776993e-20,621.4857881783156,289.7828181150631,0.6091702876909433,0.609170287691728,0.609170287691728,0.76146285961466,6.290509321601788e-12,1049,0.1052,0.1052,-0.02404,0.036528,906,-0.004,-0.004,-0.00277,-0.065664,3,0.0032,-0.9832,-0.000322,17.31,0.0004,-0.577,0.001506,17.221,0.0013,0.7165,0.001123,17.341,9.9829,1.734,1.7251,1.7371,0.47726,0.7242,2.04529,0.17715,0.9884,0.983,0.9946,0.5229,2.8017,0.8755,0.0117,7.5295,10.636,3.7963,94,0.1376,-0.5752,19,0.1184,-0.8516,2.0
186,2694,209453,0.0,1.8607372994360366e-09,8.731893979883085e-11,1.8607372994360366e-09,0.328351979460678,12.003549786906328,9.628035711924761,-12.834413479985875,12.487188693691596,-0.06545757052681356,12.834413479985875,0.01188761371023226,12.564566727374212,5.865984367895211,-1.1217199209876603,1.0324276981901914,-0.007366417727924457,1.1217199209876603,0.05010110487239211,2.398423442773551,0.8526582063878647,0.05,2.3960288434219037,0.7090056888613814,0.0,0.09032072604180773,0.017126023143815887,1.0,1.0,1.0,2.4725816463081635e-13,-0.16634175226212045,0,0,0,9.660612286317769e-08,0.5108101641837186,642,0.0303,-0.14361,0.4081851199669861,6,6,0,0.0303,642,0.5108101641837186,-0.002274,-0.0022739702581899834,256,1.231669619845386e-17,2.2187809093120366e-18,-5.555457465398931e-20,621.4857881591073,289.78281810610673,0.6091702876909271,0.609170287691728,0.609170287691728,0.76146285961466,6.421144330077948e-12,1050,0.1049,0.1049,-0.027,0.030667,908,-0.0066,-0.0728,0.03573,-0.867767,3,0.0032,-0.986,-0.000558,17.311,0.0002,0.8356,-0.04462,16.36,0.0008,-0.7321,0.024097,16.284,9.6178,1.7999,1.701,1.6932,0.47476,0.72005,2.04558,0.17804,0.9884,0.983,0.9946,0.523,2.8,0.875,0.0117,7.55,10.6296,3.7963,94,0.1526,-0.8133,22,0.1778,-0.109,1.0
187,2695,209454,0.0,1.9002021885031366e-09,8.809607714967238e-11,1.9002021885031366e-09,0.3300126277260573,11.99936432707151,9.628816949096368,-12.830817459846639,12.732616707775337,-0.06237300903722991,12.830817459846639,0.014101854102010265,12.56635722732215,5.826877673147419,-1.1217219700751953,1.0324275667220508,-0.0074694205399733265,1.1217219700751953,0.0501034103825349,2.398423443065489,0.8526071361373542,0.05,2.3960289463635758,0.7121923708650275,0.0,0.09032136822001803,0.01713723646685379,1.0,1.0,1.0,1.8363117780498417e-10,-0.16634595889044304,0,0,0,9.84713676777949e-08,0.5103886759897684,643,0.0294,-0.14411,0.40815220771193095,8,8,0,0.0294,643,0.5103886759897684,-0.002946,-0.002946203985794593,256,1.8078878918948313e-17,1.5394587947352391e-18,-1.2236452902425159e-19,621.4857881596847,289.782818106376,0.60917028769091,0.609170287691728,0.609170287691728,0.76146285961466,6.557332145916235e-12,1050,0.1037,0.1037,-0.02146,0.038073,908,-0.0044,0.0554,-0.02707,-0.039992,3,0.003,-0.9944,0.000142,17.309,0.0003,0.9848,-0.079684,15.066,0.001,-0.9977,0.04662,14.631,9.0717,1.908,1.6607,1.6129,0.47243,0.71691,2.04551,0.17806,0.9883,0.9831,0.9947,0.5232,2.8021,0.8757,0.0117,7.4306,10.7414,3.8333,94,0.0704,-0.2561,30,0.1521,0.9589,-0.0
188,2704,209465,0.0,1.942119668266125e-09,8.77484521766441e-11,1.942119668266125e-09,0.3347693264766938,12.006423028868888,9.627406505204576,-12.83001605540154,12.413779128675397,-0.05811904356323432,12.83001605540154,0.008721539555500892,12.565824828843379,5.774118055610663,-1.1217158296074912,1.032427340744829,-0.007008697508022977,1.1217158296074912,0.05010576229812538,2.3984234452995588,0.8523743801437779,0.05,2.3960291594998013,0.7159284065204518,0.0,0.09032640665057895,0.017098250544747392,1.0,1.0,1.0,4.083749817806908e-15,-0.16634934264388468,0,0,0,1.0005444373754958e-07,0.5100904414107252,644,0.0283,-0.14481,0.4079670493329038,9,9,0,0.0283,644,0.5100904414107252,-0.001298,-0.0012980293250015595,256,1.960130794523115e-17,2.6923290690901553e-18,-1.9366371276955356e-19,621.4857881582487,289.78281810570644,0.609170287690892,0.609170287691728,0.609170287691728,0.76146285961466,6.701983509449074e-12,1056,0.0977,0.0977,-0.01068,0.029043,910,-0.0063,0.047,-0.01627,0.027475,3,0.0028,-0.991,0.000328,17.301,0.0002,0.4938,0.068496,16.186,0.0008,-0.6057,-0.042004,16.033,9.5355,1.8143,1.6974,1.6814,0.47204,0.71934,2.0462,0.17932,0.9884,0.983,0.9945,0.5229,2.8577,0.8554,0.0117,7.7065,10.5623,3.6961,94,0.0339,-1.0,22,0.1938,0.2589,-0.0
189,2705,209466,0.0,1.9810434785502582e-09,8.827865595545155e-11,1.9810434785502582e-09,0.3363714782179158,12.007867724298965,9.627109236273677,-12.82921755260858,12.047269486579232,-0.07004355926397872,12.82921755260858,0.0008710868896821267,12.564388300099234,5.697627487356396,-1.121714299771475,1.0324288757913747,-0.007046007349685258,1.121714299771475,0.05010813344029413,2.3984234461386973,0.8523129917489706,0.05,2.3960294586237394,0.710243258951398,0.0,0.09032642079269457,0.017110651117235923,1.0,1.0,1.0,6.434135562242231e-10,-0.16635273883917093,0,0,0,1.0227784368680592e-07,0.5100879526130345,644,0.029,-0.14534,0.40781711813642507,9,9,0,0.029,644,0.5100879526130345,-0.00255,-0.0025501543107770974,256,1.2638999258563749e-17,2.994895637447844e-18,6.569667820700286e-20,621.4857881513906,289.78281810250866,0.6091702876908752,0.609170287691728,0.609170287691728,0.76146285961466,6.836304138120011e-12,1057,0.0944,0.0944,-0.00296,-0.022362,910,-0.0063,-0.0063,0.00355,0.815287,3,0.0028,-0.9939,-1.5e-05,17.294,0.0002,-0.7504,0.056321,17.236,0.0007,0.6728,-0.030089,17.349,9.9843,1.7321,1.7263,1.7377,0.47376,0.71721,2.04665,0.17836,0.9884,0.9829,0.9945,0.5231,2.8569,0.8551,0.0117,7.7212,10.5532,3.6939,94,0.1139,-0.7215,19,0.1905,-0.0301,0.0
190,2709,209471,0.0,2.0200504067724776e-09,9.057002335868924e-11,2.0200504067724776e-09,0.32497730210200987,12.012653707631884,9.627378811393262,-12.828383725378083,13.351766598527432,-0.06368779127322442,13.351766598527432,0.010788392615064923,12.564307982049671,5.679056854965247,-1.1217196490100285,1.0324284025191193,-0.006965275487913262,1.1217196490100285,0.05011054841471175,2.3984234469756083,0.8518933382170598,0.05,2.3960295650825234,0.711163852141073,0.0,0.09032894707915175,0.017103881292662885,1.0,1.0,1.0,1.2318098320216275e-13,-0.1663561194978328,0,0,0,1.0451721398189614e-07,0.5100837261746061,644,0.0298,-0.14567,0.40769579611288764,11,11,0,0.0298,644,0.5100837261746061,8.1e-05,8.080927028597529e-05,256,1.559443143006595e-17,1.8959461221728948e-18,-1.2381436536085514e-19,621.4857881558379,289.7828181045823,0.6091702876908585,0.609170287691728,0.609170287691728,0.76146285961466,6.970911595053381e-12,1057,0.0968,0.0968,-0.01546,-0.047675,914,-0.004,-0.0031,0.01703,-0.015951,3,0.0029,-0.9922,-0.000506,17.301,0.0004,-0.9212,0.004,17.244,0.0012,0.9625,0.001689,17.424,10.0016,1.7298,1.7241,1.7421,0.47643,0.71926,2.04716,0.17786,0.9884,0.983,0.9946,0.5231,2.8547,0.8545,0.0117,7.6818,10.5966,3.712,94,0.1655,0.2812,19,0.3785,0.9149,1.0
191,2715,209479,0.0,2.0575951339393625e-09,9.312797756782137e-11,2.0575951339393625e-09,0.32534357002650693,12.009924578014925,9.628626643235062,-12.827522116051325,14.228456282949203,-0.056363145691450636,14.228456282949203,0.009807453593329643,12.564229856829561,5.617790630476807,-1.1217222566159941,1.0324297305720451,-0.006297888070047083,1.1217222566159941,0.0501129864814819,2.3984234494422054,0.8518682333245129,0.05,2.396029797662104,0.710275352991929,0.0,0.09033649765334079,0.017083565173309778,1.0,1.0,1.0,2.4306167851976854e-14,-0.16635865785700266,0,0,0,1.0710513795204686e-07,0.5103902117227165,646,0.0279,-0.14583,0.40753276934071236,10,10,0,0.0279,646,0.5103902117227165,0.000137,0.00013717042939553892,256,2.1006114071942707e-17,1.2903163713770915e-18,3.017337019615304e-20,621.4857881477762,289.78281810082336,0.6091702876908422,0.609170287691728,0.609170287691728,0.76146285961466,7.100473200669437e-12,1059,0.0974,0.0974,-0.03211,-0.034805,916,-0.0081,-0.025,0.01865,-0.809884,3,0.0027,-0.9932,-0.00057,17.309,0.0004,-0.6661,-0.076632,15.817,0.0014,0.7481,0.042697,15.664,9.3995,1.8415,1.6828,1.6665,0.4783,0.72187,2.04637,0.17845,0.9883,0.9832,0.9948,0.5234,2.856,0.8549,0.0117,7.7021,10.6276,3.7211,94,0.1108,0.6061,26,0.1975,0.8193,-1.0
192,2725,209492,0.0,2.0939135453085953e-09,9.460244674161333e-11,2.0939135453085953e-09,0.3192002366405578,12.012622212568163,9.629819702784673,-12.826845024440859,13.443078941614576,-0.05263800403858973,13.443078941614576,0.008192498438707174,12.5641640627376,5.618032529388439,-1.1217202750675461,1.0324290742526374,-0.006349291606609417,1.1217202750675461,0.05011543180863088,2.3984234510724023,0.8506656746603402,0.05,2.3960299507315885,0.7164584462562306,0.0,0.09034342019168039,0.017038596432497066,1.0,1.0,1.0,5.23691153334427e-16,-0.1663620368345919,0,0,0,1.0941234092071696e-07,0.5100373924133955,648,0.0259,-0.14608,0.40747457199737136,9,9,0,0.0259,648,0.5100373924133955,-0.000203,-0.000203442131100795,256,2.1327662232665478e-17,1.5862000424168686e-18,-1.1993157446138898e-19,621.4857881412346,289.78281809777314,0.6091702876908266,0.609170287691728,0.609170287691728,0.76146285961466,7.2258029618654126e-12,1062,0.0951,0.0951,-0.02694,0.055228,921,-0.016,-0.016,-0.0084,0.89727,3,0.0025,-0.9996,0.00023,17.301,0.0004,-0.233,0.068804,17.248,0.0016,0.2594,-0.046927,17.314,9.9812,1.7334,1.728,1.7347,0.477,0.72035,2.05154,0.17951,0.9884,0.9832,0.9948,0.5233,2.7965,0.8739,0.0117,7.6821,10.7006,3.8264,94,0.0319,0.8892,18,0.1931,0.2016,0.0
193,2725,209492,4.941954231358368e-29,2.1381448913404634e-09,9.709636542918851e-11,2.1381448913404634e-09,0.3192004060103107,12.012621834754688,9.629819819636783,-13.21978978467003,12.77940042502452,-0.051772170150992385,13.21978978467003,0.0012298383458545989,12.564041789528597,5.651909422287176,-1.1217118932971828,1.0324299867376334,-0.006350877762094404,1.1217118932971828,0.050117904231377894,2.3984234513528238,0.8506659843360828,0.05,2.3960300741623106,0.7086318171718362,1.4142115624116159e-08,0.09034720255023403,0.01705685831306529,4.037716624016863e-05,1.4136723242162548,0.8185998248792099,3.3757293559772417e-10,-0.16636458503992188,0,0,0,1.1282827632403868e-07,0.510038794388106,648,0.028,-0.14644,0.40719394487911575,8,8,0,0.028,648,0.510038794388106,-0.000526,-0.0005255654883828953,256,2.2821590209906985e-17,1.2098654669292868e-18,-4.245913356757861e-21,621.4857881436371,289.7828180988934,0.6091702876908075,0.609170287691728,0.609170287691728,0.76146285961466,7.3784391544249e-12,1062,0.0956,0.0956,-0.02633,0.056927,921,-0.0176,-0.0176,0.0145,-0.04184,3,0.0027,-0.9995,0.000123,17.283,0.0005,0.0874,0.006901,17.229,0.0017,-0.1199,0.003475,17.397,9.99,1.73,1.7247,1.7414,0.47545,0.7149,2.05155,0.1786,0.9884,0.9832,0.9948,0.5233,2.7965,0.8739,0.0117,7.6821,10.7006,3.8264,94,0.107,-0.7529,19,0.2015,-0.9129,1.0
194,2729,209496,0.0,2.362171276980488e-09,1.2341983653328567e-10,2.362171276980488e-09,0.32059154525884137,12.012728208088273,9.629811913386575,-13.994131125206339,12.428380312251843,-0.05855640310039691,13.994131125206339,0.0005389391118607589,12.56460082650152,5.723654501795041,-1.1276780797181885,1.03529732280019,-0.00628727117810194,1.1276780797181885,0.05012796895704328,2.398156025102574,0.8502066774826913,0.05,2.3971060184281394,0.7140413996490232,0.0,0.10229453499389157,0.025205857138534706,1.0,1.0,1.0,2.1438729159510247e-09,-0.17974189045863728,0,0,0,1.2091412293694638e-07,0.5100136525844279,649,0.0276,-0.14621,0.40732776738515863,8,8,0,0.0276,649,0.5100136525844279,-0.002195,-0.002194780728694834,256,5.1341317857149314e-17,2.5844706237665165e-18,-1.5893607914279481e-19,621.485789587647,289.782818772198,0.6091702876907111,0.609170287691728,0.609170287691728,0.76146285961466,8.15152287837127e-12,1064,0.0931,0.0931,-0.05048,-0.069854,922,-0.014,-0.014,0.03074,-0.03976,3,0.0027,-0.9997,-0.002593,17.307,0.0005,-0.0653,-0.00222,17.239,0.0017,0.0894,-0.001693,17.42,10.0009,1.7305,1.7238,1.7418,0.47773,0.72296,2.05402,0.17739,0.9884,0.9833,0.9948,0.524,2.8547,0.8545,0.0117,7.7319,10.6874,3.7438,94,0.1471,-0.6692,19,0.2425,-0.9596,0.0
195,2736,209506,0.0,2.4014827281036477e-09,1.25950903032457e-10,2.4014827281036477e-09,0.32249800675885765,12.011311918217308,9.630446286967222,-12.891546242790401,13.475321806393994,-0.061656497712008346,13.475321806393994,0.014238531010563521,12.565771463917768,5.768621285538155,-1.127677542831376,1.0352994357666625,-0.006442041480287154,1.127677542831376,0.05013084024832242,2.398155660697264,0.8495425132310974,0.05,2.3971063509939188,0.7108372664194215,0.0,0.10230082949634087,0.025164833028418664,1.0,1.0,1.0,7.445326455658688e-15,-0.17975017850265493,0,0,0,1.2222320741058933e-07,0.5094335840581825,651,0.0254,-0.14665,0.40721555524665853,8,8,0,0.0254,651,0.5094335840581825,-0.001304,-0.001304193582526647,256,4.666979289363425e-17,3.1872070008554684e-18,-4.710561611656107e-19,621.4857895609707,289.78281875975955,0.6091702876906943,0.609170287691728,0.609170287691728,0.76146285961466,8.287181201362266e-12,1067,0.0918,0.0918,-0.05931,-0.041346,924,0.007,0.007,0.02212,-0.130802,3,0.0026,-0.9992,-0.000392,17.312,0.0004,-0.4512,-0.000596,17.251,0.0016,0.4158,-0.000827,17.425,10.0053,1.7303,1.7242,1.7416,0.47748,0.71854,2.05788,0.17762,0.9884,0.9833,0.9948,0.5241,2.8554,0.8547,0.0117,7.7421,10.7289,3.7574,94,0.1174,-0.0862,18,0.1344,-0.9455,2.0
196,2740,209512,0.0,2.4445873737359337e-09,1.3065414826924028e-10,2.4445873737359337e-09,0.3279342339496246,12.017033079561926,9.628626509096762,-13.67583271255757,12.691846171380389,-0.07122542086248362,13.67583271255757,0.0022101601784561,12.564856220673606,5.8168663656470905,-1.127675366527933,1.0353055501091826,-0.0066798802500101055,1.127675366527933,0.05013372360042093,2.3981553931897928,0.8493747182851792,0.05,2.397106753261479,0.7079688713557638,0.0,0.10233350142833492,0.02515253289554943,1.0,1.0,1.0,3.5853955998366256e-13,-0.179757658414897,0,0,0,1.2550848081846783e-07,0.5094349885852283,651,0.0267,-0.1483,0.40695160668681735,6,6,0,0.0267,651,0.5094349885852283,-0.00052,-0.0005202656177853981,256,4.280660570805497e-17,4.633892434788247e-18,-1.0962239009121653e-18,621.4857894990976,289.7828187309097,0.6091702876906756,0.609170287691728,0.609170287691728,0.76146285961466,8.435929308859269e-12,1071,0.0861,0.0861,-0.06599,-0.016734,924,0.0241,0.0241,0.01964,-0.074953,3,0.0026,-0.9998,-8.9e-05,17.313,0.0007,-0.4429,-0.000229,17.25,0.0024,0.4232,-5.8e-05,17.423,10.0048,1.7305,1.7242,1.7415,0.47948,0.71706,2.05888,0.18035,0.9884,0.9832,0.9948,0.5241,2.8526,0.8538,0.0116,7.8591,10.647,3.7324,94,0.0853,0.5212,18,0.0853,0.9754,1.0
197,2747,209521,0.0,2.485785828855159e-09,1.343441834195006e-10,2.485785828855159e-09,0.326074075211347,12.015174685741641,9.629947842343148,-12.85191617121675,12.407164387082899,-0.07271634342641237,12.85191617121675,0.002270420593518452,12.565272365560274,5.821545697601836,-1.1276703091485638,1.035313624429381,-0.006650514670179497,1.1276703091485638,0.05013666782480782,2.398155380503905,0.8484530378816553,0.05,2.3971073802968643,0.7067343606818722,0.0,0.10236742942208087,0.025114005217372278,1.0,1.0,1.0,2.5917794421118596e-12,-0.1797675631068225,0,0,0,1.2818770726382366e-07,0.5094130186251808,653,0.0244,-0.14949,0.40688222351700865,6,6,0,0.0244,653,0.5094130186251808,-0.001584,-0.0015836555386115059,256,3.1372160754018156e-17,2.5435306216541993e-18,-4.348589769119124e-19,621.4857895093486,289.7828187356895,0.609170287690658,0.609170287691728,0.609170287691728,0.76146285961466,8.578099418386985e-12,1073,0.0843,0.0843,-0.0648,0.035463,927,0.036,0.036,0.03791,-0.079673,3,0.0024,-0.9946,0.000159,17.311,0.0009,-0.4336,0.002938,17.254,0.0033,0.3375,0.00126,17.466,10.0135,1.7288,1.7231,1.7442,0.48043,0.71156,2.06092,0.17976,0.9883,0.9834,0.995,0.5246,2.8535,0.8541,0.0116,7.8284,10.7217,3.7574,94,0.0843,0.9944,18,0.2194,0.9995,1.0
198,2750,209525,0.0,2.5260870767186557e-09,1.3648784687351544e-10,2.5260870767186557e-09,0.3219696901656175,12.019138760045916,9.629910382941832,-12.874671932121506,12.296113782399903,-0.07841280788802035,12.874671932121506,5.34126923774636e-05,12.565050284399595,5.868927866164605,-1.127672401185721,1.0353280612896805,-0.00652518057155611,1.127672401185721,0.050139717165905456,2.3981551735384503,0.8480794009422893,0.05,2.3971077025197642,0.721398245538701,0.0,0.10236807160029117,0.0251151556443765,1.0,1.0,1.0,6.366828642261876e-12,-0.17978078017864663,0,0,0,1.307047437669845e-07,0.5094235667393047,653,0.0249,-0.15032,0.4067843461252436,6,6,0,0.0249,653,0.5094235667393047,-0.001175,-0.0011753778384115954,256,2.197441713201029e-17,2.8008985858754446e-18,-6.50564541504748e-20,621.4857895401918,289.7828187500709,0.6091702876906406,0.609170287691728,0.609170287691728,0.76146285961466,8.717173390798338e-12,1074,0.0848,0.0848,-0.06387,0.020474,929,0.0462,0.0474,0.06858,-0.100257,3,0.0025,-0.991,0.000135,17.315,0.0012,-0.3446,0.001964,17.273,0.0043,0.2157,0.000269,17.505,10.0255,1.7271,1.723,1.746,0.4819,0.70358,2.05971,0.1779,0.9883,0.9834,0.995,0.5247,2.8516,0.8535,0.0116,7.8482,10.7146,3.7574,94,0.1294,0.7271,18,0.2191,0.9538,2.0
199,2751,209526,0.0,2.5667853148487024e-09,1.3546059825937805e-10,2.5667853148487024e-09,0.3233676687110224,12.020566051549647,9.62955258427821,-12.914143302726167,12.29102533701661,-0.08191895508575005,12.914143302726167,0.0014626450821886294,12.565095847731474,5.917101510211286,-1.1276774730985872,1.0353458073913746,-0.006602766863284519,1.1276774730985872,0.05014284612162067,2.3981549543463494,0.8479542905111138,0.05,2.3971084247688896,0.7151846235089265,0.0,0.10237499413863077,0.025133501082440623,1.0,1.0,1.0,3.072517864566131e-10,-0.1797907876147538,0,0,0,1.3295793282636736e-07,0.5094310871521284,653,0.0251,-0.15082,0.40674299439935563,7,7,0,0.0251,653,0.5094310871521284,-0.001664,-0.0016639858992255618,256,2.385473562126939e-17,3.4255646912633895e-18,-2.235072960306366e-19,621.4857895549878,289.7828187569699,0.609170287690623,0.609170287691728,0.609170287691728,0.76146285961466,8.857617321340814e-12,1075,0.0817,0.0817,-0.06744,0.031475,929,0.045,0.0459,0.08983,-0.2858,3,0.0024,-0.9921,2.9e-05,17.32,0.0012,-0.1824,0.001394,17.296,0.0041,0.0575,-0.000128,17.539,10.0374,1.7256,1.7231,1.7473,0.48366,0.69987,2.05983,0.17801,0.9883,0.9834,0.995,0.5249,2.8509,0.8533,0.0116,7.8961,10.6731,3.7438,94,0.129,0.3658,18,0.0894,0.543,0.0
200,2755,209531,0.0,2.602067275549458e-09,1.3650738380868666e-10,2.602067275549458e-09,0.32554931134446163,12.009426528054066,9.631899705817167,-12.848541689865414,12.290080005971223,-0.0807774959768752,12.848541689865414,0.005249577431735375,12.565252769716405,5.915145168394957,-1.1276863712479597,1.035359662957963,-0.006556069252399995,1.1276863712479597,0.05014605280709853,2.3981547837153783,0.8474788055903295,0.05,2.3971107616905143,0.7122923339595206,0.0,0.10239008113847244,0.025126955625380965,1.0,1.0,1.0,2.2273066900788932e-13,-0.17980483771769235,0,0,0,1.3463663230440686e-07,0.508949366463585,656,0.02,-0.15124,0.4067034968085233,7,7,0,0.02,656,0.508949366463585,-0.000529,-0.0005288089122181816,256,3.109242757604418e-17,3.0086640246316747e-18,-1.355011907924072e-19,621.4857895377241,289.78281874892025,0.6091702876906079,0.609170287691728,0.609170287691728,0.76146285961466,8.979370436050579e-12,1075,0.0822,0.0822,-0.0688,-0.010166,930,0.0408,0.0444,0.08684,-0.697769,3,0.002,-0.9821,-0.000431,17.323,0.0009,-0.0297,0.000859,17.311,0.0038,-0.1593,-0.000378,17.567,10.0464,1.7243,1.7231,1.7486,0.48613,0.69794,2.0611,0.17991,0.9884,0.9834,0.9949,0.5245,2.8567,0.8551,0.0117,7.7872,10.8178,3.7868,94,0.105,0.1544,18,0.0549,-0.999,-1.0
201,2759,209536,0.0,2.6294814816964985e-09,1.3840129407165816e-10,2.6294814816964985e-09,0.32697852836073615,12.00113119972052,9.631374606983172,-12.852584608557281,12.289249779979858,-0.08545212853980512,12.852584608557281,0.0026403725880662495,12.565380155148679,5.922941392646835,-1.1276908661066345,1.0353662271307293,-0.00645391328429705,1.1276908661066345,0.050149371918474926,2.3981546859654053,0.8470481184490927,0.06480614979349986,2.397111488081502,0.7187104770189926,0.0,0.10239260742492962,0.02512163489527362,1.0,1.0,1.0,1.1428775428365567e-13,-0.17981968247490338,0,0,0,1.3575095138250503e-07,0.5088579648186033,658,0.0175,-0.15209,0.40664629319355267,8,8,0,0.0175,658,0.5088579648186033,-0.000549,-0.0005490320761318834,256,3.87229357334087e-17,2.8962897958130568e-18,-1.4288527026576867e-19,621.4857894750149,289.78281871968056,0.609170287690596,0.609170287691728,0.609170287691728,0.76146285961466,9.073973030264812e-12,1075,0.0801,0.0801,-0.07627,-0.046958,931,0.0326,0.0338,0.09072,-0.131648,3,0.002,-0.9472,-0.000135,17.327,0.0007,0.2819,-0.000371,17.322,0.003,-0.5746,-0.000589,17.571,10.05,1.7241,1.7235,1.7484,0.48643,0.70199,2.06164,0.1799,0.9882,0.9836,0.9953,0.5245,2.8027,0.8953,0.0117,7.5907,11.0162,3.9306,95,0.0979,0.0439,18,0.1766,0.1573,-0.0
202,2767,209546,0.0,2.670641349772219e-09,1.402628500114626e-10,2.670641349772219e-09,0.3318711213521542,11.990082876314375,9.633938022456535,-12.900532119130299,12.291444136286612,-0.087841598184972,12.900532119130299,0.002775816054715108,12.565480064341957,5.939253425902714,-1.1276963635962676,1.0353721258027517,-0.006588369622772829,1.1276963635962676,0.050152773628404035,2.398154430171804,0.8463248246723034,0.05,2.3971118503537467,0.7170652699892192,0.0,0.1023951337113868,0.02508299894847893,1.0,1.0,1.0,1.410721200314429e-13,-0.17983465255624628,0,0,0,1.386410865948226e-07,0.5082522697523276,662,0.0123,-0.15178,0.40697723793391277,8,8,0,0.0123,662,0.5082522697523276,-0.00055,-0.0005499879889563353,256,4.288026093102728e-17,6.363419043930022e-18,3.5185823923223555e-19,621.4857894288466,289.78281869815345,0.6091702876905782,0.609170287691728,0.609170287691728,0.76146285961466,9.216009982130928e-12,1077,0.077,0.077,-0.08229,-0.005934,933,0.0243,0.0237,0.09391,0.599906,3,0.0018,-0.8406,-5.4e-05,17.328,0.0005,0.6787,-0.002735,17.313,0.0022,-0.9683,-0.000964,17.527,10.0399,1.7259,1.7244,1.7457,0.48752,0.70925,2.06514,0.1786,0.9881,0.9838,0.9956,0.5248,2.8087,0.8972,0.0117,7.4229,11.2347,4.0,95,0.1128,0.4692,18,0.2624,0.9998,-1.0
203,2771,209551,0.0,2.712530922747989e-09,1.414197884431877e-10,2.712530922747989e-09,0.3332718248590212,11.995909350013692,9.63348616524769,-12.83479890834291,12.312782192803711,-0.08473389176018559,12.83479890834291,0.013296199294668002,12.565556650339827,5.919955845319296,-1.1277114510918338,1.0353768981921132,-0.0066059452392892145,1.1277114510918338,0.050156214430083355,2.398154198625564,0.8459848214171362,0.05,2.3971125108459157,0.7069743876540321,0.0,0.10239954410595707,0.02508069705929807,1.0,1.0,1.0,2.2241372704662823e-12,-0.17985125415648756,0,0,0,1.408416351455434e-07,0.5082572736920477,662,0.0122,-0.15121,0.40732665151501884,8,8,0,0.0122,662,0.5082572736920477,-0.001543,-0.0015434308035091604,256,3.823793197086197e-17,6.6720055330223315e-18,-3.328942551227982e-19,621.4857894450853,289.78281870572516,0.6091702876905603,0.609170287691728,0.609170287691728,0.76146285961466,9.360565042686564e-12,1080,0.0703,0.0703,-0.08875,-0.005261,934,0.0209,0.0209,0.0877,0.819208,3,0.0018,-0.8222,-9.2e-05,17.321,0.0004,0.9606,-0.003746,17.286,0.0019,-0.9481,-0.000893,17.456,10.0196,1.7287,1.7252,1.7421,0.48813,0.70932,2.06689,0.17869,0.9881,0.9837,0.9956,0.5251,2.8062,0.8964,0.0117,7.5499,11.1467,3.9722,95,0.0991,0.5056,18,0.2217,0.7308,-1.0
204,2773,209553,0.0,2.755012142938459e-09,1.4190992537458252e-10,2.755012142938459e-09,0.3362995331752975,11.993336305161222,9.633954884800726,-12.833967634238899,12.605998811047991,-0.09166557717057199,12.833967634238899,0.0013349657885584065,12.565879217446549,5.900137984946528,-1.1277263807892848,1.0353874657923474,-0.006657301334052653,1.1277263807892848,0.050159736008864704,2.398154039990984,0.8457297768711582,0.05,2.3971130774599585,0.711228511664687,0.0,0.10239955824807269,0.025095398643408023,1.0,1.0,1.0,3.7306857956352917e-10,-0.17986692507566698,0,0,0,1.4269710065352222e-07,0.5077902082328062,663,0.0104,-0.15077,0.4075898408571924,10,10,0,0.0104,663,0.5077902082328062,-0.000307,-0.0003074598260459638,256,4.6120685298398635e-17,4.3159084396614946e-18,-6.619449626357861e-19,621.485789461022,289.782818713156,0.609170287690542,0.609170287691728,0.609170287691728,0.76146285961466,9.50716179507361e-12,1081,0.0699,0.0699,-0.0878,0.01889,934,0.0194,0.0194,0.07219,0.311623,3,0.0017,-0.7504,0.000226,17.312,0.0004,0.9703,-0.003408,17.269,0.0017,-0.888,-0.001196,17.388,10.0016,1.7309,1.7266,1.7385,0.48896,0.70542,2.06714,0.17904,0.9882,0.9837,0.9954,0.5251,2.8075,0.8969,0.0117,7.5536,11.1651,3.9769,95,0.0823,0.118,18,0.1514,0.5804,-3.0
205,2779,209561,0.0,2.7977258208495195e-09,1.400171722108027e-10,2.7977258208495195e-09,0.3324091458128185,11.995840028838973,9.634610104472287,-12.833033370620694,13.88208034540898,-0.10740577090470246,13.88208034540898,0.004401973134300685,12.566156171100129,5.905557816202781,-1.1277339513290867,1.035400368268124,-0.0069004541602288565,1.1277339513290867,0.05016331161741102,2.3981539786265813,0.8451920349299663,0.05,2.397114436191117,0.7069521532427826,0.0,0.10245044298479367,0.025071372056769264,1.0,1.0,1.0,1.2176855327810123e-13,-0.17988098686170664,0,0,0,1.454587426678136e-07,0.5075505650389405,664,0.0091,-0.15049,0.40784020864323933,9,9,0,0.0091,664,0.5075505650389405,-0.000877,-0.0008769501831729087,256,3.167092732932177e-17,3.0315619740808608e-18,-2.982689103868064e-19,621.4857894781775,289.7828187211552,0.6091702876905236,0.609170287691728,0.609170287691728,0.76146285961466,9.65456072653377e-12,1083,0.0716,0.0716,-0.07864,0.023845,937,0.01,0.01,0.04772,0.097636,3,0.0017,-0.6519,0.00023,17.309,0.0002,0.9976,-0.003332,17.258,0.0009,-0.703,-0.00111,17.328,9.9871,1.7332,1.728,1.735,0.49152,0.69782,2.06856,0.17906,0.9882,0.9838,0.9955,0.525,2.8068,0.8966,0.0117,7.5684,11.1884,3.9862,95,0.0458,-0.3901,18,0.0936,0.6789,-2.0
206,2782,209565,0.0,2.8414105490423025e-09,1.3881863623478212e-10,2.8414105490423025e-09,0.3280987963302149,11.99975375318837,9.63432620644096,-12.831797382467569,13.097319816269817,-0.10696460423470835,13.097319816269817,1.8596863771591643e-05,12.555594697062782,5.860629308169445,-1.1277407556497827,1.035413083242157,-0.006852334338125606,1.1277407556497827,0.050166917768359784,2.3981538442828336,0.8449887865892453,0.05,2.397114594223762,0.7062096761404202,0.0,0.10246176177301292,0.02507661871566707,1.0,1.0,1.0,6.148331337522761e-12,-0.1798966918181252,0,0,0,1.4764484200803912e-07,0.5075639538494039,664,0.0093,-0.15039,0.40803612710322934,9,9,0,0.0093,664,0.5075639538494039,-0.001152,-0.001152209478656463,256,1.8648077996054605e-17,2.0146038733049054e-18,-9.307074053326839e-20,621.4857894452562,289.78281870580486,0.6091702876905047,0.609170287691728,0.609170287691728,0.76146285961466,9.805310617559343e-12,1084,0.0719,0.0719,-0.073,-0.059522,939,0.0024,0.0024,0.04169,-0.108442,3,0.0018,-0.6237,0.000563,17.309,0.0001,-0.5587,-0.001767,17.296,0.0004,0.9968,-0.002497,17.312,9.9913,1.7324,1.7311,1.7327,0.4932,0.68785,2.07014,0.17906,0.9881,0.9838,0.9956,0.5248,2.8052,0.8961,0.0117,7.6058,11.169,3.9815,95,0.0512,-0.941,18,0.0851,-0.4173,-1.0
207,2785,209568,0.0,2.885952462221261e-09,1.3879156243143748e-10,2.885952462221261e-09,0.33265362883311145,11.993281702830064,9.6353804652079,-12.830799683039109,12.492664376056766,-0.10109345316245424,12.830799683039109,0.0003795532086990944,12.559033727716617,5.851762172067243,-1.1277544263415282,1.0354226821971477,-0.006797267875498113,1.1277544263415282,0.05017056125260641,2.3981536855985968,0.8449376405403458,0.05,2.3957576697691354,0.712809611716234,0.0,0.10247182449011666,0.02508368512566342,1.0,1.0,1.0,7.816885828150652e-10,-0.1799123360269671,0,0,0,1.4940881746971035e-07,0.5070873231002052,666,0.006,-0.1506,0.40818615777887696,8,8,0,0.006,666,0.5070873231002052,-0.000879,-0.0008794923607355898,256,2.6713192434776575e-17,2.301738562845508e-18,-5.861552967211453e-20,621.4857894437553,289.782818705105,0.6091702876904855,0.609170287691728,0.609170287691728,0.76146285961466,9.959018533663053e-12,1085,0.0714,0.0714,-0.06986,0.012406,939,0.0105,0.0105,0.04402,-0.173305,3,0.0017,-0.4601,0.000284,17.314,0.0003,-0.8962,0.005139,17.345,0.0011,0.8063,0.00051,17.412,10.0212,1.7278,1.7308,1.7375,0.4926,0.67523,2.07151,0.17941,0.9883,0.9837,0.9953,0.5246,2.8086,0.8972,0.0117,7.548,11.2538,4.0069,95,0.0638,-0.9994,19,0.1164,-0.1717,-2.0
208,2786,209569,0.0,2.9310676085260524e-09,1.4021042116481884e-10,2.9310676085260524e-09,0.3297193705139096,11.9945549241113,9.635650561613451,-12.829568007852869,12.086101049056081,-0.0974859925219972,12.829568007852869,0.00019946170582987519,12.554414036178422,5.869698189396887,-1.1277678010184642,1.0354353705630681,-0.006813104475163212,1.1277678010184642,0.05017427262625673,2.398153490405274,0.8449474155394253,0.054107898709333524,2.392893494337942,0.7107154359841164,0.0,0.10247309470441793,0.02510725210829858,1.0,1.0,1.0,1.649257095636161e-09,-0.17992729750692985,0,0,0,1.5250398993104145e-07,0.5070987026407253,666,0.0064,-0.15074,0.4082418690719941,7,7,0,0.0064,666,0.5070987026407253,-0.001166,-0.0011663811343038955,256,2.9727602947221953e-17,2.3511487354274313e-18,-1.979716905130309e-19,621.4857894600607,289.7828187127078,0.6091702876904662,0.609170287691728,0.609170287691728,0.76146285961466,1.0114704596865449e-11,1085,0.0744,0.0744,-0.0601,0.015796,940,0.0133,0.0133,0.02594,0.02625,3,0.0017,-0.4373,0.000281,17.314,0.0003,-0.759,-0.008234,17.296,0.0014,0.9174,-0.001532,17.259,9.9822,1.7345,1.7326,1.729,0.49332,0.67494,2.07213,0.1793,0.9883,0.9837,0.9954,0.5248,2.8081,0.897,0.0117,7.5299,11.2712,4.0138,95,0.0495,-0.3172,19,0.1638,0.4494,-2.0
209,2790,209574,0.0,2.9761536392520277e-09,1.414099111919351e-10,2.9761536392520277e-09,0.33121792187512006,11.994451655467705,9.635681164893514,-12.828389333862182,12.408129775558326,-0.08713707786521081,12.828389333862182,0.0005958032659724058,12.556882560387683,5.867587725092657,-1.1277729659630946,1.03544568056251,-0.006695249370623819,1.1277729659630946,0.05017805545842199,2.3981533438629947,0.8447574260946044,0.05,2.3887677449646376,0.7108710252869861,0.0,0.10247310884653354,0.025102011508556715,1.0,1.0,1.0,1.7420594991178233e-11,-0.1799405199848103,0,0,0,1.558951973089144e-07,0.5065878614702854,667,0.0052,-0.1508,0.4083127357913903,8,8,0,0.0052,667,0.5065878614702854,-0.002199,-0.0021991365053313228,256,1.895913380660177e-17,1.75242593481958e-18,-2.8725247236654182e-19,621.4857894442432,289.78281870533255,0.6091702876904468,0.609170287691728,0.609170287691728,0.76146285961466,1.0270290186797955e-11,1087,0.0748,0.0748,-0.05449,-0.043808,941,0.0122,0.0122,0.02388,0.106137,3,0.0017,-0.3749,-6.5e-05,17.32,0.0004,-0.5225,-0.00423,17.227,0.0015,0.9863,0.00164,17.166,9.9522,1.7403,1.731,1.7248,0.49443,0.67658,2.0736,0.17857,0.9882,0.9838,0.9955,0.5247,2.8084,0.8971,0.0117,7.5643,11.2727,4.0139,95,0.0836,0.5798,20,0.1424,0.8798,-3.0
210,2793,209577,0.0,3.0245991857008694e-09,1.451586639306253e-10,3.0245991857008694e-09,0.3352291186303783,11.998626572044135,9.63453488384162,-12.82735562197464,12.402419382672456,-0.07260223196751601,12.82735562197464,0.0004826512434917829,12.55844516443774,5.884806368069125,-1.1277971684766235,1.0354534464511504,-0.006604998582911769,1.1277971684766235,0.05018189197063614,2.398153051279307,0.8442886867475426,0.05,2.3809455986104053,0.709260963690621,0.0,0.10249636029280623,0.025107104288211533,1.0,1.0,1.0,3.606999069188055e-09,-0.17995544814037834,0,0,0,1.5918320532360606e-07,0.506589154442004,667,0.0057,-0.15095,0.4083899995261927,7,7,0,0.0057,667,0.506589154442004,-0.000586,-0.0005860892698770215,256,1.9620546708550696e-17,3.070173578754114e-18,-1.5355617643604492e-19,621.4857894427267,289.7828187046254,0.6091702876904259,0.609170287691728,0.609170287691728,0.76146285961466,1.0437468995647504e-11,1090,0.0766,0.0766,-0.05822,0.001769,941,0.0102,0.0102,0.02078,-0.241201,3,0.0018,-0.4252,-0.000319,17.319,0.0004,-0.3318,0.00999,17.229,0.0015,0.9949,0.004655,17.321,9.9822,1.735,1.7259,1.7352,0.49438,0.67968,2.07497,0.17777,0.9883,0.9837,0.9954,0.5249,2.8066,0.8965,0.0117,7.668,11.2003,3.9907,95,0.102,0.9696,18,0.1058,0.9998,-1.0
211,2793,209577,6.333744712909499e-26,3.0746523666762348e-09,1.5062307344569215e-10,3.0746523666762348e-09,0.3352323969258911,11.998626077879157,9.634534803859015,-12.871782658705625,13.193471246387201,-0.07511843337441136,13.193471246387201,0.0005986729625602658,12.562613242008718,5.835573951882388,-1.1278070718625155,1.0354595989957889,-0.00660691827827254,1.1278070718625155,0.05018579727031964,2.398152941198048,0.8442891779672553,0.05,2.3712527060603854,0.7083448493754807,1.4142115624116159e-08,0.1025057949742612,0.025141563954582478,4.9353771587434814e-05,1.4140954028044914,0.827836970795954,1.4355666071997494e-09,-0.1799711293925069,0,0,0,1.627849118993457e-07,0.5065921753232966,667,0.0064,-0.15109,0.40848980085819203,6,6,0,0.0064,667,0.5065921753232966,-0.000492,-0.0004920108031636339,256,3.5760091244708453e-17,4.3995063982810065e-18,-7.992412974791549e-19,621.4857894758871,289.7828187200873,0.6091702876904045,0.609170287691728,0.609170287691728,0.76146285961466,1.0610195525933383e-11,1090,0.0751,0.0751,-0.06754,0.003765,941,0.0041,0.0045,0.02742,-0.058095,3,0.0019,-0.4827,-0.000379,17.313,0.0003,-0.0334,0.009883,17.234,0.0012,0.8914,0.004095,17.473,10.0114,1.7293,1.7215,1.7453,0.49316,0.67604,2.07499,0.17872,0.9883,0.9837,0.9954,0.5249,2.8066,0.8965,0.0117,7.668,11.2003,3.9907,95,0.0841,0.9134,18,0.072,-0.4953,-2.0
212,2798,209583,0.0,3.2985825071753484e-09,2.2615757420103656e-10,3.2985825071753484e-09,0.3379221859434935,12.005771513034022,9.633423899465628,-13.637817849005376,12.232239235818543,-0.06681661937981669,13.637817849005376,0.001276721480252263,12.565169163826232,5.819753883326275,-1.1349188412191256,1.0386803918240386,-0.00665689136703459,1.1349188412191256,0.050206168608477805,2.398993681869689,0.8441001583622703,0.05,2.372348443514057,0.7154066732823544,0.0,0.11663282558713699,0.03336021255163673,1.0,1.0,1.0,1.2021147938509725e-12,-0.19315388815174758,0,0,0,1.785574233559184e-07,0.5067154278796144,667,0.0075,-0.15092,0.4088020559523709,6,6,0,0.0075,667,0.5067154278796144,0.006504,0.00650362382009817,256,9.6737365664026e-17,8.599540340374493e-18,-2.1471819352604673e-18,621.4857915624513,289.7828196929984,0.609170287690308,0.6091702876917277,0.609170287691728,0.7614628596146595,1.1382947100417932e-11,1094,0.0696,0.0696,-0.08362,-0.046129,942,0.0098,0.0098,0.04457,0.083821,3,0.002,-0.5272,-0.001273,17.332,0.0003,0.6007,-0.001926,17.213,0.0011,0.3626,0.000401,17.462,10.0089,1.7316,1.7198,1.7447,0.49431,0.67401,2.0774,0.17738,0.9883,0.9836,0.9952,0.525,2.8619,0.8761,0.0117,7.9098,11.0257,3.8526,95,0.0795,0.0452,18,0.1462,-0.8979,-2.0
213,2800,209585,0.0,3.3607420943917067e-09,2.331283674604615e-10,3.3607420943917067e-09,0.3408351530480338,12.003226702976155,9.633907419023965,-12.832882727926602,11.901100131919716,-0.06307308103273211,12.832882727926602,0.0004829150672860383,12.558617810837957,5.8078717753181115,-1.1349707491852647,1.038706164194954,-0.006676909918018518,1.1349707491852647,0.05021059324265146,2.398997280345807,0.8441573509968563,0.05476587513497899,2.3732101924697204,0.7094857719286222,0.0,0.11669627073683062,0.03339313557252342,1.0,1.0,1.0,3.996337375917364e-09,-0.193192655660842,0,0,0,1.819606386276965e-07,0.5066362589252675,668,0.0062,-0.15143,0.40874058714356903,5,5,0,0.0062,668,0.5066362589252675,-0.000987,-0.0009873920051262086,256,6.112954929973727e-17,5.54941974052111e-18,-3.3923760580268114e-19,621.4857916250882,289.78281972220435,0.6091702876902813,0.6091702876917277,0.609170287691728,0.7614628596146595,1.1597451145010695e-11,1095,0.0673,0.0673,-0.0899,-0.005573,942,0.0073,0.0073,0.0404,0.013445,3,0.0019,-0.4961,-7.2e-05,17.332,0.0002,0.9776,-0.00282,17.179,0.0006,-0.3023,0.00028,17.404,9.9912,1.7347,1.7194,1.742,0.49418,0.67298,2.0786,0.17686,0.9884,0.9836,0.9951,0.5246,2.8633,0.8765,0.0117,7.897,11.0571,3.8617,95,0.0914,-0.8867,19,0.2119,-0.9806,-2.0
214,2802,209587,0.0,3.4195745685385004e-09,2.359274570989468e-10,3.4195745685385004e-09,0.3437143770358282,12.000603085357586,9.634244622456876,-12.83249749912236,11.901168700808752,-0.06909339452651263,12.83249749912236,0.013158229834088916,12.560119136567366,5.809902366848254,-1.1350222755939168,1.0387379876709915,-0.006722442294887879,1.1350222755939168,0.05021505900203207,2.3989998669384693,0.8443120246825417,0.05,2.373212801074906,0.7089427691141774,0.0,0.11670382131101965,0.0334254664390754,1.0,1.0,1.0,1.1890222004556965e-08,-0.19322517659380645,0,0,0,1.8599267486748135e-07,0.5065890504831092,669,0.005,-0.15169,0.4087583676137158,5,5,0,0.005,669,0.5065890504831092,-0.002212,-0.002211680188765719,256,6.243082516167708e-17,4.8599810788836434e-18,7.656766129482179e-19,621.4857914750947,289.7828196522663,0.6091702876902558,0.6091702876917277,0.609170287691728,0.7614628596146595,1.1800473791517119e-11,1096,0.0657,0.0657,-0.09215,0.000912,942,0.0065,0.0065,0.02451,0.091821,3,0.0019,-0.445,-7e-05,17.331,0.0002,0.3698,-0.001592,17.167,0.0009,-0.9966,-0.000279,17.376,9.9834,1.736,1.7196,1.7405,0.49347,0.67314,2.07922,0.17868,0.9884,0.9836,0.9952,0.525,2.8647,0.877,0.0117,7.9093,11.0626,3.8617,95,0.13,-0.883,19,0.2148,-0.9941,0.0
215,2809,209597,0.0,3.4812597786511677e-09,2.404314390162474e-10,3.4812597786511677e-09,0.3325621984613446,12.009537519075932,9.633674216750443,-12.922583603866416,11.97234638280253,-0.07021907647550452,12.922583603866416,0.013122665157075773,12.558107197559497,5.837663750516832,-1.1351045009300607,1.0387724342315403,-0.006746951832724812,1.1351045009300607,0.050219656445797844,2.3990012884010525,0.8442335348542435,0.05,2.373213388218002,0.7024043463895949,0.0,0.11670885974158057,0.033405946212029684,1.0,1.0,1.0,8.650222307952362e-12,-0.19325763153640058,0,0,0,1.899409536251389e-07,0.5066166123389791,669,0.0052,-0.15191,0.4087701849362962,5,5,0,0.0052,669,0.5066166123389791,-0.001978,-0.0019782850650829076,256,6.48444233499103e-17,5.379196226437354e-18,4.924822510187053e-19,621.4857914982958,289.78281966308435,0.6091702876902293,0.6091702876917277,0.609170287691728,0.7614628596146595,1.2013340827791828e-11,1098,0.0663,0.0663,-0.09409,0.006766,947,0.0155,0.0155,-0.00976,0.157298,3,0.002,-0.4499,-9e-06,17.33,0.0005,0.3259,-0.003382,17.216,0.0017,-0.9909,-0.004183,17.349,9.9872,1.7352,1.7238,1.7371,0.49265,0.67625,2.08181,0.17829,0.9883,0.9837,0.9953,0.5251,2.8611,0.8758,0.0117,7.9743,11.0356,3.8571,95,0.1083,-0.8339,18,0.2371,-0.8715,-2.0
216,2814,209604,0.0,3.5577995981568246e-09,2.424837753399193e-10,3.5577995981568246e-09,0.33974999852945975,12.011354843970794,9.632609957050052,-12.83179658211898,11.901291470392588,-0.06656005022850899,12.83179658211898,0.013086051659399533,12.558109382261526,5.837840202504263,-1.1351896479689716,1.038809533312957,-0.006774431781709349,1.1351896479689716,0.05022438325964524,2.3990021524225593,0.8442683018655127,0.05,2.3732138694595406,0.7183531211337992,0.0,0.11670950191979088,0.03341025898886082,1.0,1.0,1.0,1.4595761423617166e-12,-0.19329563430209068,0,0,0,1.9559341313488683e-07,0.5063627348978089,670,0.0057,-0.15178,0.40875853966951814,5,5,0,0.0057,670,0.5063627348978089,-0.002782,-0.002782318924867244,256,5.558131797502379e-17,4.5587026463561225e-18,4.002442313453656e-19,621.4857915312652,289.78281967845714,0.6091702876901963,0.6091702876917277,0.609170287691728,0.7614628596146595,1.227746904424685e-11,1102,0.0665,0.0665,-0.09401,-0.000249,947,0.0186,0.0186,-0.0212,0.04604,3,0.0019,-0.4848,2.1e-05,17.327,0.0005,0.4368,-0.000986,17.246,0.0019,-0.9985,-0.002086,17.348,9.9923,1.7341,1.7259,1.7361,0.49178,0.67639,2.08457,0.17803,0.9884,0.9836,0.9951,0.5249,2.8605,0.8757,0.0117,8.0228,11.027,3.8549,95,0.0293,-0.8978,18,0.1223,-0.8289,-1.0
217,2820,209612,0.0,3.6205950037160057e-09,2.4178067708936044e-10,3.6205950037160057e-09,0.3493876058947868,12.014288294833278,9.63142352407029,-12.831561757063714,11.901352832921877,-0.06594567655015128,12.831561757063714,0.005731038107487874,12.561306464947748,5.843141203841226,-1.135266729549685,1.0388503175267645,-0.006898333547636469,1.135266729549685,0.050229193352535166,2.399003269916387,0.8443294579401545,0.05,2.3732167454979125,0.7139615118638097,0.0,0.11675724653329728,0.03340017007585594,1.0,1.0,1.0,7.463572124934092e-13,-0.19333360539988034,0,0,0,1.9846396796923353e-07,0.5064110515738585,671,0.0042,-0.15195,0.4086323586373603,5,5,0,0.0042,671,0.5064110515738585,-0.00054,-0.0005400112918976241,256,3.641901184599779e-17,4.9078693529284076e-18,5.250306515397739e-19,621.4857915267212,289.78281967633836,0.6091702876901693,0.6091702876917277,0.609170287691728,0.7614628596146595,1.24941672103263e-11,1107,0.0705,0.0705,-0.09239,-0.00147,947,0.0177,0.0177,-0.02429,0.017888,3,0.002,-0.4203,4.8e-05,17.327,0.0004,0.4585,-0.000142,17.266,0.0018,-0.9991,-0.001109,17.355,9.9973,1.7331,1.7271,1.7359,0.49209,0.67824,2.08639,0.17848,0.9884,0.9835,0.995,0.5245,2.8594,0.8753,0.0117,8.1781,10.9385,3.8255,95,0.0438,0.9229,18,0.0291,-0.9509,1.0
218,2823,209616,0.0,3.6866588563769713e-09,2.382193537952906e-10,3.6866588563769713e-09,0.3537929976477438,12.002462408949174,9.633499245959408,-12.830980159746744,12.063255323823993,-0.06065090920656844,12.830980159746744,0.00826656992410095,12.558106336882197,5.8361045113979495,-1.135349336783284,1.0388890196252896,-0.006826414337100324,1.135349336783284,0.050234114036732176,2.3990084406643333,0.8443756214284042,0.05,2.3732182384137253,0.7092139571330044,0.0,0.11676542514329116,0.03342502507388971,1.0,1.0,1.0,8.187485801523266e-13,-0.19337183585112117,0,0,0,2.022381934649852e-07,0.505689357551491,674,-0.0003,-0.15249,0.4085170185761638,5,5,0,-0.0003,674,0.505689357551491,-0.001826,-0.0018262276812874845,256,5.079812696557267e-17,1.238989259674785e-17,5.424761980191396e-19,621.4857914089338,289.78281962141716,0.6091702876901409,0.6091702876917277,0.609170287691728,0.7614628596146595,1.2722144332757051e-11,1107,0.0692,0.0692,-0.09408,-0.015719,947,0.0125,0.0125,-0.01448,-0.014882,3,0.0019,-0.2242,7e-05,17.33,0.0003,0.5337,0.00054,17.262,0.0012,-0.9438,0.00068,17.361,9.9983,1.7333,1.7265,1.7364,0.49203,0.67951,2.08803,0.17922,0.9885,0.9835,0.9949,0.5243,2.8655,0.8772,0.0117,8.0284,11.1111,3.8775,95,0.0822,0.964,18,0.114,-0.1522,1.0
219,2827,209620,0.0,3.7543490428210646e-09,2.384824068708658e-10,3.7543490428210646e-09,0.3555454425267308,11.997110268005535,9.63497804869677,-13.083314450970033,12.33143866102781,-0.05234689686065252,13.083314450970033,0.012971515091675488,12.565896972508721,5.840854444718532,-1.135439008199156,1.0389269709933708,-0.006777282012487821,1.135439008199156,0.0502391638344279,2.399012696950251,0.8446876221683156,0.05,2.3732188796872986,0.7051742957016758,0.0,0.11677360375328505,0.03343841642909921,1.0,1.0,1.0,2.694057384779387e-08,-0.19340842537873468,0,0,0,2.063127024983402e-07,0.5053438184101071,676,-0.003,-0.15265,0.40855683238790574,5,5,0,-0.003,676,0.5053438184101071,-0.001288,-0.001288457945947119,256,5.584079019373511e-17,1.1915088528117224e-17,-1.3006386301708086e-18,621.4857914923773,289.7828196603247,0.6091702876901118,0.6091702876917277,0.609170287691728,0.7614628596146595,1.2955733701610769e-11,1108,0.067,0.067,-0.09776,-0.012068,948,0.009,0.009,0.00657,-0.044472,3,0.002,-0.0975,5e-06,17.335,0.0002,0.9975,0.003305,17.211,0.0009,-0.0264,0.004411,17.388,9.9948,1.7344,1.722,1.7397,0.49108,0.67942,2.09036,0.17874,0.9884,0.9837,0.9952,0.5246,2.8685,0.8781,0.0117,7.9698,11.2007,3.9047,95,0.0775,0.2842,18,0.1487,-0.4899,0.0
220,2830,209624,0.0,3.8289987499343156e-09,2.448541468385609e-10,3.8289987499343156e-09,0.35988476122882546,12.001737834806038,9.633968610393561,-12.829868742152392,12.023571794596421,-0.05102202273999156,12.829868742152392,0.0030614705217182347,12.5580621054611,5.87513582414559,-1.135517337229453,1.0389656972731376,-0.0068495574667837246,1.135517337229453,0.05024428203799174,2.399013306840793,0.844958211447322,0.05,2.3732207458448342,0.7107382674701588,0.0,0.11677613003974223,0.0334694828969429,1.0,1.0,1.0,2.1606054530354595e-11,-0.1934459099865463,0,0,0,2.1152336113714342e-07,0.5053580538057747,676,-0.0028,-0.15282,0.40855416025168556,5,5,0,-0.0028,676,0.5053580538057747,-0.00223,-0.0022296038886810976,256,2.3622593649249262e-17,4.6847891566434866e-18,-4.590251293561948e-19,621.4857913889099,289.7828196120805,0.6091702876900796,0.6091702876917277,0.609170287691728,0.7614628596146595,1.3213339407284488e-11,1111,0.0629,0.0629,-0.1011,-0.009906,948,0.0191,0.0181,0.03713,-0.138689,3,0.002,-0.0957,-3.8e-05,17.334,0.0004,0.7498,0.004912,17.184,0.0018,0.5869,0.003729,17.448,10.0012,1.7332,1.7182,1.7446,0.49129,0.67976,2.09088,0.17836,0.9884,0.9836,0.9952,0.5247,2.8663,0.8774,0.0117,8.0725,11.1273,3.8821,95,0.0433,-0.9935,19,0.1845,-0.4669,-1.0
221,2837,209632,0.0,3.949509482975918e-09,2.6324659314672213e-10,3.949509482975918e-09,0.3662063635827802,12.000826260283299,9.633873540106888,-12.829407115020478,12.746978723691992,-0.0600321921407525,12.829407115020478,0.007564087754613112,12.55803525103523,5.896180113386067,-1.135779678305426,1.0390035054267124,-0.0067733003510036865,1.135779678305426,0.05024951721795326,2.3990156380044296,0.8449251473820147,0.05,2.373221440629962,0.7131501093444604,0.0,0.11681508227217259,0.03345392214150394,1.0,1.0,1.0,3.588184651329486e-13,-0.1934837407221735,0,0,0,2.1857772514768e-07,0.5048876047094184,678,-0.0005,-0.15152,0.40801964561328447,5,5,0,-0.0005,678,0.5048876047094184,-0.002679,-0.002679423130676817,256,4.0989940958691096e-17,6.0463691087735706e-18,-8.503842007574924e-19,621.4857914586103,289.78281964458,0.6091702876900278,0.6091702876917277,0.609170287691728,0.7614628596146595,1.3629205098563159e-11,1115,0.0599,0.0599,-0.10443,0.011504,949,0.033,0.033,0.04911,-0.11754,3,0.0017,-0.1944,-3e-06,17.327,0.0006,0.7003,-0.00073,17.183,0.0029,0.5641,-0.000672,17.432,9.9965,1.7333,1.7189,1.7439,0.49122,0.68074,2.09432,0.17854,0.9885,0.9836,0.9951,0.5252,2.8672,0.8777,0.0117,8.1251,11.1372,3.8843,95,0.1106,-0.6186,19,0.1389,-0.6937,0.0
222,2843,209640,0.0,4.207737964698391e-09,2.7383418726766514e-10,4.207737964698391e-09,0.35775973380436904,12.0030756832673,9.635053262810965,-12.828462286658299,12.133743452204445,-0.07576357287686254,12.828462286658299,0.01284550603004925,12.558001230362585,5.896831375203224,-1.1358455708073796,1.039040303011912,-0.00685112357401332,1.1358455708073796,0.050254928433472665,2.3990169564457418,0.8448692048249862,0.05,2.373222508383869,0.7062997760464038,0.0,0.1168157244503829,0.03343486784260475,1.0,1.0,1.0,1.2976113756004731e-11,-0.19351393652977222,0,0,0,2.236307656785071e-07,0.5045327216728493,679,-0.0016,-0.15157,0.4081015032967323,5,5,0,-0.0016,679,0.5045327216728493,-0.001602,-0.0016015204636223856,256,6.438886277123739e-17,5.1819473063478774e-18,-6.530718363660072e-20,621.4857914383241,289.7828196351211,0.6091702876899165,0.6091702876917277,0.609170287691728,0.7614628596146595,1.4520315490050612e-11,1116,0.0587,0.0587,-0.10787,0.0041,953,0.0365,0.0365,0.05262,-0.023076,3,0.0018,-0.1589,-9.5e-05,17.324,0.0007,0.6572,-0.000782,17.18,0.0033,0.6397,-0.000444,17.419,9.9928,1.7336,1.7193,1.7432,0.49067,0.68244,2.09788,0.17896,0.9884,0.9837,0.9953,0.5251,2.8668,0.8776,0.0117,8.0905,11.2006,3.907,95,0.1655,-0.4694,19,0.1731,-0.9754,1.0
223,2844,209641,0.0,4.3004356154896836e-09,2.809685791724796e-10,4.3004356154896836e-09,0.3547886366639603,12.004425565109624,9.635305175598342,-12.827593471287846,12.195170798838765,-0.07909072146800884,12.827593471287846,0.012800476187793385,12.558900544971328,5.909542763287708,-1.13586554566298,1.0390799713167083,-0.006776138883076446,1.13586554566298,0.05026052558439193,2.399017819251492,0.8448344650972385,0.05,2.373224215699242,0.7157915456874788,0.0,0.11683018341515541,0.03347746546304165,1.0,1.0,1.0,2.889966431238785e-08,-0.1935431951668479,0,0,0,2.286007981418443e-07,0.504551734526502,679,-0.0014,-0.1518,0.4081000127158942,5,5,0,-0.0014,679,0.504551734526502,-0.001562,-0.001561975932772297,256,8.060017835527626e-17,5.632142977708875e-18,7.149258235917304e-19,621.4857914727519,289.7828196511739,0.6091702876898767,0.6091702876917277,0.609170287691728,0.7614628596146595,1.4840202123322332e-11,1116,0.0573,0.0573,-0.10925,-0.000734,954,0.0393,0.0393,0.05612,-0.017063,3,0.0017,-0.1838,-6.9e-05,17.321,0.0008,0.6687,-0.000185,17.18,0.0035,0.608,-0.000239,17.416,9.9915,1.7336,1.7194,1.7431,0.48982,0.6822,2.09802,0.17977,0.9884,0.9837,0.9952,0.525,2.8663,0.8774,0.0117,8.0891,11.2052,3.9093,95,0.1613,-0.415,19,0.188,-0.6899,-1.0
224,2848,209646,0.0,4.3921469151873175e-09,2.877307815543171e-10,4.3921469151873175e-09,0.3607977948703626,12.004732892861885,9.634668474406686,-12.826788809691962,12.310209249949578,-0.07909358796285687,12.826788809691962,0.0127540413117003,12.563362208124177,5.940958706829724,-1.1358788500159986,1.039124812379704,-0.006946319431069597,1.1358788500159986,0.05026621225321354,2.39901939058048,0.8447410334692029,0.05,2.3732276291649685,0.7152719615323735,0.0,0.11683899006090585,0.033488692160826256,1.0,1.0,1.0,4.700883007870324e-12,-0.1935755401013835,0,0,0,2.337741606816896e-07,0.5043955020080896,680,-0.0027,-0.15195,0.4081197743844048,6,6,0,-0.0027,680,0.5043955020080896,-0.002113,-0.0021129011889255978,256,7.771658139808351e-17,5.803390870116393e-18,5.166616156222378e-19,621.4857914477864,289.7828196395331,0.6091702876898372,0.6091702876917277,0.609170287691728,0.7614628596146595,1.5156684998271466e-11,1119,0.0562,0.0562,-0.10877,0.003448,954,0.0402,0.0402,0.05808,-0.010936,3,0.0018,-0.1042,8e-06,17.316,0.0008,0.726,-4.5e-05,17.18,0.0035,0.6083,-0.000255,17.413,9.9901,1.7334,1.7197,1.743,0.48908,0.6812,2.09935,0.17981,0.9883,0.9838,0.9954,0.5249,2.8663,0.8774,0.0117,8.1476,11.1856,3.9025,95,0.0955,-0.3591,19,0.1507,-0.7828,1.0
225,2853,209653,0.0,4.488351221568869e-09,2.921585834955092e-10,4.488351221568869e-09,0.3684877008544017,11.98483329120551,9.638473010049307,-12.826178569495116,12.331771403099959,-0.07794731094009266,12.826178569495116,0.012068721075928934,12.55775741049396,5.918408744086951,-1.1359014184884941,1.039171075462427,-0.007036534059811637,1.1359014184884941,0.050272065074315024,2.3990205062192116,0.8449435321515467,0.05,2.3732283779532715,0.7086137891997351,0.0,0.1168729180546518,0.03348929176514476,1.0,1.0,1.0,7.557606758524085e-14,-0.19360830630923784,0,0,0,2.386682652067297e-07,0.5031354413047916,685,-0.01,-0.15229,0.40807414602652214,7,7,0,-0.01,685,0.5031354413047916,-0.002158,-0.0021575874048147536,256,7.157404362827393e-17,3.837822764549047e-18,4.021332351339859e-19,621.4857914717294,289.7828196506971,0.6091702876897958,0.6091702876917277,0.609170287691728,0.7614628596146595,1.5488672609988085e-11,1119,0.0563,0.0563,-0.10808,0.004449,954,0.0426,0.0426,0.05968,0.002453,3,0.0019,0.2344,5.9e-05,17.315,0.001,0.9063,-0.000311,17.184,0.0037,0.6234,-0.000365,17.408,9.9896,1.7333,1.7201,1.7426,0.489,0.68225,2.10217,0.18006,0.9884,0.9839,0.9955,0.5251,2.8764,0.8805,0.0117,7.9498,11.4272,3.9727,95,0.0023,-0.7569,19,0.0591,-0.8579,2.0
226,2856,209657,0.0,4.5880919170852276e-09,2.9610974527129407e-10,4.5880919170852276e-09,0.3728008524806407,11.98940336559565,9.637571583013584,-12.825731708435645,12.35268719852915,-0.07177847378107072,12.825731708435645,0.011543010482493137,12.56197251626665,5.92793919660386,-1.1359348644807827,1.0392157410664211,-0.006989859063698994,1.1359348644807827,0.05027817111835001,2.399021318073346,0.8450279490987201,0.05,2.3732293401228675,0.7113682156404798,0.0,0.11695708754349719,0.03351316822582871,1.0,1.0,1.0,7.709545226211742e-13,-0.19364254267495398,0,0,0,2.4308333102859275e-07,0.503168220603501,685,-0.0099,-0.15249,0.4080979092188309,6,6,0,-0.0099,685,0.503168220603501,-0.001062,-0.0010623754666720941,256,6.146031058554911e-17,7.015870468387413e-18,5.730540633333348e-19,621.485791478557,289.7828196538806,0.6091702876897529,0.6091702876917277,0.609170287691728,0.7614628596146595,1.5832863806644193e-11,1122,0.0586,0.0586,-0.10583,0.01483,954,0.0437,0.0437,0.06033,0.014058,3,0.002,0.2319,-1.8e-05,17.315,0.001,0.9069,-0.000297,17.184,0.0039,0.6202,-0.000198,17.404,9.9888,1.7334,1.7203,1.7424,0.48947,0.68339,2.10406,0.17922,0.9883,0.9839,0.9955,0.5249,2.874,0.8798,0.0117,8.0689,11.3395,3.9455,95,0.0904,0.1478,19,0.0458,-0.9468,2.0
227,2856,209657,5.608961961756731e-26,4.692348923174055e-09,2.9732125712043513e-10,4.692348923174055e-09,0.37281008152598705,11.989402492129532,9.637571358160923,-12.824766671751169,11.901877020050764,-0.08281329157491506,12.824766671751169,0.0027351388864413906,12.558665495530827,5.944680697292475,-1.1359621717247486,1.039255219791604,-0.006990612937923689,1.1359621717247486,0.05028446923335935,2.3990234955475898,0.8450288334357828,0.05,2.373229449174597,0.7088617340054123,1.4142115624116159e-08,0.11697971095614988,0.033573834563440506,6.705111596860824e-05,1.4142036724181895,0.8358587752820991,6.5089508199034815e-09,-0.19367827886005012,0,0,0,2.4856262075777386e-07,0.503184166711333,685,-0.0097,-0.15274,0.40811422730772223,6,6,0,-0.0097,685,0.503184166711333,-0.001484,-0.0014837983626838636,256,4.547368704880599e-17,9.373798484640858e-18,5.184683885053881e-19,621.4857914701206,289.782819649947,0.6091702876897079,0.6091702876917277,0.609170287691728,0.7614628596146595,1.6192640160111415e-11,1122,0.056,0.056,-0.10804,0.003997,954,0.0449,0.0449,0.06113,0.030865,3,0.0019,0.2382,-7.1e-05,17.318,0.001,0.8893,-0.000879,17.18,0.004,0.656,-0.000102,17.392,9.9862,1.7342,1.7203,1.7416,0.48945,0.68251,2.10409,0.17944,0.9883,0.9839,0.9955,0.5249,2.874,0.8798,0.0117,8.0689,11.3395,3.9455,95,0.1287,0.3922,19,0.0335,-0.8304,1.0
228,2858,209659,0.0,4.93471095900003e-09,4.832238845259029e-10,4.93471095900003e-09,0.376169884157634,11.992169068147515,9.637097448214833,-13.075712387921564,11.948860387851834,-0.0864751837961227,13.075712387921564,0.0014663071779289344,12.564263415629657,5.933899226153597,-1.1442969000114949,1.0419742682577924,-0.007055236594399831,1.1442969000114949,0.05030750354706371,2.4010219530106514,0.8451033320273816,0.05,2.371039827490476,0.7132181496956745,0.0,0.13075098519241468,0.04190307842380806,1.0,1.0,1.0,2.255860345368755e-08,-0.2066431119488437,0,0,0,2.6561326143496416e-07,0.5032537419048297,685,-0.0088,-0.15277,0.4082597920978422,7,7,0,-0.0088,685,0.5032537419048297,-0.014139,-0.014139310182701426,256,8.046636282221054e-17,1.1663435324653366e-17,3.480276838653187e-18,621.4857940346983,289.7828208457435,0.6091702876896036,0.6091702876917271,0.609170287691728,0.7614628596146589,1.702899759412192e-11,1124,0.0504,0.0504,-0.1162,-0.2141,954,0.0477,0.0477,0.05745,0.032151,3,0.0019,0.1865,-3.7e-05,17.305,0.0011,0.8847,-0.001968,17.192,0.0043,0.6229,-0.002247,17.362,9.9803,1.7339,1.7226,1.7397,0.48938,0.68447,2.10485,0.18009,0.9883,0.9838,0.9954,0.5248,2.8725,0.8793,0.0117,8.1569,11.2751,3.9252,95,0.1282,-0.0287,19,0.1542,-0.2655,0.0
229,2863,209666,0.0,5.058503859883294e-09,4.902503228743088e-10,5.058503859883294e-09,0.3667330198570166,11.997859551036234,9.636943102957733,-13.132572413181359,13.709189270194654,-0.08634334030635657,13.709189270194654,0.0014239776782309253,12.56440919134715,5.941412052754863,-1.1444148999183417,1.0420817831663658,-0.0071826206343093045,1.1444148999183417,0.05031496797899282,2.4010224915910605,0.8451479913918091,0.05,2.368736632125433,0.7036999906249839,0.0,0.13075351147887185,0.041944190517077644,1.0,1.0,1.0,8.537939574010871e-10,-0.2067308708077871,0,0,0,2.722218283940863e-07,0.5032820662655159,685,-0.0087,-0.15296,0.4082804251203125,6,6,0,-0.0087,685,0.5032820662655159,-0.002144,-0.002143780333336398,256,1.7692854883604078e-16,3.845887310240036e-17,5.406401855953399e-18,621.485794072791,289.78282086350515,0.6091702876895504,0.6091702876917271,0.609170287691728,0.7614628596146589,1.7456189586428155e-11,1125,0.0489,0.0489,-0.11806,-0.009108,958,0.044,0.044,0.05693,0.006017,3,0.0019,0.1845,-0.000102,17.305,0.001,0.8565,-0.000132,17.192,0.0041,0.6652,-9.8e-05,17.362,9.9803,1.7339,1.7226,1.7396,0.48886,0.68303,2.10673,0.18018,0.9883,0.9839,0.9955,0.5246,2.87,0.8786,0.0117,8.1583,11.2914,3.9343,95,0.1074,-0.5769,19,0.2189,-0.0415,0.0
230,2865,209669,0.0,5.186704602124073e-09,4.980567648718399e-10,5.186704602124073e-09,0.36986775055487203,12.000934678467798,9.636358930508091,-13.148728549393335,12.06345031087754,-0.08550615832506918,13.148728549393335,0.001393175292997962,12.564573451923815,5.935732920230993,-1.1445450756837698,1.0421995377589741,-0.00726661509461288,1.1445450756837698,0.05032266221684905,2.4010237585926983,0.8452076662446287,0.05,2.3692629428484784,0.7040883337700845,0.0,0.1307572938374255,0.042032884281457635,1.0,1.0,1.0,6.993203403574978e-12,-0.20682217199787428,0,0,0,2.792241644443751e-07,0.5033157655119305,685,-0.0086,-0.15319,0.40829695160189466,6,6,0,-0.0086,685,0.5033157655119305,-0.002014,-0.0020136138124320357,256,2.223834119086222e-16,6.290851178529792e-17,6.655848451512847e-18,621.4857939692337,289.78282081521905,0.6091702876894951,0.6091702876917271,0.609170287691728,0.7614628596146589,1.7898592427021033e-11,1127,0.0493,0.0493,-0.1189,0.007489,958,0.0445,0.0445,0.05786,0.003918,3,0.002,0.1846,-1.8e-05,17.306,0.001,0.8426,6.8e-05,17.193,0.0042,0.6849,3.1e-05,17.365,9.9814,1.7339,1.7225,1.7397,0.48896,0.68352,2.1075,0.18008,0.9883,0.9839,0.9955,0.5246,2.8685,0.8781,0.0117,8.2207,11.2462,3.9206,95,0.0906,-0.9427,18,0.2364,0.5567,-2.0
231,2868,209672,0.0,5.319697387865929e-09,5.012885169586786e-10,5.319697387865929e-09,0.3657979660027755,12.004743685461232,9.63635614709652,-13.158286517929724,13.682422429422783,-0.08432150986924006,13.682422429422783,0.0012739867533584283,12.56530131931803,5.920430714276265,-1.144672549437229,1.0423190449869295,-0.007225652732771338,1.144672549437229,0.050330509278681504,2.401026750138364,0.8453110485087532,0.06480729479284741,2.368227957543983,0.7120429234470613,0.0,0.13077803314843045,0.04210969330305818,1.0,1.0,1.0,6.583189210248894e-09,-0.20691494765317872,0,0,0,2.868008145910671e-07,0.5033556216841136,685,-0.0085,-0.15339,0.40831615254944087,7,7,0,-0.0085,685,0.5033556216841136,-0.002372,-0.002371669225597506,256,2.078141051271404e-16,5.883758096658333e-17,4.839040109927437e-18,621.4857938855778,289.7828207762125,0.6091702876894378,0.6091702876917271,0.609170287691728,0.7614628596146589,1.835753193932126e-11,1128,0.0486,0.0486,-0.1186,0.009948,960,0.045,0.045,0.05831,0.00695,3,0.002,0.1961,2.6e-05,17.307,0.001,0.83,-1.1e-05,17.194,0.0042,0.7097,-1.3e-05,17.365,9.9816,1.7339,1.7226,1.7397,0.48917,0.6838,2.10886,0.18033,0.9883,0.9839,0.9956,0.5244,2.8667,0.8776,0.0117,8.2324,11.2459,3.9229,95,0.0933,-0.9935,18,0.247,0.7938,-1.0
232,2871,209676,0.0,5.45819357947062e-09,5.061534571978231e-10,5.45819357947062e-09,0.37092651918271874,12.009015386614893,9.635703901905593,-13.188682754991083,12.509362790853084,-0.08453923683459003,13.188682754991083,0.0011822361861444223,12.564915817358344,5.937353566804704,-1.1447902146582707,1.0424363628272215,-0.007229544496667448,1.1447902146582707,0.05033859369655162,2.4010286675599373,0.8453376454940359,0.05,2.3648301245833485,0.7100045238343882,0.0,0.13080693689065054,0.04218556808558278,1.0,1.0,1.0,6.303644223797768e-10,-0.20700632242171288,0,0,0,2.9454822819429314e-07,0.5033925173840763,685,-0.0084,-0.15357,0.40834821583857694,7,7,0,-0.0084,685,0.5033925173840763,-0.002241,-0.0022412525887554047,256,6.516762740117196e-16,4.317825622125636e-17,-2.968839792391813e-20,621.4857939490331,289.78282080580004,0.6091702876893783,0.6091702876917271,0.609170287691728,0.7614628596146589,1.8835462931491258e-11,1131,0.0446,0.0446,-0.11904,0.005258,960,0.0456,0.0456,0.05885,0.009422,3,0.0019,0.2186,-3.8e-05,17.307,0.001,0.8207,-5.5e-05,17.196,0.0041,0.7369,-9.7e-05,17.366,9.9822,1.7338,1.7226,1.7397,0.48918,0.68384,2.11078,0.17934,0.9883,0.9839,0.9955,0.5246,2.8061,0.8964,0.0117,8.318,11.1853,3.9861,95,0.074,-0.8065,18,0.1641,0.7438,0.0
233,2872,209677,0.0,5.6023103538832e-09,5.104485356828031e-10,5.6023103538832e-09,0.372721997038424,12.010404595718493,9.635481048996326,-13.75987276958789,12.502419447744444,-0.08171251666537208,13.75987276958789,0.0011210525295355176,12.565082949450703,5.947438408377,-1.1449188934164198,1.0425546076764876,-0.007197906476183975,1.1449188934164198,0.05034708073751543,2.40103712333438,0.8452533612099317,0.05,2.3571789396154332,0.7107353762996909,0.0,0.13090743427149204,0.04229116947078832,1.0,1.0,1.0,9.98206339085251e-10,-0.2071010100121971,0,0,0,3.0213283097987986e-07,0.503426765090584,685,-0.0083,-0.15372,0.4083812112644512,7,7,0,-0.0083,685,0.503426765090584,-0.001588,-0.0015880116432749336,256,5.647969041066557e-16,2.9379035322735437e-17,1.7001272200203275e-18,621.4857939510624,289.78282080674626,0.6091702876893162,0.6091702876917271,0.609170287691728,0.7614628596146589,1.933278977092757e-11,1132,0.0419,0.0419,-0.11961,0.013913,960,0.0458,0.0458,0.05871,0.005059,3,0.0019,0.2252,-5.3e-05,17.309,0.001,0.8092,-7.6e-05,17.196,0.0041,0.7547,-4.8e-05,17.366,9.9827,1.7339,1.7226,1.7396,0.48916,0.68359,2.11132,0.17937,0.9883,0.9838,0.9955,0.5247,2.8054,0.8962,0.0117,8.3493,11.1631,3.9791,95,0.0257,-0.7334,18,0.1029,-0.6525,1.0
234,2874,209679,0.0,5.752389135587754e-09,5.167615881226761e-10,5.752389135587754e-09,0.37391295943996855,12.012341794926236,9.63255278937638,-13.220069395930867,12.497031071059414,-0.07740328807344488,13.220069395930867,0.0010823025490118094,12.565258095805895,5.943633213615675,-1.1450469234137148,1.0426694358251771,-0.007189029088631273,1.1450469234137148,0.05035588855935102,2.401040180263424,0.8451385553165712,0.05,2.34175014940326,0.7068020054534346,0.0,0.1309476425613641,0.04238356462853785,1.0,1.0,1.0,7.670793338829338e-10,-0.2071970427668022,0,0,0,3.1004965865546944e-07,0.5034581832134448,685,-0.0082,-0.15389,0.4084102528764987,7,7,0,-0.0082,685,0.5034581832134448,-0.001546,-0.0015464592281664302,256,4.127680786992533e-16,3.1079102754813954e-17,3.6986156041228085e-18,621.4857939483077,289.78282080546177,0.6091702876892517,0.6091702876917271,0.609170287691728,0.7614628596146589,1.9850690664128336e-11,1133,0.0399,0.0399,-0.12006,0.02022,960,0.0461,0.0461,0.0591,0.004258,3,0.0019,0.2296,-8e-06,17.308,0.0011,0.7971,-2.9e-05,17.198,0.0041,0.7707,-0.000112,17.367,9.9831,1.7338,1.7227,1.7396,0.48926,0.68394,2.11245,0.17975,0.9879,0.984,0.996,0.5247,2.8629,0.8959,0.0117,8.3967,11.127,3.8866,96,0.0499,0.9999,18,0.2462,-0.6969,1.0
235,2881,209688,0.0,5.909340161961082e-09,5.305174924018838e-10,5.909340161961082e-09,0.3628873329373397,12.020921429868986,9.632835438694812,-13.25643667520423,12.485899543189259,-0.07787445070669727,13.25643667520423,0.0009495323958990296,12.566270783880807,5.944586637333896,-1.1451780351945007,1.0427830149556776,-0.007127341763175923,1.1451780351945007,0.05036491017817396,2.4010414034047223,0.8454992183157828,0.05,2.3118968620946694,0.7150644842395707,0.0,0.13096147349098203,0.042401761601769325,1.0,1.0,1.0,1.0556209503694298e-11,-0.20729390522403723,0,0,0,3.186044995668036e-07,0.5034927730913362,685,-0.0082,-0.15405,0.4084340446275232,7,7,0,-0.0082,685,0.5034927730913362,-0.001804,-0.0018043459286323227,256,3.718928362079503e-16,2.915435362796006e-17,2.0279520368539222e-19,621.48579394128,289.782820802185,0.6091702876891841,0.6091702876917271,0.609170287691728,0.7614628596146589,2.0392306713015907e-11,1135,0.0398,0.0398,-0.12019,0.01659,965,0.0481,0.0481,0.05803,0.004474,3,0.0019,0.2279,9.8e-05,17.304,0.0011,0.7448,-0.000161,17.199,0.0043,0.8194,-0.00028,17.361,9.9815,1.7337,1.7231,1.7394,0.48935,0.68405,2.11663,0.18138,0.9879,0.984,0.9961,0.5245,2.859,0.8947,0.0117,8.4604,11.099,3.8821,96,0.0795,0.9878,18,0.2691,-0.5709,1.0
236,2886,209694,0.0,6.072374942358303e-09,5.420622926830745e-10,6.072374942358303e-09,0.36116694531042043,12.017276673095521,9.633870302207809,-13.279906920403455,12.475990374475284,-0.07591651840158163,13.279906920403455,0.0008536940477435909,12.565624245190106,5.952847184919295,-1.1453027815991899,1.0428894676224985,-0.0070011216233946015,1.1453027815991899,0.05037428558855375,2.401042015750425,0.8458490161257115,0.05,2.2503083395400267,0.7107574525872336,0.0,0.1309639997774392,0.04245150429070911,1.0,1.0,1.0,8.344471999942239e-13,-0.20739081644042417,0,0,0,3.277143296286322e-07,0.503138072879194,687,-0.0107,-0.1541,0.4085235269177162,8,8,0,-0.0107,687,0.503138072879194,-0.001635,-0.0016347158938714301,256,2.5507818808727995e-16,1.507359910733261e-17,-5.587856436785988e-19,621.4857939718021,289.78282081641663,0.6091702876891139,0.6091702876917271,0.609170287691728,0.7614628596146589,2.0954916945215593e-11,1136,0.0388,0.0388,-0.11997,-0.001635,967,0.0492,0.0492,0.05806,-0.000228,3,0.002,0.3052,0.00017,17.3,0.0013,0.7794,-7e-06,17.201,0.0044,0.8345,-0.000191,17.357,9.9802,1.7335,1.7235,1.7392,0.48956,0.68384,2.11784,0.18084,0.9879,0.9841,0.9962,0.5243,2.9194,0.8758,0.0117,8.4077,11.1844,3.8311,96,0.0571,0.9919,18,0.1474,0.0247,2.0
237,2897,209708,0.0,6.244159525153053e-09,5.477449561008602e-10,6.244159525153053e-09,0.3725067176786844,11.995550394055504,9.637868875707932,-13.294131186651038,12.467799372552259,-0.07551554067489033,13.294131186651038,0.0007856653225810694,12.565818194141332,5.928987318304331,-1.1454295607964924,1.0429948753526757,-0.006616630677363547,1.1454295607964924,0.05038393674761874,2.4010441921071197,0.8455702525193447,0.05,2.2301350059172163,0.7123968496087117,0.0,0.13099353155173726,0.04241813099407282,1.0,1.0,1.0,3.156348438527128e-13,-0.20748828045788628,0,0,0,3.3922360546905274e-07,0.5015786382988104,694,-0.0178,-0.15301,0.4086655377673918,7,7,0,-0.0178,694,0.5015786382988104,-0.001377,-0.0013769365577329662,256,2.7365006207224e-16,2.870228931205674e-17,1.4834216508481806e-18,621.4857939638935,289.782820812729,0.6091702876890399,0.6091702876917271,0.609170287691728,0.7614628596146589,2.154772152345192e-11,1139,0.0365,0.0365,-0.11903,-0.028613,968,0.0483,0.0483,0.05849,0.001245,3,0.0024,0.5306,0.000156,17.298,0.0015,0.8832,2.8e-05,17.201,0.0043,0.8661,-7.9e-05,17.354,9.9792,1.7334,1.7237,1.7391,0.48953,0.68344,2.12195,0.18021,0.9879,0.9843,0.9963,0.524,2.9304,0.8791,0.0117,8.2387,11.4548,3.909,96,0.0634,-0.5061,18,0.086,0.9883,0.0
238,2901,209713,0.0,6.425753810363099e-09,5.619275480917822e-10,6.425753810363099e-09,0.3789482901831206,12.001122071497642,9.636454294669843,-13.33694766584839,13.642706688218423,-0.07690621849635326,13.642706688218423,0.0005546097588458589,12.56602347695216,5.924937937600579,-1.1455570247779423,1.0431017618325467,-0.0066286126451458776,1.1455570247779423,0.05039373231203965,2.4010690890723594,0.845240873785819,0.05,2.2255617391544886,0.7049281786944881,0.0,0.1313997174223931,0.042490381135667825,1.0,1.0,1.0,9.66080974798591e-12,-0.20758756751391882,0,0,0,3.4797069369384094e-07,0.5016344859685427,694,-0.0177,-0.15313,0.40870590175312144,7,7,0,-0.0177,694,0.5016344859685427,-0.005198,-0.005198444798313329,256,2.3484897100419198e-16,5.564173101699216e-17,8.634444790746033e-18,621.4857939797541,289.78282082012447,0.6091702876889618,0.6091702876917271,0.609170287691728,0.7614628596146589,2.2174378012393382e-11,1143,0.0355,0.0355,-0.11852,0.008479,968,0.0485,0.0485,0.05928,0.003354,3,0.0024,0.5414,3.3e-05,17.294,0.0015,0.8788,-6.4e-05,17.202,0.0043,0.8769,-0.000244,17.351,9.9779,1.7332,1.724,1.739,0.48921,0.68429,2.12264,0.18036,0.9879,0.9842,0.9963,0.524,2.8691,0.8978,0.0117,8.3397,11.3789,3.966,96,0.1847,-0.7746,18,0.1219,0.5407,-1.0
239,2907,209721,0.0,6.608978444499295e-09,5.705786640762876e-10,6.608978444499295e-09,0.3837934846697388,11.998806846047076,9.636956861146633,-13.365732381242175,13.647702457596933,-0.07675482357453564,13.647702457596933,0.0003627130527040211,12.566257805233938,5.946619895686116,-1.145681038235645,1.0432171949222244,-0.006729340374623585,1.145681038235645,0.05040381422499361,2.401069280315735,0.8444516777623009,0.05,2.218357933155543,0.7145562907499692,0.0,0.1314016156727779,0.04253866105663076,1.0,1.0,1.0,1.6930984564958466e-12,-0.20769056747185552,0,0,0,3.588061960804731e-07,0.5012258650755441,696,-0.0205,-0.15321,0.4087561588269732,7,7,0,-0.0205,696,0.5012258650755441,-0.00216,-0.0021604394990759612,256,3.09533992672235e-16,8.987759008781189e-17,1.0371279779148273e-17,621.4857940006506,289.78282082986794,0.6091702876888828,0.6091702876917271,0.609170287691728,0.7614628596146589,2.2806660607322333e-11,1146,0.0328,0.0328,-0.1183,0.007993,969,0.0476,0.0476,0.05936,0.004496,3,0.0026,0.6137,9.2e-05,17.291,0.0015,0.9083,-0.000149,17.203,0.0042,0.8878,-0.000178,17.347,9.9769,1.7331,1.7243,1.7387,0.48965,0.68528,2.12482,0.1807,0.988,0.9842,0.9961,0.5239,2.8705,0.8982,0.0117,8.3604,11.4104,3.9751,96,0.2491,-0.841,18,0.2091,0.1203,1.0
240,2913,209728,0.0,6.803724859016718e-09,5.802371785614196e-10,6.803724859016718e-09,0.3838918671646035,11.996326519817696,9.63810902058567,-13.38370000440737,13.670144108417691,-0.07706425159418592,13.670144108417691,0.00013570204742900142,12.546637622922894,5.947747570341999,-1.145813091022987,1.0433326503219493,-0.0066175896330117135,1.145813091022987,0.050414434768096754,2.401072275128871,0.8435495482281031,0.05,2.205433682765286,0.7073463518654605,0.0,0.13142047088103156,0.04258887911670387,1.0,1.0,1.0,1.5698508129174898e-12,-0.20779525256622974,0,0,0,3.689906992324343e-07,0.5009130836193356,698,-0.0233,-0.1533,0.4088192965069586,5,5,0,-0.0233,698,0.5009130836193356,-0.001984,-0.0019838843785233706,256,3.1771371546790314e-16,9.622194824492294e-17,1.0749267863840869e-17,621.4857939997567,289.7828208294511,0.6091702876887991,0.6091702876917271,0.609170287691728,0.7614628596146589,2.3478703256260263e-11,1148,0.0319,0.0319,-0.11775,0.010913,971,0.0495,0.0495,0.06058,-0.000344,3,0.0027,0.6772,0.000127,17.29,0.0017,0.9302,1e-05,17.205,0.0043,0.9,-0.000137,17.346,9.9768,1.733,1.7245,1.7386,0.4899,0.6856,2.12807,0.18038,0.988,0.9842,0.9961,0.5239,2.872,0.8987,0.0117,8.3397,11.4749,3.9954,96,0.2448,-0.8116,18,0.1423,-0.5254,1.0
241,2923,209742,0.0,6.99332824979388e-09,5.889792812123004e-10,6.99332824979388e-09,0.390674232179421,11.983593923874,9.640772130676648,-13.394290535751074,13.702798587891794,-0.07830275762890253,13.702798587891794,0.00012064606445699135,12.546701931726988,5.945705371712161,-1.1459568430913936,1.0434450577114402,-0.0066238178222493855,1.1459568430913936,0.0504255099382426,2.4010745859644738,0.842380354345703,0.05,2.1855767487064024,0.7091825082305083,0.0,0.13144058215790377,0.04258257648577781,1.0,1.0,1.0,1.5978053687598523e-13,-0.20789937057773605,0,0,0,3.7530456499338724e-07,0.49995604866063803,703,-0.0306,-0.15362,0.4089629755151989,5,5,0,-0.0306,703,0.49995604866063803,-0.000655,-0.0006547814439292754,256,2.039223956136264e-16,6.088780027949279e-17,7.868772328092088e-18,621.485793927133,289.7828207955886,0.6091702876887175,0.6091702876917271,0.609170287691728,0.7614628596146589,2.413299805210655e-11,1151,0.032,0.032,-0.11708,0.005679,973,0.0481,0.0481,0.06149,0.000142,3,0.0033,0.7619,8.6e-05,17.289,0.002,0.9641,1e-06,17.207,0.0042,0.9065,-0.000108,17.345,9.9769,1.7329,1.7247,1.7385,0.49001,0.68579,2.13332,0.18038,0.9882,0.9842,0.996,0.5234,2.9375,0.8812,0.0117,8.2836,11.6258,3.9577,96,0.1931,-0.7112,18,0.1794,-0.8292,-1.0
242,2925,209744,0.0,7.217942342519061e-09,5.988175098341904e-10,7.217942342519061e-09,0.3937799441281566,11.98099793280581,9.64096355608874,-13.428169385896014,12.420930402272651,-0.07666400908279859,13.428169385896014,0.0006176611539170292,12.566134072652545,5.954092695022591,-1.1460880370979663,1.043555406443283,-0.0066558292969820295,1.1460880370979663,0.05043680527073959,2.401079125920471,0.8421700893152423,0.05,2.1495865973092334,0.7113287243819891,0.0,0.13150905143242048,0.042693506397062035,1.0,1.0,1.0,1.30012043991297e-09,-0.2080031948601783,0,0,0,3.874633023190944e-07,0.4996654585703649,704,-0.0321,-0.15403,0.408900727341864,5,5,0,-0.0321,704,0.4996654585703649,-0.001998,-0.0019980487560096183,256,1.2645432764469856e-16,3.035278417708961e-17,4.313817466752347e-18,621.4857938994619,289.78282078268626,0.6091702876886207,0.6091702876917271,0.609170287691728,0.7614628596146589,2.4908109883891064e-11,1152,0.0318,0.0318,-0.11788,0.001369,973,0.0483,0.0483,0.0621,0.000489,3,0.0034,0.7907,8.4e-05,17.288,0.002,0.971,1.9e-05,17.209,0.0042,0.9142,-9.1e-05,17.344,9.977,1.7328,1.7249,1.7384,0.49021,0.68593,2.13426,0.18134,0.9883,0.9841,0.9958,0.5234,2.9388,0.8816,0.0118,8.2875,11.6443,3.9623,96,0.1266,-0.2841,18,0.3879,-0.5224,-1.0
243,2927,209746,0.0,7.443847647674261e-09,6.131478069067008e-10,7.443847647674261e-09,0.39240360232536076,11.98340323847543,9.640853088877419,-13.450418761332658,12.414955282167401,-0.07262243884341162,13.450418761332658,0.0008651558555606747,12.565835341054278,5.958810845167372,-1.146237680556091,1.0436662390375813,-0.0067581163156306264,1.146237680556091,0.05044858376419371,2.4010798457377773,0.8418559652179951,0.05,2.0738042554225213,0.7064276982053813,0.0,0.13151157771887764,0.04280754439725434,1.0,1.0,1.0,3.814346144535596e-10,-0.2081080227560634,0,0,0,4.0029480168534795e-07,0.4996934244396724,704,-0.0322,-0.15418,0.40893853260161167,5,5,0,-0.0322,704,0.4996934244396724,-0.00067,-0.000670261024236618,256,2.407021018013284e-16,1.8939635155185115e-17,1.5909611138004654e-18,621.4857939210764,289.78282079276454,0.6091702876885234,0.6091702876917271,0.609170287691728,0.7614628596146589,2.5687677507279352e-11,1153,0.0297,0.0297,-0.1188,-0.003259,974,0.0483,0.0483,0.06183,0.002641,3,0.0033,0.7981,1.6e-05,17.287,0.002,0.9724,1e-05,17.212,0.0042,0.9166,-0.000185,17.345,9.9776,1.7326,1.7251,1.7384,0.48989,0.68491,2.13487,0.18043,0.9883,0.9841,0.9957,0.5234,2.9377,0.8813,0.0118,8.3179,11.6268,3.9578,96,0.0713,0.5373,18,0.3971,-0.6317,-0.0
244,2929,209749,0.0,7.690735223020563e-09,6.232632496326747e-10,7.690735223020563e-09,0.39530912458267364,11.975861533952935,9.64211572695537,-13.464191697557593,12.402499738471935,-0.07117074019220299,13.464191697557593,0.001132418275698833,12.56534624731749,5.961955348474463,-1.1463839212467277,1.0437786510915703,-0.006823624892040794,1.1463839212467277,0.05046075324957443,2.4010820009262983,0.8416542280700274,0.05,2.0307552212800295,0.705594252439507,0.0,0.13153357309777658,0.042923219247255756,1.0,1.0,1.0,3.4121569260664217e-12,-0.20821363762873013,0,0,0,4.1253255972392425e-07,0.4991414017227,706,-0.0352,-0.15454,0.40892273081654196,5,5,0,-0.0352,706,0.4991414017227,-0.002598,-0.002597836440513701,256,1.3346119052728033e-16,1.964156978335366e-17,-1.7605868752670284e-18,621.485794021973,289.78282083981003,0.6091702876884172,0.6091702876917271,0.609170287691728,0.7614628596146589,2.653965200812214e-11,1153,0.029,0.029,-0.11892,-0.004587,974,0.0485,0.0485,0.06255,0.000696,3,0.0035,0.8306,2.1e-05,17.287,0.0021,0.9813,1.5e-05,17.214,0.0042,0.9223,-9e-05,17.346,9.978,1.7325,1.7252,1.7384,0.48987,0.68437,2.13581,0.17983,0.9883,0.9841,0.9957,0.5234,2.9416,0.8825,0.0118,8.2113,11.7468,3.9933,96,0.0605,0.9849,18,0.2223,-0.369,0.0
245,2931,209751,0.0,7.940893884508307e-09,6.341827708951413e-10,7.940893884508307e-09,0.39835259012946095,11.973524759430807,9.642573387499814,-13.505336068406868,13.693762688258946,-0.0736999794028824,13.693762688258946,0.0014120212614450614,12.565252065760646,5.969717261668879,-1.1465447839181653,1.0438951178760203,-0.006787791839034535,1.1465447839181653,0.05047318834730012,2.4010855129759134,0.8415424386413572,0.05,2.030765547841241,0.7048929581476598,0.0,0.13157252533020694,0.04304470194748713,1.0,1.0,1.0,1.745162148837832e-09,-0.208320970595895,0,0,0,4.2722246743112525e-07,0.498739225859425,707,-0.0365,-0.15462,0.40899472206777715,5,5,0,-0.0365,707,0.498739225859425,-0.002406,-0.0024057354323316904,256,1.1626377681399374e-16,2.241282628112543e-17,9.023857507199873e-19,621.4857940662026,289.78282086043316,0.6091702876883094,0.6091702876917271,0.609170287691728,0.7614628596146589,2.7402914572126572e-11,1154,0.0293,0.0293,-0.1183,0.000534,974,0.0493,0.0493,0.06323,-0.000893,3,0.0036,0.8411,0.000114,17.286,0.0022,0.9798,4.1e-05,17.217,0.0042,0.9322,-0.000114,17.346,9.9783,1.7323,1.7254,1.7384,0.49002,0.68351,2.13628,0.1805,0.9883,0.9842,0.9958,0.5234,2.9428,0.8829,0.0118,8.2147,11.7648,3.9978,96,0.0514,0.6555,18,0.0752,0.9554,0.0
246,2933,209754,0.0,8.208523597268748e-09,6.450225923048139e-10,8.208523597268748e-09,0.3980794547666909,11.972943182056193,9.636983471097388,-13.533426657336324,13.707311651078635,-0.07698666292629003,13.707311651078635,0.0016873024121186488,12.56314957840822,5.989498492932928,-1.1466955204660758,1.0440089522310532,-0.006677761698743931,1.1466955204660758,0.05048604667125362,2.4010874380464795,0.8411280576815802,0.05,2.0307691677381374,0.7078753128455787,0.0,0.13160017300776203,0.04316592006462405,1.0,1.0,1.0,1.116192511451541e-09,-0.20842791538646224,0,0,0,4.413321580815866e-07,0.4987603885851867,707,-0.0365,-0.15472,0.4090624262415527,5,5,0,-0.0365,707,0.4987603885851867,-0.002053,-0.0020534548018837917,256,1.8646200609198096e-16,2.2338840510574125e-17,3.8032412670625084e-19,621.4857941173293,289.7828208842722,0.6091702876881944,0.609170287691727,0.609170287691728,0.7614628596146586,2.832646729098861e-11,1154,0.0296,0.0296,-0.11808,0.00167,974,0.0497,0.0497,0.06371,-0.001305,3,0.0036,0.8417,0.000132,17.285,0.0022,0.9753,3e-06,17.219,0.0042,0.9401,-0.000104,17.345,9.9783,1.7322,1.7257,1.7382,0.4898,0.68329,2.13686,0.18128,0.988,0.9839,0.9959,0.5234,3.0609,0.883,0.0118,8.2158,11.7663,3.8441,98,0.0856,0.5211,18,0.2752,0.6563,-1.0
247,2937,209760,0.0,8.486758675567574e-09,6.579301319466117e-10,8.486758675567574e-09,0.4043471418445839,11.967871522911802,9.637645088339738,-13.551080649986913,12.37557458771918,-0.07987741956619344,13.551080649986913,0.001966253066154566,12.560895847664131,5.980142709970795,-1.1468513818265325,1.0441205234484188,-0.006615183891677962,1.1468513818265325,0.05049968532964306,2.4010881560177477,0.8409052761978066,0.05,2.0297947957754454,0.7041542316427055,0.0,0.13161149179598128,0.04325858413742628,1.0,1.0,1.0,7.383754456816011e-14,-0.20853485605053138,0,0,0,4.561233249831048e-07,0.4975728352767183,709,-0.0392,-0.15476,0.409160162768679,5,5,0,-0.0392,709,0.4975728352767183,-0.001925,-0.0019248774116862322,256,3.8607662047530553e-16,1.7293301129504014e-17,1.2115837697942055e-18,621.4857941304329,289.7828208903821,0.6091702876880745,0.609170287691727,0.609170287691728,0.7614628596146586,2.928661764521201e-11,1156,0.0274,0.0274,-0.11847,-0.004062,974,0.05,0.05,0.06415,0.000373,3,0.0038,0.8648,9.9e-05,17.283,0.0023,0.9755,8e-06,17.222,0.0042,0.954,-0.00018,17.344,9.9783,1.732,1.726,1.7381,0.48941,0.68238,2.13868,0.18114,0.988,0.9839,0.9958,0.5233,3.0637,0.8838,0.0118,8.198,11.8228,3.859,98,0.0657,0.4312,18,0.3228,0.4356,0.0
248,2937,209760,6.474572587925859e-26,8.782539140836241e-09,6.754351759378377e-10,8.782539140836241e-09,0.40436112646285727,11.967869459095947,9.63764474446771,-13.561855841382384,12.36251565046794,-0.07977040105049969,13.561855841382384,0.0022993895924351125,12.562312096240468,5.974146533086879,-1.147006462783679,1.04423486932361,-0.0066182733695730675,1.147006462783679,0.050513963452216704,2.4010885723559356,0.8409073793872905,0.05,2.0282074460220696,0.708691785340689,1.4142115624116159e-08,0.13161339004636607,0.04341066762729679,0.0011530166141426879,1.4142087638494247,0.8532434060328159,5.556647667997879e-09,-0.2086434464197039,0,0,0,4.707087890689807e-07,0.4975848213475698,709,-0.0394,-0.15478,0.4092585984751542,5,5,0,-0.0394,709,0.4975848213475698,-0.001888,-0.0018876088707491245,256,2.1989783761239693e-16,1.3721532913759185e-17,3.560882456233261e-18,621.4857941590147,289.7828209037091,0.6091702876879472,0.609170287691727,0.609170287691728,0.7614628596146586,3.0307314676029606e-11,1156,0.0278,0.0278,-0.11851,0.002967,974,0.0507,0.0507,0.06455,-0.002163,3,0.0038,0.8636,5.2e-05,17.28,0.0024,0.9637,2.4e-05,17.228,0.0043,0.9669,-0.00035,17.345,9.9791,1.7317,1.7264,1.7381,0.48928,0.68207,2.13877,0.18017,0.988,0.9839,0.9958,0.5233,3.0637,0.8838,0.0118,8.198,11.8228,3.859,98,0.0536,0.3051,18,0.244,-0.1116,-1.0
249,2940,209764,0.0,1.3252371707884214e-08,1.1863118880441248e-09,1.3252371707884214e-08,0.4089892098217296,11.97200546268164,9.636637624878297,-13.776267330807455,12.326448509564887,-0.07794058206479357,13.776267330807455,0.007230800521492539,12.559929081835074,5.9704560023193745,-1.155368154442859,1.0488848168279556,-0.006744206575148644,1.155368154442859,0.05060109614915244,2.4023189063525203,0.8404984988775448,0.05,2.0221584645049107,0.7068931350160281,0.0,0.14575521526192411,0.051890098522647046,1.0,1.0,1.0,1.3082847531459528e-10,-0.22143725008491977,0,0,0,5.821733037539422e-07,0.49882648750988023,709,-0.0377,-0.15608,0.4093086421111178,5,5,0,-0.0377,709,0.49882648750988023,0.008114,0.008113800104449176,256,3.942027362897175e-16,5.451065659697652e-17,2.339873711420429e-18,621.4857974170218,289.7828224228339,0.6091702876860229,0.6091702876917258,0.609170287691728,0.7614628596146572,4.573208169167164e-11,1159,0.0278,0.0278,-0.12066,0.13997,974,0.0547,0.0547,0.06391,0.020003,3,0.0037,0.8478,-0.002018,17.272,0.0024,0.9669,-0.000133,17.215,0.0047,0.955,-0.00085,17.363,9.9786,1.7309,1.7252,1.74,0.48935,0.68139,2.1395,0.18038,0.988,0.9839,0.9958,0.5231,3.0026,0.9028,0.0118,8.3267,11.7293,3.9064,98,0.0607,0.1601,18,0.2106,-0.9023,0.0
250,2944,209770,0.0,1.4177860460942115e-08,1.2315471389576948e-09,1.4177860460942115e-08,0.4153046655904464,11.95667328688009,9.639483216965555,-13.657715684088744,13.632522859705979,-0.07481362297305355,13.657715684088744,0.007133911635979453,12.565790682134434,5.965625855982884,-1.1556928801204587,1.0491389372087803,-0.006672729990378228,1.1556928801204587,0.0506179283984024,2.4023202533142363,0.84010327773191,0.05,2.007561952269774,0.7048378343378807,0.0,0.14593212786736084,0.05210570510936392,1.0,1.0,1.0,1.4877979785265178e-12,-0.22164919196695299,0,0,0,6.03697846748185e-07,0.4994055714623757,713,-0.0432,-0.15606,0.40945312147021795,5,5,0,-0.0432,713,0.4994055714623757,-0.002518,-0.00251824525130262,256,2.667107957870167e-16,5.277783791340715e-17,-9.102191253519118e-19,621.4857974800512,289.7828224522229,0.6091702876856244,0.6091702876917258,0.609170287691728,0.7614628596146572,4.892581396290199e-11,1159,0.0267,0.0267,-0.1207,0.018051,974,0.0549,0.0549,0.06376,-0.004193,3,0.0041,0.8719,5.9e-05,17.269,0.0027,0.9751,4e-06,17.218,0.0047,0.9588,-0.000272,17.362,9.9784,1.7307,1.7255,1.7399,0.48919,0.67773,2.14031,0.18098,0.9881,0.984,0.9958,0.5231,3.0698,0.8855,0.0118,8.1636,11.9315,3.8867,98,0.0145,-0.9636,18,0.2519,-0.8537,0.0
251,2944,209770,8.180372424411265e-26,1.5021094298374e-08,1.2847179738505807e-09,1.5021094298374e-08,0.415356305277157,11.956669416467255,9.639481816894474,-13.666678393057422,13.64699229004235,-0.06947592039227393,13.666678393057422,0.0012627167039322984,12.560714663874032,5.951376211972647,-1.1560234704927521,1.049408155282459,-0.006682960681237601,1.1560234704927521,0.05063543897221853,2.402323297056815,0.8401060923637327,0.05,1.9828616693752252,0.7018058189149311,1.4142115624116159e-08,0.14959144029602184,0.052404711102543786,0.0005394631048786236,1.414211618558916,0.8656057683362842,2.7734478509746402e-08,-0.22187079454945347,0,0,0,6.272876694065662e-07,0.4993853396223195,713,-0.0433,-0.15606,0.4095907191073725,5,5,0,-0.0433,713,0.4993853396223195,-0.002669,-0.0026692384688797866,256,4.788984911015831e-16,5.5352783645021885e-17,-9.637733423927407e-18,621.4857976006974,289.78282250847707,0.6091702876852615,0.6091702876917258,0.609170287691728,0.7614628596146572,5.1835696016573186e-11,1159,0.0273,0.0273,-0.11996,0.005684,974,0.0555,0.0555,0.0636,-0.005447,3,0.0041,0.8671,-3.9e-05,17.268,0.0027,0.9704,-2e-06,17.221,0.0047,0.9617,-0.000221,17.363,9.9788,1.7304,1.7257,1.74,0.48926,0.67749,2.14045,0.18091,0.9881,0.984,0.9958,0.5231,3.0698,0.8855,0.0118,8.1636,11.9315,3.8867,98,0.0865,0.1969,18,0.2915,-0.3225,-1.0
252,2944,209770,2.403780298830575e-16,2.3730253450184703e-08,2.08545690264387e-09,2.3730253450184703e-08,0.4154567611509173,11.956664447740053,9.639479381572826,-13.69019926546489,13.668634153140069,-0.06768746281509161,13.69019926546489,0.003275211561202297,12.5590932217167,5.949469290650847,-1.1645201581479716,1.0543527078326678,-0.006636690193761279,1.1645201581479716,0.050668160407671234,2.4030171144515315,0.8400932388557915,0.05,1.9832046604447662,0.709629701809894,0.0007889919567926538,0.16368828274241917,0.061060768785912774,0.0002153706517095122,1.4141824304602957,0.9228679183880277,8.510550115184009e-08,-0.23435235992728035,0,0,0,7.491889234327419e-07,0.49824043807719465,713,-0.041,-0.15511,0.41031907243038607,6,6,0,-0.041,713,0.49824043807719465,-0.003329,-0.003328569308092666,256,1.246924240394147e-15,8.70912335968652e-17,-2.1075971426759585e-17,621.4858012181387,289.7828241951968,0.6091702876815122,0.6091702876917235,0.609170287691728,0.7614628596146544,8.188978596674895e-11,1159,0.0234,0.0234,-0.11713,-0.024231,974,0.0599,0.0599,0.06275,0.018708,3,0.0041,0.8031,0.000237,17.256,0.0029,0.9496,-0.001193,17.227,0.0051,0.9493,-0.001411,17.339,9.9732,1.7302,1.7274,1.7385,0.48902,0.67749,2.13935,0.18053,0.9881,0.984,0.9958,0.5231,3.0698,0.8855,0.0118,8.1636,11.9315,3.8867,98,0.144,0.1666,18,0.3346,0.1798,-1.0
253,2948,209776,0.0,4.5155573966827716e-08,3.878001512652989e-09,4.5155573966827716e-08,0.41219310676939797,11.961918285338097,9.639071204200661,-13.735522977728825,13.692014712259843,-0.06927344141744984,13.735522977728825,0.000288399960958804,12.559456609773047,5.928681110980183,-1.1704101458901612,1.061691166156893,-0.006607197325956914,1.1704101458901612,0.05102069181862218,2.40328806969932,0.8398083667691101,0.05,1.9881441628350265,0.711394399945388,0.0,0.17780891316207356,0.07019407558448298,1.0,1.0,1.0,9.649019199278647e-11,-0.24669114263913244,0,0,0,1.522628590055594e-06,0.49867220160703746,713,-0.0375,-0.15654,0.4124274513975925,7,7,0,-0.0375,713,0.49867220160703746,0.008377,0.008376917494998137,256,9.450069760352655e-16,7.839361440680864e-17,-1.826206893440799e-17,621.4858047936177,289.7828258623506,0.6091702876722885,0.6091702876917212,0.609170287691728,0.7614628596146514,1.5582556982958338e-10,1161,0.0307,0.0307,-0.12076,0.02038,976,0.0602,0.0602,0.06084,0.00166,3,0.004,0.7379,-0.00067,17.268,0.0029,0.9244,-0.001269,17.222,0.0052,0.9396,-7.7e-05,17.333,9.9732,1.7314,1.7268,1.738,0.48916,0.67635,2.1415,0.18038,0.9881,0.984,0.9958,0.5231,3.0672,0.8848,0.0118,8.2242,11.8953,3.8782,98,0.1177,0.0834,18,0.2522,0.5792,0.0
254,2951,209780,0.0,5.006060807459615e-08,4.2046037703331364e-09,5.006060807459615e-08,0.4084310510030962,11.96010148733522,9.639854400140587,-13.751876572859874,12.254402992808256,-0.06736501911433387,13.751876572859874,0.005343713177966633,12.566318232733396,5.931765887844686,-1.1715113685222127,1.062599946961876,-0.006761326044989655,1.1715113685222127,0.05107739095422932,2.4032880981709375,0.8395583951004991,0.05,1.9881634023591883,0.7028007449433562,0.0,0.18468826463216054,0.07101465627156345,1.0,1.0,1.0,1.19387423245282e-09,-0.24733758599290182,0,0,0,1.642427982133365e-06,0.4985919789657735,714,-0.0389,-0.15671,0.41272301992105925,7,7,0,-0.0389,714,0.4985919789657735,-0.00476,-0.004760059898071933,256,5.936525214965744e-16,8.255006685962819e-17,5.920936627682741e-18,621.4858051410041,289.7828260243279,0.609170287670177,0.6091702876917209,0.609170287691728,0.7614628596146511,1.7275215636965818e-10,1161,0.0308,0.0308,-0.12085,-0.008491,978,0.0625,0.0625,0.05876,-0.016237,3,0.0041,0.7376,0.000137,17.266,0.0031,0.9156,0.000209,17.224,0.0054,0.9469,-4.4e-05,17.335,9.9738,1.7312,1.727,1.738,0.48922,0.67396,2.14133,0.18031,0.988,0.9841,0.996,0.5232,3.0684,0.8851,0.0118,8.1515,11.9721,3.9017,98,0.0686,-0.9291,18,0.1336,0.9985,-0.0
255,2953,209783,0.0,5.539875287942621e-08,4.589536652375533e-09,5.539875287942621e-08,0.4025054805043701,11.962537098492936,9.640282635986704,-13.779869928418753,12.245016134183848,-0.06445110604944126,13.779869928418753,0.0027221042113315663,12.565955010269906,5.940046054977394,-1.1726747664717274,1.0635857240287487,-0.00672445371095224,1.1726747664717274,0.051140330273639886,2.403288121956212,0.8392425503537962,0.05,1.988169541089525,0.7072148043472156,0.0,0.1916010506420472,0.0719269448254435,1.0,1.0,1.0,4.530908675093378e-09,-0.2480247098220812,0,0,0,1.7860312045769449e-06,0.4986873350671488,714,-0.0389,-0.15695,0.41302444992042797,7,7,0,-0.0389,714,0.4986873350671488,-0.005412,-0.005411911053707641,256,2.3200133859449092e-15,1.5601049457404472e-16,-1.3370868734770867e-18,621.4858054524049,289.78282616952606,0.609170287667879,0.6091702876917205,0.609170287691728,0.7614628596146507,1.9117334733638545e-10,1161,0.0322,0.0322,-0.12134,-0.005181,980,0.0654,0.0654,0.05923,-0.01732,3,0.0041,0.7271,0.000173,17.265,0.0032,0.9137,0.000216,17.229,0.0056,0.9433,-7.2e-05,17.337,9.9749,1.7309,1.7272,1.7381,0.48954,0.67374,2.14247,0.18004,0.988,0.9841,0.996,0.5232,3.0673,0.8848,0.0118,8.098,12.0201,3.9188,98,0.1031,-0.9009,18,0.1957,0.4153,-2.0
256,2959,209791,0.0,6.189284331765255e-08,4.999879937057199e-09,6.189284331765255e-08,0.4114187347300491,11.970814573166674,9.638065390314727,-13.799523792743493,12.327164141469227,-0.06116107263650566,13.799523792743493,0.006140384722132844,12.565571333709395,5.954024636469832,-1.1739467938263417,1.064614652160791,-0.006452888079164718,1.1739467938263417,0.05120768504303526,2.4032882531159707,0.8384176381811074,0.05,1.9881746895358996,0.7085964341315751,0.0,0.19856536063174357,0.07280086773494712,1.0,1.0,1.0,1.2691671090935426e-09,-0.24876037071700927,0,0,0,1.950016294763435e-06,0.49878282155298015,714,-0.0388,-0.15723,0.4133621793675578,7,7,0,-0.0388,714,0.49878282155298015,-0.004919,-0.004919174910509305,256,1.9159590032531096e-15,1.3378841435134797e-16,-9.29790891810076e-18,621.485805769641,289.7828263174451,0.6091702876650833,0.6091702876917203,0.609170287691728,0.7614628596146503,2.1358354497464766e-10,1167,0.0336,0.0336,-0.11989,-0.017168,980,0.0661,0.0661,0.05902,-0.017063,3,0.0042,0.7295,0.000181,17.262,0.0033,0.9037,0.000134,17.232,0.0058,0.9521,-0.000128,17.336,9.9748,1.7306,1.7275,1.738,0.48964,0.67333,2.14395,0.18034,0.988,0.984,0.996,0.5228,3.0037,0.9031,0.0118,8.3802,11.8121,3.9325,98,0.1448,-0.6602,18,0.2206,0.2437,-1.0
257,2962,209795,0.0,6.93124055832385e-08,5.462881153390331e-09,6.93124055832385e-08,0.41644737524555087,11.964387267760829,9.639337947217138,-13.812452746295632,13.689382078004426,-0.06235405352411994,13.812452746295632,0.006526579705924836,12.565168284646258,5.960244731291195,-1.1752762422268173,1.065672533930207,-0.006407712331021038,1.1752762422268173,0.05128354523722446,2.4032885110415427,0.838015045398026,0.05,1.9881879428869775,0.7096135170079563,0.0,0.205625094598784,0.07380699596137254,1.0,1.0,1.0,1.1102070147363537e-11,-0.2495309704992734,0,0,0,2.139489585065874e-06,0.49893300512326144,716,-0.0418,-0.15782,0.4137291211200562,7,7,0,-0.0418,716,0.49893300512326144,-0.005068,-0.005067712707771843,256,1.2423583611325225e-15,1.1613040748216908e-16,-4.361420780402751e-18,621.4858062667372,289.7828265492282,0.6091702876618891,0.60917028769172,0.609170287691728,0.76146285961465,2.391874163442316e-10,1168,0.0343,0.0343,-0.11924,-0.02345,980,0.0668,0.0668,0.05871,-0.017654,3,0.0045,0.7338,0.000272,17.262,0.0035,0.9073,0.000124,17.235,0.0059,0.9514,-7e-06,17.336,9.9752,1.7305,1.7278,1.7379,0.4893,0.67512,2.14578,0.17954,0.988,0.9841,0.996,0.5226,3.007,0.9041,0.0118,8.322,11.8971,3.9565,98,0.1702,-0.5019,18,0.1693,-0.6652,0.0
258,2964,209798,0.0,7.680482708371863e-08,6.001848195306951e-09,7.680482708371863e-08,0.41969107651360055,11.966887306770365,9.638431992532839,-13.820756747243633,12.284985550437154,-0.06070149911743267,13.820756747243633,0.006893684218124259,12.564752722865792,5.958057397877163,-1.1766904579561925,1.0668453240526383,-0.00635958351197424,1.1766904579561925,0.051367301661020916,2.4032886279480734,0.8376779663425871,0.05,1.9882061379174512,0.7076781382676587,0.0,0.21275192329768675,0.07492911376210935,1.0,1.0,1.0,3.7265311787372474e-09,-0.2503779245538167,0,0,0,2.3750679484512218e-06,0.4990046703997401,716,-0.0417,-0.15808,0.41415716649239237,7,7,0,-0.0417,716,0.4990046703997401,-0.004539,-0.004539170912442048,256,7.940045811377483e-16,1.15669457387723e-16,1.8161239586837996e-18,621.4858067415975,289.78282677064334,0.6091702876586637,0.6091702876917195,0.609170287691728,0.7614628596146494,2.650427147103094e-10,1170,0.0352,0.0352,-0.11776,-0.027243,980,0.0677,0.0677,0.05843,-0.017848,3,0.0045,0.7254,0.000263,17.261,0.0036,0.8975,0.000104,17.239,0.0059,0.9546,-4.6e-05,17.335,9.9758,1.7303,1.7281,1.7377,0.48988,0.67505,2.14682,0.17989,0.988,0.984,0.996,0.5226,2.9467,0.9233,0.0118,8.4529,11.8,4.0045,98,0.1507,-0.2337,18,0.1589,-0.997,2.0
259,2966,209801,0.0,8.599883049346905e-08,6.615333911863468e-09,8.599883049346905e-08,0.4231739676304956,11.96964163208454,9.637863363781278,-13.844857193662762,13.69223144391905,-0.06411152914770095,13.844857193662762,0.0007628678139166567,12.564325240941358,5.946452125728126,-1.1781351545789305,1.0681100423379306,-0.006391076976824088,1.1781351545789305,0.05145717545574969,2.403288737174223,0.8373446841350687,0.05,1.9882079429575577,0.7112161324057956,0.0,0.21996322153324735,0.07613789454286632,1.0,1.0,1.0,2.491872816754556e-10,-0.2513077600326784,0,0,0,2.6585210985537386e-06,0.49905814745707283,716,-0.0416,-0.15836,0.4146485476826581,8,8,0,-0.0416,716,0.49905814745707283,-0.004077,-0.004077382983977973,256,1.4571823405373006e-15,2.085400099841789e-16,-4.873740387305342e-19,621.4858070385869,289.78282690912187,0.6091702876547056,0.6091702876917192,0.609170287691728,0.761462859614649,2.967699342668051e-10,1172,0.0359,0.0359,-0.11819,-0.026925,980,0.0686,0.0686,0.05813,-0.016739,3,0.0046,0.7206,0.000315,17.261,0.0036,0.8883,7.6e-05,17.244,0.0061,0.9586,-5.1e-05,17.333,9.9762,1.7302,1.7285,1.7375,0.49025,0.67481,2.14849,0.17918,0.988,0.984,0.996,0.5226,2.9452,0.9228,0.0118,8.4991,11.7678,3.9956,98,0.0947,0.3477,18,0.1318,-0.8065,1.0
260,2970,209806,0.0,9.805072141125587e-08,7.3127954291296905e-09,9.805072141125587e-08,0.42073452322228255,11.964205924742181,9.639253491589917,-13.861162563520923,12.239520007790077,-0.06562035746761934,13.861162563520923,0.0032922793893493483,12.563889809674087,5.949654579787225,-1.1796903793661209,1.0694825758108157,-0.006528317212491813,1.1796903793661209,0.051559870782338195,2.403288857408201,0.8366530080587319,0.05,1.9882099176486583,0.7091634282437123,0.0,0.2273313966465057,0.0773966865432601,1.0,1.0,1.0,2.3070545367309035e-12,-0.2523373129567667,0,0,0,3.0024136638511347e-06,0.49822211557586027,718,-0.0443,-0.15904,0.4150225457437394,10,10,0,-0.0443,718,0.49822211557586027,-0.004077,-0.004077197756617412,256,1.7737328016556287e-15,2.6561250219788134e-16,-1.510174214272228e-17,621.4858074178231,289.78282708595,0.6091702876495172,0.6091702876917189,0.609170287691728,0.7614628596146485,3.3835932376411627e-10,1172,0.0363,0.0363,-0.1185,-0.015384,982,0.07,0.07,0.05651,-0.018,3,0.0048,0.7403,0.000409,17.26,0.0038,0.8904,7.4e-05,17.248,0.0062,0.9652,-1.7e-05,17.33,9.9761,1.7301,1.7289,1.7371,0.49052,0.67535,2.14916,0.17987,0.988,0.9841,0.996,0.5229,2.9481,0.9238,0.0118,8.4233,11.8712,4.0267,98,0.0443,0.9616,18,0.0847,-0.4104,1.0
261,2972,209808,0.0,1.1062689519977744e-07,8.116015838694688e-09,1.1062689519977744e-07,0.42373441488244123,11.961946953370008,9.639501329273028,-13.87179371186833,12.215683656700332,-0.06911114750879098,13.87179371186833,0.001316564860800952,12.563454976855265,5.9380563188445326,-1.1812554224982006,1.070984954586243,-0.006359729637519096,1.1812554224982006,0.0516885120651828,2.4032889399953334,0.8363776982191958,0.05,1.9882198635226185,0.7093330882351611,0.0,0.23495832745254544,0.07883678709160022,1.0,1.0,1.0,4.802358580315519e-08,-0.25347737535082554,0,0,0,3.434771068691253e-06,0.4979580852953686,719,-0.0455,-0.15971,0.41554668384259336,10,10,0,-0.0455,719,0.4979580852953686,-0.004349,-0.004349185896169949,256,1.1645119667078118e-15,1.6444805003258964e-16,-9.394524458969708e-18,621.4858079208587,289.7828273205025,0.6091702876441033,0.6091702876917183,0.609170287691728,0.7614628596146479,3.817579399811123e-10,1173,0.0362,0.0362,-0.11848,-0.014702,982,0.0715,0.0715,0.05565,-0.018154,3,0.0047,0.7453,0.000432,17.258,0.004,0.896,7.2e-05,17.252,0.0062,0.9639,-4.1e-05,17.326,9.976,1.73,1.7294,1.7368,0.49056,0.67586,2.14928,0.18045,0.9881,0.984,0.9959,0.5225,2.9493,0.9241,0.0118,8.4349,11.8822,4.0288,98,0.049,-0.0479,19,0.0691,0.866,2.0
262,2980,209820,0.0,1.2712224069732968e-07,9.092535923647775e-09,1.2712224069732968e-07,0.4183387295642211,11.961802612631983,9.640589714321939,-13.900720140289874,13.631181814480222,-0.06860396388666877,13.900720140289874,0.005005634621507662,12.563392977263044,5.952503901448121,-1.1829082266389244,1.0726403434305067,-0.006433587265661686,1.1829082266389244,0.0518436134112899,2.4032891514804797,0.8349519305855644,0.05,1.9882369179017692,0.7026181933024003,0.0,0.24286558840572367,0.08025996672020116,1.0,1.0,1.0,7.409301519749294e-11,-0.2547241399773607,0,0,0,3.989088845308663e-06,0.4973124048499016,721,-0.0481,-0.1606,0.4161100039214084,10,10,0,-0.0481,721,0.4973124048499016,-0.004605,-0.0046052553182889255,256,1.0217414267163717e-15,1.325246399968688e-16,-2.001926751223044e-17,621.4858088007342,289.78282773076575,0.609170287637002,0.6091702876917175,0.609170287691728,0.7614628596146469,4.3868106917445657e-10,1175,0.0355,0.0355,-0.1187,-0.012169,986,0.0687,0.0687,0.05574,-0.017617,3,0.0048,0.7648,0.000477,17.257,0.0039,0.9084,1.5e-05,17.257,0.0058,0.9641,-7.4e-05,17.321,9.9755,1.7299,1.7299,1.7363,0.49063,0.67545,2.15226,0.18013,0.9881,0.9841,0.996,0.5225,3.0675,0.8849,0.0118,8.3682,11.9882,3.9081,98,0.0763,-0.6168,19,0.2433,0.8499,0.0
263,2981,209821,0.0,1.4546767293204707e-07,1.0307590807605409e-08,1.4546767293204707e-07,0.4155786166770537,11.962804821826476,9.640626208785816,-13.92132362667393,12.165563240099663,-0.06976931798956598,13.92132362667393,0.005256973067158535,12.562629377880425,5.952204109564461,-1.1845722858686933,1.0744709840978726,-0.006478322899923024,1.1845722858686933,0.05202313294819126,2.403289193633811,0.8347821131315191,0.05040084481499396,1.9882418317207724,0.7062131328719375,0.0,0.25493842735947897,0.08203619599589626,1.0,1.0,1.0,2.6007861968329656e-07,-0.25610237772491934,0,0,0,4.712376084965073e-06,0.49742629680383704,721,-0.0478,-0.16134,0.4169164757343734,10,10,0,-0.0478,721,0.49742629680383704,-0.004661,-0.004661257024266341,256,2.795112972582109e-15,1.6845179393460906e-16,-3.045963053893922e-17,621.4858094132369,289.78282801636004,0.6091702876291043,0.6091702876917169,0.609170287691728,0.7614628596146461,5.019885889298951e-10,1175,0.0371,0.0371,-0.11892,-0.011448,987,0.0714,0.0714,0.05481,-0.017856,3,0.0048,0.7443,0.000482,17.255,0.0041,0.8914,-5e-05,17.26,0.006,0.9662,-5.6e-05,17.314,9.9745,1.7299,1.7305,1.7358,0.49061,0.67459,2.15332,0.17948,0.9881,0.9841,0.996,0.5226,3.067,0.8847,0.0118,8.367,11.9929,3.9103,98,0.0796,-0.8498,19,0.3245,0.6397,-0.0
264,2983,209824,0.0,1.6771494585942983e-07,1.1801410031845123e-08,1.6771494585942983e-07,0.41836524673768544,11.965826559167278,9.639991764434965,-13.935463330408249,13.657504658299501,-0.07194123849943643,13.935463330408249,0.005416738624008377,12.562261130760806,5.960310495450945,-1.1863365232967504,1.076527077577044,-0.00658057371330034,1.1863365232967504,0.052253492111123456,2.403289459681399,0.8344114210135333,0.05,1.9882453832390399,0.706774355073228,0.0,0.2665380892310447,0.08399428201728866,1.0,1.0,1.0,4.528744189759837e-09,-0.2576572463499031,0,0,0,5.67712234853852e-06,0.4975755222698561,721,-0.0474,-0.16217,0.4178672772835999,10,10,0,-0.0474,721,0.4975755222698561,-0.004832,-0.004831990011961329,256,1.6743679388353368e-15,2.077676482835264e-16,-3.294941511633967e-17,621.4858102268284,289.7828283957168,0.6091702876195269,0.6091702876917161,0.609170287691728,0.7614628596146451,5.787608147381475e-10,1177,0.0383,0.0383,-0.11977,-0.00942,987,0.0726,0.0726,0.0543,-0.01542,3,0.0049,0.7298,0.000481,17.252,0.0042,0.8679,-3.8e-05,17.265,0.0062,0.973,-0.000113,17.307,9.9734,1.7298,1.7311,1.7353,0.49042,0.67386,2.15463,0.17937,0.9881,0.9841,0.996,0.5226,2.9475,0.9235,0.0118,8.4634,11.9208,4.0444,98,0.0525,-0.888,19,0.292,0.3464,2.0
265,2985,209826,0.0,1.9866948462403117e-07,1.377429697713681e-08,1.9866948462403117e-07,0.421434831369071,11.968560763723366,9.639199823960581,-13.94531808137522,12.131541389961345,-0.07081204617823732,13.94531808137522,0.005178334749609816,12.561941867099167,5.967422531799383,-1.1882528989556342,1.078831773595348,-0.006608011706157714,1.1882528989556342,0.052540434634302184,2.4032895934463254,0.834093223631123,0.05,1.9882507835427747,0.7093024059989631,0.0,0.27723002740873104,0.08618485253859975,1.0,1.0,1.0,4.373010359143379e-07,-0.2594367148257862,0,0,0,7.017796508934081e-06,0.49778076102837127,721,-0.0468,-0.16314,0.41899703101023744,11,11,0,-0.0468,721,0.49778076102837127,-0.004729,-0.004729380825725826,256,2.1171355507970733e-15,1.789031454396257e-16,1.1381828963186883e-17,621.4858111762004,289.7828288383845,0.6091702876062008,0.6091702876917151,0.609170287691728,0.7614628596146439,6.85580596408739e-10,1179,0.0397,0.0397,-0.11873,-0.006222,987,0.0735,0.0735,0.05387,-0.015147,3,0.005,0.7224,0.000551,17.248,0.0042,0.8564,-3.4e-05,17.269,0.0064,0.9757,-0.000162,17.298,9.9717,1.7297,1.7318,1.7347,0.49036,0.67347,2.15546,0.17919,0.988,0.9841,0.996,0.5223,2.946,0.9231,0.0118,8.5349,11.869,4.0289,98,0.0222,-0.7343,19,0.1841,-0.2715,1.0
266,2989,209830,0.0,2.3490226631492034e-07,1.6233029941457162e-08,2.3490226631492034e-07,0.4144081347243112,11.973389089607302,9.63915135227406,-13.973121040782067,12.385481425633692,-0.07330164795113214,13.973121040782067,0.0006202765169321279,12.565940230508955,5.954209789652937,-1.1903249105078855,1.081439499396075,-0.006626516843949158,1.1903249105078855,0.052891489986924854,2.4032896755694315,0.833486735101737,0.05,1.9882648258666344,0.709654960002823,0.0,0.2868151630946769,0.0885844516903975,1.0,1.0,1.0,1.3284458555758252e-07,-0.2614297563073541,0,0,0,8.934357838943326e-06,0.49808976019084855,721,-0.0462,-0.16425,0.420411560370503,10,10,0,-0.0462,721,0.49808976019084855,-0.004571,-0.004570576455657616,256,1.9894883587781115e-15,1.9408724456442975e-16,1.8297818598215755e-17,621.4858124325298,289.78282942417854,0.6091702875906028,0.6091702876917138,0.609170287691728,0.7614628596146422,8.106148552061893e-10,1180,0.0413,0.0413,-0.11801,-0.000486,990,0.0726,0.0726,0.05322,-0.013669,3,0.005,0.7038,0.000564,17.243,0.0042,0.8487,-3.5e-05,17.271,0.0064,0.973,-0.000127,17.288,9.9692,1.7296,1.7325,1.7341,0.49022,0.67222,2.1556,0.17991,0.988,0.9841,0.9961,0.5226,2.9437,0.9224,0.0118,8.5367,11.8794,4.0355,98,0.0974,0.9518,19,0.1222,-0.6996,0.0
267,2992,209834,0.0,2.8345683663052363e-07,1.9610920113732388e-08,2.8345683663052363e-07,0.4193042800934588,11.977618251741077,9.638214050789957,-13.993248782340089,13.615736991337519,-0.07340038939616739,13.993248782340089,0.0008961568205829568,12.563235031003645,5.919127780218585,-1.1926481603531036,1.0843883401773222,-0.006597164861884418,1.1926481603531036,0.05338613908527496,2.403289714845418,0.8330785874758513,0.051989268070327,1.9882686370899638,0.7123444581444124,0.0,0.2947417190995538,0.09134085191551734,1.0,1.0,1.0,1.375303061633852e-09,-0.2636632469747753,0,0,0,1.176267219864537e-05,0.49853925714716024,721,-0.0452,-0.16556,0.4220643117020702,10,10,0,-0.0452,721,0.49853925714716024,-0.004119,-0.004119195924633168,256,2.5509917192917084e-15,3.1084071281097864e-16,1.5445465144496703e-17,621.4858138903315,289.78283010391397,0.6091702875697,0.609170287691712,0.609170287691728,0.76146285961464,9.781698816623404e-10,1183,0.0424,0.0424,-0.11692,0.010657,990,0.073,0.073,0.05256,-0.014184,3,0.0051,0.69,0.00054,17.236,0.0042,0.839,6.7e-05,17.274,0.0066,0.9728,-0.000176,17.279,9.9667,1.7293,1.7332,1.7336,0.49006,0.67131,2.15776,0.17896,0.988,0.9841,0.9961,0.5224,2.9414,0.9216,0.0118,8.6478,11.7984,4.0112,98,0.1243,0.978,19,0.1212,-0.9562,-1.0
268,2992,209834,3.9057132396484866e-25,3.439828910771003e-07,2.412580217760717e-08,3.439828910771003e-07,0.4193759237806649,11.977605577120965,9.63821732810954,-14.007822733016871,12.418437359280851,-0.07233533835406442,14.007822733016871,0.0037663890822754965,12.561414106820417,5.928054856462982,-1.1952388452132006,1.0877514544532747,-0.006650583616182602,1.1952388452132006,0.054192728931128926,2.4032898236897355,0.8333856961141949,0.05431458762589636,1.9882695356566658,0.7103475803485269,1.4142115624116159e-08,0.3011451845731444,0.09460015986303225,0.001427638355262828,1.4142087299629675,0.8780217673070864,3.159142522496789e-07,-0.2662648704912943,0,0,0,1.602763594315612e-05,0.4991541353079541,721,-0.0439,-0.16703,0.4240102630592423,9,9,0,-0.0439,721,0.4991541353079541,-0.003651,-0.003650794323712958,256,3.125649586909234e-15,3.688331022910876e-16,-1.459445676541649e-17,621.48581524049,289.78283073345807,0.6091702875436437,0.6091702876917102,0.609170287691728,0.7614628596146378,1.1870368241156958e-09,1183,0.0442,0.0442,-0.11579,0.022527,990,0.0744,0.0744,0.05189,-0.014588,3,0.0052,0.6646,0.000574,17.227,0.0042,0.8254,0.000142,17.276,0.0069,0.9704,-0.000195,17.269,9.9636,1.729,1.7339,1.7332,0.48989,0.67148,2.15839,0.17903,0.988,0.9841,0.9961,0.5224,2.9414,0.9216,0.0118,8.6477,11.7983,4.0111,98,0.0962,0.9999,19,0.19,-0.9859,-1.0
269,2993,209835,0.0,4.269210996857951e-07,3.0466091655930657e-08,4.269210996857951e-07,0.42114984517528875,11.979036715921497,9.637922994516066,-14.04186661910817,12.404271446976608,-0.07176261769337453,14.04186661910817,0.0036841529360327483,12.564925078907768,5.904698942292266,-1.2034268018964598,1.0932574346760204,-0.006624496661424632,1.2034268018964598,0.054420858695025574,2.4029873361064116,0.8333642697727228,0.05,1.9915983353963456,0.7158984704458763,0.0,0.31517386796994545,0.10334583681556705,1.0,1.0,1.0,6.746515436993162e-07,-0.27805528278473324,0,0,0,1.820908245488684e-05,0.49894837676660037,721,-0.0418,-0.16713,0.4255122343409433,10,10,0,-0.0418,721,0.49894837676660037,-0.002651,-0.0026509055917292024,256,3.170736771508659e-15,4.1615002616554343e-16,-7.508432846523672e-18,621.4858199669277,289.78283293727424,0.6091702875079388,0.6091702876917039,0.609170287691728,0.7614628596146298,1.473244965405544e-09,1184,0.0466,0.0466,-0.11452,0.055379,990,0.0783,0.0783,0.05148,0.017176,3,0.0051,0.6133,-0.000409,17.219,0.0044,0.8058,-0.000471,17.271,0.0071,0.9619,-0.000589,17.261,9.9596,1.7289,1.7341,1.7331,0.48952,0.67106,2.15615,0.17861,0.988,0.9841,0.996,0.5226,2.9406,0.9214,0.0118,8.6706,11.7821,4.0067,98,0.047,0.315,19,0.1746,-0.8751,0.0
270,2996,209838,0.0,5.258302997583219e-07,3.8646225555151227e-08,5.258302997583219e-07,0.4246498394787807,11.981419148022361,9.634803381482813,-14.08317111087003,13.521391435640139,-0.07443963300384303,14.08317111087003,0.0025904139327914827,12.565970381811049,5.875545970477087,-1.2076989649353873,1.0978166814212933,-0.006643740345611096,1.2076989649353873,0.05563159677125323,2.40297632194584,0.8333122036550945,0.05,1.99162552657835,0.7117251358183158,0.0,0.32836890924077283,0.10758719907575054,1.0,1.0,1.0,1.3537553129424908e-06,-0.281800271736457,0,0,0,2.6099666370915928e-05,0.49973802460315875,721,-0.0397,-0.16891,0.42812450237374766,9,9,0,-0.0397,721,0.49973802460315875,-0.002874,-0.0028741438255592833,256,2.8435254238467894e-15,2.4087981388223036e-16,4.2261544573117573e-17,621.4858221099142,289.7828339364937,0.6091702874653585,0.6091702876917005,0.609170287691728,0.7614628596146256,1.8145667657924773e-09,1186,0.046,0.046,-0.11393,0.045482,990,0.08,0.08,0.05103,-0.014208,3,0.005,0.5787,0.000608,17.208,0.0044,0.7781,0.000188,17.272,0.0071,0.9626,-0.000202,17.25,9.9554,1.7285,1.7349,1.7327,0.48954,0.67202,2.15792,0.17859,0.9882,0.9836,0.9954,0.523,2.9981,0.921,0.0118,8.7593,11.7182,3.9085,99,0.0705,-0.6509,19,0.1542,-0.5904,0.0
271,2999,209841,0.0,6.434671590773588e-07,4.9851642175890223e-08,6.434671590773588e-07,0.4250326153495677,11.985128898395699,9.634136670335689,-14.103015313544498,12.377456355688848,-0.07352586121095044,14.103015313544498,0.0012325988861675294,12.566206181575424,5.831949710250286,-1.2126736792993387,1.1028323298509617,-0.0067584084658028004,1.2126736792993387,0.05712872752739228,2.402970194825372,0.8338485323951734,0.05,1.9916327808368748,0.7089834041670197,0.0,0.34190337434804235,0.11240668526770593,1.0,1.0,1.0,2.3409100622096336e-07,-0.28613668786746405,0,0,0,3.803643115440492e-05,0.5005540231882883,721,-0.037,-0.17059,0.431292089620479,9,9,0,-0.037,721,0.5005540231882883,-0.001703,-0.0017034403372000462,256,3.075350701164681e-15,2.6063853660201897e-16,3.622839302162098e-17,621.4858246484115,289.78283512012956,0.6091702874147158,0.6091702876916965,0.609170287691728,0.7614628596146206,2.220515093002694e-09,1188,0.047,0.047,-0.11265,0.038588,991,0.0811,0.0811,0.05043,-0.014263,3,0.0048,0.5214,0.000581,17.198,0.0045,0.7344,0.000149,17.272,0.0071,0.9621,-0.00014,17.239,9.9515,1.7282,1.7356,1.7323,0.48946,0.67165,2.15921,0.1791,0.9883,0.9836,0.9953,0.5235,2.9962,0.9204,0.0117,8.7957,11.6977,3.9042,99,0.0938,-0.7256,19,0.1203,0.391,-1.0
272,3002,209844,0.0,8.705229205633566e-07,6.553404190779107e-08,8.705229205633566e-07,0.42485919113459136,11.984155512046327,9.634557253074696,-14.120013687403537,13.623389269868676,-0.07348877203973399,14.120013687403537,0.00010650811425914225,12.565883107669846,5.785600011621187,-1.2185686793546757,1.1082383529860675,-0.006925062439524315,1.2185686793546757,0.058705409557103454,2.402961074376265,0.8348226536138024,0.05,1.9916365574116515,0.7076738241641022,0.0,0.35566918533747166,0.11781753518813778,1.0,1.0,1.0,9.292200148534867e-07,-0.29137916552811544,0,0,0,5.592553073329272e-05,0.5012423109912443,722,-0.0323,-0.1709,0.4348511813142185,7,7,0,-0.0323,722,0.5012423109912443,-0.000354,-0.0003543226440085867,256,1.3812809777760172e-15,2.6917395104948677e-16,-1.3000081456564423e-18,621.4858274977287,289.7828364486928,0.6091702873169685,0.6091702876916913,0.609170287691728,0.7614628596146141,3.0040527286973607e-09,1189,0.0503,0.0503,-0.11156,0.032302,992,0.0829,0.0829,0.04939,-0.011589,3,0.0046,0.4273,0.000516,17.191,0.0044,0.6749,6.1e-05,17.273,0.0073,0.9555,-8.3e-05,17.229,9.9483,1.7281,1.7362,1.7318,0.48945,0.67054,2.15961,0.17833,0.9883,0.9836,0.9953,0.5233,2.9969,0.9206,0.0118,8.7976,11.7133,3.9085,99,0.1258,-0.8243,20,0.1572,0.4238,-1.0
273,3004,209846,0.0,1.1766738892506632e-06,8.631964115710111e-08,1.1766738892506632e-06,0.4237033738634684,11.987043448465265,9.63447257510232,-14.153377425556847,12.344657845299327,-0.07565585745696093,14.153377425556847,0.007499570170689605,12.564129598191503,5.783542123177893,-1.225334837921261,1.1141098893908978,-0.006919659015136556,1.225334837921261,0.06022681184831607,2.4029580884360042,0.8365129590452137,0.053139895123959446,1.9916514040573559,0.7114799939835424,0.0,0.3696076691172305,0.12392855289152206,1.0,1.0,1.0,6.084246620190616e-07,-0.29769192040043335,0,0,0,8.154556186011043e-05,0.5017184560258084,722,-0.0283,-0.17152,0.439297732856597,7,7,0,-0.0283,722,0.5017184560258084,0.000388,0.0003884874636794766,256,9.989940244434028e-16,2.473781929932623e-16,-2.732325255626732e-17,621.4858312425101,289.782838194788,0.6091702871851706,0.6091702876916841,0.609170287691728,0.7614628596146051,4.060536837104616e-09,1190,0.0546,0.0546,-0.10979,0.02076,993,0.0834,0.0834,0.04899,-0.008484,3,0.0047,0.3116,0.000341,17.186,0.0043,0.6151,-7.7e-05,17.274,0.0075,0.9409,-0.000182,17.221,9.946,1.728,1.7368,1.7314,0.48989,0.67206,2.16032,0.17691,0.9883,0.9836,0.9953,0.523,2.9956,0.9202,0.0117,8.819,11.7018,3.9063,99,0.0989,-0.9181,20,0.2217,-0.3312,1.0
274,3008,209851,0.0,1.565151340739158e-06,1.1437324859630204e-07,1.565151340739158e-06,0.4298214669885279,11.982947998733115,9.635070586957646,-14.180115147828015,12.325115502754414,-0.07478924620736102,14.180115147828015,0.0058621800981006646,12.56227444107356,5.7737136652841965,-1.2331020421837717,1.1205939670682314,-0.007015522893791791,1.2331020421837717,0.061831853414885195,2.4029557236732084,0.8385341657872168,0.05075937828053145,1.9916619665167778,0.7141159527461433,0.0,0.38374045117314975,0.13062977164873926,1.0,1.0,1.0,4.861936254844412e-08,-0.30535974862470544,0,0,0,0.00011681816775343092,0.5014868772203792,724,-0.0261,-0.17158,0.4444926983809243,6,6,0,-0.0261,724,0.5014868772203792,0.001432,0.001432380587522264,256,5.277309421723775e-15,2.0125880551656824e-16,2.6019355087351697e-19,621.485835917362,289.78284037455103,0.6091702870179314,0.6091702876916744,0.609170287691728,0.7614628596145929,5.40111808800053e-09,1192,0.0593,0.0593,-0.10802,0.002332,993,0.0845,0.0845,0.04827,-0.005775,3,0.0051,0.1997,0.000196,17.186,0.0047,0.5479,-0.000128,17.276,0.0078,0.9291,-6.3e-05,17.217,9.9455,1.728,1.737,1.7311,0.49031,0.67219,2.16206,0.17667,0.9882,0.9836,0.9953,0.5226,2.9981,0.921,0.0118,8.843,11.7244,3.9106,99,0.0924,-0.8912,20,0.3595,-0.7552,0.0
275,3008,209851,5.727339302459726e-25,2.06389922267731e-06,1.5243759282149512e-07,2.06389922267731e-06,0.42994675512729186,11.983756692810825,9.6351174890462,-14.208286500127944,12.3076979797743,-0.07020736727221277,14.208286500127944,0.002948995143774554,12.56162586853287,5.777164030947811,-1.2418638035536798,1.127705886787598,-0.007064157550584346,1.2418638035536798,0.06370681603468469,2.4029544165776566,0.8417751761305587,0.05,1.9916681074936957,0.7116301797432923,1.4142115624116159e-08,0.3978774211177667,0.13818278603290432,0.0012223721384280184,1.4142025356938495,0.9420666151744431,1.4993869632289367e-06,-0.3143711596752801,0,0,0,0.00016514830451689393,0.5017735346824045,724,-0.0213,-0.17119,0.4502108205030552,6,6,0,-0.0213,724,0.5017735346824045,0.001865,0.001865262172562776,256,3.722764592459001e-15,3.019724268102596e-16,-1.934820968468153e-17,621.4858413927979,289.7828429276057,0.6091702868032209,0.6091702876916615,0.609170287691728,0.7614628596145768,7.122227119543163e-09,1192,0.0625,0.0625,-0.10792,-0.002767,993,0.0885,0.0885,0.04769,-0.003751,3,0.0055,0.1012,7.4e-05,17.187,0.005,0.4596,-0.000161,17.277,0.0087,0.9301,-6.3e-05,17.214,9.9453,1.7281,1.7372,1.7309,0.48992,0.67175,2.16138,0.17484,0.9882,0.9836,0.9953,0.5226,2.9977,0.9209,0.0118,8.8421,11.7232,3.9107,99,0.1211,-0.445,20,0.3599,-0.9362,0.0
276,3012,209856,0.0,2.3938074779980913e-06,1.9204830829573063e-07,2.3938074779980913e-06,0.43672117342512023,11.989875754060082,9.633418664186767,-14.2511072483564,13.254945903006627,-0.0658460875746357,14.2511072483564,0.007156766461541815,12.555848946903087,5.7850857511464016,-1.2498607493121332,1.1324231769428519,-0.0071228730982498805,1.2498607493121332,0.06500139825518529,2.4019109282472035,0.8437469751043014,0.056279603214522855,1.9953837131238523,0.7089605875431795,0.0,0.41160646070099005,0.14740743166339113,1.0,1.0,1.0,1.5375449444283908e-06,-0.3253353048855702,0,0,0,0.00020586003334985102,0.5023037641272189,724,-0.0139,-0.16891,0.4537781058636241,4,4,0,-0.0139,724,0.5023037641272189,0.002426,0.0024261363255233537,256,7.876965243267193e-15,8.079915502587844e-16,-7.934041950246588e-17,621.4858479109342,289.7828459668449,0.6091702866611955,0.6091702876916446,0.609170287691728,0.7614628596145557,8.260694210560605e-09,1196,0.0634,0.0634,-0.10905,-0.046799,993,0.0902,0.0902,0.0467,0.014342,3,0.0053,-0.0249,-0.000458,17.193,0.0048,0.3519,-0.000298,17.27,0.009,0.927,0.000259,17.217,9.9459,1.7287,1.7364,1.731,0.48952,0.67108,2.16099,0.17452,0.9882,0.9836,0.9954,0.5226,2.995,0.92,0.0117,8.9515,11.6474,3.8889,99,0.1533,0.1297,20,0.1741,-0.9137,1.0
277,3016,209861,0.0,3.1515197761450383e-06,2.501622352539877e-07,3.1515197761450383e-06,0.4295897138161845,11.996041363010995,9.633498215757433,-14.288892287133095,13.441279141725637,-0.06591852372834617,14.288892287133095,0.00449500676507984,12.563123596716773,5.775372524244438,-1.2597424105596136,1.140994081575845,-0.007165677862702279,1.2597424105596136,0.06672615802814792,2.401896701203771,0.8471545401783428,0.05,1.995388744860816,0.7165166580179753,0.0,0.4257457554688473,0.15576698801460345,1.0,1.0,1.0,5.30974325680162e-07,-0.33601309562403453,0,0,0,0.0002812317892028358,0.5027208491903459,724,-0.0099,-0.16731,0.46070133094744664,4,4,0,-0.0099,724,0.5027208491903459,0.002813,0.0028130333091669346,256,6.544517113102489e-15,5.601111995126765e-16,-5.006339273271126e-18,621.4858535149472,289.78284857985176,0.609170286335001,0.6091702876916285,0.609170287691728,0.7614628596145356,1.0875453090442701e-08,1197,0.0614,0.0614,-0.11217,0.012455,996,0.0912,0.0912,0.04577,-0.000829,3,0.0055,-0.0877,6.1e-05,17.196,0.005,0.2343,-4.6e-05,17.273,0.0091,0.9479,2.7e-05,17.218,9.9472,1.7288,1.7365,1.7309,0.48962,0.67364,2.16182,0.17355,0.9882,0.9836,0.9954,0.5229,2.9926,0.9193,0.0117,8.9528,11.6576,3.8955,99,0.1143,0.3875,20,0.0686,0.0488,0.0
278,3018,209864,0.0,4.079668460552684e-06,3.2190044233746016e-07,4.079668460552684e-06,0.4330662617499611,12.000255071824252,9.63263563750453,-14.325586547363443,12.301857942875221,-0.06532665149360024,14.325586547363443,0.005594619186960103,12.564565743174969,5.789707149428548,-1.269994426919758,1.1498821216407482,-0.00721850201475535,1.269994426919758,0.068518733861934,2.40187112957766,0.8511123827304969,0.05,1.9953991075945554,0.7131351391915824,0.0,0.43988459781079303,0.1641830204704747,1.0,1.0,1.0,5.3777299018446e-07,-0.34660099353068863,0,0,0,0.0003763919629483479,0.5033376567857007,724,-0.006,-0.16572,0.46818315550969586,4,4,0,-0.006,724,0.5033376567857007,0.002193,0.0021926342426326073,256,4.475736490916067e-15,3.397364469353542e-16,3.370551131310655e-17,621.4858601279246,289.7828516633129,0.6091702859354338,0.6091702876916075,0.609170287691728,0.7614628596145093,1.4078363978875768e-08,1199,0.0648,0.0648,-0.11357,0.021897,996,0.0937,0.0937,0.04435,-0.002007,3,0.0057,-0.1858,0.000126,17.199,0.0052,0.1537,-0.000104,17.276,0.0095,0.9424,-4e-06,17.217,9.948,1.7289,1.7366,1.7307,0.48943,0.67363,2.16221,0.17276,0.9882,0.9836,0.9953,0.5229,2.991,0.8992,0.0235,9.0064,11.6185,3.8845,99,0.0406,0.8308,20,0.1084,0.9998,-1.0
279,3020,209866,0.0,5.186767306448472e-06,4.096205685996519e-07,5.186767306448472e-06,0.43198144637664826,12.004390231952137,9.632492365573398,-14.362574072564254,12.978614469104132,-0.0728243952260451,14.362574072564254,0.0029719948736209013,12.547226368598723,5.799580162280392,-1.280424075847503,1.158837603356712,-0.007197734807272077,1.280424075847503,0.07021579781289547,2.4018648021680558,0.8552856010224396,0.07071049710683042,1.9954022245417466,0.7079250811724278,0.0,0.45402329539393765,0.17262893966740273,1.0,1.0,1.0,9.218750294691356e-07,-0.3569919511464843,0,0,0,0.0004949179765244862,0.5041274118634287,724,-0.0008,-0.1635,0.4753029214496846,4,4,0,-0.0008,724,0.5041274118634287,0.00209,0.0020901669259276723,256,5.769457921800695e-15,2.9533435259938934e-16,1.3421136276144577e-17,621.4858673535251,289.7828550324243,0.6091702854588283,0.6091702876915824,0.609170287691728,0.761462859614478,1.7898806697408357e-08,1200,0.064,0.064,-0.1137,0.023959,997,0.0973,0.0973,0.04388,-0.001738,3,0.0059,-0.2707,9e-05,17.2,0.0057,0.0724,-7.2e-05,17.278,0.0098,0.9405,-3.6e-05,17.216,9.9486,1.7289,1.7367,1.7305,0.48957,0.67326,2.16181,0.17172,0.9881,0.9836,0.9954,0.5228,2.9895,0.8988,0.0234,9.0186,11.6127,3.8845,99,0.0276,0.4025,20,0.1941,0.9934,0.0
280,3022,209868,0.0,6.4943500268625224e-06,5.137351232324224e-07,6.4943500268625224e-06,0.4309356128397434,12.008950417315651,9.632538665063398,-14.388360521972166,12.331193125077572,-0.07490096601366536,14.388360521972166,0.0001176882951760621,12.55370261744897,5.810234874413885,-1.290752894828491,1.1680139904303086,-0.00731885232756655,1.290752894828491,0.0717248062256131,2.4018623839004887,0.859691530291912,0.06490333582699004,1.9954060321648996,0.7164131944133367,0.0,0.4681616252627776,0.18106299003485818,1.0,1.0,1.0,8.189358490991335e-07,-0.3671503474496149,0,0,0,0.0006404469041948106,0.5050906630035963,724,0.0057,-0.16116,0.4824079321760796,5,5,0,0.0057,724,0.5050906630035963,0.001501,0.0015006928170580025,256,3.9935715671088804e-15,3.775437602479599e-16,-3.5008075993201865e-18,621.4858738863268,289.7828580785015,0.609170284895915,0.6091702876915577,0.609170287691728,0.761462859614447,2.2411091083597563e-08,1201,0.0637,0.0637,-0.11343,0.019655,998,0.1002,0.1002,0.04365,-0.001906,3,0.006,-0.3652,7.3e-05,17.202,0.0061,-0.0162,-9e-05,17.28,0.0099,0.9367,-2.9e-05,17.216,9.9492,1.729,1.7368,1.7304,0.48966,0.67535,2.16152,0.17148,0.9881,0.9836,0.9954,0.5225,2.9878,0.8983,0.0234,9.0472,11.5933,3.8802,99,0.0656,-0.7333,20,0.0988,0.8217,-1.0
281,3022,209868,2.926772717373894e-24,8.030101148180105e-06,6.383245354438505e-07,8.030101148180105e-06,0.4311203247752815,12.011283386859796,9.632640404236088,-14.404960276878302,13.518026145877975,-0.07360031924037203,14.404960276878302,0.002967188702372988,12.563723402138587,5.813227546737871,-1.30174147891249,1.1773333110457063,-0.0073908960856382535,1.30174147891249,0.07329532746606368,2.401818951987806,0.8645412910645843,0.08222772197528898,1.9954081333609097,0.7232404561420885,1.4142115624116159e-08,0.4823000565147609,0.18966597638572416,0.0008786037799852764,1.4142029149278355,0.9177424660478517,4.155271807004735e-06,-0.37718540060972694,0,0,0,0.0008175862510042589,0.5061905058147755,724,0.0132,-0.15838,0.4891461601075623,4,4,0,0.0132,724,0.5061905058147755,0.001237,0.0012367922686855604,256,2.7063675748697345e-15,5.06177786840598e-16,-8.08667611382596e-18,621.4858814378849,289.78286159959856,0.6091702842347754,0.6091702876915266,0.609170287691728,0.7614628596144082,2.7710752471191795e-08,1201,0.0659,0.0659,-0.11235,0.012277,998,0.103,0.103,0.04296,-0.001311,3,0.0065,-0.4776,-3.3e-05,17.203,0.0067,-0.1463,-0.000135,17.282,0.0103,0.939,-7.9e-05,17.216,9.9499,1.729,1.7369,1.7303,0.48973,0.67706,2.16028,0.17154,0.9881,0.9836,0.9954,0.5225,2.9871,0.8981,0.0234,9.0532,11.5838,3.8779,99,0.0688,-0.7663,20,0.1375,0.0017,-2.0
282,3025,209872,0.0,9.177587260833758e-06,7.368819093112393e-07,9.177587260833758e-06,0.4369094406755187,12.01747226310683,9.631601169231182,-14.415859399125216,12.799787148836161,-0.07171675478112381,14.415859399125216,0.010400518464620076,12.564247300961437,5.7983466246205735,-1.312384307096796,1.1781697594209273,-0.007396136073524209,1.312384307096796,0.07428461438307514,2.40016931427706,0.8673819889859826,0.07657132131911448,1.9994908620651806,0.7204839362343264,0.0,0.4841891501743436,0.19864620097690375,1.0,1.0,1.0,6.185376189279319e-06,-0.387053891806991,0,0,0,0.0009458668491798721,0.5074885368108265,724,0.0188,-0.15517,0.49372059951862385,5,5,0,0.0188,724,0.5074885368108265,0.00168,0.0016802827118405084,256,3.763809143901103e-15,4.750072324824721e-16,-6.633880878169034e-17,621.4858902168713,289.78286569301383,0.6091702837407834,0.6091702876914873,0.609170287691728,0.7614628596143591,3.167056561086046e-08,1204,0.0716,0.0716,-0.11033,-0.017584,998,0.1076,0.1076,0.04285,0.008943,3,0.0072,-0.573,-0.000211,17.202,0.0075,-0.2532,-0.00012,17.278,0.0111,0.9379,-6.2e-05,17.215,9.9488,1.7291,1.7367,1.7303,0.48976,0.67904,2.15731,0.17177,0.9881,0.9836,0.9954,0.5226,2.9846,0.8973,0.0234,9.1294,11.5287,3.8627,99,0.0696,-0.9731,20,0.2329,-0.6771,-1.0
283,3027,209874,0.0,1.103622006622532e-05,8.972994796222539e-07,1.103622006622532e-05,0.4360850296300618,12.022472878378377,9.631458165156047,-14.427167919048456,13.652184262960048,-0.07071143980949542,14.427167919048456,0.0020432235903855792,12.564694275326326,5.776680741227072,-1.3241501382669718,1.187513529242522,-0.0074233251322994645,1.3241501382669718,0.07568907351739933,2.400167000021312,0.8720837377177043,0.08350164808022371,1.9994980916832907,0.7225824691288204,0.0,0.498235262567988,0.20715760173343836,1.0,1.0,1.0,8.508524631343897e-06,-0.39676955209048476,0,0,0,0.0011835338906549624,0.5087416936406336,724,0.0228,-0.15309,0.5012340621986783,5,5,0,0.0228,724,0.5087416936406336,0.001088,0.0010879424957053185,256,1.839607574707961e-14,7.406133628503686e-16,3.652071835784579e-17,621.4858982435317,289.7828694356389,0.6091702829406435,0.6091702876914482,0.609170287691728,0.7614628596143103,3.808444608102163e-08,1205,0.073,0.073,-0.10885,0.013081,999,0.1067,0.1067,0.04318,-0.000579,3,0.0075,-0.6197,4.1e-05,17.204,0.0078,-0.318,-8.8e-05,17.28,0.0109,0.9412,-2.6e-05,17.215,9.9495,1.7291,1.7368,1.7302,0.48976,0.68172,2.15587,0.17136,0.9881,0.9836,0.9954,0.5223,2.9826,0.8967,0.0234,9.1733,11.495,3.854,99,0.0984,-0.7189,20,0.2593,-0.995,1.0
284,3028,209875,0.0,1.3111746244632164e-05,1.0833080147304356e-06,1.3111746244632164e-05,0.4380700416444291,12.026542841061195,9.631170719975232,-14.434158315452793,13.773603374827658,-0.0701862608319812,14.434158315452793,0.000627812100347569,12.561875995887227,5.774997070082113,-1.3361475341522748,1.1970088601242084,-0.007584411772429578,1.3361475341522748,0.07712149785517264,2.4001660348460834,0.8770283408112928,0.08430086031435519,1.9995061188582466,0.7218569999634136,0.0,0.5123568792130712,0.21564414823296885,1.0,1.0,1.0,9.786053015921193e-06,-0.40635667438410733,0,0,0,0.0014667113625147226,0.5101135482006588,724,0.0268,-0.15133,0.5090834008246913,8,8,0,0.0268,724,0.5101135482006588,0.000973,0.000973086875685869,256,9.828268692483784e-15,6.279533665013584e-16,4.917703308977315e-17,621.4859052595468,289.78287270702606,0.6091702820471311,0.6091702876914117,0.609170287691728,0.7614628596142645,4.524679503018212e-08,1206,0.076,0.076,-0.10977,0.012154,999,0.108,0.108,0.04453,-0.001803,3,0.0076,-0.6817,5e-05,17.205,0.0079,-0.3658,-6.6e-05,17.282,0.0112,0.9303,-3.5e-05,17.215,9.9501,1.7292,1.7369,1.7301,0.4894,0.68258,2.15381,0.16974,0.9881,0.9835,0.9953,0.5225,2.9809,0.8962,0.0234,9.2017,11.4692,3.8476,99,0.1199,-0.4206,20,0.1868,-0.9213,1.0
285,3030,209877,0.0,1.5466235567260218e-05,1.2961851748287635e-06,1.5466235567260218e-05,0.4418627107909972,12.032012117865099,9.63035319571451,-14.443596262877751,12.212357547625826,-0.06816436060718106,14.443596262877751,0.011741258925846118,12.555329107649563,5.753440582524812,-1.3479797375857558,1.206454388569508,-0.007729122508570183,1.3479797375857558,0.07882990912209126,2.4001606875457466,0.8817847996419994,0.08506768720923247,1.999510005928438,0.7143783563541121,0.0,0.5264934825025352,0.22409079403445192,1.0,1.0,1.0,4.43551902694863e-06,-0.415728529845258,0,0,0,0.0018001382913233497,0.5115913005640468,724,0.0324,-0.14942,0.516905533090625,6,6,0,0.0324,724,0.5115913005640468,0.000691,0.0006911174545169985,256,6.1018994657660014e-15,2.8394482992734365e-16,6.378495530386808e-17,621.4859132395177,289.7828764278809,0.6091702810335252,0.6091702876913674,0.609170287691728,0.7614628596142092,5.3371806360371134e-08,1208,0.0773,0.0773,-0.10972,0.008842,999,0.1096,0.1096,0.04467,-0.000954,3,0.0082,-0.7077,1.8e-05,17.207,0.0085,-0.4232,-0.000116,17.284,0.0116,0.9396,-5.9e-05,17.214,9.9506,1.7292,1.737,1.73,0.4892,0.68363,2.15253,0.17083,0.9881,0.9835,0.9953,0.5224,2.979,0.8956,0.0234,9.2706,11.4161,3.8322,99,0.1478,0.0447,20,0.1874,-0.2855,0.0
286,3034,209882,0.0,1.821541013594445e-05,1.5396990574986914e-06,1.821541013594445e-05,0.44957588503207147,12.04014642082589,9.628981608625741,-14.469471724014884,13.265620380340996,-0.06804120434137047,14.469471724014884,0.013756115781638437,12.549233233321608,5.73992144663803,-1.3601175324922918,1.2161624719340467,-0.007839412266653266,1.3601175324922918,0.08054347345352289,2.400153628816397,0.8862974759398533,0.08580843088337956,1.999516682343155,0.7256713067946652,0.0,0.5406339698703404,0.2324069227290982,1.0,1.0,1.0,2.400161058823614e-06,-0.4248950821327612,0,0,0,0.002189665925760966,0.5131555003518391,724,0.0383,-0.14864,0.525038711418708,8,8,0,0.0383,724,0.5131555003518391,0.000449,0.0004494575310902693,256,3.694219715025284e-15,2.043304068048461e-16,7.528716078692693e-17,621.4859216800695,289.7828803634929,0.6091702798500078,0.6091702876913175,0.609170287691728,0.7614628596141468,6.285882075951387e-08,1212,0.0817,0.0817,-0.10856,0.009375,999,0.1141,0.1141,0.04477,-0.001172,3,0.0088,-0.7656,-5e-06,17.208,0.0093,-0.5014,-9e-05,17.286,0.0123,0.9405,-5.9e-05,17.215,9.9514,1.7293,1.737,1.7299,0.48858,0.68256,2.1527,0.17105,0.9882,0.9834,0.9951,0.5227,2.9761,0.8948,0.0233,9.3702,11.3469,3.8127,99,0.0725,0.2407,20,0.1121,0.785,-0.0
287,3036,209884,0.0,2.1198382872182288e-05,1.8130545636568553e-06,2.1198382872182288e-05,0.45355573409469097,12.045832805341362,9.628356274069303,-14.461782317313556,13.364264188391513,-0.06881889557718744,14.461782317313556,0.0004886492619954807,12.56335679822914,5.743461311233586,-1.3726538402958643,1.2259805051454942,-0.007863064223853885,1.3726538402958643,0.0820877693158056,2.4001525167942495,0.8912269685426479,0.08652700676028531,1.999518614785939,0.7311533074092571,0.0,0.5547754996943297,0.2408190288614007,1.0,1.0,1.0,3.2655945808737974e-05,-0.43398801031055284,0,0,0,0.002640152660051202,0.5147824941519032,724,0.0431,-0.1472,0.5333490933404076,11,11,0,0.0431,724,0.5147824941519032,0.000282,0.0002821129198107286,256,5.693863563908685e-15,3.246737720351409e-16,1.327443500852709e-16,621.4859297721878,289.78288413663927,0.6091702785658404,0.6091702876912666,0.609170287691728,0.7614628596140832,7.31526395540558e-08,1214,0.085,0.085,-0.10876,0.009299,999,0.1159,0.1159,0.04326,-0.001328,3,0.0094,-0.7962,6e-05,17.21,0.0098,-0.5465,-0.000128,17.287,0.0129,0.9418,-3.7e-05,17.213,9.9517,1.7293,1.7371,1.7297,0.48846,0.6827,2.1515,0.17105,0.9882,0.9833,0.9951,0.5227,2.9742,0.8942,0.0233,9.4473,11.2875,3.7951,99,0.0613,0.4162,20,0.2598,0.7126,0.0
288,3038,209887,0.0,2.4876691337801968e-05,2.121717358950549e-06,2.4876691337801968e-05,0.4578027698701947,12.051541161486906,9.62779790643468,-14.393645936456148,12.19765475847359,-0.07308045611451804,14.393645936456148,0.014274827301790772,12.560076669179356,5.74504576575411,-1.3851956162198986,1.235943022020963,-0.008125917511372946,1.3851956162198986,0.08375023106310046,2.4001467729480823,0.8963638139860576,0.08721919313335691,1.999519725128763,0.7340004986217393,0.0,0.5689171683119286,0.24924693928926586,1.0,1.0,1.0,8.21921084777668e-06,-0.44296530103000137,0,0,0,0.003158830701915115,0.5164620025225406,724,0.049,-0.1455,0.5411865747035229,10,10,0,0.049,724,0.5164620025225406,0.000116,0.00011595816273102244,256,5.2424292680349676e-15,4.25199101452489e-16,1.1569410961053887e-16,621.4859405463263,289.7828891603426,0.6091702769823315,0.609170287691194,0.609170287691728,0.7614628596139924,8.584596354147466e-08,1216,0.0894,0.0894,-0.10885,0.009172,999,0.1187,0.1187,0.04376,-0.000981,3,0.0104,-0.8267,5.7e-05,17.211,0.0107,-0.5693,-9.8e-05,17.289,0.0137,0.9332,-5.1e-05,17.213,9.9523,1.7294,1.7372,1.7295,0.48836,0.68292,2.14946,0.17143,0.9882,0.9833,0.9951,0.5227,2.9723,0.8936,0.0233,9.508,11.2416,3.7821,99,0.0793,-0.2045,20,0.2857,0.3418,-0.0
289,3040,209889,0.0,2.9005885697030007e-05,2.4589247522579913e-06,2.9005885697030007e-05,0.4616679723164579,12.057584859380716,9.627087521427207,-14.232232776767637,13.62289826188346,-0.07304018370556653,14.232232776767637,0.0007004565354993275,12.546568444012266,5.757237739783295,-1.3981579439183958,1.2455215961893684,-0.008349486744703746,1.3981579439183958,0.085362316989829,2.4001454310360737,0.9015679379287863,0.08355057549158026,1.9995206280412958,0.7357446096419039,0.0,0.5830582329724723,0.25765141838089556,1.0,1.0,1.0,1.2447428777851511e-05,-0.4518173500369297,0,0,0,0.003752169197097614,0.5181755151443125,724,0.0557,-0.14323,0.5486823798487949,11,11,0,0.0557,724,0.5181755151443125,2.9e-05,2.920272939510582e-05,256,5.824399638246905e-15,3.719691436169502e-16,6.574443190002733e-17,621.4859505115635,289.7828938068761,0.6091702752047168,0.6091702876911225,0.609170287691728,0.761462859613903,1.0009523100546021e-07,1218,0.0881,0.0881,-0.1087,0.011262,999,0.1209,0.1209,0.04402,-0.001583,3,0.011,-0.845,0.00014,17.212,0.0118,-0.58,-0.000101,17.292,0.0137,0.9257,-6.7e-05,17.211,9.9525,1.7294,1.7374,1.7293,0.48865,0.68429,2.14786,0.17056,0.9882,0.9832,0.9949,0.523,2.9128,0.9127,0.0233,9.529,11.2304,3.8555,99,0.0678,-0.4734,20,0.2325,0.0652,0.0
290,3042,209892,0.0,3.3619998004133434e-05,2.838130200408766e-06,3.3619998004133434e-05,0.45601440964900664,12.06317648657274,9.627476038794828,-13.930556444927515,13.996009353811415,-0.07053326081498895,13.996009353811415,0.010328896208178881,12.561662941562226,5.788306982123624,-1.4109721052427022,1.2553514836000956,-0.008527260233727196,1.4109721052427022,0.08680331693978525,2.400144520571103,0.9066889755673071,0.08360792323474608,1.999522890514399,0.7381154430274667,0.0,0.597196324122702,0.2659954167361735,1.0,1.0,1.0,1.1463482430426654e-06,-0.460509698309791,0,0,0,0.00442444280195717,0.5199161734101327,724,0.0603,-0.14235,0.5579661449404817,13,13,0,0.0603,724,0.5199161734101327,0.00028,0.0002799021333577123,256,6.790356317416378e-15,6.396779739126835e-16,1.4076734780797544e-16,621.4859598372659,289.78289815521094,0.6091702732183452,0.6091702876910512,0.609170287691728,0.761462859613814,1.1601788172511888e-07,1218,0.0865,0.0865,-0.10813,0.008777,1001,0.1226,0.1226,0.04461,-0.000933,3,0.0111,-0.8567,0.000115,17.214,0.0121,-0.6077,-0.000199,17.294,0.0139,0.9303,-7.8e-05,17.208,9.9526,1.7295,1.7376,1.729,0.48849,0.68261,2.14695,0.17107,0.9882,0.9832,0.995,0.523,2.9703,0.893,0.0233,9.5181,11.2469,3.7865,99,0.0301,-0.9271,20,0.1042,-0.7473,1.0
291,3042,209892,5.082035366501193e-24,3.8901527498720945e-05,3.261823092769748e-06,3.8901527498720945e-05,0.45619080688344427,12.066497858246537,9.627565289376056,-13.160278981075734,13.915027862234428,-0.06996900615000623,13.915027862234428,0.0026981329109937893,12.564369380447484,5.773156397363686,-1.4239497189928603,1.265596367948186,-0.008658039449318176,1.4239497189928603,0.08831881929127318,2.400143975148647,0.912000470458482,0.08087071442028046,1.9995239149836501,0.746184634388939,1.4142115624116159e-08,0.6113238925424165,0.27451484854082214,0.000740790379675782,1.4142029608253996,0.8963113619255193,1.3808336822140104e-05,-0.46903761968771185,0,0,0,0.005184231111712079,0.5216633317941287,724,0.0644,-0.14143,0.567133307357949,10,10,0,0.0644,724,0.5216633317941287,0.000403,0.0004033975873172224,256,7.123798014506338e-15,5.851306197970526e-16,7.428394477048814e-17,621.4859693601737,289.7829025954976,0.6091702709446513,0.6091702876909744,0.609170287691728,0.761462859613718,1.3424369467726274e-07,1218,0.0894,0.0894,-0.1082,0.000811,1001,0.1204,0.1204,0.04429,-0.001443,3,0.0114,-0.8941,-7e-06,17.216,0.0123,-0.6654,-0.000179,17.296,0.0135,0.9292,-9.1e-05,17.208,9.9534,1.7296,1.7377,1.7288,0.48827,0.68366,2.14509,0.17132,0.9882,0.9832,0.995,0.523,2.9694,0.8928,0.0233,9.5238,11.2372,3.7843,99,0.0608,-0.6539,20,0.1934,-0.9259,0.0
292,3044,209894,0.0,4.185276679709968e-05,3.517029797563121e-06,4.185276679709968e-05,0.45338129568494034,12.069562216418685,9.626152138554108,-12.894419778572043,14.254179481911057,-0.06902303401579346,14.254179481911057,0.0021222563250891113,12.56516735657319,5.772624613429463,-1.436909943839092,1.2667317889591634,-0.008624974420761938,1.436909943839092,0.08903634899026797,2.3980738370272388,0.9138915080756247,0.08932782551939364,2.003986219618339,0.7494699588711774,0.0,0.6253052374838144,0.28329170856649427,1.0,1.0,1.0,2.061891917395686e-05,-0.4774724411805272,0,0,0,0.0055690477879303925,0.5232973619290223,724,0.0675,-0.13899,0.5709501988049027,8,8,0,0.0675,724,0.5232973619290223,0.000946,0.0009456862011489875,256,9.708052466962702e-15,8.491758790943185e-16,2.0549732249185124e-16,621.4859793859407,289.78290727025455,0.6091702696741453,0.6091702876908891,0.609170287691728,0.7614628596136114,1.444280036781719e-07,1218,0.0994,0.0994,-0.1048,0.003038,1002,0.1211,0.1211,0.04397,0.004736,3,0.0125,-0.9224,-0.000191,17.215,0.0127,-0.7124,2.1e-05,17.295,0.0145,0.9282,-8.1e-05,17.209,9.9533,1.7295,1.7376,1.729,0.4883,0.6839,2.14023,0.17142,0.988,0.9834,0.9954,0.5227,2.9687,0.9119,0.0233,9.5213,11.2408,3.7864,100,0.0564,-0.8757,20,0.208,-0.9306,0.0
293,3046,209897,0.0,4.771876345109641e-05,4.006969211654316e-06,4.771876345109641e-05,0.4478646435984655,12.074731567813053,9.626641858855331,-12.672364164472347,13.723143531995802,-0.06787845998071257,13.723143531995802,0.0038491243172077347,12.565964266417398,5.774580857952308,-1.449941291428647,1.2773291075310758,-0.008872401185488226,1.449941291428647,0.0899399581830137,2.3980724566507354,0.918969861024507,0.08993975808137125,2.0039875947845114,0.7478525369239569,0.0,0.6394282594492958,0.2916193916071221,1.0,1.0,1.0,5.581468752018191e-06,-0.48578122577767974,0,0,0,0.0064645746858826925,0.5248689711076115,724,0.0761,-0.13608,0.578738085616481,10,10,0,0.0761,724,0.5248689711076115,0.000224,0.00022417207102787273,256,6.7724418256395545e-15,7.571281888866926e-16,1.570963205444076e-16,621.4859875930754,289.7829110970301,0.6091702671488388,0.6091702876908158,0.609170287691728,0.7614628596135198,1.646707297902684e-07,1218,0.1031,0.1031,-0.10454,0.000591,1004,0.1242,0.1242,0.04504,-0.001671,3,0.0135,-0.9472,-3.4e-05,17.216,0.0139,-0.7332,-6.1e-05,17.297,0.0151,0.9125,-8.7e-05,17.211,9.9545,1.7295,1.7376,1.729,0.48825,0.68649,2.13891,0.17082,0.988,0.9834,0.9954,0.5227,2.9669,0.9114,0.0233,9.5322,11.234,3.7864,100,0.0614,-0.9822,20,0.1108,-0.9849,-0.0
294,3046,209897,7.295079661877582e-24,5.453118028967095e-05,4.544845932592732e-06,5.453118028967095e-05,0.4480961163468576,12.077821147497918,9.626713559435041,-13.029304344696659,12.734782224229317,-0.06771249056162543,13.029304344696659,6.59197768708708e-05,12.565721465267778,5.782919489589548,-1.4628117590554912,1.2878781356024267,-0.008996705881438184,1.4628117590554912,0.09054279390241107,2.3980718012672515,0.9241663495110761,0.09054259912335144,2.0039915666337182,0.7517887406290837,1.4142115624116159e-08,0.6535215587461063,0.3001245239510335,0.001128236556509843,1.4141980225744375,0.9048250381541024,2.7585820835775734e-05,-0.49391154063031534,0,0,0,0.007470574440928947,0.5264450719735686,724,0.0829,-0.13506,0.5882962000920647,7,7,0,0.0829,724,0.5264450719735686,0.00028,0.0002798243829056357,256,1.0585504291536662e-14,7.556689749981843e-16,1.3097950861659854e-16,621.4859987155817,289.78291628316833,0.6091702642160991,0.6091702876907117,0.609170287691728,0.7614628596133896,1.8817941716199895e-07,1218,0.1077,0.1077,-0.10354,0.005331,1004,0.1269,0.1269,0.04447,-0.001733,3,0.0147,-0.9586,4.3e-05,17.218,0.0151,-0.755,-4.6e-05,17.3,0.0158,0.9105,-1.5e-05,17.212,9.9554,1.7295,1.7377,1.7289,0.48806,0.68715,2.13678,0.17077,0.9879,0.9834,0.9954,0.5227,2.9659,0.9111,0.0233,9.5457,11.2174,3.7821,100,0.0401,-1.0,20,0.0738,-1.0,-1.0
295,3046,209897,1.5397477622768354e-15,5.765719819666985e-05,4.865177927958183e-06,5.765719819666985e-05,0.4484095244801842,12.080546623066436,9.626766414620812,-13.643996913415743,12.09356139141838,-0.06828409353549789,13.643996913415743,0.001243011259815044,12.564271455985121,5.790867179400728,-1.4761466492153545,1.2964830620597654,-0.008973201141721369,1.4761466492153545,0.09065483400295052,2.3955793791215836,0.926255111206085,0.09065476656548652,2.008827755002813,0.7577820643927436,0.013392629124880104,0.6669627700741183,0.3091727743391413,0.0016949958449218316,1.4141991581393911,0.882656636073802,4.5534148105277386e-05,-0.5019072222252356,0,0,0,0.007877502248800792,0.5278796788094305,724,0.086,-0.13283,0.5913840759830918,7,7,0,0.086,724,0.5278796788094305,0.000286,0.0002856021220103422,256,2.5412020562399783e-14,9.901755456092072e-16,3.2724812221331723e-16,621.4860110540313,289.78292203626967,0.6091702628703516,0.6091702876905896,0.609170287691728,0.7614628596132369,1.9896686040543614e-07,1218,0.1113,0.1113,-0.1031,-0.006684,1004,0.1273,0.1273,0.04532,0.003951,3,0.0154,-0.9624,-0.000308,17.221,0.0155,-0.7948,-2.9e-05,17.298,0.0162,0.9297,3.1e-05,17.217,9.9565,1.7296,1.7374,1.7292,0.48797,0.68699,2.13151,0.17064,0.9879,0.9834,0.9954,0.5227,2.9643,0.9106,0.0232,9.549,11.205,3.78,100,0.0352,0.0115,20,0.0145,0.4211,0.0
296,3050,209903,0.0,5.991551429520814e-05,5.122273161659837e-06,5.991551429520814e-05,0.456276129845515,12.088450401319728,9.625272422334167,-12.890179173659497,13.471967725932373,-0.07004346769614331,13.471967725932373,5.823647323025677e-05,12.564648525585325,5.788059077057238,-1.4897023344085842,1.3043499370548046,-0.008655333679357445,1.4897023344085842,0.09079272119245026,2.3959554654370563,0.9273758954979487,0.09079264981251163,2.013963964395042,0.7615985512957525,0.0,0.6801799672319653,0.31758229236965174,1.0,1.0,1.0,1.9682866769814395e-06,-0.5097835777573795,0,0,0,0.008124786771613351,0.5291240063976853,724,0.0855,-0.13317,0.5938700727404082,9,9,0,0.0855,724,0.5291240063976853,0.000209,0.0002091448437750998,256,1.8588015499270493e-14,1.6395667787135904e-15,5.640011738952338e-16,621.4860247041702,289.7829284009779,0.6091702618981488,0.6091702876904466,0.609170287691728,0.7614628596130582,2.0675998626220644e-07,1222,0.1128,0.1128,-0.09968,-0.008989,1004,0.1323,0.1323,0.04678,0.00347,3,0.0152,-0.9699,-0.000243,17.224,0.0159,-0.8093,-3.7e-05,17.296,0.0167,0.928,0.000143,17.22,9.9573,1.7298,1.737,1.7294,0.48789,0.68779,2.12689,0.1715,0.9879,0.9834,0.9954,0.5226,2.9025,0.9288,0.0232,9.6281,11.1457,3.84,100,0.0871,0.9941,20,0.0854,0.9971,0.0
297,3052,209906,0.0,6.714694821683858e-05,5.7264975515070105e-06,6.714694821683858e-05,0.4603518531101127,12.093728307911178,9.624459415562896,-12.659397292733784,12.42997649213954,-0.06998379471735759,12.659397292733784,0.0014355171698383629,12.56302149476247,5.839924671851281,-1.503689270531016,1.3149686866197907,-0.008679299474078073,1.503689270531016,0.09137769252976946,2.3959560181943473,0.9321303958009822,0.09137750721315965,2.0139643333528308,0.7595829343633572,0.0,0.6942145980665034,0.3259201947873312,1.0,1.0,1.0,4.9796633105428906e-06,-0.5175328944884906,0,0,0,0.009284494453824628,0.5302884149227082,724,0.0918,-0.1316,0.6028455861336757,6,6,0,0.0918,724,0.5302884149227082,0.000147,0.0001466165707040279,256,2.4238395101713073e-14,2.9606749546907984e-15,-4.654582727965695e-17,621.4860324579975,289.78293201638786,0.6091702587850231,0.6091702876903613,0.609170287691728,0.7614628596129516,2.3171464154086643e-07,1224,0.1095,0.1095,-0.10089,-0.007556,1004,0.1327,0.1327,0.04909,0.000891,3,0.0156,-0.9662,7.1e-05,17.227,0.0167,-0.8217,-2.3e-05,17.298,0.0166,0.9408,6.7e-05,17.221,9.9584,1.7299,1.737,1.7293,0.48757,0.68973,2.12586,0.17152,0.9879,0.9833,0.9954,0.5226,2.8997,0.9279,0.0232,9.6684,11.1026,3.8289,100,0.1294,0.9997,20,0.1303,0.9984,-1.0
298,3055,209910,0.0,7.571570663801094e-05,6.3911652566777645e-06,7.571570663801094e-05,0.45725993868417214,12.099777344148524,9.62433779815442,-12.935560520951649,14.170777123791906,-0.06968116218727648,14.170777123791906,0.00418665094965458,12.564758146675503,5.8892601787239025,-1.5174435592376625,1.3259151702647218,-0.008549452750031085,1.5174435592376625,0.09195364958866646,2.3959564794509722,0.9368579761673929,0.09195346984672682,2.013976024653235,0.764031998991951,0.0,0.7081672546858845,0.33412748421499977,1.0,1.0,1.0,9.040653368257277e-06,-0.5251192254538307,0,0,0,0.010575904912233458,0.5314694718380956,724,0.0997,-0.12996,0.6122133194566757,6,6,0,0.0997,724,0.5314694718380956,0.000118,0.00011846468380083408,256,1.9906943371188085e-14,1.930562438620552e-15,-7.058427644811507e-17,621.4860431895776,289.7829370202473,0.6091702550961802,0.609170287690239,0.609170287691728,0.7614628596127987,2.612842129925705e-07,1225,0.1061,0.1061,-0.10338,-0.00714,1006,0.1293,0.1293,0.04681,-0.000247,3,0.0167,-0.951,1e-05,17.23,0.0174,-0.8319,-7.9e-05,17.299,0.0162,0.9627,3e-05,17.222,9.9594,1.73,1.737,1.7292,0.4876,0.68949,2.12398,0.17114,0.9879,0.9834,0.9954,0.5224,2.8965,0.9269,0.0232,9.6743,11.0969,3.8311,100,0.1037,0.9235,20,0.0929,0.9923,-2.0
299,3057,209912,0.0,8.514439248409971e-05,7.110067615239481e-06,8.514439248409971e-05,0.4614835681375732,12.105140814853549,9.623633001786082,-13.09713483663993,13.43797809131126,-0.0711332670972438,13.43797809131126,0.0016399918749794296,12.56635129302773,5.879191059470725,-1.5321368364264096,1.336901565904703,-0.008526545025855287,1.5321368364264096,0.0925195757020683,2.3959566257354545,0.9416743789344578,0.09251940109553106,2.013976768328235,0.7635432867498286,0.0,0.7217867771950849,0.34244503658638503,1.0,1.0,1.0,4.462622964052856e-05,-0.5325593324911465,0,0,0,0.011999992413050586,0.5326437292073269,724,0.1109,-0.12733,0.6201410487586578,3,3,0,0.1109,724,0.5326437292073269,-0.000168,-0.00016766499771714294,256,3.935855161456389e-14,1.8206245380784078e-15,1.559371320182112e-16,621.4860512661779,289.78294078615806,0.6091702510371392,0.6091702876901435,0.609170287691728,0.7614628596126793,2.9382127275370233e-07,1227,0.1057,0.1057,-0.10522,-0.008957,1006,0.1324,0.1324,0.04607,-0.000459,3,0.0175,-0.968,7e-06,17.232,0.019,-0.8711,-4.3e-05,17.301,0.0162,0.9665,4.4e-05,17.223,9.9604,1.7301,1.7369,1.7292,0.48815,0.68934,2.1226,0.17162,0.9878,0.9834,0.9955,0.5221,2.8945,0.9262,0.0232,9.7421,11.0441,3.8155,100,0.0604,0.0347,20,0.0603,-0.9623,0.0
300,3059,209915,0.0,9.490503782738468e-05,7.897878356650811e-06,9.490503782738468e-05,0.4562488003142583,12.109911908506525,9.623733744826932,-12.890763805499672,13.999046728441476,-0.07424337491957822,13.999046728441476,9.975250199723007e-05,12.566022359711528,5.92406709530064,-1.5467210720624558,1.3481537124333893,-0.008684388371079332,1.5467210720624558,0.09307567388059453,2.3959567731897113,0.946332588005775,0.09307550439136483,2.0139772805838976,0.76592034992552,0.0,0.7348166453743382,0.3507765177624107,1.0,1.0,1.0,3.269231375082824e-05,-0.5398319967591992,0,0,0,0.013562126670195455,0.5337983083286141,724,0.1169,-0.12579,0.6294281510090973,5,5,0,0.1169,724,0.5337983083286141,-0.000369,-0.0003687719136551415,256,2.4187674216193037e-14,1.4524404001074416e-15,1.9740971324483008e-16,621.4860659564332,289.7829476358458,0.6091702468351907,0.6091702876899623,0.609170287691728,0.7614628596124529,3.275038735082735e-07,1227,0.111,0.111,-0.10583,-0.009848,1008,0.127,0.127,0.0471,-0.00123,3,0.0192,-0.9648,-7e-05,17.236,0.0189,-0.8876,-9.2e-05,17.301,0.0166,0.9775,6.8e-05,17.225,9.9615,1.7302,1.7368,1.7291,0.48832,0.68883,2.12187,0.17141,0.9878,0.9834,0.9955,0.5221,2.8939,0.9261,0.0232,9.7402,11.0549,3.8201,100,0.1125,-0.9547,20,0.1781,-0.9731,0.0
