step,n,n_archi,I2_min,I2_max,I2_mean,I2_absmax,r_min,r_max,r_mean,tw_min,tw_max,tw_mean,tw_absmax,phi_min,phi_max,phi_mean,phivel_min,phivel_max,phivel_mean,phivel_absmax,d_min,d_max,d_mean,d0_min,d0_max,d0_mean,eta_min,eta_max,eta_mean,tau_min,tau_max,tau_mean,dmin_nodi,xi_termo,n_naninf,n_I2_grandi,n_lontani,m0_I2pesata,m0_raggio,m0_N,m0_coer,m0_spin,m0_spin_disp,m0_vort_pos,m0_vort_neg,m0_carica,m0_coer_nucleo,m0_N_nucleo,m0_raggio_nucleo,m0_Lz,m0_Lz_norm,ncrit_adattivo,rho_critica,lambda_eff_min,lambda_eff_med,lambda_eff_max,lambda_eff_ratio_med,rho_su_rhoc_max,m1_N,m1_coer,m1_coer_nucleo,m1_spin,m1_Lz,m2_N,m2_coer,m2_coer_nucleo,m2_spin,m2_Lz,n_masse,coer_01,cosphi_01,Lz_orb_01,dist_01,coer_02,cosphi_02,Lz_orb_02,dist_02,coer_12,cosphi_12,Lz_orb_12,dist_12,scala_com,rcom_01,rcom_02,rcom_12,s2_medio,s2_max,tw_q,tw_disp,sync_rel,d0_disp,rchi_pos,rchi_neg,rchi_ratio,frac_chi_neg,dens_g0,dens_g1,dens_g2,dens_g3,dens_g4,guscio_idx,centro_N,centro_coer,centro_cosphi,guscio_N,guscio_coer,guscio_cosphi,guscio_circ
0,1196,214854,0.0,2.8878040211786758e-12,2.5623625878937577e-14,2.8878040211786758e-12,1.1567762366450802,4.760898800742703,3.966424698136242,-23.44144296988344,31.925736177140188,0.0014733831822586203,31.925736177140188,0.00018070373801806273,12.566323383711568,6.1604372411369175,-0.9933683770135051,1.14962216572393,-0.0027225789034613103,1.14962216572393,0.0907852587594793,2.399797375641296,1.2074815046782896,0.0907852587594793,2.39979737574496,1.2071971794730278,0.0,0.06050901175887389,0.003098739828580772,1.0,1.0,1.0,0.010987826189493757,-0.11978803455363374,0,0,0,0.0,0.6007953539958085,372,0.9988,0.02662,0.4577152190568777,2,2,0,0.9988,372,0.6007953539958085,0.0,0.0,621.4857873344093,289.7828177215713,0.6091702876917268,0.609170287691728,0.609170287691728,0.76146285961466,9.965408038627506e-15,372,0.9985,0.9984,-0.03429,0.0,372,0.9988,0.9989,-0.00159,0.0,3,0.9973,1.0,0.0,0.0,0.9976,1.0,0.0,0.0,0.9974,1.0,0.0,0.0,0.0,0.0,0.0,0.0,1.0,1.0,0.00151,1.0,1.27638,0.27691,0.9886,0.9886,1.0001,0.5025,1.454,2.7869,2.181,14.9556,33.4019,22.9724,0,0.0,0.0,0,0.0,0.0,0.0
1,1196,214854,5.3527234872786776e-30,2.216694546485446e-12,2.378414464422916e-14,2.216694546485446e-12,1.1564084083396935,4.777485952555868,3.966369786955704,-25.0118940248654,32.463894650282725,-0.024927769621891645,32.463894650282725,0.0003079005231338874,12.565953751821645,5.483935666760606,-0.993368378696512,1.149622167677478,-0.0027225789098694417,1.149622167677478,0.0907852587594793,2.3997973756413518,1.2074815046782896,0.09077910671602245,2.3997973757545306,1.2066646640875747,1.4142115624116159e-08,0.06050902590098951,0.0030987539706963958,8.692520556174976e-05,1.115914510842815,0.7326893991961684,0.011024046483988106,-0.11978805871588125,0,0,0,3.752923597558704e-24,0.6007953632712014,372,0.9785,0.02549,0.4576808130699197,2,3,-1,0.9461,372,0.6007953632712014,0.027299,0.027298591382374005,621.4857873344098,289.7828177215715,0.6091702876917271,0.609170287691728,0.609170287691728,0.76146285961466,7.64950304477778e-15,372,0.9671,0.9495,-0.03538,-1.013317,372,0.8916,0.8672,-0.00064,1.024008,3,0.9639,0.9665,2.364048,0.0,0.9332,0.9662,-2.828873,0.0,0.9318,0.8676,-1.129647,0.0,0.0,2.1649,0.7528,1.9356,1.0,1.0,0.26019,0.0324,1.27638,0.27687,0.5709,1.0185,1.784,0.9331,1.454,2.7869,2.181,14.9556,33.4019,22.9724,0,0.0,0.0,0,0.0,0.0,0.0
2,1196,214854,4.194561731447351e-21,1.5982450908498915e-09,2.2188572245056557e-11,1.5982450908498915e-09,1.1564084013513012,4.777485950587848,3.9663697879955744,-28.865624765496374,31.924694906810576,-1.492818732697094,31.924694906810576,0.0002687627457560876,12.566129050520336,5.619589294953513,-0.994994037750219,1.1536237292786906,-0.002732769074039779,1.1536237292786906,0.09078527497803618,2.399797440213301,1.2074814915516032,0.09077371064307875,2.3997974402136775,1.205740229676934,8.83394171247165e-07,0.06998526337012789,0.010425647962658081,0.003100718206084263,1.154319846233014,0.8307891119140881,0.011058131255684596,-0.1368600877376092,0,0,0,8.943569506899772e-09,0.6015737551845323,372,0.9253,0.02863,0.4589198491236829,0,0,0,0.9253,372,0.6015737551845323,1.534873,1.534873257777578,621.4858075942782,289.7828271682264,0.6091702876910401,0.6091702876917187,0.609170287691728,0.7614628596146483,5.515320236426809e-12,372,0.9432,0.9432,-0.03285,-0.033719,372,0.7171,0.683,0.00572,0.092186,3,0.8728,0.8782,0.242886,6.95,0.6805,0.9092,-0.306779,4.037,0.6936,0.5992,0.057933,4.061,3.0017,2.3154,1.3448,1.3528,1.0,1.0,0.25667,0.11198,1.27613,0.27688,0.9388,1.0384,1.1061,0.5,1.454,2.7869,2.181,14.9556,33.4019,22.9724,21,0.4221,0.6746,24,0.2783,0.6956,-0.0
3,1196,214854,2.646977046197051e-15,1.0272705424091037e-08,3.519116702579988e-10,1.0272705424091037e-08,1.1564083797057205,4.777485946500235,3.9663697892658396,-27.792049843992185,32.838961038746696,-0.08979595485963333,32.838961038746696,0.004654362950449375,12.566181622515883,5.645074005897291,-0.9941411459104735,1.153533252380147,-0.002742744748246617,1.153533252380147,0.09078540875915263,2.3997975735183568,1.207481470637595,0.09074444316256677,2.399797619678133,1.2011220530480513,0.00036833074070545925,0.07917336716218562,0.01873353908179896,0.0010324903004805819,1.4142018571128865,0.89758834571522,0.011090217238535748,-0.15356532544375537,0,0,0,1.35076019527524e-07,0.6016886682970984,372,0.906,0.03276,0.4593768136679647,0,0,0,0.906,372,0.6016886682970984,0.029382,0.029382269269303762,621.485867539039,289.7828551189246,0.6091702876873056,0.6091702876915818,0.609170287691728,0.7614628596144771,3.544966599171369e-11,372,0.9399,0.9399,-0.03117,-0.023539,372,0.5539,0.3839,0.00034,-0.040597,3,0.8516,0.8839,0.00046,6.953,0.5019,0.6084,0.375635,5.549,0.5206,0.1665,-0.351335,5.668,3.516,1.9775,1.5782,1.6121,0.4224,1.0,0.24652,0.2339,1.27605,0.27,0.9589,1.0183,1.062,0.5,1.454,2.7869,2.181,14.9556,33.4019,22.9724,42,0.2744,0.8791,46,0.1461,0.9454,0.0
4,1196,214854,3.116707250765757e-14,2.5967951229809547e-08,1.0202388912617641e-09,2.5967951229809547e-08,1.1564080638984215,4.777485847164138,3.966369789276964,-29.345803866666994,31.88389584469393,-0.308031152196588,31.88389584469393,0.0004271080857097165,12.565062753381959,5.481103871282416,-0.9933688413728786,1.1535538133513468,-0.002815625465708321,1.1535538133513468,0.0907868387138068,2.3998001211567317,1.207481649432418,0.09075666534693123,2.3998001427507707,1.193016612300646,0.014508405850951627,0.09326665054617721,0.027709422538950403,0.0011101644753253037,1.414192537603373,0.9258269263566866,0.011120417822756723,-0.16983600239027832,0,0,0,3.055708936430101e-07,0.6020804786068059,372,0.9016,0.0325,0.4594127830671576,0,0,0,0.9016,372,0.6020804786068059,0.34691,0.3469098604350189,621.4859069940997,289.7828735158034,0.6091702876805489,0.6091702876914022,0.609170287691728,0.7614628596142528,8.961175280910237e-11,372,0.9414,0.9414,-0.03119,-0.354209,372,0.4396,0.4396,-0.00237,1.555952,3,0.8488,0.8827,-0.000725,6.84,0.3964,0.2553,0.148674,6.943,0.4138,-0.229,-0.162806,6.999,3.9997,1.7101,1.7359,1.7499,0.4249,1.0,0.26024,0.25103,1.27588,0.25485,0.954,1.0231,1.0725,0.5,1.454,2.7869,2.181,14.9556,33.4019,22.9724,56,0.2327,0.6336,61,0.1089,0.7423,-1.0
5,1196,214854,2.4749652788739687e-14,3.636505527553009e-08,2.4478970583478386e-09,3.636505527553009e-08,1.1564068774219627,4.777485509498231,3.966369782949381,-29.179971603600713,31.874739266594208,0.004701052463395129,31.874739266594208,0.0008006319258252483,12.565000036407586,5.440727777288577,-0.9962954161044042,1.1542327919082318,-0.0029492776823356365,1.1542327919082318,0.09079676976604192,2.3998080557336205,1.2074841105001726,0.09079480712476441,2.39980809919594,1.1792596032363385,0.020289143399355992,0.1072708557118233,0.036967691802522816,0.0013314119329336238,1.4141998108959983,0.9136111427957396,0.01114882252186426,-0.1856890331100202,0,0,0,1.0117849951532027e-06,0.6025890698809124,372,0.8989,0.03219,0.460063762922794,1,1,0,0.8989,372,0.6025890698809124,-0.171044,-0.17104430436272988,621.4859877404082,289.78291116572757,0.609170287676073,0.6091702876908145,0.609170287691728,0.7614628596135181,1.2549068241892577e-10,372,0.9438,0.9438,-0.03155,0.067742,372,0.4699,0.4699,0.00818,0.034775,3,0.8485,0.8812,0.001196,6.826,0.4227,-0.0667,-0.00153,6.945,0.4438,-0.5305,-0.002146,6.977,3.9929,1.7094,1.7392,1.7472,0.3411,1.0,0.28145,0.25477,1.27563,0.22216,0.9534,1.0238,1.0738,0.5,1.454,2.7869,2.181,14.9556,33.4019,22.9724,56,0.1924,0.1718,61,0.0637,-0.5236,-1.0
6,1196,214854,9.507873803825511e-14,5.626716379644346e-08,5.540139899906794e-09,5.626716379644346e-08,1.1564040275372975,4.7774851827979985,3.966369787202387,-29.569472689561337,30.271995513505104,0.014815460551632109,30.271995513505104,0.0014365939333362832,12.564623957860015,5.4477765638920355,-0.9966636281697958,1.1557948296007634,-0.003062000882023445,1.1557948296007634,0.09082022645075942,2.3998274838494478,1.2074905073220226,0.09082017022291984,2.399827484212294,1.1540259034425338,0.023503288216898382,0.12119440143944352,0.0461038032304797,0.00042632891340965706,1.414200862052631,0.9020570774681946,0.011175482668906882,-0.2008681974006412,0,0,0,1.9295633576812255e-06,0.6032468425584636,372,0.8921,0.03073,0.46053258565908917,3,3,0,0.8921,372,0.6032468425584636,-0.042431,-0.04243075553724607,621.4860889329562,289.78295834920675,0.609170287667505,0.609170287689659,0.609170287691728,0.7614628596120737,1.941700233753497e-10,372,0.9452,0.9452,-0.03175,0.02385,372,0.4972,0.4972,0.00962,0.27168,3,0.8433,0.8792,0.00182,6.811,0.444,-0.1524,0.005565,6.945,0.4704,-0.6049,0.001921,6.992,3.9932,1.7057,1.7392,1.7509,0.2501,1.0,0.27286,0.25523,1.27546,0.17601,0.9549,1.0222,1.0705,0.5,1.454,2.7869,2.181,14.9556,33.4019,22.9724,56,0.1512,-0.6555,61,0.146,-0.969,-2.0
7,1196,214854,5.992898112712563e-14,8.344583538931318e-08,1.1729879293697897e-08,8.344583538931318e-08,1.1563981004865864,4.7774869516288625,3.9663698875231392,-29.415898889461737,30.52733743306441,-0.0138866681305006,30.52733743306441,0.00012640062012181374,12.56431997988184,5.418616886834712,-0.9973479534446921,1.1566951638581642,-0.003044758666707908,1.1566951638581642,0.09086823851385102,2.399870575386364,1.2075051205075948,0.09086818093451461,2.399870575494609,1.1031322024986898,0.02554378923097303,0.13124138512113764,0.055124374005147504,0.004589788306325948,1.4142015865796622,0.9366602884230387,0.011200509156592223,-0.2154552340837298,0,0,0,3.2590603083097225e-06,0.6041689474207254,372,0.8871,0.02981,0.4608931168627346,2,3,-1,0.8871,372,0.6041689474207254,-0.158369,-0.15836854469825923,621.4862306556138,289.78302443083226,0.6091702876558047,0.6091702876872577,0.609170287691728,0.761462859609072,2.879597090036953e-10,372,0.9456,0.9456,-0.03168,-0.043906,372,0.508,0.508,0.01193,0.119291,3,0.8389,0.8762,0.001661,6.811,0.4515,-0.1794,0.002918,6.941,0.4812,-0.6313,0.002869,6.997,3.9934,1.7057,1.738,1.7522,0.2518,1.0,0.28533,0.24832,1.27523,0.18946,0.9591,1.0181,1.0616,0.5,1.454,2.7869,2.181,14.9556,33.4019,22.9724,56,0.165,-0.9975,61,0.1828,-0.6278,-3.0
8,1198,214857,0.0,1.253986014662161e-07,2.215274577943112e-08,1.253986014662161e-07,1.1571278958393783,4.770290312647476,3.967040711571161,-29.770330235801644,32.1158120112376,0.2965404975806924,32.1158120112376,0.007015277814056562,12.566292749163825,5.347285100325047,-0.9966841711606076,1.1574685841129086,-0.002679772828826539,1.1574685841129086,0.09101902094664986,2.3999675165297076,1.2061122709220606,0.07417372853037119,2.3999675165684473,1.0178389586993566,0.0,0.14462024379463087,0.06438331248722975,1.0,1.0,1.0,3.2881796633828e-10,-0.22940482625303485,0,0,0,6.16353921855894e-06,0.6039551115263802,372,0.8799,0.02927,0.46155682840639095,0,1,-1,0.8799,372,0.6039551115263802,-0.002293,-0.002292653927963517,621.4864103283726,289.7831082076126,0.6091702876377441,0.6091702876828997,0.609170287691728,0.7614628596036246,4.327326124764158e-10,372,0.9401,0.9401,-0.03146,0.052461,374,0.5061,0.5061,0.01567,0.041314,3,0.8272,0.8725,-0.001942,6.825,0.4461,-0.2074,0.000324,6.94,0.4766,-0.6589,0.000975,7.017,3.9996,1.7063,1.7351,1.7544,0.2477,1.0,0.28547,0.25407,1.27549,0.20393,0.9637,1.0135,1.0517,0.5,1.4526,2.7841,2.1789,15.0447,33.3692,22.9721,56,0.1736,-0.8711,61,0.2057,-0.2725,-2.0
9,1198,214857,3.721029259608307e-25,1.2865987460087237e-07,2.3364055407610645e-08,1.2865987460087237e-07,1.157115466026975,4.770300788927499,3.9670411455474492,-29.282795769926086,30.13140531966299,0.10729652278153502,30.13140531966299,0.00039051297906844695,12.565918411255536,5.3599282899791545,-0.9966850165892777,1.1575907030285375,-0.002710212566611182,1.1575907030285375,0.09103670906740435,2.399975939159326,1.206116684813116,0.05012215783421682,2.3999759391719575,0.9271191103472821,1.4142115624116159e-08,0.1462228212496847,0.06555387010358954,0.00319740984703909,1.4141749470578684,0.9064206264189603,1.973530862423746e-06,-0.2301926892822981,0,0,0,6.19354268107762e-06,0.6039512313045331,372,0.8693,0.02865,0.46167896772731976,0,1,-1,0.8693,372,0.6039512313045331,0.050952,0.05095159573140595,621.4864241342046,289.78311464491657,0.6091702876363401,0.6091702876825041,0.609170287691728,0.7614628596031301,4.4398678908025654e-10,372,0.9349,0.9349,-0.03103,0.002375,374,0.4962,0.4962,0.02033,0.089981,3,0.8128,0.8659,0.000204,6.825,0.4323,-0.2573,0.001563,6.937,0.4649,-0.7062,0.001283,7.023,4.0003,1.7061,1.7341,1.7557,0.2442,1.0,0.28064,0.2536,1.27546,0.19026,0.9542,1.023,1.0721,0.5,1.4526,2.7841,2.1789,15.0446,33.369,22.9719,56,0.091,-0.5092,61,0.1868,0.1828,-2.0
10,1198,214857,5.027224078770553e-13,2.1886549719935066e-07,3.954269490359685e-08,2.1886549719935066e-07,1.1570950753185858,4.77034027195808,3.9670427550625496,-28.828604811160538,31.34046019697986,0.10534170317686539,31.34046019697986,7.008429925568736e-05,12.56572720479139,5.404473815525455,-0.997597359233532,1.1588655007508497,-0.002703268864468784,1.1588655007508497,0.09119789794304647,2.4001939774264875,1.2061780806432851,0.052114485832608914,2.400193977437315,0.8662075954203796,0.014141763611666604,0.16035854449482276,0.07461807636777118,0.002311410475657305,1.4141996673305224,0.92717023320937,3.05983748608059e-06,-0.24271427718711341,0,0,0,8.417275723369721e-06,0.6038849811333682,372,0.858,0.02754,0.4621725410424636,1,1,0,0.858,372,0.6038849811333682,-0.063288,-0.06328763020051831,621.4866176212394,289.7832048629381,0.6091702875975068,0.6091702876760474,0.6091702876917279,0.7614628595950592,7.552732302166023e-10,372,0.9305,0.9305,-0.03216,-0.032659,374,0.4895,0.4895,0.02924,-0.024206,3,0.7984,0.862,0.001934,6.82,0.4212,-0.34,0.001864,6.949,0.4567,-0.7698,-6.2e-05,7.027,4.0025,1.7041,1.7361,1.7556,0.2536,1.0,0.28956,0.24955,1.27518,0.17812,0.96,1.0172,1.0596,0.5,1.4526,2.7841,2.1788,15.0444,33.3686,22.9716,56,0.1517,0.9997,61,0.1531,0.8679,-1.0
11,1198,214857,2.920104052191035e-13,3.2336423792433023e-07,5.964837226371452e-08,3.2336423792433023e-07,1.1570604078273838,4.7704462081341825,3.9670470015726416,-29.729633692707655,31.85163621427989,0.1562663034198301,31.85163621427989,0.005608959100155139,12.566268900571009,5.51032585658816,-0.9975700743448332,1.1632369767852861,-0.00269689558522632,1.1632369767852861,0.09170677025644781,2.4006339263702783,1.2063247788673204,0.050365924169742594,2.3988848084483334,0.8428101681834174,0.02825972280223385,0.1744960383475921,0.0838897786997803,0.000950430350459941,1.4142018955657245,0.9453246304361784,2.8113691813221273e-06,-0.25470104062010523,0,0,0,1.243212226336153e-05,0.6040813608852886,372,0.8508,0.02809,0.4628018537183532,0,0,0,0.8508,372,0.6040813608852886,-0.098595,-0.09859536769428034,621.4867922577663,289.78328629145324,0.6091702875525202,0.6091702876687572,0.609170287691728,0.7614628595859465,1.115882982978882e-09,372,0.9244,0.9244,-0.03179,-0.002111,374,0.4486,0.4486,0.03729,0.009223,3,0.7865,0.8573,-0.000719,6.822,0.3828,-0.4594,0.002052,6.958,0.416,-0.8511,-0.000318,7.049,4.009,1.7016,1.7357,1.7583,0.2535,1.0,0.28798,0.24468,1.27504,0.18232,0.9645,1.0126,1.0499,0.5,1.4525,2.784,2.1788,15.0438,33.3673,22.9723,56,0.2744,0.9543,61,0.1606,0.9919,-2.0
12,1198,214857,3.3433028920981247e-12,4.972914712471819e-07,8.473791590990399e-08,4.972914712471819e-07,1.157003463982113,4.7706838973104855,3.96705589748842,-29.770968330988666,32.470805355964885,0.2439128140667305,32.470805355964885,0.0007713493893094741,12.565887967776955,5.640890700426242,-0.9973927597721048,1.1649950166776928,-0.0027542725596035504,1.1649950166776928,0.09265747040724599,2.4013526187649754,1.2065788444609085,0.050179713335857606,2.3956087496387495,0.8473795783895545,0.03976905532762698,0.18863540625218592,0.09334302500416625,0.0023766492303883835,1.4142043245626152,0.9230224078903668,1.3987248284721543e-06,-0.2663378161552781,0,0,0,1.923870458995483e-05,0.6041952139169332,372,0.8408,0.02773,0.4633801596272565,0,0,0,0.8408,372,0.6041952139169332,0.238064,0.2380637187835104,621.4869693743028,289.783368876333,0.6091702874776449,0.6091702876599467,0.6091702876917267,0.7614628595749334,1.71608009519485e-09,372,0.9245,0.9245,-0.03191,-0.014877,374,0.4153,0.4153,0.03961,-0.082066,3,0.7774,0.856,0.003156,6.817,0.3492,-0.5874,0.002453,6.99,0.3839,-0.9212,-0.001658,7.059,4.016,1.6974,1.7405,1.7577,0.2525,1.0,0.28998,0.24939,1.27503,0.18999,0.9575,1.0197,1.065,0.5,1.4524,2.7838,2.1786,15.0427,33.3647,22.9721,56,0.263,0.8428,61,0.1393,0.705,-2.0
13,1200,214859,0.0,7.376996192700349e-07,1.1616049983001743e-07,7.376996192700349e-07,1.1511190468949888,4.773706450797552,3.966914504519951,-29.738889686841475,31.623754785689595,0.04618909116724056,31.623754785689595,0.0008793528461232825,12.565512999816255,5.688197376055312,-1.0016814760614647,1.1704527614356524,-0.003331519124214406,1.1704527614356524,0.09393210651778655,2.4023687488676524,1.2084055294899227,0.049577681346593135,2.3931496713824933,0.8058656917544975,0.0,0.202776802790623,0.10240229366790674,1.0,1.0,1.0,1.8913024271211975e-06,-0.27803144704188737,0,0,0,2.704299194259863e-05,0.6047875709649737,372,0.8371,0.02975,0.46455966045699754,3,2,1,0.8371,372,0.6047875709649737,-0.008737,-0.008736603607640836,621.4871632469618,289.78345927416115,0.6091702873741498,0.6091702876486669,0.609170287691728,0.7614628595608336,2.545692639316949e-09,374,0.9063,0.9063,-0.03201,0.00106,374,0.3841,0.3841,0.04154,0.029916,3,0.7587,0.844,-0.001265,6.821,0.3215,-0.6833,0.002217,7.001,0.3481,-0.9683,-0.000285,7.088,4.0247,1.6948,1.7396,1.7611,0.2588,1.0,0.30046,0.24055,1.2756,0.18844,0.962,1.0151,1.0551,0.5008,1.4506,2.7803,2.1759,15.283,33.2024,22.8887,56,0.1215,0.3286,61,0.0916,-0.1958,-3.0
14,1205,214865,0.0,8.424983938230188e-07,1.2739907371283105e-07,8.424983938230188e-07,1.1662018393883413,4.782442415162041,3.9675277146878987,-29.681634086964092,31.58528660826958,0.1268168163585166,31.58528660826958,1.087699659065521e-05,12.563281395600292,5.810274905546732,-1.0018899654237536,1.1710655144317428,-0.004471123252556256,1.1710655144317428,0.09486293083722856,2.403145427625929,1.2103795252128613,0.04999160276733605,2.3896771530961702,0.7885736737944613,0.0,0.21668872322629273,0.10580944113958139,1.0,1.0,1.0,3.733044566350014e-09,-0.2810171486105665,0,0,0,3.0465071519747224e-05,0.6072625192312617,377,0.8082,0.03059,0.46485559669121834,4,4,0,0.813,376,0.6061199075064203,-0.167945,-0.1679445662716743,621.4872360307287,289.78349321135727,0.6091702873290342,0.6091702876439906,0.609170287691728,0.7614628595549883,2.9073374210743328e-09,374,0.8995,0.8995,-0.03203,0.027162,374,0.375,0.375,0.04687,-0.057095,3,0.727,0.8342,-0.000131,6.814,0.304,-0.8089,-0.000109,6.995,0.3383,-0.999,-0.000116,7.081,4.0209,1.6948,1.7396,1.7611,0.2621,1.0,0.30544,0.24886,1.27739,0.18089,0.961,1.0163,1.0575,0.4996,1.4574,2.7934,2.1862,15.043,33.7643,23.1675,56,0.1251,-0.9041,61,0.0811,-0.9365,-2.0
15,1206,214866,0.0,9.166986123552504e-07,1.4148591798638855e-07,9.166986123552504e-07,1.168905179093043,4.784009008426109,3.967198163147203,-29.73918713561742,31.718492217634314,-0.01584080971797973,31.718492217634314,0.0003348422003630107,12.565839267987213,5.855504697321813,-1.0025202124276986,1.1725604127063336,-0.0043539294454794895,1.1725604127063336,0.09600243411368493,2.4040779554850022,1.2115120189449546,0.05017044869761283,2.387377201956923,0.8015023416846189,0.0,0.23071335893947198,0.10994793997932562,1.0,1.0,1.0,6.515310477370474e-06,-0.2842328710267326,0,0,0,3.479777418464159e-05,0.6090525498609751,378,0.8013,0.02985,0.4650711637125782,2,3,-1,0.806,377,0.6079064734504322,-0.002657,-0.002656864888831434,621.487307508944,289.7835265398083,0.6091702872970912,0.6091702876391637,0.609170287691728,0.7614628595489545,3.1633910433115016e-09,374,0.8944,0.8944,-0.0342,0.006998,374,0.3721,0.3721,0.04717,0.087458,3,0.7167,0.8235,-1.3e-05,6.812,0.2987,-0.8777,0.001379,6.987,0.3334,-0.9947,0.001347,7.084,4.0193,1.6947,1.7383,1.7624,0.2628,1.0,0.30871,0.24815,1.2781,0.18383,0.9613,1.016,1.0569,0.5,1.4591,2.6751,2.2616,15.0081,33.8841,23.2226,56,0.1744,-0.9519,61,0.0866,-0.6033,-2.0
16,1206,214866,3.242777385926804e-25,1.0458430477142332e-06,1.6380524194116536e-07,1.0458430477142332e-06,1.1688070891275544,4.784699970631518,3.967222679912737,-29.681319759094272,32.012560745068704,0.05631992386050485,32.012560745068704,0.006555733898540333,12.56509891468773,5.959982032268398,-1.0039544477522964,1.1731732220486761,-0.004428978166115806,1.1731732220486761,0.0971678455913197,2.4050729284710384,1.2119831334404647,0.049809628170858045,2.3882871660862843,0.7980106755436261,1.4142115624116159e-08,0.2448122824734893,0.11488210676471798,0.00012797405658881988,1.4141756095950377,0.96812732248545,1.577348534212222e-05,-0.28825910618641426,0,0,0,3.9761333707904145e-05,0.6096370344437072,378,0.8015,0.02839,0.4658845510561519,1,2,-1,0.8056,377,0.6084800819347319,-0.246759,-0.24675887991023027,621.4874086653689,289.78357370644414,0.6091702872414949,0.6091702876319356,0.609170287691728,0.7614628595399194,3.6090487612444543e-09,374,0.8893,0.8893,-0.03406,0.037265,374,0.3686,0.3686,0.04141,-0.021906,3,0.7128,0.813,-0.000563,6.814,0.2967,-0.9324,-0.003848,6.984,0.3292,-0.9685,-0.001718,7.064,4.0154,1.6969,1.7394,1.7593,0.2682,1.0,0.31544,0.25958,1.27823,0.18585,0.9609,1.0163,1.0577,0.5,1.4591,2.6749,2.2615,15.1117,33.8015,23.166,56,0.134,-0.5363,61,0.1344,0.4018,-2.0
17,1208,214869,0.0,1.527248321613265e-06,2.2632958045949738e-07,1.527248321613265e-06,1.169558254018831,4.778981743799537,3.9675953113735267,-29.684666166448,32.14350905070465,-0.0796897727406158,32.14350905070465,0.0011251320564846581,12.564136056154569,5.967835440832415,-1.0105265563022472,1.177955811240024,-0.0046314764364928,1.177955811240024,0.09990210465578934,2.4069997859091328,1.213186891885986,0.04949343491506751,2.3696909261902976,0.7794179946362256,0.0,0.2589536040121692,0.1243571492279362,1.0,1.0,1.0,1.459538450402334e-06,-0.2993121973044407,0,0,0,5.484444714633142e-05,0.6091276104122507,378,0.7964,0.0289,0.46725398394818257,1,1,0,0.8005,377,0.6079920113269301,-0.069702,-0.06970167709939279,621.4876691805968,289.783695177986,0.6091702870342512,0.6091702876111773,0.609170287691728,0.7614628595139716,5.27030453067839e-09,374,0.8612,0.8612,-0.03271,0.082257,376,0.367,0.367,0.04075,0.21412,3,0.6858,0.7866,-0.002447,6.816,0.2926,-0.9656,-0.000279,6.961,0.3164,-0.9201,0.001723,7.065,4.0114,1.699,1.7352,1.7613,0.2697,1.0,0.31759,0.2643,1.27976,0.18522,0.9599,1.0174,1.0599,0.5,1.4588,2.6744,2.2611,14.9523,33.9972,23.3049,56,0.0452,0.6031,61,0.128,0.8597,-2.0
18,1208,214869,7.538493320230837e-25,2.019300312034016e-06,2.912105702566689e-07,2.019300312034016e-06,1.1694156810888219,4.780380687354884,3.967641670425519,-29.684519245079052,31.91720217969783,-0.010719645746733526,31.91720217969783,0.0026608318579850482,12.565629223071966,5.950454358753302,-1.0194117397135787,1.1788306549184646,-0.004661335472370096,1.1788306549184646,0.10193848623875362,2.4079214147416157,1.2141476525058015,0.05001409715349109,2.3742432469528576,0.7878169309879284,1.4142115624116159e-08,0.2729315914983076,0.1315892817493562,0.0019360175810062552,1.4141707529735241,0.8794136049158131,2.7575413426467434e-05,-0.3065501433547797,0,0,0,6.722631928442084e-05,0.6098838424214013,378,0.7892,0.03007,0.46806971587410645,2,2,0,0.7933,377,0.6087146571894718,-0.011117,-0.011117083489568413,621.4878724220446,289.78378994423906,0.6091702868224244,0.6091702875928386,0.609170287691728,0.7614628594910483,6.9682997534906115e-09,374,0.8391,0.8391,-0.03137,0.073453,376,0.3778,0.3778,0.04741,0.022465,3,0.6623,0.7733,0.000866,6.818,0.2984,-0.9784,-0.000434,6.959,0.3173,-0.8877,0.000659,7.058,4.0102,1.7002,1.7354,1.7601,0.2736,1.0,0.32351,0.28502,1.28,0.17793,0.9574,1.0198,1.0652,0.5,1.4583,2.6735,2.2603,14.9473,33.9858,23.3051,56,0.1253,0.6477,61,0.1114,0.9518,-2.0
19,1208,214869,2.1345192540435734e-13,2.583319987025439e-06,3.7822454893311007e-07,2.583319987025439e-06,1.1692291685447147,4.782116432007687,3.967699459257496,-29.65031777423532,31.806616173063045,-0.0511423482615947,31.806616173063045,0.0027646268034643264,12.56470624602527,5.946738780091548,-1.0257346379836567,1.1842273409826647,-0.004623884614769283,1.1842273409826647,0.10350525091352102,2.41215452831571,1.2152624827507088,0.04999115398298692,2.3774330610510543,0.7820509348771086,0.01414060791553222,0.28668809251316796,0.14038341779824987,0.0005374827266498849,1.4142036383011227,0.9035420224456366,4.7405238328754184e-05,-0.31712699033327185,0,0,0,7.91858578724443e-05,0.6104854025851508,378,0.7867,0.0296,0.46878856380870726,0,0,0,0.7908,377,0.6093350006123422,-0.024582,-0.02458224714725543,621.4882006576721,289.7839429920593,0.6091702865796161,0.6091702875592546,0.609170287691728,0.7614628594490682,8.91464157866134e-09,374,0.8264,0.8264,-0.0294,0.00598,376,0.3809,0.3809,0.05076,0.056213,3,0.6501,0.7748,-0.000261,6.81,0.2998,-0.9943,0.001701,6.945,0.315,-0.8379,0.001517,7.058,4.0058,1.7,1.7337,1.7619,0.2751,1.0,0.32623,0.2855,1.27985,0.17938,0.9579,1.0194,1.0642,0.5,1.4577,2.6724,2.2594,15.0975,33.8509,23.2221,56,0.2184,0.2278,61,0.1098,0.0751,-1.0
20,1208,214869,3.1071600200764056e-12,3.2000023288204194e-06,4.732869510345701e-07,3.2000023288204194e-06,1.16897860092422,4.784292975804708,3.9677708913350354,-29.734740994423003,30.087252292646284,-0.06065306797276455,30.087252292646284,0.0013651459059871103,12.566080798099742,5.936375904254408,-1.0353177875032133,1.1875981245642668,-0.004715143042363423,1.1875981245642668,0.10540335411544957,2.419280161723827,1.216795311972001,0.04961585642534708,2.385392234642919,0.7718468119281846,0.027840183775725273,0.3008234154919363,0.14941883802348024,0.00424683717762897,1.4142040497599273,0.9155337354224808,9.226525061521796e-05,-0.3274807933452031,0,0,0,9.834968513559934e-05,0.6104532567365197,378,0.7808,0.02879,0.4702329136753877,0,0,0,0.7849,377,0.6093258855807182,-0.087984,-0.08798431834398501,621.4884506205572,289.7840595433153,0.6091702863141369,0.6091702875303918,0.6091702876917267,0.7614628594129897,1.1042713439322568e-08,374,0.8244,0.8244,-0.02797,-0.015673,376,0.3732,0.3732,0.05124,-0.048403,3,0.6437,0.7719,-0.001235,6.81,0.2915,-0.9979,-0.00315,6.928,0.3078,-0.8117,-0.00021,7.038,3.9987,1.703,1.7326,1.7601,0.2772,1.0,0.32864,0.30394,1.27962,0.18455,0.9576,1.0197,1.0649,0.5,1.4573,2.6717,2.2588,15.3013,33.679,23.1105,56,0.2457,-0.1744,61,0.1156,-0.8044,-1.0
21,1210,214871,0.0,3.6404211162714536e-06,5.689695854358984e-07,3.6404211162714536e-06,1.1750953031399405,4.790876751664419,3.968705679503627,-29.76134700642332,29.248921379093712,-0.022728160845514423,29.76134700642332,0.0016088097572851787,12.563756486438383,6.009663869462926,-1.0446909613951882,1.1936916267657458,-0.004328036411362057,1.1936916267657458,0.10750138027141626,2.427695649148452,1.2186396451227643,0.04947880737572747,2.3791073944564514,0.7605446553923021,0.0,0.31496456643322507,0.15831206930284664,1.0,1.0,1.0,0.00014021031289056154,-0.3376992511616038,0,0,0,0.00011998209129040287,0.6103557412508273,380,0.7687,0.02942,0.47137658129145005,4,3,1,0.7727,379,0.6092260833513984,0.092561,0.09256095418354682,621.488753933305,289.78420097023854,0.609170286124539,0.6091702874915519,0.609170287691728,0.7614628593644398,1.2562524471944324e-08,374,0.8166,0.8166,-0.02524,-0.013973,376,0.3579,0.3579,0.05718,0.072628,3,0.6277,0.7545,0.000926,6.816,0.2753,-0.9997,-0.00012,6.936,0.2925,-0.7372,0.000117,7.039,4.0014,1.7033,1.7334,1.7591,0.2753,1.0,0.32765,0.31885,1.28023,0.18103,0.9569,1.0204,1.0663,0.4992,1.4584,2.6737,2.1876,15.157,33.9483,23.2778,56,0.2036,-0.6229,61,0.1399,-0.9981,-2.0
22,1211,214872,0.0,3.95521911812406e-06,6.643660261343107e-07,3.95521911812406e-06,1.1779597841987945,4.795525326598282,3.969110488545136,-29.573130141737703,28.770918352505152,-0.07589346580705986,29.573130141737703,0.00022276236828950094,12.56607532617972,6.063463432193387,-1.0549537310103447,1.1962645585936837,-0.0044620431542279175,1.1962645585936837,0.11033814364938195,2.436974116717885,1.2214714925639076,0.04996133312213853,2.389298192944186,0.7598210450848208,0.0,0.329093217568491,0.16734510975490668,1.0,1.0,1.0,0.00020505128833502286,-0.3476702841369235,0,0,0,0.00014692936448040087,0.6112670901733614,381,0.7573,0.0305,0.47290147963491325,4,4,0,0.7612,380,0.6101374808261038,-0.125424,-0.12542356697055146,621.4890582230163,289.78434285269464,0.6091702859890207,0.6091702874483822,0.609170287691728,0.7614628593104777,1.3648836507825431e-08,374,0.8052,0.8052,-0.02608,0.058901,376,0.3376,0.3376,0.05994,-0.086688,3,0.6098,0.729,-0.000242,6.819,0.2558,-0.994,-0.001183,6.932,0.272,-0.6498,0.000231,7.033,4.0001,1.7047,1.7329,1.7581,0.2781,1.0,0.33239,0.32671,1.28136,0.17606,0.9558,1.0214,1.0686,0.4996,1.4573,2.6718,2.186,15.1457,33.9637,23.3059,56,0.1225,-0.9993,61,0.0973,-0.7688,-2.0
23,1212,214873,0.0,4.751044466012866e-06,7.732400109866412e-07,4.751044466012866e-06,1.1780151880495902,4.795557729133585,3.9692193274793555,-29.76296492266332,29.362795392049584,-0.03467647271628341,29.76296492266332,0.0008492680409184269,12.565473720825324,6.113469191811834,-1.0651478655010858,1.200036064001163,-0.0044795121675641715,1.200036064001163,0.11302243786817963,2.446244362656468,1.2230474930457085,0.04981347031573471,2.3945123373767285,0.745667289428583,0.0,0.3432226194299095,0.17629546184458386,1.0,1.0,1.0,0.0002936696009355588,-0.35754769452319735,0,0,0,0.0001726641004880345,0.6122470311251588,381,0.7515,0.03088,0.4744620970292497,1,1,0,0.7554,380,0.6111036717342354,-0.037962,-0.03796222463477328,621.4893710060174,289.7844886953531,0.6091702856464221,0.6091702873996176,0.609170287691728,0.7614628592495221,1.6395095843130448e-08,374,0.7971,0.7971,-0.02592,0.08266,377,0.3205,0.3205,0.06201,0.044932,3,0.5991,0.7118,0.000651,6.817,0.2411,-0.9702,0.00123,6.932,0.2557,-0.5206,0.000648,7.036,4.0004,1.7041,1.7329,1.7587,0.281,1.0,0.33596,0.32973,1.28248,0.17652,0.9599,1.0173,1.0598,0.5,1.4563,2.6699,2.1844,15.3431,33.8185,23.2222,56,0.1041,-0.2135,61,0.0793,0.8653,-4.0
24,1212,214873,1.4403582851564953e-24,5.53347284946035e-06,8.69038945832444e-07,5.53347284946035e-06,1.177569618765045,4.799088455755131,3.9693477158839983,-31.06446852415079,32.40344853006227,-0.013437922649492926,32.40344853006227,0.0015810893439844875,12.560576496165481,6.087748282876414,-1.0757053899317186,1.2024841808611209,-0.0045497316154748686,1.2024841808611209,0.11574499967201583,2.4509884529192134,1.2253770448677723,0.04957488398100383,2.3879315431338437,0.7420383357435366,1.4142115624116159e-08,0.35734077862884295,0.18529430496875307,0.0019658103115347547,1.4141015243342387,0.8702539705414377,0.00039745275525077963,-0.3670930479002879,0,0,0,0.00020967671902687656,0.6132265379985962,381,0.7449,0.03095,0.4759396238090594,0,0,0,0.7488,380,0.6120736877048005,0.005866,0.005865669291990949,621.4896351945974,289.7846118796844,0.6091702853095912,0.6091702873549628,0.609170287691728,0.7614628591937035,1.90951231453166e-08,374,0.7844,0.7844,-0.02434,0.065365,377,0.2963,0.2963,0.06243,-0.052043,3,0.5844,0.6919,0.000489,6.822,0.221,-0.9502,0.000232,6.936,0.2327,-0.4324,0.000526,7.039,4.0027,1.7044,1.7328,1.7584,0.2771,1.0,0.33213,0.34094,1.28296,0.18121,0.9565,1.0207,1.0672,0.5,1.4551,2.6677,2.1827,15.4865,33.6696,23.139,56,0.1713,0.7041,61,0.1753,0.9957,-4.0
25,1212,214873,4.515454447416597e-13,5.914327022048451e-06,9.351546124374967e-07,5.914327022048451e-06,1.1770426229960185,4.802907574344943,3.969486106435074,-31.72499089099147,32.816074835428296,-0.030656323315528942,32.816074835428296,0.0005712767988583778,12.566161748036002,6.054348739174746,-1.08522038304361,1.2029410183105838,-0.0046425894236868555,1.2029410183105838,0.1172137464991419,2.460743264886171,1.227107362722189,0.049578880021618324,2.365600987413481,0.744976405871812,0.01331453529304142,0.3714763914040231,0.19399684467456366,0.00018540009360057397,1.4141815324554823,0.9178394180778947,0.000504213475166824,-0.37640335040267986,0,0,0,0.00022047068747078167,0.6149341387729993,381,0.7417,0.03113,0.47631981590345623,1,1,0,0.7455,380,0.613794575993836,0.002328,0.0023283138186287466,621.4898162464845,289.7846962995167,0.6091702851456361,0.6091702873225268,0.6091702876917279,0.7614628591531584,2.040938357881915e-08,374,0.7658,0.7658,-0.02193,-0.003763,377,0.261,0.261,0.06698,0.024933,3,0.5681,0.6789,-0.001224,6.817,0.1938,-0.9203,0.00206,6.926,0.2001,-0.3374,0.000985,7.05,4.002,1.7034,1.7307,1.7616,0.2816,1.0,0.33682,0.3407,1.28286,0.17806,0.9556,1.0215,1.0689,0.5,1.454,2.6656,2.181,15.5783,33.5625,23.0829,56,0.1489,0.9909,61,0.2091,0.7696,-1.0
26,1212,214873,1.400034320693025e-12,6.311830946253184e-06,1.0186730666065777e-06,6.311830946253184e-06,1.1764305449447416,4.807043341411457,3.9696354908310303,-29.72639350576916,42.71216107456211,-0.04317493114664717,42.71216107456211,0.002504175748601379,12.56633674986928,5.985615556558038,-1.0959770997261498,1.204353070991513,-0.0046410495872586605,1.204353070991513,0.11908487662060958,2.475370832986931,1.2291886102024852,0.04999850103367102,2.370245286776411,0.752766777645259,0.026944953091991377,0.38560325925829914,0.20317523885590474,0.0001379772613587793,1.4141489283882331,0.9232090900911916,0.0006107384007882307,-0.38568690542111117,0,0,0,0.0002497495038986563,0.6148121187295782,381,0.738,0.03138,0.47726921488742885,1,1,0,0.7419,380,0.6136878058530026,-0.058036,-0.05803633521666729,621.4899988236052,289.7847814305263,0.6091702849745135,0.609170287288308,0.6091702876917274,0.761462859110385,2.178109876955839e-08,374,0.7646,0.7646,-0.01834,0.035213,377,0.2251,0.2251,0.06398,-0.11218,3,0.5644,0.6868,-0.001897,6.818,0.1663,-0.8958,-0.00049,6.929,0.1723,-0.2921,-0.001342,7.061,4.005,1.7025,1.7302,1.763,0.2818,1.0,0.33658,0.35396,1.28276,0.17401,0.9568,1.0203,1.0664,0.5,1.453,2.6638,2.1794,15.8788,33.2971,22.9161,56,0.1817,0.4835,61,0.1704,0.4578,-3.0
27,1212,214873,2.211772432159687e-12,6.391522470906885e-06,1.1189774769019967e-06,6.391522470906885e-06,1.1757347249136443,4.811403248086972,3.9697953613503123,-29.77374823381838,45.82373433990758,-0.01726190947755001,45.82373433990758,0.012860138130626808,12.565467766100848,5.881985401177842,-1.0959913968323847,1.2074470658824987,-0.004739005741448872,1.2074470658824987,0.12077443187705143,2.4847962925126,1.2311433162440055,0.04978709065256924,2.378346903790986,0.7377123226287547,0.04053563088769069,0.39305455312555476,0.21240732975575355,3.54392007058113e-05,1.4140992971249753,0.9483141684284482,0.0007146443553145581,-0.3948959015557806,0,0,0,0.0002866420184963959,0.6155649818958947,381,0.7373,0.03132,0.47811883720755344,0,0,0,0.7413,380,0.6144350944224215,0.063479,0.06347872476539052,621.4902233663229,289.784886129013,0.6091702849402076,0.6091702872441447,0.6091702876917271,0.7614628590551809,2.2056093250016368e-08,374,0.7507,0.7507,-0.0194,0.007603,377,0.1944,0.1944,0.06201,-0.047027,3,0.5536,0.6894,0.000908,6.82,0.1434,-0.8594,0.00151,6.935,0.1459,-0.2221,0.000661,7.068,4.0077,1.7016,1.7304,1.7636,0.2831,1.0,0.33733,0.36074,1.2828,0.17616,0.9583,1.0187,1.0631,0.5,1.4518,2.6617,2.1777,16.0219,33.1499,22.8337,56,0.2369,0.0141,61,0.1123,0.0899,-3.0
28,1212,214873,6.826889677054846e-12,6.324551776703148e-06,1.2322971047703541e-06,6.324551776703148e-06,1.1749725391745083,4.81599582990091,3.9699661902943966,-29.70385377012309,45.79371254584951,-0.035343715384363567,45.79371254584951,0.010123627003443048,12.562608170090463,5.9332408231132145,-1.098075243039009,1.209388697359542,-0.00480303873250966,1.209388697359542,0.12277610867676216,2.498802350917852,1.233251692213957,0.05015877382749445,2.385952314438582,0.7361911181146464,0.05425304922629176,0.4059228193791736,0.2218904714393598,0.0038899722361920297,1.4141514560457475,0.9781311588872972,0.0008196210853459776,-0.4037219396595529,0,0,0,0.0003391563097926611,0.6155642311690467,381,0.7363,0.03239,0.4794354686404286,0,0,0,0.7403,380,0.6144351946296852,-0.043795,-0.043795177234942084,621.4904400203743,289.7849871492177,0.6091702849690396,0.6091702871993591,0.6091702876917251,0.7614628589991987,2.1824980786345825e-08,374,0.7289,0.7289,-0.02154,-0.062775,377,0.177,0.177,0.06018,-0.085049,3,0.5368,0.671,-0.0003,6.826,0.1303,-0.7716,-0.002098,6.931,0.129,-0.0461,4.8e-05,7.059,4.0066,1.7038,1.73,1.7618,0.2841,1.0,0.33821,0.37751,1.28284,0.17841,0.9572,1.0197,1.0653,0.5,1.4506,2.6594,2.2484,16.0601,33.0412,22.7776,56,0.283,-0.4522,61,0.1292,-0.7498,-2.0
29,1212,214873,1.480072929354732e-11,5.5070310344842704e-06,1.366613445824933e-06,5.5070310344842704e-06,1.1741148443218172,4.820802014739246,3.9701480724492115,-29.54233071001211,45.74231139021783,-0.02207211814973616,45.74231139021783,0.005975955328113458,12.560366757044912,5.903157400284315,-1.106638366812967,1.2132552756547166,-0.004925868532806006,1.2132552756547166,0.1254072176928016,2.512838516653367,1.2359929140355819,0.04976666321851835,2.3986360079930282,0.7479737560105698,0.06780949499394182,0.4200545539760703,0.23167178302958535,0.0025156703784079415,1.4140783526506584,0.9166504871812167,0.0009216200282847321,-0.41239152396295037,0,0,0,0.00040340470291150266,0.6158266385563623,381,0.7327,0.03293,0.4810338640184568,2,2,0,0.7368,380,0.6146938576186974,-0.01339,-0.013390231939897745,621.4906901607792,289.78510378324677,0.6091702853209793,0.6091702871449959,0.6091702876917217,0.7614628589312448,1.900384444399673e-08,374,0.7133,0.7133,-0.02213,0.029235,377,0.1599,0.1599,0.06416,0.086373,3,0.5229,0.6451,-0.00011,6.834,0.1173,-0.5892,-5.2e-05,6.929,0.1142,0.2372,0.001127,7.062,4.0081,1.705,1.7288,1.7619,0.2885,1.0,0.34235,0.38785,1.28288,0.17476,0.9592,1.0177,1.061,0.5,1.4492,2.6569,2.2463,16.0964,32.9692,22.7499,56,0.2126,-0.849,61,0.1447,-0.9991,1.0
30,1215,214877,0.0,5.9050489078322165e-06,1.469221614372102e-06,5.9050489078322165e-06,1.166522953215402,4.829908449617052,3.968569234035324,-29.46998280811684,45.701352005664766,0.050500653623175774,45.701352005664766,0.00016695338145294135,12.560840116760843,5.916143901659668,-1.1170933742941163,1.2145693616564315,-0.005734181453264522,1.2145693616564315,0.1264657601403058,2.5268458556849005,1.2377706911533928,0.05438831403192601,2.4089928708606916,0.7514509357421639,0.0,0.43416475755502915,0.24024362546304792,1.0,1.0,1.0,4.7488763887668995e-07,-0.42098868746307333,0,0,0,0.0004279311946608561,0.6167896073719727,381,0.7275,0.03352,0.48200118038082695,5,4,1,0.7316,380,0.6156632868411621,0.007392,0.0073924911328884235,621.4907495383007,289.7851314694559,0.6091702851496351,0.6091702871316733,0.609170287691728,0.7614628589145916,2.037733571038866e-08,377,0.7028,0.7028,-0.0257,0.02024,377,0.1477,0.1477,0.06409,0.082786,3,0.5115,0.6004,-0.001187,6.836,0.1098,-0.1945,0.000446,6.927,0.1061,0.6677,0.000196,7.071,4.01,1.7048,1.7274,1.7634,0.2877,1.0,0.33899,0.40725,1.28402,0.17224,0.9582,1.0186,1.063,0.5004,1.4519,2.7828,2.1778,16.2299,33.0705,22.7774,56,0.1695,-0.9639,61,0.1292,-0.9932,-3.0
31,1215,214877,2.7432312936411806e-25,7.000121055187582e-06,1.577328856476285e-06,7.000121055187582e-06,1.1655056969871807,4.83503306107256,3.968767571716147,-29.624569526908147,45.629717944021436,0.03520643572818443,45.629717944021436,0.0033420558376868748,12.566183252273103,6.027254280872062,-1.1257117674228678,1.217190385400731,-0.005734963720646857,1.217190385400731,0.12855927410338366,2.540573970238357,1.240261461731116,0.0499213565919469,2.4217414820764818,0.7360121381715,1.4142115624116159e-08,0.4478825010047509,0.24904372370042907,0.0007497288974367411,1.4140628019760562,0.9214970115040167,2.8128433265955156e-06,-0.42949128889722943,0,0,0,0.0004749902772536448,0.6185288991251472,381,0.7236,0.03361,0.48339459243698996,1,1,0,0.7279,380,0.6173900997173442,0.046582,0.04658192928998339,621.4908823355076,289.7851933893736,0.6091702846782138,0.6091702871012976,0.609170287691728,0.761462858876622,2.4156241294846904e-08,377,0.6843,0.6843,-0.03376,0.007358,377,0.1414,0.1414,0.07751,0.009712,3,0.4953,0.5613,0.001287,6.838,0.1063,0.3033,0.002573,6.951,0.1005,0.9589,-0.000728,7.093,4.0192,1.7014,1.7295,1.7647,0.291,1.0,0.34192,0.41635,1.28442,0.17553,0.9578,1.0189,1.0638,0.5004,1.4493,2.7778,2.1739,16.3563,32.8909,22.6943,56,0.1734,-0.3476,61,0.0304,-0.5945,-4.0
32,1215,214877,1.164479249343163e-13,6.916077142610809e-06,1.6013523221871484e-06,6.916077142610809e-06,1.1643844007489497,4.840318272168789,3.9689719532981056,-29.798201454688652,45.58097372465308,0.005665899469076432,45.58097372465308,0.002509906884881362,12.562807578883593,6.038166403358455,-1.135470456735034,1.2179293660820318,-0.005781851276232736,1.2179293660820318,0.12962312197612616,2.55444458091815,1.2422916176257635,0.049928222828357356,2.4337139167354143,0.7336186087865373,0.014051450876901971,0.462000701558261,0.2582586938130764,0.000647191007554504,1.4139600639375214,0.8579487418734293,8.663432643317995e-06,-0.437709665937214,0,0,0,0.0005097226769423342,0.618962356083343,381,0.7191,0.03441,0.48453207825208366,0,0,0,0.7236,380,0.617824257924025,-0.042328,-0.04232803019646347,621.4909639974162,289.7852314662186,0.6091702847143946,0.60917028708222,0.609170287691728,0.761462858852775,2.386621674133536e-08,377,0.6506,0.6506,-0.04878,-0.035462,377,0.1152,0.1152,0.08428,-0.058498,3,0.468,0.5199,-0.00049,6.849,0.0888,0.6903,0.001594,6.98,0.0803,0.9769,-0.001557,7.126,4.0335,1.6981,1.7306,1.7667,0.2954,1.0,0.34454,0.43145,1.28436,0.17638,0.9527,1.024,1.0748,0.5004,1.4463,2.7721,2.1694,16.6324,32.5819,22.5278,57,0.1727,0.3296,61,0.1028,0.9943,-1.0
33,1215,214877,5.3734598574714913e-14,8.560869628782889e-06,1.6821595848293364e-06,8.560869628782889e-06,1.1631305153146474,4.845717577005873,3.9691782569892444,-29.750842706603784,45.53269780715347,0.00034878042248119833,45.53269780715347,0.014015788371089855,12.563082795538877,6.0903154844749325,-1.145098357415332,1.2197342484393567,-0.005909926837884071,1.2197342484393567,0.1309532949554899,2.5681548137991337,1.2441301660497237,0.04994151330298941,2.443195491657488,0.7316467328090107,0.02805309308362495,0.47612499536412556,0.2668381812321963,0.001269569474473986,1.4141146925048778,0.9156646691363519,3.017844850190126e-05,-0.4457717886357624,0,0,0,0.000522467345248959,0.620454357517842,381,0.7139,0.03393,0.4856099411875346,1,1,0,0.7184,380,0.6193064963550808,0.044843,0.04484308064971465,621.4911240731958,289.7853061054322,0.6091702840063214,0.6091702870439436,0.609170287691728,0.7614628588049295,2.954211082624113e-08,377,0.6245,0.6245,-0.05331,0.014733,377,0.109,0.1182,0.0852,0.054892,3,0.446,0.4913,1.2e-05,6.848,0.0809,0.969,0.006819,7.0,0.0708,0.6913,0.001029,7.176,4.0466,1.6922,1.7298,1.7733,0.2991,1.0,0.34487,0.45558,1.28431,0.17347,0.9578,1.0189,1.0638,0.5004,1.4432,2.7662,2.1649,16.7519,32.3928,22.4451,57,0.2127,0.7774,61,0.2171,0.9755,2.0
34,1215,214877,2.1302987473708796e-13,9.025858973588529e-06,1.8190256919250978e-06,9.025858973588529e-06,1.161773498112725,4.851214330184405,3.9693888726512667,-29.60224409941715,45.48577844264203,-0.03890455691319848,45.48577844264203,0.010877563078745052,12.563828999673884,6.170552125601817,-1.154372396986297,1.219612728849907,-0.005902502452720146,1.219612728849907,0.1322219691060861,2.581619587428834,1.2462448767292724,0.0513480859370582,2.458126505002931,0.7058256812929298,0.04209917550316886,0.490264289694759,0.27599482792186486,0.0006357208584736318,1.4141154904504742,0.9479310779870636,6.70931459289013e-05,-0.45375899863704555,0,0,0,0.0005584235100797632,0.621264451625818,381,0.7119,0.03474,0.4869456766788694,1,1,0,0.7164,380,0.6201102779309784,-0.024586,-0.024586138089736087,621.4914092102471,289.7854390574962,0.6091702838061485,0.6091702869728763,0.609170287691728,0.7614628587160954,3.114669599323005e-08,377,0.5921,0.5921,-0.04443,0.026353,377,0.1176,0.1232,0.0692,0.013808,3,0.4217,0.4632,-0.000661,6.852,0.0859,0.9739,-0.002191,7.01,0.0714,0.2501,-0.002131,7.174,4.049,1.6922,1.7312,1.7718,0.3006,1.0,0.34668,0.46026,1.28418,0.17203,0.9527,1.0238,1.0746,0.5004,1.4401,2.8802,2.0881,16.8697,32.2022,22.3611,57,0.2052,0.9471,61,0.2304,0.9181,-1.0
35,1215,214877,3.0562956348059423e-12,9.691892151612886e-06,2.0529655845429314e-06,9.691892151612886e-06,1.1603267095067913,4.856783932725284,3.9696046349727396,-29.818483183071237,45.44844067885909,0.015276817196818301,45.44844067885909,0.0006541353476681167,12.564076031184715,6.140500843800327,-1.1655828049248045,1.222369582172297,-0.005967368021285978,1.222369582172297,0.1341454121716588,2.5944142788264974,1.2486184076185283,0.05008581379714722,2.474212627454066,0.724024448950363,0.05624021414008257,0.5043979146962027,0.2854741386993248,0.0008907633880875787,1.4141298624015874,0.9049371934256377,0.0001172826515350468,-0.46141104829746205,0,0,0,0.000589501629026906,0.6219411749212321,381,0.7065,0.03563,0.48831874778775125,0,0,0,0.7109,380,0.6207789418739637,-0.003495,-0.0034953930690662105,621.491799766157,289.78562116365913,0.6091702835194284,0.6091702868695337,0.6091702876917267,0.7614628585869171,3.344504158865529e-08,377,0.5657,0.5657,-0.03962,-0.045946,377,0.1397,0.1457,0.06359,-0.037631,3,0.3998,0.4472,-0.000528,6.866,0.1005,0.9264,0.001663,7.01,0.0805,0.0775,0.002281,7.194,4.0557,1.6929,1.7284,1.7739,0.3005,1.0,0.34997,0.47064,1.28425,0.17474,0.9551,1.0214,1.0694,0.5004,1.4369,2.8737,2.0835,17.0371,31.9702,22.2494,58,0.1676,0.896,62,0.1263,0.9799,-2.0
36,1215,214877,6.823449703636789e-12,1.371568888204563e-05,2.334807962875427e-06,1.371568888204563e-05,1.158795094610077,4.86241000971787,3.9698224713462613,-30.85658553994608,45.37729752376029,-0.01941794198692563,45.37729752376029,0.0003281569074277818,12.56494665345455,6.189226663507105,-1.1794731629679012,1.2255397897424618,-0.006079332853336801,1.2255397897424618,0.13552763491536599,2.6068777186623957,1.2508710457484205,0.05007770458757197,2.488303869035335,0.7262182119055155,0.06968788607924614,0.5185382995174963,0.2945235106328669,0.010004050779505502,1.4141234983146986,0.9481921164943147,0.00017229872815059327,-0.46902471600803025,0,0,0,0.0006358981443410818,0.6228246514245903,381,0.7035,0.03772,0.4897482739641007,0,0,0,0.7078,380,0.6216576372127165,0.027256,0.027255678808960626,621.492124961067,289.7857727936711,0.6091702817872146,0.609170286778193,0.6091702876917251,0.7614628584727412,4.7330442588053725e-08,377,0.5471,0.5471,-0.0384,-0.012441,377,0.1712,0.1803,0.05312,-0.066705,3,0.3849,0.4138,0.000327,6.87,0.121,0.9201,-0.001024,7.01,0.0941,0.0242,0.000155,7.188,4.0552,1.6941,1.7286,1.7726,0.2962,1.0,0.34561,0.47161,1.2842,0.17395,0.952,1.0245,1.0762,0.5004,1.4351,2.8702,2.0809,17.0162,31.9309,22.2499,58,0.1735,0.0395,62,0.0312,-0.4757,-0.0
37,1215,214877,1.4539685546812784e-11,1.877145356064691e-05,3.048053819941199e-06,1.877145356064691e-05,1.1571965504003858,4.868042109815969,3.9700445141330793,-31.645108828788228,45.30086225713023,-0.04640493777199305,45.30086225713023,0.0030700294271550632,12.564710481413186,6.210489898805175,-1.1922458610401827,1.2306012334504588,-0.0061794230380651065,1.2306012334504588,0.1376307576201058,2.618452118196662,1.2538943619770446,0.05003201003367497,2.4748286078191493,0.7246363403625482,0.0838171328307014,0.5326494795706753,0.30400543179895534,0.0020639034922272925,1.4141175653029223,0.9751201335039438,0.00023856067524503954,-0.47650941862086954,0,0,0,0.000700396265014194,0.6237216185255048,381,0.7019,0.0389,0.4907565994046078,1,1,0,0.706,380,0.6225490212046794,-0.005917,-0.00591682835794316,621.4928899787441,289.7861295017126,0.6091702796107555,0.6091702865443489,0.6091702876917218,0.7614628581804361,6.477692218369607e-08,377,0.5514,0.5514,-0.04287,0.005482,377,0.2242,0.2237,0.03487,0.07244,3,0.3871,0.3809,-0.001157,6.869,0.1579,0.8872,-0.003772,6.981,0.1241,-0.0888,0.000783,7.157,4.0434,1.6988,1.7265,1.77,0.2974,1.0,0.35008,0.4593,1.28423,0.17064,0.9518,1.0245,1.0764,0.5004,1.4333,2.8666,2.15,17.0975,31.772,22.167,58,0.2321,-0.5152,62,0.1181,-0.9187,4.0
38,1215,214877,7.543129065514849e-12,2.469185898590835e-05,3.83262228180423e-06,2.469185898590835e-05,1.155494615928347,4.873658450155011,3.9702724609275237,-31.522553307964202,45.230977285436886,-0.0200484839225957,45.230977285436886,2.5516051216579322e-05,12.565556991705332,6.249813033671037,-1.2041947269513662,1.2339138197132142,-0.006102576379357515,1.2339138197132142,0.1387709043880843,2.629233716277472,1.256823702087621,0.05027541475410877,2.4337581830713564,0.7225093174710083,0.09782386019154271,0.5467424032006009,0.3137566331290247,0.0016527751451673733,1.4141182652870812,0.9610662676698954,0.0003193607650478526,-0.4838844396146203,0,0,0,0.0007546352846686121,0.6244950780388723,381,0.6979,0.04124,0.492087672500088,5,5,0,0.702,380,0.6233237713657506,-0.035777,-0.03577737549377047,621.4937476721515,289.7865294220606,0.6091702770620858,0.6091702862505287,0.6091702876917249,0.7614628578131608,8.520706271320779e-08,377,0.5685,0.5685,-0.04753,-0.039325,377,0.2534,0.2534,0.03831,-0.068846,3,0.3968,0.3272,9e-05,6.867,0.177,0.859,-0.005484,6.975,0.1442,-0.2028,-0.002293,7.12,4.0345,1.7021,1.7288,1.7647,0.2976,1.0,0.35212,0.4669,1.28436,0.17079,0.9501,1.0263,1.0802,0.5004,1.4316,2.8631,2.1473,17.1788,31.6534,22.1105,57,0.1482,-0.8615,61,0.1257,-0.9949,0.0
39,1217,214880,0.0,2.9768495422282104e-05,4.526260370472953e-06,2.9768495422282104e-05,1.1545695991644067,4.872195402452832,3.971166854925828,-29.77303340009673,45.21379019279947,-0.021395314811125714,45.21379019279947,3.939969928268283e-05,12.564560084258588,6.329586777379561,-1.2083895832986646,1.2394672911336522,-0.005826411979685018,1.2394672911336522,0.14111488956058915,2.638607094022246,1.2605048533140994,0.0502386786645494,2.3782860502365337,0.7189663827410424,0.0,0.5608483854727466,0.32283587872924946,1.0,1.0,1.0,2.752566085699118e-05,-0.4911031353578037,0,0,0,0.0008315337206723401,0.6258724894129704,381,0.6859,0.04219,0.49340148307597326,2,2,0,0.6903,380,0.624700858538383,0.018943,0.018943368204498823,621.4943821743327,289.7868252740876,0.6091702748766579,0.609170286011639,0.609170287691728,0.7614628575145488,1.0272549621303976e-07,377,0.5898,0.5898,-0.04884,-0.021416,379,0.2507,0.2507,0.04351,0.05256,3,0.4047,0.277,-0.000839,6.866,0.1722,0.8608,-0.000266,6.973,0.1481,-0.2505,-0.000428,7.122,4.0344,1.7019,1.7284,1.7653,0.298,1.0,0.35298,0.46453,1.28569,0.17316,0.9504,1.0259,1.0795,0.5004,1.4326,2.8653,2.1489,17.038,31.876,22.2505,57,0.063,-0.7055,61,0.0816,-0.4237,-1.0
40,1217,214880,8.955731694343365e-24,3.5245101077144415e-05,5.315701839378519e-06,3.5245101077144415e-05,1.1527787275256693,4.877816578330746,3.971405540640316,-31.451313138749164,45.14775420875408,-0.04016234741466226,45.14775420875408,0.0023189887029100137,12.555441017236785,6.353721415684514,-1.2116577036882357,1.2428535961303213,-0.005882137177476134,1.2428535961303213,0.14168510480557425,2.6482420829617808,1.2627903371704003,0.05967081134750074,2.386061378611666,0.7228517898938871,1.4142115624116159e-08,0.5749497651923089,0.3318138208024652,0.0062753342520285305,1.4141720441839736,0.9256664082877377,0.0001618148526097717,-0.4981828179982358,0,0,0,0.0008841414649912417,0.6277412601195771,381,0.6754,0.04399,0.4952158319218,1,1,0,0.6798,380,0.6265651873593009,0.028071,0.028070675378438104,621.4951693572491,289.7871923172095,0.6091702725190534,0.6091702856898183,0.609170287691728,0.7614628571122729,1.2162408143477958e-07,377,0.6145,0.6145,-0.05069,0.041763,379,0.2542,0.2542,0.06092,-0.01176,3,0.4152,0.2541,-0.000446,6.854,0.172,0.8806,-0.000259,6.976,0.1565,-0.2346,-0.002174,7.119,4.0322,1.6999,1.7302,1.7654,0.3017,1.0,0.35733,0.46529,1.28606,0.17299,0.9496,1.0266,1.0811,0.5004,1.4315,2.8629,2.1472,17.2287,31.6911,22.1384,57,0.1627,0.4882,61,0.155,0.6385,-0.0
41,1218,214881,0.0,3.71903418038813e-05,5.777246535216902e-06,3.71903418038813e-05,1.1513263631932156,4.87949371301481,3.9720306770454035,-31.849464600211935,45.08990486528425,-0.020125651354941956,45.08990486528425,0.0056510779746820426,12.55997502809491,6.3494088791437395,-1.2215800097564655,1.2494461796010718,-0.006480870171964873,1.2494461796010718,0.14375490329194582,2.6570836055609557,1.2655057427266128,0.0638926158098525,2.394456298450722,0.7227470961060849,0.0,0.5889814936636969,0.34079045984736,1.0,1.0,1.0,0.0003817325285840712,-0.5051122517549974,0,0,0,0.0009708999949916012,0.629086678371045,381,0.6642,0.04349,0.4972946812895622,1,1,0,0.6684,380,0.6279090032546802,-0.007755,-0.007754976662988522,621.495527361207,289.78735924523545,0.6091702716816573,0.6091702855341352,0.609170287691728,0.761462856917669,1.2833666002804699e-07,377,0.6086,0.6086,-0.04863,-0.036269,380,0.2525,0.2525,0.06261,-0.088267,3,0.4044,0.2379,-0.000324,6.861,0.1686,0.8676,-0.001635,6.986,0.1544,-0.2765,-0.001358,7.119,4.0352,1.7002,1.7312,1.7642,0.301,1.0,0.35983,0.4643,1.28611,0.17083,0.9493,1.0269,1.0818,0.5,1.432,2.8641,2.148,17.2866,31.7035,22.1393,57,0.2413,0.8066,61,0.2029,0.9356,3.0
42,1218,214881,8.020621671930762e-24,4.45021624494056e-05,6.383041749357957e-06,4.45021624494056e-05,1.1494127980333713,4.884663749812226,3.9722765571455376,-32.61006301451582,45.041305759600895,0.020741210046945423,45.041305759600895,0.0037300560986902737,12.555783646374072,6.346886520855068,-1.231044628805025,1.2544220784532383,-0.006571960851426291,1.2544220784532383,0.1443392579508997,2.6646642206044615,1.2678400117528066,0.05061473775292885,2.404571962613698,0.7229951774314708,1.4142115624116159e-08,0.6030954080490541,0.34957485978313907,0.002616911180512882,1.4139048163418815,0.8710862815223058,0.0006917706458107812,-0.5119759206106526,0,0,0,0.0010025017092512188,0.6311320478661615,381,0.6523,0.04377,0.4991255855447562,1,2,-1,0.6549,380,0.62995888563652,0.040251,0.04025113226940724,621.4960231135899,289.78759040180466,0.6091702685340111,0.6091702853089274,0.609170287691728,0.7614628566361592,1.5356821314432814e-07,377,0.5968,0.5968,-0.05005,0.031501,380,0.2633,0.2633,0.06806,-0.132669,3,0.3894,0.2031,-5.3e-05,6.866,0.1726,0.8415,-0.001173,6.975,0.1579,-0.358,0.001201,7.109,4.0324,1.7027,1.7299,1.7631,0.3037,1.0,0.36325,0.46934,1.28654,0.1705,0.9467,1.0295,1.0875,0.5,1.4294,2.8588,2.1441,17.459,31.4864,22.0277,57,0.2861,0.9401,61,0.2406,0.9884,-1.0
43,1218,214881,8.038645542836177e-12,5.253826738534006e-05,7.037009777907005e-06,5.253826738534006e-05,1.1474173808466523,4.889881724052575,3.9725219036317343,-42.866688468665714,44.99280291801377,0.045780655389309664,44.99280291801377,0.013096211445427908,12.566309784110155,6.3591560586368,-1.2424317732507866,1.2591543289211116,-0.006596247578937955,1.2591543289211116,0.1463311917414561,2.671889103787185,1.270994181709885,0.05056340863947939,2.3952926465061113,0.7259195378356179,0.01413551817444588,0.6171878034189784,0.35828572259558267,0.00033433435002083733,1.4140459235863405,0.9470540619091371,0.0007873823743888866,-0.5186662626300133,0,0,0,0.0011024587019792867,0.6325646871229577,381,0.6405,0.04293,0.5012549427484679,1,1,0,0.642,380,0.6313839388079737,0.032313,0.032312554192152954,621.4962556249525,289.78769881586527,0.6091702650745654,0.6091702851994536,0.6091702876917245,0.761462856499317,1.8129916349114437e-07,377,0.5714,0.5714,-0.04783,-0.003948,380,0.2821,0.2821,0.07104,-0.018739,3,0.366,0.1731,-4.9e-05,6.876,0.1817,0.7939,-0.002397,6.971,0.1621,-0.4614,0.000571,7.098,4.0313,1.7057,1.7292,1.7608,0.3051,1.0,0.36503,0.47042,1.28652,0.17273,0.9468,1.0293,1.0871,0.5,1.7837,2.735,2.1404,17.6331,31.2741,17.5333,57,0.2433,0.985,61,0.1955,0.9878,-3.0
44,1218,214881,2.2518209765179022e-11,6.235138111938524e-05,7.51358700606227e-06,6.235138111938524e-05,1.145303747818759,4.8952388810997824,3.9727716710774144,-43.69531434146691,44.94316534707392,0.01624809089701088,44.94316534707392,0.014067556359338705,12.563868323227931,6.341667796089882,-1.2545535802397434,1.2702540696535352,-0.006693763557916477,1.2702540696535352,0.1468869417318935,2.6792368001853224,1.2736559817722768,0.0504975255262909,2.372157723048207,0.7252053035965709,0.027381423211396756,0.6313129131459972,0.367756263213014,0.0008551369035432188,1.41384763677037,0.9087514524943555,0.0008598011221828475,-0.5252681495185374,0,0,0,0.0011349871063028693,0.6341744948537938,381,0.6279,0.04076,0.5030713220046089,0,0,0,0.6276,380,0.6329890205688872,0.026713,0.026712535987916786,621.4963175574045,289.7877276933727,0.6091702608501165,0.6091702851698779,0.6091702876917183,0.7614628564623473,2.1516225554368494e-07,377,0.5309,0.5309,-0.03962,0.0787,380,0.2938,0.2938,0.07642,-0.165986,3,0.3334,0.1488,-0.000725,6.89,0.1853,0.7744,-0.00312,6.969,0.1567,-0.5104,-0.000149,7.09,4.032,1.7088,1.7286,1.7585,0.3078,1.0,0.3662,0.47573,1.28659,0.17259,0.9458,1.0302,1.0892,0.5,1.7806,2.7303,2.1368,17.9082,30.9832,17.4004,57,0.2193,0.4924,61,0.1225,0.4547,-1.0
45,1218,214881,2.677813802454632e-11,7.021963923019682e-05,7.763091810058996e-06,7.021963923019682e-05,1.1431028449370688,4.900544727763771,3.9730231780307057,-44.50799793024771,44.89571814420578,0.011653398873781286,44.89571814420578,0.008331319338317881,12.559050653616364,6.345840181716962,-1.2649555763318578,1.2841484657364148,-0.006737955178309146,1.2841484657364148,0.1479947799201256,2.68575349762351,1.276555550577377,0.05059956869007049,2.3138951061782715,0.7272288011238456,0.04118798958015935,0.6453471326890907,0.3768437777453681,0.0037020045323667983,1.4140211181387219,0.9126387011667297,0.0008999560902968734,-0.5317626092070505,0,0,0,0.0010058885006064824,0.6357106820287477,381,0.5805,0.03864,0.5068077081423663,2,2,0,0.5794,380,0.6345289329988186,-0.030317,-0.030316926328408655,621.4962669153555,289.7877040802894,0.6091702574629068,0.609170285194073,0.6091702876917164,0.7614628564925913,2.4231407420496203e-07,377,0.4918,0.4918,-0.02698,-0.037322,380,0.3016,0.3016,0.07984,-0.047185,3,0.2855,0.0973,-0.001452,6.919,0.1758,0.7845,-0.002389,6.966,0.1489,-0.5408,0.00205,7.098,4.0385,1.7133,1.725,1.7575,0.3103,1.0,0.36867,0.47945,1.28676,0.1711,0.9468,1.0292,1.0871,0.5,1.7773,2.7252,2.1327,18.1284,30.7274,17.2888,58,0.233,0.0143,62,0.1502,-0.3525,2.0
46,1218,214881,3.8229027815029117e-11,7.472279915816746e-05,7.732124278370946e-06,7.472279915816746e-05,1.1408702737342895,4.905766192340243,3.973278670856552,-45.14301540889469,44.81919800919995,0.03553206726941146,45.14301540889469,0.0036973932601225834,12.5650284009981,6.307220801254804,-1.2737714568644718,1.2978070138629831,-0.006741692003110544,1.2978070138629831,0.150013021376353,2.6915723619721454,1.2804807788288817,0.050798642975255444,2.316436997763199,0.7309382979252925,0.05482469350353924,0.6581613748165471,0.38597016476890394,0.004759258873351158,1.414044882840926,0.941607994888967,0.0009342356255764329,-0.5381094852347932,0,0,0,0.0010246310770464315,0.6372889316522932,381,0.5458,0.03732,0.5113826547682649,4,4,0,0.5459,380,0.6361005623506756,-0.033747,-0.03374709090119565,621.4959620100875,289.7875619108151,0.6091702555243191,0.6091702853372865,0.6091702876917116,0.7614628566716081,2.57853714167222e-07,377,0.4495,0.4495,-0.02667,-0.023552,380,0.298,0.298,0.07956,-0.171767,3,0.2455,0.0431,-0.001028,6.953,0.1633,0.7917,-0.003069,6.974,0.1345,-0.5763,0.001126,7.107,4.0481,1.7176,1.7228,1.7556,0.3164,1.0,0.37474,0.49193,1.28668,0.16993,0.941,1.0349,1.0997,0.5,1.7741,2.7202,2.1289,18.5009,30.3562,17.1108,59,0.1904,-0.4813,62,0.147,-0.8228,0.0
47,1218,214881,7.729998370110264e-12,7.657157236594352e-05,7.4241022974061175e-06,7.657157236594352e-05,1.138582045960758,4.91083454871295,3.9735392111644283,-45.74913083732216,44.742902258152455,0.07101255001985168,45.74913083732216,0.009024546132047395,12.56098258629542,6.331425070191369,-1.2830039733095906,1.310545275784691,-0.006828738795606507,1.310545275784691,0.15247871634680019,2.6967061222761797,1.284784961556389,0.05391286298433118,2.311743698221283,0.72162651618407,0.06876283825301054,0.672015533156422,0.3953862447210118,0.0022552199123140326,1.4136218384430048,0.9359956350617128,0.0009344755749847113,-0.5444019475430504,0,0,0,0.0010348515477721534,0.6395860838154207,381,0.5142,0.03652,0.5155265508949941,1,1,0,0.5163,380,0.6384019487685256,0.004979,0.004979425747933419,621.4957587426599,289.7874671324482,0.6091702547284212,0.6091702854304135,0.6091702876917248,0.7614628567880168,2.642335540720478e-07,377,0.4126,0.4161,-0.03814,-0.239255,380,0.281,0.281,0.08339,0.046699,3,0.2123,0.0242,-0.000469,7.003,0.1456,0.7995,-0.000867,6.984,0.1168,-0.5812,0.00412,7.135,4.065,1.7227,1.7181,1.7552,0.3176,1.0,0.37595,0.50532,1.28668,0.17246,0.9427,1.0332,1.096,0.5,1.7725,2.7178,2.127,18.6365,30.2112,17.0444,59,0.0817,-0.91,62,0.0915,-0.9528,0.0
48,1218,214881,2.1524403821064438e-11,7.992389703217905e-05,7.428809266495456e-06,7.992389703217905e-05,1.1362465775487909,4.915596765588111,3.9738044555260315,-46.56302471115127,44.7187659260468,0.10000787671196028,46.56302471115127,0.012043682976622215,12.562521241995361,6.360784268441521,-1.2951073285794314,1.3223599477831278,-0.007111003994511818,1.3223599477831278,0.15456445651842654,2.701638365874443,1.2892198317159818,0.059949125015727356,2.320268431935192,0.7241093495174121,0.08257193674556423,0.6846254696244514,0.40474620106623727,0.006394708032585239,1.4139371414538984,0.924796974688264,0.0009013800537099187,-0.5505445906833395,0,0,0,0.0010401175839878333,0.6425611497402852,381,0.4842,0.03818,0.5189443105720053,1,1,0,0.4874,380,0.6413980547795324,-0.033986,-0.033985773212672266,621.4958845159152,289.78752577727823,0.6091702532852887,0.6091702853730128,0.6091702876917188,0.7614628567162659,2.758017165086881e-07,377,0.4006,0.404,-0.03707,-0.152603,380,0.2726,0.2745,0.08521,-0.124219,3,0.1942,-0.069,0.001776,7.02,0.1331,0.8158,-0.002181,6.984,0.1102,-0.6333,0.00198,7.12,4.0653,1.7268,1.7178,1.7513,0.3208,1.0,0.3821,0.51713,1.28673,0.173,0.9417,1.034,1.098,0.5,1.771,2.7156,2.1253,18.6719,30.1472,17.0227,59,0.1757,-0.0898,62,0.1055,-0.0426,1.0
49,1218,214881,2.202149353367956e-11,7.83299654496577e-05,7.4084349851555155e-06,7.83299654496577e-05,1.133843819138007,4.920145676181724,3.974072979369054,-47.34660636888952,44.65348540040223,0.02846983150029025,47.34660636888952,0.022006139179587415,12.562041462377938,6.44509132507365,-1.3053752260474194,1.3354590582953771,-0.007399321707040943,1.3354590582953771,0.1567257879632141,2.7061966625282996,1.2938032203669863,0.05089839992678101,2.324031443976473,0.733523646031339,0.09594409236871293,0.6973794284189295,0.41399417080889495,0.00031786788434706725,1.4141114227737492,0.9186965346715512,0.0008381916642645166,-0.5565236755989189,0,0,0,0.0010213829372710394,0.6447034167454293,381,0.4578,0.04264,0.5219930409539943,1,1,0,0.4613,380,0.6435316550214516,0.050329,0.05032918413145704,621.4961074540824,289.7876297276043,0.6091702539714768,0.6091702852694996,0.6091702876917187,0.7614628565868744,2.7030127380967434e-07,377,0.3948,0.3982,-0.02874,-0.103394,380,0.2614,0.2641,0.09011,-0.016978,3,0.1809,-0.0997,0.002985,7.036,0.1208,0.8147,0.000268,6.992,0.1041,-0.6582,0.002526,7.116,4.0692,1.7291,1.7183,1.7487,0.33,1.0,0.39563,0.50704,1.2865,0.17103,0.9394,1.0363,1.1032,0.5,1.7696,2.7134,2.1235,18.8086,30.005,16.9558,59,0.2534,0.206,62,0.1697,0.474,-1.0
50,1218,214881,7.369956484129472e-12,6.403231270984146e-05,7.0906069646176155e-06,6.403231270984146e-05,1.1313807488779695,4.9246981447952844,3.9743425347752805,-48.126596782850434,44.64035580905402,0.09080245772844184,48.126596782850434,0.00612151797414226,12.565415667020382,6.4250512122509855,-1.3171362185394706,1.3511706778895596,-0.007730657742602574,1.3511706778895596,0.1581789404479753,2.7102366524789976,1.2981474121732084,0.051099237711392784,2.2882616965548443,0.727390126550472,0.11006462003331732,0.7114062582428167,0.42318113616337383,0.0012749650535479606,1.4133222917068382,0.7928524083325375,0.0007514270534566742,-0.5624488935053225,0,0,0,0.001002679737622209,0.6475706967464443,381,0.4328,0.04851,0.5235897433247458,1,1,0,0.4363,380,0.6464143305530108,-0.00351,-0.003510221379978251,621.4958496097865,289.78750950144934,0.6091702601264519,0.6091702853890146,0.6091702876917249,0.7614628567362682,2.2096298360133845e-07,377,0.3707,0.3752,-0.03236,0.04683,380,0.2554,0.2586,0.08127,0.018965,3,0.1605,-0.0525,0.00372,7.056,0.1111,0.7173,-0.001432,6.985,0.0952,-0.7335,0.004436,7.091,4.0671,1.7349,1.7175,1.7436,0.3291,1.0,0.39677,0.51654,1.28624,0.16912,0.9388,1.0368,1.1043,0.5,1.768,2.8287,2.1215,18.8414,29.8981,16.9107,59,0.2438,0.4819,62,0.2079,0.569,1.0
51,1218,214881,1.6742535885256532e-11,5.921961075536105e-05,7.0433143182318766e-06,5.921961075536105e-05,1.1289114303347285,4.9294575466147,3.9746047774174293,-48.712078309932515,44.599719295306606,0.07220342082434478,48.712078309932515,0.01000396292134513,12.561673360965447,6.390168186365999,-1.3296068747136565,1.3666218032515531,-0.007916930577247076,1.3666218032515531,0.15895557638657148,2.713857934495724,1.2999092678929651,0.051070087348186445,2.2375556679748136,0.7193722905824171,0.12417729873217075,0.7242903872713953,0.4311096602446974,0.0021159166203956747,1.4141595096566792,0.9225803626838673,0.000634927274844667,-0.5682569191790771,0,0,0,0.0008204106021899208,0.64996049142235,381,0.4006,0.05258,0.5230198568710505,0,0,0,0.4042,380,0.6488258967231635,-0.044109,-0.04410917620030652,621.495268380858,289.7872384893681,0.6091702621982368,0.6091702856473374,0.6091702876917209,0.7614628570591717,2.043554818496044e-07,377,0.3497,0.3502,-0.03367,-0.028314,380,0.255,0.2608,0.08662,0.269351,3,0.1401,-0.0776,0.001013,7.073,0.1027,0.7174,0.001502,6.97,0.0897,-0.7502,0.005105,7.096,4.0683,1.7386,1.7133,1.7441,0.3287,1.0,0.3969,0.53354,1.28605,0.17223,0.937,1.0386,1.1084,0.5,1.7661,2.8258,2.1194,18.8723,29.8279,16.8891,59,0.2226,0.9589,62,0.1856,0.9244,0.0
52,1218,214881,2.993245675609221e-11,5.97757012523133e-05,7.397755046801379e-06,5.97757012523133e-05,1.126446659173681,4.934335774468493,3.974869030189089,-49.80851293077373,44.5715294422503,-0.014365884846595029,49.80851293077373,0.003261437407411562,12.559510145676603,6.422096959327758,-1.3416724790007788,1.3735108389709207,-0.008084071818692527,1.3735108389709207,0.160855709458227,2.7171407370678664,1.303128077332643,0.05236290300483737,2.1218649453429568,0.7288744365397316,0.1383164443458536,0.7383749041982053,0.44033546386053773,0.0023542202992482553,1.4137005246845746,0.8920277134420153,0.000558204952165192,-0.5738550359475337,0,0,0,0.0007349822394404046,0.6524518291570801,381,0.3746,0.05758,0.5253836090636698,1,1,0,0.3782,380,0.6513307609688274,0.092468,0.09246828030766219,621.4953124544923,289.7872590397688,0.6091702619588492,0.6091702856282875,0.6091702876917151,0.7614628570353593,2.0627442852520307e-07,377,0.3484,0.3483,-0.02674,-0.043891,380,0.2581,0.2631,0.0862,0.303048,3,0.1306,-0.1788,-0.002112,7.069,0.097,0.6596,0.00068,6.966,0.0903,-0.8575,-0.000737,7.109,4.0693,1.7372,1.7119,1.7469,0.3354,1.0,0.40531,0.53264,1.28619,0.17179,0.9394,1.0361,1.1029,0.5,1.7643,2.8229,2.1172,19.0042,29.6797,16.8224,59,0.2161,0.7224,62,0.1192,0.7186,-2.0
53,1218,214881,7.948959726267808e-12,6.673893816047605e-05,7.91505350535132e-06,6.673893816047605e-05,1.1240069524043754,4.9392726022503,3.975131711557078,-51.35202123500366,44.482273574722456,-0.041656602736553694,51.35202123500366,0.0069283658195331025,12.566272682221781,6.481182849937956,-1.3544449665866853,1.3881135572724785,-0.0080225857350781,1.3881135572724785,0.1619185771470316,2.7198881041557508,1.3054838140904488,0.060710683751360794,1.8520274884479884,0.7364106357340335,0.15235363308427854,0.7519674093347166,0.4492557410014297,0.007151707287261333,1.4136643804887794,0.9441062795182353,0.000445973731724031,-0.5793754791466668,0,0,0,0.0006789873229766895,0.6552296333612354,381,0.3493,0.06434,0.5288669378038293,3,3,0,0.3528,380,0.654135344665224,-0.049039,-0.049038829449184806,621.4952985160763,289.78725254064443,0.6091702589612394,0.6091702856343219,0.6091702876917247,0.7614628570429023,2.3030322271030712e-07,377,0.3352,0.3367,-0.01993,-0.026096,380,0.2693,0.273,0.08435,0.096035,3,0.1172,-0.2889,-0.005502,7.085,0.0944,0.6232,-0.001617,6.954,0.0906,-0.9288,-0.000229,7.134,4.0748,1.7386,1.7065,1.7507,0.337,1.0,0.40645,0.53772,1.2863,0.17046,0.9397,1.0357,1.1023,0.5,1.762,2.9366,2.0439,19.1302,29.5231,16.7554,59,0.2343,0.2546,62,0.1311,-0.1236,2.0
54,1218,214881,3.134284721012201e-11,7.108447329096974e-05,8.082240422884214e-06,7.108447329096974e-05,1.1216149473130643,4.944336432955095,3.975396625745671,-52.901486617722114,44.39072108578642,0.002397994031944725,52.901486617722114,0.0014967822770272088,12.566184545132286,6.45517761934591,-1.3668465192828365,1.3993380672500944,-0.00813314563011272,1.3993380672500944,0.16349308055124098,2.72204938676806,1.308934352259695,0.05136720058718752,1.5534133099207623,0.7363467321722584,0.16631643715705344,0.7651126247471998,0.4586968038003262,0.003169733135770292,1.4137820514712283,0.908626439576141,0.0003270026705197752,-0.5848266714272183,0,0,0,0.0005955011357531436,0.6575901154622795,381,0.319,0.06151,0.5338313072853196,2,1,1,0.3214,380,0.656515546145547,-0.106559,-0.10655881322031147,621.4953652965364,289.7872836786532,0.6091702570905297,0.6091702856053312,0.6091702876917146,0.7614628570066639,2.4529880120549294e-07,377,0.3249,0.3271,-0.02018,-0.144815,380,0.2637,0.2658,0.08048,-0.115165,3,0.1038,-0.5558,-0.00503,7.067,0.0844,0.6803,0.002094,6.952,0.086,-0.9874,-0.003439,7.167,4.0777,1.7332,1.7049,1.7576,0.3357,1.0,0.40598,0.54369,1.28643,0.16854,0.9359,1.0394,1.1106,0.5,1.7596,2.9326,2.0411,19.2548,29.3655,16.6887,59,0.2085,-0.3002,62,0.159,-0.6134,-2.0
55,1218,214881,5.094827542203798e-12,7.13469609530214e-05,8.380157864866942e-06,7.13469609530214e-05,1.119215925206784,4.948814453651716,3.975661707446698,-54.43551990262308,44.29610602444014,0.02102877026203266,54.43551990262308,0.009467916798686561,12.558904855770525,6.511202732636023,-1.3735849202901222,1.40084400665989,-0.008124821286849784,1.40084400665989,0.164847653164338,2.723612991465405,1.3122643482594794,0.05701493281615344,1.524570561346867,0.7216017656758225,0.18025375573021094,0.7792334838256701,0.4677830681990791,0.01611455094119696,1.4134782016125829,0.9431149658238713,0.0002867262951198416,-0.5901770478020342,0,0,0,0.000495167986977854,0.660083392191176,381,0.2931,0.05879,0.5404028446267649,0,0,0,0.2961,380,0.6590214934974588,0.42383,0.42383032544670685,621.4957338166292,289.78745551008205,0.6091702569775634,0.6091702854416979,0.6091702876917259,0.7614628568021223,2.462044494901856e-07,377,0.3319,0.3406,-0.03295,-1.389932,380,0.2567,0.261,0.07988,0.193283,3,0.0975,-0.6924,-0.002192,7.056,0.0757,0.6811,0.001489,6.958,0.0856,-0.9999,-0.002538,7.186,4.0803,1.7292,1.7053,1.7612,0.3377,1.0,0.41115,0.55406,1.28624,0.17122,0.9363,1.039,1.1098,0.5,1.7583,2.9305,2.0396,19.3917,29.2271,16.6224,59,0.1463,-0.7759,61,0.1339,-0.9511,-1.0
56,1218,214881,2.2246016834406205e-11,7.68465528338496e-05,8.778355707797233e-06,7.68465528338496e-05,1.116788185849656,4.953387461584645,3.9759274961920745,-51.81656132630665,44.24395632648296,-0.038750025622368865,51.81656132630665,0.008129563921236021,12.562382837376177,6.5019739625849065,-1.3842732016501396,1.4144600932307427,-0.00804478193902556,1.4144600932307427,0.16550569787281355,2.7270675013421717,1.3158442812382467,0.090049824653465,1.5009534738664705,0.7325688352998336,0.1940481252392895,0.7903311477946433,0.4772142178782772,6.17973410090844e-05,1.4137621930300288,0.9246526113589675,0.00035656862220692566,-0.5953366981113883,0,0,0,0.0004882828821570723,0.6634928703514601,381,0.2698,0.0629,0.5460162223067362,1,1,0,0.2715,380,0.6624612975309714,0.02794,0.02793977612551668,621.4961275168953,289.7876390823773,0.6091702546100716,0.6091702852600676,0.6091702876917184,0.7614628565750844,2.6518230065708425e-07,377,0.3288,0.3432,-0.04143,0.369654,380,0.2553,0.2642,0.07831,0.027616,3,0.0893,-0.7785,-0.003039,7.073,0.0695,0.6695,-0.000293,6.96,0.0844,-0.9874,6.7e-05,7.213,4.0892,1.7296,1.7021,1.7638,0.3429,1.0,0.4153,0.53895,1.28637,0.17182,0.9373,1.0379,1.1073,0.5,1.7569,2.9281,2.038,19.4764,29.1253,16.5777,59,0.1326,-0.9522,62,0.1064,-0.8913,-3.0
57,1218,214881,1.811636541046884e-11,8.084162643652241e-05,8.422138181044286e-06,8.084162643652241e-05,1.1143234551322074,4.958009408696457,3.9761918193507584,-52.43160293716352,44.17319546370006,0.027318091579873183,52.43160293716352,0.0007026827426137583,12.553235824456163,6.530416316920314,-1.396718131926013,1.42255318657897,-0.008136026452952276,1.42255318657897,0.1677021725303592,2.734265500555791,1.3196732627380534,0.05151118456181514,1.5220197460540832,0.7310966008740039,0.20787300664682667,0.8041195320663714,0.48646074398023137,0.00043519069841624347,1.4139995539879113,0.9128321705546744,0.00045128182378772477,-0.6004614978091625,0,0,0,0.00032172303569162836,0.6666118584409467,381,0.2228,0.05604,0.5550477706183382,1,1,0,0.2225,380,0.6655838603123015,-0.464641,-0.4646414091221587,621.4955268335756,289.7873589992145,0.6091702528902031,0.6091702855343684,0.6091702876917202,0.7614628569179605,2.789687815083112e-07,377,0.3243,0.3427,-0.02749,0.978725,380,0.2497,0.2602,0.08275,0.031341,3,0.0732,-0.7976,0.005624,7.096,0.0565,0.6908,0.001598,6.962,0.0816,-0.9871,0.00625,7.201,4.0917,1.7342,1.7014,1.76,0.3429,1.0,0.41517,0.55006,1.28626,0.17025,0.9381,1.0371,1.1055,0.5,1.7544,2.924,2.0351,19.6495,28.9284,16.4891,59,0.202,-0.3296,61,0.1717,-0.4486,-4.0
58,1218,214881,1.4416084109217169e-10,8.611377158847567e-05,8.310845548103367e-06,8.611377158847567e-05,1.1118495472338707,4.962409834221156,3.976452930339989,-53.17947794120216,44.098470010313186,-0.02369887458199643,53.17947794120216,0.009071864149179376,12.565006056544746,6.543759709132421,-1.4059258694737433,1.4341119942305165,-0.008222689051753013,1.4341119942305165,0.16848879373567865,2.7417327987943896,1.323091170885563,0.051655409082129504,1.5108551380773303,0.7375428889838914,0.22161426963193379,0.8181052842567748,0.49558906569764916,0.0007572607899944961,1.413750693968846,0.8861573567925984,0.0005453855473868165,-0.6054707649704855,0,0,0,0.0001717678531139857,0.6725327170094849,381,0.1623,0.06914,0.5620328119305241,2,2,0,0.1606,380,0.671568442552827,1.082654,1.0826537889432646,621.4950833321259,289.7871522059099,0.6091702506205884,0.6091702857263586,0.6091702876916659,0.7614628571579481,2.971621444669398e-07,377,0.3226,0.3484,-0.01409,0.059889,380,0.2502,0.2686,0.08358,0.032611,3,0.054,-0.8512,-0.001022,7.118,0.042,0.6946,-0.002169,6.946,0.0815,-0.9688,0.002914,7.198,4.0922,1.7393,1.6973,1.7589,0.3499,1.0,0.42115,0.54555,1.28611,0.16829,0.933,1.0421,1.117,0.5,1.75,2.9167,2.03,19.8999,28.6221,16.3555,59,0.2841,0.1121,62,0.1888,0.0599,-4.0
59,1218,214881,6.312353080356464e-11,9.167422292651976e-05,8.28673229590254e-06,9.167422292651976e-05,1.1093546986081315,4.966869114786093,3.9767102030733255,-53.927994172565086,40.893924611618246,-0.037741420659864994,53.927994172565086,0.005768445625000451,12.561023755335322,6.71616471206652,-1.4175459663986496,1.4462184805984084,-0.008384423922587739,1.4462184805984084,0.17101109702466605,2.749576201711702,1.327226857678338,0.06688363786361051,1.5349524948102218,0.7354250193379024,0.2348786816957374,0.8314113318941825,0.5044506392469377,0.00045054486435847085,1.4133664216360269,0.9399929279756002,0.0006512349899333033,-0.6103908665765586,0,0,0,5.3364773547646456e-05,0.6798057623227703,381,0.065,0.12327,0.5686577720082119,2,2,0,0.0698,377,0.6762634686236768,0.225568,0.22556812341968846,621.4950716605987,289.7871467637773,0.6091702482268997,0.609170285731292,0.6091702876917009,0.7614628571641149,3.163502037626564e-07,377,0.3343,0.346,-0.00843,0.258274,380,0.2492,0.2757,0.08248,0.036851,3,0.0271,-0.9239,-0.000119,7.108,0.0203,0.7209,-0.001966,6.936,0.0846,-0.9313,-0.000933,7.177,4.0844,1.7403,1.6982,1.7571,0.3589,1.0,0.42091,0.54693,1.28623,0.1695,0.9341,1.0408,1.1142,0.5,1.745,2.9083,2.0242,20.1423,28.3078,16.2222,58,0.2943,0.4191,62,0.2122,0.6076,-2.0
60,1218,214881,8.438684695707694e-11,9.581959015728215e-05,9.089814762084788e-06,9.581959015728215e-05,1.1068817031399885,4.971212233218745,3.9769673463410875,-53.62991670372294,31.97142050944482,-0.09416765488211187,53.62991670372294,0.011004302397862986,12.5512189413888,6.868115860361078,-1.4294595802848988,1.4482387725476518,-0.008424929990018044,1.4482387725476518,0.17353816798353058,2.7541032590817087,1.3319929441182534,0.0842456521293189,1.5502083529448,0.7418058651013909,0.24849988450719146,0.8427286413966242,0.5138505685394373,0.00037925036708919,1.4135054072206579,0.9150600753307064,0.0007875218061598561,-0.6151307326115714,0,0,0,9.155415974769917e-05,0.6868096438992372,381,0.1124,0.11131,0.5667710605228905,3,2,1,0.112,372,0.6781830378064432,-0.173943,-0.17394319001822445,621.4961884862762,289.7876675108295,0.609170246442463,0.6091702852313201,0.6091702876916917,0.7614628565391501,3.3065447877867787e-07,377,0.3578,0.3607,-0.0152,0.153539,380,0.2447,0.2713,0.08664,-0.005874,3,0.0457,0.4814,0.013352,7.191,0.0313,-0.0689,-0.00829,7.058,0.0887,-0.9076,-0.001998,7.148,4.1179,1.7462,1.714,1.7358,0.4058,1.0,0.42656,0.54026,1.28614,0.17078,0.9333,1.0416,1.116,0.5,1.7399,2.8998,2.0183,20.4811,27.9157,16.0444,58,0.2766,-0.8706,61,0.2579,-0.8406,1.0
61,1218,214881,3.064749352328797e-10,0.00010285813916090736,1.1059453734488192e-05,0.00010285813916090736,1.10440790400552,4.975132832875563,3.977222879286646,-53.80119439600398,32.7352193608438,-0.05376308643610414,53.80119439600398,0.002688966325108514,12.550447888713526,7.0173945744673665,-1.4331324907514567,1.4617700859300546,-0.00841007772734272,1.4617700859300546,0.17724539537512546,2.7574165643164004,1.3377634112148025,0.051710577674607607,1.495777985997801,0.7369195832305767,0.24941663309134574,0.8522160547653853,0.5230011692893418,0.01215547016335805,1.410774403084856,0.9573996785932617,0.0009746125315795606,-0.6198066381171001,0,0,0,0.00034763463412568993,0.6773188434754356,381,0.2202,0.06385,0.5814260799058512,4,3,1,0.2172,379,0.6753551009942355,-0.263513,-0.2635127139207811,621.4980178504983,289.7885204962553,0.6091702434126236,0.6091702842898272,0.6091702876915961,0.761462855362284,3.5494207632781826e-07,377,0.3884,0.3928,-0.02289,0.179483,380,0.2467,0.2725,0.08523,0.002532,3,0.0875,0.878,0.002072,7.068,0.0561,-0.4837,0.011765,7.052,0.097,-0.8437,-0.007307,7.141,4.0917,1.7273,1.7235,1.7453,0.3809,1.0,0.43015,0.54523,1.28596,0.16931,0.9363,1.0386,1.1092,0.5,1.7375,2.8958,2.085,20.4528,27.8386,16.0222,57,0.2368,-0.8822,61,0.2343,-0.8945,-0.0
62,1218,214881,3.8529456304804503e-10,0.00010791180113651983,1.2986033115886687e-05,0.00010791180113651983,1.1019579946860665,4.978941880200941,3.977478737404267,-53.25804323353466,32.75566621023757,-0.0311945299452415,53.25804323353466,0.0025270544075034485,12.559064050301052,7.086070171366463,-1.442066434603725,1.46922002830027,-0.008343636561014545,1.46922002830027,0.17934470557188054,2.760210488607433,1.3428087731551097,0.07135400742900111,1.5548384926964207,0.7274788046405365,0.2604267968392136,0.8606171862690611,0.5325751660847899,0.00519212476252906,1.41289343504367,0.9280434583648418,0.0011782048404530834,-0.6243885605609848,0,0,0,0.000678700113189693,0.6785758049061917,381,0.2663,0.05607,0.5904891285388935,4,4,0,0.2681,380,0.6774533761391844,-0.161487,-0.1614870092202818,621.499792596908,289.7893480148017,0.6091702412372743,0.6091702832310304,0.6091702876915621,0.761462854038788,3.7238015087776094e-07,377,0.4173,0.421,-0.0247,0.033603,380,0.2391,0.274,0.08697,-0.04256,3,0.1128,0.9765,-0.00141,7.02,0.0654,-0.5979,0.003012,7.051,0.1012,-0.7565,-0.00481,7.144,4.0831,1.7194,1.727,1.7496,0.3612,1.0,0.43602,0.54143,1.28592,0.16814,0.9384,1.0363,1.1043,0.5,1.735,2.8916,2.082,20.6213,27.6438,15.933,56,0.073,-0.0397,61,0.0374,-0.7257,1.0
63,1218,214881,9.294731302785957e-11,0.00010998987486863463,1.3786565746202905e-05,0.00010998987486863463,1.099481750126394,4.982676625865287,3.977731825197819,-52.39171938246359,32.76322791682156,0.023951450807685147,52.39171938246359,0.00859256400582653,12.55253157671015,7.205058805471563,-1.4551052920147933,1.4699455687875793,-0.008304107877058193,1.4699455687875793,0.18283727522381132,2.7636070085827544,1.3475692849825056,0.08451116077306031,1.4817705986890481,0.7379797542204767,0.2712120684707515,0.8746572593524681,0.5418556006756114,0.007032864132802907,1.4131543094745966,0.9036952919666068,0.0013776566498347718,-0.6288065180162055,0,0,0,0.0010378988285770882,0.680966988873355,381,0.3027,0.05641,0.5910467520471752,2,2,0,0.3061,380,0.6798264354032784,-0.026892,-0.026892168239834868,621.5006084104969,289.7897284076688,0.6091702403427597,0.6091702826962795,0.609170287691688,0.7614628533703494,3.7955063305040153e-07,377,0.4239,0.4274,-0.03683,0.049493,380,0.2252,0.2715,0.1007,0.092765,3,0.1297,0.9998,0.001136,7.007,0.07,-0.6851,0.002892,7.052,0.0973,-0.669,0.000338,7.148,4.0816,1.7168,1.7278,1.7514,0.356,1.0,0.43603,0.54898,1.28615,0.16854,0.9353,1.0394,1.1112,0.5,1.7335,2.8892,2.0802,20.6538,27.5824,15.9114,56,0.1821,0.986,61,0.1769,0.9684,3.0
64,1218,214881,4.7315496432599714e-11,0.00012035885774586865,1.5571907433699167e-05,0.00012035885774586865,1.0970002145400737,4.986475661746822,3.977982138267345,-53.21493190186771,32.881655172065635,0.014177028883118498,53.21493190186771,0.0038720028280181396,12.55992500813261,7.311996301794887,-1.4638449495827621,1.4766011333238114,-0.008399075862871854,1.4766011333238114,0.18679379913381416,2.7670668559047265,1.3524357685106903,0.05193138063448276,1.5273240694739854,0.741519929545513,0.2801254364481169,0.8885440148765218,0.5508925535635468,0.002410069611047727,1.4126828515148027,0.8940535897917006,0.0016322282437092655,-0.6331621907804847,0,0,0,0.001468927812388309,0.683642196252451,381,0.3361,0.05332,0.5915160093016105,1,1,0,0.3388,380,0.6824792754240967,-0.063188,-0.06318810666354935,621.501584727073,289.7901836389455,0.6091702358792058,0.6091702820165552,0.6091702876917077,0.761462852520694,4.1533103790646613e-07,377,0.4187,0.4221,-0.04706,0.062415,380,0.2285,0.2746,0.10368,0.01322,3,0.1417,0.9821,-0.00019,7.001,0.0792,-0.6842,-0.000489,7.065,0.0981,-0.5346,-0.002582,7.15,4.0832,1.7146,1.7302,1.7511,0.3545,1.0,0.4381,0.53967,1.28628,0.16914,0.942,1.0327,1.0963,0.5,1.7324,2.8874,2.0789,20.6405,27.5646,15.9112,57,0.2623,0.9885,61,0.2752,0.9524,4.0
65,1218,214881,3.694733789929206e-11,0.00012882503545868192,1.6932734864108245e-05,0.00012882503545868192,1.0945200232637216,4.990403528824372,3.9782277603804115,-53.70213090401161,32.89637498729118,0.0565592675518334,53.70213090401161,0.014838380254200707,12.553919729963956,7.39392324842919,-1.4788653432469407,1.482538103335004,-0.008466820751020919,1.482538103335004,0.18899042098428162,2.770019395088469,1.3564058222312194,0.051973540153581535,1.4838899286584954,0.7300962767346186,0.2893060996643069,0.9013981766367798,0.5598330894574434,0.0027569402273898147,1.413364890265454,0.8328479123049116,0.0018764455367563117,-0.6374670771329762,0,0,0,0.0020011149049134593,0.6864192953058711,381,0.3661,0.05467,0.5928769844276394,1,1,0,0.3668,380,0.6852368862299,0.019504,0.019504211847258812,621.5023840277474,289.79055633226585,0.6091702322347632,0.6091702814278099,0.6091702876917121,0.7614628517847624,4.4454531952026305e-07,377,0.4179,0.4206,-0.04916,0.004446,380,0.2386,0.2791,0.0997,0.020412,3,0.1539,0.9597,-0.000463,7.0,0.0901,-0.6959,-0.000245,7.051,0.1024,-0.466,0.001211,7.144,4.079,1.7161,1.7285,1.7513,0.3534,1.0,0.4387,0.54491,1.28628,0.16954,0.9423,1.0322,1.0954,0.5,1.7313,3.0008,2.0083,20.6762,27.5078,15.8885,57,0.2546,0.8827,61,0.2747,0.8978,1.0
66,1218,214881,3.886269123818724e-11,0.00010381740678027709,1.8061565912706296e-05,0.00010381740678027709,1.0920108483114401,4.994112784747788,3.9784659331182817,-50.12876153582954,32.94282058586243,0.03836338853389,50.12876153582954,0.00013001933484702022,12.555534753161247,7.446487508560488,-1.4912371528269583,1.4891767899520634,-0.008471367188416542,1.4912371528269583,0.1916524332659448,2.7721097612814725,1.3604435588231552,0.06305196167584304,1.5449879374862614,0.7373583214388577,0.2978047126824599,0.9140955367338668,0.568161568585021,0.00011956519660094589,1.413984894295335,0.8290709280878349,0.002104708858141669,-0.6416370671840066,0,0,0,0.002531730535654108,0.6892513281828189,381,0.3936,0.05001,0.5956312975635328,0,0,0,0.3924,380,0.688046456353127,0.007808,0.007808069436730181,621.5032600491076,289.7909647984662,0.6091702430001965,0.609170280749195,0.6091702876917112,0.7614628509364937,3.5824928790473657e-07,377,0.4203,0.4257,-0.05327,0.054534,380,0.2342,0.2871,0.09717,0.056366,3,0.1662,0.9313,0.001144,6.992,0.0944,-0.7626,0.002437,7.054,0.1005,-0.4745,0.00036,7.149,4.0792,1.714,1.7293,1.7526,0.3522,1.0,0.43791,0.54532,1.28627,0.16897,0.9432,1.0313,1.0933,0.5,1.7295,2.9977,2.0062,20.704,27.4406,15.8662,57,0.1506,0.5613,61,0.1388,0.8292,4.0
67,1218,214881,2.521572723537424e-11,8.703644340715211e-05,1.8564040007416946e-05,8.703644340715211e-05,1.0895206299273996,4.99764443923635,3.9786978676500464,-52.075575825833255,32.89624172252272,0.03476328911483719,52.075575825833255,0.015591900267757808,12.562602529098648,7.459855386314699,-1.4935066954682283,1.497763227969463,-0.008650751233904868,1.497763227969463,0.1946762955586933,2.7737775014925385,1.3651406517335634,0.07182218608525714,1.4878742327330996,0.7397700449786696,0.31166388048888255,0.928126778955428,0.5764522778747144,0.0035168410407948603,1.4136039861189877,0.8495213699361776,0.0023182611814982434,-0.6457238198716545,0,0,0,0.0031334127774517526,0.6922486612798883,381,0.4138,0.0426,0.601922285527344,0,0,0,0.4126,380,0.6910162528656028,-0.005761,-0.0057607509488688535,621.5038878859013,289.7912575425947,0.6091702502241669,0.6091702802413821,0.6091702876917171,0.7614628503017276,3.003418534610526e-07,377,0.425,0.4308,-0.05501,0.052,380,0.2155,0.2874,0.09509,0.001325,3,0.1765,0.8888,-0.000217,6.983,0.0913,-0.8012,0.00287,7.058,0.0936,-0.438,-0.000147,7.165,4.0814,1.711,1.7293,1.7556,0.3529,1.0,0.44004,0.55115,1.28604,0.16894,0.9438,1.0306,1.0921,0.5,1.7286,2.9963,2.0052,20.694,27.4273,15.8668,57,0.1682,-0.7302,61,0.1051,-0.8053,0.0
68,1218,214881,5.427514428268845e-11,6.516140126529619e-05,1.9769340940793748e-05,6.516140126529619e-05,1.0870595740049405,5.001387533602599,3.9789248213172943,-52.91704349723597,32.93809563800784,0.04198410483369484,52.91704349723597,0.003931740346182266,12.564755180073183,7.517350228087986,-1.5005628708669718,1.5131900978400616,-0.008623887151345502,1.5131900978400616,0.1986820359450577,2.775578114399599,1.3693972438380773,0.06939267114732695,1.4981316632879524,0.7464551290485997,0.32578423327544254,0.9421660171170523,0.5849474915560879,0.0042077377841553965,1.413693748647341,0.8686917334903312,0.0025286842528337624,-0.649724326311422,0,0,0,0.0038032842016239134,0.6951538541316465,381,0.4333,0.03558,0.6065671638513617,1,1,0,0.4319,380,0.6938959914153245,-0.023178,-0.023177843709270007,621.5046403890666,289.79160841544166,0.6091702596410098,0.609170279609125,0.6091702876917047,0.7614628495114062,2.24856066818476e-07,377,0.4381,0.4381,-0.0616,-0.062524,380,0.1976,0.2758,0.09081,-0.125729,3,0.1904,0.8412,-0.000421,6.965,0.089,-0.7613,0.002698,7.072,0.0899,-0.2898,-0.002687,7.182,4.084,1.7054,1.7317,1.7586,0.3504,1.0,0.43886,0.53692,1.2859,0.17034,0.9473,1.027,1.0841,0.5,1.7277,2.9948,2.0042,20.7823,27.3367,15.8226,57,0.2127,-0.9762,61,0.1697,-0.9865,1.0
69,1218,214881,1.7015706648453281e-10,9.033771750342932e-05,2.1333831222329022e-05,9.033771750342932e-05,1.084661879149345,5.005302819720661,3.9791479954506337,-51.84177298027308,32.918240025885545,0.029011693223398465,51.84177298027308,0.025232560886742306,12.552164108409183,7.5618974055108295,-1.5189525203959775,1.5303368424737809,-0.008847653001413953,1.5303368424737809,0.20220083089545476,2.7769551913316355,1.3735355713878696,0.05240658955319776,1.516222754077776,0.7502435836081505,0.3394449079872649,0.9539928000872203,0.5936344088871491,0.0017160221587797508,1.4134564787255752,0.8309904804047171,0.002747404332104888,-0.6537408792728923,0,0,0,0.004460635252921594,0.698104703201687,381,0.4492,0.03287,0.609218251109915,3,3,0,0.4495,380,0.6968246707567346,0.007135,0.007134784724151411,621.5057583881554,289.7921297096253,0.6091702488031822,0.6091702786222474,0.6091702876916548,0.7614628482778092,3.117328189483567e-07,377,0.4722,0.4767,-0.06004,0.045293,380,0.1783,0.2674,0.08995,-0.033909,3,0.2126,0.7829,-0.001688,6.937,0.0828,-0.8019,0.002592,7.073,0.0868,-0.2561,-0.002927,7.195,4.0815,1.6997,1.733,1.7628,0.3527,1.0,0.44389,0.54286,1.28607,0.16925,0.9473,1.027,1.0842,0.5,1.7267,2.8778,2.072,20.7692,27.3195,15.8218,57,0.1602,-0.9712,60,0.1161,-0.9823,-2.0
70,1218,214881,6.632163358327749e-10,0.00010868581843964801,2.3785841493372542e-05,0.00010868581843964801,1.0822658396008125,5.0090727746202734,3.979367415080015,-52.26278034973507,32.905527635579546,-0.0026023600044346035,52.26278034973507,0.047882417678963174,12.565180389006516,7.581021967592714,-1.531372932706824,1.5489925493345058,-0.008917192351268314,1.5489925493345058,0.20591329943740233,2.777739426569919,1.3780793065989914,0.08088536505338273,1.4981405214010581,0.7375178748394612,0.34111636853933186,0.968119349024104,0.6019443136801645,0.0001993958102637361,1.4136747769985498,0.8752407649038763,0.0029603949185652233,-0.6576457435305055,0,0,0,0.005249967778712594,0.7011678941762671,381,0.462,0.03355,0.6097397290828499,3,3,0,0.4633,380,0.6998659240665273,-0.014616,-0.014615847878586274,621.5068752767681,289.7926504860226,0.609170240904822,0.6091702775796158,0.6091702876914425,0.7614628469745197,3.7504684213822116e-07,377,0.4888,0.4941,-0.06141,-0.097071,380,0.1771,0.2739,0.07248,-0.032996,3,0.2263,0.7187,0.00057,6.924,0.0837,-0.8042,-0.000395,7.083,0.0884,-0.1647,-0.00266,7.188,4.0795,1.6974,1.7363,1.7619,0.3543,1.0,0.4487,0.53542,1.28596,0.16998,0.9503,1.024,1.0776,0.5,1.7252,2.8753,2.0702,20.7514,27.2961,15.822,57,0.0824,-0.464,60,0.0125,0.5061,-1.0
71,1218,214881,2.186365444875465e-11,0.00010907065185294819,2.6122027326615503e-05,0.00010907065185294819,1.079906083945904,5.0130319261764695,3.979585270151976,-52.99472474286862,42.77556040886816,0.02376149980998315,52.99472474286862,0.011587448214068985,12.558014792393838,7.637468449987407,-1.5461641495380896,1.5635286767851937,-0.009072985258265708,1.5635286767851937,0.20970407566715812,2.7781546363708265,1.382300129430602,0.05248947490315808,1.5108238582304936,0.7459624118133984,0.3533443566522966,0.969512558439385,0.6106967213217626,0.007945109776701265,1.4137317602110975,0.9285524903691221,0.003164970206332533,-0.6614016828249962,0,0,0,0.0060742059355646935,0.704188988052572,381,0.4747,0.0342,0.6097792625336091,1,1,0,0.4776,379,0.7020460576141305,-0.006166,-0.006166151300722955,621.5079519554561,289.79315251356746,0.6091702407392746,0.6091702765208733,0.6091702876917187,0.7614628456510916,3.763741513797216e-07,377,0.4975,0.5038,-0.06714,-0.09232,380,0.1843,0.2888,0.07483,-0.069451,3,0.2366,0.6442,8.2e-05,6.913,0.0882,-0.8348,0.001499,7.086,0.0922,-0.1167,-0.000851,7.192,4.0787,1.6949,1.7372,1.7633,0.3528,1.0,0.44995,0.54876,1.28592,0.17011,0.9478,1.0263,1.0828,0.5,1.7229,2.8716,2.0675,20.8721,27.1458,15.7559,57,0.1669,0.8402,60,0.1766,0.9976,1.0
72,1220,214883,0.0,0.00011289888372527495,2.7224282446125183e-05,0.00011289888372527495,1.075483609807723,5.015009757027569,3.979482106234044,-53.58307431914886,46.58051671712953,0.04079480341735345,53.58307431914886,0.009811338832685475,12.560018820876907,7.637190577386307,-1.5573623676009702,1.5806681806117646,-0.009644433313646568,1.5806681806117646,0.21367305748182716,2.7784678404834806,1.3874938224096707,0.08157767513766645,1.5006988503727996,0.7482876337736469,0.0,0.9824678926540373,0.6189658818730057,1.0,1.0,1.0,0.0033540378798970058,-0.6651485358365264,0,0,0,0.006898501726026723,0.7072189651885956,381,0.4848,0.03101,0.612559517095655,0,0,0,0.4877,378,0.7042370486713131,0.000932,0.0009322056674150314,621.5084680649763,289.79339316214555,0.6091702390913664,0.6091702759946771,0.609170287691728,0.7614628449933464,3.895840498410039e-07,378,0.4891,0.4934,-0.06909,-0.144378,381,0.1696,0.2714,0.07451,0.005412,3,0.2375,0.5814,9.4e-05,6.909,0.0834,-0.754,-9.1e-05,7.092,0.0841,0.0961,-0.001189,7.192,4.0792,1.6938,1.7385,1.7632,0.3548,1.0,0.45655,0.54477,1.28664,0.17012,0.9461,1.0282,1.0867,0.4992,1.7231,2.8718,2.0677,20.972,27.1476,15.7551,57,0.2561,0.9892,60,0.3018,0.9988,4.0
73,1223,214886,0.0,0.000125138647287259,2.886495291640254e-05,0.000125138647287259,1.0684691672384539,5.01907261517832,3.979458787249388,-54.31914231595905,45.66394346084699,0.06503302210578231,54.31914231595905,0.003774547888966001,12.565396485426682,7.717153883899922,-1.5723451833515885,1.59247244880111,-0.009987953170048722,1.59247244880111,0.2181066407955429,2.7788310112629717,1.3899250662804628,0.052587324829544806,1.5351332183394897,0.7443034837879248,0.0,0.9954729991502947,0.6264100367029019,1.0,1.0,1.0,0.003583422536477944,-0.6688028414181894,0,0,0,0.007584727730064401,0.7101823582003287,381,0.4906,0.02958,0.613725656704534,0,0,0,0.4955,377,0.7063545751209129,0.038709,0.03870890858977338,621.5089499442562,289.7936178500441,0.6091702338224674,0.6091702754924482,0.609170287691728,0.7614628443655602,4.318198869100456e-07,380,0.4771,0.4808,-0.0656,0.03934,382,0.1697,0.2284,0.0577,0.321976,3,0.2343,0.5146,0.001697,6.905,0.086,-0.5066,-0.006136,7.073,0.0835,0.4785,-0.000669,7.133,4.0634,1.6994,1.7407,1.7555,0.3543,1.0,0.45904,0.55765,1.28803,0.17101,0.9459,1.0283,1.087,0.4996,1.7236,2.8726,2.0683,21.126,27.1557,15.7552,57,0.2124,0.9465,60,0.2789,0.9784,0.0
74,1225,214889,0.0,0.00013987290132974733,3.083437381363896e-05,0.00013987290132974733,1.060778538363228,5.025778413310485,3.9792855932829947,-51.1868303806415,57.31295280653694,0.04983284938095436,57.31295280653694,0.014522556705917233,12.557750157067055,7.740103457490575,-1.591328607303583,1.6055086245387653,-0.009672677565818945,1.6055086245387653,0.22228238337215808,2.779127299401803,1.3941773835452942,0.06565880544907099,1.5068441448456293,0.7478295691023513,0.0,1.0085692042973726,0.6344228554769357,1.0,1.0,1.0,4.295290516818335e-06,-0.6724134878046215,0,0,0,0.008325426536147594,0.7130422950834688,381,0.4983,0.02842,0.6159723900562104,0,0,0,0.5028,376,0.7083740955017203,0.046977,0.046977393895150765,621.5094080247532,289.79383144118304,0.6091702274797879,0.6091702750052448,0.609170287691728,0.7614628437565559,4.826634874667308e-07,382,0.4682,0.4726,-0.0592,-0.021535,382,0.1713,0.1956,0.06299,0.642415,3,0.2335,0.4249,0.000866,6.895,0.0882,-0.2184,-0.007548,7.044,0.0828,0.7906,-0.001294,7.063,4.042,1.7059,1.7427,1.7473,0.3588,1.0,0.46664,0.56555,1.28966,0.17041,0.9456,1.0284,1.0876,0.5004,1.7206,2.8677,2.0647,21.3847,26.9562,15.6667,57,0.1774,0.4777,60,0.1712,0.859,1.0
75,1227,214892,0.0,0.00015657230796513707,3.2844207144833105e-05,0.00015657230796513707,1.0525422249248855,5.033818343540916,3.980291283582915,-51.90425572650942,45.33193605585394,0.025751085441723953,51.90425572650942,0.0038784591580431627,12.565349554559127,7.775956163931541,-1.6120487433746478,1.6168970666136953,-0.009507093756282064,1.6168970666136953,0.2260501938694377,2.7793071185565963,1.3970870833272175,0.09147600001158296,1.487480713062198,0.7611150062066023,0.0,1.0218300643400515,0.6424571640472425,1.0,1.0,1.0,2.9159804690640405e-05,-0.6759049970338545,0,0,0,0.008934788885822154,0.7158151557744512,381,0.5063,0.02584,0.6184554240459245,0,0,0,0.5107,376,0.7110737969160296,0.045485,0.045484535378552904,621.5101865154533,289.7941944313483,0.609170220291253,0.6091702741553926,0.609170287691728,0.7614628426942407,5.402879387296655e-07,384,0.4536,0.455,-0.05573,0.014424,382,0.1897,0.2291,0.06205,-0.194406,3,0.2299,0.2965,-0.000326,6.892,0.0982,-0.1805,0.001185,7.049,0.0879,0.8859,-0.000488,7.073,4.0445,1.7041,1.7429,1.7488,0.3607,1.0,0.47085,0.55885,1.2917,0.17083,0.9442,1.0297,1.0905,0.5004,1.7183,2.8638,2.0619,21.5521,26.8433,15.622,57,0.2039,-0.2987,60,0.1221,-0.2378,-1.0
76,1227,214892,7.081256999165092e-24,0.00013615396067937985,3.434731796569124e-05,0.00013615396067937985,1.0505630803447725,5.038405253235667,3.980513929238306,-53.392028567848904,56.90310140439214,0.10750726135346159,56.90310140439214,0.011005379645377844,12.564650953806655,7.8012143236651,-1.632927532958421,1.627466190579845,-0.009499818021127135,1.632927532958421,0.22951212147768643,2.7792723788609006,1.4001083993599626,0.07625541282330428,1.5113028958406387,0.7598789047696906,1.4142115624116159e-08,1.0356373942573072,0.6515150466886176,0.00682066881721477,1.4136644377344803,0.9472223775776873,0.00011156825274104523,-0.6793705433086735,0,0,0,0.0095082836359948,0.7185046928031942,381,0.5103,0.02041,0.62435140927411,0,0,0,0.5169,376,0.7136912752974227,0.038851,0.038850948820554176,621.5106492068828,289.79441017244636,0.6091702290808821,0.609170273637228,0.609170287691728,0.7614628420465349,4.6982949256460625e-07,384,0.4317,0.4333,-0.04105,0.043401,382,0.2106,0.2485,0.05422,0.006237,3,0.2207,0.1977,0.002502,6.905,0.1093,0.0307,-0.002483,7.034,0.0925,0.9859,0.003397,7.041,4.0378,1.7102,1.7419,1.7438,0.3568,1.0,0.47198,0.56183,1.29219,0.17117,0.9445,1.0294,1.0899,0.5004,1.716,2.86,2.0592,21.5729,26.7701,15.6003,57,0.2558,-0.7312,59,0.2554,-0.8199,4.0
77,1227,214892,5.353130319378763e-13,0.00012960592718231305,3.577989166191646e-05,0.00012960592718231305,1.0486209498081993,5.0430956904770055,3.9807363984332893,-54.236208502297856,52.742156293163475,0.10750903919968376,54.236208502297856,0.006669361709148669,12.545464351889954,7.8384609546696,-1.6526313686902647,1.6427195638518017,-0.009341565293233971,1.6526313686902647,0.23315660971484278,2.7789829912525414,1.4043860124829801,0.06469764339887418,1.508904500720003,0.756021815693495,0.005166182701517877,1.0487697306062784,0.6609872704912321,0.005689186354918774,1.4137343716022723,0.8813480761278323,0.00022378793237408238,-0.6827662622383361,0,0,0,0.010238015503541455,0.7212430790579967,381,0.5153,0.01657,0.6301697827302997,2,2,0,0.5224,375,0.7155825351438801,0.00175,0.0017497891145406008,621.5110199941793,289.7945830610139,0.6091702318996827,0.6091702732149673,0.6091702876917279,0.7614628415187091,4.472337812988919e-07,384,0.4217,0.4255,-0.04335,-0.034155,382,0.2163,0.2639,0.07226,-0.229726,3,0.2175,0.1173,0.00076,6.913,0.1137,0.0143,0.002235,7.022,0.093,0.9947,0.003953,7.048,4.0383,1.7119,1.7388,1.7453,0.3591,1.0,0.47888,0.57701,1.29217,0.1717,0.9468,1.027,1.0848,0.5004,1.7138,2.8564,2.0566,21.5455,26.736,15.6004,57,0.2286,-0.9903,59,0.2616,-0.9283,-1.0
78,1227,214892,3.5423592581339673e-12,0.00014721317684750915,3.661052414383886e-05,0.00014721317684750915,1.0467763986832308,5.047632511341856,3.9809573948640367,-53.890612114893514,56.55529565868759,0.09071955822436648,56.55529565868759,0.0031107710607631844,12.557275803238285,7.879737370160783,-1.660891659206974,1.6577962344189652,-0.009537511382447383,1.660891659206974,0.23687445235513777,2.7785751172803748,1.4088213726222896,0.053097553461165486,1.499900959523595,0.7748445647062551,0.011086561346046356,1.0607582366680288,0.6698007512705564,0.003340668564916882,1.4138294472381738,0.9500086986500803,0.00028014638915813025,-0.686033676087885,0,0,0,0.01105299551058856,0.7240782740606454,381,0.5208,0.0164,0.6333666651643465,2,2,0,0.5306,373,0.7167996397766955,-0.005024,-0.00502394549637919,621.5109762890113,289.7945626824196,0.6091702243201953,0.6091702732650621,0.6091702876917265,0.7614628415813276,5.079915077938756e-07,384,0.4154,0.415,-0.05674,-0.019914,382,0.2036,0.2675,0.08323,-0.217397,3,0.2166,0.0028,0.001583,6.914,0.1079,-0.1106,0.006164,7.022,0.086,0.9936,0.003946,7.076,4.0438,1.7097,1.7365,1.7498,0.3621,1.0,0.48526,0.57132,1.2922,0.1715,0.9474,1.0264,1.0834,0.5004,1.7118,2.8529,2.0541,21.5193,26.7035,15.5997,57,0.159,-0.4968,59,0.0673,-0.9993,2.0
79,1227,214892,6.216210865802478e-12,0.0001474977645689359,3.73297578425654e-05,0.0001474977645689359,1.0450041617147523,5.051745982780131,3.981182080239377,-53.19690929867821,56.38325238733784,0.11414533558496047,56.38325238733784,0.010878795634084781,12.564231640230583,7.897950642813527,-1.6944744123271982,1.6721286695220348,-0.009908480863302276,1.6944744123271982,0.2403728384128173,2.777529040261332,1.413207561302038,0.08448584296529149,1.4994871610587546,0.7700673575157185,0.01694786657458701,1.0735471481817853,0.6793008381980059,0.009636438258373459,1.4138266548230696,0.9715456438123019,0.0003499445961814866,-0.6892420566746043,0,0,0,0.011534195732163315,0.7269928915072488,381,0.518,0.02024,0.6354554046152315,4,4,0,0.534,372,0.7188465777977581,-0.002629,-0.0026291700192153655,621.511402365609,289.7947613509645,0.6091702241977367,0.6091702727729688,0.6091702876917253,0.7614628409662109,5.089731915143365e-07,384,0.4127,0.4105,-0.07,0.020649,382,0.1889,0.2715,0.08247,-0.066666,3,0.214,-0.1414,0.000488,6.914,0.0988,-0.2168,0.004259,7.03,0.0786,0.9971,0.001515,7.103,4.0508,1.7069,1.7355,1.7535,0.3594,1.0,0.48366,0.5696,1.29199,0.17197,0.9416,1.0321,1.0961,0.5004,1.7097,2.7355,2.12,21.5418,26.6328,15.5775,57,0.2005,0.4792,60,0.128,0.9504,1.0
80,1229,214895,0.0,0.0001553778599298655,3.760636281800774e-05,0.0001553778599298655,1.0446975158314198,5.048868582368219,3.981937266245907,-53.310497540592195,55.39344573578033,0.13905417339049977,55.39344573578033,0.0055139018368165205,12.565212841847814,7.851903340101293,-1.7323348189010597,1.6851257389475418,-0.010434243185212057,1.7323348189010597,0.24374759385259384,2.7759262663986712,1.4169569821302177,0.07899316995402073,1.5144092947115286,0.7720011947584283,0.0,1.0841905275212587,0.6878950313725427,1.0,1.0,1.0,2.29362750406618e-05,-0.6923457770708884,0,0,0,0.012060448533021647,0.7298996510552391,381,0.5167,0.0215,0.6372240214406439,1,1,0,0.5326,372,0.7216414842247904,0.001316,0.0013162181064541034,621.5111352186452,289.79463678721504,0.6091702208055092,0.6091702730824703,0.609170287691728,0.7614628413530878,5.361654088993835e-07,384,0.4036,0.3997,-0.08028,0.027555,384,0.1692,0.2588,0.06269,0.079908,3,0.2087,-0.2894,0.0009,6.916,0.0889,-0.0628,0.000196,7.04,0.0694,0.9735,-0.000454,7.105,4.0534,1.7062,1.7368,1.7528,0.3589,1.0,0.48372,0.5738,1.29355,0.17246,0.9418,1.0318,1.0956,0.5004,1.7122,2.7395,2.1231,21.6225,26.7101,15.5999,57,0.1919,0.9257,61,0.2256,0.9848,2.0
81,1229,214895,8.646188861464403e-24,0.00015792150300566695,3.777465372176269e-05,0.00015792150300566695,1.0430987608724611,5.052906998651564,3.98216037125157,-53.350523129755416,55.92124315238076,0.08937909458197058,55.92124315238076,0.005337580395168781,12.550565264703883,7.873659817502202,-1.7566354149247156,1.686454141854684,-0.010431178818875031,1.7566354149247156,0.24505368402826677,2.7741630882357695,1.4186135736413994,0.08936026864567914,1.5142082693561483,0.7682469585133544,1.4142115624116159e-08,1.098141435150149,0.6967353047908708,0.008919299554506988,1.4137009158174085,1.011977301731957,0.00012589703706566405,-0.6953751533462081,0,0,0,0.011984104487369673,0.7326755158999453,381,0.5115,0.01864,0.6390151210481622,0,0,0,0.5297,370,0.7227646480202591,-0.020546,-0.020546156909884372,621.5110375818143,289.79459126167524,0.6091702197105313,0.6091702731947787,0.609170287691728,0.7614628414934733,5.449428932338799e-07,384,0.3959,0.3876,-0.08257,0.023291,384,0.1636,0.2423,0.06914,0.053944,3,0.2027,-0.3917,0.00111,6.916,0.0846,-0.0306,-0.000636,7.037,0.0654,0.9317,0.000575,7.092,4.0503,1.7074,1.7374,1.7511,0.3598,1.0,0.4872,0.5742,1.2941,0.17292,0.9419,1.0317,1.0953,0.5004,1.7102,2.7363,2.1206,21.597,26.6786,15.5997,57,0.1844,0.885,61,0.2076,1.0,2.0
82,1229,214895,7.575590502653135e-12,0.0001646238713708982,3.7986727211372194e-05,0.0001646238713708982,1.0415821259808422,5.056981942992052,3.9823860962102327,-54.19374754783128,43.964193431062334,0.06711841226862705,54.19374754783128,1.9066829684888376e-05,12.55977474381054,7.882681199667496,-1.7933794823113274,1.7010996868985433,-0.010595981070124983,1.7933794823113274,0.24838167927589339,2.771797475808054,1.4228334867538508,0.0676935781506034,1.4797313871831053,0.7621831167650824,0.014137022953123992,1.1122460523680984,0.7068550777994294,0.0024019125498386806,1.4139296354710742,0.9341706453794516,0.00030717906174120116,-0.6983215142930659,0,0,0,0.012512230475421222,0.7354202347333334,381,0.5106,0.01782,0.6436264306382775,0,0,0,0.5275,370,0.7253855126924024,0.008168,0.008168228384314524,621.5107373005128,289.79445124823735,0.6091702168252855,0.6091702735374651,0.6091702876917248,0.7614628419218313,5.680711644471126e-07,384,0.3923,0.3827,-0.07855,0.056799,384,0.1438,0.2412,0.08764,0.065541,3,0.2006,-0.4706,4e-05,6.909,0.074,-0.0849,0.003225,7.043,0.0568,0.9191,0.000169,7.111,4.0538,1.7043,1.7373,1.7542,0.3616,1.0,0.48912,0.56441,1.29432,0.1735,0.9449,1.0286,1.0886,0.5004,2.0496,2.6189,2.1179,21.6184,26.6069,12.9815,57,0.1878,0.3146,61,0.0961,0.9784,1.0
83,1229,214895,2.5304090782417205e-11,0.00017423050791026744,3.863571635108287e-05,0.00017423050791026744,1.0401870054060296,5.060977888436395,3.9826092943816187,-54.337281408685136,55.52110245381955,0.07550536156793307,55.52110245381955,0.022592674490256866,12.56600931954779,7.852485446450635,-1.8407628914407783,1.7170531022675806,-0.010696562235885132,1.8407628914407783,0.2503981261117683,2.770404032275827,1.426955125375924,0.09523883359474439,1.5208985943596436,0.7656989564514883,0.026964064506461327,1.1263526938955917,0.7161967842621293,0.000271552872948444,1.4136231969967932,0.9452865845741318,0.0005954095074115711,-0.7011462969399989,0,0,0,0.013128899077984632,0.7381964549380442,381,0.5112,0.0202,0.6494408091734921,0,0,0,0.5272,369,0.7272933503139013,-0.001516,-0.0015162520691123227,621.5110066752509,289.7945768507406,0.609170212689937,0.6091702732302438,0.6091702876917171,0.7614628415378046,6.012207329884068e-07,384,0.4013,0.3965,-0.06813,0.008808,384,0.1257,0.245,0.08978,0.062709,3,0.2054,-0.5477,-0.001253,6.903,0.0648,-0.0519,0.00271,7.044,0.0509,0.864,-3.8e-05,7.132,4.057,1.7015,1.7361,1.7581,0.3609,1.0,0.48759,0.56426,1.29412,0.17301,0.9448,1.0286,1.0888,0.5004,2.0468,2.6154,2.1151,21.6379,26.533,12.9632,57,0.1679,-0.0897,61,0.0289,-0.5582,2.0
84,1229,214895,4.864516993545879e-11,0.00019518681200967188,4.044080358674474e-05,0.00019518681200967188,1.0389349604218845,5.064931132867153,3.9828297123658323,-56.279968653444904,52.86674091663462,0.08008001467453661,56.279968653444904,0.0035056322140682994,12.544535772533411,7.800215088402075,-1.8653705344480473,1.7321147067170615,-0.010877749577293018,1.8653705344480473,0.25244870443010464,2.7685607775800682,1.4311705561873524,0.07449920531425303,1.4716970632964004,0.7715078595209729,0.0371242663776827,1.1402844470186657,0.7256496500986231,0.006577239078899844,1.4139154084654084,0.9346461022824445,0.0005656295444533718,-0.7039072799707949,0,0,0,0.0138283637073206,0.7410088397287022,381,0.511,0.02172,0.6557065599305885,0,0,0,0.5269,368,0.7292408483733552,0.003352,0.0033522510032426567,621.5118191086448,289.79495566750984,0.6091702036688771,0.6091702722836724,0.6091702876917071,0.7614628403545904,6.735341944102553e-07,384,0.4142,0.4108,-0.05555,0.046515,384,0.121,0.2445,0.09156,-0.103533,3,0.2118,-0.6196,-0.001889,6.891,0.0619,-0.1208,0.002969,7.058,0.0502,0.8541,-0.002534,7.163,4.0635,1.6958,1.7369,1.7628,0.3623,1.0,0.48722,0.56315,1.29414,0.17353,0.9435,1.0299,1.0916,0.5004,2.044,2.6118,2.1121,21.7054,26.4206,12.9259,57,0.1461,-0.6555,61,0.102,-0.9628,2.0
85,1230,214896,0.0,0.00019720836140711727,4.343437025665643e-05,0.00019720836140711727,1.0349341000564796,5.070281515671541,3.9830786679807715,-53.87259926152854,43.81213883179969,0.01870302821916949,53.87259926152854,0.009192064123650923,12.552629623309723,7.851530613147245,-1.912849317488656,1.7480020383514403,-0.011119640756378456,1.912849317488656,0.2543896927158985,2.768287165736046,1.4348515184163961,0.09477595365485303,1.5171516894834258,0.7785360309697982,0.0,1.154152595753319,0.7343985532880366,1.0,1.0,1.0,0.0005274560739466197,-0.7065762321355757,0,0,0,0.014733551146330412,0.7438674738871466,381,0.5138,0.0165,0.6680613455367889,2,2,0,0.5291,367,0.7312279536878816,0.007671,0.007671016146198806,621.5131134562823,289.79555918848035,0.6091702027989044,0.6091702707136857,0.609170287691728,0.761462838392107,6.805085694182594e-07,385,0.4113,0.408,-0.04636,0.018789,384,0.1428,0.2673,0.09697,-0.275849,3,0.2117,-0.6919,-0.001608,6.89,0.0737,-0.2233,0.002301,7.068,0.059,0.8583,-0.000849,7.191,4.0706,1.6925,1.7362,1.7666,0.372,1.0,0.49186,0.55281,1.29513,0.17463,0.942,1.0312,1.0947,0.5008,2.0405,2.6073,2.1085,21.8142,26.3002,12.8891,57,0.0927,-0.9996,61,0.0867,-0.9551,-1.0
86,1231,214897,0.0,0.00019461419641963996,4.666934747173232e-05,0.00019461419641963996,1.0307987418752615,5.0757488394791785,3.98360730352059,-54.59695815919712,55.38446750816602,0.026969478745696294,55.38446750816602,0.009476048273885596,12.542438617640434,7.839312201590163,-1.9622762070254143,1.7586843106819723,-0.011357376154000653,1.9622762070254143,0.25553163834493614,2.767222633346337,1.437574599576495,0.0537592620587543,1.5253742738224725,0.7782466421175604,0.0,1.1682639373318195,0.7427481162823033,1.0,1.0,1.0,0.000549176062686811,-0.7091790451618294,0,0,0,0.015081890865618099,0.7466705103059433,381,0.5095,0.0149,0.6760499237715051,2,2,0,0.524,366,0.7331520189482028,0.00038,0.00038025871244040665,621.5142574014577,289.796092580656,0.6091702039158756,0.6091702692627708,0.609170287691728,0.7614628365784635,6.715556261873164e-07,386,0.4104,0.4098,-0.04933,-0.086955,384,0.1729,0.2763,0.10985,-0.230451,3,0.2096,-0.7411,0.000199,6.896,0.0887,-0.2799,-0.005926,7.067,0.0715,0.852,-0.002201,7.157,4.0649,1.6964,1.7385,1.7607,0.3667,1.0,0.48946,0.56054,1.29629,0.17486,0.9466,1.0266,1.0845,0.5004,2.038,2.6041,2.1059,21.8355,26.2673,12.8888,57,0.1101,0.1291,61,0.0488,0.6072,-0.0
87,1231,214897,4.555377403721205e-24,0.00022652460239119338,5.22886710765267e-05,0.00022652460239119338,1.0298357731519696,5.079349370570943,3.983817095143324,-54.73080941620217,53.64515721308014,0.015361380463108738,54.73080941620217,0.0016847853788313216,12.53852444817142,7.824519132845778,-2.0044649426540455,1.774744665103682,-0.011440495843366984,2.0044649426540455,0.25661307395616995,2.7660081899985984,1.439922105824943,0.06742102175109277,1.4970182540412786,0.7723801017413545,1.4142115624116159e-08,1.1823600277497628,0.7516990256870448,0.006139597597866753,1.4136779197965241,1.0113869129141804,0.0006640650055482508,-0.7116997591944071,0,0,0,0.01522837695440681,0.7494109844557714,381,0.5039,0.01726,0.6809265875532786,1,2,-1,0.5204,362,0.7327782582402055,-0.00789,-0.007890222760803978,621.515999716878,289.79690497746725,0.6091701901799278,0.6091702669387086,0.609170287691728,0.7614628336733856,7.81666741433303e-07,386,0.4069,0.4054,-0.06045,0.054939,384,0.2126,0.2975,0.13042,-0.110811,3,0.2054,-0.8367,-0.00071,6.893,0.1083,-0.437,-0.005098,7.049,0.0874,0.8583,-0.001222,7.12,4.0536,1.7004,1.7389,1.7564,0.36,1.0,0.49201,0.5503,1.29658,0.17521,0.9406,1.0325,1.0977,0.5004,2.035,2.6003,2.1028,21.9975,26.0782,12.8148,57,0.179,0.6823,60,0.1749,0.9197,3.0
88,1231,214897,6.472444525972624e-13,0.00023077687805751187,5.3594277125305785e-05,0.00023077687805751187,1.0290320080504198,5.08277461129663,3.9840280963988297,-53.19911389907348,50.64963553697762,0.024522357487961534,53.19911389907348,0.02358180820698148,12.562974404076485,7.855416073292411,-2.050365202256736,1.789179690665595,-0.011619989551429578,2.050365202256736,0.25865692865372303,2.761833784777885,1.4438345721036532,0.05390514909301856,1.5753684570067732,0.7812527738819608,0.005802676739131348,1.1960778247417776,0.7618128948381949,0.01571596484528015,1.4138054741662798,0.9480029627354216,0.0008406700548214945,-0.7141256105423706,0,0,0,0.015280574793811928,0.7521043359910956,381,0.4969,0.02282,0.6817173821382779,2,2,0,0.5105,361,0.7345571167806493,0.001408,0.0014079325254967578,621.5164626702053,289.7971208406815,0.6091701883496445,0.609170266297996,0.6091702876917278,0.7614628328724949,7.963394439118099e-07,386,0.3994,0.3965,-0.07139,-0.03271,384,0.2117,0.2988,0.13251,-0.027106,3,0.1989,-0.9146,9.5e-05,6.893,0.1064,-0.4661,0.001125,7.044,0.0855,0.784,0.001215,7.123,4.0535,1.7005,1.7378,1.7574,0.3564,1.0,0.4932,0.55681,1.29638,0.17481,0.9431,1.03,1.0922,0.5004,2.0334,2.5983,2.169,21.9319,26.0579,12.8149,56,0.1867,0.8965,60,0.2337,0.9793,5.0
89,1233,214900,0.0,0.00022268809868747003,5.139411735636298e-05,0.00022268809868747003,1.0297975755335984,5.078844819624452,3.985007643828879,-51.26447270331116,53.63415596568356,0.029540249009656842,53.63415596568356,0.0031920503641647002,12.564375657982367,7.758421134897026,-2.098399333526207,1.804606807461061,-0.010523791491457749,2.098399333526207,0.26095760690605285,2.756517495184013,1.4486237604415353,0.07867726363919014,1.4867185247437873,0.778738271045299,0.0,1.208955052738409,0.7700418410405439,1.0,1.0,1.0,7.588825128351516e-06,-0.7164829744133183,0,0,0,0.015459242105144985,0.7548420816972252,381,0.4908,0.02782,0.6841095062199166,0,0,0,0.5086,360,0.7363638291582292,-0.016378,-0.01637808746678071,621.5154579938994,289.7966523859931,0.6091701918312445,0.6091702676760823,0.609170287691728,0.7614628345951028,7.684288167375439e-07,386,0.375,0.3706,-0.0719,-0.012767,386,0.1872,0.2995,0.10999,0.000406,3,0.1845,-0.9513,0.001871,6.904,0.0923,-0.4104,0.003181,7.052,0.0705,0.6716,0.00298,7.141,4.0603,1.7003,1.7367,1.7586,0.3571,1.0,0.49734,0.56698,1.29564,0.17541,0.9475,1.0256,1.0824,0.5004,2.0335,2.5984,2.1691,21.8844,26.1719,12.8704,56,0.1292,0.9975,60,0.2105,0.9999,3.0
90,1233,214900,2.2752546024843448e-23,0.00021932162330236187,4.802559315480764e-05,0.00021932162330236187,1.0292924022721086,5.081989874902398,3.985209086635635,-53.251331600564754,52.1186534416248,0.055758686740918315,53.251331600564754,0.004266613827642374,12.566356877710609,7.663699483104278,-2.142127857329388,1.817214250962783,-0.010689757916870216,2.142127857329388,0.26130928942099635,2.7518364702588483,1.450459059537897,0.054003522499972666,1.4931631809649382,0.7825386359600562,1.4142115624116159e-08,1.2229774881949709,0.7790460408464984,0.0036592794919038107,1.4136532457357274,1.0442497060512619,6.99630254441571e-05,-0.7187521757816681,0,0,0,0.015155142350508043,0.7575159954212694,381,0.4784,0.0278,0.689045951525358,1,1,0,0.4977,360,0.7388505526270148,0.007128,0.007127872578667427,621.5135520572879,289.7957636968341,0.6091701932800015,0.6091702701644429,0.609170287691728,0.7614628377055536,7.568144561692151e-07,386,0.3404,0.3331,-0.0607,-0.005961,386,0.1702,0.2921,0.0808,0.11923,3,0.1635,-0.9892,0.002234,6.913,0.0818,-0.2843,0.002678,7.051,0.0582,0.422,0.003709,7.147,4.0631,1.7014,1.7352,1.7591,0.3588,1.0,0.50188,0.56702,1.29585,0.17699,0.9464,1.0266,1.0847,0.5004,2.0326,2.5972,2.1681,21.8749,26.1607,12.8706,56,0.1494,0.4156,60,0.1702,0.8696,3.0
91,1233,214900,1.4274746535915526e-12,0.0001993463722531737,4.43430656619514e-05,0.0001993463722531737,1.0288593093564404,5.085222928473613,3.985410215270015,-54.66498369312935,57.39538597686493,0.015349931883069585,57.39538597686493,0.0017151858823822863,12.558910621382463,7.586451735045428,-2.1871114869040156,1.8347590593599488,-0.010871856004515795,2.1871114869040156,0.26384090191980303,2.7457331110844585,1.4543396182892554,0.06998363586946588,1.502658726462101,0.7911015714717891,0.007335582980271435,1.2370904381421952,0.7894885378939577,0.006028753356594474,1.4137414494368474,0.9960402761277882,0.0001507845713897138,-0.7209288329617476,0,0,0,0.01464427547819362,0.7601987114220674,381,0.4652,0.02904,0.6957906988615066,1,1,0,0.4845,357,0.7391321916056296,0.007795,0.0077954066611931605,621.5114194963509,289.7947693385883,0.6091702018783036,0.6091702727530216,0.6091702876917274,0.7614628409412769,6.878880964903228e-07,386,0.2991,0.2951,-0.04424,-0.092404,386,0.1667,0.2747,0.08892,0.111131,3,0.14,-0.9999,0.004062,6.935,0.0787,-0.2024,-0.002886,7.052,0.0507,0.2146,0.002953,7.117,4.0617,1.7074,1.7362,1.7523,0.3634,1.0,0.50788,0.5635,1.29576,0.17605,0.9425,1.0305,1.0934,0.5004,2.0318,2.5961,2.1672,21.9141,26.112,12.8517,56,0.213,-0.0111,60,0.1297,0.2925,1.0
92,1233,214900,2.002042298209542e-12,0.00020044292817944715,3.93441118481074e-05,0.00020044292817944715,1.0285745458516946,5.088439802894089,3.985608320635822,-65.55627385343973,56.610141566094484,0.021984278136887015,65.55627385343973,0.01865331392165359,12.54586331365206,7.4210084872517275,-2.2321736254227256,1.8520541907272545,-0.011081939715266333,2.2321736254227256,0.26669801332363113,2.7393421864416525,1.4583798242689434,0.05476560753949167,1.493039044525182,0.77904571088956,0.00866579647583811,1.2509220908915262,0.7994489406598483,0.00376323365535558,1.413824819636355,0.9313520699242931,0.00026263743054372104,-0.7230223445074175,0,0,0,0.014642992851705313,0.7628421549585074,381,0.4584,0.02808,0.7015954520089228,0,0,0,0.4806,355,0.7401111948280719,0.00885,0.008849822347297254,621.5077566389436,289.7930614425076,0.6091702014054525,0.609170276716841,0.6091702876917271,0.7614628458960512,6.916760780320244e-07,386,0.2522,0.2644,-0.03775,-0.024269,386,0.1427,0.2607,0.07876,0.115328,3,0.1163,-0.9969,0.006377,6.971,0.0659,-0.2036,0.000243,7.066,0.0364,0.1259,0.006,7.105,4.069,1.7132,1.7365,1.7462,0.3631,1.0,0.50755,0.56507,1.2956,0.17616,0.9396,1.0333,1.0997,0.5004,2.0295,2.5933,2.1648,21.8898,26.083,12.8519,56,0.2563,-0.3037,59,0.1896,-0.4836,3.0
93,1233,214900,3.358393379666108e-12,0.00023471774769857142,3.7787080054070695e-05,0.00023471774769857142,1.02842496110093,5.091482806393158,3.985801113015145,-67.02854713280585,55.85711772532561,0.017009440252131254,67.02854713280585,0.013252243103972106,12.558129989974475,7.434292751015961,-2.2768058169357137,1.8685206664965408,-0.011159987627039993,2.2768058169357137,0.269903480223757,2.7325372061993813,1.4624164158674913,0.057829378609052906,1.4699978922432528,0.7727800065108128,0.01111643948108397,1.2645301070796018,0.8087624612793834,0.001177313774366806,1.4132717218121147,0.9892418271694213,0.00045097682522807995,-0.7250361959183649,0,0,0,0.014522406867704389,0.7655196054446707,381,0.4509,0.03005,0.7086796039841287,1,1,0,0.4816,353,0.7411001195363212,-0.01228,-0.01228023085644292,621.5064413918153,289.7924481766428,0.6091701866505255,0.6091702779913811,0.6091702876917267,0.7614628474892263,8.099512225918993e-07,386,0.233,0.24,-0.0328,0.107766,386,0.1272,0.2889,0.08254,-0.21025,3,0.1054,-0.9762,0.001545,6.952,0.0574,-0.4067,0.001174,7.12,0.0297,0.1987,-0.007448,7.122,4.0791,1.7044,1.7455,1.746,0.365,1.0,0.51196,0.56154,1.29534,0.1777,0.9383,1.0345,1.1025,0.5004,2.0267,2.5897,2.0943,22.0042,25.9718,12.8148,56,0.1358,-0.8974,58,0.1544,-0.9667,2.0
94,1233,214900,4.1261356015097766e-12,0.00020530523832980964,4.000040626699674e-05,0.00020530523832980964,1.028441649302579,5.094433993787267,3.985989496119445,-68.5271267974307,55.105311329799314,-0.017317631312555384,68.5271267974307,0.0006913184375311188,12.552106106341972,7.314818195624564,-2.3170135955478894,1.8791545436794874,-0.01128517661226837,2.3170135955478894,0.27221934934356307,2.7280598969567276,1.4654243382740413,0.056388863895613706,1.4950775918016999,0.7733061545020269,0.012176263762117187,1.2771220404007315,0.8186548795314548,0.003577670223760099,1.4128255392603433,0.8982498171117289,0.0006323047445352613,-0.7269548566013397,0,0,0,0.01470714542580977,0.768057190420471,381,0.4455,0.02732,0.7218869109286002,1,1,0,0.4779,353,0.7434651290750277,0.00206,0.00205958377091342,621.5077716054894,289.7930684210225,0.6091701993123051,0.609170276701881,0.6091702876917263,0.7614628458773511,7.084546205623328e-07,386,0.2282,0.2413,-0.03649,-0.021523,386,0.1358,0.2807,0.12899,-0.30548,3,0.1022,-0.8328,-0.00639,6.923,0.0606,-0.5016,-0.006061,7.169,0.0311,-0.0612,-0.015704,7.136,4.0857,1.6944,1.7547,1.7465,0.3663,1.0,0.51542,0.55826,1.29493,0.17895,0.9366,1.0361,1.1063,0.5004,2.024,2.5862,2.0914,22.0225,25.8991,12.796,56,0.0726,-0.2864,58,0.0653,-0.4962,-1.0
95,1233,214900,4.331962098426107e-12,0.00020218245982019572,3.965128762005976e-05,0.00020218245982019572,1.028621036728087,5.097131175117088,3.986168839007627,-69.98989742595069,55.338553641231975,-0.04721030341455796,69.98989742595069,0.009940323839433773,12.564274440420336,7.280005088422987,-2.3609301643504,1.890675526631099,-0.01156942285920589,2.3609301643504,0.27393138609942547,2.720119774912438,1.4675914734916458,0.10770997193004972,1.4806099485289024,0.7937091048904888,0.012315482109365034,1.2911621597246523,0.827637377549399,0.023322089961489212,1.4137313467218153,1.0341375097542922,0.0008523120635493617,-0.7287787414955986,0,0,0,0.014229383478630734,0.7704285383399534,381,0.4356,0.02373,0.7342874040640456,1,1,0,0.4673,351,0.7441871957959207,-0.03382,-0.03381951959788543,621.5076280418316,289.793001480986,0.6091702006565929,0.6091702768449256,0.6091702876917262,0.761462846056157,6.976788907494075e-07,386,0.2206,0.2346,-0.03088,-0.054068,386,0.1227,0.2374,0.14645,-0.595965,3,0.097,-0.7273,-0.004411,6.913,0.0536,-0.687,-0.011627,7.205,0.0273,0.001,-0.013779,7.106,4.0853,1.6922,1.7637,1.7395,0.3685,1.0,0.52142,0.54671,1.29458,0.17812,0.9347,1.0379,1.1104,0.5004,2.0214,2.5829,2.0888,22.139,25.754,12.7407,58,0.1467,0.8884,58,0.1322,0.9997,2.0
96,1233,214900,6.971493929111738e-12,0.00021057093032751274,4.188002119168502e-05,0.00021057093032751274,1.0289605755295743,5.099912875229063,3.98634642586673,-71.41160395871235,57.40368158663105,0.009825767382713802,71.41160395871235,0.003998791236121235,12.560196710841801,7.236967853245295,-2.4086078448064567,1.9064434303067401,-0.011874729050618132,2.4086078448064567,0.2768132891210419,2.7404994804532894,1.4709859436297215,0.05442274544946228,1.5730859021755386,0.7848180378698131,0.01542982398455097,1.3052935778785466,0.8379787526315382,0.002420127338289335,1.4136663626688202,1.0243222740614422,0.001109537077822828,-0.7305465256370869,0,0,0,0.01412746742224014,0.7728505728075071,381,0.4233,0.02568,0.7412542290133594,2,2,0,0.4568,349,0.7449411540153494,0.01021,0.010209777145363752,621.5087620825756,289.79353025498034,0.6091701970457665,0.6091702756894881,0.6091702876917251,0.7614628446118601,7.266239868855523e-07,386,0.2069,0.2222,-0.03368,0.238524,386,0.1331,0.1761,0.13692,-0.346426,3,0.0889,-0.5836,-0.002345,6.909,0.0576,-0.9183,-0.010897,7.162,0.0285,0.2144,-0.002267,7.03,4.0614,1.7012,1.7635,1.7309,0.366,1.0,0.52069,0.55362,1.29453,0.1786,0.9343,1.0383,1.1113,0.5004,2.0192,2.58,2.0865,22.1626,25.6881,12.7219,57,0.1456,0.7788,59,0.2077,0.3379,2.0
97,1235,214903,0.0,0.00031553066255847104,4.688602194264558e-05,0.00031553066255847104,1.0230815081325166,5.106168977501394,3.9872355769124344,-72.82559295097853,56.909783157741366,0.015275589143438793,72.82559295097853,0.0035503732420480785,12.559313836180223,7.267769837810233,-2.455328248536857,1.9225905315637695,-0.012179250161917968,2.455328248536857,0.27991693867413736,2.7588015921861713,1.4741439725323568,0.07071178095090347,1.5146085599856325,0.7821409929531028,0.0,1.3184512501669066,0.8468483367355828,1.0,1.0,1.0,3.2625732786619005e-06,-0.7322432959015003,0,0,0,0.013877997424353299,0.775231966964474,381,0.4154,0.03159,0.7410371165020122,4,4,0,0.4482,347,0.7456659582839754,-0.021145,-0.02114461573786075,621.5122488797073,289.7951560586886,0.6091701518643097,0.6091702717708455,0.609170287691728,0.7614628397135568,1.0888058546243284e-06,388,0.2179,0.2204,-0.03804,0.123372,386,0.1666,0.2153,0.12234,-0.033784,3,0.0924,-0.3855,-0.001781,6.885,0.0719,-0.9573,0.000317,7.131,0.0383,0.1022,0.000189,7.015,4.0478,1.7011,1.7616,1.7329,0.3666,1.0,0.52444,0.55256,1.29605,0.17901,0.9342,1.0383,1.1115,0.5004,2.0201,2.5812,2.1548,22.0287,25.8498,12.7963,56,0.0979,-0.7798,59,0.1833,-0.55,0.0
98,1235,214903,1.2941468341938155e-23,0.00037681589012565734,4.8587476070785117e-05,0.00037681589012565734,1.023620897971389,5.108747130607928,3.987402470237228,-74.2622772896797,57.671385919830136,0.013547574192702654,74.2622772896797,0.019077988741230456,12.56508911070415,7.323523639817852,-2.497805602606169,1.9400166097130698,-0.012571185342413253,2.497805602606169,0.2843159060520402,2.785737774273115,1.4778318645047743,0.05455001352796912,1.518678213263465,0.7840045948198414,1.4142115624116159e-08,1.3325470408754676,0.8558297288994965,0.020187491526382106,1.4136830752208618,1.0156801808291647,4.6342774478549466e-05,-0.7338643581611659,0,0,0,0.013843480457210594,0.777705323765951,381,0.4071,0.04131,0.736936554934773,4,4,0,0.4415,343,0.7449493428159927,0.024955,0.024955139173683527,621.5133692436789,289.7956784555562,0.6091701254832289,0.609170270394459,0.609170287691728,0.7614628379930738,1.300281260693288e-06,388,0.2262,0.2339,-0.04538,-0.05364,386,0.1801,0.2149,0.11164,0.110629,3,0.0934,-0.2198,-0.003596,6.88,0.0762,-0.9622,-0.000105,7.116,0.0427,-0.0542,-0.000589,7.025,4.0459,1.7005,1.7587,1.7364,0.3701,1.0,0.53163,0.54447,1.29619,0.17929,0.934,1.0384,1.1117,0.5004,2.0189,2.5797,2.2208,22.16,25.685,12.7223,56,0.2357,-0.8604,59,0.1916,-0.998,1.0
99,1235,214903,1.1891992372978554e-11,0.0004332560465951703,5.0448824259084525e-05,0.0004332560465951703,1.0243507372746372,5.1111770247420845,3.987568727784466,-75.64968977909663,56.866499589637115,0.03409693688243986,75.64968977909663,0.006407632872594604,12.555547211343416,7.368314501485063,-2.5494680787298383,1.9562565953763973,-0.012945453968405797,2.5494680787298383,0.28814554257787034,2.8146751932149834,1.4813364325975007,0.07501238917292441,1.488224286399046,0.7942069388740579,0.014133291539367545,1.346671297181441,0.8659865306992943,0.001802914044588877,1.4132229311636242,0.9816754761369078,8.751115385497646e-05,-0.7353893455056584,0,0,0,0.013284597253701413,0.7801802405380857,381,0.3963,0.03925,0.7431165606808393,0,0,0,0.4313,343,0.7471675285639982,0.013523,0.013522625046952452,621.513758438134,289.7958599269078,0.6091701011879289,0.6091702699030153,0.6091702876917229,0.7614628373787691,1.495038772135827e-06,388,0.2153,0.2207,-0.02938,0.149513,386,0.2017,0.2324,0.10573,0.313741,3,0.087,-0.0746,-0.002258,6.895,0.082,-0.9431,0.002073,7.097,0.0451,-0.2612,0.004233,7.049,4.0496,1.7027,1.7524,1.7406,0.3679,1.0,0.53,0.54479,1.29607,0.18006,0.9315,1.0409,1.1175,0.5004,2.0177,2.5782,2.2195,22.1949,25.6325,12.7038,56,0.3122,-0.5445,59,0.2005,-0.6813,2.0
100,1235,214903,2.5381091334207644e-11,0.0004161319970184148,4.746870990963967e-05,0.0004161319970184148,1.0252173548805106,5.1135924989269705,3.9877299093009446,-64.449522804226,56.76256595902462,0.06936719684561497,64.449522804226,0.03998713987648195,12.565357725758686,7.306721378010189,-2.6034529597079157,1.9720954665915613,-0.012949713216700093,2.6034529597079157,0.29068400693071383,2.8418652564055273,1.4848410822634774,0.06301407485318766,1.5278869204859333,0.7876522405666072,0.02231481558130713,1.3599497307516388,0.8758032854969838,0.0007004475868854776,1.4123893019712797,0.9575890742183869,8.007568008186763e-05,-0.7368440905145571,0,0,0,0.012844553918119603,0.7826857655114927,381,0.3865,0.04243,0.748948471082014,0,0,0,0.4197,341,0.7479396754492899,-0.055162,-0.05516185633558335,621.5122179252417,289.7951416254184,0.6091701085586547,0.6091702718081098,0.6091702876917171,0.7614628397601372,1.4359522892081335e-06,388,0.1969,0.1948,-0.01288,0.061708,386,0.1958,0.248,0.09775,-0.013424,3,0.0777,0.0315,0.000493,6.957,0.0775,-0.9317,0.001361,7.115,0.04,-0.3925,0.006362,7.093,4.0734,1.7079,1.7467,1.7414,0.3682,1.0,0.53028,0.53545,1.29612,0.1807,0.9315,1.0409,1.1175,0.5004,2.0166,2.5767,2.2182,22.1822,25.6178,12.7035,56,0.218,-0.4739,59,0.162,-0.3761,1.0
101,1235,214903,4.454382143281734e-11,0.0002603593130060496,4.449680108686796e-05,0.0002603593130060496,1.0262231023511788,5.115960208984068,3.9878855806492335,-65.82710032149835,58.02161822480916,0.04095345969139274,65.82710032149835,0.00622714796129209,12.55458754573185,7.308982329281786,-2.6609049322998377,1.9890784933619325,-0.013252889678161088,2.6609049322998377,0.2929172095625596,2.868265557196478,1.4883708997524727,0.06569701458114263,1.4872816256738268,0.8000104925152844,0.032357431750419774,1.3720895786117564,0.8853791764565194,0.001784015803590111,1.4138408147794488,0.8377211847343736,9.106088082007574e-05,-0.7382249420774017,0,0,0,0.012587909098643492,0.7852224454855619,381,0.3782,0.04471,0.7547476284315164,2,1,1,0.411,341,0.7502030193824939,0.095187,0.09518685855771714,621.5108760999259,289.79451596682924,0.6091701756139143,0.6091702733796129,0.6091702876917089,0.7614628417245162,8.98427329231624e-07,388,0.1811,0.2182,0.01324,-1.08219,386,0.1946,0.26,0.09539,0.108293,3,0.0697,0.084,0.001223,7.056,0.0745,-0.9369,0.001422,7.134,0.036,-0.4271,0.01108,7.153,4.1075,1.7177,1.7369,1.7415,0.3716,1.0,0.5313,0.53967,1.2958,0.18038,0.9382,1.034,1.1021,0.5004,2.0155,2.5753,2.217,22.218,25.5665,12.6849,58,0.015,0.2191,58,0.0873,-0.1947,-1.0
102,1236,214904,0.0,0.00022444179481334792,4.2730827853253186e-05,0.00022444179481334792,1.0282749050038822,5.114484718626308,3.988425732521297,-67.17729771231663,68.27745952774255,0.026424408297527534,68.27745952774255,0.014067549468620655,12.522024401535488,7.316709176505941,-2.716362848936382,2.0067542357439834,-0.01394132646541453,2.716362848936382,0.2953113180237858,2.904004373456384,1.4915404238262047,0.06987427812278024,1.4746387812789101,0.7939431291568008,0.0,1.3859574928780913,0.8930332844421098,1.0,1.0,1.0,0.00013618472300960284,-0.7395549419271505,0,0,0,0.012310513793205177,0.7877105047270337,381,0.3737,0.04532,0.7598629161630688,2,1,1,0.4095,338,0.7502112841341377,-0.038128,-0.03812800499066116,621.5105760893562,289.79437607962666,0.6091701910750595,0.6091702737197369,0.609170287691728,0.7614628421496711,7.744863715080452e-07,388,0.1914,0.2365,0.0173,0.001654,387,0.1767,0.2382,0.10701,0.012066,3,0.0725,0.1412,0.00324,7.102,0.0675,-0.9672,0.000948,7.141,0.0348,-0.3882,0.006866,7.166,4.1203,1.7237,1.7332,1.7392,0.3781,1.0,0.54025,0.5276,1.29519,0.18182,0.9343,1.0378,1.1108,0.5008,2.0148,2.5745,2.2163,22.2108,25.5954,12.7037,60,0.1102,0.0668,60,0.0467,0.4004,-3.0
103,1237,214905,0.0,0.0002366420939177221,4.379916002148977e-05,0.0002366420939177221,1.030263662418986,5.114627345859072,3.988435824984354,-68.56164628677325,71.76865112245545,0.06043303481110206,71.76865112245545,0.005667937133004841,12.532339344138574,7.271238857822177,-2.7815765370814107,2.0194481449978925,-0.01442533616091843,2.7815765370814107,0.29795736598278777,2.9397413177596268,1.4940872800797018,0.05489641361958868,1.4906708994990816,0.7848835429938291,0.0,1.3998575280516563,0.9008558268752506,1.0,1.0,1.0,0.00019214836166559632,-0.7408188158366332,0,0,0,0.012021397327087775,0.7902683109879846,381,0.3664,0.04358,0.7699436450038007,1,1,0,0.4026,331,0.7471803319977208,-0.020984,-0.020984108981510152,621.5107492849035,289.7944568362501,0.60917018582338,0.6091702735238863,0.609170287691728,0.7614628419048578,8.165859916756033e-07,388,0.1938,0.2559,0.00089,-0.012457,388,0.1742,0.2121,0.10531,-0.142703,3,0.0714,0.1911,0.001868,7.124,0.0646,-0.9855,-0.00596,7.118,0.0341,-0.3551,0.003335,7.117,4.1106,1.7331,1.7317,1.7314,0.3741,1.0,0.54404,0.5251,1.29583,0.18149,0.9249,1.0472,1.1322,0.5004,2.0116,2.5704,2.2128,22.3191,25.4802,12.6666,60,0.1626,0.1487,60,0.1389,0.1369,-2.0
104,1237,214905,1.0087390793314354e-23,0.0003274430693884922,4.673769561363018e-05,0.0003274430693884922,1.0315593861760397,5.118690183306987,3.9885645863325605,-69.97782708508488,71.77701376313166,0.07009901607331297,71.77701376313166,0.017885645055457644,12.557740378758488,7.266371346976721,-2.8286798874453725,2.0341964556402066,-0.014745877707068205,2.8286798874453725,0.3007899885005555,2.9823901677931213,1.4973864897189368,0.07083056382679498,1.5096520130118307,0.7909791707137301,1.4142115624116159e-08,1.408092620831011,0.9093970670907516,0.0025193361040219964,1.4134356294255828,0.9618959806642544,0.00024328762012085735,-0.7419868919775594,0,0,0,0.012088796635292305,0.7929737417120206,381,0.3556,0.03515,0.7914260541464099,2,3,-1,0.4021,328,0.7471052032906312,-0.043804,-0.043803510015916425,621.5125350842609,289.79528950850136,0.6091701467368121,0.609170271424701,0.609170287691728,0.7614628392808762,1.129911635016022e-06,388,0.1633,0.2551,-0.00941,0.179124,388,0.1807,0.2071,0.08372,-0.535946,3,0.0585,0.2196,0.003441,7.146,0.0646,-0.9997,-0.010692,7.083,0.0296,-0.1949,0.003481,7.024,4.0903,1.7471,1.7318,1.7171,0.3725,1.0,0.54979,0.5213,1.29649,0.1815,0.9319,1.0401,1.1161,0.5004,2.01,2.5684,2.211,22.3975,25.3859,12.6298,59,0.1845,-0.3341,59,0.1813,-0.3011,2.0
105,1237,214905,3.284241098993227e-12,0.0004098810458012263,4.877077223869006e-05,0.0004098810458012263,1.0330213974534943,5.1226166395086885,3.9886908398301215,-71.36974524181656,71.79119355641618,-0.0022818713258984384,71.79119355641618,0.015938047076902606,12.504931136323941,7.266332315892276,-2.892150928449817,2.0451042226504037,-0.014860397549038453,2.892150928449817,0.30281793970386744,3.0176700060824313,1.5002012060124073,0.08224363668053258,1.565162431813156,0.7887374031489791,0.008717297564780426,1.4217860056468292,0.9190160268486003,3.613060249962885e-05,1.4133314503505048,0.8797004281106859,0.0002867613915931171,-0.7430749897743453,0,0,0,0.01116595322769956,0.7952780776482374,381,0.3424,0.03576,0.8029078829806672,3,3,0,0.3958,325,0.7467638948434063,0.005745,0.005745152846733603,621.5145426052147,289.79622556382316,0.6091701112508421,0.6091702688918891,0.6091702876917267,0.7614628361148613,1.4143767573361868e-06,388,0.1322,0.1715,0.01798,0.331593,388,0.2013,0.228,0.05308,-0.148423,3,0.0454,0.3594,-0.003211,7.103,0.0691,-0.9844,-0.001556,7.057,0.0266,-0.1898,-0.004452,6.999,4.072,1.7443,1.733,1.7188,0.3774,1.0,0.55384,0.52455,1.29614,0.18246,0.9381,1.0339,1.1021,0.5004,2.3422,2.4538,2.2084,22.3707,25.3556,10.8255,58,0.1622,-0.9087,57,0.1461,-0.7397,3.0
106,1237,214905,2.5327994039060603e-12,0.0004828771851981498,5.244713401042159e-05,0.0004828771851981498,1.0346845561080915,5.126254691823551,3.988814143194845,-72.80390347221615,71.8272342523067,-0.03791790217858633,72.80390347221615,0.025603978779729197,12.555188711723359,7.288621025790968,-2.9466445861830093,2.0629641390445657,-0.01526183375130549,2.9466445861830093,0.30568728800470757,3.062175692390675,1.5036044406648086,0.06540704487798232,1.4567195929796433,0.7865704601208234,0.016563475848421067,1.4356126501378639,0.9278130311498277,0.0003553043421371527,1.4133273892297726,0.9867538207410227,0.0003137203002405228,-0.74410339053468,0,0,0,0.010768311759157975,0.797486475561164,381,0.3305,0.0372,0.8061101478505731,3,2,1,0.3845,325,0.7487652005183101,-0.073921,-0.07392076243785883,621.5163571404669,289.7970716348821,0.6091700798293628,0.6091702664450023,0.609170287691727,0.7614628330562528,1.666259712266972e-06,388,0.0888,0.0831,0.01689,0.913605,388,0.2262,0.2537,0.05732,0.551944,3,0.0315,0.8141,-0.01031,6.969,0.0751,-0.9667,0.003902,7.037,0.0215,-0.6383,-0.01741,7.01,4.0444,1.723,1.74,1.7331,0.3963,1.0,0.56098,0.52229,1.29567,0.18298,0.9341,1.0379,1.1112,0.5004,2.3392,2.4506,2.2055,22.3894,25.2856,10.8095,54,0.1308,-0.4693,58,0.0968,-0.7188,1.0
107,1239,214907,0.0,0.0005105830522166019,5.605166929841424e-05,0.0005105830522166019,1.0394490148188147,5.131626467257459,3.9897540842384305,-74.14639155119143,71.8938936203729,0.03670100301472707,74.14639155119143,0.014953575372143035,12.51574330650891,7.2866675484350605,-2.994819142244075,2.071113451627453,-0.017013252725356153,2.994819142244075,0.3082708604984939,3.104644918777126,1.505097616820898,0.10724751823079992,1.4967056393572247,0.8010113984825421,0.0,1.4497245342295562,0.936166960653045,1.0,1.0,1.0,0.0003548679541558025,-0.7450438953789535,0,0,0,0.010870275029350802,0.8001147687899757,381,0.3237,0.04162,0.7947294665211849,1,1,0,0.383,321,0.747676416862222,-0.088033,-0.08803349825919238,621.5166221322589,289.7971951937305,0.6091700679031586,0.609170266075159,0.609170287691728,0.7614628325939488,1.761863332994908e-06,388,0.002,0.0593,-0.101,-0.394313,390,0.2272,0.261,0.05647,-0.027947,3,0.0226,0.9734,-0.017977,6.716,0.0739,-0.9308,-0.002825,7.022,0.0158,-0.9898,-0.039704,6.97,3.9858,1.6849,1.7616,1.7486,0.4667,1.0,0.55541,0.53335,1.29486,0.18212,0.9261,1.0457,1.1291,0.5012,2.3361,2.4474,2.1359,22.4554,25.2895,10.8255,51,0.1818,0.3347,54,0.1534,0.0968,0.0
108,1239,214907,2.747564488835067e-23,0.0005218281219561173,5.852397878878941e-05,0.0005218281219561173,1.041441200788574,5.134933751912121,3.9898667055266763,-74.48494303817665,71.8296781648737,0.06941209668838078,74.48494303817665,0.003905083032361034,12.554559979621288,7.282281195764215,-2.996699425491114,2.081634041831377,-0.017060665747607028,2.996699425491114,0.31181701364570047,3.15235798897922,1.5083535088946507,0.05496504118362236,1.4995019276792751,0.7950138858386637,1.4142115624116159e-08,1.4628569577955146,0.9448582111031756,0.017109316235633276,1.4133040705421607,0.9496509378335339,0.00041677358193561255,-0.7459359757863862,0,0,0,0.011440935003595143,0.8026813404017715,381,0.3263,0.04922,0.7878786435677453,1,1,0,0.3897,320,0.7488916593705006,0.060978,0.06097825340965124,621.5172299352237,289.7974785966004,0.609170063062647,0.6091702652147497,0.609170287691728,0.7614628315184371,1.8006648107608444e-06,388,0.0571,0.0897,-0.14709,-0.162484,390,0.2261,0.261,0.07289,0.287118,3,0.0302,0.7564,-0.003729,6.739,0.0744,-0.8997,-0.000424,7.022,0.0208,-0.9661,0.00097,7.0,3.9962,1.6864,1.7571,1.7518,0.3994,1.0,0.55619,0.53074,1.29542,0.18436,0.9277,1.0442,1.1256,0.5004,2.3347,2.4459,2.1346,22.6321,25.1256,10.7618,51,0.18,0.4356,54,0.2086,0.4294,3.0
109,1239,214907,2.5947359682677144e-11,0.0004991898499025235,5.52626400972493e-05,0.0004991898499025235,1.0436853011024472,5.1381220452136525,3.98998018790722,-64.5255611648205,71.53544346931045,0.016360935831472037,71.53544346931045,0.008047084068860469,12.556062782597126,7.397544742420878,-3.051725763578289,2.0982961188211826,-0.017429219112692868,3.051725763578289,0.31488688867293957,3.192862193836565,1.5114337552516979,0.055139678666929225,1.4660836880533996,0.7950910357984399,0.014094254691955386,1.4748339164473643,0.9543547204653883,0.005969289605716965,1.4132391091376115,0.9653886881882779,0.000466654473568287,-0.7467637044253612,0,0,0,0.011714302235782657,0.8049531222998624,381,0.3245,0.05215,0.7925583662668657,1,2,-1,0.3882,317,0.7484158786491524,0.164869,0.16486877182786852,621.5160613719652,289.79693372564657,0.6091700728072152,0.6091702668540561,0.6091702876917169,0.76146283356757,1.7225504890093528e-06,388,0.0361,0.0758,-0.17035,0.040973,390,0.2173,0.253,0.09181,0.277645,3,0.0258,0.7754,-0.000377,6.765,0.071,-0.8913,0.00313,7.033,0.0172,-0.9774,0.003289,7.04,4.0109,1.6865,1.7536,1.7552,0.3818,1.0,0.5592,0.52883,1.29511,0.18373,0.9362,1.0356,1.1061,0.5004,2.3338,2.4449,2.1337,22.6232,25.1158,10.7618,51,0.1697,0.5918,54,0.2167,0.5621,1.0
110,1241,214910,0.0,0.00033851479078545463,5.187509500935843e-05,0.00033851479078545463,1.0396637929380523,5.145108342723308,3.990361931371227,-65.93674594006809,71.50913496833451,-0.008250021402638858,71.50913496833451,0.0011191356877381375,12.530066385695568,7.33580054275743,-3.1065990135468873,2.1130572691433924,-0.01737600517429158,3.1065990135468873,0.3177906088737498,3.2324561409887034,1.5135058856195016,0.06548819783401805,1.4765415382328975,0.8122239205513767,0.0,1.488798000323153,0.9624550076465197,1.0,1.0,1.0,5.5450927678529236e-05,-0.7475179479026005,0,0,0,0.01132701308049725,0.8068201620600712,381,0.3266,0.05126,0.8000701224381311,1,1,0,0.3888,318,0.7509820874812696,0.011515,0.011514565739094929,621.51525318813,289.7965568903372,0.6091701419722528,0.6091702679515211,0.609170287691728,0.7614628349394013,1.1681118451436712e-06,390,0.086,0.0987,0.00034,0.195856,390,0.2063,0.2523,0.11056,0.010759,3,0.0325,0.9604,0.006963,7.011,0.0681,-0.8721,0.004588,7.041,0.0205,-0.974,0.034993,7.152,4.0809,1.7181,1.7255,1.7524,0.3956,1.0,0.56194,0.5197,1.29652,0.18341,0.9307,1.0411,1.1187,0.5004,2.3316,2.4426,2.1984,22.6023,25.1296,10.7778,55,0.1232,0.5401,60,0.0974,0.5718,0.0
111,1243,214912,0.0,0.00030825604153238037,5.185664856458072e-05,0.00030825604153238037,1.0358264709344336,5.151639437851594,3.990826429513058,-67.19900088666205,71.62964409070837,0.034421883283594946,71.62964409070837,0.032093402159750095,12.554735026958198,7.355079889097423,-3.1627917312148415,2.1180756795542623,-0.017164578032976507,3.1627917312148415,0.3219681437616749,3.2812913744060976,1.5162989067629546,0.08881162644286122,1.5080047927401905,0.8092657273409415,0.0,1.501116758303132,0.969763927107234,1.0,1.0,1.0,0.00030335127513457516,-0.7482405736975095,0,0,0,0.011667555252249124,0.8097565657504854,381,0.3241,0.05325,0.8057001362850187,0,0,0,0.4111,312,0.7481845868828918,-0.044913,-0.04491330402126947,621.5146667303866,289.7962834401942,0.6091701549972599,0.6091702687292795,0.609170287691728,0.7614628359115994,1.0636990850022263e-06,392,0.1342,0.1536,0.01509,-1.015569,390,0.198,0.2446,0.12595,-0.034868,3,0.0454,0.9573,0.011006,7.089,0.0648,-0.8271,-0.002657,7.05,0.0276,-0.9542,0.012533,7.112,4.0896,1.7333,1.7238,1.739,0.4061,1.0,0.55529,0.52498,1.29786,0.18403,0.9286,1.0432,1.1234,0.5004,2.3273,2.4381,2.3273,22.5604,25.083,10.7777,59,0.0529,0.9976,58,0.0188,-0.1201,0.0
112,1243,214912,7.659297616818448e-24,0.0003040443470825637,5.515867332535855e-05,0.0003040443470825637,1.0383349841561929,5.154674621527138,3.9909212673373884,-67.88241996838936,71.31255209935395,0.027577131570691072,71.31255209935395,0.05912842025841236,12.547013772991688,7.305183141970168,-3.2215108384178333,2.130597478382067,-0.017174366111745613,3.2215108384178333,0.32656019454015917,3.332812042602807,1.519796297266324,0.05531513092659935,1.5465451387713722,0.8053221613388214,1.4142115624116159e-08,1.5031432392369442,0.978230963450077,0.00048141416502223144,1.4129958991980622,0.9657372476020504,0.0005464994971169851,-0.7488731502921298,0,0,0,0.011614995846112901,0.8118380147180294,381,0.3227,0.04528,0.8131578247637836,1,0,1,0.4159,309,0.7475093462711553,0.06437,0.06437003608769443,621.5156624255895,289.79674770722556,0.6091701568105456,0.6091702673994777,0.609170287691728,0.761462834249347,1.0491641106674258e-06,392,0.1579,0.164,0.01799,0.018669,390,0.1964,0.2329,0.13476,0.055803,3,0.0517,0.8704,0.006421,7.037,0.0645,-0.6981,-0.001391,7.049,0.0314,-0.9601,-0.00368,7.038,4.0651,1.731,1.7339,1.7312,0.3777,1.0,0.55491,0.53584,1.29828,0.18483,0.9261,1.0456,1.129,0.5004,2.3261,2.4369,2.2597,22.6442,25.0336,10.762,56,0.0543,-0.8592,57,0.1208,-0.5123,-1.0
113,1243,214912,8.015141420789665e-13,0.00033039180784443433,5.802537457857889e-05,0.00033039180784443433,1.0410440621571369,5.157757798635456,3.991014813361331,-69.28874986393028,70.57036050965448,0.007422983364326857,70.57036050965448,0.00813349796810808,12.56331771163394,7.260957589870327,-3.273462705431658,2.142772852332409,-0.017400009207039394,3.273462705431658,0.32985390272624565,3.3686517579138266,1.5223136018762375,0.05536550851060026,1.4894100624769502,0.793538524818817,0.0036438702155835922,1.5171600353892731,0.9878883358909364,0.0018548110839019527,1.413254271718291,0.9148403789772795,0.0005781394521447664,-0.7494269171682545,0,0,0,0.011997633895356317,0.8143357434804781,381,0.3159,0.03121,0.8393489756001088,4,3,1,0.413,307,0.7476384677452393,0.245688,0.2456878920916914,621.5161247976782,289.7969632994232,0.6091701454691578,0.6091702667666726,0.6091702876917278,0.7614628334583408,1.1400802965042385e-06,392,0.1735,0.1775,0.01729,0.106479,390,0.2033,0.2294,0.12753,-0.002811,3,0.0555,0.6427,-0.001147,7.015,0.0655,-0.6228,-0.001104,7.046,0.0359,-0.9997,-0.003451,7.026,4.0583,1.7287,1.7362,1.7313,0.3735,1.0,0.55794,0.54195,1.29833,0.18428,0.9367,1.035,1.1049,0.5004,2.325,2.4358,2.2586,22.6336,25.0219,10.7621,54,0.0871,-0.9917,56,0.1184,-0.6418,1.0
114,1243,214912,6.7245476446377834e-12,0.00035454354568401335,5.8240066048072845e-05,0.00035454354568401335,1.0439638984915713,5.160756309311291,3.9911057933732907,-70.74044265625109,71.376295079264,-0.00042019063645293205,71.376295079264,0.012263528600269358,12.564817458505624,7.284076173576451,-3.321843964116819,2.1594551577473022,-0.017560344136751928,3.321843964116819,0.33255003648255443,3.396356243404249,1.524829483946993,0.0665634150686597,1.4942491479714577,0.7941372271111934,0.00885215793938449,1.5295945280990504,0.9970367397191674,0.0005530818600756326,1.4133808081903059,0.8677785068048859,0.0006206308763390021,-0.7499302332346198,0,0,0,0.011846293360010529,0.8163229552609049,381,0.3059,0.02854,0.8677044573380122,4,3,1,0.4053,305,0.7476801004413763,0.031217,0.031216782395052878,621.516645460791,289.79720607122425,0.6091701350728356,0.6091702660424372,0.6091702876917252,0.7614628325530465,1.2234194749168017e-06,392,0.1481,0.151,0.0085,0.073751,390,0.2094,0.231,0.10713,-0.122483,3,0.0483,0.3709,-0.003164,7.041,0.0653,-0.5261,-0.002672,7.036,0.0332,-0.9849,0.001471,7.036,4.0632,1.7328,1.7316,1.7317,0.3744,1.0,0.56312,0.52479,1.29821,0.18616,0.9333,1.0383,1.1125,0.5004,2.3241,2.4347,2.2577,22.6241,25.0114,10.7618,54,0.0974,-0.8062,57,0.0874,-0.9272,-1.0
115,1244,214913,0.0,0.00039561507173085616,5.897486312360238e-05,0.00039561507173085616,1.044020449364065,5.165628100163827,3.9913936335486295,-72.16824474687381,71.98708957849522,-0.0014411290508092509,72.16824474687381,0.009062316476456157,12.56324957682612,7.324873435390605,-3.3754562000987027,2.165969142752668,-0.018283802509120692,3.3754562000987027,0.33616740103179166,3.430993719706544,1.5274657417129416,0.05894258492066662,1.491150538454692,0.7957683198062933,0.0,1.543507318993344,1.004906072641555,1.0,1.0,1.0,0.000671100403684967,-0.7503424177799745,0,0,0,0.012031998472142116,0.8188903172454047,381,0.2996,0.03235,0.8788768654626127,3,2,1,0.4009,303,0.7477722694805417,-0.09158,-0.09157984226430171,621.5167660870002,289.79726231611914,0.6091701173930925,0.6091702658729055,0.609170287691728,0.7614628323411318,1.3651442686829384e-06,393,0.1052,0.1367,-0.02192,0.004749,390,0.2175,0.2515,0.08929,0.301947,3,0.0353,-0.1735,-0.015005,7.13,0.0661,-0.4568,-0.004418,7.024,0.0255,-0.7968,0.002483,7.14,4.098,1.7397,1.7139,1.7423,0.3759,1.0,0.56341,0.52759,1.29805,0.18669,0.9233,1.0481,1.1352,0.5008,2.322,2.322,2.322,22.6513,24.9891,10.7619,60,0.0593,-0.1773,61,0.0632,-0.6568,1.0
116,1247,214917,0.0,0.00041891488968467835,6.0185154349562646e-05,0.00041891488968467835,1.049327977616192,5.172118651015253,3.990855803989395,-73.61337971619034,72.00136661444311,-0.025819064772816477,73.61337971619034,0.01222755469231096,12.565716800248328,7.275674212261036,-3.421549503903618,2.1663311113528585,-0.020117347328530447,3.421549503903618,0.34087963018352807,3.4736789218222395,1.530114823960133,0.05545699299648883,1.4852649550475927,0.7961446844430545,0.0,1.5576165486663862,1.0112027162242563,1.0,1.0,1.0,7.654398943867575e-06,-0.7507031519335563,0,0,0,0.011518061666287403,0.8203668037507199,381,0.294,0.03523,0.8732988955850445,3,4,-1,0.3903,303,0.7493318985613674,-0.199811,-0.19981096463282588,621.5167915220683,289.7972741758364,0.6091701073635006,0.6091702658370942,0.609170287691728,0.7614628322963677,1.4455446169258964e-06,393,0.0576,0.0818,-0.09299,0.494348,393,0.2092,0.2477,0.07676,1.163306,3,0.0177,-0.8474,-0.009197,6.965,0.0627,-0.3643,0.000466,7.014,0.0125,-0.1858,-0.023133,7.11,4.0588,1.716,1.7282,1.7518,0.3888,1.0,0.56607,0.52845,1.29859,0.18637,0.9261,1.0456,1.129,0.4996,2.3303,2.3303,2.3303,22.6376,25.2639,10.8415,53,0.1134,-0.9299,58,0.1649,-0.7204,0.0
117,1247,214917,2.2649451933910735e-23,0.00044290116181055074,6.420019275814414e-05,0.00044290116181055074,1.0527219800459147,5.174716483351314,3.9909230335176384,-62.49358893109117,71.8274096426692,-0.030745631286971078,71.8274096426692,0.04815967149867184,12.56569282279325,7.234973581282726,-3.471026393538874,2.180057733807461,-0.020483394191874955,3.471026393538874,0.3458517040718062,3.5181625688184543,1.5331411449959143,0.055405459905564426,1.4946596475461955,0.8038045158767279,1.4142115624116159e-08,1.5716766589871454,1.019930990910379,0.0117674622865519,1.4131179647222647,0.9861777628853865,3.734815636670971e-05,-0.7509918426361897,0,0,0,0.012802906096121582,0.822941537169302,381,0.2927,0.04703,0.8595813274764067,0,1,-1,0.388,301,0.7493717746799691,0.542023,0.542023282336404,621.5179923361734,289.7978340845294,0.6091700970386582,0.6091702641118356,0.609170287691728,0.7614628301397944,1.5283108074622928e-06,393,0.0064,0.0492,-0.07084,-0.628974,393,0.2111,0.2562,0.09654,1.004326,3,0.0098,-0.8443,0.012923,6.726,0.0629,-0.3522,0.000261,7.004,0.007,0.7988,-0.022255,6.913,3.9733,1.6928,1.7629,1.7398,0.4082,1.0,0.57127,0.5241,1.29931,0.18764,0.9309,1.0406,1.1177,0.5004,2.3302,2.3302,2.3302,22.6358,25.2618,10.841,51,0.0998,-0.789,54,0.1238,-0.9898,-1.0
118,1247,214917,6.95786218224811e-12,0.0004481850374453455,6.480084521061019e-05,0.0004481850374453455,1.0563319097960748,5.177321743169406,3.990989607167256,-63.87049227040756,71.84713207068869,-0.030313850370636112,71.84713207068869,0.013738549499528463,12.536523804027025,7.244485679323222,-3.5321296304982965,2.1956116321295664,-0.020828348533808338,3.5321296304982965,0.34932045318757354,3.5435959684275633,1.5353470084989314,0.06708817428015368,1.4988364857151224,0.8063316061474022,0.014073126802502901,1.5857482872485682,1.0297927685057948,0.001945022413323505,1.4128649585270905,0.937850588812435,8.78914235268076e-05,-0.7512340819765527,0,0,0,0.012431178080925741,0.8240644967808514,381,0.2882,0.05896,0.8605390775161649,1,1,0,0.3745,301,0.7508719976691912,-0.032974,-0.03297405666673736,621.5182026754047,289.79793216029617,0.6091700947641578,0.6091702638028857,0.6091702876917251,0.7614628297536071,1.546543255517229e-06,393,0.0223,0.0855,-0.07721,-0.469557,393,0.2113,0.2588,0.1328,-0.454259,3,0.0078,0.0328,0.010873,6.68,0.0621,-0.3365,0.002604,7.01,0.0057,0.9301,-0.000203,6.845,3.9525,1.69,1.7734,1.7317,0.3895,1.0,0.57327,0.51822,1.29905,0.18902,0.9256,1.0459,1.13,0.5004,2.33,2.219,2.3966,22.6342,25.26,10.8412,50,0.0908,0.5331,53,0.0339,-0.6043,-3.0
119,1247,214917,2.735841684483025e-11,0.00043735376826742914,6.075486469034853e-05,0.00043735376826742914,1.060115234641171,5.179889018244372,3.9910522042361745,-65.17381030188233,71.92165327784731,0.02123205149347519,71.92165327784731,0.03194248752374279,12.55503985206681,7.299106746816087,-3.557551509395242,2.2022270449615005,-0.02142646007177295,3.557551509395242,0.35306271168378983,3.5690628413154424,1.5377745681911297,0.0555268850206781,1.508992631414517,0.8024027740710631,0.026395679545274574,1.5998258267568568,1.0391712745981552,0.0009447162859470559,1.411858396643795,0.8369701356979986,0.00015788341434791743,-0.7514307243627275,0,0,0,0.010330348295088547,0.8264397248069064,381,0.2661,0.06571,0.859044495995883,2,2,0,0.3578,300,0.7516333889336192,-0.19969,-0.19969045516446093,621.516717315179,289.7972395750749,0.6091700994257211,0.6091702659415029,0.6091702876917162,0.7614628324268786,1.509171615674166e-06,393,0.0297,0.0988,-0.09746,-0.220012,393,0.2095,0.2488,0.16906,-0.075747,3,0.0082,0.9356,0.010934,6.705,0.0573,-0.2108,-0.001262,7.014,0.0064,0.148,0.007005,6.787,3.9472,1.6988,1.7771,1.7194,0.3815,1.0,0.57322,0.51485,1.29884,0.18829,0.9218,1.0496,1.1386,0.5004,2.3281,2.2172,2.3946,22.6631,25.2024,10.8253,50,0.129,0.8404,53,0.1163,0.8103,-0.0
120,1247,214917,4.9045624887048535e-11,0.00041367242022023265,5.6181601026986606e-05,0.00041367242022023265,1.0640823941770081,5.182565922114057,3.9911080062408213,-66.66599686629118,72.27135811368768,-0.004341665667209632,72.27135811368768,0.021675823855684145,12.540308577259767,7.335720775989082,-3.570806922809564,2.2235921511233077,-0.021505916400684943,3.570806922809564,0.3569363146713988,3.5988138036151445,1.540358326902161,0.07637191863962312,1.5145841990789344,0.8192355639884893,0.036424091119108444,1.6138377013732512,1.0475409759655703,0.00019883542797594078,1.412303658012446,0.794229779920574,0.00024583637962651765,-0.7515582702125432,0,0,0,0.008227967510007346,0.8280411910284785,381,0.2478,0.07451,0.8552217595637989,1,2,-1,0.3397,299,0.7523848044074732,0.065852,0.06585243747890646,621.5148918557817,289.79638841036837,0.6091701096189527,0.6091702684325524,0.609170287691707,0.7614628355406905,1.4274588530566803e-06,393,0.0348,0.0965,-0.10105,-0.037061,393,0.2072,0.243,0.16802,0.309459,3,0.01,0.9449,0.002268,6.715,0.0528,-0.0552,0.00113,7.021,0.0081,-0.3789,0.002119,6.788,3.9503,1.6998,1.7772,1.7182,0.378,1.0,0.57075,0.51976,1.29876,0.18977,0.9207,1.0506,1.1411,0.5004,2.3269,2.2161,2.4599,22.6045,25.19,10.8256,50,0.1955,0.1278,54,0.1908,0.5327,0.0
121,1247,214917,7.427456316219523e-11,0.0004066427036145944,5.4950698549542904e-05,0.0004066427036145944,1.0682203740042029,5.18526611562678,3.9911568372119013,-67.36211924666745,73.01587084024236,0.017731863605595068,73.01587084024236,0.011402545375347017,12.551448443896351,7.445966193355724,-3.62357143194575,2.2410528299281585,-0.021752973886885192,3.62357143194575,0.36104257945013934,3.630055736203669,1.5427555878500592,0.07882594040195401,1.5256511343540407,0.7972426208306915,0.04535782335168053,1.6276466072808131,1.0554832737083648,5.113011650148547e-05,1.4128851505460247,0.8493225420657264,0.00034962303932286487,-0.7516765149739757,0,0,0,0.00826262784759532,0.8307368351865764,381,0.2478,0.07477,0.8559025979464892,0,0,0,0.3299,299,0.7540026342825494,0.110429,0.11042909746590168,621.5142073091307,289.79606922389394,0.6091701126448443,0.6091702693276777,0.6091702876916961,0.7614628366595971,1.4032029651182941e-06,393,0.017,0.0788,-0.11261,0.046748,393,0.2124,0.2406,0.14773,0.197199,3,0.0057,0.7979,-0.006432,6.701,0.054,0.1087,-0.001967,7.021,0.0047,-0.5125,-0.005755,6.808,3.9517,1.6958,1.7766,1.7228,0.3784,1.0,0.57373,0.51715,1.29844,0.18914,0.9344,1.0369,1.1097,0.5004,2.3269,2.2161,2.5264,22.6042,25.1527,10.8095,50,0.2758,-0.4419,53,0.1615,0.0904,1.0
122,1247,214917,9.85384360142549e-11,0.0004020402989656037,5.3651638943226146e-05,0.0004020402989656037,1.0725188568635762,5.187985193524537,3.9912002826251873,-68.57124474490625,73.0474608624276,-0.014630189650769222,73.0474608624276,0.013300943076430205,12.54620158080936,7.41125969347186,-3.6843460456918153,2.2556961932473616,-0.021807907379297376,3.6843460456918153,0.36445496088042695,3.6599940239360964,1.5452148020415737,0.05573003134135347,1.5360813762936036,0.8184416637069905,0.047646044813454067,1.6413317704390584,1.0639764990665062,5.478131373304329e-06,1.4120798178354348,0.8355884543972245,0.0004676308546121295,-0.7516504549947847,0,0,0,0.007139093270923198,0.8318741039015114,381,0.2455,0.07151,0.8544898204037563,1,1,0,0.3245,298,0.7547188844878238,0.009237,0.009236544224577425,621.5141017792778,289.7960200180412,0.6091701146260761,0.6091702694637829,0.6091702876916857,0.7614628368297286,1.3873216717764956e-06,393,0.0044,0.0242,-0.1399,0.551614,393,0.2174,0.2396,0.13866,0.056071,3,0.0027,-0.4626,-0.017257,6.722,0.0546,0.3236,0.002197,7.014,0.0024,0.6892,-0.003226,6.93,3.9778,1.6899,1.7633,1.7421,0.3824,1.0,0.57243,0.5157,1.29814,0.18956,0.9221,1.0492,1.1378,0.5004,2.3261,2.2153,2.5254,22.596,25.1436,10.8093,50,0.2586,0.2681,53,0.145,0.4625,-0.0
123,1247,214917,1.0211213838690726e-10,0.0004158920029160993,5.272765567667862e-05,0.0004158920029160993,1.076991792366393,5.190699481398855,3.9912388645512595,-69.96910509498024,73.09020675634082,-0.016879606940042004,73.09020675634082,0.008942178898569447,12.559627298360285,7.44181536026414,-3.7415772472095834,2.2703512058495243,-0.022053153451862224,3.7415772472095834,0.3679693074781782,3.6896875550748884,1.5475630003365748,0.05575831128722123,1.5451567586000663,0.8083198157574858,0.048363927230672246,1.6545609898710725,1.0723323836605079,0.00039385684264992005,1.4086009103214692,0.7999499671680012,0.0005987221952177775,-0.7516254785988246,0,0,0,0.00580206969954399,0.8342539135510668,381,0.2404,0.06535,0.865543215285363,2,2,0,0.313,297,0.7555578764176113,-0.13985,-0.13984972856216382,621.5131625312126,289.79558207085654,0.6091701086628694,0.609170270652786,0.609170287691684,0.7614628383159824,1.4351219571539622e-06,393,0.0394,0.0804,-0.1462,0.795659,393,0.2148,0.2354,0.13697,0.164909,3,0.0128,-0.1645,-0.019244,6.863,0.0534,0.6488,-0.001621,7.002,0.0112,0.6439,0.009118,7.096,4.0344,1.7011,1.7356,1.7589,0.3847,1.0,0.56878,0.52059,1.2978,0.19112,0.9218,1.0494,1.1385,0.5004,2.3236,2.2129,2.5227,22.6665,25.0427,10.7775,52,0.1142,-0.4143,54,0.1079,-0.1884,-3.0
124,1247,214917,8.07905914899783e-11,0.00040090236136626766,4.9536400848227056e-05,0.00040090236136626766,1.0815918798435444,5.1934425516659,3.991271576249311,-71.32813163154788,73.08580143253103,-0.03061647835915499,73.08580143253103,0.019279094367673527,12.543057993786013,7.550210971841205,-3.7990533305168266,2.3065520929546115,-0.022270555681107293,3.7990533305168266,0.370995371268357,3.7203880820581303,1.5500084496475035,0.055869023597425446,1.5547733740480099,0.8162933270345623,0.04874666819437627,1.6649127330618667,1.0803318833210016,0.0036718111210782833,1.410826442724357,0.8320589773919893,0.0007413592409834835,-0.7515254517207339,0,0,0,0.0038948486405420753,0.8360610473992708,381,0.2111,0.05211,0.895485328041904,4,4,0,0.2861,298,0.7580506638095641,0.066087,0.06608713537480115,621.5121513577733,289.79511058672216,0.6091701151147895,0.6091702718880222,0.6091702876916932,0.7614628398600277,1.3833993284241292e-06,393,0.0751,0.1,-0.14838,-0.070109,393,0.1979,0.2267,0.11986,0.039571,3,0.0185,0.4488,0.000582,6.862,0.0433,0.8457,0.000729,7.011,0.017,0.8565,-0.000419,7.101,4.0369,1.6999,1.7366,1.7591,0.3751,1.0,0.56495,0.52354,1.29744,0.19028,0.92,1.0511,1.1425,0.5004,2.3228,2.2122,2.5219,22.6593,25.0348,10.7779,52,0.1274,-0.9923,54,0.113,-0.6819,1.0
125,1247,214917,5.887268879191771e-11,0.0003885328454171007,4.915095330347237e-05,0.0003885328454171007,1.0862998273212676,5.196164810107235,3.99129984067484,-72.79194462032414,73.07118884061225,-0.02712160335738271,73.07118884061225,0.04671531609052337,12.556558004802495,7.646445262282336,-3.848793905149261,2.3190488063642665,-0.022798954839351706,3.848793905149261,0.3734033005514916,3.751026046052137,1.5523090464515743,0.05591325046413001,1.5647211522495985,0.7980759432900925,0.055388452756730544,1.678962622172175,1.0886524731749638,0.0014852968790297627,1.4106668337027224,0.7736708993474566,0.000894567732350664,-0.7514066020144549,0,0,0,0.004916546920047499,0.8385150463693433,381,0.2076,0.04643,0.9159122576810622,5,5,0,0.2834,294,0.7562193963304127,0.107297,0.10729678632482242,621.5122526394669,289.79515781176764,0.6091701204396007,0.6091702717663933,0.6091702876917027,0.7614628397079916,1.3407154500126835e-06,393,0.0794,0.0962,-0.16697,-0.244418,393,0.1825,0.2208,0.11649,-0.115624,3,0.0197,0.8148,0.008523,6.846,0.0393,0.9539,-0.000971,7.037,0.017,0.9512,-0.001639,7.05,4.0288,1.6991,1.7466,1.7499,0.3708,1.0,0.56478,0.52195,1.29701,0.19141,0.928,1.0431,1.1241,0.5004,2.3221,2.2115,2.5212,22.6998,24.9904,10.762,51,0.166,-0.9163,53,0.1153,-0.7876,1.0
126,1247,214917,4.076121993471308e-11,0.00038854794122686456,4.4888334564473105e-05,0.00038854794122686456,1.0910179388948629,5.1988877969028255,3.9913217635203204,-61.69319494518171,73.03377829108676,-0.07872327547537003,73.03377829108676,0.05310219320197618,12.562595021044915,7.669258927918854,-3.9019025411026687,2.35290160977226,-0.02282142452564819,3.9019025411026687,0.37682065528275405,3.78093541784613,1.5548047905358977,0.06209385250318067,1.574443954379763,0.8071229333941715,0.06050576848721697,1.692825533803273,1.0963891822800087,0.0024132367691311885,1.4104429133277685,0.8402559427779968,0.0010574730217172404,-0.7511815864713101,0,0,0,0.003335623043902164,0.8391960573536047,381,0.1884,0.03899,0.9255936656241889,7,7,0,0.2581,296,0.7595539874586702,-0.141625,-0.1416253743845881,621.5111643853638,289.79465038690483,0.6091701204326612,0.6091702730489197,0.6091702876917104,0.7614628413111496,1.3407698889821264e-06,393,0.0682,0.091,-0.19238,-0.211456,393,0.1753,0.2263,0.12288,-0.120135,3,0.0151,0.9972,0.005769,6.802,0.0341,0.9976,0.003389,7.04,0.0139,1.0,-0.00136,7.017,4.0147,1.6942,1.7536,1.7477,0.3715,1.0,0.56541,0.52227,1.29642,0.19063,0.9217,1.0493,1.1385,0.5004,2.3215,2.211,2.5205,22.7412,24.9469,10.746,51,0.1275,-0.491,53,0.0343,-0.9876,0.0
127,1248,214918,0.0,0.00042888673550309063,4.717911213078795e-05,0.00042888673550309063,1.0926209261826814,5.203385441458046,3.9916837494385575,-63.133954454329306,73.09321969079059,-0.07603826478132047,73.09321969079059,0.01506174168669299,12.565499227957005,7.716901441757027,-3.9572314267558304,2.389833417256291,-0.02304269115145538,3.9572314267558304,0.38027712282412063,3.8092374995043046,1.5569688115039857,0.05592595173537789,1.585222925678582,0.7935634483845625,0.0,1.7039197806771047,1.1039064918852262,1.0,1.0,1.0,0.0010914828840561162,-0.7509521257624948,0,0,0,0.0028637528160585816,0.8407406145388623,381,0.196,0.04089,0.9305361961170259,5,5,0,0.2679,293,0.7590637638328653,-0.371465,-0.3714647842553729,621.5108748480604,289.7945153831166,0.609170103067887,0.6091702733810891,0.609170287691728,0.7614628417263614,1.4799684353449207e-06,394,0.065,0.0802,-0.21503,-0.113937,393,0.1855,0.2273,0.14121,0.308751,3,0.0137,0.8249,0.007115,6.787,0.0372,0.9883,0.002662,7.051,0.0128,0.9014,0.001667,6.989,4.0087,1.6932,1.7589,1.7434,0.3693,1.0,0.56261,0.52643,1.29722,0.19248,0.9225,1.0487,1.1368,0.5,2.3178,2.2074,2.5165,22.7523,24.9072,10.7461,51,0.0993,0.232,53,0.0447,0.2346,1.0
128,1248,214918,1.9350343503866587e-23,0.00044829990311924295,4.634395463216971e-05,0.00044829990311924295,1.097512414327708,5.205854926747929,3.991694486427583,-64.38515337975366,73.17661008852895,-0.09659269977559082,73.17661008852895,0.009016053817445524,12.562701513559562,7.589274780639958,-4.000525807472105,2.398726373369481,-0.02371452298458968,4.000525807472105,0.3841299618132844,3.835166584067163,1.5584939409273442,0.055974140537569425,1.594321275571618,0.8028585380339263,1.4142115624116159e-08,1.717443170816639,1.1127060689719979,0.00017077225438821841,1.4110927340033104,0.8286811622426153,0.0010802057913764155,-0.7506100865203446,0,0,0,0.002751894097759538,0.8427011685714961,381,0.2012,0.03758,0.9252041174290363,2,1,1,0.2748,289,0.7575793944124509,-0.056408,-0.05640831452541506,621.5099245677286,289.7940722918701,0.6091700947105192,0.609170274444486,0.609170287691728,0.7614628430556075,1.5469602244580471e-06,394,0.0425,0.0481,-0.22282,-0.084143,393,0.1833,0.2305,0.14677,-0.136967,3,0.0093,0.4265,0.003619,6.79,0.0374,0.9402,0.001142,7.072,0.0083,0.7091,0.00011,6.987,4.0129,1.6921,1.7622,1.741,0.3682,1.0,0.5605,0.5254,1.29713,0.19288,0.923,1.0481,1.1356,0.5,2.3153,2.2051,2.5138,22.7753,24.8439,10.7303,51,0.0912,0.6725,53,0.0523,0.3947,-1.0
129,1248,214918,6.5955623754892935e-12,0.00046827415349508293,4.9374275390377574e-05,0.00046827415349508293,1.1024209942029886,5.208358022985439,3.991702102697946,-65.21065878371014,73.38641882771492,-0.07378049172351793,73.38641882771492,0.005070483690637673,12.566225873060585,7.5972901823240475,-4.05435750951383,2.414024053686171,-0.02414657046462057,4.05435750951383,0.38788876832861396,3.8594823273561385,1.5608780343295892,0.056050230227445874,1.6044586404307184,0.8158945420500421,0.014086587647782409,1.7313291478653607,1.1209928807662868,0.0007591933806048168,1.4097609064779153,0.790447047570548,0.0010663733757195711,-0.750213186112841,0,0,0,0.0056159760078565175,0.844733085046739,381,0.2217,0.0295,0.9103037838866053,0,0,0,0.2817,291,0.7611870112858212,0.21542,0.21541984817565818,621.5116697303631,289.794886016264,0.6091700861135707,0.609170272460042,0.6091702876917252,0.7614628405750524,1.61588135640462e-06,394,0.0194,0.0128,-0.14276,-0.014119,393,0.1855,0.2225,0.148,-0.127542,3,0.0069,0.1393,0.003505,6.809,0.0416,0.7967,0.002607,7.077,0.0057,0.7094,0.004739,6.993,4.0186,1.6944,1.761,1.7401,0.3673,1.0,0.55461,0.53592,1.2969,0.19184,0.9213,1.0497,1.1394,0.5,2.3129,2.2028,2.5112,22.8458,24.7444,10.6984,52,0.2061,0.4293,53,0.1366,0.2703,-1.0
130,1248,214918,1.6043789809944712e-13,0.0004921856003442523,5.5006433019759475e-05,0.0004921856003442523,1.1074233381211478,5.210862275965689,3.9917062891013653,-65.6618267489498,74.17380876736736,-0.10928277436571412,74.17380876736736,0.010954223873206104,12.559065478455622,7.445945357382753,-4.096165945194701,2.4436020136694054,-0.024329937012677945,4.096165945194701,0.3921969604262503,3.8831579337409936,1.563284188344827,0.06495030506297728,1.61615405400761,0.8143756287888733,0.02634996502727622,1.7437324552949012,1.128897351176472,0.0014458649341039242,1.4110547767327444,0.839097000827324,0.0010482683754634641,-0.7498046377362713,0,0,0,0.005349540487622708,0.8458283631950237,381,0.2411,0.01866,0.8883585767869129,0,0,0,0.2709,296,0.7672218888431201,-0.0731,-0.0730995659797975,621.5133502232474,289.79566958681875,0.6091700758214131,0.6091702704184212,0.609170287691728,0.7614628380230265,1.6983883887774946e-06,394,0.0331,0.0143,-0.20927,0.274696,393,0.1878,0.2325,0.15304,0.417704,3,0.0109,-0.0647,-0.009108,6.833,0.0455,0.6679,0.004362,7.054,0.0085,0.6994,0.003864,7.072,4.034,1.6938,1.7485,1.7532,0.3794,1.0,0.55594,0.53872,1.29659,0.1932,0.9206,1.0504,1.141,0.5,2.3105,2.2005,2.5086,23.1054,24.499,10.6033,52,0.1831,0.442,53,0.124,0.3496,-2.0
131,1248,214918,4.369573392261433e-12,0.0004995328504902067,6.191615810178699e-05,0.0004995328504902067,1.1125503146200728,5.213323739472701,3.991707635903899,-66.95993137340228,74.92100087749735,-0.10892156524961631,74.92100087749735,0.005786349858098561,12.560188402916651,7.275568796017818,-4.1492487655697445,2.4788300691279446,-0.024176406386710276,4.1492487655697445,0.39622761032241094,3.901827186654424,1.5654205551676876,0.056098075792207755,1.6279761043824885,0.808722956646001,0.03822759044506,1.7558360865622142,1.1372883211587113,0.000258312805418881,1.4104024536901032,0.7926546292324651,0.0010195543939973662,-0.7493564553432212,0,0,0,0.005524256923770232,0.847420824935506,381,0.2536,-0.00092,0.8886468138713848,0,0,0,0.2659,298,0.7706074887434697,-0.045171,-0.04517070700242809,621.5152234706638,289.79654303384797,0.60917007265962,0.6091702679913366,0.6091702876917261,0.7614628349891707,1.7237364023071238e-06,394,0.0882,0.1188,-0.19723,0.258636,393,0.1876,0.2438,0.14849,0.358454,3,0.0224,-0.3683,-0.009255,6.867,0.0477,0.5127,0.001977,7.043,0.0166,0.6094,0.002147,7.151,4.0539,1.694,1.7374,1.764,0.3825,1.0,0.55772,0.54028,1.29655,0.19454,0.9235,1.0475,1.1342,0.5,2.3088,2.1988,2.5067,23.1348,24.4437,10.5872,51,0.1107,0.3118,53,0.1535,-0.2216,-1.0
132,1248,214918,2.241505272306842e-11,0.0005188715410293031,7.495298440800997e-05,0.0005188715410293031,1.1178109803228087,5.215719114503882,3.9917043327776756,-68.4380029148528,75.68455957239502,-0.12427537756228749,75.68455957239502,0.008638778827190934,12.55564957933996,7.095869144761735,-4.150217475932853,2.483839754109624,-0.024561536868943298,4.150217475932853,0.3997505928312688,3.9167699517269754,1.5672371485882879,0.05609118487908987,1.6385543087986443,0.8059922448621553,0.05183982063230424,1.7693570736030513,1.1452148674916875,0.00039369378366005403,1.4119248615835984,0.790789104920107,0.0009862669931844862,-0.7488257270837197,0,0,0,0.008218697962092293,0.8493367930255683,381,0.2688,-0.01258,0.8893797457767667,2,1,1,0.2749,298,0.7726058536753067,0.062906,0.06290562815515588,621.5194972819304,289.79853580197954,0.6091700643372446,0.6091702618571959,0.6091702876917183,0.7614628273214948,1.7904560476587434e-06,394,0.1429,0.1706,-0.21724,0.000142,393,0.1966,0.2565,0.13527,-0.008097,3,0.0384,-0.691,0.002217,6.866,0.053,0.292,0.001245,7.042,0.0282,0.4895,0.001701,7.144,4.0521,1.6945,1.7379,1.763,0.3696,1.0,0.5581,0.53693,1.2962,0.1942,0.9197,1.0512,1.143,0.5,2.3087,2.1988,2.5066,23.0403,24.5166,10.6192,52,0.0368,-0.6354,54,0.102,-0.1317,-1.0
133,1248,214918,3.588636436374097e-11,0.0005930527284583339,8.881606888378336e-05,0.0005930527284583339,1.1231128157006998,5.218088417041209,3.9916971168312476,-69.71540376838773,76.41934881207412,-0.12163641225599196,76.41934881207412,0.004552859911923335,12.563498074946686,6.939962414552644,-4.196161656995124,2.5129006771823823,-0.024513605083342115,4.196161656995124,0.40340231167035734,3.9301599908573635,1.569174489238499,0.08846141305314392,1.6485062016957759,0.8077522188730256,0.06560721053075408,1.7833322940878868,1.1531227585233406,0.0001803691384925088,1.4136839105324908,0.8411181436653087,0.0009547145077372024,-0.7482626724044306,0,0,0,0.012016619951797342,0.8511606210536719,381,0.2864,-0.01164,0.9005477448071665,0,0,0,0.3013,293,0.7701839197841468,0.054416,0.0544158399181387,621.523134179706,289.8002315937525,0.6091700324075351,0.6091702559838346,0.6091702876917126,0.7614628199797931,2.04641909772414e-06,394,0.1807,0.1965,-0.20936,-0.128352,393,0.1974,0.2575,0.12745,0.009829,3,0.0518,-0.8159,0.007614,6.867,0.0568,0.1552,-0.000639,7.052,0.0358,0.4445,0.002218,7.101,4.0458,1.6974,1.7431,1.7551,0.3651,1.0,0.56021,0.54006,1.29564,0.19445,0.9209,1.05,1.1402,0.5,2.3087,2.1988,2.5066,23.0873,24.4799,10.6033,50,0.0647,-0.6442,52,0.0952,0.101,3.0
134,1248,214918,6.210730931558822e-11,0.0006829391686845733,9.998580696891447e-05,0.0006829391686845733,1.1284670783630824,5.220445491132428,3.9916860113484396,-70.87544192131777,77.13824736289675,-0.13287248240618998,77.13824736289675,0.013231847239683403,12.561068492841192,6.900335109788232,-4.200841759798449,2.5435076514540977,-0.024625137238462436,4.200841759798449,0.40750291000627653,3.945462359100429,1.5709582390960533,0.07011587783837969,1.656956917357587,0.8104434874838525,0.07973117329246944,1.7973035113868647,1.1615339399450584,0.0013329634585479422,1.413620383161891,0.9165981922376064,0.0009263706544467371,-0.747633404581995,0,0,0,0.015031441152004886,0.8529483124383537,381,0.3087,-0.01141,0.9178476810612592,0,1,-1,0.3259,289,0.768512823714373,-0.067766,-0.0677661345147531,621.5253340322406,289.80125732833733,0.6091699937164589,0.6091702521395896,0.6091702876917013,0.761462815174487,2.3565776593951104e-06,394,0.1951,0.2014,-0.19111,-0.123823,393,0.2014,0.2509,0.13358,-0.00289,3,0.0602,-0.9188,0.004496,6.859,0.0625,0.0789,-0.00035,7.051,0.0395,0.321,0.00107,7.067,4.0372,1.6989,1.7464,1.7504,0.3662,1.0,0.56347,0.54211,1.29504,0.1951,0.9241,1.0468,1.1329,0.5,2.3087,2.1988,2.5066,23.0869,24.4795,10.6032,50,0.0798,-0.1839,52,0.0238,0.8832,-0.0
135,1248,214918,4.8783324143191334e-11,0.0007520226825394341,0.00010442329172752559,0.0007520226825394341,1.133927221244772,5.222749267270605,3.9916729091303145,-68.9930579894751,77.8106875804033,-0.11230373997330269,77.8106875804033,0.0005013274588758776,12.563235144057689,6.852567869574539,-4.253819412358982,2.5896934228179473,-0.024581326413255413,4.253819412358982,0.4114640185789961,3.9565068453700896,1.5723959381308308,0.06300170999939858,1.665056856871692,0.8086440776630532,0.09371334063092522,1.8110657682797902,1.1706999219178147,0.0060847449515786245,1.4136987247042607,0.9200642037125686,0.0009025730779242625,-0.7469619845491727,0,0,0,0.0177547579090561,0.8548218031942477,381,0.3236,-0.00581,0.9349183849444055,2,2,0,0.3461,290,0.7710494698619175,-0.017027,-0.017027138899355254,621.5262305856094,289.8016753680846,0.6091699639795757,0.6091702505097973,0.6091702876917071,0.7614628131372466,2.5949562975585656e-06,394,0.1888,0.1984,-0.19728,-0.022909,393,0.2102,0.2595,0.12764,0.087548,3,0.0612,-0.9887,0.002373,6.856,0.0684,0.0187,0.002223,7.044,0.04,0.1317,0.00278,7.061,4.0342,1.6995,1.746,1.7502,0.3642,1.0,0.56242,0.53765,1.29472,0.19579,0.9218,1.049,1.138,0.5,2.3086,2.1987,2.7044,23.086,24.3685,10.5555,49,0.1021,0.4564,52,0.1251,0.3884,-1.0
136,1248,214918,2.2241768026457656e-10,0.0008180086037583318,0.00010367212829067648,0.0008180086037583318,1.1394352876954228,5.224988838506279,3.991658905794022,-69.79497012214915,78.42351247212842,-0.13301693843560772,78.42351247212842,0.0015051255407723119,12.544182756111466,6.80982960215475,-4.307586489881258,2.62419546367365,-0.024748391942426468,4.307586489881258,0.41418086905968216,3.962888172093779,1.5735156584003884,0.056175359186682775,1.6738613263291748,0.8119061663624848,0.09875225926061253,1.825141370906276,1.1799005637905715,0.0023137290474867234,1.411103870861786,0.8361794890651256,0.0008849985544410465,-0.7462332063875473,0,0,0,0.016569030071964884,0.8560131040053282,381,0.3194,-0.03302,0.9450309218401034,3,3,0,0.3454,291,0.7730070182738353,0.029207,0.029207140643606078,621.5258594111729,289.8015022990036,0.6091699355751763,0.6091702511889769,0.6091702876916323,0.7614628139862212,2.8226513571152885e-06,394,0.1789,0.185,-0.2015,-0.042277,393,0.217,0.276,0.11546,0.023319,3,0.0572,-0.9415,0.002148,6.832,0.0697,-0.2237,0.001691,7.021,0.039,-0.1179,0.001674,7.034,4.0202,1.6995,1.7465,1.7498,0.3676,1.0,0.56901,0.52754,1.29422,0.1959,0.922,1.0488,1.1376,0.5,2.3085,2.1986,2.7042,23.132,24.3308,10.5397,49,0.1093,0.9394,51,0.1486,0.448,-1.0
137,1248,214918,1.2840771718008181e-10,0.000838129658571484,9.837951412001784e-05,0.000838129658571484,1.1450058960614893,5.227190125930744,3.9916418115323156,-62.125297047214744,72.38081855548926,-0.07882374195634753,72.38081855548926,0.0015682444753881697,12.565105559271267,6.725996139186796,-4.364225376121452,2.667077521574195,-0.024799048498526887,4.364225376121452,0.41831248420003225,3.9775878433246254,1.5754172154555652,0.05619629867177206,1.6858176848446802,0.8144831851774443,0.09984395868760602,1.8391478516357753,1.1882623587223378,0.00040875842306731247,1.4113534659851676,0.8004054823924454,0.0008724652381549429,-0.7454243021666391,0,0,0,0.015768774719017498,0.8576066138068636,381,0.2969,-0.05744,0.9723991400290238,0,0,0,0.3285,288,0.7716183096332337,-0.031662,-0.031662052268357055,621.5251822439411,289.80118655336224,0.6091699269132111,0.6091702524118647,0.6091702876916728,0.7614628155148309,2.8920849791522707e-06,394,0.1674,0.1726,-0.1812,-0.042646,393,0.2219,0.2793,0.1006,-0.060237,3,0.0501,-0.71,0.000517,6.813,0.0662,-0.4878,-0.002932,7.008,0.0375,-0.2685,-0.001987,6.997,4.0068,1.7004,1.7489,1.7464,0.3694,1.0,0.57156,0.53476,1.29363,0.19706,0.9261,1.0447,1.1281,0.5,2.3084,2.1985,2.7042,23.1314,24.3301,10.5398,50,0.1536,0.6351,51,0.0893,0.9683,-1.0
138,1248,214918,7.323946002369527e-11,0.0009194574228765304,0.00010098755428808139,0.0009194574228765304,1.1506677034241972,5.229341744174248,3.9916208803011344,-63.46958881502503,72.02040941021586,-0.08097756020953022,72.02040941021586,0.002962004679107011,12.563798617658488,6.669595908808123,-4.404504514624645,2.7148902850188894,-0.025191636426487245,4.404504514624645,0.42243755771978286,3.991826138338256,1.5773699305008397,0.11581737333914288,1.6966252113699918,0.8203473345803645,0.10176336565132232,1.8519277996056145,1.1962664136337497,0.0019982862958414227,1.413980120555245,0.9048704451073893,0.0008624298394264899,-0.7445600694194192,0,0,0,0.019723640379926115,0.8591010256730065,381,0.31,-0.06408,0.9996784670280827,0,0,0,0.3383,287,0.772041715251819,0.078788,0.0787880331859554,621.5253995268317,289.8012878667785,0.60916989190549,0.6091702520217539,0.6091702876916965,0.7614628150271924,3.172716828295133e-06,394,0.1484,0.154,-0.16878,0.037839,393,0.2174,0.2802,0.1081,0.082604,3,0.0468,-0.6732,-0.00279,6.801,0.0677,-0.5296,-0.000731,6.998,0.0328,-0.2707,-0.002166,6.999,4.0028,1.6989,1.7483,1.7484,0.3712,1.0,0.57679,0.53594,1.29318,0.197,0.9251,1.0456,1.1302,0.5,2.3084,2.1985,2.7042,23.0371,24.4033,10.5715,50,0.2279,-0.0047,51,0.1348,0.1187,2.0
139,1248,214918,1.8548453200361966e-12,0.0009604715785853248,0.00010270154364380355,0.0009604715785853248,1.1511464663304374,5.231357426021999,3.9915988592411478,-64.35538409130763,71.99368345929248,-0.07417801398703569,71.99368345929248,0.0022530766193504803,12.562194175084752,6.6184953053667295,-4.475118492989982,2.7730028930404798,-0.025612723420012303,4.475118492989982,0.4273063057296337,4.00186161429173,1.5789719712074903,0.07680267091286608,1.6876749711813506,0.8183082781869743,0.10964770876714024,1.8658971590261197,1.205315118182545,0.0008499348993011857,1.413727962899657,0.8284040610398419,0.0008484922534974808,-0.7436568720278988,0,0,0,0.020233352877150862,0.8603613895613774,381,0.3217,-0.06941,1.0068969928247617,0,0,0,0.3462,290,0.7755879177650774,0.02694,0.026940399891173028,621.5247943187165,289.80100567382016,0.609169874249522,0.6091702531029888,0.6091702876917272,0.7614628163787359,3.3142451536775024e-06,394,0.136,0.1245,-0.16408,0.15774,393,0.2123,0.2762,0.11718,0.057152,3,0.0445,-0.6395,-0.00483,6.798,0.0687,-0.6337,0.001957,6.989,0.0294,-0.1895,-0.00052,7.033,4.0071,1.6964,1.7442,1.755,0.3702,1.0,0.57774,0.52581,1.29279,0.19716,0.9239,1.0468,1.1329,0.5,2.3084,2.1985,2.6382,23.0369,24.4398,10.5873,50,0.2374,-0.516,51,0.2322,-0.5446,-4.0
140,1248,214918,1.3636629363275984e-10,0.000923358004238236,0.00010366658656899445,0.000923358004238236,1.149129337718484,5.233329218028753,3.9915722246858754,-65.27058068041269,72.01812225702068,-0.10214318618579041,72.01812225702068,0.00020582776801703062,12.55572755315712,6.543063259308614,-4.552375922627769,2.8243319110411336,-0.02616657480773372,4.552375922627769,0.43244950250921727,4.016487475072396,1.5809015899599355,0.056389740940367986,1.656823571566247,0.8057313700683475,0.11696980211419686,1.8796440557271683,1.2135991585773733,0.0001313013771280236,1.4134164657259005,0.8754701071023888,0.0008332989095092449,-0.7427227066082334,0,0,0,0.020955675825053862,0.8619287329783641,381,0.3188,-0.07698,1.0049221433404554,2,2,0,0.342,290,0.7768748461010299,-0.056402,-0.056401511803310544,621.5243716167365,289.80080857877255,0.6091698902246923,0.6091702538483188,0.6091702876916694,0.7614628173103984,3.1861816009642096e-06,394,0.1511,0.1382,-0.1804,0.192143,393,0.1987,0.2614,0.1096,-0.052823,3,0.0485,-0.4502,-0.003796,6.807,0.0636,-0.8135,-0.000352,6.993,0.0301,-0.1531,-0.001278,7.06,4.0149,1.6954,1.7417,1.7584,0.3742,1.0,0.58264,0.51762,1.29208,0.19798,0.9271,1.0436,1.1256,0.5,2.3079,2.198,2.6376,23.0792,24.398,10.5715,50,0.1339,-0.9873,51,0.2188,-0.9651,-4.0
141,1248,214918,2.579883520642631e-10,0.0009620248300912452,0.00011414111443300741,0.0009620248300912452,1.147232105097157,5.235268021423203,3.991542227090878,-66.71788180467233,71.97705900308777,-0.01672356873068817,71.97705900308777,0.01282328989169379,12.556363879359846,6.5677966681650926,-4.607572049389046,2.8482410345007323,-0.026270075487408995,4.607572049389046,0.43764850914010667,4.030196124679682,1.5829307121164964,0.056432956813469694,1.6071633045315048,0.8294871678458159,0.12218550956314013,1.8937480864266316,1.2223538595294354,0.0003459876061189249,1.4140678171029597,0.9195657169169544,0.0008193377574731343,-0.7416316913648924,0,0,0,0.028146732788445896,0.8637831490619874,381,0.3291,-0.05933,0.9887235695655705,2,2,0,0.3575,287,0.7762493722383971,0.027036,0.02703595214927823,621.5252734046228,289.8012290592405,0.6091698735816166,0.6091702522483458,0.609170287691617,0.7614628153104321,3.319602312295889e-06,394,0.1799,0.1632,-0.18797,-0.080872,393,0.1863,0.2628,0.08719,0.019301,3,0.0595,-0.4182,0.003762,6.818,0.0616,-0.8254,0.001302,6.995,0.0336,-0.1676,0.003514,7.052,4.0159,1.6977,1.7419,1.756,0.3728,1.0,0.5834,0.5226,1.29174,0.19883,0.9279,1.0428,1.1239,0.5,2.3057,2.3057,2.5692,23.2448,24.2277,10.5077,50,0.024,0.5046,51,0.1075,-0.9159,-2.0
142,1248,214918,3.29162337515683e-11,0.0009366199395487466,0.0001195571347331207,0.0009366199395487466,1.1454521613206896,5.236998448854896,3.9915103464936417,-67.8067705396978,71.9585168958846,-0.041957607615197,71.9585168958846,0.003107095672946869,12.547283177902699,6.539845673366166,-4.690269062586315,2.8873811789583104,-0.026747192326060494,4.690269062586315,0.44223733539969734,4.03924694933029,1.5838983678733438,0.07355461174975098,1.6170811195568424,0.8320098410065887,0.13238745102783955,1.9078810991685788,1.2315495172635251,0.0022314662747379144,1.4139211921335797,0.908363908833619,0.0008072192705012388,-0.7406030481421779,0,0,0,0.027832786406943522,0.8651822574509928,381,0.3277,-0.05812,0.996140910556544,0,0,0,0.3591,287,0.7775116043094221,0.021195,0.021195463065744935,621.5275486548699,289.80228994983696,0.609169884519905,0.6091702480475887,0.6091702876917139,0.7614628100594858,3.231927324352302e-06,394,0.2039,0.1858,-0.16829,-0.194011,393,0.1801,0.2718,0.09082,0.054909,3,0.0672,-0.3169,0.006038,6.816,0.0591,-0.8127,0.00043,7.008,0.037,-0.295,0.001337,7.024,4.0128,1.6987,1.7465,1.7505,0.3744,1.0,0.58538,0.53003,1.29104,0.19844,0.9218,1.0488,1.1378,0.5,2.3034,2.3034,2.5666,23.2689,24.1672,10.492,50,0.1273,0.9827,51,0.0519,0.8179,1.0
143,1248,214918,2.2177475991471241e-10,0.0007917834744616257,0.00011859392732037052,0.0007917834744616257,1.1437881789860382,5.238562232460642,3.9914750585860994,-69.14873353092194,71.95068819044393,-0.046804851792522556,71.95068819044393,0.008510120480195837,12.562529482685449,6.50317429061802,-4.756714043021174,2.890523195069806,-0.02712008714726741,4.756714043021174,0.4463278697728556,4.044021175657506,1.5843439128117616,0.05645395288649166,1.6216960080480554,0.8263092831350785,0.1418345882870714,1.9216901510790578,1.2406331562823203,0.0023347136393992995,1.4123651313288175,0.9323737291831352,0.0008024685816342003,-0.7395230459444037,0,0,0,0.0222526217880776,0.8665199803481262,381,0.3016,-0.06682,1.0005432320243302,0,0,0,0.3304,286,0.77786496612236,-0.02301,-0.023009750643685045,621.5288898259128,289.8029153033555,0.6091699468675116,0.6091702454613541,0.6091702876916325,0.7614628068266927,2.732144615014706e-06,394,0.2345,0.2215,-0.15867,-0.088386,393,0.1771,0.261,0.1195,0.090496,3,0.071,0.0381,0.001908,6.821,0.0536,-0.8864,-0.000325,7.017,0.0418,-0.4963,0.000265,7.018,4.0139,1.6993,1.7481,1.7483,0.3745,1.0,0.58543,0.51682,1.2906,0.19937,0.9269,1.0437,1.126,0.5,2.3011,2.3011,2.5641,23.293,24.107,10.4763,50,0.1265,0.9684,51,0.1399,0.7829,-1.0
144,1248,214918,2.52255066057034e-10,0.0007822027688572489,0.00013030163379412025,0.0007822027688572489,1.1422509421475409,5.240088343413371,3.9914373182768417,-70.53879959563527,71.95543932693678,-0.07575047257949351,71.95543932693678,0.004209431549313081,12.54530645116232,6.44616895257009,-4.796615559163658,2.9192905000489775,-0.027129282923579873,4.796615559163658,0.449962782566399,4.052697812962757,1.5858494016106166,0.06174823103624372,1.631309137699538,0.8123903520624943,0.14470689637263304,1.9332079179334913,1.2499568935838987,0.0008639032729284013,1.4140012648148617,0.9222720004555044,0.000805131711065871,-0.738383093530493,0,0,0,0.022049072136612464,0.8680453932169941,381,0.3034,-0.06512,1.0062651965075513,1,1,0,0.3254,285,0.7783168494885444,0.045526,0.04552610647508315,621.5311835623761,289.80398481359856,0.6091699509936933,0.6091702408488184,0.6091702876916195,0.761462801061023,2.6990752710331447e-06,394,0.2549,0.2399,-0.16013,-0.047173,393,0.1775,0.259,0.11554,-0.011245,3,0.0776,0.2089,0.00107,6.82,0.0545,-0.8926,-0.002634,7.02,0.0458,-0.6274,-0.001376,6.997,4.0102,1.7006,1.7504,1.7447,0.3784,1.0,0.58947,0.50727,1.29024,0.20007,0.9269,1.0437,1.1261,0.5,2.2989,2.2989,2.5617,23.3179,24.0477,10.4605,50,0.0556,0.7887,51,0.1629,0.5978,-2.0
145,1248,214918,5.410419009742392e-10,0.0007214125846627305,0.0001365122182268023,0.0007214125846627305,1.1408462589685056,5.241396001336649,3.9913958689674383,-64.03360822414535,71.60130005442424,-0.06793476571061258,71.60130005442424,0.02032924990888496,12.546740140823042,6.3909159528533985,-4.8517849065106,2.9816692592326786,-0.02710055841032709,4.8517849065106,0.4509402016868712,4.056322100640935,1.5862073658031803,0.07045801998874235,1.6329958253728243,0.8296432480996009,0.15496375109348798,1.9472683128152815,1.2591796135757682,0.001325582791407931,1.4132048132997068,0.8900000701237841,0.000810480061805245,-0.7370721638477898,0,0,0,0.021764107398115656,0.8693016873974633,381,0.2947,-0.0511,1.0035270963001606,4,4,0,0.2989,281,0.775975859011661,0.034106,0.03410628602389143,621.5325611937859,289.8046271676473,0.6091699771621538,0.6091702379637318,0.6091702876914952,0.7614627974546647,2.4893066467341288e-06,394,0.2696,0.2539,-0.16698,-0.020365,393,0.1783,0.2625,0.10124,-0.226756,3,0.0797,0.4348,-0.000608,6.823,0.053,-0.9438,-0.001709,7.025,0.0485,-0.708,-0.001468,6.994,4.0113,1.7008,1.7513,1.7436,0.3767,1.0,0.58385,0.51846,1.28973,0.19993,0.926,1.0446,1.128,0.5,2.2967,2.2967,2.5592,23.2484,24.0608,10.4762,50,0.0467,-0.9135,52,0.1074,0.2599,-4.0
146,1249,214919,0.0,0.000803302312763767,0.00013514384686034384,0.000803302312763767,1.1398713207957776,5.239228146536078,3.991675949649371,-65.02109750661593,71.99290327397034,-0.10331814500261434,71.99290327397034,0.0001963794516519901,12.564452174129364,6.385177470747894,-4.911570970715437,3.0337730225775923,-0.02724851181713955,4.911570970715437,0.4538510673711183,4.063367314335072,1.586853523717416,0.10427664334867826,1.6435519444536035,0.820072558793726,0.0,1.9613830744702196,1.2670643383529538,1.0,1.0,1.0,0.0008184832119792282,-0.7357661460092844,0,0,0,0.0189148302270804,0.8701602920419188,382,0.277,-0.04142,1.0085103947751186,3,3,0,0.2902,285,0.7788829452196594,-0.003294,-0.00329380889049391,621.5326095161672,289.80464969912924,0.6091699419127516,0.6091702378609799,0.609170287691728,0.7614627973262248,2.7718751703871665e-06,394,0.2696,0.2568,-0.1618,-0.025007,393,0.1769,0.2658,0.10897,-0.209585,3,0.0749,0.7117,-0.002471,6.822,0.0497,-0.9999,0.000342,7.018,0.0485,-0.7035,-0.000166,7.007,4.0122,1.7003,1.749,1.7464,0.3796,1.0,0.58686,0.52751,1.2904,0.20051,0.9258,1.0448,1.1285,0.4996,2.2931,2.2931,2.5552,23.3524,23.9504,10.4446,50,0.0788,-0.9939,52,0.0714,-0.5997,-3.0
147,1249,214919,5.325641869965157e-23,0.0007282603041501754,0.00013945056033544124,0.0007282603041501754,1.1387473218583282,5.240394070793629,3.991627585395712,-65.22722524107455,72.6158486018206,-0.09035379063901437,72.6158486018206,0.013869825528683877,12.555662499228198,6.426680070543204,-4.963411123491988,3.0090936449751657,-0.027329193152941682,4.963411123491988,0.4557123097750421,4.066722075741739,1.587183917752041,0.05667519034696098,1.6498784631240453,0.824059258524851,1.4142115624116159e-08,1.9754248680950266,1.2760699907202568,0.002557094171624086,1.4139952934307383,0.916147848680323,0.0008119775106542165,-0.7343670615362858,0,0,0,0.02082485687095666,0.8713235404690615,382,0.2887,-0.05796,1.0460074252783564,0,0,0,0.3074,284,0.7793306107654077,0.006286,0.0062864669217785885,621.5335478418663,289.80508721623835,0.6091699742152429,0.609170235844466,0.609170287691728,0.7614627948055824,2.5129314020867526e-06,394,0.2658,0.2534,-0.1606,0.016986,393,0.1796,0.2551,0.11486,0.009589,3,0.077,0.7465,-0.001549,6.818,0.0529,-0.9908,0.003417,7.011,0.0487,-0.6496,0.001451,7.031,4.0149,1.6983,1.7462,1.7512,0.3763,1.0,0.58773,0.52155,1.29067,0.20087,0.9268,1.0436,1.126,0.5004,2.2909,2.2909,2.6182,23.3767,23.8546,10.4128,50,0.0915,-0.9911,51,0.1224,-0.9965,-4.0
148,1251,214921,0.0,0.0007575007746834733,0.00013771803159616432,0.0007575007746834733,1.1388368458931593,5.234756365098057,3.992025088226152,-65.86392902626972,73.19259135053633,-0.1000165701788904,73.19259135053633,0.011880049903190582,12.554854327026709,6.391760169863738,-4.980311557796274,3.06563122597045,-0.02749038790517139,4.980311557796274,0.4590242861121164,4.072572293436668,1.5878670022021628,0.059708960949327095,1.6599651483099869,0.814671551578585,0.0,1.9893915409499787,1.2831767424801277,1.0,1.0,1.0,0.0008095284565291113,-0.7329138233974563,0,0,0,0.021635740818887663,0.8691396090623075,384,0.2956,-0.07004,1.079841119466641,1,1,0,0.3205,286,0.7767114206599526,-0.004963,-0.004963143200635622,621.5326588911194,289.80467272139794,0.6091699616279587,0.6091702377558659,0.609170287691728,0.7614627971948323,2.6138321634713338e-06,394,0.2582,0.2472,-0.17172,0.124917,393,0.1771,0.2553,0.10568,-0.108612,3,0.0765,0.7574,-0.00193,6.83,0.0531,-0.9551,-0.001161,7.017,0.0463,-0.5301,-0.000824,7.045,4.0212,1.6986,1.7451,1.752,0.3772,1.0,0.58753,0.51262,1.29105,0.20169,0.9278,1.0429,1.1241,0.4996,2.2854,2.2854,2.6772,23.5074,23.6525,10.3494,50,0.0865,-0.9634,51,0.1816,-0.9975,-3.0
149,1253,214923,0.0,0.0008194477633166919,0.00013474992117072749,0.0008194477633166919,1.1427689942048578,5.238025153307797,3.9929307070801765,-66.69648562788602,73.87145986775866,-0.07438921044587525,73.87145986775866,0.015669381458437215,12.562467337060438,6.4385563673907695,-5.025232301417704,3.0642904511773605,-0.02800821738332658,5.025232301417704,0.4602209099614789,4.074361778716542,1.5879683707053551,0.08252608887027424,1.6630083666249353,0.8229657586441249,0.0,2.002689641612523,1.2899249695758508,1.0,1.0,1.0,0.0008055489890641203,-0.7313698843924905,0,0,0,0.02183168979590531,0.8702291979004739,384,0.2813,-0.06192,1.0969836577263008,0,0,0,0.3021,285,0.7767366236598064,-0.055738,-0.05573843716210991,621.5330425178985,289.8048515966856,0.6091699349632229,0.6091702369353915,0.609170287691728,0.7614627961692394,2.8275846963980354e-06,394,0.2559,0.2576,-0.18358,-0.008892,395,0.1793,0.2328,0.0836,-0.034643,3,0.0723,0.8636,-0.001009,6.842,0.0509,-0.8143,-0.004731,7.004,0.0462,-0.4104,0.000144,7.021,4.0161,1.7037,1.7439,1.7483,0.3739,1.0,0.58368,0.52565,1.29233,0.20248,0.9278,1.0425,1.1237,0.5012,2.2813,2.2813,2.6724,23.7446,23.4652,10.2859,50,0.0277,-0.9607,50,0.1245,-0.9986,-6.0
150,1253,214923,1.460719972553951e-23,0.0008288053261172309,0.0001443097598400562,0.0008288053261172309,1.1420325528918989,5.23904509545004,3.9928734689449015,-66.59957436640188,74.59942130587882,-0.13031372929303675,74.59942130587882,0.006144708258291942,12.564907322694747,6.407401838739261,-5.077050402557311,3.057292533629632,-0.028556828625802753,5.077050402557311,0.4621997675118841,4.0775633557827495,1.5885065035265578,0.10291134646730893,1.672031148318511,0.8303969361781662,1.4142115624116159e-08,2.016094334830561,1.2987312261228061,0.0035388737258548186,1.4137856707810657,0.8915525516420193,0.0007978333628289359,-0.729790766529717,0,0,0,0.024303788266040818,0.8715462200661622,384,0.2867,-0.05252,1.0880441331981856,1,2,-1,0.2951,285,0.7778098270249316,0.022043,0.022042502843994782,621.5347034443804,289.80562604393083,0.6091699309371,0.609170233306127,0.609170287691728,0.7614627916326586,2.859866240110862e-06,394,0.2497,0.2535,-0.18237,0.005844,395,0.1902,0.2397,0.06696,0.011891,3,0.0717,0.9015,0.000907,6.839,0.0547,-0.8019,-0.001555,6.979,0.0475,-0.4643,0.002241,6.993,4.0054,1.7076,1.7425,1.7458,0.3745,1.0,0.5896,0.53395,1.29267,0.20346,0.926,1.0444,1.1278,0.5004,2.605,2.1708,2.6701,23.7704,23.4086,8.986,50,0.0522,0.9972,50,0.0349,-0.0855,-4.0
151,1253,214923,1.9621240280512787e-12,0.0008623470629970785,0.00014739981901970486,0.0008623470629970785,1.1414199714226347,5.240023842700949,3.9928123090620025,-67.25643858692118,75.18206893734695,-0.1138149668563652,75.18206893734695,0.019505603178565423,12.56002850500743,6.443939863993891,-5.138926053243962,3.0879307280828536,-0.028545276344381892,5.138926053243962,0.4657368710991466,4.08060564867183,1.5898356063886465,0.05682780369694463,1.6836166533551442,0.8274552699676528,0.013280750520134362,2.0299369199087267,1.3076467513583367,0.0017095279188228396,1.4132495711496889,0.8603687255651128,0.0007961943637879218,-0.7282064192472467,0,0,0,0.02123723025364989,0.872636943294803,384,0.2827,-0.03584,1.0643284011952325,0,0,0,0.2887,284,0.7779432559752792,0.071157,0.07115720660146918,621.5350395534243,289.8057827629223,0.6091699164993003,0.6091702325564345,0.6091702876917271,0.7614627906955431,2.975603367109233e-06,394,0.2379,0.2512,-0.17368,0.049657,395,0.2014,0.2453,0.06935,-0.079267,3,0.0676,0.9748,0.000557,6.839,0.0573,-0.7516,-0.001171,6.971,0.048,-0.5856,0.000631,6.978,4.0008,1.7094,1.7424,1.7441,0.3733,1.0,0.5914,0.52674,1.29183,0.20339,0.9241,1.0463,1.1322,0.5004,2.6029,2.1691,2.668,23.891,23.2816,8.9445,50,0.1444,0.9853,50,0.1796,0.9795,-1.0
152,1254,214924,0.0,0.000989229065450037,0.0001468268883220887,0.000989229065450037,1.1431458985323928,5.241826998678826,3.993142085053379,-67.93056254665072,75.78258532200445,-0.10789388709036105,75.78258532200445,0.016220313043357137,12.557089268962025,6.40667324266285,-5.16651788248205,3.143428116384636,-0.028790237021266055,5.16651788248205,0.46914658639423035,4.082089817077771,1.591166244780243,0.0690800690895097,1.6960328783682501,0.8236262427681221,0.0,2.0436740749440157,1.3152007969619919,1.0,1.0,1.0,0.0008129271752261364,-0.7265657426864102,0,0,0,0.020006845349943833,0.8735764307798611,384,0.2773,-0.02009,1.0479315278135912,2,2,0,0.2731,282,0.7770021455816275,0.011418,0.011418423056628102,621.5350480339922,289.80578671719275,0.6091698618833118,0.609170232537436,0.609170287691728,0.7614627906717949,3.4134206796062947e-06,394,0.2233,0.2301,-0.16273,0.049657,396,0.2013,0.2334,0.08814,-0.285924,3,0.0623,0.9986,0.001742,6.847,0.0562,-0.6803,-0.002786,6.963,0.045,-0.7181,0.001333,6.951,3.9956,1.7136,1.7427,1.7396,0.3743,1.0,0.59545,0.52512,1.29247,0.2036,0.9263,1.0442,1.1272,0.5,2.6007,2.1672,2.6657,23.9169,23.2616,8.9444,50,0.1168,0.9989,50,0.218,0.9946,-0.0
153,1254,214924,7.412358994110784e-23,0.0011408885654957649,0.00015326374977733953,0.0011408885654957649,1.1427419936398335,5.242734622994286,3.9930735881704527,-68.5551000424455,76.4346874319943,-0.06285535388386042,76.4346874319943,0.008971959328055945,12.546616779356402,6.434772936006885,-5.235141274383197,3.166605410071598,-0.02925778112609445,5.235141274383197,0.471008371427144,4.082599105878975,1.5914905392856833,0.06315405308889699,1.7052982473724543,0.8477641401225424,1.4142115624116159e-08,2.0574297966437483,1.3240616076214753,0.009421657239705006,1.4125378927940704,0.8989989101649827,0.0008311422711331207,-0.7247790419418236,0,0,0,0.026355215023982477,0.8747867095719247,384,0.2872,-0.01778,1.0561672866481164,1,1,0,0.2795,278,0.7745214598725622,-0.042786,-0.042786459217261985,621.5366815476102,289.8065483825255,0.60916979660498,0.6091702288204354,0.609170287691728,0.7614627860255442,3.936724590466698e-06,394,0.2197,0.2138,-0.15943,0.025512,396,0.1997,0.2272,0.10779,-0.251394,3,0.0634,0.9299,0.002255,6.856,0.0578,-0.5893,-0.001296,6.955,0.044,-0.8451,0.002612,6.93,3.9918,1.7176,1.7424,1.7361,0.3742,1.0,0.59414,0.5375,1.29266,0.20515,0.9281,1.0424,1.1232,0.5,2.5993,2.1661,2.6643,23.9969,23.1769,8.9166,50,0.0334,0.5539,50,0.1351,0.9918,-1.0
154,1254,214924,6.030297622560008e-11,0.0012828016044722256,0.00015875349720026713,0.0012828016044722256,1.142405904869086,5.243577493720168,3.9930041045016846,-69.30337984058184,73.42591805810305,-0.0863680051820878,73.42591805810305,0.016852116706628895,12.566342665762608,6.468615761302372,-5.283398204732538,3.201239030673109,-0.029749420466508966,5.283398204732538,0.47447811327123207,4.082031130950741,1.592767672965045,0.07638280325930846,1.7175918262792713,0.8340514690189617,0.014043835459693546,2.071523897978798,1.33305159659756,0.0008995115707042256,1.411329018447568,0.9364074028161403,0.0008620034782991394,-0.7230737921270265,0,0,0,0.0285291646331158,0.8759641136585082,384,0.2942,-0.01446,1.0654412335046382,2,2,0,0.2852,276,0.7738839361961333,0.026704,0.026703813511771868,621.537075357896,289.8067320061201,0.6091697355202204,0.609170227906221,0.6091702876917021,0.7614627848827762,4.4264037470500705e-06,394,0.2159,0.1935,-0.16146,-0.020285,396,0.1914,0.2336,0.12816,0.549428,3,0.0639,0.8264,0.000668,6.851,0.0571,-0.508,0.00183,6.941,0.0418,-0.9049,0.002438,6.927,3.9875,1.7182,1.7406,1.7372,0.379,1.0,0.60059,0.53918,1.29251,0.20448,0.9273,1.0432,1.125,0.5,2.5979,2.1649,2.6628,24.0301,23.1281,8.9026,49,0.0546,-0.9594,50,0.0453,-0.0606,-2.0
155,1254,214924,2.834168551771057e-10,0.001403947119762434,0.00016607844378129636,0.001403947119762434,1.1421897541289139,5.2443620311172,3.9929328028577378,-70.01588351591472,73.68820935826986,-0.07740042928393573,73.68820935826986,0.013236256181699657,12.55807644647984,6.486770688620555,-5.340568644108636,3.2296996891224006,-0.030292821991829474,5.340568644108636,0.47788339630773496,4.0802281147206,1.5939849470854186,0.05693082902006221,1.7293084929951976,0.8284297915903835,0.027789761203421186,2.0831467706374123,1.3424156705631014,0.0008810542508079777,1.4135668416768328,0.8894242583151706,0.0009052236042750003,-0.7212276073649875,0,0,0,0.027811181455723276,0.876983977825217,384,0.2962,-0.0173,1.0766017886280976,2,1,1,0.2989,277,0.7759655713630328,0.002058,0.0020584396973797325,621.5376499486281,289.8069999229812,0.6091696833753169,0.6091702265597283,0.609170287691606,0.7614627831996603,4.8444210116924205e-06,394,0.2181,0.1917,-0.15633,0.151875,396,0.202,0.2251,0.1262,0.35888,3,0.0651,0.7572,-0.001654,6.84,0.0607,-0.4232,0.001589,6.922,0.0446,-0.9123,0.00084,6.931,3.9826,1.7175,1.7382,1.7404,0.3789,1.0,0.60108,0.5299,1.29246,0.20493,0.9222,1.0482,1.1367,0.5,2.5964,2.1637,2.7262,23.9705,23.1154,8.9029,49,0.0982,-0.7568,48,0.1413,-0.737,-5.0
156,1254,214924,1.3314173040351183e-10,0.0014841634887606907,0.00017574745387913363,0.0014841634887606907,1.1421037799117368,5.245087465884275,3.9928587128943183,-70.73223073869801,73.65945344744996,-0.08230989011065146,73.65945344744996,0.0054815980719751505,12.559024789189696,6.54610478909577,-5.397978071891607,3.266606313815158,-0.03021408443206253,5.397978071891607,0.4817498730091378,4.077290651491503,1.5952119516309091,0.1038729554119131,1.7413701119455471,0.8225173679126179,0.0415963273301485,2.0953761133320135,1.3513099131737625,0.0008404329027569268,1.4139174796639051,0.8703288569506419,0.0009641740958428727,-0.7193401724452332,0,0,0,0.02862341280738617,0.8780998260684444,384,0.298,-0.00775,1.0866889458119806,3,3,0,0.312,279,0.7787563752010689,0.002964,0.002963917137466021,621.5386025908459,289.80744411551433,0.6091696488479568,0.609170224294187,0.6091702876916707,0.7614627803677337,5.12120554145986e-06,394,0.2255,0.2047,-0.16029,0.171125,396,0.2137,0.2279,0.11582,0.022947,3,0.0678,0.7205,-0.001958,6.836,0.0644,-0.2995,-0.000563,6.907,0.0486,-0.8774,0.000195,6.93,3.9786,1.7182,1.736,1.7418,0.3804,1.0,0.60367,0.52264,1.29174,0.20708,0.9282,1.0423,1.1229,0.5,2.595,2.1625,2.7247,23.9572,23.1025,8.9027,50,0.1189,-0.6873,48,0.2495,-0.772,-2.0
157,1254,214924,1.0592396625862176e-11,0.0015806030543970403,0.0001885165633935222,0.0015806030543970403,1.1421598374087973,5.245743831197852,3.9927791783957494,-71.43356354124208,73.57145589715398,-0.0335195117001936,73.57145589715398,0.029168255036087134,12.55613213057309,6.50685333568307,-5.487005716134284,3.280651297025863,-0.030337574737008422,5.487005716134284,0.4855789777616576,4.072823308997287,1.5964309871221378,0.06740605458277205,1.7542682380533439,0.8437355821110597,0.05346838544492016,2.109029401434056,1.360013202111273,0.0008327846966168506,1.4138656480707452,0.8950701129557315,0.0010354582679461084,-0.7173065958190412,0,0,0,0.03659710783307152,0.8792957511736814,384,0.3074,0.00596,1.1065215432652298,2,1,1,0.3208,275,0.7763673778537572,0.021652,0.021651741969566096,621.5411795287542,289.80864567529795,0.6091696073412161,0.6091702179595766,0.6091702876917235,0.7614627724494707,5.45395411069948e-06,394,0.2431,0.2287,-0.15353,-0.130544,396,0.2167,0.2323,0.11095,0.01616,3,0.0757,0.67,-0.00056,6.841,0.0673,-0.152,0.000422,6.911,0.0532,-0.8356,-2.9e-05,6.94,3.9822,1.7178,1.7355,1.7428,0.3794,1.0,0.60209,0.52567,1.29128,0.20704,0.9296,1.0408,1.1197,0.5,2.5935,2.1613,2.7232,23.9901,23.0535,8.889,49,0.0688,-0.4481,48,0.2431,-0.6173,-2.0
158,1256,214927,0.0,0.001710014530546549,0.00020323553507672605,0.001710014530546549,1.1378879346456021,5.248802382756039,3.992134204916708,-72.18928324413739,73.54153251660668,-0.06600979135652638,73.54153251660668,0.009003828540333034,12.526973977997551,6.4489844754330905,-5.5555396341460765,3.3253142123709467,-0.031001695413228905,5.5555396341460765,0.4896425947242593,4.066629914221584,1.5973006476218197,0.08201829362814461,1.7483560265502658,0.8425717274956234,0.0,2.1230430939248146,1.366784024481849,1.0,1.0,1.0,1.7852768658523287e-05,-0.7153178850505316,0,0,0,0.04327326232487756,0.8805062487337966,384,0.3231,-0.0191,1.1490054214021785,2,2,0,0.3442,273,0.775897107131709,0.009708,0.009708222736344752,621.5435042055515,289.80972961222193,0.6091695516433869,0.6091702119867355,0.609170287691728,0.7614627649834194,5.900473158146288e-06,396,0.2588,0.2576,-0.14482,-0.433048,396,0.2089,0.2272,0.08774,-0.034349,3,0.0845,0.5585,-0.000351,6.836,0.068,-0.0171,-0.000669,6.913,0.0543,-0.8389,-0.001266,6.937,3.9812,1.7172,1.7364,1.7425,0.3816,1.0,0.60558,0.53342,1.29173,0.20691,0.9262,1.0442,1.1274,0.5,2.5967,2.1639,2.7266,23.9734,23.1903,8.9307,49,0.0413,0.6161,48,0.1428,-0.0879,-2.0
159,1257,214928,0.0,0.0018200596042976071,0.00020812515360283662,0.0018200596042976071,1.1404230091222889,5.2509977313727365,3.9923976022673067,-73.0022473774795,73.48398014924072,-0.006486035327718946,73.48398014924072,0.0023358742301287094,12.531480675980974,6.5155030487698715,-5.6196148988547225,3.3207563969958698,-0.03109363469927139,5.6196148988547225,0.49148602632226046,4.062767850440683,1.5971612943197324,0.05697554883742523,1.723603525849964,0.8119073195918749,0.0,2.1367571542009056,1.3745689153023077,1.0,1.0,1.0,0.00010135840997895214,-0.7133812224944581,0,0,0,0.039916698950989905,0.8816835274298298,384,0.3225,-0.02758,1.1774655999071033,2,2,0,0.3426,273,0.7769020518289339,0.022251,0.022251091403965972,621.5437547203686,289.80984642082973,0.6091695042778024,0.6091702113285445,0.609170287691728,0.7614627641606806,6.280185531221456e-06,396,0.2718,0.2749,-0.14009,0.020032,397,0.1839,0.1986,0.09791,0.115557,3,0.0882,0.3611,-0.001678,6.835,0.0598,0.1725,0.001329,6.913,0.0501,-0.8562,-0.000296,6.955,3.9845,1.7155,1.7351,1.7454,0.3819,1.0,0.60735,0.52978,1.29271,0.20767,0.9227,1.0479,1.1357,0.4996,2.5948,2.1623,2.6596,24.1407,23.1007,8.9027,49,0.0848,0.8998,48,0.1583,0.8825,-2.0
160,1257,214928,3.4005163083400964e-23,0.0018553070961998472,0.00021280792310841208,0.0018553070961998472,1.1409511720803664,5.2514968597331215,3.9923069951472607,-73.70299819676454,73.36540713762713,-0.024268098453944655,73.70299819676454,0.04315392965725029,12.545241130617761,6.557752390570096,-5.706354921581258,3.324333230368986,-0.0311753467187049,5.706354921581258,0.4946666391054568,4.059382450451734,1.5973037694772942,0.10064077123903847,1.68065087254609,0.8358065151275338,1.4142115624116159e-08,2.1505511690422567,1.3834669906796178,0.0033812983146230824,1.4131682460851092,0.9025741199646331,0.0002777437701509164,-0.7111767180747661,0,0,0,0.03731848964513507,0.8829001177259319,384,0.3199,-0.02397,1.1845855167668824,3,3,0,0.3329,273,0.7778024672837497,0.010614,0.01061354622983135,621.5441921680925,289.8100503914379,0.6091694891069404,0.6091702101721039,0.609170287691728,0.7614627627151299,6.40180384943151e-06,396,0.2867,0.289,-0.15165,0.009538,397,0.1589,0.1808,0.12738,0.03682,3,0.0926,0.1345,-0.001265,6.839,0.0514,0.3385,-0.001434,6.922,0.0458,-0.8869,-0.00195,6.96,3.988,1.715,1.7357,1.7453,0.3854,1.0,0.60801,0.53204,1.2928,0.20886,0.9274,1.043,1.1246,0.5004,2.5933,2.1611,2.5933,24.22,23.052,8.8891,49,0.1008,0.6657,49,0.1879,0.995,1.0
161,1257,214928,2.0276415649714943e-11,0.0018871094324584214,0.00020601794631070562,0.0018871094324584214,1.141633981420314,5.251920910892487,3.992212461346346,-62.62598950545393,73.21055609744735,0.04080422744460808,73.21055609744735,0.010166552078745283,12.561846394947457,6.49057475924419,-5.780268139860185,3.3597122035549223,-0.031217539114598552,5.780268139860185,0.499036012532206,4.050191509594651,1.5985949053917476,0.07000028228037236,1.7014659441439368,0.842529720139812,0.014105524182155611,2.1646392367931155,1.392492731769225,0.01388992375053344,1.4130464878436737,0.9218363526286701,0.0004821601320937005,-0.7089866519333033,0,0,0,0.039832003607882936,0.884217718098984,384,0.3082,-0.00798,1.1787397905183563,3,3,0,0.3402,267,0.7734317425233364,-0.000987,-0.000987184243886663,621.5441240599029,289.81001863434307,0.6091694754185726,0.6091702103527732,0.6091702876917193,0.7614627629409665,6.511539667782883e-06,396,0.283,0.2827,-0.16614,-0.135034,397,0.1447,0.1742,0.17826,0.110452,3,0.0885,-0.0909,0.000883,6.854,0.0454,0.398,-0.000796,6.931,0.0412,-0.9498,0.00081,6.962,3.9927,1.7166,1.7358,1.7436,0.3893,1.0,0.60315,0.53406,1.29215,0.20923,0.9346,1.0357,1.1081,0.5004,2.592,2.16,2.592,24.2073,23.0399,8.8889,49,0.0943,0.2194,49,0.1247,0.939,1.0
162,1257,214928,3.655972273091678e-11,0.0019073991278909163,0.00020498463737401114,0.0019073991278909163,1.1424359630949468,5.2522592231678455,3.9921141565046923,-63.879195611569756,72.95267678345355,0.006610413102878295,72.95267678345355,0.0029576763833532027,12.565840176275607,6.473406444132666,-5.843381084392485,3.411453816803892,-0.03189760953400654,5.843381084392485,0.5029802526012773,4.041236148786431,1.5995620404676687,0.08250077670364575,1.7004328127740242,0.8285308437157695,0.01972200081741571,2.1778423000635065,1.4017110947780578,0.02181509689768535,1.413320365321845,0.9414996729055432,0.000766760023968891,-0.7067892759934015,0,0,0,0.038846032870092376,0.8853033567283712,384,0.3021,0.01577,1.1495155771714562,0,0,0,0.3409,265,0.7725424483850275,-0.019447,-0.019446556825976735,621.5435226914539,289.8097382317221,0.609169466682919,0.6091702119382623,0.6091702876917123,0.7614627649228278,6.581556367045969e-06,396,0.273,0.2713,-0.18275,-0.045734,397,0.1618,0.174,0.16777,-0.104961,3,0.0837,-0.2719,0.002005,6.868,0.0496,0.4086,-0.001059,6.919,0.0442,-0.9894,0.003609,6.945,3.9901,1.7214,1.7342,1.7406,0.3951,1.0,0.60381,0.54316,1.29211,0.2098,0.9261,1.0442,1.1275,0.5004,2.591,2.1592,2.591,24.1982,23.0313,8.889,49,0.0717,-0.3684,48,0.0909,-0.0575,0.0
163,1257,214928,2.5829773813809068e-11,0.0018173574211863852,0.00019815015156423606,0.0018173574211863852,1.1433916300851257,5.252522817952492,3.9920120363381293,-64.75828023942627,72.61905570831108,0.029917566240802624,72.61905570831108,0.004828189177984776,12.557048216533337,6.501997138667221,-5.9013843189606785,3.446158613489536,-0.03224267246095284,5.9013843189606785,0.5063254923010677,4.033192554358845,1.6002632309140574,0.07904147553214291,1.700333960014842,0.824462352496636,0.020454394378425386,2.1863122655536884,1.41112609161996,0.002591755895296144,1.413212061283375,0.9032092749735583,0.0011331278815584918,-0.7044556450966647,0,0,0,0.032528612811009126,0.8863289252705804,384,0.2863,0.04017,1.1546769100245498,0,0,0,0.3333,265,0.7735376177852865,-0.051357,-0.051357009006838705,621.5423439085745,289.8091885956223,0.6091695054373836,0.6091702149986307,0.6091702876917169,0.7614627687482883,6.270875778622007e-06,396,0.2659,0.2665,-0.19277,0.120373,397,0.1884,0.1916,0.16275,-0.042556,3,0.0775,-0.4384,0.000386,6.879,0.055,0.4042,0.000435,6.904,0.0502,-0.9993,0.003611,6.943,3.9887,1.7246,1.7309,1.7406,0.3887,1.0,0.60296,0.54326,1.29172,0.2105,0.9254,1.0449,1.1292,0.5004,2.5908,2.159,2.5908,24.1958,23.0289,8.8887,49,0.0967,-0.8472,47,0.1733,-0.4085,-3.0
164,1257,214928,1.192505104643384e-11,0.0017978675261231883,0.00019598062789115273,0.0017978675261231883,1.1445082942549027,5.252718855878476,3.991906177857191,-65.58507715674455,72.35448857246914,-0.014043923380774058,72.35448857246914,0.013966588874749775,12.549955889738683,6.518507589904942,-5.958671547631898,3.5008235359867905,-0.03220141068946829,5.958671547631898,0.5098884041147428,4.024726784509672,1.6009856205116548,0.06787808948404028,1.724814672510212,0.833048869715774,0.02347830270752734,2.1929906300441138,1.420158184440999,5.3535342740551606e-05,1.413816539343961,0.8789863420894074,0.0015840612268462134,-0.7020264593322814,0,0,0,0.02953873066857419,0.8873716529817317,384,0.2845,0.05065,1.1704830052274509,0,0,0,0.3353,266,0.7755154605820447,0.018711,0.018711253437456055,621.5423368783808,289.809185317624,0.6091695138257417,0.6091702150166269,0.6091702876917229,0.7614627687707837,6.203625065067445e-06,396,0.2642,0.2689,-0.1793,0.209834,397,0.2002,0.1999,0.15271,-0.009155,3,0.0764,-0.5523,1.3e-05,6.883,0.0579,0.4668,-0.000369,6.899,0.0529,-0.9951,0.000983,6.94,3.9878,1.7259,1.73,1.7402,0.3832,1.0,0.60316,0.53545,1.29152,0.21033,0.9374,1.0329,1.1019,0.5004,2.5905,2.1588,2.5905,24.1474,23.0628,8.9028,49,0.0751,-0.8655,47,0.1984,-0.1066,1.0
165,1257,214928,6.53210003037443e-12,0.0018013591674353867,0.00019047563739664752,0.0018013591674353867,1.1457453208831296,5.252842815590827,3.9917993047414986,-64.48000080619107,72.32602494179257,0.024707940780485098,72.32602494179257,0.006082833357629269,12.534999410545593,6.418517579803912,-6.0031392033589315,3.552824047635789,-0.03218770130822887,6.0031392033589315,0.5140123275055101,4.014281355761448,1.6019651913477075,0.07785624023330373,1.7417542322116872,0.8403708972634397,0.0295890280584354,2.2068268066172703,1.4289480480616596,0.004474358716080373,1.4137438607474182,0.9113991874129289,0.0019483012576404582,-0.699594515281184,0,0,0,0.03309442333490441,0.8888086710265842,384,0.2807,0.06497,1.1855424549351012,2,2,0,0.3501,262,0.7728457994740248,-0.034745,-0.034744672746291894,621.541694001476,289.8088855606791,0.6091695123224948,0.6091702166590047,0.6091702876917253,0.7614627708237559,6.2156795639663885e-06,396,0.2659,0.2742,-0.15857,0.049806,397,0.1999,0.22,0.13091,0.122738,3,0.0761,-0.6495,0.001311,6.897,0.0571,0.5703,-0.000416,6.915,0.0532,-0.995,0.000212,6.945,3.9947,1.7266,1.731,1.7385,0.3795,1.0,0.59727,0.53715,1.29113,0.21261,0.9427,1.0276,1.09,0.5004,2.5903,2.1586,2.5903,24.1914,23.0247,8.8888,49,0.0322,-0.466,47,0.1844,0.2675,1.0
166,1257,214928,3.26016517482103e-11,0.0018056234658694785,0.00019388809864195953,0.0018056234658694785,1.1471374600314352,5.2528886871966245,3.991691464391681,-65.11730604265793,72.33315346017203,-0.03981938394845939,72.33315346017203,0.002815023417687662,12.550960614510076,6.401132004645109,-6.059447400869366,3.6300965352505017,-0.03183029809917542,6.059447400869366,0.5176888764685452,4.004229520899434,1.602233035135233,0.10235948212571444,1.7546581862141812,0.8464706215496509,0.034469413763543746,2.22056718888705,1.4380620401186681,0.003201043453057273,1.4129734102147262,0.9258633342761607,0.0020876036483978458,-0.6970923996580314,0,0,0,0.03335896396829354,0.8901620448674313,384,0.278,0.08059,1.183446468317216,1,2,-1,0.3513,260,0.7719783037943779,0.105979,0.10597948884848352,621.5426522543537,289.8093323693184,0.609169510489908,0.6091702142042938,0.6091702876917139,0.7614627677553673,6.230384132587156e-06,396,0.2754,0.2841,-0.14454,-0.127803,397,0.1879,0.2247,0.11083,-0.113826,3,0.0777,-0.7519,0.000247,6.899,0.053,0.694,0.000496,6.936,0.0519,-0.9965,-0.002001,6.958,4.0015,1.7241,1.7333,1.7388,0.3831,1.0,0.60095,0.54168,1.29073,0.21202,0.932,1.0383,1.1141,0.5004,2.59,2.1584,2.59,24.189,23.0225,8.889,49,0.1016,0.9199,48,0.1766,0.893,3.0
167,1257,214928,1.2476818482339648e-10,0.001806767706244982,0.0002021475735632261,0.001806767706244982,1.1486449061053452,5.252868603134683,3.9915842597062854,-65.73735090747589,72.37364817500367,0.011015643337525478,72.37364817500367,0.0041966763661971385,12.494224339322843,6.411718734677784,-6.113996797146405,3.651311897902061,-0.03223696962732007,6.113996797146405,0.5216962164384235,3.9935690069444663,1.6031368549009488,0.057247775746901576,1.7688314837061705,0.8342737075022555,0.03539237282941587,2.23416988961283,1.4473206736742283,5.434510986668251e-06,1.4131845882913836,0.8848805206460614,0.0022305237652553976,-0.694560915757829,0,0,0,0.03108060739953813,0.8907556924129483,384,0.2746,0.07594,1.190365516642914,0,0,0,0.3384,261,0.7740534462696783,-0.022059,-0.022058720673967303,621.5432940992432,289.8096316450612,0.6091695099981913,0.6091702125367093,0.6091702876916743,0.7614627656708867,6.234325946964337e-06,396,0.2904,0.2952,-0.15232,0.098223,397,0.1741,0.2131,0.07769,-0.21057,3,0.0805,-0.8506,-0.000583,6.892,0.0486,0.8039,0.001496,6.944,0.0509,-0.9965,-0.001407,6.971,4.0045,1.7211,1.7341,1.7408,0.3854,1.0,0.60198,0.53756,1.29058,0.211,0.9231,1.0471,1.1343,0.5004,2.5898,2.1582,2.6545,24.1405,23.0203,8.8888,48,0.1735,0.9274,47,0.1433,0.9974,1.0
168,1257,214928,1.1332236075540664e-10,0.0018547672968541153,0.0002259968688160497,0.0018547672968541153,1.1327558271134495,5.252778758700004,3.9914763571475733,-65.92052032006998,72.84769387628367,-0.06712028412224494,72.84769387628367,0.013596754358760031,12.549259910936549,6.4038716358234264,-6.198936537289954,3.6867576999942724,-0.03205614269875938,6.198936537289954,0.5257170926299961,3.980950368555511,1.6041082525410062,0.0570736217074432,1.7897320292215007,0.8406111413730327,0.03565298539804926,2.2475667529597696,1.4561694793331073,0.0012285478649871617,1.4138520910659853,0.8811695798233612,0.002384222069914158,-0.6918709555966404,0,0,0,0.032076742547239245,0.8917541652595101,384,0.2766,0.05145,1.2392415141435,1,1,0,0.3428,260,0.7742173431402904,-0.009111,-0.00911106013231433,621.5453899505422,289.81060888654815,0.6091694893420986,0.6091702069614703,0.6091702876916792,0.7614627587018378,6.39992891902794e-06,396,0.3078,0.3076,-0.13979,-0.153273,397,0.168,0.2168,0.06766,-0.085964,3,0.0859,-0.9304,-0.000779,6.888,0.047,0.8399,-0.001421,6.934,0.0518,-0.9804,-0.000252,6.96,3.9995,1.7223,1.7336,1.7402,0.3898,1.0,0.60479,0.54633,1.29011,0.21474,0.9302,1.0401,1.1182,0.5004,2.5896,2.158,2.4601,24.3235,22.9825,8.8749,48,0.1466,0.9009,46,0.1335,0.8966,3.0
169,1257,214928,1.1060129170031741e-10,0.0019953784984050853,0.0002506168852801839,0.0019953784984050853,1.1167252462998738,5.252606961147923,3.991367815849435,-66.42652984597026,72.61293530410005,-0.04445659352988346,72.61293530410005,0.028899928841205735,12.549343098860438,6.352129182839344,-6.202893376977383,3.710538722352565,-0.032085073870425224,6.202893376977383,0.5305128115990686,3.9637544173588544,1.6050640305561752,0.07284481883966665,1.8033482716402105,0.8418694026073088,0.03896413953008904,2.260875140049327,1.464981175245716,0.011624163484400762,1.4129686286334175,0.9137993837216617,0.002541710538181251,-0.6891585299857478,0,0,0,0.0420245982948223,0.892929882179946,384,0.2962,0.04409,1.2795926851612083,1,2,-1,0.3559,258,0.7732708379764534,0.006964,0.0069642959781766045,621.5495145715577,289.8125320911077,0.6091694288295316,0.6091701954076127,0.6091702876916804,0.7614627442595159,6.885066301335108e-06,396,0.318,0.3126,-0.13517,-0.104739,397,0.1638,0.1937,0.11453,-0.205261,3,0.0954,-0.9917,0.001078,6.888,0.0491,0.8679,-0.002459,6.927,0.0521,-0.9246,4.7e-05,6.935,3.9934,1.7248,1.7346,1.7367,0.3912,1.0,0.603,0.54978,1.28954,0.21353,0.9346,1.0357,1.1081,0.5004,2.5894,2.1578,2.4599,24.3218,22.9809,8.875,48,0.043,0.6916,45,0.0721,0.5575,2.0
170,1257,214928,1.17501463744819e-10,0.0021052235102227623,0.0002686846371836735,0.0021052235102227623,1.1011138640147657,5.2523514640306646,3.9912597671513135,-67.40378006064428,72.5585876976955,-0.09510344514291655,72.5585876976955,0.025888968311451488,12.548922254394196,6.413141996609903,-6.224498950547481,3.7601866452609336,-0.032513996991968656,6.224498950547481,0.5351273772978682,3.9444839333653596,1.6058671373483508,0.09953445078365031,1.7893786309370452,0.8427844035671306,0.043442268641279404,2.2737546028513247,1.4741191684436266,0.001161555030762984,1.4125937691069441,0.8893638964385545,0.002703779796989885,-0.6863853171921922,0,0,0,0.046915922619997635,0.8936371217417731,384,0.3135,0.05708,1.2882050347899112,3,4,-1,0.3574,261,0.777140911398122,0.020252,0.020252112653605936,621.5518296969054,289.8136115744367,0.6091693815544156,0.6091701885842682,0.6091702876916775,0.7614627357303352,7.264060161929453e-06,396,0.315,0.3025,-0.14742,0.041475,397,0.1724,0.1741,0.18097,-0.369083,3,0.1001,-0.9978,0.00161,6.88,0.0551,0.8808,-0.001957,6.908,0.0547,-0.8475,0.001258,6.9,3.9814,1.7281,1.735,1.7331,0.3922,1.0,0.60755,0.55397,1.28934,0.21346,0.9275,1.0427,1.1242,0.5004,2.5892,2.1577,2.5245,24.2738,22.9792,8.875,47,0.0718,-0.3935,44,0.0528,0.9962,2.0
171,1257,214928,9.839418141727664e-11,0.0021269344416896276,0.00026466764138327907,0.0021269344416896276,1.0859032223531295,5.252024701062504,3.9911509752889165,-67.42431646861412,72.50187415261647,-0.02795813851104627,72.50187415261647,0.05654400645477059,12.563439989670679,6.4239609133748115,-6.217577083057271,3.8059413072000385,-0.03255483934638229,6.217577083057271,0.5392150242811774,3.9259461107097247,1.606509307043425,0.07942799187810956,1.7643443092529005,0.8381658029631335,0.044252179033463776,2.2830553677436587,1.4830128072879234,0.0006615154253325484,1.41335896430597,0.9012971488159139,0.0028733824165202175,-0.683627831701031,0,0,0,0.044264197609513715,0.8941182664989471,384,0.3215,0.07133,1.266307397320559,4,4,0,0.3499,260,0.777568585861772,0.01531,0.015310043586892474,621.551065033262,289.8132550314719,0.6091693722076601,0.6091701908648365,0.6091702876916858,0.7614627385810455,7.33898261988968e-06,396,0.3114,0.297,-0.16788,0.224882,397,0.1764,0.158,0.17186,0.269556,3,0.1012,-0.9729,0.000263,6.883,0.0576,0.9129,0.000675,6.887,0.0552,-0.7938,0.003437,6.894,3.9767,1.7308,1.7318,1.7335,0.3861,1.0,0.6087,0.54748,1.28886,0.21558,0.9226,1.0476,1.1354,0.5004,2.2654,2.2654,2.5243,24.3185,22.9417,10.127,47,0.1023,-0.3656,44,0.1405,0.8891,3.0
172,1257,214928,8.4035286163509e-11,0.0021238563010998967,0.0002591541332300376,0.0021238563010998967,1.0711013954080475,5.251641456931404,3.9910430204413703,-68.09188669906077,72.4658605255505,-0.05739841648151419,72.4658605255505,0.007505311974695061,12.555106717912253,6.495115734611441,-6.2512659871915455,3.869443143386348,-0.03196963303244024,6.2512659871915455,0.5432045215348511,3.9071640458416863,1.607100212218251,0.059222850023206375,1.7528835414800128,0.8418994193295982,0.04740878219846796,2.2969505080760872,1.492025779684494,0.0003713796900851607,1.4137417581531093,0.9411298557460769,0.003055313414581535,-0.6806909364993977,0,0,0,0.04461396760070116,0.8948497496489827,384,0.32,0.07899,1.227534115742574,2,2,0,0.3389,259,0.7778277531939156,0.002965,0.002964781881151346,621.5503470718954,289.81292026457606,0.6091693735310714,0.6091701929819952,0.6091702876916919,0.7614627412274939,7.328369967636313e-06,396,0.2995,0.286,-0.18349,0.19039,397,0.1735,0.1424,0.1641,0.461594,3,0.0971,-0.9322,0.000748,6.89,0.0562,0.9582,0.000692,6.878,0.052,-0.7898,0.002619,6.893,3.9762,1.7328,1.7299,1.7335,0.3857,1.0,0.61364,0.5595,1.28904,0.21664,0.9306,1.0396,1.1171,0.5004,2.2653,2.2653,2.5889,24.317,22.9044,10.111,48,0.0571,-0.3183,46,0.1665,0.9735,1.0
173,1257,214928,4.32622793668889e-11,0.0021444083669357084,0.0002442460482105515,0.0021444083669357084,1.056725306151633,5.251183502696477,3.9909389510837725,-68.74389077137333,72.44647321525949,0.022649011465948603,72.44647321525949,0.10188941710338811,12.563628388056875,6.516426448690603,-6.339426963142786,3.93842235520152,-0.03234035801534411,6.339426963142786,0.547553748671593,3.8886001166800503,1.6076216573807445,0.0684740828203041,1.7679610440373212,0.8230256449346486,0.053445006193843236,2.310311292764488,1.5014370777028083,0.001078255484338042,1.4138582526620396,0.9051313474712872,0.0032436020495362505,-0.6778237069368372,0,0,0,0.05021271294540636,0.8959195705560402,384,0.3179,0.08139,1.2246917682532223,0,0,0,0.3442,256,0.7760962428111366,0.015134,0.01513354828965463,621.5487629309918,289.81218162046855,0.6091693646826273,0.609170197570774,0.6091702876917093,0.7614627469634674,7.399303766133533e-06,396,0.2894,0.2797,-0.18697,0.033613,397,0.153,0.1434,0.19121,0.285045,3,0.0936,-0.8816,0.001745,6.89,0.0498,0.9787,0.002047,6.868,0.0447,-0.7659,0.003297,6.889,3.9736,1.734,1.7284,1.7338,0.3878,1.0,0.6144,0.55724,1.28854,0.21664,0.9373,1.0329,1.102,0.5004,2.2651,2.1573,2.6534,24.2692,22.9388,10.1271,48,0.0885,0.9671,46,0.2057,0.9832,0.0
174,1257,214928,3.230898049103916e-11,0.0021634947271097185,0.00024497181270382695,0.0021634947271097185,1.0427957124926304,5.250671029215529,3.9908359076862627,-69.45723415842909,72.42952184322101,-0.03534570334208982,72.42952184322101,0.03182996710689068,12.536664351408248,6.485220928447227,-6.3844530124488115,4.046658106999213,-0.03249517510802398,6.3844530124488115,0.5517369382225367,3.8666392054585246,1.6077997398022978,0.057135611365828204,1.7678554477218131,0.8461120885650686,0.0657804664871031,2.311640879105469,1.5104883908687952,0.00381820431238189,1.413882310468059,0.9300411412996551,0.003436364318894927,-0.6747451815313399,0,0,0,0.05101324032794666,0.8968574222221172,384,0.3183,0.07617,1.232253731035342,2,2,0,0.3473,257,0.7781488947587232,-0.026522,-0.02652179887935513,621.5497669384146,289.81264976327395,0.6091693564699934,0.6091701946757934,0.6091702876917142,0.7614627433447416,7.465149395227965e-06,396,0.2894,0.2776,-0.18918,-0.146755,397,0.1423,0.1316,0.20645,0.109949,3,0.0937,-0.8182,0.001099,6.873,0.0465,0.9899,0.001261,6.863,0.0419,-0.7284,-0.000283,6.879,3.9674,1.7325,1.7297,1.7339,0.397,1.0,0.61985,0.55464,1.28793,0.21683,0.9292,1.041,1.1203,0.5004,2.265,2.1571,2.6532,24.3136,22.9012,10.1109,47,0.182,0.9545,45,0.1758,0.9911,-2.0
175,1257,214928,9.711610284597327e-12,0.0022274250443817143,0.0002522351372358887,0.0022274250443817143,1.0293468634993237,5.25011695926954,3.990733993650805,-70.11894960751309,72.43108619961133,0.04159591161056195,72.43108619961133,0.04463377931943491,12.555632496739848,6.434658464725883,-6.383429007747498,4.069875777668243,-0.03247240355849024,6.383429007747498,0.5551888954559019,3.849154104812894,1.6080010680021786,0.07588210288754538,1.7895770468588965,0.8449742173306924,0.06933217267283234,2.318465613474513,1.5197888020608497,0.0020341785878714713,1.4139136862050998,0.9164747364484669,0.003642633962560861,-0.6717461351387302,0,0,0,0.04941426956942484,0.8976418727279097,384,0.3251,0.06907,1.2383314063125883,0,0,0,0.3439,260,0.7822943923060189,0.005189,0.0051885501870045925,621.5507791386743,289.81312172618823,0.6091693289558235,0.609170191710938,0.6091702876917239,0.7614627396386725,7.685728758983374e-06,396,0.3044,0.3055,-0.17552,0.138945,397,0.1281,0.1241,0.15557,-0.059,3,0.0999,-0.7599,-0.001382,6.858,0.042,0.993,0.000145,6.872,0.039,-0.6781,-0.003649,6.885,3.9675,1.7287,1.732,1.7355,0.4063,1.0,0.6177,0.54197,1.28766,0.2182,0.926,1.0442,1.1276,0.5004,2.2648,2.1569,2.653,24.3579,22.8634,10.0951,47,0.212,0.9222,44,0.131,0.9953,0.0
176,1259,214931,0.0,0.0023189631398596996,0.00027631308108534155,0.0023189631398596996,1.0176841956628662,5.251811415711611,3.991206897028815,-70.30046964153233,72.41063128746008,-0.026432651386590487,72.41063128746008,0.00408676472988736,12.555336401018169,6.47808155955428,-6.4294322062436695,4.120928052101776,-0.031588893608736866,6.4294322062436695,0.5587597084540973,3.8285050367639646,1.6080582948030113,0.09683360065218749,1.8070036227070265,0.8403649389384523,0.0,2.320588795205683,1.5265247119863907,1.0,1.0,1.0,5.454557708581673e-07,-0.6686092691466263,0,0,0,0.05495344928305955,0.8986033475059241,384,0.3396,0.06573,1.243016692917921,0,1,-1,0.3469,260,0.783394899157585,0.005737,0.005736967552214534,621.5546342021418,289.8149192430049,0.6091692895662848,0.6091701799935589,0.609170287691728,0.7614627249919487,8.001531273534224e-06,396,0.3196,0.3235,-0.16311,-0.036847,399,0.1079,0.1157,0.10794,0.047852,3,0.1092,-0.7005,-0.001113,6.849,0.0371,0.9934,0.002508,6.905,0.0347,-0.6137,-0.004584,6.919,3.9785,1.7215,1.7355,1.7391,0.4206,1.0,0.61959,0.54176,1.28835,0.21702,0.9323,1.038,1.1134,0.5004,1.6156,2.3695,2.7142,24.2801,22.9056,14.1778,47,0.134,0.8142,44,0.0695,0.9804,2.0
177,1259,214931,1.4918933912202218e-23,0.0024043213131625593,0.00030374410670142287,0.0024043213131625593,1.0052230945356413,5.251141554398943,3.991102293059821,-71.00131504059321,72.39588282081465,0.003519827746046888,72.39588282081465,0.0023711544460596062,12.558996106460524,6.407839533184852,-6.475688942121144,4.147030854127411,-0.032152021895263304,6.475688942121144,0.5621021947334697,3.8041457352559678,1.608262659135126,0.05711515325278688,1.7926615701615338,0.8395821011723704,1.4142115624116159e-08,2.3338354783314297,1.5353880218672733,0.00027853583756309863,1.413947867157252,0.9254111402765312,4.3609520742164794e-06,-0.665400810126814,0,0,0,0.06905365762609077,0.8995285501255177,384,0.3538,0.06449,1.2484414473002767,0,0,0,0.3605,259,0.7831214663289111,-0.018662,-0.018662038054727548,621.5590595911539,289.81698268793576,0.6091692528396644,0.6091701657115991,0.609170287691728,0.7614627071394988,8.29599870533275e-06,396,0.3284,0.3275,-0.16683,-0.282581,399,0.1153,0.1041,0.10955,0.003265,3,0.117,-0.6307,0.000319,6.851,0.0419,0.9884,0.000449,6.914,0.0386,-0.5058,-0.000496,6.926,3.982,1.7206,1.7363,1.7392,0.4566,1.0,0.61699,0.54327,1.28869,0.21838,0.9356,1.0347,1.106,0.5004,1.2924,2.477,2.714,24.3242,22.8677,17.694,47,0.0181,0.0196,44,0.0448,0.7957,0.0
178,1261,214934,0.0,0.002471021653263917,0.0003220115040862041,0.002471021653263917,0.9908127389196607,5.254014305538686,3.9916696898207706,-64.63119363920562,72.32376458146668,-0.0306280893675291,72.32376458146668,0.010567256531281544,12.560955805406547,6.4134324458061345,-6.533516146705194,4.14127058245506,-0.029939924162696575,6.533516146705194,0.5662725351043706,3.777758348058238,1.6077689517077214,0.10121983774674348,1.8005549035670143,0.845035158206513,0.0,2.3456077271458398,1.5421922661982477,1.0,1.0,1.0,8.901676523094196e-06,-0.6621830488523464,0,0,0,0.07921020435162951,0.9003842938330293,384,0.3687,0.0556,1.2994985918930382,5,4,1,0.3614,260,0.7848374700895034,0.003362,0.003362429632001618,621.5598084334631,289.81733185381984,0.6091692241339488,0.609170163207476,0.609170287691728,0.7614627040093449,8.526134850038121e-06,398,0.3188,0.3126,-0.16113,-0.166161,399,0.1229,0.109,0.10282,-0.125555,3,0.1183,-0.5602,0.000891,6.849,0.0463,0.9988,-0.001648,6.921,0.0398,-0.5185,-0.001505,6.913,3.9806,1.7207,1.7387,1.7367,0.4427,1.0,0.62058,0.54829,1.28754,0.21806,0.9305,1.0398,1.1174,0.5004,1.2951,2.3743,2.6549,24.3748,23.0592,17.805,47,0.11,-0.6261,44,0.0735,0.764,1.0
179,1261,214934,2.3137180435014775e-24,0.002551339943500687,0.0003271090753929435,0.002551339943500687,0.9792795446884679,5.253226831679733,3.9915646247088654,-65.9798006969916,72.08250635230614,0.01484312079765269,72.08250635230614,0.0063008089069591655,12.563214058084007,6.410081105826322,-6.53050477860969,4.128092311134279,-0.03057253896491075,6.53050477860969,0.5703607874854577,3.749031565596025,1.608042957317701,0.08927503115060076,1.7945057208622883,0.841830161241646,1.4142115624116159e-08,2.3597493909175777,1.5512632601570575,0.003741761566986579,1.413949428118411,0.9208803039102567,2.1339827293139555e-05,-0.6589082135989476,0,0,0,0.07813517458073957,0.9011732346121004,384,0.3776,0.04818,1.329076612615369,2,2,0,0.3544,260,0.7863189758324556,0.001585,0.0015851780858129327,621.5591926612666,289.8170447351024,0.6091691895581807,0.609170165268101,0.609170287691728,0.7614627065851262,8.80327775694716e-06,398,0.3064,0.2985,-0.16246,0.153446,399,0.1287,0.1087,0.08998,-0.184107,3,0.1165,-0.4762,-0.000284,6.843,0.0509,0.9987,-0.000216,6.899,0.0412,-0.4304,0.001629,6.899,3.9723,1.7226,1.7368,1.7367,0.4252,1.0,0.61946,0.54746,1.28817,0.21829,0.9259,1.0443,1.1279,0.5004,1.2949,2.374,2.6546,24.4186,23.0209,17.7781,47,0.1552,-0.7876,44,0.0406,0.9045,0.0
180,1261,214934,8.169051224218932e-13,0.002626067095034856,0.0003232778525584898,0.002626067095034856,0.9681924602696038,5.252412712374708,3.991461172730211,-67.23823982892164,71.8748610434708,-0.04506286136451206,71.8748610434708,0.013481876864315012,12.55700539856478,6.439166742453151,-6.613640177615385,4.165659197994061,-0.0304178513775632,6.613640177615385,0.5733725034589582,3.727882173727669,1.608024898842011,0.11124388330679691,1.8156437030744312,0.8442994154164357,0.014073002947811174,2.3738813550081126,1.5604720636696006,0.009056491246498877,1.413916969117023,0.9526282998247361,3.715022805976715e-05,-0.6555033874723935,0,0,0,0.07948982615512304,0.9020047782701807,384,0.381,0.05804,1.328237139773872,2,2,0,0.3508,259,0.7865247391061014,0.002801,0.0028010395353557094,621.555849467153,289.8154858897834,0.6091691573838489,0.6091701761596203,0.6091702876917278,0.7614627201995253,9.061168995067252e-06,398,0.2821,0.2789,-0.13076,0.127768,399,0.1245,0.114,0.09732,-0.016717,3,0.1083,-0.3669,-0.000611,6.85,0.0513,0.9992,-0.000199,6.881,0.0379,-0.3299,0.002809,6.896,3.9696,1.7256,1.7334,1.7371,0.4064,1.0,0.62056,0.55542,1.28789,0.22175,0.9302,1.0401,1.1181,0.5004,1.2947,2.3736,2.6541,24.4145,23.017,17.7779,48,0.0544,-0.9708,45,0.0879,0.7444,-1.0
