step,n,n_archi,I2_min,I2_max,I2_mean,I2_absmax,r_min,r_max,r_mean,tw_min,tw_max,tw_mean,tw_absmax,phi_min,phi_max,phi_mean,phivel_min,phivel_max,phivel_mean,phivel_absmax,d_min,d_max,d_mean,d0_min,d0_max,d0_mean,eta_min,eta_max,eta_mean,tau_min,tau_max,tau_mean,dmin_nodi,xi_termo,n_naninf,n_I2_grandi,n_lontani,m0_I2pesata,m0_raggio,m0_N,m0_coer,m0_spin,m0_spin_disp,m0_vort_pos,m0_vort_neg,m0_carica,m0_coer_nucleo,m0_N_nucleo,m0_raggio_nucleo,m0_Lz,m0_Lz_norm,ncrit_adattivo,rho_critica,lambda_eff_min,lambda_eff_med,lambda_eff_max,lambda_eff_ratio_med,rho_su_rhoc_max,m1_N,m1_coer,m1_coer_nucleo,m1_spin,m1_Lz,m2_N,m2_coer,m2_coer_nucleo,m2_spin,m2_Lz,n_masse,coer_01,cosphi_01,Lz_orb_01,dist_01,coer_02,cosphi_02,Lz_orb_02,dist_02,coer_12,cosphi_12,Lz_orb_12,dist_12,scala_com,rcom_01,rcom_02,rcom_12,s2_medio,s2_max,tw_q,tw_disp,sync_rel,d0_disp,rchi_pos,rchi_neg,rchi_ratio,frac_chi_neg,dens_g0,dens_g1,dens_g2,dens_g3,dens_g4,guscio_idx,centro_N,centro_coer,centro_cosphi,guscio_N,guscio_coer,guscio_cosphi,guscio_circ
0,1196,213405,0.0,1.0717506513391823e-11,4.5155266103670296e-14,1.0717506513391823e-11,0.43214001311135947,4.785992988201315,3.940943772454597,-29.46851637101859,32.316898799787296,0.0004768842758088163,32.316898799787296,7.432171368947449e-06,12.566179721003962,6.446907846731802,-1.1159834046126322,1.017606027888999,-0.023172161017405192,1.1159834046126322,0.017045004924483624,2.398412699342566,1.286144711961018,0.017045004924483624,2.3983922855454787,1.2850746420961165,0.0,0.05755050749892715,0.0030962179717803208,1.0,1.0,1.0,0.007791639313596211,-0.12069237785413656,0,0,0,0.0,0.609380932133849,372,0.9989,-0.04378,0.44728238420512356,1,1,0,0.999,372,0.609380932133849,0.0,0.0,621.4857873344093,289.7828177215713,0.6091702876917234,0.609170287691728,0.609170287691728,0.76146285961466,3.6984616954375124e-14,372,0.9987,0.9988,-0.05168,0.0,372,0.9988,0.9988,0.02626,0.0,3,0.9977,0.9999,0.0,0.0,0.9977,1.0,0.0,0.0,0.9975,1.0,0.0,0.0,0.0,0.0,0.0,0.0,0.9999,1.0,0.00174,1.0,1.26388,0.27634,0.9828,0.9891,1.0064,0.5284,3.6291,3.3871,1.379,15.8642,32.6213,8.9888,0,0.0,0.0,0,0.0,0.0,0.0
1,1196,213405,6.936061716751368e-35,4.668778763672778e-12,3.8570102099540565e-14,4.668778763672778e-12,0.43860949512679026,4.779664646130135,3.9409785526898946,-29.573768560343858,30.754790377088025,-0.1225667028018954,30.754790377088025,0.0002689361407167551,12.566353087647544,4.301657377983267,-1.115983406524069,1.0176060296326752,-0.023172161035989174,1.115983406524069,0.05,2.398412699342797,1.2861722663047288,0.05198970385984476,2.3983922849593475,1.282950947416708,1.4142115624116159e-08,0.057550521641042775,0.0030962321138959456,0.0035289334632495617,1.2852388826817414,0.8732360298830173,0.00783090223458537,-0.12069240402474812,0,0,0,8.722322872245384e-25,0.6093809364780733,372,0.9903,-0.04452,0.44726230575699827,9,9,0,0.9864,372,0.6093809364780733,0.074795,0.07479530824947034,621.4857873344096,289.7828177215714,0.6091702876917261,0.609170287691728,0.609170287691728,0.76146285961466,1.6111302941910882e-14,372,0.9878,0.9883,-0.05306,-1.002212,372,0.8641,0.8363,0.0315,1.025496,3,0.9816,0.9937,2.358343,0.0,0.937,0.9429,-2.642034,0.0,0.9328,0.8994,-1.192971,0.0,0.0,2.0731,0.832,2.0025,0.9999,1.0,0.25853,0.03107,1.26388,0.27631,0.5161,1.0198,1.976,0.9331,3.6291,3.3871,1.379,15.8642,32.6213,8.9888,0,0.0,0.0,0,0.0,0.0,0.0
2,1196,213405,1.3186080170851738e-16,5.724113460969246e-11,1.7102173038364587e-11,5.724113460969246e-11,0.43860948889151724,4.779664640327753,3.9409785535508233,-29.43504756967166,30.042370511763195,-1.469684213605086,30.042370511763195,0.003251692834055575,12.563095936017168,5.119529204738935,-1.1198914212530786,1.0205773429466274,-0.023221977956072958,1.1198914212530786,0.05000022343442397,2.3984130013040663,1.2861722369563566,0.05198706449414769,2.3981087720570677,1.2789054674367137,0.00012266690968415706,0.06801881753030499,0.011828592412726118,0.01957687079267445,1.3495595510013103,0.9123090288551077,0.007867465866650474,-0.13919398993893775,0,0,0,2.3608353746762072e-09,0.6487415586823779,372,0.939,-0.03781,0.4482751029034356,1,1,0,0.9385,366,0.6426976243715243,-1.237905,-1.2379048715889065,621.4858045815274,289.78282576345833,0.6091702876917034,0.6091702876917213,0.609170287691728,0.7614628596146517,1.9753114926285109e-13,372,0.913,0.913,-0.05458,0.372176,372,0.764,0.764,0.03905,1.373353,3,0.8581,0.8915,0.242367,6.939,0.7181,0.7991,0.013776,6.826,0.6977,0.4401,-0.377518,6.925,3.982,1.7426,1.7143,1.7391,0.9999,1.0,0.25864,0.0876,1.26343,0.27638,0.9321,1.0401,1.1159,0.5,3.6291,3.3871,1.379,15.8642,32.6213,8.9888,57,0.0361,0.1301,52,0.0514,-0.9366,2.0
3,1196,213405,7.62575972809429e-15,1.0120385568109596e-09,2.732032485212567e-10,1.0120385568109596e-09,0.43860946737391293,4.779664634156754,3.940978553099545,-29.824969875422166,31.59585932586287,0.12474338083108347,31.59585932586287,0.0021219376518768485,12.566239993547242,5.137867662895558,-1.1224716099376473,1.022832220024785,-0.02331793652052274,1.1224716099376473,0.05000137071472373,2.3984139329892784,1.2861718591887865,0.07264118690830218,2.3956419817818237,1.2720198660146864,0.003081070022684794,0.08120629201586387,0.0209516827012772,0.002649013056471916,1.4140380917423323,0.9036347035689802,0.0079015068029891,-0.1572225936336378,0,0,0,7.270351549252224e-08,0.6356718036024359,372,0.9323,-0.03973,0.451292113606213,0,0,0,0.9323,372,0.6356718036024359,0.349304,0.3493039521022103,621.4858439865454,289.78284413700345,0.6091702876912923,0.6091702876916552,0.609170287691728,0.7614628596145689,3.4924032850353566e-12,372,0.8996,0.8996,-0.05585,-0.017228,372,0.6632,0.6632,0.04603,0.175503,3,0.839,0.8576,0.003979,6.924,0.6185,0.7042,0.01022,6.867,0.5966,0.2387,6.8e-05,6.974,3.9963,1.7325,1.7183,1.7452,0.225,1.0,0.24836,0.26575,1.26342,0.26822,0.9345,1.0377,1.1105,0.5,3.6291,3.3871,1.379,15.8642,32.6213,8.9888,57,0.0572,0.8235,52,0.0188,-0.7732,-2.0
4,1196,213405,1.7298844922751965e-16,3.757065281203798e-09,9.859547746580325e-10,3.757065281203798e-09,0.4386093288603144,4.7796646346165055,3.940978541808758,-29.003091447548336,31.75973595900665,-0.06054527422481739,31.75973595900665,0.001041481813372504,12.565863177737421,4.968782873091064,-1.1230287168207505,1.0232456367056253,-0.02335496636866082,1.1230287168207505,0.050008132604519716,2.3984163000307395,1.28617135761265,0.09369769415570336,2.3955047417705906,1.257918580148076,0.012401890371824695,0.0942903857506967,0.029988029736967018,0.0032523524481827826,1.4142051183429205,0.9234505441027516,0.007933208624279658,-0.17477193552955292,0,0,0,4.3226728261777997e-07,0.6220553124151744,372,0.9331,-0.03977,0.45222478654893167,0,0,0,0.9331,372,0.6220553124151744,0.154539,0.1545387392002171,621.485917310638,289.7828783261395,0.6091702876901106,0.6091702876913437,0.609170287691728,0.7614628596141796,1.296510443579543e-11,372,0.8968,0.8968,-0.05527,0.026146,372,0.6266,0.6266,0.04184,-0.198169,3,0.837,0.8542,-0.001237,6.909,0.5848,0.5887,0.001266,6.86,0.5619,0.0827,-0.001051,6.978,3.9929,1.7302,1.7181,1.7477,0.2352,1.0,0.25513,0.29077,1.26339,0.25021,0.9362,1.036,1.1066,0.5,3.6291,3.3871,1.379,15.8642,32.6213,8.9888,57,0.0925,0.9914,52,0.0255,0.7017,-2.0
5,1196,213405,5.079010869356401e-14,1.4672275754283462e-08,3.1562507496662545e-09,1.4672275754283462e-08,0.438608753834027,4.779664677542135,3.9409785142713227,-29.36121678800717,32.488730622773396,0.1043560770412665,32.488730622773396,0.0007773736472501427,12.565134522148059,4.949690795819255,-1.1274183696428781,1.0233186498722617,-0.023452154491589404,1.1274183696428781,0.05001024346291392,2.3984364895422323,1.2861709617957044,0.09679513724741376,2.3951539852399195,1.2297329548941531,0.013903496885211104,0.1083402913485159,0.03922253517798856,0.006658778332279569,1.4142011328608481,0.91689752852849,0.007962726941100206,-0.1916296606320723,0,0,0,9.478085361922143e-07,0.6199131527097496,372,0.9336,-0.03987,0.45270182300684664,1,1,0,0.9336,372,0.6199131527097496,-1.5e-05,-1.4622732556590634e-05,621.4860205023288,289.7829264417675,0.6091702876854116,0.6091702876904914,0.609170287691728,0.7614628596131142,5.0631953836769226e-11,372,0.8966,0.8966,-0.05539,0.226027,372,0.6182,0.6182,0.0387,-0.020195,3,0.8371,0.854,0.001001,6.881,0.5774,0.5644,0.003601,6.852,0.5545,0.0524,-6.1e-05,6.976,3.9856,1.7266,1.7192,1.7502,0.2477,1.0,0.27655,0.28607,1.26334,0.21398,0.9426,1.0297,1.0924,0.5,3.6291,3.3871,1.379,15.8642,32.6213,8.9888,57,0.1434,0.8799,51,0.1265,0.9444,-0.0
6,1196,213405,2.6732910746687297e-14,4.0917517595035316e-08,7.580494218950482e-09,4.0917517595035316e-08,0.43860768931027383,4.779664892582329,3.9409785067069047,-28.546724595373096,30.549464854971706,0.18280111016404998,30.549464854971706,0.000549702070405942,12.564595183910734,4.945760361085311,-1.1290343175684283,1.025175169382162,-0.02351978064485885,1.1290343175684283,0.050025137887770674,2.398512231036688,1.2861740204817869,0.09459232616880513,2.3958202881255874,1.1740429995829271,0.019748851548990774,0.12241702048978798,0.04839151046324866,0.006128833914511911,1.4141983585134188,0.9005387026357924,0.00799022951977717,-0.20750093266230196,0,0,0,2.128622037946875e-06,0.6178097117043727,372,0.9332,-0.03951,0.4533660497113179,2,1,1,0.9332,372,0.6178097117043727,0.501096,0.5010961052262042,621.4861468088204,289.7829853352318,0.6091702876741131,0.6091702876887887,0.609170287691728,0.7614628596109858,1.412005523640403e-10,372,0.896,0.896,-0.05497,-0.010051,372,0.6123,0.6123,0.03896,0.092029,3,0.8362,0.8532,-0.002059,6.882,0.5715,0.5634,-0.000936,6.869,0.5487,0.0498,-0.003418,6.991,3.9919,1.7241,1.7206,1.7513,0.2341,1.0,0.26241,0.28493,1.2634,0.16829,0.9472,1.025,1.0822,0.5,3.6291,3.3871,1.379,15.8642,32.6213,8.9888,57,0.1454,0.8186,52,0.1607,0.9911,0.0
7,1196,213405,1.4496687356222456e-13,8.084965790048178e-08,1.5944706217183758e-08,8.084965790048178e-08,0.4386063406386683,4.779666302817241,3.9409786388800057,-29.633014746319834,32.0801517354379,0.14235023410754033,32.0801517354379,0.002293731476031757,12.565577650379018,5.011075618281612,-1.1302856588404333,1.0280700779296161,-0.023647929849758262,1.1302856588404333,0.05006556813139192,2.398671455205707,1.2861774271061555,0.060061909003307434,2.3960684752875188,1.0819987721780284,0.02000426495755585,0.13651051381038415,0.057396897489586096,0.0017126008625659717,1.4142031294138775,0.9094360508961681,0.008015753232279904,-0.22211569432600387,0,0,0,3.4966180055360724e-06,0.6163133392207906,372,0.9325,-0.03965,0.45384365274516025,0,0,0,0.9325,372,0.6163133392207906,-0.002173,-0.002173118196910906,621.4863015383535,289.78305748162836,0.6091702876569224,0.6091702876857138,0.609170287691728,0.7614628596071422,2.790006379362171e-10,372,0.8954,0.8954,-0.055,-0.136824,372,0.6218,0.6218,0.0404,-0.096533,3,0.8351,0.8514,0.001684,6.88,0.58,0.5782,0.000431,6.87,0.557,0.0644,0.000695,6.983,3.9903,1.7243,1.7216,1.7501,0.245,1.0,0.2719,0.27932,1.26341,0.19452,0.9409,1.0313,1.096,0.5,3.6291,3.3871,1.379,15.8642,32.6212,8.9888,57,0.094,0.6698,52,0.1639,0.9984,3.0
8,1197,213406,0.0,1.5363892331370183e-07,2.990271594694116e-08,1.5363892331370183e-07,0.43813349568497856,4.781420372297241,3.94091835002524,-28.213905123238693,32.15125804220226,0.23523639529591417,32.15125804220226,0.0019357203605797455,12.56483338338001,5.022060820041517,-1.1342238108807887,1.0288627814720128,-0.02390360550989422,1.1342238108807887,0.050214965758867754,2.3989689827060046,1.285260184172758,0.06029979179722367,2.3965068394170674,0.9718723079161279,0.0,0.15062888277313413,0.06643570974628031,1.0,1.0,1.0,0.008040365618430525,-0.23601402790091847,0,0,0,6.25311373655426e-06,0.6141774364815623,372,0.9319,-0.03943,0.4546884556370373,0,0,0,0.9319,372,0.6141774364815623,-0.173542,-0.1735423664713509,621.4864731217458,289.78313748654546,0.6091702876255867,0.6091702876810303,0.609170287691728,0.7614628596012879,5.30185864665211e-10,372,0.8868,0.8868,-0.0565,0.017734,373,0.6321,0.6321,0.04036,-0.101117,3,0.8265,0.8482,0.000379,6.878,0.5891,0.5912,-0.000335,6.864,0.5607,0.0743,0.000332,6.975,3.9871,1.725,1.7216,1.7494,0.2381,1.0,0.26668,0.2814,1.26374,0.2191,0.9422,1.0301,1.0933,0.4996,3.6294,3.3875,1.3792,16.0731,32.5034,8.9556,57,0.0473,-0.1154,51,0.1113,0.9984,0.0
9,1197,213406,2.3170815772858032e-25,1.9131802562381158e-07,3.3719080574035755e-08,1.9131802562381158e-07,0.4381358424764806,4.781422962698975,3.940919037897873,-29.77500186571658,30.588568057770523,0.17565754518235582,30.588568057770523,0.0008080464139281836,12.566139406858005,5.052505138431488,-1.1343087395200553,1.029073130657435,-0.02393151425481146,1.1343087395200553,0.0502428153653996,2.3989837998231462,1.2852647996268223,0.050929619809779725,2.396521639782281,0.8884013938698193,1.4142115624116159e-08,0.15484010371144927,0.06787287703535524,0.0012986433747890214,1.4142045086927217,0.9057024769113614,0.008063390593518334,-0.2370769027489074,0,0,0,6.471386659103762e-06,0.6143030597013072,372,0.9301,-0.03943,0.45482923794591584,3,4,-1,0.9301,372,0.6143030597013072,0.09369,0.09369017454049722,621.4864816977251,289.78314148530376,0.6091702876093659,0.6091702876807612,0.609170287691728,0.7614628596009515,6.602110276091205e-10,372,0.8703,0.8703,-0.05615,-0.019244,373,0.6355,0.6355,0.03937,0.077891,3,0.8095,0.848,-2.1e-05,6.879,0.5913,0.5975,0.000739,6.858,0.5533,0.0817,0.001354,6.977,3.9865,1.7256,1.7202,1.7501,0.2463,1.0,0.27782,0.28154,1.26379,0.19486,0.9451,1.0271,1.0868,0.5004,3.6294,3.3874,1.3792,16.073,32.5031,8.9555,57,0.0918,-0.8007,51,0.0595,0.7065,3.0
10,1197,213406,3.110801546370122e-13,3.0802321995271445e-07,5.669456314880008e-08,3.0802321995271445e-07,0.4381441723952434,4.781436701386204,3.9409215571815333,-29.345257907895324,29.26069327684853,0.15759238307710344,29.345257907895324,0.00046523566191147836,12.565720120315126,5.104153104043573,-1.1394935906400743,1.0303780036824135,-0.023946480039054502,1.1394935906400743,0.05104670000202489,2.3994431205268696,1.2853478248162018,0.050056889551040186,2.397207532775922,0.8958499887005213,0.014141813938433112,0.1689123352752313,0.07692990180445526,0.002721080503391704,1.4142038756549613,0.8961690634538904,0.00809181448486983,-0.24917111156082494,0,0,0,1.1621616350575796e-05,0.6130426386278437,372,0.9284,-0.03947,0.4558741282498254,2,2,0,0.9284,372,0.6130426386278437,0.136155,0.13615458939007152,621.4866664266796,289.78322761965796,0.6091702875591246,0.6091702876741497,0.609170287691728,0.7614628595926871,1.0629435750401558e-09,372,0.8539,0.8539,-0.05556,-0.003451,373,0.6494,0.6494,0.04552,-0.094864,3,0.7928,0.8484,-0.00064,6.887,0.6032,0.5807,-0.000473,6.843,0.5548,0.0617,0.002194,6.974,3.9846,1.7283,1.7174,1.7503,0.2447,1.0,0.27476,0.28444,1.26392,0.17726,0.9469,1.0253,1.0827,0.5004,3.6293,3.3873,1.3791,16.0725,32.5022,8.9555,57,0.0608,-0.9972,52,0.0327,0.6878,0.0
11,1198,213407,0.0,5.283250180406956e-07,9.168613419849336e-08,5.283250180406956e-07,0.43773137853531574,4.783220534468154,3.940876764608698,-28.462401359060323,31.363671678435274,0.18616363819706844,31.363671678435274,0.0008636897976411788,12.56491227328457,5.110024436687176,-1.140472695847819,1.0326728553792286,-0.024113588933925546,1.140472695847819,0.051821006093622904,2.3998661820177767,1.2846643098297066,0.05022534537898486,2.3981713032385725,0.8567598429824369,0.0,0.1830327280961052,0.08581989661878264,1.0,1.0,1.0,0.008128597260916177,-0.2614248860657071,0,0,0,1.6878786283326734e-05,0.6118113212883686,372,0.927,-0.03978,0.4566884327567103,3,3,0,0.927,372,0.6118113212883686,-0.077948,-0.07794838046681107,621.4868467153493,289.7833116836218,0.609170287464285,0.6091702876662004,0.609170287691728,0.7614628595827505,1.8231726836551159e-09,372,0.8401,0.8401,-0.05567,0.061103,374,0.6471,0.6471,0.04989,0.021765,3,0.7788,0.8386,0.001629,6.892,0.6003,0.5638,0.000218,6.86,0.544,0.023,-0.000473,6.978,3.9896,1.7276,1.7195,1.7489,0.25,1.0,0.28131,0.28821,1.26485,0.18764,0.9413,1.031,1.0953,0.5,3.627,3.3852,1.3783,16.0624,32.522,8.9666,56,0.0723,-0.6035,52,0.0558,0.1857,-1.0
12,1198,213407,5.047948979394385e-25,8.090844009439337e-07,1.1018484724076822e-07,8.090844009439337e-07,0.4377492043735948,4.783251785182671,3.9408865153973056,-29.569108757118723,32.68674903675113,0.2409190510765169,32.68674903675113,0.0015778054228536718,12.561726553757492,5.10427666716172,-1.1433132521688139,1.0333930457262455,-0.02412790342301362,1.1433132521688139,0.05221714165462482,2.39993083517407,1.2847454293838394,0.050144263964389306,2.3984630301254435,0.8125383078416071,1.4142115624116159e-08,0.19238925058945422,0.08942921024871453,0.003969400575882354,1.4142021363682493,0.9263916720658103,0.008165893238222414,-0.26418645207666275,0,0,0,1.8957960212584698e-05,0.6121440812897335,372,0.9245,-0.03972,0.45710576678609877,0,0,0,0.9245,372,0.6121440812897335,0.199466,0.19946573572462722,621.4868923193918,289.78333294761234,0.6091702873434185,0.6091702876639553,0.609170287691728,0.7614628595799441,2.792032214945232e-09,372,0.8331,0.8331,-0.05536,-0.052096,374,0.633,0.633,0.05478,0.078061,3,0.7703,0.8354,0.000157,6.877,0.5855,0.5513,0.00152,6.859,0.5276,0.002,-0.000897,6.977,3.9865,1.7252,1.7206,1.7503,0.2492,1.0,0.28449,0.29041,1.26498,0.19561,0.9467,1.0255,1.0832,0.5,3.6269,3.3851,1.3782,16.1137,32.4808,8.9555,56,0.0554,0.4075,52,0.0558,0.5211,2.0
13,1198,213407,6.071429204093733e-13,9.5959959441006e-07,1.43515405195517e-07,9.5959959441006e-07,0.4377759720651149,4.783334194771007,3.9409047154764427,-28.930499904322552,31.091008219967993,0.26220063748010886,31.091008219967993,0.006631576351277623,12.566251376426262,5.200078453117076,-1.1439684951652689,1.037630088744498,-0.02425768242606645,1.1439684951652689,0.053451180042639705,2.3998740272088086,1.2850234769871607,0.049448782607861654,2.399874028670124,0.791604909048572,0.014138184959451667,0.2064184794685792,0.09869312696939923,0.002251259978508835,1.4142097063859418,0.8907212686033472,0.008213080652752178,-0.27564285456040266,0,0,0,2.8115711781120387e-05,0.6116797295421312,372,0.9233,-0.03989,0.45800702600838367,0,0,0,0.9233,372,0.6116797295421312,-0.1255,-0.12549995450487983,621.4871809602271,289.78346753340054,0.6091702872786223,0.6091702876475509,0.6091702876917278,0.7614628595594386,3.3114366481222955e-09,372,0.8291,0.8291,-0.05794,-0.046865,374,0.5834,0.5834,0.06013,0.044339,3,0.7656,0.8288,0.001341,6.86,0.5387,0.548,0.001653,6.862,0.4838,-0.014,-0.000957,6.972,3.9826,1.7225,1.7229,1.7506,0.256,1.0,0.29146,0.29384,1.265,0.19517,0.9457,1.0266,1.0856,0.5,3.6268,3.385,1.3782,16.165,32.4394,8.9444,56,0.1063,0.9736,51,0.1169,0.8899,4.0
14,1198,213407,1.617237173025522e-12,1.1899324873962927e-06,1.7715718680478534e-07,1.1899324873962927e-06,0.4378115772840632,4.78351706369262,3.940934235922956,-28.811396811252926,30.380998130151443,0.16915538008946615,30.380998130151443,0.004144425320320282,12.56365524254792,5.176334851428506,-1.1501631669269787,1.057962774127444,-0.02429156354336604,1.1501631669269787,0.055450371957545264,2.401691422972982,1.2854503143538176,0.05037216075374964,2.4016914230669064,0.8000146723953054,0.02792161033773793,0.22055921470485793,0.10760033965514079,0.0006605580985685755,1.4142067668623404,0.884556082510146,0.008289196486223858,-0.2867530247679803,0,0,0,3.9300067755447696e-05,0.6115491163765484,372,0.9211,-0.03969,0.45897955490624537,2,2,0,0.9211,372,0.6115491163765484,0.018248,0.018247623659462198,621.4874037152183,289.78357139831644,0.6091702871794646,0.6091702876323001,0.6091702876917273,0.7614628595403751,4.106280013233372e-09,372,0.8243,0.8243,-0.05442,-0.014629,374,0.5364,0.5364,0.06188,-0.01595,3,0.7594,0.8282,0.001534,6.847,0.4941,0.5677,0.000147,6.872,0.4423,0.0088,-0.002139,6.962,3.9803,1.7202,1.7266,1.7492,0.2525,1.0,0.28735,0.29847,1.26507,0.18218,0.9481,1.0242,1.0803,0.5,3.6265,3.3847,1.3781,16.2156,32.3967,8.9333,56,0.0913,0.9981,51,0.1072,0.7631,2.0
15,1199,213408,0.0,1.0952887032731522e-06,2.187492696148097e-07,1.0952887032731522e-06,0.4357888418218068,4.7849994964153675,3.9403830744890325,-29.753341004881555,31.91685142533098,0.1701502889675924,31.91685142533098,0.0015043430749842202,12.563628445235882,5.133626411584558,-1.1508266945458063,1.0840663123860192,-0.024558891800452887,1.1508266945458063,0.05771072256497251,2.4039418853578782,1.2851735962214017,0.05008626744795551,2.403941885402115,0.7950111071182082,0.0,0.23469789272796052,0.11634878129777299,1.0,1.0,1.0,0.008373914084366278,-0.29798243842225375,0,0,0,4.919776307091441e-05,0.6127928194936253,373,0.9151,-0.03958,0.4597132373096898,0,0,0,0.9151,373,0.6127928194936253,0.074099,0.07409924209794383,621.487643439285,289.7836831754752,0.6091702872202088,0.6091702876133658,0.609170287691728,0.7614628595167072,3.7796769344322005e-09,372,0.8181,0.8181,-0.05056,0.020548,374,0.4899,0.4899,0.06003,0.111575,3,0.7487,0.8263,-0.002471,6.843,0.4483,0.5527,-0.002897,6.876,0.4009,-0.0126,-0.003548,6.96,3.9797,1.7195,1.7277,1.7488,0.259,1.0,0.29329,0.30006,1.26549,0.18999,0.9433,1.0288,1.0906,0.5004,3.628,3.3861,1.3786,16.1187,32.5312,8.9667,57,0.0323,0.9999,51,0.0521,0.7205,3.0
16,1200,213409,0.0,1.0467547934464187e-06,2.670038982960202e-07,1.0467547934464187e-06,0.4387058379687471,4.782207989347506,3.9404623259976637,-29.59486891326573,31.841674003068142,0.1717322553483575,31.841674003068142,0.0026530486916929163,12.564146082244,5.134532689728132,-1.1562006722992995,1.0834794370247962,-0.024278659110653297,1.1562006722992995,0.06023900283875901,2.405483680838118,1.2851133386991045,0.05198238996983129,2.405307798168356,0.7762298786540895,0.0,0.2487494321347511,0.12364443843939495,1.0,1.0,1.0,0.008458395575331276,-0.3056709780829777,0,0,0,6.204292914633683e-05,0.6132551536696154,373,0.9148,-0.03958,0.4603951891264858,1,1,0,0.9148,373,0.6132551536696154,0.340048,0.3400482808639693,621.4878304318966,289.7837703653144,0.6091702872411028,0.6091702875967815,0.609170287691728,0.7614628594959768,3.6121926087400707e-09,373,0.8007,0.8007,-0.04892,-0.007824,374,0.4683,0.4683,0.0582,-0.097954,3,0.7326,0.8246,0.000206,6.836,0.4284,0.5507,-0.003403,6.876,0.375,-0.0182,-0.002509,6.935,3.9736,1.7204,1.7304,1.7452,0.2523,1.0,0.2883,0.30363,1.26584,0.18692,0.9451,1.0271,1.0868,0.5,3.6267,3.385,1.3782,16.1649,32.5197,8.9667,57,0.0387,-0.8148,51,0.0446,-0.0027,2.0
17,1201,213410,0.0,1.519915641658367e-06,3.5047465005692466e-07,1.519915641658367e-06,0.44168215978785086,4.781477908383461,3.9404052342935474,-29.79862457326093,30.234693393905324,0.2645408683644344,30.234693393905324,0.0006029857670843781,12.566181902030749,5.236736310448732,-1.156994156625895,1.084327565026623,-0.02394510847965068,1.156994156625895,0.06345304669520518,2.406979444264879,1.2853891271637186,0.049454018489277565,2.4069794472497517,0.772577887848177,0.0,0.2628753333202967,0.1316650824649563,1.0,1.0,1.0,0.00853273738193608,-0.3145443322624421,0,0,0,7.856058576840315e-05,0.6139707168521918,373,0.9191,-0.03988,0.46100416853011,3,3,0,0.9191,373,0.6139707168521918,0.249628,0.24962814118782495,621.4881069356068,289.78389929187375,0.6091702870374086,0.6091702875693439,0.609170287691728,0.7614628594616798,5.244996859288894e-09,374,0.7919,0.7919,-0.05031,0.034493,374,0.4666,0.4666,0.05478,0.001599,3,0.7279,0.8116,-0.001088,6.835,0.4289,0.5423,-0.000293,6.873,0.3695,-0.0507,-0.000459,6.937,3.9731,1.7202,1.7298,1.746,0.2583,1.0,0.29704,0.3074,1.26576,0.18327,0.939,1.0331,1.1003,0.5004,3.6236,3.382,1.377,16.2545,32.4113,8.9445,57,0.0663,-0.9768,51,0.0348,-0.2829,2.0
18,1201,213410,1.8649342864934165e-25,2.354963196955011e-06,4.6731622503522354e-07,2.354963196955011e-06,0.4416837420359686,4.781711536007833,3.940495929768702,-29.496435239036032,29.215461447085495,0.20903824493464795,29.496435239036032,0.001146877863460671,12.565647760769977,5.1692744380410875,-1.1630762796798924,1.0850902676039411,-0.023950296704985035,1.1630762796798924,0.06692698775406977,2.4126530855984774,1.2869034301158715,0.056885980209506526,2.4126530876800922,0.7775949688404225,1.4142115624116159e-08,0.2770148033502071,0.14023007713905206,0.0017358933810053268,1.414197039485416,0.9115107601169523,0.008583620145362068,-0.3243852168050196,0,0,0,0.0001066941014364488,0.614926933748807,373,0.9209,-0.03981,0.46200975062855976,2,2,0,0.9209,373,0.614926933748807,0.192085,0.19208548159091166,621.4884321260768,289.7840509198154,0.6091702866779235,0.6091702875326246,0.609170287691728,0.7614628594157807,8.126614247678662e-09,374,0.7855,0.7855,-0.05085,-0.005607,374,0.4786,0.4786,0.05667,-0.067423,3,0.7235,0.8054,-0.001137,6.819,0.4408,0.5181,-0.000618,6.859,0.376,-0.0896,-0.00122,6.925,3.9652,1.7196,1.7299,1.7465,0.256,1.0,0.29371,0.31054,1.26592,0.17823,0.9459,1.0262,1.0848,0.5004,3.6235,3.3819,1.3769,16.3057,32.3698,8.9333,56,0.051,-0.9203,51,0.0722,0.6734,2.0
19,1201,213410,9.248130112882935e-14,2.98371995811195e-06,5.875713699607737e-07,2.98371995811195e-06,0.4416668366478625,4.781988043797375,3.940604530495613,-29.59408290336343,31.157870835445298,0.25679653121934787,31.157870835445298,0.0013313083918238423,12.565901117787062,5.219435990769821,-1.165191598726189,1.1115852267835291,-0.024088884839000433,1.165191598726189,0.06921514738512574,2.419326100206012,1.288227095636774,0.04988309941762907,2.4193261011192666,0.7618089344990797,0.014141524963211423,0.29115655670347035,0.14934518474134012,0.0044017475342250645,1.4141608001379586,0.8650062982067919,0.008672061588475602,-0.33485080445600474,0,0,0,0.00012655252849700174,0.615245599899291,373,0.9218,-0.03935,0.46258172996210956,2,2,0,0.9218,373,0.615245599899291,-0.044922,-0.04492215946119438,621.4887438532828,289.78419627018377,0.6091702864072466,0.60917028749291,0.609170287691728,0.7614628593661374,1.0296351548895519e-08,374,0.791,0.791,-0.05161,-0.005344,374,0.4706,0.4706,0.05447,0.037181,3,0.7291,0.7887,-0.001742,6.828,0.4338,0.4884,-5.1e-05,6.862,0.3722,-0.1512,2e-05,6.941,3.9707,1.7197,1.7281,1.7482,0.2603,1.0,0.29645,0.31206,1.26589,0.18696,0.9396,1.0325,1.0988,0.5004,3.6234,3.3818,1.3769,16.3051,32.3686,8.9332,57,0.0377,0.2891,51,0.0834,0.9023,-1.0
20,1202,213411,0.0,3.8065025484850583e-06,7.002464742805374e-07,3.8065025484850583e-06,0.4392768180813145,4.784558331576154,3.940694158816906,-29.693820663923052,32.47637663687894,0.21131633807981987,32.47637663687894,0.0007166849621231819,12.566147231056373,5.166269241607376,-1.172204445003165,1.1360048379781071,-0.023892517425297632,1.172204445003165,0.07144472664913899,2.426309059099556,1.2887635303423535,0.04963404508366599,2.426309059683516,0.7601333894965092,0.0,0.3052937326750035,0.1578638040811244,1.0,1.0,1.0,0.008647266031118666,-0.3449169155557998,0,0,0,0.00014561768005824297,0.6160235829528021,374,0.916,-0.03906,0.4632009821131402,1,0,1,0.916,374,0.6160235829528021,-0.012655,-0.01265489728953817,621.4890501811647,289.78433910298634,0.6091702860530427,0.6091702874495772,0.609170287691728,0.7614628593119716,1.3135639283571728e-08,374,0.7912,0.7912,-0.05176,-0.000413,374,0.4634,0.4634,0.05387,-0.087742,3,0.7248,0.7811,0.00131,6.826,0.4244,0.4821,-0.001525,6.862,0.3666,-0.1705,-0.000346,6.924,3.9668,1.7209,1.7298,1.7454,0.2515,1.0,0.28958,0.32152,1.26619,0.18837,0.9435,1.0287,1.0902,0.5,3.6192,3.3779,1.3753,16.493,32.2105,8.8999,57,0.0913,0.6411,51,0.0846,0.9696,0.0
21,1202,213411,1.8840919721448385e-24,4.623262116771924e-06,8.569220213643711e-07,4.623262116771924e-06,0.439165356654649,4.786353809945284,3.9408389274834152,-29.5811300375161,30.885095520511914,0.22017014316442488,30.885095520511914,6.9585859652221416e-06,12.565003875739315,5.099512036661175,-1.1742904284999018,1.1355175709578316,-0.023952782441578422,1.1742904284999018,0.07504759367172957,2.43376653405828,1.2909203353317704,0.04970141508951393,2.433766534306309,0.7526187757531728,1.4142115624116159e-08,0.3194009089486013,0.16687508579979451,0.0043073986444885914,1.4141846430633642,0.9540841088751472,0.008592878415988365,-0.3548419418320111,0,0,0,0.00018240332799503414,0.6172788992357685,374,0.9152,-0.03899,0.4644131842658846,1,0,1,0.9152,374,0.6172788992357685,0.083195,0.08319493672946199,621.4894467637032,289.784524019211,0.6091702857014325,0.609170287387137,0.609170287691728,0.7614628592339212,1.5954137414410124e-08,374,0.7919,0.7919,-0.05444,0.001454,374,0.4572,0.4572,0.05428,0.094903,3,0.7247,0.7666,-0.001555,6.827,0.4185,0.4493,0.001291,6.859,0.3621,-0.2293,0.000319,6.94,3.9696,1.7199,1.7279,1.7482,0.2615,1.0,0.29757,0.3214,1.26651,0.17863,0.9411,1.0311,1.0957,0.5,3.6155,3.3745,1.3739,16.683,32.0173,8.8556,57,0.0618,0.8718,51,0.0516,1.0,3.0
22,1203,213412,0.0,5.381670702019961e-06,1.0434947322353549e-06,5.381670702019961e-06,0.4413735207916584,4.7860965589478175,3.9402293121591225,-29.713160213538785,32.12027117643092,0.19200867151670653,32.12027117643092,4.073252047476217e-05,12.56407325366099,5.115780900818902,-1.1809160694768503,1.16124292456179,-0.023837211669566278,1.1809160694768503,0.07828529250232219,2.4425858872287,1.2924142840267683,0.0503142468212719,2.442585887230893,0.7565183812175718,0.0,0.33353656007975435,0.17626928023245836,1.0,1.0,1.0,0.008469279263773038,-0.3645870897136804,0,0,0,0.00022682076126624254,0.6181361173803056,374,0.9122,-0.03961,0.4660402178945521,2,1,1,0.9122,374,0.6181361173803056,-0.014601,-0.014600721666455208,621.4898676907467,289.7847202866514,0.6091702853749426,0.6091702873130387,0.609170287691728,0.7614628591412983,1.8571271448323705e-08,375,0.7815,0.7862,-0.05496,-0.021885,374,0.46,0.46,0.04951,-0.046337,3,0.713,0.7608,0.00109,6.828,0.4197,0.4403,0.00016,6.853,0.3596,-0.2477,0.001371,6.931,3.967,1.7212,1.7276,1.7473,0.2513,1.0,0.28641,0.32754,1.26714,0.17331,0.948,1.024,1.0801,0.5004,3.9721,3.2499,1.3722,16.8686,31.8571,8.0202,57,0.0473,0.6904,51,0.0746,0.9213,1.0
23,1203,213412,2.335561745733418e-25,7.309745664774058e-06,1.2704321592250654e-06,7.309745664774058e-06,0.44116205648408935,4.788513864587938,3.9404135716518227,-29.657665577171812,31.862361640311054,0.17709650025527415,31.862361640311054,0.004223200956586126,12.56394968322849,5.099746152433972,-1.1834417668967736,1.1628992767274153,-0.023928291794740267,1.1834417668967736,0.08138491537036048,2.448140213650564,1.2948534596039076,0.049712627866178735,2.4481402162305423,0.7292952258643135,1.4142115624116159e-08,0.347286918138225,0.18529084632865098,0.00022121114263806696,1.4141877770148508,0.8681562815918138,0.008296162428929176,-0.37437058349767915,0,0,0,0.00026893449299589424,0.6191344672519926,374,0.9095,-0.03984,0.4672034005702067,1,1,0,0.9095,374,0.6191344672519926,0.033522,0.033522172357819624,621.4902764426859,289.7849108771542,0.6091702845449175,0.6091702872333704,0.609170287691728,0.761462859041713,2.5224728377499303e-08,375,0.7713,0.7759,-0.05369,0.000507,374,0.4647,0.4647,0.04508,0.055177,3,0.7017,0.7454,0.000657,6.834,0.4227,0.4054,0.000377,6.858,0.3586,-0.3072,0.000739,6.935,3.9699,1.7215,1.7275,1.747,0.2568,1.0,0.28948,0.32265,1.26744,0.18349,0.9396,1.0324,1.0987,0.5004,3.9679,3.2465,1.3707,16.9538,31.7434,8.0001,57,0.0273,-0.8564,51,0.0943,0.6118,2.0
24,1203,213412,1.9005297439498593e-13,9.022593014687016e-06,1.4966538185176186e-06,9.022593014687016e-06,0.44087014133038793,4.791244226671275,3.940612807680832,-29.466417024001718,31.52227726234525,0.13280089059829603,31.52227726234525,0.005543597359675578,12.5662210191586,5.1336991420587905,-1.1902283479324178,1.1875030935369422,-0.02389874982098627,1.1902283479324178,0.08306697978977515,2.4582296790966884,1.2965226716265459,0.04973052804722487,2.456538475620935,0.7381922830411075,0.014141007750897267,0.36141069696676825,0.19397240914807706,0.00016014656181773113,1.4141981788806863,0.870993359264472,0.008170463878313819,-0.38367032657852934,0,0,0,0.0003013314739734402,0.6199882925006664,374,0.9072,-0.03986,0.4678759762088571,0,1,-1,0.9072,374,0.6199882925006664,0.038505,0.03850545611907452,621.4905947295725,289.7850592861327,0.6091702838075475,0.6091702871660718,0.609170287691728,0.7614628589575897,3.113546653134433e-08,375,0.7613,0.7658,-0.05371,0.007172,374,0.4669,0.4669,0.0499,-0.001971,3,0.691,0.738,0.000972,6.837,0.4235,0.3699,0.000743,6.856,0.3556,-0.3539,0.001447,6.934,3.9697,1.7222,1.727,1.7468,0.2494,1.0,0.28121,0.325,1.26769,0.18674,0.9442,1.0277,1.0884,0.5004,3.9663,3.2451,1.3702,17.1013,31.61,7.9696,57,0.1077,-0.739,51,0.1161,0.3278,2.0
25,1203,213412,3.51744241800247e-13,8.08177847734326e-06,1.6603906194298184e-06,8.08177847734326e-06,0.4405037475615798,4.794215584177126,3.9408266351033885,-29.66215740792273,30.224369123806603,0.14403511486018583,30.224369123806603,0.004776838601789712,12.565019595291142,5.154609766526381,-1.1933913951160788,1.211894255726751,-0.024016274480586935,1.211894255726751,0.08541350014199761,2.4691853823603953,1.2986183754611313,0.0499192873197429,2.462523392584928,0.7492934372735492,0.028281161796654623,0.37554671687466185,0.20268234273974334,0.001419773622379994,1.4141267246488198,0.8506975932544512,0.007922635209538164,-0.39281770715722125,0,0,0,0.0003363501952165763,0.621318119943353,374,0.9057,-0.03994,0.46876336733362933,2,2,0,0.9057,374,0.621318119943353,-0.035711,-0.035710683328846304,621.490894389709,289.7851990099373,0.6091702842125658,0.6091702870985004,0.609170287691728,0.7614628588731255,2.7888858730380225e-08,375,0.7573,0.7616,-0.05814,-0.013184,374,0.4438,0.4438,0.05134,0.0611,3,0.686,0.715,-0.000559,6.837,0.4021,0.326,0.003268,6.856,0.3363,-0.4279,0.001314,6.957,3.9744,1.7203,1.7252,1.7505,0.2551,1.0,0.28325,0.32632,1.26777,0.17529,0.9388,1.033,1.1004,0.5004,3.9646,3.2438,1.3696,17.1972,31.5167,7.9495,57,0.1041,-0.8867,51,0.0717,-0.3095,0.0
26,1203,213412,1.5106034378438725e-12,8.141778624658093e-06,1.8658465258088568e-06,8.141778624658093e-06,0.440039369955362,4.797499170008718,3.9410527470726957,-31.415598027147084,31.064773857708293,0.12248918953439647,31.415598027147084,0.001002438139262752,12.566180957351072,5.155665160766278,-1.2006677863833657,1.2347308389189342,-0.024076942513792193,1.2347308389189342,0.08654203611878707,2.48097324700743,1.3000968862007234,0.05034657444833511,2.4628657254637885,0.743184613626831,0.042416549476364106,0.3896648446428915,0.21118931867873425,0.0005462806884645177,1.4141695229143163,0.8787966468939405,0.007639866378634981,-0.4019666456769197,0,0,0,0.0003586198424980519,0.6220131952672173,374,0.9028,-0.03965,0.46939746033640667,4,4,0,0.9028,374,0.6220131952672173,0.020194,0.020194131043290042,621.4911885857431,289.78533618597163,0.6091702841867382,0.6091702870281881,0.6091702876917274,0.7614628587852351,2.8095895851103568e-08,375,0.7543,0.7587,-0.05918,0.00094,374,0.4329,0.4329,0.05606,0.018557,3,0.6812,0.7044,0.001209,6.838,0.3913,0.2798,0.003275,6.857,0.327,-0.4843,0.002394,6.97,3.9772,1.7194,1.724,1.7526,0.2477,1.0,0.27719,0.33528,1.26783,0.17113,0.9475,1.0243,1.0811,0.5004,3.963,3.2425,1.369,17.2932,31.4239,7.9293,57,0.0499,-0.9032,51,0.0407,-0.7038,3.0
27,1203,213412,5.146669652501625e-12,9.561568293884421e-06,2.1156832525346994e-06,9.561568293884421e-06,0.4394760725033201,4.800865779963603,3.9412922844320044,-31.725507442674456,31.833829277963787,0.13358077047761546,31.833829277963787,0.004291749081806628,12.56555796879751,5.206611162578345,-1.2040711929961345,1.2593698665242659,-0.02414639713869648,1.2593698665242659,0.08810990349499903,2.4936151027467393,1.3019615758633452,0.049865585651785414,2.4516546518654545,0.7301405465177241,0.05655614428089339,0.4038064924297814,0.219977285146129,0.005781956417842515,1.4141924777094153,0.9243138366871281,0.007350715106254527,-0.41104324207957066,0,0,0,0.0003844404507428728,0.6232166034053732,374,0.9006,-0.0391,0.47032747940446484,0,0,0,0.9006,374,0.6232166034053732,-0.037745,-0.03774473967814407,621.4916621273345,289.7855569862208,0.6091702835755313,0.6091702869067452,0.6091702876917259,0.7614628586334315,3.299532382954155e-08,375,0.7534,0.7577,-0.05794,-0.01583,374,0.4241,0.4241,0.06214,0.008704,3,0.6786,0.6878,-0.001355,6.845,0.3821,0.2714,0.000285,6.856,0.3197,-0.512,0.00035,6.983,3.9807,1.7195,1.7223,1.7542,0.2562,1.0,0.28255,0.33889,1.26793,0.18269,0.9388,1.0329,1.1001,0.5004,3.9613,3.2411,1.3685,17.3886,31.3304,7.9091,57,0.0615,0.5335,51,0.0567,0.4365,1.0
28,1203,213412,1.0743102872503639e-11,1.069766007056065e-05,2.418946347550949e-06,1.069766007056065e-05,0.43879983880330176,4.804587867907607,3.9415452389944874,-30.033077846190015,32.190823834996685,0.09231224777268832,32.190823834996685,0.0007101695131771588,12.565605550181639,5.178530913815998,-1.2042431559123172,1.2861739429128178,-0.02421600227761862,1.2861739429128178,0.09074049641266582,2.507092436718729,1.304869187246237,0.0499461617206343,2.4163338245556374,0.7393767393443001,0.07069417120816349,0.41794741661461693,0.22922042353326214,0.00376008232689351,1.4142021743438828,0.917548005077398,0.00703047420964045,-0.41960452885202665,0,0,0,0.00045854392216013434,0.6240599221884555,374,0.8972,-0.03868,0.47206057310686506,0,0,0,0.8972,374,0.6240599221884555,-0.008447,-0.008447178126627541,621.4921092581623,289.785765471811,0.6091702830864552,0.6091702867827139,0.6091702876917234,0.7614628584783923,3.691575413700322e-08,375,0.7529,0.7573,-0.05899,-0.00552,374,0.4249,0.4249,0.06642,-0.059314,3,0.6758,0.6865,0.000192,6.847,0.3813,0.2896,-0.00149,6.856,0.3201,-0.4972,-0.000425,6.974,3.9796,1.7206,1.7229,1.7525,0.2495,1.0,0.27412,0.34248,1.26807,0.18274,0.9453,1.0263,1.0857,0.5004,3.9589,3.2391,1.3676,17.3782,31.3116,7.9092,57,0.136,0.8839,51,0.1193,0.9742,3.0
29,1203,213412,1.4116317757370649e-11,1.1235171361822278e-05,2.894860060630796e-06,1.1235171361822278e-05,0.4380176169058629,4.808574074596536,3.941810931661458,-30.794220498846826,30.54926185771398,0.14034503027857786,30.794220498846826,0.0007156203233975589,12.56614897329311,5.206479055062741,-1.2064353376158312,1.3131304425421944,-0.02446572219505774,1.3131304425421944,0.09275214829671889,2.5214775549094743,1.3072364857769538,0.05015540636783548,2.391678483297145,0.7387734653025152,0.08483269711880032,0.43208107532272894,0.23839590358252294,0.0005397402794315997,1.414205871124393,0.8982903799742836,0.006902128008298969,-0.4281611847258308,0,0,0,0.0005262993038247774,0.6250406708964231,374,0.8941,-0.03865,0.47357386272653046,1,0,1,0.8941,374,0.6250406708964231,-0.021922,-0.02192222544858291,621.4927841398232,289.78608015174945,0.6091702828550671,0.6091702865782871,0.609170287691722,0.7614628582228589,3.8770569504024714e-08,375,0.7584,0.7628,-0.06173,0.023857,374,0.4393,0.4393,0.06729,-0.008385,3,0.6783,0.678,-7.7e-05,6.842,0.3928,0.2817,-0.000977,6.857,0.3333,-0.5143,-0.001333,6.967,3.9773,1.7202,1.7242,1.7516,0.2552,1.0,0.28255,0.34112,1.26827,0.17318,0.9408,1.0308,1.0957,0.5004,3.9506,3.2323,1.3648,17.6495,31.0063,7.8485,57,0.1398,0.9626,51,0.1025,0.9842,2.0
30,1203,213412,4.101322757430278e-12,1.2038304976560933e-05,3.39748769076493e-06,1.2038304976560933e-05,0.4371355867001361,4.81281635649971,3.9420870727206756,-30.893208075689508,31.311664286854725,0.16389314330665686,31.311664286854725,0.0020158871364444053,12.563399053088755,5.22318813946626,-1.2089795954260154,1.3420354968081536,-0.02451046552469558,1.3420354968081536,0.09551479261451042,2.5365937127027953,1.3104516501115213,0.05041847113812105,2.3319852526859255,0.740416952211456,0.09535214004638454,0.446218978175668,0.24737880737974918,0.003173642435971624,1.4141642357269053,0.8630167462603362,0.007092681546324639,-0.43658092859920017,0,0,0,0.0006270864970123046,0.6265109833532846,374,0.8934,-0.0382,0.47508962398256016,4,3,1,0.8934,374,0.6265109833532846,0.002888,0.002887802281864804,621.4932951722818,289.78631843302446,0.6091702825093297,0.6091702864097104,0.6091702876917263,0.761462858012138,4.154200599136716e-08,375,0.7582,0.7625,-0.06005,-0.014121,374,0.4512,0.4512,0.07011,-0.089501,3,0.6777,0.6805,0.000744,6.838,0.4032,0.246,-0.000449,6.843,0.3423,-0.5428,0.001561,6.951,3.9707,1.7222,1.7233,1.7505,0.2528,1.0,0.28036,0.34298,1.26842,0.17295,0.9484,1.0231,1.0788,0.5004,3.9421,3.2254,1.3618,17.8162,30.7802,7.8081,57,0.0303,0.8898,51,0.0571,-0.1135,1.0
31,1203,213412,3.5277981933776475e-12,1.3394801744807365e-05,3.831424269288957e-06,1.3394801744807365e-05,0.4361616280369185,4.817168451551842,3.9423719054040114,-31.859105064898056,29.723624816606737,0.11758195440206794,31.859105064898056,0.0034133112793570675,12.565167098724785,5.2069254807214,-1.2131949754573639,1.3783377790224687,-0.024614395406267614,1.3783377790224687,0.09690232526424135,2.5523777445264177,1.3127832867776763,0.054694762747309,2.1997704994903584,0.7177929429390505,0.09872126594263486,0.460344164547452,0.25600897484164964,0.0009389574855754867,1.4142004465145832,0.916827013768033,0.00757006095601401,-0.44499774554374333,0,0,0,0.0006784923246106979,0.6280567344633581,374,0.8919,-0.03816,0.4761713530032273,1,0,1,0.8919,374,0.6280567344633581,-0.060662,-0.06066249246087163,621.493772977791,289.7865412214286,0.6091702819253745,0.6091702862413512,0.6091702876917265,0.7614628578016889,4.62229946509913e-08,375,0.7567,0.761,-0.05793,0.009461,374,0.4469,0.4469,0.06648,-0.03671,3,0.6751,0.6677,-0.000848,6.835,0.3986,0.2526,-0.002041,6.847,0.3382,-0.5517,-0.002386,6.944,3.9694,1.7219,1.7249,1.7493,0.2585,1.0,0.28699,0.34322,1.26867,0.18235,0.9398,1.0316,1.0978,0.5004,3.9332,3.2181,1.3587,18.0313,30.512,7.7576,57,0.0724,-0.8415,51,0.109,-0.805,1.0
32,1205,213415,0.0,1.4583441901327863e-05,4.005826414512746e-06,1.4583441901327863e-05,0.43070442040349594,4.824005828367337,3.9419814664662276,-29.665625533554493,32.28232991439888,0.06610848749916827,32.28232991439888,0.0036795701750680504,12.563053096852128,5.176286827540605,-1.2166689837007512,1.402021859748426,-0.024596473695073704,1.402021859748426,0.09926781093849386,2.5685715426454645,1.3141508132501378,0.05194564426030823,1.9256456394331831,0.7203807258531968,0.0,0.47448166334866204,0.2647371167707048,1.0,1.0,1.0,6.426144860198684e-07,-0.4530050905249607,0,0,0,0.0007937628642578696,0.6292496383172265,376,0.8803,-0.03823,0.47767453836292345,0,0,0,0.8803,376,0.6292496383172265,0.032282,0.03228241411391419,621.4940542750846,289.7866723831125,0.6091702814136786,0.609170286137378,0.609170287691728,0.7614628576717225,5.032475020813871e-08,375,0.742,0.7461,-0.05876,-0.016417,374,0.427,0.427,0.06834,0.01698,3,0.6534,0.6608,0.002519,6.838,0.3759,0.252,0.000164,6.854,0.3169,-0.5599,0.000772,6.935,3.9697,1.7224,1.7266,1.747,0.2485,1.0,0.27499,0.35378,1.27063,0.1797,0.9438,1.0276,1.0888,0.5004,3.9251,3.2115,1.356,18.3003,30.2909,7.7172,57,0.1263,-0.8342,51,0.0937,-0.8869,2.0
33,1205,213415,3.0908568240346147e-25,1.556756915240587e-05,4.291998617254473e-06,1.556756915240587e-05,0.4296512375258867,4.828672938985097,3.9422917100136368,-32.76722153477047,43.26329008100888,0.05889024827555721,43.26329008100888,0.008301101346060435,12.564048303983066,5.198870795573918,-1.221136648816328,1.399761284444716,-0.024765023251839737,1.399761284444716,0.10157992680403626,2.5833702147194746,1.317383519572018,0.05034839808698962,1.5002592719984351,0.7349886733806557,1.4142115624116159e-08,0.4885923017828551,0.27374979620186723,0.0025197399118096486,1.4141888811221242,0.9152860053788768,4.300610599100299e-06,-0.4609013841429198,0,0,0,0.0008831858801288244,0.631682157611044,376,0.8813,-0.03791,0.47887957421957567,3,2,1,0.8813,376,0.631682157611044,0.045546,0.04554550773321431,621.4944271994867,289.7868462681574,0.6091702809900266,0.6091702859939906,0.609170287691728,0.7614628574924882,5.372075838804724e-08,375,0.7348,0.7389,-0.06146,0.017012,374,0.4062,0.4062,0.06573,0.008833,3,0.6477,0.6364,-0.000788,6.841,0.358,0.2593,-0.00109,6.858,0.2986,-0.58,-0.000929,6.937,3.9716,1.7226,1.7267,1.7467,0.2598,1.0,0.28893,0.35562,1.27115,0.17327,0.9383,1.033,1.1009,0.5004,3.9228,3.2096,1.3552,18.3404,30.2334,7.7071,57,0.0997,-0.8723,51,0.0206,-0.0464,-1.0
34,1205,213415,1.777490619004676e-13,1.8333150930600333e-05,4.6989943804533335e-06,1.8333150930600333e-05,0.4285231837726068,4.833599692515801,3.9426108628701297,-42.977919679016026,47.98148099586159,0.1860721088812953,47.98148099586159,0.0003644713476881143,12.561745323064198,5.162617283196249,-1.2211072274138983,1.4238784135526827,-0.024871156757775924,1.4238784135526827,0.10333221133650283,2.59933086894086,1.3207337270637827,0.050671333355624563,1.5182231375074196,0.7268858993193995,0.014122458817898515,0.4935017856793469,0.2829026562483032,0.0019227689808921644,1.4141913124339316,0.918427939548942,1.2024095291673114e-05,-0.468815913021751,0,0,0,0.0010036330186271817,0.6332550323476985,376,0.89,-0.03811,0.47908368470681223,3,2,1,0.89,376,0.6332550323476985,0.005415,0.0054146884810504226,621.4947994364076,289.7870198326475,0.6091702797994742,0.6091702858445602,0.609170287691728,0.7614628573057003,6.326422398486915e-08,375,0.731,0.735,-0.06248,-0.010783,374,0.3992,0.3992,0.06342,-0.076767,3,0.6508,0.62,6.2e-05,6.845,0.3553,0.2709,-0.00192,6.865,0.292,-0.5874,-0.001443,6.931,3.9725,1.7231,1.7283,1.7447,0.2531,1.0,0.2838,0.36371,1.27101,0.17524,0.9466,1.0245,1.0823,0.5004,3.9202,3.2075,1.3543,18.4301,30.1342,7.6869,57,0.0148,-0.4086,51,0.1233,0.9802,-4.0
35,1205,213415,4.271416536241143e-14,2.081210998543197e-05,5.279089651794963e-06,2.081210998543197e-05,0.42732525766973195,4.8385727203239455,3.9429384554403804,-43.75383481006893,49.58178089966975,0.13222039929355936,49.58178089966975,0.0017654601129404313,12.561546944212976,5.190473781539804,-1.2260062562005936,1.4518500166520356,-0.025021330804121632,1.4518500166520356,0.10475401594508509,2.614891582203868,1.3237775633240367,0.05057870239920691,1.5413210676670404,0.7430633037893454,0.028260946923971447,0.5076318244007872,0.2920869356349342,0.0019420227701736348,1.41417943452531,0.9181999266082125,3.146882883673533e-05,-0.47650680392301853,0,0,0,0.001105495739046399,0.6351396964208768,376,0.8895,-0.03771,0.4803505792326016,1,0,1,0.8895,376,0.6351396964208768,-0.054599,-0.05459929962594923,621.4954072738475,289.7873032515923,0.6091702787323182,0.609170285587006,0.609170287691728,0.7614628569837575,7.181857090323578e-08,375,0.7342,0.7381,-0.06265,0.028577,374,0.3953,0.3953,0.05872,0.02469,3,0.6532,0.5979,-0.000954,6.844,0.3518,0.2606,-0.001233,6.87,0.2904,-0.618,-0.001886,6.931,3.9732,1.7224,1.7292,1.7445,0.2603,1.0,0.29271,0.35927,1.27085,0.18011,0.9407,1.0303,1.0953,0.5004,3.9173,3.2051,1.3533,18.5182,30.0327,7.6667,57,0.1062,0.9762,51,0.1506,0.9019,-3.0
36,1207,213418,0.0,2.2131978287855918e-05,5.938833023980696e-06,2.2131978287855918e-05,0.42109036780622605,4.846737963972783,3.942744996726556,-44.5463343278767,51.17850449145352,0.10664114558880729,51.17850449145352,0.005314538528346812,12.56280046366552,5.180086849827634,-1.2306755214318985,1.4844468203530177,-0.025193708553914798,1.4844468203530177,0.107059391189551,2.6298791739760348,1.3253794352341055,0.05059214811881203,1.5096893241663527,0.7286659827641002,0.0,0.5216565007473476,0.30076973202553353,1.0,1.0,1.0,2.4541225587955546e-07,-0.4840855661757931,0,0,0,0.0012534988798374863,0.6355173269922121,378,0.8768,-0.03753,0.48211954482834063,1,0,1,0.8768,378,0.6355173269922121,-0.001539,-0.0015390058066651058,621.495978674474,289.78756968098935,0.6091702781641404,0.6091702853295707,0.609170287691728,0.7614628566619633,7.63731112146037e-08,375,0.7324,0.7362,-0.06388,0.00475,374,0.4041,0.4041,0.06335,-0.035161,3,0.6425,0.591,-0.000576,6.846,0.3544,0.2111,0.000107,6.861,0.2961,-0.6638,0.001246,6.932,3.972,1.7236,1.7274,1.7451,0.2553,1.0,0.28474,0.35879,1.27218,0.17725,0.9452,1.0258,1.0853,0.5004,3.9203,3.2075,1.3543,18.4813,30.1743,7.6969,57,0.1225,0.8707,51,0.1052,0.3707,-2.0
37,1207,213418,3.1775891113785027e-25,2.5825533160088653e-05,6.402194513503993e-06,2.5825533160088653e-05,0.41983748708766955,4.8518483103514525,3.943090936043943,-45.3147028719151,52.746220103892,0.12764494142301164,52.746220103892,0.0016457546436027676,12.564333864448958,5.198737325153521,-1.2357757911686242,1.4798848340537452,-0.025292373028490422,1.4798848340537452,0.10942205614532519,2.643535263197765,1.3289603302441797,0.050567894880486845,1.5261414563761742,0.7406100612536877,1.4142115624116159e-08,0.5356895900301751,0.309691171490393,0.0005755756221280661,1.4141860066083929,0.9365203577951288,3.207412198037958e-05,-0.4914581826481188,0,0,0,0.0013560591441807296,0.6380834623358717,378,0.8694,-0.03761,0.4845450156935376,2,1,1,0.8694,378,0.6380834623358717,0.027709,0.027708742400813335,621.496486955037,289.7878066791263,0.6091702765741149,0.6091702850880959,0.609170287691728,0.7614628563601198,8.911877092428711e-08,375,0.7361,0.74,-0.06857,0.032451,374,0.3847,0.3847,0.05607,0.047626,3,0.6401,0.5785,-0.001003,6.845,0.3346,0.1878,2.5e-05,6.864,0.2833,-0.6925,-0.000892,6.939,3.9738,1.7227,1.7273,1.7462,0.2625,1.0,0.29307,0.36479,1.27258,0.17499,0.9345,1.0364,1.1089,0.5004,3.9134,3.2019,1.3519,18.703,29.9237,7.6465,57,0.0787,0.4346,51,0.1559,-0.5254,-2.0
38,1207,213418,2.0377730657888013e-13,2.8760174814267116e-05,6.613831829326846e-06,2.8760174814267116e-05,0.41856095132036797,4.856983336668492,3.9434442417353495,-46.09091507428871,54.284047191459415,0.23850256859092725,54.284047191459415,0.001319460919968893,12.56537523146878,5.22239780290879,-1.243362321349648,1.5015646869041748,-0.02540848344728903,1.5015646869041748,0.11173285164461984,2.65747340159236,1.3328522736030695,0.05112210959983893,1.5442189879209445,0.7365346079317631,0.014141078700538656,0.5497713084401061,0.3190563750757719,0.0027614156627546738,1.4141926649381542,0.8685585235570352,7.607672403710922e-05,-0.49884490304955464,0,0,0,0.0015202825099933552,0.6400138313058006,378,0.8689,-0.03866,0.4858306732656239,4,3,1,0.8689,378,0.6400138313058006,-0.005793,-0.005792628866781779,621.4965612828319,289.7878413362629,0.6091702753107859,0.6091702850517996,0.609170287691728,0.7614628563147494,9.924562287240511e-08,375,0.7346,0.7383,-0.06609,0.022556,374,0.3516,0.3516,0.04612,-0.062894,3,0.6385,0.57,3e-05,6.846,0.3056,0.1936,-0.001436,6.872,0.2584,-0.6958,-0.001712,6.935,3.9747,1.7224,1.729,1.7447,0.2572,1.0,0.29075,0.38109,1.27249,0.17483,0.9456,1.0252,1.0841,0.5004,4.2619,3.078,1.4206,18.7726,29.7543,6.9815,57,0.1004,-0.9282,51,0.1898,-0.7563,-1.0
39,1208,213419,0.0,3.111271355886515e-05,6.943626636836021e-06,3.111271355886515e-05,0.41478451684084705,4.863455345238439,3.9435980552736933,-46.81923737166298,55.80514628681854,0.14462016542524006,55.80514628681854,0.0038161489476709522,12.56629968702068,5.2495481674790625,-1.2468198010736034,1.5311072869837887,-0.025450590214667626,1.5311072869837887,0.11312872281958684,2.671014569059991,1.3350687610226426,0.05094980772121655,1.5293437880735081,0.7247702948498028,0.0,0.5638827183066285,0.32747065073668497,1.0,1.0,1.0,0.00012145319882094185,-0.50618217792454,0,0,0,0.0016321773432837901,0.6418925053892484,379,0.8614,-0.03844,0.4872848831589641,1,0,1,0.8614,379,0.6418925053892484,-0.046498,-0.046498134948108394,621.4967742700676,289.78794064672593,0.6091702742980488,0.6091702849463991,0.609170287691728,0.7614628561829989,1.0736372772942256e-07,375,0.7261,0.7297,-0.06085,0.013474,374,0.3355,0.3355,0.03525,0.004066,3,0.6256,0.5572,-0.00069,6.847,0.2892,0.206,-0.001379,6.88,0.2438,-0.6978,-0.001971,6.935,3.9765,1.7218,1.7303,1.744,0.266,1.0,0.30223,0.38139,1.27337,0.17885,0.9418,1.0288,1.0923,0.5008,4.2518,3.0708,1.4173,18.9814,29.5266,6.9445,57,0.1849,-0.9889,51,0.1531,-0.9146,-2.0
40,1208,213419,3.169749769676323e-25,3.006036794671782e-05,7.169265052854165e-06,3.006036794671782e-05,0.4134058305783418,4.868609703641554,3.9439607484202917,-47.5767188550207,57.33315767187496,0.12585692865764356,57.33315767187496,0.0009484760829305827,12.563348192773617,5.2271867464153665,-1.2545190406499225,1.533129258197126,-0.025619550093712775,1.533129258197126,0.11534419360990471,2.6834827904928065,1.3386824565550866,0.05090950303691458,1.5432924281162848,0.7357761202913937,1.4142115624116159e-08,0.5777412035167949,0.33631938165325664,0.0007285185961816154,1.414191962177336,0.8972579591210311,0.00016576190223725802,-0.5132792042535015,0,0,0,0.0018112538376394728,0.6441845982065736,379,0.8588,-0.03836,0.4887730683970427,0,0,0,0.8588,379,0.6441845982065736,0.090114,0.09011411392539159,621.4969824602758,289.7880377204586,0.6091702747510772,0.6091702848413817,0.609170287691728,0.761462856051727,1.037322595617811e-07,375,0.7112,0.7148,-0.05782,-0.02102,374,0.3229,0.3234,0.02623,-0.014598,3,0.6111,0.5429,0.002174,6.852,0.2775,0.207,-0.000828,6.894,0.2299,-0.7092,-0.000295,6.927,3.9785,1.7223,1.7327,1.7411,0.2627,1.0,0.29633,0.3784,1.2737,0.17824,0.9452,1.0255,1.0849,0.5,4.2434,3.0647,1.4145,19.3479,29.1537,6.8704,57,0.1573,-0.8947,52,0.0401,0.9669,-1.0
41,1208,213419,1.8916125424402397e-13,3.1687588678226984e-05,7.4439866284123665e-06,3.1687588678226984e-05,0.4119813560886494,4.873812998021609,3.944326322505105,-48.33950439460691,46.31883278546802,0.12044808222706817,48.33950439460691,0.002226756961658083,12.56425358655755,5.291599335865172,-1.2615090545571124,1.5611032921490635,-0.025777353013084925,1.5611032921490635,0.11702540888921653,2.696163154256063,1.3419850993901432,0.0550777757568961,1.5113612708135857,0.735621029270331,0.014137403554628537,0.5918566729932659,0.3452919612259531,0.00408540123845047,1.414183467076353,0.8909506823508972,0.0002081984795420875,-0.5202060045656686,0,0,0,0.0019238316154308465,0.6467815199417684,379,0.8569,-0.03825,0.490358859531866,2,2,0,0.8569,379,0.6467815199417684,-0.068817,-0.06881720443357597,621.4971224350396,289.78810298708623,0.6091702740505823,0.6091702847696646,0.609170287691728,0.7614628559620807,1.093474450869333e-07,375,0.6994,0.7028,-0.06275,0.003882,374,0.306,0.3126,0.01871,-0.002311,3,0.5995,0.5128,-1.8e-05,6.858,0.2633,0.1967,-0.001723,6.906,0.215,-0.7409,-0.001638,6.926,3.9817,1.7224,1.7343,1.7394,0.267,1.0,0.30062,0.38241,1.27358,0.17551,0.937,1.0336,1.1032,0.5,4.2348,3.0584,1.4116,19.5101,28.9375,6.8333,57,0.0762,-0.5045,51,0.1285,0.9207,1.0
42,1208,213419,4.621176797243901e-13,3.1417127581405334e-05,7.753016572481236e-06,3.1417127581405334e-05,0.4105316442183061,4.879171404219723,3.944693837851979,-49.12323916344389,47.900218315637524,0.21253611816983353,49.12323916344389,0.0016278070172015375,12.565375738645708,5.274697740123096,-1.268990832513518,1.5922594468227882,-0.025798556581063815,1.5922594468227882,0.11832506291140002,2.708410785988096,1.3449244800806186,0.05146221873494661,1.5400900558633082,0.7505153699626084,0.028275180278912383,0.6059362436139619,0.35420146803933533,0.0007869278446878125,1.414181792784509,0.8976530858500164,0.00021444002566036753,-0.5269933184838982,0,0,0,0.002081916893478699,0.6490046845577856,379,0.8558,-0.03881,0.49166093674579237,1,1,0,0.8558,379,0.6490046845577856,0.048027,0.048027197987456915,621.4973689148643,289.78821791428095,0.609170274167019,0.6091702846412158,0.6091702876917279,0.7614628558015197,1.0841409567140679e-07,375,0.6879,0.6912,-0.06391,-0.043531,374,0.2948,0.2998,0.02759,-0.060026,3,0.5889,0.4992,0.001085,6.866,0.2531,0.1783,-0.001294,6.898,0.2035,-0.7636,0.001763,6.912,3.9791,1.7255,1.7337,1.737,0.2603,1.0,0.29411,0.39036,1.27361,0.17424,0.952,1.0185,1.0699,0.5,4.2264,3.0524,1.4792,19.7735,28.6065,6.7685,57,0.0905,0.9815,52,0.1851,0.9937,0.0
43,1208,213419,2.1392140869543545e-12,3.790194162092637e-05,8.1065002197486e-06,3.790194162092637e-05,0.40906341486334824,4.884406018416456,3.9450627539847543,-49.87875010171085,49.49772205433016,0.12398135089848838,49.87875010171085,0.0011184142457945,12.565772679474378,5.360291994954541,-1.2767373229882684,1.6209079619044435,-0.025782186510400266,1.6209079619044435,0.12015830091504139,2.7202125430282926,1.3479271867652116,0.052349215664494575,1.5102556363899036,0.7401125439891174,0.04241555864860424,0.6199077748003122,0.3631779988928076,0.00025868459287503587,1.414145318924653,0.9270358541127353,0.00020939027126307006,-0.533803715690596,0,0,0,0.0021948250430515394,0.6515623961473422,379,0.8537,-0.03895,0.49317633412274753,0,0,0,0.8537,379,0.6515623961473422,-0.074032,-0.07403217475509116,621.4975571434687,289.7883056804318,0.6091702713753872,0.6091702845412625,0.6091702876917271,0.7614628556765781,1.3079182588797518e-07,375,0.688,0.6912,-0.06666,-0.018295,374,0.2669,0.2721,0.02947,-0.004749,3,0.5874,0.4692,-0.001148,6.868,0.2285,0.1571,-0.00107,6.901,0.1842,-0.7985,-0.001254,6.915,3.9806,1.7253,1.7338,1.7371,0.269,1.0,0.30312,0.38939,1.2736,0.17873,0.9429,1.0275,1.0898,0.5,4.2178,3.1634,1.4059,19.9342,28.3921,6.7315,57,0.1808,0.9939,52,0.1695,0.9922,-4.0
44,1208,213419,5.968952734610538e-12,3.870255103132406e-05,8.194652624120003e-06,3.870255103132406e-05,0.4075902868249141,4.889730637844898,3.9454357622332203,-50.43752250711167,47.73363229532169,0.11049216446983443,50.43752250711167,0.004764408185734323,12.564372467390848,5.342844938410145,-1.2796279735589144,1.6502773787922242,-0.025874404023001885,1.6502773787922242,0.12155172308436245,2.7315997073206804,1.3510352937397019,0.05123084212242145,1.5284583580320372,0.7441014844499232,0.056554103790859934,0.6340465204404558,0.3724483574340028,0.00041748139771280446,1.414091684395324,0.8787007172035782,0.00017115895231211673,-0.5403595592588541,0,0,0,0.0023723037155407452,0.6535003525816144,379,0.8486,-0.03896,0.4950369581636496,0,0,0,0.8486,379,0.6535003525816144,0.040234,0.04023439888774183,621.4973525463986,289.78821028208694,0.6091702710307255,0.6091702846498298,0.6091702876917254,0.7614628558122872,1.3355460870423284e-07,375,0.6933,0.6966,-0.0675,0.020221,374,0.2241,0.2315,0.03484,0.112047,3,0.5887,0.4584,0.000359,6.868,0.1902,0.0977,0.003665,6.919,0.1555,-0.8397,-0.000181,6.943,3.9895,1.7214,1.7343,1.7404,0.263,1.0,0.29483,0.39351,1.27341,0.17884,0.9478,1.0225,1.0788,0.5,4.2094,3.1571,1.4031,20.0448,28.2187,6.7037,57,0.2086,0.9374,52,0.1702,0.6173,-3.0
45,1208,213419,1.4097452295199273e-11,4.773000277765872e-05,8.444354764902894e-06,4.773000277765872e-05,0.4061246978280219,4.894907235396009,3.945807435743895,-51.202349776798535,52.452451038011596,0.06819500146866826,52.452451038011596,0.0034437695773048473,12.563818824572309,5.398454874649333,-1.2856809749612896,1.6716881607181167,-0.0260826328388636,1.6716881607181167,0.12291531298367851,2.7425905215007678,1.3535341979230404,0.058945518610134084,1.50019341522599,0.7294020519900888,0.07068874502641066,0.6477915756081409,0.38123536460195717,0.0009624720060676939,1.414185763031791,0.9225888600493788,0.00014339625420255734,-0.5468314743276609,0,0,0,0.0024684806953164237,0.6560560567896706,379,0.8439,-0.03805,0.49665287191124086,0,0,0,0.8439,379,0.6560560567896706,-0.050476,-0.05047566346373866,621.4972223327374,289.78814956681003,0.6091702671445014,0.6091702847179372,0.609170287691722,0.7614628558974215,1.6470653768626473e-07,375,0.7006,0.7039,-0.06973,0.012423,374,0.1853,0.1981,0.03511,0.261688,3,0.5914,0.4526,-0.001662,6.867,0.1564,0.0168,0.004009,6.938,0.1299,-0.884,-0.001275,6.986,4.0014,1.716,1.734,1.746,0.2714,1.0,0.30061,0.39682,1.27357,0.17614,0.9392,1.031,1.0978,0.5,4.2009,3.1507,1.4003,20.1042,28.0836,6.6851,57,0.1125,0.8492,52,0.1817,-0.1822,-1.0
46,1208,213419,1.6287837611605846e-11,4.687695057751197e-05,8.596544431704142e-06,4.687695057751197e-05,0.40468316317813524,4.900022615029248,3.9461818615635185,-51.702456801945644,53.73699448463283,0.13146005876143355,53.73699448463283,0.00519234951481935,12.561736565839615,5.389218583236255,-1.29457699235904,1.699316230186966,-0.0261907026678781,1.699316230186966,0.12477806417968199,2.7531092751899413,1.3572564613004896,0.05173928769515553,1.4879270800427662,0.734165136578132,0.08482123607816369,0.6619043015192845,0.3904612532016071,0.00028847376497931343,1.4141824292838552,0.8744542647400149,0.00010080457177300365,-0.5530820933009538,0,0,0,0.002697838185469871,0.6583330428693568,379,0.8395,-0.03838,0.49867624412806133,3,2,1,0.8395,379,0.6583330428693568,0.035751,0.03575054868701022,621.497409260828,289.78823672656483,0.6091702675117445,0.6091702846199258,0.609170287691721,0.7614628557749072,1.6176277928680592e-07,375,0.6997,0.703,-0.06755,-0.013767,374,0.1599,0.1731,0.01385,-0.047109,3,0.5877,0.4571,0.000356,6.864,0.135,-0.0002,-0.004838,6.971,0.1126,-0.8895,-0.006635,6.971,4.004,1.7142,1.7409,1.7409,0.27,1.0,0.29736,0.40406,1.27367,0.17414,0.949,1.0211,1.0759,0.5,4.1922,3.1442,1.3974,20.1627,27.9482,6.6667,57,0.0511,-0.9065,52,0.1725,-0.4223,-4.0
47,1208,213419,2.1019603498754773e-11,5.530774411146309e-05,9.099589011277785e-06,5.530774411146309e-05,0.4032907293186174,4.90754235736356,3.9465539092184483,-55.60836793379792,55.2862143216837,0.07753677869074432,55.60836793379792,0.004493559390170935,12.561268172869433,5.426007077518224,-1.3011115237951378,1.7314922736538503,-0.026208027832686342,1.7314922736538503,0.1264712190900097,2.76313849879615,1.3600836014907545,0.07660378599576456,1.521703394146586,0.743529277934502,0.09894994358545689,0.6760103242145912,0.39920579585064736,0.00216083938409517,1.4141739535756814,0.8965591792646709,6.857870719208005e-05,-0.55927196823253,0,0,0,0.0027703648193867936,0.6605743132324013,379,0.8353,-0.03826,0.5001589590865136,1,0,1,0.8353,379,0.6605743132324013,-0.076084,-0.07608410269066024,621.4976387224631,289.788343718616,0.6091702638823919,0.6091702844974402,0.609170287691719,0.7614628556218002,1.9085565486086917e-07,375,0.6966,0.6999,-0.06615,0.024695,374,0.1305,0.2157,-0.04156,-0.629293,3,0.582,0.4558,-0.000265,6.863,0.1123,0.1553,-0.017261,7.029,0.0937,-0.8085,-0.016326,6.898,4.0013,1.7152,1.7566,1.724,0.2814,1.0,0.30903,0.40582,1.27356,0.17974,0.9412,1.0288,1.093,0.5,4.1838,3.1378,1.3946,20.4209,27.6595,6.6111,57,0.1466,-0.9913,51,0.1472,-0.3629,-5.0
48,1208,213419,4.6455344967393846e-12,5.2894065516798637e-05,9.453500832022087e-06,5.2894065516798637e-05,0.4019419976271273,4.91506754230294,3.9469255155427923,-56.366310660223625,56.823244377519856,0.0993888861412346,56.823244377519856,0.004748054708122417,12.563333965581128,5.5065625838964545,-1.311091685249601,1.754171791999511,-0.026337849929906378,1.754171791999511,0.127677261479055,2.772484735209616,1.363065578169408,0.05716562068796571,1.5254094304520054,0.7493230307141129,0.11307809856560436,0.6901303002844992,0.40817138766729416,0.0003428063537480597,1.4141895522033143,0.8963259071836811,6.826619378742822e-05,-0.5653442105458615,0,0,0,0.0029487081635788267,0.6629064907354528,379,0.8333,-0.03824,0.5016428799740157,1,1,0,0.8333,379,0.6629064907354528,0.095376,0.09537598413525128,621.4981135564482,289.788565121475,0.6091702649214779,0.6091702842363769,0.6091702876917261,0.7614628552954711,1.825264067773904e-07,375,0.6879,0.6905,-0.06615,-0.004484,374,0.1188,0.2257,-0.07564,-0.422164,3,0.5734,0.4499,0.000796,6.86,0.101,0.3425,-0.013756,7.009,0.0834,-0.685,-0.004851,6.799,3.9779,1.7244,1.7621,1.7092,0.2833,1.0,0.30702,0.41347,1.27365,0.17888,0.9511,1.0188,1.0711,0.5,4.1777,3.1333,1.3926,20.64,27.4261,6.5649,57,0.1261,-0.9055,52,0.0646,0.8266,-3.0
49,1208,213419,7.216996068629446e-12,5.95919634884756e-05,9.782108249995963e-06,5.95919634884756e-05,0.4006845501872957,4.922447200456784,3.9472955116639317,-53.965745744077886,52.74843772200153,0.08004259833226927,53.965745744077886,0.0027496610047512936,12.562941736601887,5.516853452631902,-1.3194335719923858,1.786059112926681,-0.026346667686045003,1.786059112926681,0.1292604191529399,2.78156479858326,1.3662130787043683,0.06281856685881015,1.5522183730020607,0.7389117274156878,0.12721687614042898,0.703599059602803,0.41713464673119,0.003836549545715995,1.4141637674532244,0.9106391410098841,8.55531331928214e-05,-0.5713201469623859,0,0,0,0.003065569819898641,0.6652253406387798,379,0.8326,-0.0383,0.5030418412034542,1,1,0,0.8326,379,0.6652253406387798,-0.075446,-0.07544596276158533,621.4980756712673,289.78854745659083,0.6091702620381186,0.6091702842575748,0.6091702876917249,0.7614628553219684,2.0563947061228236e-07,375,0.6806,0.6831,-0.06996,-0.040391,374,0.0829,0.1633,-0.05637,1.349773,3,0.5667,0.4295,0.000237,6.868,0.0693,0.4605,-8.1e-05,6.922,0.0566,-0.6038,0.012265,6.757,3.9546,1.7367,1.7505,1.7087,0.2865,1.0,0.31396,0.41577,1.27362,0.1759,0.9402,1.0296,1.0952,0.5,4.1718,3.1289,1.3906,20.8591,27.1941,6.5186,57,0.1051,-0.2823,52,0.1599,0.8632,-3.0
50,1208,213419,2.856824234358463e-11,5.8794906207181675e-05,9.79456202542051e-06,5.8794906207181675e-05,0.39954730930802085,4.929958297069205,3.947664937446888,-54.740058830060455,50.16456025626645,0.11191552697966717,54.740058830060455,0.0048951966976285835,12.563218572850138,5.584640882637099,-1.3208794578340235,1.8125499681544486,-0.02631415127273138,1.8125499681544486,0.13033603652688758,2.790091256695833,1.368970814908368,0.06202703145400312,1.5332530290003112,0.7504361824617037,0.14135731994530362,0.7164459989253743,0.42624103814310227,0.00021476247309293317,1.4141322631592819,0.8703558890640041,0.00010355974105555229,-0.5771088043008844,0,0,0,0.0031863601002998787,0.6671010380750964,379,0.831,-0.03903,0.5041074109704491,0,0,0,0.831,379,0.6671010380750964,0.035539,0.035539140134579705,621.4983857339352,289.7886920308279,0.6091702623812632,0.6091702840821118,0.6091702876917158,0.7614628551026398,2.0288889050552404e-07,375,0.6672,0.6688,-0.07087,-0.002342,374,0.0543,0.1018,-0.01902,-0.218098,3,0.5547,0.4002,0.000946,6.87,0.046,0.0478,0.010478,6.905,0.0369,-0.8962,0.008268,6.807,3.9611,1.7344,1.7432,1.7185,0.2895,1.0,0.31177,0.42752,1.27373,0.17556,0.9507,1.019,1.0719,0.5,4.1644,3.1233,1.3881,21.0202,26.9914,6.4815,57,0.1196,0.6615,51,0.2631,0.845,0.0
51,1208,213419,4.0133781322604865e-11,6.369920450081608e-05,1.0399027256704316e-05,6.369920450081608e-05,0.3985016112463759,4.937581040091461,3.9480298871100774,-42.951249763878046,51.63548497989192,0.06145052866451306,51.63548497989192,0.004006738540504249,12.563380118545838,5.626481645738632,-1.3277141041124558,1.843410459526006,-0.02645919065673742,1.843410459526006,0.13118128624095618,2.7981431772990146,1.370891743551017,0.06863139843260058,1.4803033783023931,0.7318434002898708,0.15548899823775164,0.7296092990029132,0.43494459702718274,0.0011934541128231224,1.4141225008004426,0.8936158071282421,0.0001245261260795916,-0.5829003780326124,0,0,0,0.003205785706336246,0.6694576155629838,379,0.8279,-0.03877,0.504896490239324,0,0,0,0.8279,379,0.6694576155629838,-0.022684,-0.022684114259513333,621.4984650962009,289.7887290354086,0.6091702602700249,0.6091702840364959,0.6091702876917107,0.7614628550456198,2.1981256728943664e-07,375,0.6611,0.6626,-0.07016,0.011694,374,0.0576,0.1135,0.00641,-0.062825,3,0.5475,0.378,-0.001233,6.873,0.0479,-0.1646,-6.9e-05,6.901,0.0382,-0.9754,0.000217,6.813,3.9621,1.7347,1.7418,1.7196,0.3042,1.0,0.3211,0.42857,1.27368,0.17836,0.9428,1.0267,1.089,0.5,4.1611,3.1208,1.387,21.1027,26.893,6.463,57,0.1102,0.9796,51,0.1537,0.8067,-1.0
52,1208,213419,7.52561849044933e-11,6.504320935644835e-05,1.126006079825493e-05,6.504320935644835e-05,0.39756699276185825,4.944934724223911,3.948393180377446,-43.74460390741014,56.25410986366599,0.11323358866425134,56.25410986366599,0.0026341699917380966,12.563262055692972,5.658310361394775,-1.3363909336940856,1.8715256299074268,-0.02664913351758911,1.8715256299074268,0.1322761833809023,2.8057217610220193,1.3735201014004241,0.060576811507502604,1.5263943865509328,0.7353385120269784,0.16961681732447467,0.7386027738597956,0.44388075508884156,8.99429206963065e-05,1.4141863529026688,0.8970434680865587,0.0001576631768474072,-0.5884572750156043,0,0,0,0.0033275204776702,0.6712417342294034,379,0.825,-0.03832,0.506230362278095,0,0,0,0.825,379,0.6712417342294034,0.060673,0.06067263065365247,621.4988701038438,289.7889178800425,0.6091702596914694,0.6091702837992359,0.6091702876916956,0.7614628547490448,2.2445029931535492e-07,375,0.6649,0.6664,-0.06967,-0.023644,374,0.0871,0.1471,0.00539,0.290842,3,0.5489,0.3665,-6.5e-05,6.87,0.0721,0.2534,-0.001487,6.845,0.0581,-0.8072,0.006023,6.775,3.9432,1.7421,1.7358,1.7182,0.2998,1.0,0.32045,0.43546,1.27377,0.17841,0.9515,1.018,1.0699,0.5,4.1472,3.1104,1.3824,21.2295,26.6494,6.4259,57,0.091,0.8173,51,0.0425,0.9092,1.0
53,1208,213419,3.0446110187600555e-11,7.253696315357672e-05,1.3412052340607122e-05,7.253696315357672e-05,0.39675514709960835,4.952363133496351,3.9487541767810748,-44.52771632477317,52.095629426242,0.047838313359919546,52.095629426242,0.0033997886884815642,12.564073350875027,5.733702165888746,-1.3482318625346297,1.89233278416218,-0.026715050968268088,1.89233278416218,0.13370951658816774,2.812762714470438,1.376491227672693,0.057025055058630314,1.5042062823383957,0.746611152497295,0.17832512062834815,0.7526355822946628,0.45285118976889255,0.001161769328817286,1.4141876227003114,0.9215176381753519,0.0001934838323585485,-0.5938858765677145,0,0,0,0.0034792653735321033,0.672929295094356,379,0.8212,-0.03794,0.5080934698462757,0,0,0,0.8212,379,0.672929295094356,-0.1015,-0.10149983143275976,621.4998387375942,289.7893695290154,0.6091702564655788,0.6091702832015853,0.609170287691715,0.7614628540019815,2.5030926176301267e-07,375,0.6735,0.675,-0.07303,0.055961,374,0.1401,0.1774,0.00812,-0.104437,3,0.5532,0.3605,-0.001283,6.868,0.1155,0.5084,0.019358,6.775,0.0948,-0.6199,0.017502,6.862,3.9462,1.7403,1.7168,1.739,0.2949,1.0,0.33183,0.4319,1.27364,0.17603,0.9413,1.028,1.0921,0.5,4.1399,3.1049,1.38,21.2417,26.5645,6.4167,56,0.1141,0.5377,51,0.1831,-0.2701,-3.0
54,1209,213420,0.0,7.537951045921605e-05,1.5579069765974496e-05,7.537951045921605e-05,0.39350436722164644,4.9607527452149,3.9487165017694923,-45.31238568144161,53.65045329019441,0.1310616495915067,53.65045329019441,0.005363292025655395,12.564201159956486,5.723877501694822,-1.3576000591219157,1.9181767577482003,-0.02706976860416585,1.9181767577482003,0.13521884815777438,2.819124472350311,1.378638502563792,0.05226821930182923,1.5085698105516638,0.7428599469745993,0.0,0.7666180831270131,0.4616841772472864,1.0,1.0,1.0,0.0002474607749828971,-0.5992855272443384,0,0,0,0.003699469548101313,0.6750874375942081,380,0.8148,-0.03652,0.510613468222868,3,2,1,0.8148,380,0.6750874375942081,0.056516,0.056516202537248095,621.5018449488825,289.79030497367387,0.6091702552420705,0.6091702818280652,0.609170287691728,0.7614628522850815,2.601174337632307e-07,375,0.6757,0.6772,-0.07143,0.030606,374,0.1831,0.204,-0.00616,-0.141918,3,0.5509,0.3609,-0.000844,6.856,0.1509,0.6179,0.008751,6.739,0.1252,-0.5103,0.006931,6.895,3.9436,1.7386,1.7089,1.7485,0.2831,1.0,0.33054,0.44712,1.27376,0.17674,0.9545,1.0148,1.0632,0.5004,3.7943,3.2194,1.3798,21.2878,26.5604,7.0001,56,0.0531,-0.8407,51,0.2363,-0.4494,-2.0
55,1209,213420,8.389359295524621e-25,8.054381275979834e-05,1.7659561818047635e-05,8.054381275979834e-05,0.3929152025270847,4.967591435843138,3.949082746505572,-46.010314613143436,55.11951264840544,0.09648921680515016,55.11951264840544,0.005172655709524289,12.565062550728312,5.754675944755087,-1.364759911458066,1.9136796006432881,-0.027357611661142443,1.9136796006432881,0.13732419914295207,2.82421702859754,1.3826754053038757,0.05218505250927491,1.5364041955499905,0.7433976493189193,1.4142115624116159e-08,0.7805180825696897,0.4705753872763445,0.000493952779928919,1.414185326000424,0.8935080286322826,0.0003189813918971821,-0.604560633446022,0,0,0,0.004010571168513943,0.6774978188844111,380,0.8124,-0.03491,0.5138516072169877,1,0,1,0.8119,379,0.6766207515113561,-0.005694,-0.005694435142645116,621.5032378127665,289.79095443023306,0.6091702530190313,0.6091702807668471,0.609170287691728,0.7614628509585588,2.7793763583186376e-07,375,0.667,0.6728,-0.06914,0.002587,374,0.2034,0.2406,-0.01416,-0.047375,3,0.542,0.3509,-0.000351,6.857,0.1663,0.6869,-0.001992,6.722,0.1366,-0.4395,0.001004,6.878,3.9371,1.7416,1.7075,1.7469,0.2894,1.0,0.34068,0.4473,1.27389,0.1794,0.9415,1.0276,1.0915,0.5004,3.787,3.2132,1.3771,21.3451,26.4327,6.9799,56,0.0929,-0.9699,51,0.2322,-0.543,0.0
56,1209,213420,1.1563134952611329e-13,7.636698778078892e-05,1.8360915048522943e-05,7.636698778078892e-05,0.39245580527724744,4.9744883698205,3.9494467512195572,-46.77906373262539,56.649115832497436,0.17286634609934567,56.649115832497436,0.004228104776034414,12.563910996172964,5.74408067447251,-1.374745454017467,1.9419618317074783,-0.02752157711055813,1.9419618317074783,0.1386238540696695,2.8298719793805263,1.3863331824701735,0.05346095893451441,1.5195170231655117,0.7450496573168798,0.01414157619543632,0.7945143170878687,0.47951046754457144,0.0004720957300188289,1.4141912402857044,0.907716161236181,0.00040906527202745445,-0.6097655042536708,0,0,0,0.004230241999890409,0.6795317745378854,380,0.8077,-0.03534,0.5158892043567149,0,0,0,0.8072,379,0.6786476603766474,0.047126,0.047126233537383655,621.5036533504376,289.79114818474784,0.6091702548171154,0.6091702804331716,0.609170287691728,0.7614628505414645,2.635242251502568e-07,375,0.6499,0.6548,-0.06679,0.024844,374,0.2119,0.2485,-0.02036,-0.02443,3,0.5253,0.3345,0.000178,6.858,0.1717,0.7448,-0.003275,6.721,0.1382,-0.3796,-0.001198,6.857,3.9332,1.7436,1.7089,1.7435,0.2845,1.0,0.3355,0.45622,1.27347,0.1783,0.9516,1.0175,1.0693,0.5004,3.7803,3.2075,1.3747,21.3563,26.3476,6.9697,56,0.0532,-0.8347,51,0.1161,0.0013,2.0
57,1209,213420,2.6750406250436288e-12,7.847299289653924e-05,1.9195002890820794e-05,7.847299289653924e-05,0.3921565583946528,4.981405901860053,3.949809384237762,-47.5370411999964,50.7284235297672,0.12708216724972476,50.7284235297672,0.00592783989259565,12.563974339433098,5.694844130023786,-1.3851957977410754,1.9759261090199032,-0.027526713209396453,1.9759261090199032,0.14030753127628906,2.8350455175118072,1.389575852442561,0.06636634854563828,1.487803155442747,0.7341121303594061,0.028267914712509654,0.8070610249911291,0.48858762924154325,0.0007304395882306025,1.4141901658642935,0.9319309507500761,0.0005034343803783927,-0.6148748453563058,0,0,0,0.004427357038489127,0.6821169416002506,380,0.8056,-0.03618,0.517574008168642,0,0,0,0.8061,378,0.6803690283001038,-0.051671,-0.05167100287831605,621.5040272572846,289.7913225278815,0.609170253910559,0.6091702801262189,0.609170287691727,0.7614628501577736,2.7079138261287714e-07,375,0.6341,0.6392,-0.06691,-0.003823,374,0.2157,0.2555,-0.01991,-0.023258,3,0.5111,0.3153,-0.000346,6.864,0.1743,0.7438,-0.001088,6.72,0.1372,-0.3997,0.000304,6.855,3.9337,1.7449,1.7082,1.7428,0.2896,1.0,0.339,0.45486,1.27328,0.17757,0.945,1.024,1.0836,0.5004,3.4331,3.3186,1.3732,21.5793,26.1295,7.6111,56,0.0527,-0.1943,51,0.093,0.8903,2.0
58,1209,213420,1.2646756298336594e-11,7.715386744868033e-05,1.8720694412767296e-05,7.715386744868033e-05,0.3921037222972858,4.988219006342046,3.9501742972238603,-48.31496895110877,52.2242476304042,0.16614276807882633,52.2242476304042,0.006058994577396235,12.564947246366073,5.69651471620436,-1.3882595714934665,2.016274094546571,-0.027796746688372224,2.016274094546571,0.14180372005191466,2.8397257809226666,1.3936643077961037,0.06392032370228373,1.5230670687538788,0.7426235002930589,0.042409816371132836,0.8211157855951865,0.49790693859527085,0.001334868537674616,1.414176864094483,0.933006191775767,0.0006078178331751521,-0.6198664666165137,0,0,0,0.0047143599872092184,0.6844923218276545,380,0.8017,-0.03898,0.5197566556680323,0,0,0,0.8022,378,0.6827238544991058,0.048588,0.048588078710380955,621.5039045182956,289.7912652978518,0.6091702544784026,0.6091702802276795,0.6091702876917227,0.7614628502845994,2.6623945124564204e-07,375,0.6198,0.6239,-0.06485,-0.076314,374,0.1911,0.2325,-0.01148,-0.038756,3,0.4971,0.2916,0.001489,6.867,0.1534,0.82,0.001916,6.716,0.1187,-0.3083,0.002546,6.858,3.9341,1.7456,1.7071,1.7432,0.2837,1.0,0.3307,0.45699,1.27341,0.17784,0.9522,1.0166,1.0676,0.5004,3.7723,3.2007,1.3717,21.6537,26.0247,6.8989,56,0.0878,0.4383,51,0.189,0.8518,1.0
59,1209,213420,2.424000097387668e-12,8.255578388484951e-05,1.8592903309607023e-05,8.255578388484951e-05,0.3922476947382481,4.995064414711089,3.950539222166713,-49.096189807229734,53.72638227938626,0.110301865114291,53.72638227938626,0.0004662483692392527,12.562584911310683,5.750183083962902,-1.3985911026558218,2.0528990924777695,-0.02795052408561674,2.0528990924777695,0.14304257080682464,2.8434611921212554,1.3965495404682058,0.05264080185725775,1.5423862671713848,0.7511381929424025,0.05653552648608338,0.8351734825274337,0.5072370005214796,3.2524383432486204e-05,1.4141485865798098,0.8926501044210694,0.0007089403295432857,-0.6247618078734581,0,0,0,0.00483817288534082,0.6866070477686158,380,0.7995,-0.03811,0.5216901459652904,0,0,0,0.8001,378,0.6848297864251508,-0.075347,-0.07534651178390583,621.5037326553556,289.7911851625888,0.6091702521529498,0.6091702803685966,0.6091702876917271,0.7614628504607457,2.848802451963167e-07,375,0.6147,0.6212,-0.06622,0.001352,374,0.1624,0.2093,-0.01587,-0.000441,3,0.4915,0.2669,0.000318,6.874,0.1301,0.859,0.001977,6.713,0.1,-0.2641,0.00226,6.87,3.9372,1.7459,1.7051,1.7448,0.2906,1.0,0.33584,0.45612,1.27341,0.18068,0.9416,1.0271,1.0909,0.5004,3.7672,3.1964,1.4384,21.6246,25.9517,6.8889,56,0.099,0.7829,52,0.1707,0.6683,-1.0
60,1210,213421,0.0,8.892231716883342e-05,1.8804495937950058e-05,8.892231716883342e-05,0.3900924154595983,5.003095423004939,3.9507431828862196,-49.893320564567745,55.25010902158278,0.19161651381249176,55.25010902158278,0.0014461751708534365,12.560801660445762,5.699989825188777,-1.405250317443924,2.0823517065945962,-0.0280559609507351,2.0823517065945962,0.14426559947187803,2.8473835128091407,1.3984145908935839,0.06246399437452177,1.5279243048965117,0.7503809476466493,0.0,0.8490078549231119,0.5157369200356642,1.0,1.0,1.0,0.0008036842989980642,-0.6295508996549298,0,0,0,0.004951096578764708,0.6892082376724848,381,0.7917,-0.0369,0.523248710211136,0,0,0,0.7922,377,0.6857388749317582,0.077377,0.0773767835797945,621.5035606810677,289.79110497540717,0.6091702494122644,0.6091702805082653,0.609170287691728,0.7614628506353316,3.068497122310905e-07,375,0.6127,0.6238,-0.06694,-0.005738,374,0.1512,0.1884,-0.00362,-0.063993,3,0.4853,0.2535,1e-05,6.871,0.12,0.9301,0.004587,6.694,0.0929,-0.1195,0.004198,6.886,3.936,1.7456,1.7008,1.7494,0.2825,1.0,0.32706,0.46396,1.27439,0.17975,0.9563,1.0123,1.0587,0.5008,4.097,3.0728,1.434,21.9484,25.6065,6.2501,56,0.0762,0.9877,52,0.0911,0.9593,1.0
61,1210,213421,6.5991586093874e-25,9.770421930423489e-05,2.0181676249841978e-05,9.770421930423489e-05,0.39053861206951507,5.009927721594815,3.9511095463916823,-50.671484957807586,51.950530868498845,0.1348393028437997,51.950530868498845,0.0026450767454184935,12.561386622986833,5.736813181862801,-1.4190219484203832,2.0819436325993177,-0.028143621949465878,2.0819436325993177,0.1461044370195396,2.849249810476815,1.4019746323005569,0.06122546813681584,1.495642888254255,0.7572791020977412,1.4142115624116159e-08,0.8627537633414424,0.5247614631493357,0.002956848572800541,1.4141612610011365,0.8811623057582387,0.0008839588622570732,-0.6342405118195645,0,0,0,0.005169392660850458,0.6916931261707169,381,0.7876,-0.03705,0.5254569871820365,0,0,0,0.7893,376,0.6873271967362246,-0.029721,-0.02972099866379696,621.5041121555546,289.79136211375845,0.6091702456318718,0.6091702800556349,0.609170287691728,0.7614628500695436,3.371536632133321e-07,375,0.6174,0.6287,-0.07019,-0.004803,374,0.1559,0.1891,-0.00067,-0.03357,3,0.4864,0.2507,-0.000414,6.869,0.1234,0.9687,0.00493,6.681,0.0968,0.0026,0.003552,6.909,3.9378,1.7443,1.6967,1.7546,0.2905,1.0,0.33407,0.46313,1.27497,0.17981,0.9426,1.026,1.0884,0.5,4.0872,3.0654,1.4305,21.9931,25.4694,6.2315,56,0.0558,0.6518,52,0.1318,0.0154,2.0
62,1210,213421,1.1438296840943654e-13,0.00010192557819674067,2.1324813175638453e-05,0.00010192557819674067,0.39119117184166674,5.016751763260686,3.951470776536862,-51.45679938706775,53.51776447839787,0.17004562571005769,53.51776447839787,0.004223100616305613,12.559955173645566,5.741829127666883,-1.4295379195144278,2.115422633915548,-0.02824045305757621,2.115422633915548,0.14707566816336307,2.852112199174306,1.4049362872412392,0.05710078994305656,1.5019122485923553,0.7558774147232746,0.014141626752117342,0.8768418432640064,0.533573086178163,0.001748963843786755,1.4141759128301432,0.8885685575019433,0.0009443093443908506,-0.6388163241942814,0,0,0,0.005366905997373997,0.6937130573514426,381,0.7845,-0.03877,0.5272038742809255,4,3,1,0.7867,375,0.688522473686953,0.020922,0.020921781585992116,621.5047543093497,289.79166153353594,0.6091702438147242,0.6091702795111558,0.609170287691728,0.7614628493889447,3.5172018979899255e-07,375,0.6225,0.6337,-0.06938,0.045426,374,0.1647,0.1837,0.00167,-0.053823,3,0.4886,0.2572,0.000148,6.862,0.1303,0.9896,0.004951,6.685,0.1034,0.1158,0.001137,6.936,3.9423,1.7406,1.6957,1.7593,0.2849,1.0,0.32789,0.46564,1.27506,0.18076,0.9524,1.0161,1.0669,0.5,3.7424,3.1753,1.4289,22.114,25.3271,6.7676,56,0.0407,-0.4155,52,0.1933,-0.3925,-2.0
63,1210,213421,3.07119295699723e-13,0.00010765273146937551,2.3775967196693953e-05,0.00010765273146937551,0.39208892702967746,5.023495627801124,3.9518281141572995,-55.331394606659,55.03518181956799,0.13090080755183775,55.331394606659,0.0031779436946346613,12.559678852608833,5.676880532290698,-1.4400121291625398,2.157283636680535,-0.028331040327261,2.157283636680535,0.1481953414094064,2.855022756564561,1.4073803937968572,0.07165964893929799,1.5051355641232456,0.7554101193588589,0.028276665824815625,0.888191107633674,0.5424587717453739,0.004804867829851456,1.414191166567662,0.9401974847638378,0.0009792551396862218,-0.6432775591572797,0,0,0,0.005479139948279659,0.6964795381121284,381,0.779,-0.03852,0.529003082221471,1,0,1,0.7855,374,0.6903207253418219,-0.019789,-0.019789129586557763,621.5057360428294,289.7921192905753,0.6091702413494113,0.6091702786425269,0.609170287691728,0.7614628483031586,3.714826052996695e-07,375,0.6238,0.6322,-0.06517,0.030606,374,0.1896,0.2102,0.01272,-0.019317,3,0.4861,0.2479,-0.001145,6.855,0.1487,0.9962,-0.000543,6.682,0.1191,0.1631,-0.001383,6.934,3.9401,1.7398,1.6959,1.7598,0.2905,1.0,0.33548,0.46812,1.27548,0.182,0.9443,1.0241,1.0845,0.5,3.7374,3.1711,1.427,22.2303,25.1803,6.7374,56,0.0891,-0.9998,52,0.1765,-0.781,-1.0
64,1210,213421,1.2539343263492973e-12,0.00011256314460200154,2.651015441268016e-05,0.00011256314460200154,0.3932308019651577,5.0301309526568545,3.9521874237831174,-56.103151799282635,56.58415867666367,0.17104469617043827,56.58415867666367,0.0037158524507210086,12.557556008165214,5.639429069899376,-1.4493562208528146,2.187990302329547,-0.028409967843537116,2.187990302329547,0.15005801375829336,2.857563424456117,1.4114052199237974,0.059946160151273964,1.503820637565999,0.7576753450589272,0.04241845934486839,0.9019901066107342,0.5518607465707114,0.0002462799515904335,1.4141912125804221,0.9019196476785536,0.000981604691473993,-0.6476768319653082,0,0,0,0.005773900493118841,0.6988983511653554,381,0.7733,-0.03897,0.5322690554489621,0,0,0,0.7799,374,0.6926769147517745,0.053282,0.0532820759597179,621.5070917783158,289.7927514351188,0.6091702392357643,0.6091702773709589,0.6091702876917275,0.7614628467136986,3.884263634772214e-07,375,0.6219,0.6302,-0.0629,-0.034839,374,0.2195,0.2386,0.00575,-0.021058,3,0.4813,0.237,0.000774,6.847,0.1703,0.9956,-0.002651,6.694,0.137,0.1449,-0.003275,6.916,3.9373,1.7391,1.7001,1.7565,0.2849,1.0,0.32999,0.47386,1.27562,0.18078,0.9532,1.0151,1.065,0.5,3.732,3.1665,1.4249,22.295,25.0684,6.7171,56,0.1711,-0.8191,52,0.1092,-0.9958,0.0
65,1210,213421,1.1178275428704403e-11,0.00011460511951566088,2.875641222174507e-05,0.00011460511951566088,0.39462177578454666,5.036672732574092,3.9525448066986324,-53.71127596309883,46.86070786849873,0.06557542202811614,53.71127596309883,0.0030127085126325824,12.565121951120288,5.612922073550899,-1.4591331064399526,2.231593673956106,-0.02850766381083111,2.231593673956106,0.15181924027090796,2.859665972340061,1.4146053544533572,0.05883149752014005,1.509201548687705,0.7558298755155168,0.056551727578918465,0.9149087239582233,0.5608799430696689,0.0038407161048207294,1.4141739761445793,0.8839675350855664,0.0009643356071364634,-0.6519501872043815,0,0,0,0.0060053659919001405,0.7009431985031782,381,0.7679,-0.0388,0.5349111269358521,0,0,0,0.7746,374,0.6947261223059664,-0.075098,-0.075098243622993,621.5078458390922,289.7931030342397,0.6091702383568248,0.6091702766275697,0.6091702876917232,0.7614628457844621,3.9547221212549017e-07,375,0.6099,0.6202,-0.06649,0.010606,374,0.2364,0.2479,-0.00754,0.002639,3,0.4686,0.202,0.000523,6.859,0.1817,0.9948,-0.003331,6.707,0.1443,0.1017,-0.001556,6.906,3.94,1.7408,1.7023,1.7527,0.2916,1.0,0.33697,0.47241,1.27544,0.18178,0.9416,1.0266,1.0902,0.5,3.728,3.1631,1.4912,22.3193,24.966,6.6969,56,0.1529,-0.6593,52,0.1914,-0.2765,2.0
66,1210,213421,2.038670129371739e-11,0.00012420405118419468,3.053571893651422e-05,0.00012420405118419468,0.39630869129725627,5.042974403346468,3.952899872173948,-54.49079243765456,50.82316993484989,0.15347120637762293,54.49079243765456,0.002709262951349329,12.556201507776793,5.611005520317324,-1.4665799010669551,2.26055305282358,-0.028551072299232212,2.26055305282358,0.1529532659207844,2.861336860332136,1.417392431515327,0.06888401121095988,1.515185536808859,0.7657531178971035,0.06006917793232417,0.9287522392407831,0.5697196184498088,0.0018849396380454797,1.4141805479647411,0.9164777135024693,0.0009334838501903279,-0.6561130291919943,0,0,0,0.0061920039323090596,0.7035473274112022,381,0.7638,-0.03867,0.5370341114989109,3,2,1,0.7701,373,0.6964145769996197,0.064662,0.06466183552823335,621.5084829043474,289.7934000813621,0.6091702342247997,0.6091702759793776,0.6091702876917193,0.7614628449742219,4.285951686592009e-07,375,0.6014,0.613,-0.06991,-0.003825,374,0.249,0.2623,-0.01956,0.00988,3,0.4596,0.17,0.00059,6.857,0.1902,0.9936,-0.002104,6.71,0.1498,0.0573,-0.001293,6.89,3.9371,1.7415,1.7042,1.7501,0.2862,1.0,0.33156,0.48265,1.27527,0.18276,0.9545,1.0136,1.0619,0.5,3.7252,3.1608,1.5578,22.3999,24.835,6.6668,56,0.1072,0.1498,52,0.2492,0.4855,0.0
67,1210,213421,5.850405351357585e-11,0.00014149594723362948,3.3124429451811335e-05,0.00014149594723362948,0.39826459279428805,5.04898606236224,3.953254935966089,-42.69376859296997,49.16438240504414,0.09475236103975213,49.16438240504414,0.00045219289170292257,12.562513723410726,5.642092035189572,-1.4697171866365981,2.2886177364127955,-0.028660767938483333,2.2886177364127955,0.15460755199457876,2.8626604565943508,1.4205687327504584,0.060254059614199496,1.5195032147920955,0.7630846828480485,0.07416063789991745,0.9427007549996338,0.5788843955580482,0.0020200754482202488,1.4141520944385284,0.8965928898322605,0.0007906172391842446,-0.6601951866678291,0,0,0,0.006492914515705205,0.7059827531433276,381,0.7608,-0.0364,0.5396649604950337,1,0,1,0.7667,372,0.6979513443351286,-0.05357,-0.05357012257441207,621.5095137893411,289.79388075648666,0.6091702267811772,0.6091702748914108,0.6091702876917028,0.7614628436142635,4.882640960680888e-07,375,0.5921,0.6063,-0.07103,0.013312,374,0.2639,0.2797,-0.01811,0.000745,3,0.4506,0.1379,-0.001049,6.861,0.2008,0.9901,-0.000454,6.711,0.1563,-0.0025,-0.00036,6.897,3.9396,1.7416,1.7035,1.7507,0.2922,1.0,0.33953,0.48542,1.27535,0.18303,0.9432,1.0248,1.0865,0.5,3.7225,3.1585,1.5567,22.4315,24.7789,6.6565,56,0.136,0.9608,52,0.2355,0.8792,-0.0
68,1210,213421,2.607709435016407e-11,0.00013172034583250865,3.4131813370099337e-05,0.00013172034583250865,0.4005111744342733,5.054802910714005,3.9536085811121215,-43.69999914348696,53.64660340726169,0.1352706594740444,53.64660340726169,0.0007827701248397119,12.557433834470942,5.671823484714643,-1.47898300710005,2.3179893585727935,-0.02902026080699627,2.3179893585727935,0.15577694292760544,2.8636083093905538,1.4233847122551697,0.06661785907480178,1.517317500187651,0.756067521797963,0.08828042609482399,0.948724338093092,0.5878503244937201,0.0016061119508335997,1.4141837278913705,0.9001820898142698,0.0006681463777482181,-0.6641742354747051,0,0,0,0.006559787862088858,0.7080803319998156,381,0.7537,-0.03549,0.5411037568070185,0,0,0,0.7591,371,0.699232955656228,0.028223,0.028223107967296324,621.5097895210349,289.79400932307465,0.6091702309893956,0.6091702745922318,0.6091702876917169,0.7614628432402898,4.5453094817312536e-07,375,0.5944,0.6102,-0.06589,0.020157,374,0.2575,0.2803,-0.01672,-0.002013,3,0.4483,0.1182,0.000582,6.864,0.1941,0.9864,0.000719,6.717,0.1531,-0.0466,0.000246,6.902,3.9421,1.7412,1.7038,1.7508,0.2889,1.0,0.33674,0.48681,1.27505,0.18287,0.9577,1.0103,1.0549,0.5,3.7164,3.1533,1.6217,22.6363,24.5133,6.596,56,0.1834,0.8964,52,0.2056,0.8427,2.0
69,1210,213421,1.2142450172340529e-10,0.00015095131169080983,3.532104389375764e-05,0.00015095131169080983,0.4030612942030137,5.060324813324791,3.9539608061206497,-44.696015448711776,55.09689829521622,0.11884024133602362,55.09689829521622,0.009400054330431673,12.564418835749473,5.642769303029173,-1.4917929788200563,2.3565540663154745,-0.029298741005230788,2.3565540663154745,0.15730017847145578,2.864139698617053,1.4264828082039915,0.053409031294075204,1.4939476719785851,0.7672452653386889,0.10241056660985214,0.9627258974270856,0.5968521454555916,0.006973808368944456,1.4141360746381455,0.9294153358042133,0.0005612628182812807,-0.6680451350152734,0,0,0,0.006711486173974747,0.7108959474927913,381,0.7469,-0.03446,0.5434174457144925,1,0,1,0.7523,371,0.7018510819812299,-0.039908,-0.039908442821850354,621.5101980225235,289.79419979679875,0.609170222711002,0.6091702741426326,0.6091702876916757,0.7614628426782907,5.208914181051782e-07,375,0.5984,0.615,-0.06851,0.013173,374,0.251,0.2839,-0.01157,0.015787,3,0.4471,0.0594,-0.002223,6.87,0.1875,0.9848,0.001129,6.712,0.1502,-0.1151,0.000756,6.923,3.9466,1.7409,1.7008,1.7541,0.2941,1.0,0.34263,0.48877,1.27493,0.18311,0.9446,1.0232,1.0832,0.5,4.0479,3.0359,1.6191,22.6487,24.4371,6.037,56,0.1577,0.5276,52,0.2908,-0.0193,-3.0
70,1210,213421,1.0460890145247372e-10,0.0001680852806047577,3.646021272718826e-05,0.0001680852806047577,0.40591432295454055,5.065506266889148,3.9543153810026945,-46.0138074841594,53.43262480844009,0.14829303388647785,53.43262480844009,0.004324118057489322,12.566080399645603,5.64911970450997,-1.4954372005426293,2.3773907185330083,-0.029805535372513747,2.3773907185330083,0.15896550377147173,2.864275795332544,1.430222197363242,0.06425911143877949,1.514649998794027,0.7615568448720368,0.11652956627527825,0.9766664444141292,0.6061462988069513,0.0012921536296358616,1.4141854387503643,0.9027858065393655,0.00047344628043190755,-0.671837032804744,0,0,0,0.006935046101585627,0.7133659808734921,381,0.7392,-0.03537,0.5468150124718247,3,2,1,0.7448,371,0.7042704854443324,0.037427,0.03742653860673073,621.5107589481078,289.7944613419534,0.6091702153353399,0.6091702735128974,0.6091702876916831,0.7614628418911218,5.800155041832198e-07,375,0.5984,0.6068,-0.06531,0.012936,374,0.2498,0.2827,-0.01222,-0.004079,3,0.4426,0.0675,0.000417,6.866,0.1847,0.9901,0.002108,6.715,0.1496,-0.0734,0.000387,6.932,3.948,1.7392,1.7008,1.7557,0.2888,1.0,0.33728,0.49476,1.27467,0.18462,0.9539,1.0138,1.0628,0.5,4.0453,3.1464,1.5507,22.6827,24.3843,6.0278,56,0.1264,-0.3794,52,0.3689,-0.2998,-4.0
71,1210,213421,1.1009253381809287e-11,0.00019041402424780369,3.77774591542587e-05,0.00019041402424780369,0.4090624941077748,5.070214717696318,3.954670209344801,-47.55188127204882,54.98132963112074,0.11509707202081125,54.98132963112074,0.01543761179443388,12.565200115181087,5.724015389207678,-1.5016577377317366,2.412886762259429,-0.030037397064372744,2.412886762259429,0.16065575956487507,2.8640522751556747,1.433714506983338,0.06349402883820054,1.4974219532532551,0.7646518263779332,0.13065181120497757,0.9908052480980409,0.6151741570084199,0.0027666289439430836,1.4141910801478321,0.9047239237470741,0.00042561321802762805,-0.6755408794872687,0,0,0,0.007074731886828901,0.715657650001289,381,0.7348,-0.03459,0.5502753577493147,1,0,1,0.7406,371,0.7065338951716464,-0.054027,-0.05402681491604566,621.5111025364981,289.79462154837154,0.6091702057234792,0.6091702731201369,0.6091702876917233,0.7614628414001712,6.570654183656767e-07,375,0.5914,0.5952,-0.06616,0.036815,374,0.252,0.2828,-0.02004,0.001695,3,0.4347,0.0665,-1.2e-05,6.875,0.1852,0.9899,0.000262,6.719,0.1491,-0.0756,0.00073,6.94,3.952,1.7396,1.7,1.756,0.2952,1.0,0.34377,0.49553,1.27418,0.18514,0.9426,1.025,1.0874,0.5,4.043,3.1446,1.5498,22.7662,24.2957,6.0093,56,0.1505,-0.9501,52,0.3253,-0.6491,-1.0
72,1210,213421,1.3250317651681154e-11,0.00019737811825051922,3.912002255885606e-05,0.00019737811825051922,0.4125214115735748,5.074855884918475,3.955023975953797,-49.0977319859425,56.51379624108651,0.2061437348974175,56.51379624108651,0.0111823527036414,12.56487743337086,5.73079100206025,-1.5055956577380292,2.4544334848923577,-0.03047776964850333,2.4544334848923577,0.16220057482799444,2.8634963769540205,1.4373619348140734,0.07928785113352388,1.5037970943178829,0.7689384688426601,0.1446396437802002,1.004939741590237,0.6242213962547639,0.00037676455416635335,1.41418751637174,0.8969579142939403,0.0004405813312540629,-0.6791542331760231,0,0,0,0.007291416052055019,0.7186284640030876,381,0.7314,-0.03491,0.553530615696523,1,1,0,0.7385,370,0.7085897206431865,0.071141,0.07114064130050113,621.5112879324537,289.79470799373115,0.6091702027256707,0.6091702729059683,0.6091702876917223,0.7614628411324603,6.810963513343001e-07,375,0.5759,0.58,-0.06484,0.029129,374,0.2617,0.2876,-0.01297,0.003215,3,0.4215,0.0543,0.000396,6.869,0.1914,0.9846,-0.00054,6.714,0.1508,-0.1213,-0.000144,6.929,3.9478,1.74,1.7006,1.7551,0.2918,1.0,0.34023,0.50427,1.27428,0.18479,0.9571,1.0105,1.0558,0.5,4.0407,3.1428,1.5489,22.8975,24.1696,5.9815,56,0.1483,-0.7985,52,0.1499,-0.7676,3.0
73,1210,213421,2.0052587053559352e-11,0.00015186647953569388,4.156857233519311e-05,0.00015186647953569388,0.41629376663259277,5.0796126989151045,3.9553750480964753,-50.620840764008804,45.49427946530974,0.15590055518725354,50.620840764008804,0.005234520135888036,12.563488054828571,5.700810665268975,-1.5165680281871181,2.494400903603695,-0.030593842024739547,2.494400903603695,0.16396193662576794,2.8626068595817133,1.4408543338750188,0.07488499394236314,1.521511370658406,0.7782029147662268,0.15877730164161996,1.0190677182828296,0.6331909754195653,0.0003874258838415523,1.4141868029247182,0.9111718459901207,0.0005247280139177419,-0.6826620994129879,0,0,0,0.007646347952315501,0.7212781087169055,381,0.7291,-0.03655,0.557190495280254,0,0,0,0.7361,369,0.7103688794614301,-0.049101,-0.04910143579580639,621.512044011872,289.7950605340929,0.6091702223173363,0.6091702720163736,0.6091702876917194,0.761462840020467,5.240478538723318e-07,375,0.5649,0.571,-0.06658,-0.055214,374,0.2736,0.2987,-0.00466,-0.017822,3,0.412,0.0329,0.000285,6.874,0.1995,0.9859,-3.4e-05,6.713,0.1546,-0.1346,0.000821,6.929,3.9485,1.7409,1.7,1.7548,0.2966,1.0,0.34524,0.50084,1.27401,0.18517,0.943,1.0245,1.0865,0.5,4.0374,3.1402,1.615,22.8786,24.1122,5.9722,56,0.1568,-0.3436,52,0.0769,0.3718,-1.0
74,1210,213421,9.55021088632637e-11,0.00017684821558596134,4.498335078203509e-05,0.00017684821558596134,0.4203798826088012,5.084243698313927,3.9557258300953735,-52.1403871320246,47.06227088374959,0.2153166523366811,52.1403871320246,0.0034982133671607497,12.558792443522801,5.646708963042529,-1.5269918909226212,2.5298268319739963,-0.030757129630194377,2.5298268319739963,0.16558479917742513,2.8614040577402506,1.4442799886993425,0.05807719414489898,1.514466600587876,0.7662819754170204,0.17291800006799865,1.033206659400913,0.6423026938616859,0.0007787200691816709,1.4141875634033814,0.8912154308509878,0.0006736402616186753,-0.6860563798556356,0,0,0,0.007826347363296654,0.7237419925524425,381,0.7242,-0.03748,0.5604612992775055,3,3,0,0.7313,369,0.712864218093288,0.010383,0.010382967350333283,621.5126606235541,289.7953480442408,0.6091702115635322,0.6091702712716551,0.609170287691687,0.7614628390895689,6.102520857545418e-07,375,0.5569,0.5658,-0.06472,-0.005395,374,0.2953,0.3166,0.00044,-0.00675,3,0.4034,0.0094,0.001244,6.876,0.2139,0.9907,-0.000666,6.721,0.1645,-0.127,-0.000475,6.923,3.9494,1.741,1.7018,1.7529,0.2923,1.0,0.34114,0.50319,1.27365,0.18653,0.9546,1.0128,1.061,0.5,4.0338,3.1374,1.6135,22.906,24.0531,5.9629,56,0.1519,0.3983,52,0.2746,0.7418,-1.0
75,1210,213421,1.1587101981248498e-10,0.0002027111191323969,4.905072343634653e-05,0.0002027111191323969,0.4247536608438949,5.0885703204513275,3.956073538017975,-53.65102768997064,48.63002898122857,0.20274437083709462,53.65102768997064,0.007534444919892554,12.563940267394203,5.665272009326267,-1.5365449413914432,2.574101011953217,-0.030858583836196378,2.574101011953217,0.16696434624651676,2.859865640937016,1.4470215783167941,0.08181953744190018,1.5008717830784946,0.7776709398083722,0.18705836506319506,1.047347223702681,0.6512148480871541,0.001792582898753059,1.4141830878267851,0.909384394236757,0.00088088028556469,-0.6893702030198707,0,0,0,0.008071053903618454,0.7267987037078245,381,0.7187,-0.03586,0.5632655522801608,0,0,0,0.7289,366,0.7133450882859796,-0.015544,-0.015544274800396218,621.5135269317735,289.7957519814538,0.609170200430483,0.6091702701961663,0.6091702876916782,0.7614628377452078,6.994965169308966e-07,375,0.5555,0.5621,-0.06901,0.015376,374,0.309,0.3421,0.00473,0.008115,3,0.3994,-0.0263,-0.000906,6.878,0.2221,0.9907,-0.001422,6.718,0.1717,-0.1618,-0.000502,6.919,3.9485,1.7419,1.7014,1.7524,0.2962,1.0,0.34363,0.50501,1.2738,0.18719,0.9442,1.0231,1.0835,0.5,4.3656,3.0223,1.6119,22.9793,23.9547,5.4871,56,0.142,0.9149,52,0.2731,0.8416,1.0
76,1210,213421,2.4835469782518534e-10,0.00020217712562296814,5.123112117429188e-05,0.00020217712562296814,0.42944754959023945,5.092782996248322,3.956421877741235,-49.61461773970535,50.20257356237983,0.1951307421479966,50.20257356237983,0.0008069846113821968,12.564170425339173,5.722066017527575,-1.5419589612782962,2.6026428671760717,-0.031219426062526215,2.6026428671760717,0.16871811632948416,2.8579546966877323,1.4504873258991413,0.05984931026039286,1.5139327331963648,0.7760477358876691,0.20119632112710076,1.0614858031607926,0.6603086921131048,0.0024432579302056112,1.4141971996258402,0.9149472568758413,0.0011369958343134528,-0.6925972649950191,0,0,0,0.008473757690977066,0.7294655911497135,381,0.712,-0.03469,0.5667259353605684,0,0,0,0.723,364,0.7143084274273115,0.016257,0.01625708610787191,621.5144860043008,289.7961991722746,0.6091702006605638,0.6091702689657389,0.6091702876916212,0.7614628362071736,6.976527856487872e-07,375,0.5637,0.5759,-0.06964,-0.036777,374,0.3054,0.3454,0.01456,0.013573,3,0.4016,-0.0511,-0.000179,6.868,0.2175,0.9922,0.000218,6.72,0.1722,-0.1754,-0.001516,6.918,3.9467,1.7402,1.7028,1.7528,0.2917,1.0,0.33815,0.50713,1.27342,0.1865,0.9557,1.0116,1.0585,0.5,4.3607,3.0189,1.6101,23.0492,23.8532,5.47,56,0.1282,0.8858,52,0.1016,0.9945,1.0
77,1210,213421,7.122459713268693e-11,0.0002059673368455399,5.412336980889111e-05,0.0002059673368455399,0.43446276984509347,5.096879459862112,3.9567718636621465,-50.39056768092024,51.774074150824966,0.13890237399381503,51.774074150824966,0.016486185822051438,12.559404270591648,5.7160314405288,-1.5451101867068022,2.633590129646642,-0.03151354850921406,2.633590129646642,0.1708467067267804,2.8556713456363614,1.4539888853916478,0.08320496760360241,1.5289912399304304,0.7780097288691659,0.215335848365875,1.0756267814125973,0.6694581646707009,0.007517626304357816,1.414194541085737,0.9042530097640747,0.0014379563921298637,-0.6957493349347276,0,0,0,0.008640690800486569,0.7319226417643013,381,0.7049,-0.03342,0.5706912746389767,0,0,0,0.7167,362,0.715164790826722,-0.046869,-0.046868753195528745,621.5154806734067,289.79666296086333,0.6091701990291684,0.6091702676454955,0.6091702876916973,0.7614628345568694,7.107305334062992e-07,375,0.5683,0.5791,-0.0758,-0.011658,374,0.308,0.3507,0.01854,0.012866,3,0.4007,-0.0669,0.000118,6.875,0.2172,0.9916,-0.000872,6.729,0.175,-0.1951,-0.000628,6.92,3.9501,1.7404,1.7036,1.7518,0.2972,1.0,0.34335,0.5049,1.27351,0.18758,0.9451,1.022,1.0813,0.5,4.356,3.0157,1.6084,23.0722,23.7902,5.4615,57,0.1712,0.6827,52,0.143,-0.1933,0.0
78,1210,213421,1.2789934886246026e-10,0.00021732636973246448,5.616994763458984e-05,0.00021732636973246448,0.43978873980710675,5.101084895677197,3.9571218023415273,-51.15385632311439,53.330341290001535,0.19812342650337253,53.330341290001535,0.016291308811732175,12.561319731794553,5.786895359405633,-1.5509684801355157,2.658978383045448,-0.03146756472083836,2.658978383045448,0.17263328492990648,2.8530053997041596,1.457702320483068,0.08819314204956663,1.5397163050000078,0.7783897564064628,0.22947388864724355,1.0897669385286026,0.6785006947523016,0.0024135279249111186,1.4141894324858446,0.9126396415351978,0.001770309783173904,-0.6988133204058193,0,0,0,0.008806085985140048,0.7352133273560426,381,0.6987,-0.03259,0.5743250333851693,2,2,0,0.7099,361,0.7173639069114418,0.034137,0.03413668187509522,621.5157612811208,289.796793801014,0.6091701941395852,0.609170267264938,0.6091702876916729,0.7614628340811724,7.499267568905176e-07,375,0.5643,0.5784,-0.07442,0.003354,374,0.3151,0.355,0.01367,0.004191,3,0.3945,-0.082,-0.000366,6.871,0.2202,0.9914,-0.000468,6.724,0.1778,-0.2114,-0.000298,6.915,3.9474,1.7406,1.7035,1.7517,0.2893,1.0,0.33484,0.51238,1.2734,0.18919,0.9532,1.0138,1.0635,0.5,4.3512,3.0124,1.6066,23.2384,23.6157,5.4274,57,0.1126,0.6366,52,0.2867,-0.3923,-0.0
79,1210,213421,1.0268571663185333e-10,0.0002375955240318303,5.920335596651045e-05,0.0002375955240318303,0.44545139953354546,5.105317399526599,3.9574719227427257,-55.060260353258734,54.88017012207364,0.1366049758718373,55.060260353258734,0.007758629686256959,12.563277628203071,5.772753348075046,-1.5586622198449085,2.706688030142084,-0.03166965696755908,2.706688030142084,0.17472209956285314,2.8500019852168608,1.4614297963636744,0.08939867308239413,1.5565195326043237,0.7849305944795905,0.2436077471363497,1.1038973324360335,0.6876270911356877,0.0025778125656162887,1.4141791909993346,0.8722634674141194,0.002107173375930479,-0.7017793856106492,0,0,0,0.009285753855016211,0.73807841972122,381,0.6959,-0.03105,0.5783135452449293,0,0,0,0.7074,359,0.7185320443238982,-0.040089,-0.040088781392670914,621.5164819908637,289.79712984940693,0.6091701854145319,0.6091702662710617,0.6091702876916839,0.7614628328388271,8.198684512689854e-07,375,0.56,0.5737,-0.07142,-0.058683,374,0.3245,0.3618,0.00472,0.003034,3,0.3899,-0.0829,0.000582,6.88,0.226,0.9879,-0.000324,6.726,0.1818,-0.2364,0.001049,6.915,3.9495,1.7419,1.703,1.7508,0.2944,1.0,0.33867,0.50673,1.2735,0.18852,0.9424,1.0245,1.0871,0.5,4.3467,3.0093,1.6718,23.2623,23.517,5.4103,57,0.0324,-0.364,51,0.2448,-0.4496,1.0
80,1210,213421,1.0266186219762171e-10,0.0002646758621663453,6.26744762168855e-05,0.0002646758621663453,0.45141662991166204,5.1096430096041265,3.9578179803442346,-52.672194796505806,56.436055857449226,0.17593241992059205,56.436055857449226,0.011365549846072298,12.565185033577634,5.749053767690145,-1.5704968977150076,2.735488638661872,-0.03198369978622875,2.735488638661872,0.17622489828345206,2.846701139964421,1.4647671966801328,0.058526331697060674,1.5685109266015953,0.7925930318126447,0.25773853569600513,1.1180263580700605,0.6963497256945861,0.0009085946168775338,1.414174329577348,0.9266212094972642,0.002452706872052159,-0.7046723677226366,0,0,0,0.009212391655960364,0.7408035434609006,381,0.689,-0.03092,0.5814456142809313,0,0,0,0.7003,357,0.719605978702733,0.010522,0.010521628049526832,621.5167464436369,289.7972531569247,0.6091701737574255,0.6091702659004512,0.6091702876916839,0.761462832375564,9.133139092351017e-07,375,0.5531,0.5687,-0.06677,0.019998,374,0.3425,0.3832,0.00305,-6.3e-05,3,0.3813,-0.1165,0.001102,6.882,0.2361,0.9856,-0.000639,6.729,0.1894,-0.2828,7.3e-05,6.907,3.9491,1.7426,1.7041,1.7491,0.2919,1.0,0.33771,0.51114,1.27364,0.18897,0.9556,1.0113,1.0583,0.5,4.3388,3.1151,1.6688,23.3153,23.363,5.3847,57,0.1159,-0.5745,51,0.071,-0.5849,4.0
81,1210,213421,1.723538734890555e-11,0.0002803275097274536,6.462868747926464e-05,0.0002803275097274536,0.45766085755086944,5.11400629416445,3.958164856684378,-56.57414802147207,47.857201587643054,0.1718475974789634,56.57414802147207,0.019543075578514903,12.565431447697215,5.716338933873895,-1.5770213525755457,2.77784576821825,-0.03181742170124595,2.77784576821825,0.17806379467099953,2.8430788656263593,1.467911275728375,0.08094540541618711,1.5761085218803825,0.7859709344827194,0.2718575522589869,1.132140981868016,0.7056159377982335,0.002096659512478616,1.414152968562237,0.8741457466521919,0.00279899749138421,-0.707482097438385,0,0,0,0.009464285301758114,0.7442585400234831,381,0.6824,-0.03048,0.5860072535236354,1,1,0,0.693,355,0.7210238463493717,-0.005771,-0.0057707421205015486,621.516740603465,289.79725043380296,0.6091701670199114,0.6091702659086857,0.6091702876917207,0.7614628323858571,9.673228759342129e-07,375,0.5388,0.5621,-0.06899,-0.028621,374,0.3513,0.3925,0.00096,-0.013252,3,0.3679,-0.1757,0.000293,6.895,0.2399,0.9887,-0.000739,6.721,0.1893,-0.3212,0.002486,6.904,3.9495,1.7458,1.7018,1.7482,0.295,1.0,0.34223,0.51764,1.27358,0.18987,0.9459,1.0209,1.0793,0.5,4.3291,3.108,1.665,23.453,23.1623,5.3504,57,0.1532,-0.7742,51,0.119,-0.1538,1.0
82,1210,213421,9.108502405250465e-11,0.0002870351620692469,6.578995246928883e-05,0.0002870351620692469,0.4641866246653396,5.118034835022851,3.958510134618673,-54.17204919622675,51.81944061325403,0.12543916726630014,54.17204919622675,0.022311192506251687,12.561289233339254,5.7385470737583475,-1.5791342206949701,2.8331445810245435,-0.03220134109151889,2.8331445810245435,0.17986148568388363,2.8390700731699767,1.4715277128373272,0.08298740713854746,1.5910821830086035,0.7786735012439305,0.28599247682039813,1.1462766124893784,0.7143573952253517,0.0005232496928755381,1.4141927032924262,0.8968912411097215,0.0031560081931942215,-0.7101946806183563,0,0,0,0.009916145928853108,0.7469328745848955,381,0.6709,-0.03191,0.5907612190278445,3,3,0,0.6816,354,0.7228809307171025,0.006217,0.006216882025771753,621.5170970517171,289.7974166364434,0.609170164132613,0.6091702654042315,0.6091702876916888,0.7614628317552893,9.904683257730286e-07,375,0.5282,0.5534,-0.06888,-0.011922,374,0.3519,0.3978,-0.00404,-0.007139,3,0.3546,-0.2265,0.000721,6.897,0.2362,0.9916,7.8e-05,6.724,0.186,-0.3507,0.000293,6.903,3.95,1.746,1.7022,1.7475,0.2935,1.0,0.34173,0.51033,1.27337,0.19156,0.9552,1.0115,1.059,0.5,4.3198,3.1014,1.6615,23.4979,23.039,5.3333,57,0.1208,-0.9403,51,0.213,0.3439,-4.0
83,1210,213421,1.4445860204666598e-10,0.00029495818501923827,6.918670564227832e-05,0.00029495818501923827,0.4710142772788445,5.121660626603851,3.958854094544464,-52.49865196541049,49.29227765113192,0.14324339840913017,52.49865196541049,0.02682662181707783,12.564619780484751,5.7567118288027705,-1.5786300673882778,2.8723110945227592,-0.03266486811085361,2.8723110945227592,0.1820662326099846,2.834632879851651,1.4743908590281838,0.06121366134746731,1.6043305573864752,0.7879630229067573,0.300134310625798,1.1604183432018798,0.7233263076243298,0.0048314579985032635,1.414167557426711,0.938089112585609,0.003525663329559627,-0.7128026389844048,0,0,0,0.009838758162311041,0.749509521022083,381,0.662,-0.03023,0.5946635021535218,0,1,-1,0.6738,354,0.7254083500561609,-0.05386,-0.053860269329400356,621.5179464393617,289.7978126840281,0.6091701607223534,0.609170264178873,0.6091702876916658,0.7614628302235912,1.0178068022233026e-06,375,0.5303,0.5553,-0.07125,0.043485,374,0.3574,0.4043,-0.00878,0.011836,3,0.3512,-0.2762,0.000296,6.911,0.2367,0.9894,-0.001018,6.732,0.1895,-0.4126,0.000385,6.906,3.9549,1.7474,1.7021,1.7462,0.2986,1.0,0.3487,0.5187,1.27346,0.19142,0.9444,1.0222,1.0823,0.5,4.3108,3.095,1.658,23.8755,22.6596,5.2565,57,0.0581,-0.891,51,0.2239,0.4552,-4.0
84,1210,213421,1.9263893074130102e-10,0.0003099093998662803,7.25468709296961e-05,0.0003099093998662803,0.47810431172345275,5.125325475986571,3.9591982427239714,-54.00650616793069,52.338809099861166,0.13711260732582642,54.00650616793069,0.003533887107513678,12.552027366163125,5.7837752600654255,-1.5837801014160149,2.902731535297763,-0.03270586732766231,2.902731535297763,0.18333404486166066,2.8297702126485933,1.4772622855831372,0.07433857092167107,1.613766978741708,0.7835902749498799,0.31426875473565785,1.1745371705301113,0.7327071985756515,0.004936224570557202,1.41414226166768,0.9265973071988929,0.0039023954464375227,-0.7153366336473506,0,0,0,0.010083826940763077,0.7526656786905181,381,0.6527,-0.02971,0.5985432642263688,2,3,-1,0.6643,353,0.7274628148183915,0.020211,0.020210725626771175,621.5186073029568,289.7981208277035,0.609170154286592,0.6091702632028466,0.6091702876916452,0.7614628290035582,1.069397548131562e-06,375,0.5293,0.5627,-0.06928,0.036823,374,0.3596,0.4026,0.00027,-9e-06,3,0.3457,-0.3685,-0.001451,6.906,0.2349,0.9935,-0.00075,6.73,0.1904,-0.4723,-0.001508,6.907,3.9538,1.7467,1.7022,1.7469,0.2946,1.0,0.34527,0.52066,1.2739,0.19157,0.9572,1.0094,1.0545,0.5,4.308,3.0929,1.6569,23.9069,22.6076,5.2478,57,0.1033,-0.1609,51,0.1354,0.9759,0.0
85,1210,213421,4.887439951551825e-11,0.00032553145599634273,7.764372464027234e-05,0.00032553145599634273,0.48543481908490604,5.128837284844369,3.9595421062445713,-44.12307736585003,52.557717007791865,0.10604097572863475,52.557717007791865,0.007553438216074682,12.552934558367053,5.756810307562296,-1.5959572877821862,2.9655716381238126,-0.032867601672094966,2.9655716381238126,0.18487306677820503,2.8245463155624186,1.4800584302875222,0.07427481996672969,1.6284608144069104,0.7874628992480431,0.32829474209179654,1.1886532336780822,0.7419731716603283,0.0014507209723646497,1.4141901048409105,0.9132329427215977,0.00429095481696441,-0.7178009625726953,0,0,0,0.010448557793317536,0.7552121848388632,381,0.6479,-0.02934,0.6022929508801365,2,3,-1,0.6662,351,0.7283685539868553,-0.048171,-0.04817058184094836,621.5200085301536,289.79877418386,0.6091701475624568,0.6091702610677464,0.6091702876917071,0.761462826334683,1.1233017010272531e-06,375,0.5364,0.5619,-0.07408,0.032897,374,0.3664,0.4048,-0.00103,-0.001891,3,0.3477,-0.4104,-0.001498,6.909,0.2376,0.9939,-0.000583,6.737,0.1966,-0.5089,-0.001566,6.917,3.9577,1.7457,1.7023,1.7478,0.3031,1.0,0.35637,0.52706,1.27346,0.19204,0.9456,1.0209,1.0797,0.5,4.3032,3.0895,1.7213,23.9277,22.5091,5.2308,57,0.0826,-0.0327,51,0.1531,0.2222,1.0
86,1210,213421,3.334369617723964e-11,0.0003503573518282802,8.184536793373556e-05,0.0003503573518282802,0.4930034692303935,5.132071031014961,3.959885508694373,-45.1504084085982,53.33825374790921,0.18129655476974918,53.33825374790921,0.006076602999387504,12.559613567118076,5.777648616168024,-1.6236335609436834,3.006780975399259,-0.03321744325499388,3.006780975399259,0.18661361684745167,2.8331822221361227,1.483317363048389,0.07832795203446818,1.642989913096313,0.7859353841542687,0.34242663844388926,1.2027903409454415,0.751105500852404,0.00028819788842426863,1.4141606636062125,0.9303732304969746,0.0046893321805107566,-0.7201898607071736,0,0,0,0.010484877247036856,0.7578764090530759,381,0.6449,-0.0289,0.6052633942105599,1,0,1,0.6627,350,0.730137299973054,-0.018534,-0.018533513663601564,621.5207700738547,289.7991292720761,0.6091701368760941,0.6091702598699258,0.6091702876917138,0.7614628248374072,1.208966199133571e-06,375,0.5401,0.5712,-0.07318,0.014528,374,0.3756,0.4165,0.00144,0.002931,3,0.3485,-0.4367,-0.000904,6.911,0.2424,0.9924,-0.000369,6.742,0.203,-0.5439,-0.001056,6.924,3.9602,1.745,1.7024,1.7483,0.3012,1.0,0.35723,0.53513,1.27318,0.19453,0.9527,1.0136,1.0639,0.5,3.9664,3.1951,1.7188,23.9399,22.4394,5.6574,57,0.0519,0.3698,51,0.2629,-0.1944,0.0
87,1210,213421,8.865380956417765e-12,0.0003707522743302768,8.668074068888209e-05,0.0003707522743302768,0.5007682894012725,5.135395968879979,3.9602294099301716,-46.661344915690016,54.833277774041534,0.1745202241686027,54.833277774041534,0.007070153471493867,12.564178381484513,5.799416391142457,-1.6544019919652042,3.0578436468201056,-0.03318782658333333,3.0578436468201056,0.18856847784634392,2.867400013782281,1.486165808732005,0.07267942675498107,1.6511077081559393,0.7949408178374596,0.3565515693890596,1.2169282293287715,0.7604092331193613,0.001075220117001896,1.4141902124269348,0.936724385293159,0.005086506824323904,-0.7224984362406468,0,0,0,0.010917544002217444,0.7609876157165661,381,0.6495,-0.02542,0.6087734423194953,1,0,1,0.6653,349,0.7321508074396793,-0.004823,-0.004823092951258712,621.5217959060271,289.7996075912002,0.609170128097223,0.6091702582147824,0.6091702876917242,0.761462822768478,1.2793401530524873e-06,375,0.5413,0.5747,-0.07155,-0.020552,374,0.3789,0.428,-0.00035,-0.008102,3,0.3519,-0.4466,-0.000177,6.925,0.2463,0.992,-0.000716,6.739,0.2052,-0.5557,0.00177,6.927,3.963,1.7475,1.7004,1.7478,0.3043,1.0,0.35877,0.53272,1.27286,0.19319,0.9479,1.0184,1.0744,0.5,3.9653,3.1942,1.7183,23.9332,22.4331,5.6574,57,0.0289,0.5817,51,0.2091,-0.4005,-1.0
88,1210,213421,3.0919430929067217e-10,0.00039766852120737815,9.16183231104722e-05,0.00039766852120737815,0.5087532140933013,5.138866821778105,3.960574685047605,-47.49314801769751,56.370783211803555,0.2071037315783567,56.370783211803555,0.0006236959452405218,12.55922439492195,5.786177352506673,-1.6844684935847043,3.093392984773631,-0.033163667075425056,3.093392984773631,0.19010024320039529,2.9006797969650138,1.4899113369201875,0.0805945051355983,1.6678174167523891,0.8045049826513074,0.37068658685866657,1.231065739294486,0.7697764769338445,0.0005760087186507112,1.4141595677354561,0.882319260772178,0.005487612010428104,-0.7247297192277968,0,0,0,0.01172929385157031,0.7638485738420089,381,0.6532,-0.02867,0.6147211748445108,1,1,0,0.669,347,0.7333278385744866,0.00886,0.008860118867532574,621.5226251094377,289.7999942273963,0.6091701165110653,0.6091702568419377,0.6091702876915949,0.7614628210524221,1.3722171467517042e-06,375,0.5443,0.5808,-0.06873,-0.021101,374,0.385,0.4432,-0.00061,-0.005037,3,0.3559,-0.4534,1.8e-05,6.915,0.2517,0.9885,0.000493,6.74,0.2097,-0.583,-0.001123,6.925,3.961,1.7459,1.7016,1.7483,0.3049,1.0,0.3608,0.54467,1.27257,0.19434,0.9543,1.012,1.0605,0.5,3.9639,3.1932,1.7177,23.9724,22.3889,5.6482,57,0.1038,0.3378,50,0.0555,0.1975,1.0
89,1210,213421,8.044852711462206e-11,0.0004317617714399863,9.701297689908525e-05,0.0004317617714399863,0.5169719908293204,5.142531620844777,3.9609144024669773,-48.26287738133131,45.356271707553745,0.1601892191628236,48.26287738133131,0.001850639542457344,12.557602653843587,5.75228439917658,-1.7145415611538966,3.138870623403995,-0.033095274962017515,3.138870623403995,0.1919554294463296,2.933193112286137,1.4926418101650925,0.0847245118309562,1.6803426982613536,0.8027683037438975,0.3848127287775132,1.2451979742203594,0.7785996693948083,0.0013279891324441406,1.414189130946927,0.917742575913271,0.005909298389897582,-0.7268781762837109,0,0,0,0.012114781094041516,0.7664924902123188,381,0.6551,-0.03021,0.6185476265277319,1,1,0,0.6689,348,0.7366092927251782,-0.031128,-0.031127500968624933,621.5237552728427,289.8005211934873,0.6091701018358159,0.6091702549205803,0.6091702876916935,0.7614628186507253,1.4898585056433269e-06,375,0.5443,0.5828,-0.07453,-0.074896,374,0.3941,0.4553,0.00093,-0.003593,3,0.357,-0.4775,0.00273,6.927,0.2584,0.9916,8.6e-05,6.749,0.2146,-0.5871,0.001688,6.92,3.964,1.7474,1.7027,1.7457,0.3043,1.0,0.35948,0.53916,1.27269,0.19541,0.9485,1.0177,1.0729,0.5,3.962,3.1916,1.7169,23.9608,22.3781,5.6482,57,0.1198,0.0544,50,0.119,0.4321,1.0
90,1210,213421,2.148388048035386e-10,0.00045360065240684396,0.00010112701791510836,0.00045360065240684396,0.5253626637892638,5.146056233927319,3.96125387206639,-49.49550702453613,46.89971669543424,0.19744379109986404,49.49550702453613,0.015963298464141344,12.555948054465714,5.755968977227337,-1.7435733787337693,3.1609199115221136,-0.03347897662527199,3.1609199115221136,0.19370688810819253,2.9650054057185673,1.4958853914290524,0.07908631653064047,1.6895107493187311,0.8083153705909211,0.3989422767653762,1.2593379811289092,0.7877770950721739,0.0007365256978970613,1.4142019753791613,0.911494059634365,0.006368209194327335,-0.7289329053839072,0,0,0,0.012889939815996725,0.7696558427605884,381,0.651,-0.0291,0.622078316204813,5,4,1,0.6691,345,0.7371451303149443,-0.033904,-0.03390387034488063,621.5241616483255,289.8007106759097,0.6091700924352691,0.6091702542155337,0.6091702876916356,0.7614628177694172,1.565215804160381e-06,375,0.5344,0.5645,-0.08241,-0.031375,374,0.4042,0.4577,0.00173,0.003571,3,0.3485,-0.5404,0.00116,6.92,0.2635,0.9921,-0.000324,6.745,0.2163,-0.6416,0.000155,6.906,3.9592,1.7479,1.7037,1.7442,0.3032,1.0,0.36056,0.5439,1.27271,0.19679,0.9543,1.0118,1.0603,0.5,3.9569,3.1875,1.7146,23.9297,22.349,5.6481,57,0.0635,-0.5779,50,0.2189,0.5426,-2.0
91,1210,213421,1.474432486497922e-10,0.00046902244848619413,0.00010228938215474219,0.00046902244848619413,0.5339310976191742,5.1495294082441925,3.9615906661436,-51.00984767764914,48.48196644142598,0.17830898457781252,51.00984767764914,0.01857845473348263,12.552714441508869,5.812809141184949,-1.7690327197768148,3.2012116935002806,-0.03367716468373103,3.2012116935002806,0.196711108126951,2.9942175812053677,1.499134292143392,0.05482567284346409,1.704199833331613,0.799036363850336,0.41308324496453336,1.27347938931738,0.7968920363056596,0.0008074770202060044,1.4141993798858103,0.9025989891742637,0.006672115836337497,-0.7309143474635115,0,0,0,0.012792904261865651,0.7721255125839483,381,0.64,-0.02886,0.6228000782881014,3,4,-1,0.6598,343,0.7380491331981682,0.016039,0.0160391684530925,621.5241416600676,289.80070135589983,0.609170085796749,0.6091702542503206,0.6091702876916646,0.7614628178129007,1.6184310330919275e-06,375,0.5077,0.5499,-0.08708,-0.007232,374,0.4076,0.4666,0.00494,0.001654,3,0.3255,-0.6625,0.001281,6.912,0.2611,0.9938,0.000919,6.748,0.2073,-0.7419,-0.000305,6.901,3.9573,1.7467,1.7053,1.7438,0.3053,1.0,0.36381,0.54117,1.2728,0.19604,0.9461,1.02,1.0781,0.5,3.9491,3.1812,1.7771,23.9765,22.1952,5.6203,57,0.0601,-0.891,51,0.1708,0.6044,-3.0
92,1210,213421,4.2985521659950856e-11,0.00047621809728612153,0.00010292963185395653,0.00047621809728612153,0.5426654090606227,5.152680494855338,3.961924271885724,-52.5204637936899,50.0676436757112,0.158967254891665,52.5204637936899,0.008220373875748432,12.563054061805392,5.730595604391655,-1.8055302640719588,3.2442073979253374,-0.03434616866971092,3.2442073979253374,0.1985941004377038,3.024755752552102,1.5019728811084703,0.0696202267856133,1.7151701328294406,0.8032677854625456,0.4226134819648867,1.2876192604528736,0.8059180261367227,0.0026006877901709746,1.4141965411499484,0.9352540833574552,0.007016392737807256,-0.7328215705341024,0,0,0,0.01224047573519417,0.7748991458286631,381,0.6252,-0.0274,0.6254877127312768,1,2,-1,0.6531,342,0.7398081631949892,0.001771,0.0017710316642092216,621.5239885991242,289.8006299875237,0.6091700826993267,0.6091702545166762,0.6091702876917096,0.7614628181458452,1.6432610836857856e-06,375,0.4937,0.5281,-0.09276,0.069747,374,0.4125,0.465,0.00761,-0.008232,3,0.3095,-0.7284,-0.000522,6.903,0.2582,0.9969,-0.000635,6.752,0.2042,-0.7804,-0.002058,6.897,3.9556,1.7452,1.7069,1.7437,0.3031,1.0,0.36319,0.55737,1.2722,0.19754,0.9547,1.0112,1.0592,0.5,3.9404,3.1742,1.7732,24.1116,22.0007,5.5834,58,0.1243,-0.6484,51,0.0263,-0.3601,2.0
93,1210,213421,1.5620966598234652e-10,0.0004712455262779554,0.00010419691193984948,0.0004712455262779554,0.5515382512690213,5.155527559203176,3.962257629746327,-51.768250036398285,51.631971635193054,0.15634541945914368,51.768250036398285,0.020776008540796795,12.54885515771457,5.789779429618639,-1.8333885906817602,3.290507911463039,-0.03465484431610032,3.290507911463039,0.20156964058290774,3.054607505354299,1.5046690193063121,0.07286136924503472,1.7217726354432614,0.8051131509725563,0.4327353286217863,1.3017576386481298,0.8152705670144432,0.013179599757223937,1.4141334178478182,0.9012369954967633,0.007442018074824183,-0.7346499943547167,0,0,0,0.01249762432188737,0.7781368354010594,381,0.6192,-0.02367,0.6301526019439596,2,3,-1,0.6502,338,0.7394312115415898,-0.01877,-0.018769629325588566,621.5244411784925,289.800841013628,0.6091700848401129,0.6091702537262176,0.6091702876916608,0.761462817157772,1.6261013067791442e-06,375,0.4863,0.5233,-0.0955,-0.015692,374,0.4105,0.4586,0.00125,-0.000647,3,0.3016,-0.7834,-0.001282,6.908,0.2545,0.9983,-0.000981,6.744,0.2,-0.8187,0.000326,6.898,3.9551,1.7465,1.7053,1.744,0.3048,1.0,0.36302,0.55256,1.27175,0.19831,0.949,1.0168,1.0714,0.5,3.9319,3.1674,1.7694,24.2469,21.8076,5.5463,58,0.1454,-0.5609,51,0.2058,-0.6801,4.0
94,1210,213421,1.4936690974030986e-10,0.0004693310788979278,0.00010504460123080023,0.0004693310788979278,0.5605287972113033,5.158189855538032,3.962590048856756,-52.82816247146695,53.185937475150915,0.16837657571996203,53.185937475150915,0.019247243283851495,12.54474281926885,5.720362795341281,-1.8386387891314901,3.3312648043897877,-0.03512663003848453,3.3312648043897877,0.2042536721475113,3.0836468038210136,1.5081847619853532,0.07588418004666697,1.7386080361062601,0.8053523893109977,0.4426263680252636,1.315894285589817,0.8242829369617459,0.012405917256648302,1.4141820897097055,0.9718815975528747,0.0079670001676551,-0.7363988872647148,0,0,0,0.012849844028264366,0.7806220245754711,381,0.6154,-0.02298,0.6374681152101227,2,2,0,0.6515,337,0.741135913229574,0.016903,0.01690282690656253,621.5246205161893,289.8009246341776,0.6091700856641701,0.6091702534103933,0.6091702876916638,0.7614628167629917,1.6194947600335482e-06,375,0.4717,0.5217,-0.08889,0.016295,374,0.4093,0.4556,0.00078,0.006968,3,0.2907,-0.8321,-0.000555,6.907,0.2521,0.9991,0.000565,6.753,0.1934,-0.8554,-0.00112,6.908,3.9587,1.7449,1.7058,1.7451,0.3055,1.0,0.36489,0.55925,1.2713,0.19865,0.9471,1.0187,1.0755,0.5,4.2506,2.9427,1.831,24.3827,21.6164,5.0855,59,0.1318,-0.5834,50,0.3319,-0.6043,1.0
95,1210,213421,1.1284787770941773e-10,0.00048730131954742074,0.00010710024063892541,0.00048730131954742074,0.569622994330691,5.160938719165368,3.9629243199393884,-53.68714436852882,54.73836993927044,0.15580516521191248,54.73836993927044,0.04591976218710258,12.55130176723758,5.693922027205429,-1.8608592832603725,3.3717711890087703,-0.03539709063583271,3.3717711890087703,0.20470524745926724,3.1116177536115495,1.5110654071779963,0.055518352501600754,1.7545135514675223,0.8074786503197661,0.448840134265242,1.3300233898124059,0.8340017529371978,0.014635328022169158,1.4141643807320408,0.9868707583970361,0.008595444308325232,-0.738073675417207,0,0,0,0.012779607793043199,0.7834422760326425,381,0.6118,-0.02294,0.643729806911912,2,2,0,0.6495,337,0.743784978906653,0.02189,0.0218902338510234,621.525011695675,289.8011070310978,0.6091700779289644,0.6091702527164787,0.6091702876916795,0.7614628158955984,1.6815026158444927e-06,375,0.4584,0.5053,-0.07925,-0.03113,374,0.4138,0.4566,-0.00021,0.001578,3,0.2808,-0.8823,-0.000349,6.927,0.2533,0.9991,-0.000146,6.759,0.19,-0.901,0.001396,6.923,3.9665,1.7464,1.704,1.7453,0.306,1.0,0.3654,0.56839,1.27084,0.20022,0.9463,1.0195,1.0774,0.5,4.2444,2.9384,1.8284,24.3936,21.5485,5.0769,59,0.016,-0.7907,51,0.197,-0.7585,0.0
96,1212,213424,0.0,0.0005098656200748242,0.00011055569140626204,0.0005098656200748242,0.5770472162013184,5.166009615282222,3.9621144724699215,-54.52990632850698,56.28785757353716,0.16463335897799553,56.28785757353716,0.0021977907500421168,12.553820391112453,5.598526194468365,-1.9012500219127169,3.4053202139429857,-0.035827077407700796,3.4053202139429857,0.20647628749213925,3.1378087970610915,1.5124410471379401,0.07250748675240082,1.7634180492022553,0.8066026496387529,0.0,1.3441356449319213,0.8424779350540821,1.0,1.0,1.0,1.857977538887278e-05,-0.7396864012253085,0,0,0,0.013310593510888195,0.7886348604601371,383,0.6037,-0.02912,0.653719185340882,0,0,0,0.6552,337,0.7465917786028705,0.001018,0.0010178737440929009,621.5251257890593,289.8011602299047,0.6091700682159712,0.6091702525127717,0.609170287691728,0.7614628156409645,1.7593636259783717e-06,375,0.4448,0.494,-0.07685,-0.016239,374,0.4193,0.4605,0.00499,-0.003378,3,0.2689,-0.9116,-0.000356,6.941,0.2533,0.999,-0.000507,6.756,0.1868,-0.9293,0.001696,6.928,3.9696,1.7486,1.7019,1.7452,0.3099,1.0,0.37058,0.57508,1.27241,0.20004,0.9535,1.0121,1.0615,0.5,4.2365,2.9329,1.8249,24.4876,21.4719,5.0683,59,0.1155,0.4735,51,0.0189,-0.6033,1.0
97,1212,213424,7.078117246639678e-24,0.0005570261853245467,0.00011481643277420324,0.0005570261853245467,0.5862330665546643,5.169078981062887,3.9624435024591733,-56.41097038974751,52.87225245416565,0.18061667405753457,56.41097038974751,0.030689838832914627,12.553777351450655,5.635149212621559,-1.8815348016965858,3.405949218819498,-0.035996394647292124,3.405949218819498,0.207128969155534,3.152016311568843,1.513676459165191,0.06942818650622928,1.7673168349659885,0.8025014033370266,1.4142115624116159e-08,1.3577329211429523,0.8510470716189832,0.00011648862097413115,1.4142016000776556,0.8989038476833437,0.0001146630858426579,-0.7412237521321856,0,0,0,0.013685797356381882,0.7908564153864961,383,0.6036,-0.03224,0.656780697679665,1,1,0,0.6509,336,0.7480985517614706,0.047856,0.04785563602702125,621.5250073976447,289.801105027037,0.6091700479153465,0.6091702527241449,0.609170287691728,0.7614628159051812,1.922098210331458e-06,375,0.4234,0.4637,-0.08342,-0.025359,374,0.4316,0.469,0.00649,-0.009629,3,0.256,-0.935,-3.2e-05,6.942,0.2607,0.9992,0.0006,6.762,0.1831,-0.9486,-0.000395,6.935,3.9721,1.7476,1.7023,1.7458,0.3138,1.0,0.37793,0.58157,1.27331,0.20046,0.9505,1.0151,1.068,0.5,4.2328,2.9304,1.8233,24.5129,21.4171,5.0598,59,0.1253,0.5563,51,0.1671,0.8401,2.0
98,1212,213424,2.1097194717096905e-12,0.0005821582816331425,0.00011585406148747008,0.0005821582816331425,0.595503675320637,5.171816959996755,3.9627676605329505,-57.1989776778387,46.8343697107095,0.24135404794422066,57.1989776778387,0.008335839590941418,12.560356872217648,5.647632676193249,-1.9223894439716804,3.4457509911884805,-0.03643549695376241,3.4457509911884805,0.20738873849936448,3.1780347757372165,1.5166629554040676,0.08162744919198928,1.7794355315648287,0.8173291599706567,0.014141753185576275,1.3717529318333763,0.8600361099626517,0.0026750323249175034,1.414206420915591,0.9230635832364341,0.0003207834864630259,-0.7426520647480289,0,0,0,0.014114308009271135,0.793313968456373,383,0.6046,-0.02862,0.6564696877352086,6,5,1,0.646,335,0.7496726549474039,-0.008838,-0.008838342397842203,621.5244872334629,289.8008624878746,0.6091700370964833,0.6091702536451924,0.6091702876917271,0.7614628170564904,2.0088217703544627e-06,375,0.3978,0.43,-0.09352,0.045891,374,0.4373,0.4772,0.00516,-0.00839,3,0.2409,-0.9629,0.000123,6.941,0.2645,0.9995,-0.000477,6.768,0.1743,-0.9708,-0.001137,6.934,3.973,1.747,1.7036,1.7452,0.312,1.0,0.37836,0.58378,1.27335,0.20241,0.9523,1.0132,1.0639,0.5,4.2291,2.9279,1.8868,24.4452,21.3986,5.0598,59,0.0225,0.7415,51,0.1704,0.9406,0.0
99,1212,213424,1.6670952012752058e-12,0.0005869871732891508,0.00011494919668297014,0.0005869871732891508,0.604841791215054,5.174298433161585,3.9630895537525217,-67.4076133219876,48.37730148296648,0.2574130940027362,67.4076133219876,0.01728426037462813,12.553793540341754,5.62124625701867,-1.9521643822973402,3.4718749990075506,-0.036621626459314834,3.4718749990075506,0.20862719521581094,3.2034090949610476,1.5192341871444492,0.05521206736014858,1.788792533502272,0.8117946825688966,0.0282703983615092,1.3858946302783455,0.8692667457618241,0.004336125429894699,1.4142048760053387,0.920673224122625,0.0006138106999379563,-0.744027385113678,0,0,0,0.013998160151585365,0.795968482042047,383,0.5969,-0.02192,0.6560744490880089,5,4,1,0.6348,335,0.7519662067274803,0.010883,0.01088259693724769,621.5241454408473,289.80070311878006,0.6091700350173299,0.6091702542437105,0.6091702876917273,0.7614628178046381,2.025485676784447e-06,375,0.3719,0.41,-0.12114,0.04256,374,0.438,0.4787,0.00775,-0.004057,3,0.2221,-0.9889,0.001268,6.952,0.2616,0.9998,-0.000424,6.765,0.163,-0.9919,0.002379,6.928,3.9734,1.7497,1.7025,1.7436,0.3137,1.0,0.3801,0.58223,1.27323,0.20225,0.9554,1.01,1.0571,0.5,4.2256,2.9254,1.8853,24.4714,21.3447,5.0513,59,0.1162,-0.978,51,0.0832,0.7573,-3.0
100,1212,213424,2.5812941432701113e-11,0.0005911842024050393,0.00011423993729268176,0.0005911842024050393,0.6142394657446607,5.178595259853693,3.963409090752018,-68.18411940164265,49.93710831402177,0.2284915964658878,68.18411940164265,0.008760227085904404,12.560009973886505,5.649922190367467,-1.9811998909142017,3.5248453705435843,-0.03686900347394094,3.5248453705435843,0.21157171219203835,3.2279729031090807,1.5230093996312704,0.07328565467070014,1.807320372009746,0.8182004956169885,0.04241236541206753,1.400035627039016,0.8784734778692306,0.0005196073844608851,1.4141944990323203,0.8997034510019458,0.0007823682414570979,-0.745355212720016,0,0,0,0.013877531631757721,0.7983405444570982,383,0.5899,-0.02042,0.6598565290071897,4,3,1,0.6279,330,0.7502806624843098,0.012221,0.012220705902717288,621.5236381461315,289.80046658031824,0.6091700332101871,0.609170255122303,0.6091702876917169,0.7614628189028788,2.0399698088173797e-06,375,0.348,0.3918,-0.14024,0.158056,374,0.4393,0.4851,0.0131,0.00016,3,0.2053,-0.9987,-2.3e-05,6.956,0.2593,1.0,0.000122,6.76,0.1529,-0.999,0.001122,6.929,3.9733,1.7507,1.7013,1.7438,0.3146,1.0,0.38086,0.58106,1.27314,0.20236,0.953,1.0123,1.0622,0.5,4.2204,2.9218,2.0128,24.3947,21.2822,5.0427,59,0.1792,-0.933,51,0.0637,-0.9702,-0.0
101,1212,213424,5.997141524514681e-11,0.000592691858622338,0.00011404413195529127,0.000592691858622338,0.6236554565045026,5.187202183725125,3.9637254947937755,-68.98883593965664,51.500220215849396,0.23912545274146046,68.98883593965664,0.0022693099955066742,12.557786463256395,5.595100079537015,-2.006031293859062,3.5755308899163993,-0.03726787169967425,3.5755308899163993,0.2120608564378339,3.251444212598426,1.5259251044121747,0.07306179611243502,1.826103742608094,0.8158065979032254,0.056554165451659734,1.4141554747404155,0.8874705124369233,0.0015877077133006345,1.4141697978563708,0.8578064938735404,0.0010584140754344071,-0.7466052536140704,0,0,0,0.01370397162320033,0.8008236254392099,383,0.5843,-0.02103,0.6633916567201479,3,3,0,0.6205,327,0.7501919519857194,-0.006755,-0.006754909538572829,621.5231776332629,289.80025185502706,0.6091700325610074,0.6091702559097943,0.6091702876917022,0.7614628198872428,2.045173718202401e-06,375,0.3298,0.3937,-0.14619,0.101237,374,0.4399,0.4863,0.02243,0.007528,3,0.1927,-0.9992,-0.000229,6.981,0.2572,0.9999,7e-05,6.764,0.1451,-0.9997,0.002419,6.946,3.9825,1.753,1.6985,1.7441,0.3154,1.0,0.38306,0.5869,1.27214,0.20542,0.9471,1.0182,1.0752,0.5,4.2151,2.9181,2.0103,24.4104,21.2195,5.0342,60,0.1389,-0.7268,52,0.1477,-0.9444,3.0
102,1212,213424,3.4435000945284934e-10,0.0005848870008713265,0.0001140687043771166,0.0005848870008713265,0.6330850653110546,5.195596393486972,3.9640377479636215,-69.7705462658467,53.049181810190596,0.22136885292639957,69.7705462658467,0.005446205638671134,12.553579829155879,5.601569527441828,-2.0338350740956175,3.6254298884151166,-0.037640108633201205,3.6254298884151166,0.21420108546623137,3.274308182297447,1.528975494530221,0.07834843773724176,1.8376940732319258,0.8134878421813153,0.07068542639491836,1.4282686153743316,0.8960485774533288,0.0031922876972819703,1.41419145228627,0.9024613795074233,0.001525995716712506,-0.7477652167474584,0,0,0,0.014174573295769653,0.8038559968145165,383,0.5815,-0.0177,0.6692324990504421,1,1,0,0.6162,326,0.7518351356602281,-0.011376,-0.011376041136291315,621.523766230069,289.80052630255983,0.6091700359208444,0.6091702549015702,0.6091702876915799,0.7614628186269626,2.018239953990588e-06,375,0.3165,0.4047,-0.13254,-0.0654,374,0.436,0.4876,0.02538,0.003882,3,0.1841,-0.9983,-0.002073,6.99,0.2537,0.9996,-0.00074,6.757,0.1381,-0.9995,0.000553,6.955,3.9844,1.7543,1.6958,1.7455,0.3183,1.0,0.38529,0.58181,1.27115,0.20441,0.953,1.0122,1.062,0.5,4.2099,2.9146,2.0726,24.4731,21.0856,5.0086,60,0.088,-0.5338,52,0.209,-0.9583,0.0
103,1213,213425,0.0,0.0006061705167613463,0.00011732100946754095,0.0006061705167613463,0.6417944373707543,5.205110557623705,3.9636904231092633,-70.53500082299058,54.583380558712044,0.25273817065345955,70.53500082299058,0.0032243943659686866,12.565100568650704,5.619546331221529,-2.0392156121268963,3.676632710151997,-0.03854220251614643,3.676632710151997,0.21605623128857182,3.2962612643622307,1.5314470440687475,0.07961812049163874,1.8566445968290497,0.8198010313928689,0.0,1.4424087172927857,0.9043270468644268,1.0,1.0,1.0,0.002150403077127607,-0.7488329883417679,0,0,0,0.014889103285481868,0.8072681623133633,384,0.5783,-0.01516,0.674276430167972,2,1,1,0.6256,320,0.7495407537260071,0.008672,0.008671969078952735,621.5240714825909,289.8006686339497,0.6091700267594654,0.6091702543725398,0.609170287691728,0.7614628179656747,2.0916808771307796e-06,375,0.315,0.4113,-0.12203,-0.025823,374,0.4415,0.4934,0.02627,0.001117,3,0.1822,-0.9958,-0.001227,6.999,0.2555,0.9991,-0.000109,6.757,0.1391,-0.9988,0.000346,6.966,3.9883,1.7548,1.6942,1.7466,0.3176,1.0,0.38483,0.58452,1.27086,0.20462,0.9498,1.0153,1.069,0.5004,4.2031,2.9098,2.1339,24.5258,20.9796,4.9915,60,0.0615,0.9967,52,0.0934,-0.8142,0.0
104,1213,213425,6.5739926414910605e-24,0.0006463391832214629,0.00012226460860198578,0.0006463391832214629,0.6510903431667661,5.213010555201846,3.963997470242509,-71.23331245609127,56.07255778490187,0.2314919520105038,71.23331245609127,0.0012644156665245693,12.544248078268526,5.609531294667367,-2.036161959455486,3.662630378333675,-0.03891139604058169,3.662630378333675,0.2168505942883753,3.3072729659018703,1.5327199663079225,0.06005692215649472,1.864690188790361,0.8213603060980699,1.4142115624116159e-08,1.4432527387503205,0.9129820445590872,0.0025933867902860896,1.4141752505371865,0.9038427110303636,0.0029575537491660993,-0.7498602007836651,0,0,0,0.014907740928809749,0.8099613388078047,384,0.5793,-0.0156,0.6765575419355722,0,0,0,0.6297,314,0.7470956363057427,-0.004762,-0.004761788362152464,621.5241791990655,289.80071885936786,0.6091700094683052,0.6091702541848053,0.609170287691728,0.7614628177310065,2.2302884056513093e-06,375,0.3109,0.4094,-0.13009,-0.050699,374,0.4512,0.5007,0.02745,-0.004432,3,0.1803,-0.9908,-0.000337,6.993,0.2616,0.9987,-0.00063,6.758,0.1404,-0.9964,-0.001328,6.961,3.9865,1.7541,1.6952,1.7463,0.3188,1.0,0.3843,0.58614,1.27189,0.20572,0.9492,1.0158,1.0702,0.5004,4.1983,2.9065,2.1315,24.4979,20.9557,4.9915,60,0.1446,0.9142,53,0.0967,0.7531,1.0
105,1213,213425,1.0665117005852735e-12,0.0006652147438124286,0.00012385729534447897,0.0006652147438124286,0.6603878155328454,5.2206626353845795,3.96430342672645,-71.9904928434168,52.171704804650844,0.2236839268462618,71.9904928434168,0.0003137896661500885,12.545094376080556,5.6486706879290605,-2.080987414207555,3.718542415243387,-0.03919041631494817,3.718542415243387,0.2196067480070088,3.3274713728433984,1.5360347031882744,0.055268544832644526,1.869068359989052,0.81272579042235,0.014141454898653594,1.4573034508482847,0.9220204716232674,0.005727190806683491,1.4141338754809454,0.9093246057532044,0.0039597454985814485,-0.7508068689728986,0,0,0,0.015591055649871044,0.8127275347776598,384,0.5823,-0.01738,0.6808337096859036,0,0,0,0.6298,313,0.7487415909837974,-0.000176,-0.00017574979085654974,621.5240943718175,289.8006793066066,0.609170001343197,0.6091702543326816,0.6091702876917275,0.7614628179158519,2.2954216166920616e-06,375,0.289,0.385,-0.1344,-0.068808,374,0.4553,0.5065,0.02715,-0.00719,3,0.1687,-0.9809,-3.7e-05,6.989,0.2653,0.998,3.3e-05,6.755,0.1319,-0.9913,-2.2e-05,6.959,3.9847,1.754,1.6952,1.7463,0.3206,1.0,0.38498,0.58595,1.27184,0.20643,0.9511,1.0139,1.066,0.5004,4.1956,2.9046,2.1946,24.6203,20.7987,4.9573,60,0.1287,0.7244,53,0.1581,0.9942,2.0
106,1213,213425,4.503208711277035e-12,0.0006794421418698087,0.00012431619613168136,0.0006794421418698087,0.6696579154017167,5.2282255681963195,3.9646077085885056,-72.72744176150955,46.58764770754563,0.15615015267034565,72.72744176150955,0.00014461160317650202,12.549255650161818,5.594833805301916,-2.10137649590276,3.7799757095272093,-0.03932646288629359,3.7799757095272093,0.22228503844944777,3.3470825169466782,1.539407804602523,0.06851048365888157,1.8869286583059055,0.8196282159472987,0.028139720804390568,1.4713635428869403,0.9311137175691827,0.022516955742140632,1.4141928939692177,0.9892218650921637,0.0052612166178191665,-0.7516658436077872,0,0,0,0.016282401252029025,0.8150759753778317,384,0.5801,-0.01519,0.6836688735034391,3,3,0,0.6339,310,0.7485620677184389,0.022057,0.02205654293581194,621.5239179822951,289.80059706071484,0.6091699952185714,0.6091702546390757,0.6091702876917261,0.7614628182988445,2.3445160181207696e-06,375,0.2669,0.333,-0.10444,0.024395,374,0.4574,0.508,0.02679,-0.000151,3,0.1549,-0.9615,0.000386,6.977,0.2656,0.998,0.000403,6.759,0.1222,-0.9768,-0.001656,6.954,3.982,1.752,1.6973,1.7463,0.3224,1.0,0.3851,0.58239,1.27189,0.20875,0.953,1.0119,1.0619,0.5004,4.1942,2.9036,2.2584,24.6118,20.7557,4.9487,60,0.0893,0.1576,53,0.1827,0.9999,-3.0
107,1213,213425,1.2841976367990117e-11,0.0006994780458038797,0.0001246252043282641,0.0006994780458038797,0.6788722354091302,5.235725637255186,3.9649136622845833,-73.4628181955651,48.14360760370747,0.1384161543914157,73.4628181955651,0.0008084388495323686,12.563414739733599,5.6324149598665665,-2.1517328944778753,3.845367506614772,-0.039645989448910506,3.845367506614772,0.22416914335007992,3.3658730620813873,1.542395792408919,0.055414331405329906,1.9049249516739224,0.815546554996259,0.04228163678945726,1.4855047234015062,0.9410059363792643,0.0002559533769042055,1.4142022851100269,0.861498450518667,0.006938817607179385,-0.7524626177826235,0,0,0,0.01634139519843312,0.817863876015109,384,0.5702,-0.01283,0.6876455895713206,5,5,0,0.6278,307,0.748358226099996,-0.024761,-0.02476140646980518,621.5234218006731,289.80036570400244,0.6091699865935364,0.6091702554934377,0.6091702876917225,0.7614628193667972,2.413654807179628e-06,375,0.2402,0.3093,-0.08402,0.002145,374,0.4581,0.5085,0.02844,0.001146,3,0.1374,-0.9493,-0.002084,6.958,0.2614,0.9973,-0.001057,6.759,0.1104,-0.9698,-0.003939,6.951,3.9779,1.7492,1.6992,1.7473,0.3234,1.0,0.38681,0.58747,1.27157,0.20864,0.9529,1.0119,1.0619,0.5004,4.515,2.795,2.2575,24.6022,20.7475,4.5952,60,0.0959,-0.9633,53,0.1072,0.975,-2.0
108,1214,213426,0.0,0.0007091332247492518,0.00012427013921458496,0.0007091332247492518,0.6867847937595708,5.245065108925971,3.965027437852157,-74.23117846485673,49.70545777087157,0.12518063028945337,74.23117846485673,0.001991496843137118,12.552759648065216,5.623520464616043,-2.1846501141336723,3.891394879345315,-0.04010904416938168,3.891394879345315,0.22655836880659003,3.383787334606583,1.5449704782048708,0.05789089170582162,1.9224847098543938,0.8184932305818367,0.0,1.4996452492721621,0.9488386960076368,1.0,1.0,1.0,0.009080601687796862,-0.7531773680306819,0,0,0,0.016921377263062445,0.8197211854327084,385,0.5573,-0.01531,0.69582444682001,3,3,0,0.6167,308,0.7497088556893512,-0.002797,-0.0027974291497876447,621.5227593297203,289.8000568108576,0.6091699824369905,0.6091702566167068,0.609170287691728,0.7614628207708835,2.446974070857682e-06,375,0.2075,0.2747,-0.10493,0.080612,374,0.4598,0.5064,0.02975,-0.000883,3,0.1161,-0.9359,0.001027,6.95,0.2564,0.9962,-0.000356,6.755,0.0958,-0.9629,-0.000113,6.936,3.9728,1.7494,1.7004,1.7459,0.3253,1.0,0.38948,0.58468,1.27203,0.20797,0.959,1.0058,1.0488,0.5008,4.5115,2.7928,2.3202,24.583,20.7313,4.5952,60,0.1611,-0.9949,53,0.0586,-0.9973,5.0
109,1214,213426,1.1200858540218136e-23,0.0007381545787783533,0.00012412766388783254,0.0007381545787783533,0.6957340601939406,5.252267760010777,3.965321142279492,-74.97401804694749,51.26410881363314,0.1666083083451166,74.97401804694749,0.00367377824918721,12.55326118677872,5.649950642120879,-2.1887987621886054,3.9005085087581306,-0.04044961579726618,3.9005085087581306,0.2271930289550303,3.3872589108340065,1.5461619102440896,0.0942001744268266,1.9238803506403166,0.8181072387873132,1.4142115624116159e-08,1.5046483064618392,0.9576141962499853,0.0031281482904369495,1.4141985878483192,0.9468931599849916,0.011789081203022453,-0.753855704312901,0,0,0,0.01675309147710608,0.8219407807820321,385,0.5479,-0.0206,0.7035615325985672,2,2,0,0.6103,303,0.7476389686971692,0.050446,0.0504455106277113,621.5211558780313,289.79930916262816,0.6091699699433268,0.6091702592529772,0.609170287691728,0.7614628240662215,2.547123321001843e-06,375,0.1592,0.2329,-0.12234,0.035325,374,0.4637,0.5096,0.03102,0.001045,3,0.0877,-0.9066,0.001899,6.936,0.2542,0.9945,0.000401,6.76,0.0742,-0.9458,-0.001091,6.922,3.9683,1.7479,1.7035,1.7444,0.3272,1.0,0.39169,0.58815,1.27293,0.21088,0.9551,1.0097,1.0573,0.5,4.5095,2.7916,2.3192,24.6183,20.6865,4.5873,60,0.1388,-0.7992,52,0.1272,-0.9672,2.0
110,1214,213426,9.04940664684645e-12,0.0007506822295180279,0.00012246727604027318,0.0007506822295180279,0.7046407951081645,5.259433764822726,3.9656123497167908,-75.71511417488465,52.79691904282895,0.09717396484386062,75.71511417488465,0.0006644422310130797,12.562315081556898,5.5307346186932955,-2.2186306152318567,3.943206991401615,-0.04141084249134128,3.943206991401615,0.22898178587989673,3.4038062715037056,1.5489198990749542,0.07479275443678601,1.9415421201823573,0.8124953475554895,0.014141724707494524,1.5184129946481852,0.9670831279160068,0.000445046362540058,1.414188857390272,0.9055104320450605,0.01522772955695025,-0.7544539808027281,0,0,0,0.016537381782353845,0.8245232954132151,385,0.5405,-0.02315,0.7106527990708097,2,2,0,0.6115,301,0.7479739719857944,-0.04137,-0.04136991581869731,621.5201223104871,289.79882723669937,0.6091699645505994,0.6091702608903884,0.6091702876917241,0.7614628261129854,2.5903563402100733e-06,375,0.1191,0.2111,-0.1468,-0.033888,374,0.4642,0.5075,0.02895,0.008089,3,0.0646,-0.8582,0.000641,6.977,0.2511,0.9921,-0.001047,6.763,0.0555,-0.9159,0.004422,6.935,3.9794,1.7533,1.6996,1.7428,0.3393,1.0,0.39996,0.58494,1.27276,0.21091,0.9552,1.0095,1.0569,0.5,4.5072,2.7902,2.318,24.6514,20.64,4.5793,60,0.1133,-0.3026,52,0.1242,-0.9734,1.0
111,1214,213426,1.8202413594207445e-11,0.0007533956414876609,0.00012115294906717375,0.0007533956414876609,0.7134977538923658,5.266546583588553,3.9658991418453597,-76.43570186973479,54.32135605548119,0.111337687479239,76.43570186973479,0.005866923749935511,12.559740921624616,5.557671946012963,-2.236354520511401,3.9695857744314367,-0.0419903948781551,3.9695857744314367,0.23089751914156315,3.4197599793200095,1.5515800457483528,0.09927764948259699,1.9544979551863422,0.8280792870577098,0.028121005093975707,1.5325444905171786,0.9761382321471046,0.003146240200680217,1.4141645234270637,0.948173810136371,0.017526097651337027,-0.7549435690193449,0,0,0,0.016504101840756832,0.827170058366331,385,0.5392,-0.02896,0.7175479711001781,3,2,1,0.6157,299,0.748471137697148,-0.020763,-0.020762633347191528,621.5203282199088,289.79892324696004,0.6091699633828811,0.6091702605681169,0.6091702876917202,0.761462825710146,2.599718567089479e-06,375,0.0672,0.2278,-0.2028,-0.223828,374,0.4657,0.5076,0.03236,-0.00251,3,0.0385,-0.6303,0.001539,7.157,0.2512,0.9909,-7.1e-05,6.76,0.0333,-0.7291,0.022935,7.021,4.0307,1.7756,1.6772,1.7419,0.3459,1.0,0.39973,0.59134,1.27242,0.21017,0.9558,1.0089,1.0556,0.5,4.5037,2.788,2.4449,24.6327,20.5528,4.5635,60,0.1108,0.7624,56,0.0812,-0.1207,-0.0
112,1214,213426,3.315398351298238e-11,0.0007729290782828968,0.0001231706446809163,0.0007729290782828968,0.7222911517752908,5.2735780487207915,3.9661848114015466,-77.14903418096058,55.85215635827751,0.12404393869185344,77.14903418096058,0.0016977570647291884,12.56083615870908,5.372245697109245,-2.2654426747875522,4.032202231303953,-0.042808309443925927,4.032202231303953,0.2332004339826915,3.434573136545083,1.5544351048004434,0.08056137279304221,1.9734546449080275,0.8131829662223752,0.04218359292548711,1.5466852897316778,0.9856199702505849,0.0006669672488228695,1.414185991472999,0.9001130555390578,0.018081153945269504,-0.755414034212197,0,0,0,0.016728393437102307,0.8293712857499097,385,0.5414,-0.03261,0.722825158874999,3,2,1,0.6181,297,0.7487962920730262,0.015697,0.015697316547868878,621.5209166426865,289.7991976133478,0.6091699549749672,0.6091702596363749,0.6091702876917138,0.7614628245454687,2.6671194559832577e-06,375,0.0731,0.2766,-0.20581,-0.710106,374,0.4694,0.5171,0.03813,-0.002079,3,0.0397,0.3472,-0.00554,7.315,0.2542,0.9887,0.000647,6.759,0.0345,0.203,0.015792,7.145,4.0858,1.7902,1.6544,1.7488,0.3593,1.0,0.40091,0.58576,1.27233,0.21212,0.9561,1.0085,1.0548,0.5,4.4996,2.7855,2.4426,24.6101,20.534,4.5635,61,0.1523,0.9997,74,0.1533,0.38,-0.0
113,1214,213426,2.0874720254445295e-11,0.0007792844347433276,0.00012982684687897183,0.0007792844347433276,0.7310081119470964,5.280516175169649,3.9664653778482153,-77.85154653061326,48.00810947317186,0.07260176749405506,77.85154653061326,0.010100175292230354,12.561067341604884,5.101122371098646,-2.2853537909406,4.067815898205126,-0.04357011528663034,4.067815898205126,0.23554201007419548,3.4481120219427583,1.5569746547623922,0.07962158081860826,1.9912453418376506,0.8270203776994478,0.05619847235332409,1.5599295067767596,0.9946211009267086,0.000474918440621086,1.4142011658237865,0.8880534575683169,0.015000764771382997,-0.7557675312580149,0,0,0,0.01642066331775835,0.8318368207550624,385,0.5397,-0.03049,0.7267506633014382,0,0,0,0.6175,295,0.7491556621586806,-0.072783,-0.07278312199430426,621.5217518519692,289.7995870499274,0.609169952239802,0.6091702582866414,0.6091702876917191,0.7614628228583017,2.6890460496379883e-06,375,0.1494,0.2077,-0.12191,0.665396,374,0.4716,0.52,0.03695,0.002698,3,0.0815,0.7869,-0.003671,7.083,0.2547,0.9875,-8.2e-05,6.76,0.0712,0.6798,-0.029331,7.039,4.0196,1.7622,1.6817,1.7512,0.3648,1.0,0.41207,0.60081,1.27239,0.21113,0.9537,1.0109,1.06,0.5,4.4928,2.7813,2.439,24.8023,20.3247,4.5238,60,0.1536,0.6377,53,0.1283,0.9082,0.0
114,1215,213427,0.0,0.0007972955532546888,0.0001375768503678217,0.0007972955532546888,0.738672764537007,5.288922750114792,3.966587540219075,-78.5740077890746,47.92607950985265,-0.024423135431101403,78.5740077890746,0.0016890662743911378,12.54941462471053,5.041322852249851,-2.3323083437765266,4.128110623303809,-0.04441282151153871,4.128110623303809,0.23719331431593335,3.4611500700982343,1.5588249467865687,0.0566024680013002,2.0052101632753936,0.8101504833528002,0.0,1.574056787291044,1.0026757082426956,1.0,1.0,1.0,0.011756266909601373,-0.7560984119347102,0,0,0,0.016036851865433334,0.833296150068455,386,0.5296,-0.02459,0.7294983051907672,1,1,0,0.6108,294,0.7485332791518629,-0.007449,-0.007448524580953686,621.5232892820773,289.80030391399396,0.60916994448772,0.6091702557198237,0.609170287691728,0.7614628196497797,2.7511895001024834e-06,375,0.1911,0.1874,-0.08292,-0.044896,374,0.4736,0.5198,0.03554,-0.002795,3,0.1012,0.8345,0.001256,6.976,0.2509,0.9854,-0.000157,6.758,0.0905,0.7285,-0.012089,6.973,3.9856,1.7504,1.6957,1.7495,0.35,1.0,0.4276,0.59811,1.27243,0.2128,0.9467,1.0178,1.075,0.5004,4.49,2.7795,2.5015,24.9238,20.2048,4.5,60,0.1154,-0.3285,54,0.1558,0.9141,-2.0
115,1215,213427,3.4768008024960215e-24,0.0008296344255461194,0.00014496661820130203,0.0008296344255461194,0.746940697397006,5.295156498018847,3.9668616988751193,-66.6951194413734,47.92190772900333,0.06859448436124142,66.6951194413734,0.004089641356720444,12.561598349495403,5.0441651074542815,-2.3122210169842345,4.117936850402081,-0.044685954292134906,4.117936850402081,0.23875529358560002,3.4711696578879314,1.5609473317768379,0.07240335700977474,2.009429634146188,0.8249764445404011,1.4142115624116159e-08,1.586475490396228,1.0118410867847412,0.002535176405253581,1.4141659356134701,0.8859135461683859,0.009532943601814243,-0.7563374127419331,0,0,0,0.015799442574469316,0.8355882540569398,386,0.5241,-0.02602,0.7335278702259674,2,2,0,0.6086,293,0.7495483814358541,0.021239,0.021239292866944925,621.5244249907784,289.80083346571377,0.6091699305681013,0.6091702537546164,0.609170287691728,0.7614628171932705,2.8627744634981292e-06,375,0.2097,0.2058,-0.06552,-0.00453,374,0.4789,0.5218,0.03531,0.005696,3,0.1101,0.8918,0.000254,6.965,0.2512,0.9808,-0.000553,6.76,0.1006,0.7863,-0.001761,6.963,3.9819,1.7492,1.6978,1.7486,0.3451,1.0,0.4278,0.5907,1.27334,0.21422,0.9442,1.0202,1.0804,0.5004,4.4838,2.7757,2.5622,24.9812,20.0704,4.4762,60,0.13,-0.9685,53,0.1179,0.9336,-3.0
116,1215,213427,6.210186003314873e-13,0.0008701436103518371,0.00015086131170382377,0.0008701436103518371,0.7551256369078628,5.3013099015698195,3.9671316842985824,-67.44452938587328,49.45605446795115,0.07899138749745374,67.44452938587328,0.01595160487675218,12.553355768111926,4.974053082263686,-2.3365424530584002,4.1646362895167295,-0.04526161879482835,4.1646362895167295,0.2406324917318383,3.481975431314525,1.563475865938741,0.06932420761213975,2.0260531364337715,0.8129015664663155,0.014141673498258997,1.6006168221917185,1.0207002222709174,0.002068618305257508,1.4141755503465365,0.9110980402593236,0.00911247800622902,-0.7565477756803151,0,0,0,0.015935284645372652,0.8379848260147335,386,0.5199,-0.02523,0.7399451000413418,4,4,0,0.6088,291,0.749808298345283,-0.022657,-0.02265700381257174,621.5259624570932,289.8015503466625,0.6091699131322316,0.6091702510009394,0.6091702876917278,0.7614628137511742,3.0025498804646337e-06,375,0.2331,0.2209,-0.07356,-0.009277,374,0.4803,0.5208,0.03569,0.001587,3,0.1219,0.9584,0.001033,6.949,0.2498,0.9727,-0.000373,6.765,0.1127,0.8659,-0.002125,6.948,3.9768,1.7474,1.7011,1.7472,0.3455,1.0,0.43088,0.57901,1.27239,0.21471,0.9428,1.0216,1.0836,0.5004,4.4774,2.7717,2.5585,25.0369,19.9706,4.4603,60,0.1816,-1.0,53,0.0174,0.9334,-2.0
117,1215,213427,4.5112954954398904e-12,0.0008953279190839822,0.0001578478336652295,0.0008953279190839822,0.7632185447366742,5.307400518867114,3.9673990611101013,-68.18368620626423,50.99704907693908,0.09823347225724512,68.18368620626423,0.018471388526066522,12.539011606435619,5.0147207251121255,-2.36867894745329,4.219929959499679,-0.04608546615804775,4.219929959499679,0.24187652109710223,3.492239386364113,1.5655352289076527,0.07719063097556966,2.0313818523712084,0.8326801467721574,0.028245441833606576,1.6144335922927109,1.0298112026277937,0.002405593752367041,1.4141312749827237,0.8234572189588821,0.010945203786575864,-0.7566532678389504,0,0,0,0.016289896077178914,0.8404719516602697,386,0.5157,-0.01895,0.7455342036971515,3,4,-1,0.6066,290,0.7509959645796463,-0.020624,-0.020624386860773836,621.5285700110818,289.80276618193597,0.6091699022940685,0.6091702460852676,0.6091702876917261,0.7614628076065845,3.089438830690464e-06,375,0.2648,0.2447,-0.10595,0.030505,374,0.4819,0.5231,0.0367,0.014751,3,0.1369,0.9774,0.001062,6.968,0.2486,0.9668,-0.000505,6.775,0.1279,0.891,0.00134,6.954,3.9832,1.7492,1.7008,1.7457,0.3461,1.0,0.43193,0.57982,1.2716,0.21514,0.9419,1.0224,1.0855,0.5004,4.4735,2.7693,2.5563,25.1976,19.8112,4.4286,60,0.1011,-0.9961,54,0.0338,-0.1514,-1.0
118,1215,213427,1.6764793056599368e-11,0.0008844596773192743,0.00016348834448012145,0.0008844596773192743,0.7711857803764288,5.313384891477022,3.967661294391135,-68.91508369760938,52.547304908575825,0.016244168781851937,68.91508369760938,0.020529069781656417,12.561369155697784,5.014106995104254,-2.409332880476172,4.280953020548719,-0.04688752658825879,4.280953020548719,0.24248859591358082,3.501607317075775,1.567635295029751,0.06887764848179934,2.048842169789745,0.8149632505003729,0.04238675458339267,1.6283659631620568,1.0380457747332474,0.00045481230577248954,1.4140694095865423,0.8577258385428462,0.014331435960448986,-0.7567124238175786,0,0,0,0.016954589718423643,0.842916987476673,386,0.5138,-0.0174,0.7508660523016303,0,1,-1,0.6037,285,0.7486523717519886,0.052517,0.05251676864475008,621.5312054407732,289.80399501493173,0.6091699069757777,0.6091702408034791,0.6091702876917209,0.7614628010043489,3.0519236881938214e-06,375,0.2945,0.2534,-0.10619,0.047131,374,0.4765,0.5222,0.03547,-0.007461,3,0.1514,0.9966,-9.7e-05,6.975,0.245,0.9626,-0.00058,6.779,0.1404,0.9368,2.3e-05,6.957,3.9863,1.7498,1.7007,1.7452,0.3474,1.0,0.43296,0.59024,1.27098,0.21531,0.9485,1.0158,1.0711,0.5004,4.471,2.7678,2.5549,25.2292,19.7646,4.4206,60,0.0137,0.9988,54,0.0473,-0.1564,1.0
119,1217,213430,0.0,0.0008475467986472314,0.00017184996884312122,0.0008475467986472314,0.7790025156551054,5.312245183542444,3.968498877691098,-69.635291134864,54.07135125198699,0.03737614007368337,69.635291134864,0.012954603533441106,12.55492349649448,4.998131411435017,-2.435291300310691,4.3322730344602425,-0.0488495787116461,4.3322730344602425,0.24470982775508962,3.5100754914087884,1.568398787081293,0.08359567854194161,2.067511485320773,0.8348225315158188,0.0,1.6424953991025368,1.0449030281572553,1.0,1.0,1.0,2.509132160365337e-05,-0.7566879085149042,0,0,0,0.017613051400133427,0.8450177028046435,386,0.5138,-0.0291,0.7604182364493474,0,0,0,0.5957,284,0.7498557478206731,-0.001277,-0.0012768109786360782,621.5341641643316,289.80537459153203,0.6091699228687207,0.6091702344981363,0.609170287691728,0.7614627931226704,2.9245378897538096e-06,377,0.3163,0.2666,-0.1043,0.049167,374,0.4719,0.5168,0.03524,0.005697,3,0.1627,0.9983,0.000643,6.971,0.2426,0.9587,0.001021,6.785,0.1494,0.9736,-0.000356,6.96,3.9869,1.7485,1.7017,1.7456,0.346,1.0,0.43144,0.58758,1.27012,0.21662,0.9483,1.016,1.0714,0.5004,4.4788,2.666,2.6233,25.182,19.9415,4.4524,60,0.1403,0.9553,54,0.0836,0.9157,-4.0
120,1217,213430,9.744615206194728e-24,0.0008568193120206635,0.00018136822546368234,0.0008568193120206635,0.7866599100214835,5.317978236639581,3.9687558542215484,-70.36744118028119,55.639848748707685,0.014493231915582324,70.36744118028119,0.0028871772928392714,12.540698626849869,5.024001963392352,-2.4354412775970844,4.349469420330727,-0.04922649181808715,4.349469420330727,0.2453544207577102,3.5134766982377674,1.5695581738270665,0.055600879398451125,2.07248130892532,0.8296055947815479,1.4142115624116159e-08,1.6541536802276091,1.0537072714445872,0.0006012078239269192,1.4141728497331496,0.8870388295559234,0.0001211789483723985,-0.756651569434575,0,0,0,0.017463381453082585,0.8473146192066986,386,0.5089,-0.03595,0.7662630177383978,1,1,0,0.5971,280,0.7480819956626551,-0.002248,-0.0022483999667337606,621.5357846939969,289.80613020278196,0.6091699188790675,0.6091702308761265,0.609170287691728,0.7614627885951581,2.9565258382254835e-06,377,0.3348,0.2906,-0.08988,0.044675,374,0.4739,0.5164,0.04005,-0.000991,3,0.1706,0.9823,0.000277,6.973,0.2413,0.9557,-0.000352,6.794,0.1588,0.9939,-0.000968,6.961,3.9894,1.7478,1.703,1.7449,0.346,1.0,0.43081,0.57989,1.2709,0.21698,0.9465,1.0178,1.0753,0.5004,4.4771,2.6649,2.6223,25.1721,19.9336,4.4523,60,0.1759,0.9151,54,0.132,0.9266,-1.0
121,1218,213431,0.0,0.0008812396612765211,0.00018106293328765143,0.0008812396612765211,0.7932076535765471,5.3255066397871165,3.9687426018998857,-71.08361895993843,52.10204186736681,0.04658820720129588,71.08361895993843,0.00023539089334620455,12.558093593920962,5.065685635134991,-2.4389031498271674,4.425932196094668,-0.05036876660200734,4.425932196094668,0.24760599390806567,3.52044474570591,1.5713556384398177,0.1043200890064474,2.089532529851254,0.8401049534051807,0.0,1.6680971602591235,1.0617052643484581,1.0,1.0,1.0,0.0002843677922389429,-0.75652684572918,0,0,0,0.019128773577933807,0.8489515623314859,387,0.5031,-0.03543,0.773200355865155,2,2,0,0.5916,278,0.7463230036281763,-0.076405,-0.07640529996867129,621.5355468991919,289.80601932518823,0.6091699083669799,0.6091702314150387,0.609170287691728,0.7614627892687983,3.0407914346585446e-06,377,0.3237,0.2944,-0.10903,-0.022088,374,0.4737,0.5116,0.04689,-0.002458,3,0.163,0.9743,-0.000582,6.968,0.2387,0.9569,-0.000937,6.785,0.1534,0.9977,-0.000255,6.952,3.985,1.7485,1.7027,1.7446,0.348,1.0,0.43079,0.57526,1.27028,0.2184,0.9442,1.02,1.0802,0.5008,4.4726,2.6623,2.6197,25.3295,19.8072,4.4286,60,0.1297,0.7427,54,0.1517,0.9036,3.0
122,1218,213431,2.4530949164233533e-24,0.0009259161338706236,0.00018191719594982654,0.0009259161338706236,0.8005730101327628,5.331015888814477,3.968993368011847,-71.73213292268765,46.09982974004604,-0.022932441206904897,71.73213292268765,0.0020526979029620585,12.560919146716358,5.071539498415866,-2.4344382675062315,4.40266689179378,-0.050683036404324575,4.40266689179378,0.24785237580395192,3.5263448538360866,1.5721776641413685,0.07319982269104308,2.096151367957629,0.831068298102735,1.4142115624116159e-08,1.6818419999955312,1.0703687417105245,0.0008861933212992446,1.4141711050752153,0.9484229639963703,0.0005097016706453688,-0.7563623138938096,0,0,0,0.01891398348846165,0.85091179020966,387,0.4975,-0.03558,0.775750027270119,4,4,0,0.5879,277,0.7468834132218224,0.079828,0.07982791925543808,621.534964484927,289.8057477604152,0.6091698891359203,0.6091702327242218,0.609170287691728,0.7614627909052771,3.1949543479589167e-06,377,0.3137,0.3113,-0.1016,-0.0133,374,0.4748,0.5152,0.04958,0.003096,3,0.1562,0.9188,0.001775,6.974,0.2365,0.957,-0.00033,6.792,0.149,0.9938,0.00057,6.946,3.9864,1.7494,1.7039,1.7425,0.3469,1.0,0.42811,0.58329,1.27161,0.22023,0.9465,1.0178,1.0753,0.5,4.4709,2.6613,2.6187,25.32,19.7998,4.4286,60,0.0979,0.2092,55,0.167,0.954,-2.0
123,1218,213431,3.5846979097549944e-15,0.0009110601546371298,0.00018307296586336517,0.0009110601546371298,0.8078230132863617,5.336448887332097,3.969242507141166,-72.48636622997289,47.64743102912031,-0.005869268441192393,72.48636622997289,0.0073778150151109605,12.557497463765351,5.179066014707697,-2.458430715090594,4.435243995706589,-0.05085343363263172,4.435243995706589,0.24930700779261009,3.53148799552215,1.5738124472802113,0.07039689220259848,2.1086158227753655,0.839574103790056,0.014141691238786069,1.6959718802157218,1.0798529717102494,0.00187313110321774,1.4141773807002476,0.9834266910335715,0.0007933071402912244,-0.7561035929340488,0,0,0,0.018554280545905622,0.8528888494760282,387,0.4946,-0.03817,0.7773544455383365,2,1,1,0.5889,276,0.7474440924648397,0.002653,0.002653253471526451,621.5351242354129,289.80582224795285,0.6091698955306257,0.6091702323666723,0.609170287691728,0.7614627904583404,3.1436916883527706e-06,377,0.309,0.3075,-0.08964,-0.02639,374,0.4722,0.5145,0.0516,0.013497,3,0.1528,0.8157,0.000133,6.978,0.2337,0.9523,-0.000388,6.799,0.1459,0.9533,-0.000488,6.949,3.9889,1.7493,1.7045,1.742,0.3466,1.0,0.42713,0.58846,1.27123,0.22028,0.949,1.0153,1.0699,0.5,4.4692,2.6602,2.6815,25.3103,19.7568,4.4207,60,0.0944,-0.763,55,0.0874,0.999,-3.0
124,1218,213431,2.5192120218896196e-12,0.0009226807014680539,0.00019149666758985298,0.0009226807014680539,0.8149436295001751,5.34178678458597,3.9694911075312,-73.22216016966266,49.18685489494229,-0.06076057745869326,73.22216016966266,0.0035183889217407227,12.563622729789648,5.305374262213816,-2.5025774205286897,4.4782393840177726,-0.05135067244646516,4.4782393840177726,0.25044203120527364,3.535613394678522,1.5753482681686977,0.05566998670047148,2.121940050463503,0.8421090903893107,0.028275574845466108,1.709870431987875,1.0896872385647487,0.0025345865719017535,1.414180938687376,0.9419114302888941,0.001133072127941181,-0.755787520345583,0,0,0,0.018265913073897598,0.8549162157382775,387,0.4923,-0.03188,0.7769009711880567,4,4,0,0.5915,273,0.7459333489695207,-0.08552,-0.08551976717226872,621.5371107995882,289.8067485316684,0.6091698905309437,0.6091702278234261,0.609170287691727,0.7614627847792826,3.1837792119848744e-06,377,0.3206,0.3065,-0.10641,0.044984,374,0.4727,0.5157,0.056,0.009736,3,0.1579,0.7345,-0.001411,6.972,0.2328,0.9447,-0.000329,6.799,0.1516,0.9164,-0.001576,6.952,3.9882,1.748,1.7047,1.7431,0.346,1.0,0.42885,0.58357,1.27107,0.22114,0.9501,1.0141,1.0674,0.5,4.4675,2.6592,2.6805,25.3008,19.7493,4.4207,60,0.1138,-0.9584,54,0.0293,-0.8044,-4.0
125,1219,213432,0.0,0.000977746843212509,0.00020190938822497572,0.000977746843212509,0.8212099590715606,5.348654237766081,3.969962285372786,-73.95062519857962,50.724997109806225,-0.04621067390171544,73.95062519857962,0.0016797354097732864,12.564505064730685,5.38097713017184,-2.5526038741741006,4.500084256842664,-0.05217340152043592,4.500084256842664,0.25283412281588086,3.5386885609159493,1.577301706921901,0.10708899241965453,2.1402958325616166,0.8294107916461441,0.0,1.7239648882141219,1.0982047072119316,1.0,1.0,1.0,0.0015267232634610863,-0.755447568126895,0,0,0,0.018272384738568875,0.8568936027124132,388,0.4942,-0.0294,0.778036855660252,4,4,0,0.5876,273,0.746340997404416,0.033735,0.03373546037099384,621.5397642818633,289.8079857821191,0.6091698668320829,0.6091702214759568,0.609170287691728,0.7614627768449459,3.373774675579817e-06,377,0.3455,0.3156,-0.10993,-0.003585,374,0.4713,0.5191,0.0563,-0.003284,3,0.1709,0.68,-0.00155,6.972,0.2331,0.9339,-0.001079,6.802,0.1629,0.8972,-0.001629,6.956,3.9899,1.7475,1.7048,1.7435,0.3483,1.0,0.43014,0.57987,1.2706,0.22177,0.9496,1.0146,1.0684,0.4996,4.7817,2.6565,2.614,25.2748,19.7644,4.1333,60,0.1206,-0.3428,55,0.0771,-0.9836,-4.0
126,1219,213432,1.0207917197480553e-23,0.0011269408343937332,0.0002131143384652977,0.0011269408343937332,0.8280067163963247,5.3536437645310615,3.9702039940963165,-74.68554090207793,52.29190185237218,-0.09290263948087944,74.68554090207793,0.002352658248867833,12.551631571834452,5.3676376963565,-2.5663997864168513,4.51034217609679,-0.05239951227767665,4.51034217609679,0.2543736561867037,3.5395141190432295,1.5786600233967887,0.0611211950456656,2.1492155148940024,0.8472689560484257,1.4142115624116159e-08,1.7317720410979518,1.1073604760974227,0.0009165613812530671,1.4141596484203307,0.885434027106209,0.00197101327165389,-0.7549802183672663,0,0,0,0.017520770933722535,0.858677260710972,388,0.4978,-0.02907,0.7818153986110071,1,1,0,0.5906,272,0.746735121303953,-0.008881,-0.008881324171446714,621.5417590095084,289.80891587225045,0.6091698026171568,0.6091702164938836,0.609170287691728,0.7614627706173545,3.888565094700177e-06,377,0.3652,0.3203,-0.09631,0.019184,374,0.476,0.5291,0.05471,-0.006728,3,0.1819,0.6695,-0.000667,6.976,0.237,0.9272,0.000566,6.802,0.1739,0.8991,0.000371,6.966,3.9924,1.7473,1.7037,1.7447,0.3488,1.0,0.43092,0.57989,1.27118,0.22297,0.9521,1.012,1.0629,0.5004,4.7799,2.6555,2.613,25.2654,19.7571,4.1334,60,0.0951,0.5026,55,0.1014,-0.9842,-3.0
127,1220,213433,0.0,0.001164013618975347,0.00022115435749832542,0.001164013618975347,0.8330800158135598,5.360205146242779,3.970548665490014,-75.39032357535231,53.81508385975195,-0.0693699334461446,75.39032357535231,0.0027286274328748306,12.566090389992107,5.326142939484589,-2.6016625485877123,4.5234221173965325,-0.05280707121535544,4.5234221173965325,0.25644570123988986,3.541457174773668,1.580966814204167,0.07538942436450669,2.1659244699950126,0.8342330639842449,0.0,1.7456931245011151,1.1152998861875332,1.0,1.0,1.0,0.0024637774642544503,-0.7544958839989648,0,0,0,0.01890660645166195,0.8596123872151705,389,0.4991,-0.03131,0.7910554391390349,0,0,0,0.5848,272,0.746783549951067,-0.007747,-0.007747436776168071,621.5435140843231,289.8097342184387,0.6091697866618956,0.609170211960993,0.609170287691728,0.7614627649512412,4.016475230255701e-06,377,0.3766,0.3147,-0.09925,0.017963,374,0.4763,0.5299,0.05449,-0.011796,3,0.188,0.6645,0.000516,6.976,0.2377,0.924,0.00045,6.806,0.1794,0.8997,-2e-05,6.967,3.9933,1.7469,1.7043,1.7447,0.3548,1.0,0.43616,0.57299,1.27194,0.22448,0.9573,1.0068,1.0517,0.5,4.7747,2.6526,2.6102,25.3288,19.7001,4.1259,60,0.1207,0.9996,55,0.0638,-0.9867,-5.0
128,1221,213434,0.0,0.0011282565688243474,0.00023184944342513668,0.0011282565688243474,0.8380447718810454,5.36662178630746,3.9708963199741616,-76.12553038897447,55.408048845052924,-0.06808596712614472,76.12553038897447,0.002309354480196646,12.565580370508647,5.361047164741481,-2.5503001292693477,4.525977943523149,-0.053446336181700575,4.525977943523149,0.2570502778867703,3.5423646073202435,1.5813731177525445,0.08512945332535915,2.1743521491828393,0.8439977237183788,0.0,1.7586499353229246,1.123248863107399,1.0,1.0,1.0,0.0030024008992172017,-0.753884794993913,0,0,0,0.01983931634041911,0.8603713498422133,390,0.4952,-0.03198,0.7945128267793465,0,0,0,0.5737,273,0.7471368455091187,0.062834,0.06283390099789399,621.5437069069736,289.809824126675,0.6091698020529915,0.6091702114544576,0.609170287691728,0.7614627643180719,3.893092900574654e-06,377,0.3744,0.307,-0.12852,0.023587,374,0.4887,0.5383,0.06366,-0.007858,3,0.1854,0.6529,0.001243,6.972,0.242,0.9191,0.000514,6.813,0.183,0.8985,-0.000501,6.964,3.9935,1.7459,1.7061,1.7439,0.3535,1.0,0.43639,0.57124,1.27389,0.22447,0.9511,1.0131,1.0652,0.4996,4.7639,2.6466,2.6678,25.4077,19.5498,4.1037,60,0.1872,0.5762,55,0.0699,0.5351,-5.0
129,1222,213435,0.0,0.0011003856618249893,0.0002373923742367446,0.0011003856618249893,0.8434195050320702,5.372904104125432,3.9710367793838133,-76.8599630817521,48.887615023918634,-0.07993084400291216,76.8599630817521,0.004182939431150589,12.564806270142851,5.374500318844352,-2.539951173304363,4.519838955069554,-0.05372479237245969,4.519838955069554,0.2579739648709937,3.542693111124562,1.5819112691202242,0.10809219990184493,2.180199126670734,0.8396126297534743,0.0,1.7714872989987125,1.1313788741708264,1.0,1.0,1.0,0.003585144253166851,-0.7532741153904026,0,0,0,0.020768979101601692,0.8606474910484422,391,0.4874,-0.03183,0.7967791701261857,1,1,0,0.5618,274,0.7467025985647443,-0.022646,-0.02264626981498763,621.5430419560771,289.8095140771962,0.609169814048662,0.609170213194081,0.609170287691728,0.7614627664926013,3.7969273207914113e-06,377,0.3593,0.3017,-0.13344,0.004436,374,0.4991,0.5384,0.07174,-0.02136,3,0.1751,0.6265,0.001142,6.969,0.2433,0.9216,3.3e-05,6.816,0.1793,0.8799,-9.2e-05,6.958,3.9921,1.7457,1.7073,1.7428,0.3539,1.0,0.44046,0.57019,1.27565,0.22494,0.952,1.012,1.0631,0.5,4.7558,2.6421,2.6633,25.455,19.4813,4.0963,60,0.2182,0.1603,55,0.1337,0.9008,1.0
130,1223,213436,0.0,0.0011272347714411522,0.0002397600116533736,0.0011272347714411522,0.8481647827781312,5.3789728238178425,3.9713173376397743,-77.57746632930507,50.45901416944285,-0.06508027645602908,77.57746632930507,0.008743222269400166,12.565060407872574,5.438840228774886,-2.550371824480852,4.482420837861929,-0.05402204287709748,4.482420837861929,0.2587504038706717,3.5426482767059904,1.5822278092033384,0.11668967364382676,2.183914177001283,0.84553953281209,0.0,1.7813711555093967,1.1393921050895202,1.0,1.0,1.0,0.004208372609231981,-0.7525908284794968,0,0,0,0.02069863849390287,0.8609271172482696,392,0.48,-0.03067,0.7995258271333814,5,5,0,0.5556,272,0.7438844956795563,0.062359,0.0623593506129172,621.5427746694211,289.8093894483118,0.6091698024913875,0.6091702138876774,0.609170287691728,0.7614627673595967,3.889572983080306e-06,377,0.3504,0.2979,-0.12207,-0.034599,374,0.5022,0.546,0.07836,0.006524,3,0.1684,0.5905,0.001335,6.955,0.2411,0.916,0.000438,6.818,0.1762,0.8646,-0.001023,6.946,3.9874,1.7443,1.7098,1.7419,0.3539,1.0,0.44217,0.57539,1.27784,0.22603,0.9543,1.0098,1.0581,0.4996,4.7517,2.6398,2.7877,25.4329,19.4292,4.0889,60,0.1414,-0.4484,55,0.168,0.9993,-1.0
131,1224,213437,0.0,0.0011766288262249998,0.0002452945557635773,0.0011766288262249998,0.8531391846779295,5.385412229304135,3.971461278343311,-78.28868307371671,52.02598209406831,-0.05645028928813501,78.28868307371671,0.002407463532076548,12.56558316866058,5.459975447140491,-2.533152936286922,4.47407208132508,-0.053932094437284514,4.47407208132508,0.2601990815525827,3.5418434206704346,1.5831999425954286,0.07702610393721276,2.1917738911996807,0.8452447285806736,0.0,1.7930751076729097,1.1475725237388708,1.0,1.0,1.0,0.004871068366016614,-0.7518115480308992,0,0,0,0.0201218105782304,0.8631076897139568,393,0.4646,-0.02881,0.8030887225970705,3,2,1,0.5441,271,0.7437708616282377,0.028749,0.028749386427548318,621.543032531764,289.80950968288164,0.6091697812306505,0.6091702132184906,0.609170287691728,0.7614627665231133,4.060007649550571e-06,377,0.3456,0.2936,-0.10836,-0.033696,374,0.5093,0.5492,0.08338,-0.00184,3,0.161,0.519,0.000515,6.956,0.2367,0.908,-0.001192,6.826,0.1765,0.8294,-0.001223,6.94,3.9881,1.7442,1.7115,1.7402,0.3538,1.0,0.44547,0.57266,1.27963,0.22773,0.9522,1.0118,1.0626,0.5,4.7426,2.6348,2.972,25.3842,19.3217,4.0741,59,0.1673,-0.9999,55,0.118,0.8244,-5.0
132,1224,213437,8.613551564549578e-24,0.0012412294826285582,0.0002613461120135255,0.0012412294826285582,0.8409621230241483,5.389445707444475,3.971664881019581,-69.73034486596501,53.585677503305526,-0.03171693829867141,69.73034486596501,0.009519699191141484,12.550354528756039,5.454179035162298,-2.55883438884515,4.465025347806791,-0.05430343624849674,4.465025347806791,0.2621221875951022,3.540632949756671,1.584809387997879,0.05694847815165005,2.201556028757746,0.8425472650416,1.4142115624116159e-08,1.799807761600566,1.1565980333800532,0.0007910215325251935,1.4141291366072561,0.9660591277669457,0.005571929184244581,-0.7509536032397907,0,0,0,0.018278458118727362,0.8654563828695474,393,0.449,-0.02484,0.8050884819129651,3,2,1,0.5426,269,0.7431071644148668,-0.043539,-0.04353915896369509,621.5454874061119,289.81065432757055,0.6091697534291705,0.6091702066975151,0.609170287691728,0.7614627583718938,4.282898037370313e-06,377,0.3663,0.3098,-0.13183,-0.007828,374,0.5186,0.5466,0.09003,-0.000719,3,0.1647,0.4113,-0.001073,6.969,0.2329,0.8999,-0.001847,6.831,0.1902,0.7676,-0.0005,6.945,3.9925,1.7455,1.711,1.7395,0.3499,1.0,0.44255,0.56697,1.28076,0.2287,0.9506,1.0133,1.0659,0.5,4.7344,2.6302,3.03,25.3852,19.218,4.0592,59,0.185,-0.8232,55,0.0404,0.6478,-1.0
133,1224,213437,6.086390290360306e-12,0.0013024911264657968,0.00027784047900855305,0.0013024911264657968,0.8272973633766456,5.393399532658185,3.9718682976754094,-70.42078019464324,55.13286024405196,-0.06451168308881897,70.42078019464324,0.01115388108403259,12.556122682144425,5.574121955367147,-2.600110882550926,4.550472277340061,-0.054634484616130456,4.550472277340061,0.26434049931466713,3.543339879663033,1.5870212517268754,0.06910278902610367,2.217807339514871,0.8415339806618396,0.014138734102211387,1.8139426737783433,1.1662586246277913,0.0006253424008635378,1.4137759755306798,0.8568096764707003,0.006310008428552493,-0.7500303319240816,0,0,0,0.015104313942719738,0.8672307069245201,393,0.4378,-0.02042,0.8107675774853031,8,6,2,0.5446,266,0.7413576978042342,0.056603,0.0566026969844442,621.5500111398902,289.8127636281332,0.6091697270690742,0.6091701939649071,0.6091702876917254,0.7614627424561339,4.494250391735884e-06,377,0.3902,0.3224,-0.13522,0.012932,374,0.5213,0.5524,0.09571,-0.000655,3,0.171,0.2922,-0.000346,6.972,0.2284,0.8797,0.000564,6.834,0.2035,0.7118,6.2e-05,6.954,3.9955,1.745,1.7105,1.7404,0.3583,1.0,0.45038,0.56159,1.28008,0.22942,0.9511,1.0128,1.0648,0.5,4.7265,2.6258,3.0249,25.3879,19.1509,4.0518,59,0.1499,-0.3687,56,0.0473,-0.9839,0.0
134,1224,213437,8.02234143174814e-12,0.0014325367169891442,0.0002870570768918204,0.0014325367169891442,0.8135094080301606,5.397251257478492,3.972066723056618,-71.13431064097739,56.65893062638038,-0.023017183629468273,71.13431064097739,0.0006834017662863605,12.558777045121692,5.557564508832177,-2.6375767065585207,4.608872272192168,-0.05574356455962247,4.608872272192168,0.26694337203509144,3.548396921187215,1.5892563189853437,0.11294968980469344,2.23710862883561,0.8586919516666522,0.028218214721391015,1.827988552425443,1.174826721377827,0.0007610750246708209,1.4141301050094717,0.818836863931243,0.007082843359766751,-0.7490020958828006,0,0,0,0.013293147918798862,0.8694697434832501,393,0.4254,-0.01729,0.8197739073276569,1,1,0,0.5492,262,0.7385445716845993,-0.007635,-0.007635195233229641,621.5527899954745,289.81405933692923,0.6091696711000668,0.609170185683295,0.6091702876917247,0.7614627321041186,4.9429510778968785e-06,377,0.4102,0.3345,-0.1296,0.037049,374,0.5218,0.5489,0.09875,0.014155,3,0.1746,0.2228,-0.000859,6.981,0.2221,0.8562,-0.00167,6.834,0.2141,0.6944,-8.3e-05,6.953,3.997,1.7466,1.7097,1.7396,0.3631,1.0,0.44895,0.56271,1.27975,0.23151,0.9466,1.0172,1.0745,0.5,4.7238,2.6243,3.0232,25.3735,19.1401,4.0518,59,0.1059,0.56,56,0.0453,-0.6264,2.0
135,1225,213438,0.0,0.0015533166825495214,0.000291336892810054,0.0015533166825495214,0.8004689741630544,5.403124679924609,3.9724959997468368,-71.89936085379316,55.85029479435878,-0.037141260538328426,71.89936085379316,0.0072875054549767,12.557661128423183,5.62774845905536,-2.660676003299424,4.6773942358498735,-0.056367138245092395,4.6773942358498735,0.2695813964450193,3.5526734970057934,1.5916218355682283,0.06847201087638444,2.254342277199564,0.8666827881822963,0.0,1.8386645995215332,1.1820493629787685,1.0,1.0,1.0,0.007888289491595783,-0.7480183582439223,0,0,0,0.013129431022302438,0.871349378942695,394,0.4137,-0.01019,0.8291517416012395,2,2,0,0.5484,261,0.7376540727463184,-0.114956,-0.11495583701096868,621.5537989203141,289.8145297725994,0.6091696191163053,0.6091701825900318,0.609170287691728,0.7614627282375397,5.359692227192054e-06,377,0.4135,0.3395,-0.12557,0.004697,374,0.5203,0.5447,0.10243,0.00828,3,0.1712,0.1986,-0.001118,6.989,0.2153,0.8371,-0.00056,6.836,0.2153,0.7023,-0.000191,6.962,4.0006,1.747,1.7088,1.7401,0.3753,1.0,0.45216,0.56424,1.28033,0.22986,0.9547,1.0091,1.0569,0.5004,4.7195,2.6219,3.1463,25.3503,19.0877,4.0444,59,0.1557,0.942,55,0.024,0.6323,-1.0
136,1225,213438,3.485698394507716e-24,0.0016367317052197433,0.0002935020784466436,0.0016367317052197433,0.7865436672093261,5.406692066435059,3.9726803796172034,-72.69211280553135,55.24765107820729,-0.004498637986199173,72.69211280553135,0.0008626362035128593,12.565772855245484,5.633269668209859,-2.6736173298402535,4.66292197217761,-0.05658010873677071,4.66292197217761,0.27061986123116233,3.5557497856640583,1.5917042674870159,0.057700328916066246,2.2651064564264587,0.8678450444541708,1.4142115624116159e-08,1.84729140636169,1.1907325416793344,0.00032468650666861443,1.4141679406318424,0.8747733785324294,0.00872315513592202,-0.7470180312298702,0,0,0,0.012277401679356256,0.8722977970314942,394,0.3997,-0.00203,0.8326192499466061,3,3,0,0.5303,261,0.7390056195317941,0.093781,0.09378124337147131,621.5530046958127,289.8141594461678,0.6091695832107832,0.6091701850288592,0.609170287691728,0.761462731286074,5.647521530167893e-06,377,0.408,0.3443,-0.14152,0.018973,374,0.5238,0.5478,0.10384,0.024273,3,0.1631,0.1652,0.001531,6.988,0.2094,0.8283,0.00179,6.844,0.2138,0.6894,0.000519,6.967,4.0029,1.7457,1.7098,1.7404,0.3705,1.0,0.44804,0.55699,1.28129,0.23112,0.9567,1.0071,1.0527,0.5004,4.7177,2.621,3.1452,25.3409,19.0806,4.0445,59,0.2086,0.6794,56,0.1208,0.9593,-2.0
137,1225,213438,4.0095685032649534e-14,0.0016939992038988922,0.00029152697678264746,0.0016939992038988922,0.7725304034698003,5.41008153017401,3.9728629832234805,-73.498109440516,48.80161791748371,-0.061875058558689446,73.498109440516,0.0010838627575821408,12.566330177779978,5.694680762400954,-2.72070158069099,4.728600164657882,-0.05727626581519088,4.728600164657882,0.27347440140197116,3.5586154800251504,1.5939576847339143,0.055967144864203205,2.2841538326550737,0.8476197125280617,0.014141675160984008,1.8613206034580376,1.199480274953838,0.0003922577133538274,1.4140660172554744,0.8385319307724645,0.009583862673947475,-0.7459470670913515,0,0,0,0.01278742274334517,0.8739010316075728,394,0.3867,0.00448,0.8346067534735179,1,2,-1,0.5148,258,0.7373222706404878,0.027285,0.02728535142365529,621.5517675888547,289.8135826150521,0.609169558558845,0.6091701887710154,0.609170287691728,0.7614627359637691,5.845133925793134e-06,377,0.3908,0.3382,-0.14681,0.004285,374,0.5255,0.5497,0.10467,-0.017044,3,0.1512,0.1145,0.001432,6.992,0.2032,0.8169,0.001156,6.846,0.2055,0.6665,0.001666,6.968,4.0043,1.7462,1.7096,1.7401,0.3728,1.0,0.45037,0.54865,1.28073,0.23279,0.9488,1.0149,1.0696,0.5004,4.7161,2.6201,3.1441,25.3773,19.0392,4.0371,59,0.217,0.2958,56,0.1702,0.8282,1.0
138,1225,213438,1.763147762884074e-11,0.0017565667141933874,0.00028687648012341453,0.0017565667141933874,0.7584437653347821,5.413222354647714,3.9730420493131273,-74.28557152808791,52.169850262469566,-0.049866138143404584,74.28557152808791,0.01121362452312269,12.560389756238063,5.673083050688859,-2.7500182083218867,4.801064906533147,-0.05777134216106396,4.801064906533147,0.2777420130614323,3.5607573389522686,1.5965654076499642,0.12361134741523638,2.26157295674041,0.8516217657810246,0.028277303715048364,1.8753966895941876,1.2078655943440968,0.00012354719741369813,1.414123778563083,0.8999266646165279,0.010470022497440177,-0.7447304029641194,0,0,0,0.01371086385816611,0.8763747430910751,394,0.3788,0.00696,0.8418870303936961,2,3,-1,0.515,257,0.7378597053505416,-0.149597,-0.14959658698059708,621.5503908772886,289.8129406899028,0.609169531626365,0.6091701928540482,0.6091702876917204,0.7614627410675602,6.061036163574551e-06,377,0.3785,0.3325,-0.14643,-0.031806,374,0.5255,0.5498,0.10363,0.017276,3,0.1434,0.0389,-0.000114,7.005,0.1991,0.8124,-0.001519,6.845,0.1989,0.6143,0.000938,6.966,4.0061,1.7486,1.7085,1.7387,0.3705,1.0,0.44834,0.55316,1.28114,0.23373,0.9488,1.0149,1.0697,0.5004,4.7148,2.6193,3.1432,25.3699,19.0336,4.037,59,0.1753,-0.2152,56,0.1585,0.6904,3.0
139,1225,213438,4.30034266537224e-12,0.0018444670301998479,0.00029314513314717956,0.0018444670301998479,0.7443089187133496,5.41611981484079,3.9732191550756784,-75.09126128912101,51.99211981261471,-0.11517056827682957,75.09126128912101,0.0191248662000508,12.552191174605236,5.684458042156216,-2.780853699092436,4.8461406943677146,-0.05804018873507502,4.8461406943677146,0.2813833706178851,3.5621605479576055,1.599045261318088,0.05879131573729357,2.203038795708357,0.8541912725767983,0.042418119918252076,1.8894361710288332,1.2168648612222286,0.00038212691255146147,1.4141754373871949,0.8716118257316784,0.011381027025316395,-0.7434748760793857,0,0,0,0.013605492431662567,0.8783326052018066,394,0.3765,0.01063,0.8466662112859609,4,4,0,0.5068,257,0.7390629035592924,0.086732,0.08673154651647463,621.5525013170162,289.81392473359836,0.6091694937961365,0.6091701865599171,0.6091702876917262,0.7614627331998963,6.3643147302025316e-06,377,0.3773,0.3291,-0.15148,-0.026546,374,0.5269,0.5501,0.10255,-0.013558,3,0.1421,-0.0336,0.00073,7.005,0.1985,0.8026,0.000324,6.851,0.1988,0.5692,-0.000366,6.966,4.0075,1.7479,1.7096,1.7383,0.3714,1.0,0.45262,0.55709,1.28103,0.2345,0.9551,1.0085,1.0559,0.5004,4.7134,2.6186,3.2051,25.3628,18.9934,4.0297,59,0.1397,-0.7248,56,0.0795,0.1718,3.0
140,1225,213438,5.733117263007591e-11,0.0014971445147304084,0.000301906535601445,0.0014971445147304084,0.7301352731227574,5.418923986326076,3.9733907315868597,-75.90133957007792,53.559232138864,-0.04269072288879489,75.90133957007792,0.009314972706936264,12.564571001521083,5.775974392082604,-2.8185478445750873,4.902066656740781,-0.05883664370089338,4.902066656740781,0.2834773819335314,3.5715219300694896,1.601086592982817,0.08804292864105445,2.069012868849837,0.8588852321035131,0.05655447011726764,1.9035180816088968,1.225580979509455,0.0006907647330780531,1.4141411787674432,0.8947463987103815,0.01231891763314629,-0.7422081721071577,0,0,0,0.012950261870570294,0.8803914686632324,394,0.3767,0.017,0.8483214335306334,2,2,0,0.5008,259,0.7423717147382932,0.082485,0.08248452271051288,621.5532213179054,289.81426045147106,0.609169643292668,0.6091701843665005,0.6091702876917033,0.7614627304581256,5.165875938603452e-06,377,0.3901,0.3356,-0.16037,0.005641,374,0.5303,0.5527,0.1001,0.007525,3,0.1471,-0.1191,-0.000254,7.002,0.1999,0.7917,-0.000558,6.859,0.2069,0.5123,-0.001673,6.967,4.0085,1.7468,1.7111,1.738,0.3695,1.0,0.44725,0.54337,1.2809,0.23562,0.9548,1.0088,1.0565,0.5004,4.7123,2.6179,3.2044,25.4015,18.9539,4.0222,59,0.1301,-0.9786,58,0.0724,-0.901,1.0
141,1227,213440,0.0,0.001577392057445277,0.000313768065203807,0.001577392057445277,0.7165486985904089,5.418012704789105,3.973621973466835,-76.7224879636651,55.11228599101248,-0.11797934113503998,76.7224879636651,0.013018552916088048,12.545038537639453,5.798819624259631,-2.8502428976959635,4.952238261447446,-0.05931751087055882,4.952238261447446,0.285208792018236,3.58834148469243,1.6018384480372645,0.05599363582150949,1.8096944048432524,0.8543302394768462,0.0,1.9170135542398394,1.232516172819248,1.0,1.0,1.0,0.013133833165696177,-0.7408628203866292,0,0,0,0.01368660185025268,0.8827840402398075,394,0.3777,0.01123,0.8548873480708885,4,3,1,0.5061,258,0.7427162015763832,-0.035329,-0.03532895985195439,621.5557062363692,289.81541910495747,0.6091696087572663,0.6091701766157946,0.609170287691728,0.7614627207697433,5.442747188250947e-06,378,0.3995,0.3385,-0.14604,-0.006947,374,0.5347,0.5553,0.09994,-0.047843,3,0.151,-0.1742,-0.001445,7.007,0.202,0.7733,-0.00087,6.861,0.2137,0.4897,-0.000837,6.974,4.0112,1.7469,1.7105,1.7386,0.3787,1.0,0.45008,0.53874,1.27925,0.23569,0.9561,1.0069,1.0531,0.5004,5.0278,2.6187,3.2052,25.3635,19.0289,3.7847,60,0.1299,-0.7482,58,0.1333,-0.9887,-2.0
142,1228,213441,0.0,0.0016462491300355633,0.0003291244476993902,0.0016462491300355633,0.7030335821741583,5.4224413749471525,3.973802081037237,-77.5125822546181,56.65945044947696,-0.06823164764222606,77.5125822546181,0.024620497241990853,12.566126335946059,5.8028587946328924,-2.8214292906176457,4.960556887657466,-0.05934713631447628,4.960556887657466,0.2852891459456232,3.5924048133837108,1.6022949862525855,0.09237547811556845,1.8221421336120884,0.8591109683638567,0.0,1.9309528798470081,1.2403547039545941,1.0,1.0,1.0,0.013990234195572594,-0.7394509889466446,0,0,0,0.011716627256740674,0.8828361209701108,395,0.3584,0.00534,0.878181934128313,4,3,1,0.4832,259,0.7428550916307889,0.032927,0.03292744436674244,621.5580681813948,289.81652041909655,0.6091695791266833,0.6091701689892492,0.609170287691728,0.7614627112365615,5.680315006387362e-06,378,0.4187,0.365,-0.14675,0.002224,374,0.5416,0.5599,0.09972,0.009469,3,0.1502,-0.2013,0.001468,6.999,0.1941,0.7534,0.000868,6.865,0.2271,0.4924,-0.000272,6.968,4.0094,1.7458,1.7123,1.738,0.3839,1.0,0.45181,0.55507,1.28074,0.23506,0.9607,1.0023,1.0433,0.5008,5.0225,2.6159,3.2019,25.5161,18.9042,3.7639,60,0.1377,0.1539,57,0.1033,-0.8324,-1.0
143,1228,213441,1.3250334587813593e-24,0.0017058753499808916,0.00035354586199842623,0.0017058753499808916,0.6889683770063105,5.424917538534279,3.973956759507177,-78.2668617527857,53.47726968338595,-0.20675186703027518,78.2668617527857,0.010437435532294842,12.52880528510837,5.764968893442478,-2.829140200628209,4.962873979628333,-0.05907872027737037,4.962873979628333,0.28620695933317286,3.6025074042513316,1.6030804087595112,0.08190574138178897,1.8458508621129528,0.8683651642133583,1.4142115624116159e-08,1.9448018871346258,1.249455353893148,0.0006614646172613536,1.4141464980078373,0.879720034525846,0.014888172371956929,-0.7379794980350267,0,0,0,0.009264624537892934,0.8843525583802955,395,0.3322,0.00365,0.8920669459924464,9,9,0,0.4515,258,0.7429557421594021,0.037435,0.03743512934805571,621.5624878772313,289.81858120944617,0.6091695534706534,0.6091701540376873,0.609170287691728,0.7614626925471091,5.886010975770009e-06,378,0.4261,0.3663,-0.15206,-0.007384,374,0.5526,0.5674,0.09624,-0.00943,3,0.1417,-0.2507,0.001116,7.001,0.1836,0.7347,0.000662,6.872,0.2357,0.4726,0.000212,6.97,4.0114,1.7453,1.7132,1.7375,0.3871,1.0,0.46164,0.55544,1.2814,0.23876,0.9555,1.0075,1.0545,0.5,4.7057,2.7188,3.1999,25.4554,18.9272,4.0222,60,0.1424,0.9346,57,0.0242,0.0508,0.0
144,1229,213442,0.0,0.001746825505567336,0.00036531308903101225,0.001746825505567336,0.6754644986799141,5.428708760375229,3.973642017351266,-79.0048232749453,55.01774623562174,-0.05451607027253258,79.0048232749453,0.013091424290490816,12.550480525290142,5.805947371475433,-2.8472119090584194,5.028173157824476,-0.05985588719739735,5.028173157824476,0.28978857137334907,3.618536089531276,1.6050270396015456,0.12545850439933182,1.8725058856893428,0.8676088707044832,0.0,1.9577924658992518,1.2572287521080403,1.0,1.0,1.0,0.015816712477647675,-0.7365035287088417,0,0,0,0.008756890931093565,0.8859112519061497,396,0.3074,0.0251,0.893926915349204,5,5,0,0.4322,257,0.7425181527202993,-0.066058,-0.06605834044732473,621.563302243535,289.81896092748144,0.6091695358460485,0.6091701511866664,0.609170287691728,0.7614626889833329,6.0272989040369486e-06,378,0.4363,0.3909,-0.16579,0.018012,374,0.5641,0.5791,0.09349,0.027061,3,0.1342,-0.3443,-0.002057,7.011,0.1734,0.6663,-0.0012,6.868,0.2463,0.4708,8.9e-05,6.978,4.0139,1.7466,1.711,1.7384,0.4009,1.0,0.45488,0.54654,1.28189,0.237,0.9567,1.0062,1.0517,0.5004,4.7009,2.7161,3.2593,25.4299,18.9082,4.0223,60,0.1859,0.8677,57,0.0838,0.6882,-3.0
145,1229,213442,1.3653685843740118e-23,0.0018215685831942255,0.0003789685338389687,0.0018215685831942255,0.6615077094637123,5.430957484191675,3.9737867313185773,-75.93121913719023,52.73589241242047,-0.09373025552867434,75.93121913719023,0.008417765759240942,12.55742850246698,5.843750454171837,-2.8586141951759956,5.013173723409268,-0.06009960886465769,5.013173723409268,0.2911230366592964,3.6207082159218467,1.605194356340688,0.06143565134429829,1.8835716719423936,0.8656464493289913,1.4142115624116159e-08,1.9713516523775858,1.2658512287096104,0.00018601125119277473,1.414092319648731,0.8335885252800772,0.01676636375578492,-0.734959906593622,0,0,0,0.007270876701262927,0.8873381109045654,396,0.2812,0.03005,0.8938355697387697,2,2,0,0.3984,259,0.7458514550739791,0.122618,0.12261787969393012,621.5645560656482,289.81954555244357,0.609169503679348,0.6091701467374865,0.609170287691728,0.7614626834218581,6.285181973224122e-06,378,0.4423,0.3944,-0.14464,-0.014026,374,0.5692,0.5837,0.09692,-0.026424,3,0.1245,-0.431,0.002406,7.003,0.1601,0.5924,0.001816,6.877,0.252,0.4717,6.2e-05,6.975,4.0136,1.7448,1.7134,1.7378,0.3974,1.0,0.45787,0.54168,1.2829,0.23818,0.9605,1.0023,1.0435,0.5004,4.6981,2.7145,3.2573,25.4144,18.8968,4.0222,61,0.2964,0.4327,58,0.2081,0.42,-0.0
146,1230,213443,0.0,0.001949001154959119,0.00038433297911276605,0.001949001154959119,0.6483859175680843,5.434815333299793,3.9736311898413854,-76.51077179255677,53.38734008055446,-0.0366121993162851,76.51077179255677,0.006351656137255975,12.557120369049812,5.835770360772433,-2.8908436888299764,5.115312272602091,-0.05988025424592977,5.115312272602091,0.2959285873487489,3.636097158538225,1.6071542297321666,0.09561306869494113,1.9095834928196636,0.8741542091697827,0.0,1.9852311046834927,1.2731511898123238,1.0,1.0,1.0,0.01774051995165925,-0.7332735667816397,0,0,0,0.007531097991275569,0.8905317673774236,397,0.2614,0.02596,0.9126165762895245,7,7,0,0.3991,256,0.7433425708739121,0.056339,0.056338982248498315,621.5658673066147,289.82015695033834,0.6091694488349171,0.6091701420089259,0.609170287691728,0.7614626775111574,6.724864051788803e-06,378,0.445,0.3955,-0.13091,-0.002854,374,0.571,0.5879,0.10071,0.000177,3,0.1166,-0.5312,0.002235,7.015,0.1493,0.507,-0.002991,6.886,0.2547,0.461,-4.3e-05,6.954,4.0135,1.7477,1.7157,1.7326,0.4223,1.0,0.4634,0.55089,1.2832,0.23866,0.9603,1.0026,1.044,0.5008,4.6942,2.7122,3.3172,25.3933,18.881,4.0222,61,0.2867,0.1102,58,0.1981,0.2829,1.0
147,1232,213446,0.0,0.0019622570613809964,0.0004042327635556014,0.0019622570613809964,0.6381969625168649,5.437735521699621,3.971448733951769,-77.19906081155881,54.122279869218325,-0.22167945437206296,77.19906081155881,0.0032994874288625603,12.556407385869186,5.8731110147189804,-2.9101247336486904,5.109714448068899,-0.05803541552560648,5.109714448068899,0.29612377250692123,3.6416559447934103,1.6047446728589874,0.09811498890513337,1.9306042844434144,0.8640355951864198,0.0,1.9973919887406895,1.279608542951638,1.0,1.0,1.0,1.1328646475400555e-05,-0.731605527132595,0,0,0,0.00719771339807215,0.8948740658581559,397,0.2426,0.02439,0.9208201361026839,6,6,0,0.4115,248,0.7357648976188278,-0.048016,-0.0480164640165448,621.5699342320604,289.8220532529395,0.6091694431395438,0.6091701268461127,0.609170287691728,0.7614626585576408,6.770558138543221e-06,378,0.4489,0.3966,-0.1392,0.003097,374,0.5791,0.5968,0.10176,-0.010398,3,0.1093,-0.6342,0.001001,7.036,0.1407,0.4321,-0.003182,6.905,0.2605,0.4233,-0.000736,6.949,4.0205,1.7501,1.7175,1.7284,0.443,1.0,0.47934,0.56317,1.28367,0.2361,0.9563,1.0054,1.0513,0.5,5.3193,2.7118,3.3167,25.4343,18.8435,3.5425,63,0.2164,-0.2497,59,0.0947,-0.5398,1.0
148,1232,213446,5.205251574795572e-25,0.0019481088828419318,0.0004093039227619903,0.0019481088828419318,0.6245744597817126,5.439779072292552,3.971574313234526,-69.28448795724914,53.529831033478324,-0.02539749220664452,69.28448795724914,0.01588311407359594,12.562815605662147,5.976860682241341,-2.9364139382381413,5.08755995094385,-0.05918287570677603,5.08755995094385,0.298583191021188,3.645226208204591,1.605178167607904,0.09178337814547166,1.9368664070765524,0.8830450918046516,1.4142115624116159e-08,2.0113212144471504,1.2885195043120616,0.0010116062379034174,1.4139519493866775,0.8851823018596024,5.618787795684768e-05,-0.7298101739526365,0,0,0,0.004692526486342235,0.9003096971057218,397,0.2159,0.04658,0.9115819401277337,6,6,0,0.3789,244,0.7325659531643854,0.119116,0.11911603958666905,621.5683662577321,289.82132214688977,0.6091694492256093,0.6091701327807717,0.609170287691728,0.7614626659759646,6.721758317887233e-06,378,0.4558,0.4042,-0.14279,0.038346,374,0.5857,0.6048,0.09682,0.017336,3,0.0994,-0.7578,0.003268,7.066,0.1276,0.3259,-0.000557,6.95,0.2673,0.37,-0.000524,6.963,4.0376,1.7501,1.7214,1.7245,0.4291,1.0,0.46688,0.54627,1.28429,0.24117,0.9574,1.0043,1.049,0.5,5.3181,2.7112,3.316,25.4284,18.8391,3.5424,65,0.1099,-0.9563,59,0.1143,-0.9963,-0.0
149,1232,213446,1.3734228410309493e-11,0.002001826170264875,0.0004279565984817673,0.002001826170264875,0.6110505503563524,5.441654166514478,3.971700992678303,-69.97581373485235,55.07903138869584,-0.12945981017645,69.97581373485235,0.006680965854226666,12.535573018330311,6.0096027790069835,-2.9815937741901055,5.177123085825678,-0.05948637876191564,5.177123085825678,0.3038330198503165,3.659467913189264,1.6080695932513347,0.07396309880387919,1.9486373590901174,0.8818945945611296,0.014082902380616122,2.023341407268963,1.2973713276354746,0.002321164158823885,1.4139451037539585,0.9357474104623287,0.00012798018046857387,-0.7279965180894751,0,0,0,0.0016064413771408753,0.9052837306092483,397,0.1754,0.08048,0.9199031611747194,12,11,1,0.348,243,0.731716592521078,0.078677,0.07867664686907894,621.5710900179611,289.82259216614045,0.6091694261128329,0.6091701224004378,0.6091702876917222,0.7614626530005472,6.907074273620915e-06,378,0.4679,0.4105,-0.12766,-0.014339,374,0.5903,0.6127,0.09289,-0.008972,3,0.0835,-0.9569,-0.001701,7.091,0.1053,-0.0393,-0.003172,6.956,0.2764,0.3277,-9.1e-05,6.969,4.0448,1.7531,1.7198,1.7231,0.4471,1.0,0.47005,0.53671,1.28341,0.24146,0.9605,1.0011,1.0423,0.5,5.317,2.7106,3.3153,25.4232,18.8353,3.5425,65,0.1843,-0.3599,60,0.1315,-0.8655,-2.0
150,1234,213449,0.0,0.002144554925599469,0.00044885958818913983,0.002144554925599469,0.5970307830000482,5.446377687064718,3.972207799760503,-70.7282484468342,56.622673771873394,-0.029840801754483712,70.7282484468342,0.019238371452202238,12.559141767224506,6.056869562370089,-2.9849915283089103,5.265361007845127,-0.0606232805920244,5.265361007845127,0.30985354193189885,3.6730407628742743,1.6101860803256585,0.08851320532473084,1.973925790336021,0.8676650759231344,0.0,2.037408407458606,1.3046109270662225,1.0,1.0,1.0,5.19645161699013e-06,-0.7261259657209018,0,0,0,0.0022780499555921153,0.8934194528818539,399,0.205,-0.0328,0.9357398380612584,6,6,0,0.2223,258,0.7490558678426441,0.491287,0.4912868655333287,621.5754744159211,289.8246364979993,0.6091693646963999,0.609170104986286,0.609170287691728,0.7614626312328574,7.399491470126534e-06,378,0.4808,0.4205,-0.12104,0.003821,374,0.5907,0.6103,0.08987,0.015405,3,0.0995,-0.4614,-0.004469,6.971,0.1221,-0.9837,0.010915,6.859,0.2843,0.2945,0.000332,6.953,3.9997,1.7428,1.7148,1.7384,0.4986,1.0,0.48481,0.55955,1.28486,0.23267,0.9562,1.0054,1.0514,0.5,4.9957,2.8101,3.3097,25.4247,18.838,3.7708,61,0.2553,0.9327,55,0.1692,0.6751,-1.0
151,1234,213449,1.4969462728794736e-23,0.002335523948506164,0.000483266899629209,0.002335523948506164,0.5837699650163035,5.44811120545478,3.9723319866047087,-71.55868194265703,53.19783885267391,-0.2790531052969294,71.55868194265703,0.002701012094741273,12.54903422665873,6.028435958590887,-3.0080213600091454,5.258578146496964,-0.06042218359660597,5.258578146496964,0.31292188411937377,3.6753809530085992,1.6115284796029024,0.08625728643068009,1.9901487924691537,0.8794326730750299,1.4142115624116159e-08,2.050317985905861,1.3138443094021137,3.788574643892595e-05,1.41403321703862,0.9103554220470454,2.5634261472795234e-05,-0.724102755215373,0,0,0,0.0033338092440453808,0.8951732232301985,399,0.2104,-0.05265,0.9618193126490844,7,7,0,0.1951,251,0.7444681723253718,0.043745,0.04374504491409037,621.5807391912406,289.8270913271488,0.6091692825180673,0.6091700829223436,0.609170287691728,0.7614626036529295,8.058335533133062e-06,378,0.4922,0.4311,-0.12682,0.024429,374,0.5941,0.6116,0.08986,0.007484,3,0.1045,-0.2573,0.005895,6.95,0.126,-0.9999,0.005247,6.884,0.2927,0.2687,-0.000202,6.951,4.0,1.7374,1.721,1.7377,0.4915,1.0,0.51035,0.57714,1.28612,0.24448,0.9441,1.0175,1.0777,0.5,4.9946,2.8095,3.3089,25.4189,18.8338,3.7708,62,0.2047,0.9995,55,0.12,0.986,0.0
152,1234,213449,1.045085847303634e-11,0.0025101577649420483,0.00048058193289687206,0.0025101577649420483,0.5706793512258905,5.449666863073828,3.9724571354877924,-72.28742341163694,54.7131253207941,-0.0662374646955248,72.28742341163694,4.4097278165287565e-06,12.556115992375476,6.0009922963615505,-3.063435345924646,5.32890207874328,-0.06117029332167987,5.32890207874328,0.31933189267368695,3.6887226865564324,1.614618779540058,0.05913682468594739,2.0139421521617806,0.8875478781370211,0.014129710841466633,2.063790721860423,1.3229478634657421,0.004918085919380588,1.4138220795460394,0.9313333094932386,6.0623937443285276e-05,-0.7221002846457324,0,0,0,0.003073520633627188,0.8979229377472613,399,0.1855,-0.06825,0.9998701614668518,7,6,1,0.17,252,0.7464947385294469,-0.056906,-0.05690611665739653,621.5787795046285,289.8261775757487,0.6091692073532028,0.6091700912814875,0.6091702876917235,0.7614626141018593,8.660907672102862e-06,378,0.4979,0.4513,-0.14201,0.033092,374,0.5947,0.6168,0.08719,0.007673,3,0.0925,0.1083,-4e-06,6.977,0.1104,-0.9401,-0.002269,6.901,0.2962,0.2371,0.000173,6.96,4.0101,1.7398,1.7208,1.7355,0.476,1.0,0.50204,0.56674,1.28554,0.24208,0.9533,1.0083,1.0577,0.5,4.9945,2.8094,3.3089,25.4186,18.8336,3.7709,62,0.0725,0.3378,55,0.0761,0.9382,0.0
153,1234,213449,1.3215591330535536e-11,0.0025901760293807266,0.00048592273028854715,0.0025901760293807266,0.5577842156241009,5.451029381570252,3.9725838813294105,-72.70036317191557,48.73818448583775,-0.09253641141662908,72.70036317191557,0.0011302260068113412,12.55913963410473,6.022768479948434,-3.055467841246186,5.359531319933484,-0.06185629565905822,5.359531319933484,0.32624680883604407,3.701417558578874,1.6176944492566285,0.13989787045420365,2.0358148577953434,0.8782889030257098,0.01670248542161843,2.077635172444344,1.3322611967453404,0.00031891572733400153,1.4140500861350611,0.8880537668992303,0.00011068978803327338,-0.7200952187128008,0,0,0,0.0019750610842525365,0.9019440391940432,399,0.1681,-0.06984,0.9964530277487619,4,3,1,0.1615,252,0.748197019400012,-0.01753,-0.017529834489839136,621.5788427307474,289.82620705645974,0.609169172911538,0.6091700910140152,0.6091702876917223,0.761462613767519,8.936997298095083e-06,378,0.4909,0.4467,-0.15865,-0.030775,374,0.6003,0.6197,0.08842,-0.030498,3,0.0826,0.3327,0.004752,6.989,0.101,-0.8547,0.001453,6.93,0.2948,0.2053,0.001031,6.96,4.0182,1.7394,1.7246,1.7322,0.4785,1.0,0.50332,0.53294,1.28545,0.2434,0.9434,1.0182,1.0793,0.5,4.6831,2.9139,3.3094,25.3779,18.8712,4.0296,64,0.1981,-0.8196,56,0.0715,-0.2219,1.0
154,1235,213450,0.0,0.002608957497871527,0.0004907517250265013,0.002608957497871527,0.5449245090561418,5.453563790806964,3.973082367825596,-73.17558103564048,50.28841571273371,-0.015316620036577269,73.17558103564048,0.02312159871979169,12.559250602384402,5.937151754726152,-3.0616507088815843,5.396824726911611,-0.0631118334667232,5.396824726911611,0.333730203798755,3.713527631109544,1.6202037311875663,0.1255915722095413,2.0620061061641493,0.8700839554384531,0.0,2.091645096380349,1.3400557898140355,1.0,1.0,1.0,0.00017670371812072706,-0.7180368167815058,0,0,0,0.0027101872047074205,0.9025486838597923,400,0.2048,-0.06585,0.9803583794260219,3,4,-1,0.1966,251,0.7486333956871735,-0.009009,-0.009008745919919514,621.5791878499883,289.826367976674,0.6091691648309747,0.6091700895548517,0.609170287691728,0.7614626119435647,9.001794819722898e-06,378,0.4801,0.4583,-0.17066,-0.022808,374,0.6038,0.6266,0.08204,0.015382,3,0.0985,0.67,-0.000627,6.968,0.1238,-0.6228,0.000815,6.905,0.29,0.1634,0.00055,6.946,4.0068,1.7391,1.7234,1.7336,0.4954,1.0,0.52064,0.54997,1.28584,0.2363,0.9428,1.0188,1.0807,0.4996,4.6804,3.0162,3.2451,25.4078,18.8602,4.0296,62,0.3002,-0.9474,55,0.1161,-0.7244,-3.0
155,1235,213450,2.869757284148642e-23,0.0021570368595583093,0.0005192839408100053,0.0021570368595583093,0.5324981889660365,5.454754579318189,3.97320284976065,-73.30980912823661,51.85878566520038,-0.2075831157158514,73.30980912823661,0.024586787863269177,12.559339732079975,6.024152496509061,-3.0629973933368193,5.442611893816147,-0.06356727963520334,5.442611893816147,0.3374955461287727,3.7187747876764132,1.62175795770571,0.09131185614219339,2.0827762074158733,0.8766516600393368,1.4142115624116159e-08,2.1057742938310597,1.3493874142798499,0.0014384085921721468,1.413583511421464,0.9459353837381353,0.0002587449947960317,-0.7158230598829006,0,0,0,0.0045874632999073905,0.9039367833343508,400,0.2408,-0.0286,0.9647915791582975,3,4,-1,0.2439,249,0.7481313294851981,0.106643,0.10664312251763786,621.5825572865027,289.82793905814873,0.6091693593408021,0.6091700750118981,0.609170287691728,0.7614625937648726,7.442473857310005e-06,378,0.4761,0.4637,-0.17873,0.011528,374,0.6125,0.6307,0.07593,-0.017017,3,0.1148,0.9279,-0.000466,6.957,0.1475,-0.2755,-0.000183,6.894,0.292,0.1026,-0.000316,6.937,4.0006,1.739,1.7232,1.7339,0.4881,1.0,0.54108,0.55921,1.28679,0.24368,0.9454,1.016,1.0747,0.5004,4.9918,2.9119,3.3071,25.3601,18.8579,3.7778,62,0.2365,-0.9949,55,0.0974,-0.8386,-3.0
156,1235,213450,1.776439638549619e-11,0.002437200210651307,0.000532005107922638,0.002437200210651307,0.5203281107543755,5.455821952533645,3.9733237906324708,-73.29810708451157,53.427004879009104,-0.049396613517297516,73.29810708451157,0.025976538019293383,12.548563236958618,6.096392844103201,-3.0997144175706093,5.5342627894395635,-0.06520316589713976,5.5342627894395635,0.34609409989681605,3.7292202283359073,1.6249701813026582,0.1655252607604033,2.0962571989360033,0.8776821286066218,0.014081787551040219,2.1186486486050575,1.358846767921531,0.0017628908270760357,1.413949133284434,0.9002073275592305,0.00035603531992060746,-0.7135750009240655,0,0,0,0.008393995326544529,0.9059195762984941,400,0.2853,-0.04387,0.9701751254120415,5,5,0,0.2985,249,0.7500994751979227,0.114061,0.1140607504937563,621.580046318781,289.8267682585642,0.6091692387539199,0.6091700858974948,0.6091702876917203,0.7614626073718684,8.409161877266627e-06,378,0.4847,0.4697,-0.17068,0.005478,374,0.6221,0.6417,0.07191,0.016801,3,0.1384,1.0,-0.002509,6.957,0.1776,0.0582,-0.000507,6.894,0.3017,0.0588,-0.001513,6.949,4.003,1.738,1.7222,1.7359,0.4599,1.0,0.53125,0.52598,1.28605,0.24942,0.9496,1.0118,1.0654,0.5004,5.2999,2.8058,3.4917,25.2968,18.7747,3.5425,62,0.1064,-0.9027,55,0.0568,-0.8946,-3.0
157,1235,213450,1.1016085909920156e-11,0.002648489130697842,0.0005589415040644905,0.002648489130697842,0.5084450141784403,5.45674368722465,3.9734428773954718,-73.58278089705708,54.99240599206142,-0.15297108088458347,73.58278089705708,0.008096436928401118,12.56434537554994,6.081478290806942,-3.0954085071425275,5.598114520695017,-0.06594389826179614,5.598114520695017,0.35495054209998933,3.739690517006701,1.6280726430373629,0.05580164076632406,2.1059978184807306,0.8726452059729651,0.028136219101813686,2.1327118819247817,1.3678488400698066,0.0015943019527981939,1.4140533842655199,0.9027009869531235,0.00046908791851071386,-0.7112643914927181,0,0,0,0.012533232604645783,0.9077193558981282,400,0.3269,-0.05829,0.9727313841801359,3,3,0,0.3138,247,0.7499220015260254,0.034737,0.03473738900459589,621.5835437010329,289.82839899784136,0.6091691478294545,0.6091700706570231,0.6091702876917233,0.7614625883212789,9.138128423079643e-06,378,0.4983,0.4787,-0.15219,-0.022298,374,0.6279,0.6522,0.07476,-0.005729,3,0.1635,0.9437,-0.001558,6.957,0.2059,0.3811,0.000265,6.887,0.3131,0.0539,0.000156,6.956,4.0029,1.7379,1.7205,1.7377,0.4324,1.0,0.53076,0.51002,1.28584,0.24781,0.9434,1.018,1.0791,0.5004,5.2961,2.8038,3.5515,25.2343,18.7613,3.5425,62,0.1699,0.4857,54,0.1395,-0.1114,-0.0
158,1235,213450,1.4004757266039552e-11,0.0023595395813431346,0.0006020885807694004,0.0023595395813431346,0.4968679165431488,5.457594439435397,3.973560655356044,-74.19302660643845,56.543274195737155,-0.08621710900679881,74.19302660643845,0.005097068208325339,12.545301450411964,6.083004766173947,-3.12263272843643,5.690208287669915,-0.06702818301273804,5.690208287669915,0.36476157156054945,3.7501623650129354,1.6312135235798368,0.10257169566771085,2.1302473037528764,0.8798785113847856,0.04224436917455305,2.1467916486318974,1.3768758498340121,0.0015251497341741693,1.4140490072600236,0.9030054813366438,0.0005985145784353008,-0.7088934095627478,0,0,0,0.011525458090854673,0.9097639315207693,400,0.3155,-0.03791,0.9734815578296335,4,4,0,0.2793,244,0.7486981357407737,-0.276947,-0.27694745763442796,621.5889407566685,289.83091550589575,0.609169272208031,0.6091700460525905,0.609170287691722,0.7614625575657381,8.141090046327845e-06,378,0.5195,0.4936,-0.13978,0.034162,374,0.6338,0.6631,0.09093,-0.010432,3,0.1644,0.906,0.001169,6.955,0.2004,0.4619,0.000573,6.886,0.3294,0.0432,0.000842,6.951,4.0016,1.7381,1.7208,1.7371,0.4272,1.0,0.54801,0.5191,1.28502,0.24899,0.9402,1.0211,1.0861,0.5004,5.2923,2.8018,3.7358,25.083,18.748,3.5425,62,0.2494,0.7242,54,0.1621,-0.1522,-1.0
159,1235,213450,1.926172620283318e-11,0.002512596278869798,0.0006333195451733688,0.002512596278869798,0.4856226157504672,5.45834304420022,3.973674930556642,-74.08927768714014,52.9271847722961,-0.21616292463102194,74.08927768714014,0.006022412972646052,12.561746262318179,6.066869577579678,-3.182345913949096,5.725527025323572,-0.06763477164879537,5.725527025323572,0.36999450372978676,3.760099905626653,1.6335358702440825,0.06877001743937661,2.152787064168923,0.8795656982200513,0.05636293602145573,2.1608979322658803,1.3859059046556428,0.0016478405199273904,1.4141339249005542,0.8760946754650856,0.0007447004760824075,-0.7065019779775071,0,0,0,0.009896730488678441,0.9120852035573591,400,0.2905,-0.03319,0.9883007019591181,7,7,0,0.2436,241,0.7474822882456651,-0.040015,-0.04001458097041399,621.5942634284382,289.83339733066896,0.609169206349919,0.6091700204941702,0.6091702876917197,0.7614625256177128,8.669105430949333e-06,378,0.5384,0.5047,-0.13242,-0.001869,374,0.6351,0.6714,0.10068,-0.014928,3,0.1565,0.8879,0.001095,6.95,0.1845,0.5076,0.00077,6.887,0.3421,0.0545,0.000123,6.947,4.0,1.7375,1.7218,1.7368,0.4354,1.0,0.55287,0.52827,1.28492,0.25114,0.9502,1.0111,1.0641,0.5004,5.2886,2.7998,3.7953,25.0208,18.7348,3.5425,62,0.182,0.7173,54,0.1506,-0.2557,0.0
160,1235,213450,1.546944850157935e-11,0.0026505335508028665,0.000623091942761834,0.0026505335508028665,0.4747429196821253,5.459021332986864,3.973785831304332,-74.5811713860398,54.42179486748364,0.03414696808694325,74.5811713860398,0.01648459587259757,12.545993845616366,6.048168933644712,-3.2378836176197465,5.806627430706522,-0.06780327286442978,5.806627430706522,0.38032360219646233,3.769464555958702,1.636115024295904,0.11450146840858444,2.1694772912683162,0.8822787993501358,0.0705040939741215,2.175030036699291,1.3946668531407191,0.0038210298408937193,1.4140293537219617,0.8701615910696102,0.0009081992835067664,-0.704052761729266,0,0,0,0.008622322787801852,0.914262427711286,400,0.2876,-0.02261,0.9977037298148811,9,10,-1,0.2385,237,0.7456505965323222,-0.126694,-0.12669438630267482,621.5923346973949,289.8324980130534,0.609169146981414,0.6091700299040288,0.6091702876917213,0.761462537380036,9.14505298396004e-06,378,0.5471,0.5171,-0.13108,-0.012278,374,0.6351,0.6807,0.10718,0.013485,3,0.1576,0.8886,-0.000458,6.935,0.1829,0.5192,0.001735,6.889,0.3476,0.0693,-0.001548,6.953,3.9986,1.7342,1.7229,1.739,0.438,1.0,0.53517,0.50266,1.28444,0.25098,0.9541,1.0073,1.0558,0.5004,5.2849,2.7979,3.8549,25.0921,18.618,3.5229,63,0.0075,-0.3888,54,0.0363,-0.3948,0.0
161,1236,213451,0.0,0.002953349473637405,0.000646851674154038,0.002953349473637405,0.465721260793148,5.460282036261806,3.9723560987976487,-75.09352251636919,48.69560607096733,-0.07037225309715199,75.09352251636919,0.02627300696587756,12.5604548380522,6.109427453962637,-3.240829520953595,5.89753285854729,-0.06880125071591013,5.89753285854729,0.39111898772063497,3.7765092251324544,1.6383740168441225,0.15716267481829138,2.1863136594702994,0.8628500334671988,0.0,2.189135169224141,1.4022330566358836,1.0,1.0,1.0,0.0010865245810260053,-0.7015623736701309,0,0,0,0.010246217853025388,0.916233461323471,400,0.3061,-0.01383,1.0020648648650428,10,10,0,0.2565,232,0.7423135058576523,-0.022884,-0.022883540785828993,621.594880783762,289.83368518755793,0.6091690166645688,0.609170017448161,0.609170287691728,0.7614625218102012,1.0189807550237737e-05,378,0.5573,0.5225,-0.12451,-0.026222,374,0.6352,0.6826,0.11137,0.000229,3,0.1715,0.8648,0.000846,6.918,0.1953,0.5627,0.001368,6.882,0.3542,0.0715,-4.6e-05,6.944,3.9923,1.7328,1.7238,1.7395,0.4312,1.0,0.53416,0.51047,1.28498,0.24607,0.9417,1.0191,1.0821,0.5,5.5913,2.5886,4.0382,25.1167,18.5343,3.3148,63,0.1718,-0.6817,54,0.0825,0.1968,4.0
162,1237,213452,0.0,0.003059633551175581,0.0006930662225370951,0.003059633551175581,0.4556948069122522,5.462636908192379,3.9721555902560897,-75.54982907893026,50.29928688163147,0.00359235031562079,75.54982907893026,0.0006208334562032292,12.56259275944372,6.10780058167864,-3.266916166080729,5.862618027281695,-0.06862679769914494,5.862618027281695,0.39660465597312805,3.7833759200911308,1.6399386145206771,0.09174349981868413,2.206331810323354,0.8720175082049033,0.0,2.203263386834676,1.4100883993676185,1.0,1.0,1.0,0.0012792871544798426,-0.6989072324708425,0,0,0,0.012965169501556725,0.9175587146447944,401,0.3175,0.00032,1.0060955475726485,8,8,0,0.2738,233,0.7434663573746402,0.160408,0.16040831024039437,621.6000394618715,289.8360905463107,0.6091689709411986,0.6091699913102842,0.609170287691728,0.7614624891378552,1.0556427066789688e-05,378,0.5723,0.5308,-0.13196,0.017757,374,0.6361,0.6833,0.1203,-0.010231,3,0.1826,0.7817,0.001443,6.913,0.2028,0.6603,0.000842,6.877,0.3643,0.0477,0.001186,6.936,3.9886,1.7332,1.7241,1.7389,0.4353,1.0,0.54985,0.51376,1.28649,0.24788,0.9463,1.0145,1.072,0.5004,5.5861,2.5862,4.1585,25.2704,18.3444,3.2839,63,0.2539,-0.7453,54,0.1073,0.5926,2.0
163,1238,213453,0.0,0.003067309983181646,0.0007356950087990973,0.003067309983181646,0.44526629183604705,5.46464452499403,3.972301575635426,-75.83017708104012,51.87176536683069,-0.2134638797168638,75.83017708104012,0.01817619887163746,12.552074042362207,6.134798751681231,-3.2685906567423935,5.866211992433709,-0.06917921621907945,5.866211992433709,0.4018074180770656,3.7907901965031425,1.6411258226932197,0.10932809790766573,2.227231222391861,0.8767599648968868,0.0,2.217399941270342,1.4180219910631675,1.0,1.0,1.0,0.0014845976401938747,-0.6961849466737622,0,0,0,0.015255263029466903,0.9181712789019484,402,0.3389,0.00715,1.014599775101428,6,7,-1,0.2928,235,0.7446503763737077,0.044459,0.044458829629915986,621.6029682712077,289.8374561746795,0.6091689676497145,0.6091699759350442,0.609170287691728,0.7614624699188052,1.0582862628124354e-05,378,0.5885,0.5495,-0.14811,0.007862,374,0.6399,0.6813,0.11416,-0.008328,3,0.2003,0.6926,9.4e-05,6.904,0.2177,0.7255,0.000626,6.871,0.3768,0.0061,-7.3e-05,6.932,3.9851,1.7325,1.7242,1.7394,0.4373,1.0,0.55765,0.5323,1.28734,0.24932,0.9437,1.0171,1.0777,0.5,5.579,2.5829,4.1532,25.2825,18.3211,3.2839,63,0.2273,-0.8839,54,0.0294,0.7679,-2.0
164,1238,213453,3.789600576736369e-23,0.0031364702692788303,0.0007314981092133792,0.0031364702692788303,0.43585837841371045,5.465211222044042,3.97239293547448,-76.7338032925279,53.42458251814155,-0.0329057023471717,76.7338032925279,0.002898712741031706,12.55500690998995,6.185895770422802,-3.2233424711646164,5.858483950806086,-0.06890018553148523,5.858483950806086,0.4074180050469079,3.7972194155159262,1.6426826978380218,0.10446794844170526,2.241346506505583,0.8767796148646692,1.4142115624116159e-08,2.2314900231586514,1.4270712196198911,0.004398290248149972,1.4140556247179263,0.9187354890303949,0.001702913221746266,-0.6934307426845315,0,0,0,0.015270741806793555,0.9202062816702851,402,0.3492,-0.00835,1.0341787624278171,6,6,0,0.3156,232,0.7425361264719351,-0.204495,-0.20449530022650508,621.6015022577575,289.83677261036144,0.6091689378844184,0.60916998367885,0.609170287691728,0.7614624795985625,1.0821505639297558e-05,378,0.5976,0.5662,-0.15167,0.014642,374,0.6428,0.6746,0.11061,0.017807,3,0.2092,0.6188,-0.001031,6.914,0.225,0.7599,-0.002064,6.883,0.3842,-0.0404,-0.001723,6.937,3.9903,1.7328,1.7249,1.7384,0.4236,1.0,0.54067,0.50016,1.28798,0.25402,0.9545,1.0063,1.0544,0.5,5.5763,2.5816,4.1512,25.3146,18.2778,3.2778,64,0.1293,-1.0,55,0.0642,-0.3187,0.0
165,1238,213453,1.4947460824250707e-12,0.003302649705726966,0.0007519322984032896,0.003302649705726966,0.4268460378405437,5.465709181954904,3.9724843637570233,-77.75768602038498,54.956788416956876,-0.16252056241261625,77.75768602038498,0.006854494142380929,12.547781571485949,6.2326642339067,-3.280564568738088,5.855950447008889,-0.06873905982183012,5.855950447008889,0.4140167117259063,3.804110327337326,1.6450734618132332,0.14166515283319192,2.2555341464396554,0.884268792065043,0.012384888371383677,2.245450936896663,1.4362585751715033,0.0004403143164949386,1.414112230789354,0.8942616115589989,0.0019331965320406774,-0.6906961039538425,0,0,0,0.015338116848380276,0.922098686853331,402,0.3426,-0.02387,1.0433951595662345,8,8,0,0.2925,233,0.7448800210631994,0.068574,0.0685735312392306,621.6038098439642,289.83784857838316,0.6091688663744753,0.6091699714431192,0.6091702876917274,0.761462464303899,1.1394818592278517e-05,378,0.6047,0.574,-0.12792,-0.03629,374,0.638,0.6745,0.11256,0.016117,3,0.2076,0.5423,-0.000197,6.917,0.219,0.8045,-0.000122,6.887,0.3859,-0.0629,-0.000337,6.941,3.9925,1.7326,1.7251,1.7385,0.4238,1.0,0.54176,0.51669,1.28776,0.25878,0.9409,1.0198,1.0838,0.5,5.8833,2.4772,4.1492,25.3024,18.2691,3.1052,64,0.1157,0.0901,55,0.1474,-0.3402,1.0
166,1238,213453,5.0739574834243304e-11,0.003327800978549998,0.0007857370570031917,0.003327800978549998,0.4182663211055854,5.466187879016122,3.9725759614970544,-73.31169381873025,56.48346686537993,-0.047918637308411685,73.31169381873025,0.028309174660530602,12.547807721523073,6.292220595824765,-3.3014340581084287,5.913763521196029,-0.06896456135947157,5.913763521196029,0.42552486689474456,3.81073566145214,1.6483367450456647,0.10029083626200708,2.2739635097172304,0.8831471543086898,0.026429288962734047,2.2595468177486024,1.4452011913477714,0.000670726717304615,1.4140310408452663,0.8902239784706626,0.0021758568404232704,-0.687879175729178,0,0,0,0.01585122550523292,0.9241214799418939,402,0.3327,-0.05678,1.0663547231605632,4,4,0,0.2731,230,0.7428622449157087,-0.087873,-0.08787287716369696,621.6071449816297,289.8394036671879,0.6091688555654985,0.6091699533359699,0.6091702876917062,0.7614624416699624,1.1481534037280835e-05,378,0.6033,0.5848,-0.11808,0.025999,374,0.635,0.6751,0.11519,-0.014556,3,0.2008,0.4335,0.001561,6.92,0.2114,0.8473,0.000835,6.89,0.3831,-0.1112,0.001147,6.939,3.9931,1.7329,1.7255,1.7377,0.4322,1.0,0.55482,0.51687,1.2874,0.2558,0.9387,1.0221,1.0889,0.5,5.8808,2.4761,4.2094,25.2917,18.2269,3.0994,64,0.2024,0.6191,54,0.1501,-0.2984,-0.0
167,1238,213453,1.2477812225165593e-11,0.0033856259494050695,0.0008063251710677956,0.0033856259494050695,0.4101338619088932,5.4666274172575555,3.972667050215446,-73.61582989128522,52.62923933087917,-0.223365354201543,73.61582989128522,0.0285510544623655,12.562063936160598,6.298162678115154,-3.3389869405007198,5.961062135312905,-0.06940948153432835,5.961062135312905,0.43833512392000085,3.8168790664273784,1.6511537924709265,0.12977818700382115,2.2911572129525557,0.8918418830414379,0.04051148238324307,2.2736552652728292,1.4541034320662045,0.0036918705019838294,1.414077368677262,0.9302808404806147,0.0024305574835803536,-0.6850112290357705,0,0,0,0.013452524920399384,0.9261792172045545,402,0.31,-0.06691,1.0742187854500038,5,5,0,0.2473,230,0.7443856867305563,0.073575,0.07357507080403769,621.609694518513,289.8405924505792,0.6091688306885901,0.6091699391534204,0.6091702876917227,0.7614624239417755,1.1680993061668384e-05,378,0.6001,0.5935,-0.11763,0.012804,374,0.636,0.6778,0.10839,0.015449,3,0.1862,0.2997,0.000855,6.914,0.1973,0.9029,0.000758,6.895,0.3818,-0.1394,-0.000449,6.938,3.9929,1.7317,1.7268,1.7376,0.4396,1.0,0.56033,0.53673,1.28802,0.25755,0.9425,1.0182,1.0803,0.5,5.8784,2.4751,4.2696,25.2817,18.1853,3.0936,64,0.1725,0.7716,55,0.0704,-0.3647,1.0
168,1238,213453,2.905341749151103e-10,0.003515191173410588,0.0007722982517384418,0.003515191173410588,0.40246715406740224,5.467017663847721,3.9727598491269798,-74.2263251316467,54.13994844956248,-0.050761738909844284,74.2263251316467,0.009697830573592067,12.564490768241562,6.345196910405112,-3.3596160632289607,6.07909384234548,-0.06926644212751039,6.07909384234548,0.45207222511865,3.8224417722288098,1.6543310445694963,0.09970300919060504,2.3022835624799516,0.8742972428698377,0.05452374840323514,2.2877877107963362,1.4634062391836895,0.000972391768001124,1.4139995215315815,0.9171525563970616,0.002698587577483404,-0.6822087422209551,0,0,0,0.009008432271121697,0.9276871825622567,402,0.274,-0.06992,1.0839591179478134,14,14,0,0.1968,227,0.7426675790927639,0.030021,0.030020857099221088,621.6076240883747,289.8396270623248,0.6091687749210711,0.6091699506926319,0.609170287691603,0.7614624383657899,1.212805581154957e-05,378,0.5925,0.5958,-0.12348,0.000148,374,0.6307,0.6767,0.1047,0.018971,3,0.1629,0.1114,-0.002445,6.906,0.1734,0.9658,-0.00082,6.884,0.3738,-0.1501,-0.001265,6.938,3.9892,1.7312,1.7256,1.7393,0.4393,1.0,0.54764,0.50774,1.28737,0.25877,0.9463,1.0144,1.0719,0.5,5.876,2.4741,4.2678,25.2713,18.1779,3.0936,64,0.0707,0.972,54,0.0568,-0.6065,0.0
169,1238,213453,6.128269980289926e-10,0.003497290095215149,0.0007715989222035472,0.003497290095215149,0.3952731612384916,5.467350668011709,3.9728534207085398,-74.80530968946066,48.630583709219366,-0.20567211842343167,74.80530968946066,0.01687450668609386,12.544635242404102,6.354402708256973,-3.397529992134542,6.131068965847493,-0.07059705732466112,6.131068965847493,0.46630323583866656,3.8266821497470356,1.6575350044958308,0.055111876848627145,2.3092019303109566,0.8848818717668202,0.067624653750881,2.301887450655396,1.4725777645306242,0.0014509752944336096,1.4141715088810083,0.9247053224802657,0.0029810409325946026,-0.6791920301529389,0,0,0,0.006488109646553391,0.9294435112498287,402,0.2405,-0.04698,1.105763648063438,11,12,-1,0.167,223,0.7395384569049884,0.3193,0.31930006864246785,621.608026877115,289.8398148723415,0.6091687826231272,0.6091699484622843,0.6091702876914642,0.7614624355778554,1.206628598198461e-05,378,0.5956,0.6095,-0.121,-0.006205,374,0.6217,0.6739,0.09406,-9.3e-05,3,0.1444,-0.1192,-0.000691,6.899,0.1507,0.9989,-0.000117,6.871,0.3703,-0.1657,0.00036,6.931,3.984,1.7317,1.7246,1.7398,0.4498,1.0,0.5514,0.53326,1.28756,0.25842,0.9329,1.0278,1.1017,0.5,5.8737,2.4731,4.2662,25.3497,18.102,3.0819,64,0.1583,-0.2255,54,0.1424,-0.0836,1.0
170,1238,213453,1.4446426964826482e-10,0.0037687593088078534,0.0008005795185230225,0.0037687593088078534,0.38856834385391986,5.467629260065406,3.972947950371469,-75.4108240264231,50.228468945475015,-0.12151764218512273,75.4108240264231,0.005416312015869451,12.551681852171452,6.442011813439094,-3.4685635511747535,6.211586364613417,-0.07172808979031793,6.211586364613417,0.4813588811921992,3.83096908646543,1.6606529790870437,0.12055383907830586,2.3193549984667206,0.8757437235417713,0.08136391245457188,2.3159948829050485,1.4818248173972806,0.0007853995476345688,1.4139361773029013,0.941069348377476,0.0032785625151937657,-0.6762031551127016,0,0,0,0.00522690554875204,0.9309985940927245,402,0.2129,-0.03997,1.1275158332901845,4,5,-1,0.1938,226,0.7440040831405922,-0.359581,-0.35958148700234727,621.6106066778905,289.8410177670064,0.6091686658098978,0.6091699340076697,0.6091702876916658,0.7614624175095871,1.3002850106734839e-05,378,0.6043,0.6069,-0.1386,0.023165,374,0.6178,0.6817,0.0897,-0.041923,3,0.1292,-0.4583,-0.00133,6.896,0.1321,0.9693,-1.2e-05,6.853,0.3734,-0.2259,0.001128,6.929,3.9796,1.7329,1.7221,1.7411,0.4701,1.0,0.56037,0.54039,1.28779,0.25885,0.9373,1.0234,1.0918,0.5,5.8715,2.5752,4.2027,25.3401,18.0952,3.0819,63,0.2584,-0.3579,55,0.1709,0.0492,1.0
171,1238,213453,1.4954046699486587e-10,0.00391404893940259,0.0008253556638273433,0.00391404893940259,0.3823530667944971,5.467842463301745,3.9730436840727243,-73.82917220751634,51.80216604718487,-0.25017062266775336,73.82917220751634,0.02711557693427584,12.521297209779037,6.537072020468126,-3.4534131774948147,6.245163142598708,-0.07172599110568285,6.245163142598708,0.4965114227531735,3.8351969494841516,1.6638188623660963,0.08297001948998284,2.3382839163242357,0.8828863800460985,0.09490181447000749,2.330132828856946,1.4912355113775615,0.011655806311125283,1.4137232192662381,0.9921327485415641,0.003592410568873981,-0.6730542948210424,0,0,0,0.005002148283214811,0.9330405532500863,402,0.2103,-0.09541,1.1683660828783065,4,3,1,0.2504,225,0.7434518486080007,-0.3477,-0.3477002987576743,621.611941105668,289.841639976314,0.6091686032931546,0.609169926413124,0.6091702876916636,0.7614624080164049,1.350409464879666e-05,378,0.6115,0.6025,-0.16443,0.000821,374,0.6174,0.6694,0.08401,0.001243,3,0.1287,-0.8358,-0.002533,6.905,0.13,0.776,-0.003338,6.842,0.3776,-0.3023,-0.000396,6.923,3.9782,1.7358,1.7199,1.7404,0.4921,1.0,0.56924,0.5545,1.28819,0.25817,0.943,1.0177,1.0793,0.5,5.8694,2.5743,4.2012,25.3311,18.0887,3.0819,63,0.2507,-0.2455,55,0.1051,0.0574,3.0
172,1238,213453,1.3506513888037621e-10,0.003948317415292904,0.0007959709981900374,0.003948317415292904,0.37661339919504544,5.467995637440066,3.9731417942137703,-73.77619339435869,53.35860597976174,-0.02321598271627123,73.77619339435869,0.0019026763019910353,12.547540133052296,6.649015601418693,-3.5171186578495126,6.277935057816224,-0.07279203383804486,6.277935057816224,0.506910347462314,3.838910142000303,1.6670868060076451,0.12980381380380912,2.3527187044776214,0.8683901209088183,0.10752350340516151,2.343847077341781,1.5011568385694127,0.0005579985317968328,1.4128373195418307,0.9496083060342005,0.0039238407284645045,-0.6699583995792515,0,0,0,0.00574700748930591,0.934713995994286,402,0.2221,-0.13302,1.182466975898885,3,3,0,0.2949,224,0.7438765299957995,-0.045,-0.045000128551831775,621.6094328240251,289.8404704291789,0.6091685885339374,0.6091699406229881,0.6091702876916698,0.7614624257787351,1.362238133772853e-05,378,0.6181,0.6031,-0.17252,-0.001607,374,0.6029,0.6478,0.09743,0.015837,3,0.1374,-0.9931,-0.00436,6.908,0.134,0.4844,-0.001733,6.824,0.3727,-0.3787,-0.000412,6.931,3.9768,1.7372,1.7159,1.743,0.4849,1.0,0.56281,0.51921,1.28834,0.25734,0.9521,1.0086,1.0594,0.5,5.8672,2.5733,4.1997,25.2776,18.1163,3.0877,62,0.1092,0.0961,55,0.0121,0.9689,1.0
173,1238,213453,6.735817746192268e-11,0.003851118707649578,0.0008010918067246898,0.003851118707649578,0.3713397370289459,5.468073803635165,3.9732409032411087,-73.74179281418476,54.932580992191006,-0.1763579738197917,73.74179281418476,0.022238402621084306,12.565778967412779,6.740716787048189,-3.556326102066801,6.3390688545677785,-0.07274455269660693,6.3390688545677785,0.5176136610327146,3.840765833431418,1.6705037196456307,0.11722205945272024,2.3577687876193054,0.881391375925666,0.12040576207774589,2.355251849765562,1.5106529217470155,0.0011274852249655298,1.4139879994174145,0.9473162141036794,0.004272369733864527,-0.6665646971746336,0,0,0,0.008807504371271126,0.9369208414228654,402,0.242,-0.14552,1.1813626216553517,12,12,0,0.3209,221,0.7423280735918882,-0.004677,-0.004677294368053975,621.608519160986,289.84004441163296,0.6091686303595653,0.609169945728194,0.6091702876916991,0.7614624321602426,1.3287048432066175e-05,378,0.622,0.6022,-0.16069,-0.013392,374,0.5883,0.6357,0.11482,0.02474,3,0.151,-0.9725,-0.002307,6.896,0.1429,0.2052,0.001503,6.806,0.366,-0.4274,0.000262,6.939,3.9727,1.736,1.7133,1.7467,0.4735,1.0,0.57265,0.53521,1.2889,0.26238,0.941,1.0196,1.0835,0.5,5.866,2.5728,4.1988,25.2724,18.1126,3.0877,62,0.0645,0.3882,55,0.0155,-0.0295,1.0
174,1238,213453,2.0292392378594786e-10,0.0036052708579899675,0.0008237252403696443,0.0036052708579899675,0.36653319382705873,5.468108298046035,3.973340611852477,-73.7220139611703,56.520892178090385,-0.08637093749521031,73.7220139611703,0.0036585746322004287,12.519007529471402,6.697703792432892,-3.5558364480724665,6.440043203107959,-0.07340499602357464,6.440043203107959,0.5288422997586838,3.8437793004451737,1.6738268627117312,0.07298142863668633,2.375359923466658,0.8745264276448457,0.13449260483906517,2.3690631703553633,1.520126083894558,0.00395180909446724,1.4139213272204723,0.9436322577319891,0.004640896456329708,-0.6632519068577502,0,0,0,0.014567755531825127,0.9390152043717342,402,0.2733,-0.12206,1.2047987332532066,7,8,-1,0.3462,220,0.7427601761940713,0.595447,0.5954467570458655,621.6087207461728,289.8401384056142,0.6091687361641159,0.6091699446057863,0.6091702876916407,0.7614624307572329,1.243882533945179e-05,378,0.6237,0.6007,-0.15564,-0.002554,374,0.5791,0.6235,0.13059,-0.014643,3,0.1712,-0.8787,0.000527,6.901,0.159,-0.0029,0.00097,6.808,0.3612,-0.4747,0.001133,6.945,3.9749,1.7361,1.7127,1.7472,0.4625,1.0,0.58193,0.54778,1.28872,0.26452,0.9441,1.0165,1.0767,0.5,5.8666,2.5731,4.1993,25.3192,18.0802,3.0819,62,0.1715,0.0729,55,0.0252,0.97,2.0
175,1238,213453,7.983445941251412e-11,0.0036272869002088193,0.0008503985665900489,0.0036272869002088193,0.3622094147981358,5.468121384818765,3.9734390459160602,-73.70911781952987,56.7547057973764,-0.23848440899780313,73.70911781952987,0.023886142922582693,12.526336743555364,6.661300028968199,-3.570843799666385,6.516602647259725,-0.0734964539430474,6.516602647259725,0.5400218063439334,3.846338594514009,1.6769344960209849,0.07938927032942389,2.3899079842757565,0.8769307642474828,0.1485706696340985,2.38306105374476,1.5295624060512194,0.0012144515926766353,1.4140190710107572,0.8917981576555168,0.005031749670788034,-0.6598257205449871,0,0,0,0.023281987437420847,0.9409663617403909,402,0.3059,-0.08249,1.2100241140646764,4,5,-1,0.3701,217,0.7408902506721954,0.593694,0.5936940749305046,621.6080757036225,289.83983763888455,0.6091687266824365,0.6091699481917814,0.6091702876916937,0.7614624352397267,1.2514797585306773e-05,378,0.6299,0.6031,-0.16258,0.012938,374,0.5687,0.5974,0.1289,0.012192,3,0.1936,-0.7645,0.001236,6.899,0.1748,-0.1805,0.000367,6.819,0.3583,-0.496,-0.000851,6.944,3.9766,1.7349,1.7148,1.7463,0.4486,1.0,0.59467,0.56795,1.28833,0.26487,0.9488,1.0118,1.0665,0.5,5.8673,2.5734,4.2615,25.2779,18.0823,3.0819,62,0.1431,0.0757,56,0.0814,0.2753,1.0
176,1238,213453,7.408102064911055e-11,0.0040458231693611575,0.0008254411999563742,0.0040458231693611575,0.3583508432495237,5.468081207970855,3.973535438873052,-73.68359894242398,56.64893175546598,-0.051857129664867864,73.68359894242398,0.01939620706271575,12.5558311788279,6.7618241439407125,-3.608553191019354,6.574691066095015,-0.07453155135934565,6.574691066095015,0.551422635383282,3.8483665200921164,1.6801188174120913,0.08640311819327795,2.3991589909124307,0.8711420587569886,0.1626963925198387,2.397192102831817,1.5384803877716333,0.0015705144178285169,1.4139526647005518,0.9292584693449664,0.005444961428748915,-0.6564097960652894,0,0,0,0.03203187737472481,0.9429086228354584,402,0.3335,-0.06027,1.2194945144115357,7,7,0,0.3892,215,0.7400705037937637,-1.419846,-1.419845849096208,621.6045518059279,289.8381945361393,0.6091685465520043,0.6091699674595299,0.6091702876916961,0.7614624593244124,1.3958902745154564e-05,378,0.6339,0.6145,-0.16399,0.008169,374,0.5527,0.573,0.15654,0.027876,3,0.2118,-0.6568,0.000397,6.902,0.1847,-0.2982,-9e-05,6.83,0.3505,-0.524,-0.000865,6.949,3.9802,1.7341,1.7161,1.7458,0.4198,1.0,0.58523,0.53106,1.28788,0.26671,0.9565,1.0041,1.0498,0.5,5.8656,2.5726,4.322,25.2707,18.0428,3.076,62,0.0493,0.3757,55,0.0984,0.5983,3.0
177,1238,213453,8.956134644131919e-10,0.0038497388226476853,0.0008264821970871309,0.0038497388226476853,0.35493571373911875,5.468029833508655,3.9736303781881235,-73.64422658242685,56.79821525784804,-0.21856899678680905,73.64422658242685,0.01116919922127072,12.563193979907409,6.845044099917247,-3.6548157426443963,6.6329062830334475,-0.07525620406534472,6.6329062830334475,0.5614146885586433,3.849517056215094,1.6830378270766255,0.10765297552807584,2.405549488649466,0.8855123108771402,0.1767327428927426,2.41125924636211,1.5477729726953855,0.003051323614359669,1.4140900378983015,0.9013265310221059,0.0058810285041213115,-0.6527925761950878,0,0,0,0.040236832170317385,0.9448295069519949,402,0.3526,-0.0897,1.238400539047314,13,12,1,0.4051,213,0.7391706865089696,-0.022152,-0.022151868854240364,621.6025123874055,289.83724360780275,0.6091686309260385,0.6091699783527145,0.6091702876913426,0.7614624729408931,1.328241593360242e-05,378,0.6325,0.6057,-0.1635,-0.015628,374,0.53,0.5519,0.17586,0.019553,3,0.2231,-0.5539,0.001895,6.905,0.1869,-0.3878,-0.001093,6.839,0.3353,-0.5526,-0.000332,6.937,3.9802,1.7348,1.7184,1.7429,0.408,1.0,0.59164,0.54257,1.28777,0.26953,0.9466,1.0139,1.0711,0.5,5.8576,2.5691,4.3778,25.2363,17.984,3.0702,62,0.1335,0.8363,56,0.1305,0.8576,-2.0
178,1238,213453,6.603962416124604e-10,0.003786548818877385,0.0008553848416218099,0.003786548818877385,0.35194562140377483,5.467947421815506,3.973722921773516,-73.57785729718623,60.0227147591183,-0.21548522044040383,73.57785729718623,0.02269459423507922,12.546023653812515,6.895012389275889,-3.7332181913478837,6.723505195342208,-0.07574143565757131,6.723505195342208,0.5698778165761097,3.850932179810515,1.685599152158864,0.10862015128003755,2.423819243581789,0.8663166980082555,0.1904496183416374,2.4253859802440436,1.55678623822188,0.00040140307772074113,1.413973943771172,0.8532188878544651,0.006342824644934322,-0.6493570766712602,0,0,0,0.0467771224293351,0.9467903021808741,402,0.3616,-0.14189,1.2524101641560397,5,6,-1,0.4066,211,0.7382662259461994,-0.072341,-0.07234139040558762,621.6033071535561,289.8376141867914,0.6091686581198582,0.6091699741282055,0.6091702876914439,0.7614624676602568,1.3064380306543204e-05,378,0.627,0.605,-0.17063,0.02405,374,0.525,0.5474,0.1882,-0.015548,3,0.2271,-0.4545,0.002328,6.905,0.1901,-0.4344,4.4e-05,6.845,0.3292,-0.6049,0.000542,6.926,3.9791,1.7353,1.7202,1.7406,0.4072,1.0,0.60596,0.54954,1.28665,0.27058,0.9493,1.0112,1.0652,0.5,5.8539,2.5675,4.4366,25.22,17.9381,3.0643,62,0.2112,0.9808,56,0.0893,0.9454,-1.0
179,1239,213454,0.0,0.003857719927373508,0.0008716071428074877,0.003857719927373508,0.34760287933296,5.46923538825598,3.973637097046566,-73.49832562440946,56.85191637289372,-0.3270926314584572,73.49832562440946,0.025867233235462285,12.545337237573982,6.878223810844644,-3.750997569918306,6.8020840406935905,-0.07690342469508536,6.8020840406935905,0.5787077243373001,3.8519232079173196,1.6876891841746797,0.07108647509931953,2.447864484826818,0.8834205874347567,0.0,2.439201378214917,1.5640550547528118,1.0,1.0,1.0,0.006831217651443627,-0.645677613548706,0,0,0,0.0482964046982483,0.9476854498023383,403,0.352,-0.16065,1.2552484870724578,6,6,0,0.3895,211,0.7374900444645153,-0.076405,-0.07640499548738111,621.6049873077995,289.83839759944675,0.6091686275025959,0.6091699651103131,0.609170287691728,0.7614624563878913,1.3309899445086058e-05,378,0.624,0.6062,-0.19273,-0.000638,374,0.5243,0.5478,0.16791,0.000549,3,0.2204,-0.3935,-0.000142,6.903,0.1852,-0.428,-0.001175,6.841,0.3272,-0.6625,-0.000531,6.917,3.9762,1.736,1.7206,1.7396,0.4066,1.0,0.61471,0.55984,1.28795,0.26585,0.9499,1.0107,1.0639,0.4996,5.8478,2.5648,4.4936,25.2381,17.8855,3.0585,62,0.2023,0.9981,57,0.1459,0.7548,0.0
180,1240,213455,0.0,0.0042332759917300756,0.0008322139020537175,0.0042332759917300756,0.3451581962267824,5.465563163884543,3.9741319602895437,-73.85264384557117,57.239973637772124,-0.21320106914806505,73.85264384557117,0.01701821281716439,12.564015481110015,6.934498067102528,-3.7856423706602347,6.749109468046941,-0.07827869588620803,6.749109468046941,0.5823349515299543,3.852475027261961,1.6882052799374205,0.14470106738248456,2.474435700132766,0.8753767419805678,0.0,2.4461529249335845,1.5717626926621497,1.0,1.0,1.0,0.007346506781379759,-0.6420570144782887,0,0,0,0.04154272842173637,0.94950597204821,403,0.3298,-0.14172,1.2575059660626255,9,9,0,0.3771,211,0.738849338090595,-0.087103,-0.08710321358750406,621.6037527394951,289.8378219520398,0.6091684658761346,0.6091699717515885,0.609170287691728,0.7614624646894855,1.460567141727475e-05,379,0.6148,0.5984,-0.19568,0.009557,374,0.5214,0.5595,0.1486,0.010991,3,0.2033,-0.3755,-0.001983,6.906,0.1725,-0.3804,-0.001568,6.835,0.3206,-0.7143,-0.000633,6.918,3.9759,1.7369,1.7192,1.74,0.3947,1.0,0.60121,0.53387,1.28963,0.26715,0.9589,1.0016,1.0445,0.5,5.8418,2.5622,4.489,25.2119,17.9011,3.0643,62,0.1004,0.9,56,0.1031,0.6465,2.0
181,1241,213456,0.0,0.004642739044920383,0.0008504123696196379,0.004642739044920383,0.34544696513952494,5.467361675898203,3.974288041328225,-74.6190918420839,57.120594436398356,-0.38913494668302523,74.6190918420839,0.0012460292200255907,12.562247343140365,6.960296240504158,-3.782523023725935,6.755134028660139,-0.07890853628477296,6.755134028660139,0.5907025487804376,3.852725442669087,1.6892316798082903,0.14765870823391403,2.4974952038984664,0.8774401291726436,0.0,2.4598106021860935,1.5795692900256064,1.0,1.0,1.0,0.007889945585543307,-0.6383648811531633,0,0,0,0.03533301172920238,0.9512477061536018,403,0.3118,-0.11272,1.2697188843460088,9,9,0,0.3678,211,0.7401591678214752,-0.059511,-0.059510561866518374,621.6066272439299,289.8391622594316,0.6091682896834208,0.6091699561833936,0.609170287691728,0.761462445229242,1.6018328954334758e-05,379,0.6149,0.5972,-0.19421,-0.030662,375,0.5214,0.5686,0.14275,0.016645,3,0.1918,-0.3832,-0.001145,6.901,0.1627,-0.2997,0.000793,6.827,0.3206,-0.7664,0.00021,6.923,3.9744,1.7363,1.7178,1.7419,0.4015,1.0,0.61138,0.56088,1.28949,0.27032,0.9487,1.012,1.0667,0.4996,5.8472,2.5646,4.5547,25.2355,17.9179,3.0644,62,0.1004,-0.8696,56,0.0388,0.2064,1.0
182,1241,213456,2.4901567067730063e-23,0.0049509606269799965,0.0008786360181611442,0.0049509606269799965,0.3439009639748177,5.467222135743445,3.9743597651569993,-75.36794450944839,60.617172482063,-0.30433417569642757,75.36794450944839,0.01687486622051715,12.558496190289686,6.899216433489105,-3.8146057870513492,6.740665976100967,-0.07821842133863477,6.740665976100967,0.6004312846730603,3.852602264236848,1.6906642484888001,0.11686487617386876,2.5133672613747122,0.8809565111358153,1.4142115624116159e-08,2.47286215467757,1.5886334760854166,0.0006768829228629425,1.4140588725287238,0.884346551922014,0.008474496791262621,-0.6346107646295901,0,0,0,0.02858192843249799,0.952838218624846,403,0.2878,-0.11946,1.2783211824583827,5,5,0,0.3475,211,0.7413824425108543,0.014286,0.014285609032042013,621.6097228231041,289.84060564828116,0.6091681570516637,0.6091699389953575,0.609170287691728,0.7614624237441969,1.7081666717837116e-05,379,0.609,0.5922,-0.19149,-0.011854,375,0.5281,0.5751,0.14601,0.019292,3,0.1753,-0.4247,0.000594,6.899,0.152,-0.1824,0.001473,6.825,0.3217,-0.8127,0.001044,6.926,3.9743,1.7359,1.7174,1.7428,0.4114,1.0,0.62431,0.56055,1.29068,0.27304,0.9532,1.0073,1.0568,0.5004,5.8453,2.4612,4.6147,25.2271,17.9119,3.0643,62,0.2055,-0.996,56,0.0711,-0.1147,1.0
183,1241,213456,1.5012899104005517e-11,0.005146590844606451,0.0008869952359010609,0.005146590844606451,0.34265989270226915,5.467069716351626,3.974429080677185,-75.9140246182331,57.35243804496257,-0.35554195363008223,75.9140246182331,0.014676324453347434,12.557183461806705,6.819725021740681,-3.892869664687206,6.8406324527526845,-0.07898253890612737,6.8406324527526845,0.6096450963931415,3.8520970118543842,1.6916744273587374,0.09889633021517419,2.5271089244127807,0.8915324751658639,0.010985609569003959,2.483150068310401,1.5974769417477255,0.002344210979165595,1.4140476054977018,0.852815822035607,0.009091579343129343,-0.6307716069804012,0,0,0,0.02360409002603213,0.9543665390674047,403,0.2707,-0.11951,1.2797073040724465,9,9,0,0.3307,210,0.74129255417402,0.109464,0.10946403956586992,621.6127240889534,289.8420050612561,0.6091680728825455,0.6091699219202109,0.6091702876917215,0.7614624024002636,1.7756538923744868e-05,379,0.6031,0.5941,-0.1998,0.001565,375,0.544,0.5999,0.14284,0.015867,3,0.1633,-0.4585,-0.000839,6.905,0.1472,-0.0568,-0.000212,6.822,0.3281,-0.8612,0.000591,6.931,3.9756,1.7367,1.7159,1.7434,0.4179,1.0,0.62855,0.56767,1.28993,0.27797,0.9528,1.0077,1.0577,0.5004,5.8433,2.4603,4.6132,25.2625,17.8717,3.0585,62,0.1936,-0.8504,56,0.15,0.1609,1.0
184,1241,213456,7.24505287200501e-11,0.0053767025997260185,0.0008770667981532401,0.0053767025997260185,0.34170937558908154,5.4669200612238065,3.974496173009572,-76.70246877528638,57.400368553629626,-0.23722037412608896,76.70246877528638,0.009522627224407998,12.554338739505555,6.867780119164755,-3.8950674647390637,6.920904027292193,-0.07966870557571468,6.920904027292193,0.6224672934275999,3.8512154160622085,1.6932060599874823,0.05483819170447364,2.5447157350966503,0.8757034881913914,0.01945140278630183,2.497290544365071,1.6060050998944508,0.002130096527558578,1.4140087925920486,0.8784221992985739,0.009744398055726258,-0.6270173826503785,0,0,0,0.01992174972976797,0.9559116897737945,403,0.2527,-0.12373,1.2801201091780263,9,9,0,0.3142,208,0.7399672848807846,0.062331,0.062331077185628914,621.6139472590239,289.8425753939601,0.6091679738655618,0.609169914844716,0.6091702876916969,0.7614623935558951,1.8550423768550538e-05,379,0.6041,0.5999,-0.19795,0.012486,375,0.5505,0.6132,0.13471,-0.021522,3,0.1527,-0.504,-0.001578,6.913,0.1392,0.0648,-0.002025,6.816,0.3327,-0.8945,-2.2e-05,6.93,3.9758,1.7387,1.7143,1.743,0.4169,1.0,0.61886,0.54476,1.28912,0.27324,0.9546,1.0059,1.0538,0.5004,5.842,2.3573,4.7966,25.1691,17.8678,3.0585,62,0.0928,-0.2791,56,0.1281,0.7927,3.0
185,1241,213456,3.752584384395247e-11,0.005679546633160525,0.0009125958239760603,0.005679546633160525,0.3410054106768381,5.466702980695911,3.9745631563999733,-77.49845778652492,57.178470540295926,-0.42618655671019534,77.49845778652492,0.0071596022210513866,12.558028265699807,6.840234699450316,-3.889509697768476,7.032010917985209,-0.07949404738576493,7.032010917985209,0.6355921901639865,3.8500190283025435,1.694637283864882,0.12804017454034572,2.5601565742184595,0.8781555502155803,0.031016517082343303,2.5107081635182493,1.6147893216670468,0.0007284842888328757,1.4141163744688983,0.9197587203526592,0.010435622489209975,-0.623133731935918,0,0,0,0.016726257754589753,0.9574471284156392,403,0.2333,-0.15024,1.290890698228101,15,14,1,0.2902,208,0.7410738646988199,0.11219,0.1121902020945762,621.6157060857258,289.8433954895567,0.609167843555172,0.6091699045524046,0.6091702876917119,0.7614623806905058,1.9595225289048076e-05,379,0.6111,0.6053,-0.18936,-0.012575,375,0.5478,0.6138,0.12134,-0.017417,3,0.1426,-0.5654,-0.00014,6.924,0.1279,0.1821,-0.00122,6.816,0.3349,-0.914,0.000762,6.929,3.9778,1.7407,1.7134,1.7419,0.4316,1.0,0.63044,0.56617,1.2888,0.27668,0.9446,1.0158,1.0754,0.5004,5.8416,2.3571,4.8577,25.167,17.8321,3.0526,62,0.0792,0.9887,56,0.1264,0.9532,2.0
186,1241,213456,3.553413363772848e-10,0.006001986914286678,0.0009382745944597314,0.006001986914286678,0.3405329459602452,5.466478186595156,3.9746325902677793,-72.86774786248733,59.763133252147824,-0.3704877215493518,72.86774786248733,0.0010048022416473401,12.566332955835893,6.746481898084243,-3.9475088863713674,7.103524018370717,-0.08085326016829102,7.103524018370717,0.6490909094778692,3.848418953503911,1.6966534747613102,0.05731979501738649,2.579217663293237,0.8834701827650266,0.042876652981890084,2.524790517648097,1.6239869088514982,0.0005441448108323144,1.4140893271299024,0.8926666639485542,0.011169710119689072,-0.6191221859195415,0,0,0,0.013103054515056544,0.9590593968022796,403,0.2081,-0.21069,1.3238400251770484,11,11,0,0.2546,207,0.7412504082227126,0.032507,0.032507219891455996,621.6174704500958,289.84421816722534,0.6091677048092562,0.6091698940864947,0.6091702876915751,0.7614623676081184,2.0707630299610936e-05,379,0.618,0.5936,-0.20221,0.028083,375,0.5424,0.6133,0.11312,-0.032441,3,0.1287,-0.6352,0.000965,6.913,0.1129,0.3272,0.000787,6.806,0.3352,-0.9376,0.00062,6.918,3.9716,1.7405,1.7137,1.7418,0.4496,1.0,0.63895,0.55773,1.28854,0.27624,0.9482,1.0122,1.0675,0.5004,5.844,2.3581,4.8597,25.1774,17.8395,3.0526,61,0.1761,0.7266,55,0.1815,0.4696,-1.0
187,1241,213456,4.900828427175609e-10,0.006276719596980746,0.0009425549047287954,0.006276719596980746,0.3402678889312534,5.466232296400126,3.974704158580759,-72.6777396995446,56.647575730463025,-0.44132540907741535,72.6777396995446,0.0023960891552950933,12.544973324915595,6.75142496960746,-3.977880268937517,7.160137406808189,-0.08073173136798208,7.160137406808189,0.6578814106950617,3.8464779416658446,1.6986024315384904,0.08003307882148537,2.6007616721139697,0.8726834924490162,0.05420148640102779,2.538884884869837,1.632913574979081,0.00032200706214335906,1.4139660323197918,0.8215945936548185,0.011951510571221458,-0.6151651358207192,0,0,0,0.008225089503947375,0.9611502636819296,403,0.1658,-0.2144,1.3584295293595416,7,7,0,0.2112,205,0.7407305656462893,0.001915,0.0019147891842836717,621.6193858859797,289.84511128565043,0.6091675865964195,0.6091698825649376,0.6091702876915172,0.7614623532061721,2.1655426821378624e-05,379,0.6226,0.5855,-0.20135,0.01534,375,0.5443,0.6115,0.10645,-0.004404,3,0.1035,-0.7167,-0.000653,6.891,0.0905,0.4954,0.001442,6.792,0.3389,-0.9608,-0.00052,6.911,3.9634,1.7386,1.7136,1.7438,0.4659,1.0,0.6405,0.56597,1.28751,0.2753,0.9461,1.0144,1.0722,0.5004,5.8465,2.2566,4.9234,25.2325,17.8132,3.0468,61,0.1902,0.5268,55,0.1902,0.0925,-2.0
188,1242,213457,0.0,0.006121041502061124,0.0008992602599497268,0.006121041502061124,0.3423826617973584,5.467544733827403,3.974951867074151,-72.62170630855772,56.47623884520551,-0.2645897809129846,72.62170630855772,0.004043532062548039,12.558370661852846,6.702839681744964,-4.045631193431243,7.216738455007624,-0.08028493368270855,7.216738455007624,0.6707993083651702,3.8441734377156815,1.7002723882020137,0.0863941677741156,2.6221190443627114,0.8583660348362498,0.0,2.5511094672257184,1.6398081605249069,1.0,1.0,1.0,0.012783292565347446,-0.6110609440579584,0,0,0,0.0038106909695554353,0.9651397051843941,403,0.1219,-0.19184,1.3456180965800613,8,8,0,0.1785,203,0.7410423335938665,-0.00698,-0.006980319436952431,621.6181582674253,289.844538878733,0.6091676535801422,0.6091698899716311,0.609170287691728,0.7614623624645389,2.1118360641675174e-05,379,0.619,0.5832,-0.1907,0.035835,376,0.5362,0.5976,0.10316,0.013023,3,0.0772,-0.848,-0.004855,6.858,0.0669,0.7303,0.001752,6.757,0.3319,-0.9813,-0.00125,6.916,3.9515,1.7357,1.7099,1.7503,0.4775,1.0,0.63008,0.53938,1.28756,0.26034,0.9482,1.0123,1.0676,0.5,5.8571,2.2606,4.9323,25.1459,17.9824,3.0702,59,0.1632,0.3976,52,0.1566,-0.2253,-3.0
189,1242,213457,3.186477395108011e-23,0.006079952174527938,0.000908172389053375,0.006079952174527938,0.3424558271087568,5.467288473586269,3.9750216312505824,-72.61593034522936,56.543763237474764,-0.48920229197871684,72.61593034522936,0.05737080719420038,12.524367802244415,6.7021617082795,-4.093687963633098,7.231961124559661,-0.08099800501413666,7.231961124559661,0.6738608982030623,3.843288657459883,1.7005314435877432,0.09350585639858926,2.628619652882311,0.8823061831004275,1.4142115624116159e-08,2.5649781081684266,1.6486035783902777,0.0025814328494032646,1.413605637430093,0.931777030953869,0.01366153004234004,-0.6064840941041854,0,0,0,0.00038061156923143965,0.9642754441371905,403,0.1128,-0.15278,1.320440947100595,9,9,0,0.0834,200,0.7360914774098594,-0.051141,-0.05114089068952987,621.6190392741407,289.8449496694761,0.6091676712668598,0.6091698846600238,0.609170287691728,0.7614623558250296,2.0976567580222442e-05,379,0.6176,0.577,-0.19047,-0.019664,376,0.5269,0.5946,0.09922,0.002373,3,0.0701,-0.9341,0.001624,6.942,0.0598,0.9723,-0.009169,6.807,0.3255,-0.9917,0.000401,6.921,3.9782,1.7451,1.7112,1.7397,0.5129,1.0,0.63966,0.56213,1.28796,0.26393,0.9496,1.0109,1.0646,0.5,5.8599,2.2617,4.873,25.2021,17.991,3.0702,61,0.0582,0.922,54,0.0229,0.4594,-0.0
190,1243,213458,0.0,0.006011823148394425,0.0009367522848572552,0.006011823148394425,0.3447302153704016,5.468238434884906,3.9750251360867885,-72.54293584929283,58.863254793736886,-0.38173550249790866,72.54293584929283,0.023673890753407534,12.564787702296705,6.500619822323371,-4.145996626213136,7.3574559131254,-0.08068254762994366,7.3574559131254,0.6902477327176614,3.8406527912500334,1.703814406443365,0.08378234540573892,2.6467393318017267,0.8591876497018369,0.0,2.577337938528842,1.6565875421269112,1.0,1.0,1.0,0.014605050607052816,-0.602138452873958,0,0,0,0.005608975634756099,0.9655962562602795,403,0.1918,-0.10659,1.318017040459593,8,8,0,0.1848,202,0.739848420231567,0.041764,0.04176400746603237,621.6200300345586,289.8454116355442,0.6091677005899578,0.6091698786560844,0.609170287691728,0.7614623483201055,2.0741481172569938e-05,379,0.6098,0.5725,-0.19821,-0.036479,377,0.5214,0.5916,0.09335,0.001872,3,0.1189,-0.3609,0.006259,6.957,0.1017,0.413,0.001217,6.846,0.318,-0.9984,0.000883,6.918,3.9878,1.7447,1.7167,1.7347,0.5234,1.0,0.6461,0.559,1.28823,0.2385,0.9486,1.0119,1.0667,0.4996,5.8613,2.2622,4.8124,25.296,17.9951,3.0702,62,0.2513,0.9909,56,0.1754,0.9853,2.0
191,1243,213458,4.686055562789775e-23,0.006155145896890906,0.000951656473013328,0.006155145896890906,0.34499133470872256,5.467933864936715,3.9750963336176746,-72.56727667064341,56.21220421248698,-0.45420588591122946,72.56727667064341,0.030516888446168622,12.539042739880625,6.402655264752624,-4.170373414869087,7.339188365729021,-0.08025911343986236,7.339188365729021,0.6973756817577049,3.839098096332886,1.704404117788533,0.1339485489479828,2.6586885633317707,0.9066348717026034,1.4142115624116159e-08,2.5914790945720614,1.6654941071833769,0.00023657281399513952,1.4137330667129573,0.812818213266121,0.015602799178686838,-0.5971617581091507,0,0,0,0.00707245428716068,0.9667430294175171,403,0.2,-0.12044,1.3128596564561905,6,7,-1,0.1841,201,0.7400551163476145,-0.017492,-0.01749239285208848,621.6208264641974,289.84578299017465,0.6091676389179927,0.609169873789471,0.609170287691728,0.7614623422368386,2.123593392800735e-05,379,0.6099,0.5798,-0.18886,-0.005169,377,0.5179,0.6017,0.09912,0.033834,3,0.1224,-0.211,0.000197,6.945,0.104,0.1961,0.00137,6.845,0.316,-0.9999,-0.000658,6.918,3.9851,1.7427,1.7175,1.7358,0.4785,1.0,0.64391,0.56905,1.28859,0.26747,0.9532,1.0072,1.0567,0.5004,5.8561,2.2602,4.8698,25.2737,17.945,3.0643,62,0.3175,0.9919,56,0.2378,0.9896,3.0
192,1245,213460,0.0,0.006190181285830022,0.0009191830552087797,0.006190181285830022,0.347457879663033,5.465397703929635,3.9757148754096923,-73.20476378992898,58.50390065219648,-0.2730193261219198,73.20476378992898,0.0038995189003295516,12.546113235442355,6.443936713797854,-4.245698628313263,7.414461084109724,-0.07986901032826475,7.414461084109724,0.7127308702437721,3.8358605985689103,1.7061616970199234,0.14031203276087878,2.6790034427804543,0.8773753823986576,0.0,2.6055793974253185,1.6709337396207233,1.0,1.0,1.0,0.016678871878798168,-0.5930243574502349,0,0,0,0.005624436470389883,0.9682359426961702,403,0.1811,-0.12959,1.3359879510943056,6,6,0,0.1726,198,0.7377601043844895,0.033077,0.03307718898347822,621.6200226738596,289.84540820343983,0.6091676238374049,0.6091698787010844,0.609170287691728,0.7614623483763555,2.135683750934288e-05,380,0.6025,0.5763,-0.17715,-0.016628,378,0.5122,0.6048,0.11437,0.001267,3,0.1091,-0.1063,-0.002832,6.937,0.0928,0.024,-0.000218,6.831,0.3087,-0.9966,-0.000859,6.922,3.9819,1.7421,1.7155,1.7384,0.457,1.0,0.63489,0.53228,1.28998,0.25219,0.9558,1.0047,1.0512,0.5004,5.8504,2.2581,4.8651,25.2492,17.9961,3.076,62,0.2269,0.9862,56,0.187,0.9845,-1.0
193,1248,213464,0.0,0.006294294960755783,0.0009405765984071302,0.006294294960755783,0.3430048480100059,5.466113867647026,3.972376506599734,-74.1375203001709,58.40071436184879,-0.5018680835192935,74.1375203001709,0.003093898301457898,12.554108543112244,6.48675939147112,-4.283729827559361,7.367708970121003,-0.07887382438146931,7.367708970121003,0.7228479607513552,3.832254693895303,1.7058646866199,0.189100138356611,2.698718028122894,0.8573473494732855,0.0,2.6197059487970233,1.6757717558469751,1.0,1.0,1.0,4.660476033408553e-05,-0.5884536651634948,0,0,0,0.0029282751334197303,0.9689657558905291,404,0.1349,-0.06864,1.354306943354431,9,9,0,0.1233,198,0.7375408879076746,0.108325,0.10832543745002265,621.6213865299246,289.8460441344001,0.6091675790434476,0.6091698703565017,0.609170287691728,0.7614623379456271,2.1715994018663067e-05,380,0.6069,0.5853,-0.17372,0.020329,378,0.5048,0.6075,0.12455,0.003395,3,0.082,0.1825,-0.000834,6.916,0.0682,-0.3326,0.001351,6.815,0.3064,-0.9879,-0.000288,6.917,3.9738,1.7405,1.715,1.7406,0.4789,1.0,0.64665,0.55836,1.29224,0.25702,0.9479,1.0119,1.0675,0.5,6.463,2.2569,5.1088,25.1484,17.9527,2.7778,64,0.01,0.4953,55,0.0267,0.0766,1.0
194,1248,213464,2.5990413360125407e-23,0.0063874675623341905,0.0009870719671252772,0.0063874675623341905,0.3434476611328862,5.465733208951164,3.972442286427794,-75.27854089095442,58.427173387495976,-0.3611588120119607,75.27854089095442,0.008795278171163545,12.537809962034261,6.605570005387085,-4.316952475864708,7.348323867076731,-0.07922288982002497,7.348323867076731,0.7331944192018643,3.828373491881884,1.706988216916028,0.1509356456270946,2.7164414318594403,0.8758111013834742,1.4142115624116159e-08,2.6337137667047053,1.684644720437546,0.001465580736119576,1.4139175934654438,0.9112757956567205,0.0003333362249025748,-0.5834792331809123,0,0,0,0.0028882542829215484,0.9713113476855362,404,0.1395,-0.13735,1.3497095260141985,8,8,0,0.0947,202,0.7450808477844019,0.062372,0.062371623787038644,621.6231760502967,289.84687854166464,0.6091675389608878,0.6091698592770889,0.609170287691728,0.761462324096361,2.2037386065608467e-05,380,0.615,0.5892,-0.17321,-0.024922,378,0.503,0.618,0.13487,0.003216,3,0.0863,0.7235,-0.001699,6.875,0.0706,-0.8568,0.003252,6.786,0.3095,-0.9758,-0.000689,6.91,3.9591,1.7366,1.7139,1.7455,0.5082,1.0,0.65409,0.55682,1.29315,0.26307,0.9436,1.0161,1.0768,0.5,6.4582,2.2552,5.105,25.1298,17.9394,2.7778,61,0.1173,-0.0142,53,0.1187,-0.1218,-1.0
195,1248,213464,6.257559785691363e-12,0.006170855325453449,0.001016280580287779,0.006170855325453449,0.3439671607820931,5.465326746155519,3.9725120818333,-76.37022446742344,58.10212698764019,-0.43376426569306187,76.37022446742344,0.014287909271125776,12.563008552519513,6.798044539137343,-4.446103576552351,7.433910136147779,-0.07917528247652064,7.433910136147779,0.7515230108414639,3.8243468375157845,1.7100023928633374,0.2035928836713301,2.735168644365898,0.8624263475318349,0.006628644275371464,2.6464943350654546,1.6937574784722598,0.011281180167206917,1.4141130433061542,1.0027403341522891,0.0007808860899356556,-0.5788638090255791,0,0,0,0.0065414350353459995,0.972760559007764,404,0.1861,-0.20514,1.3338265548462904,6,6,0,0.0992,198,0.7410817743157496,0.091055,0.09105517688334297,621.6237868129696,289.84716332457026,0.6091676321760612,0.609169855462995,0.6091702876917253,0.7614623193287436,2.129003180391087e-05,380,0.6262,0.5909,-0.1735,0.013932,378,0.4969,0.6107,0.13702,0.014667,3,0.1166,0.9723,0.00136,6.887,0.0925,-0.9993,-0.001916,6.799,0.3113,-0.963,-0.000447,6.904,3.9625,1.738,1.7158,1.7422,0.5102,1.0,0.65583,0.56485,1.29337,0.27117,0.9516,1.0081,1.0594,0.5,6.4574,2.255,5.1659,25.0389,17.9714,2.7831,61,0.2511,0.4528,53,0.2272,0.5202,2.0
196,1250,213466,0.0,0.006866677779505079,0.001015474161347259,0.006866677779505079,0.3463304236509504,5.4586836312421,3.9726427465178307,-72.25151271953455,57.872004359986,-0.2521260182658874,72.25151271953455,0.015337328844376885,12.563327724712224,6.925343446786501,-4.473066417780746,7.497942318026594,-0.0810425071419456,7.497942318026594,0.7704729758288189,3.8199170482664435,1.7129432152284982,0.1732604514497087,2.7482798570379785,0.8577344620054915,0.0,2.6594942532421726,1.7010588252462686,1.0,1.0,1.0,0.0014900607951983194,-0.573993025117672,0,0,0,0.013312895108797174,0.9741479927416855,404,0.2299,-0.20864,1.346506430452193,6,6,0,0.1558,198,0.7421754223946033,0.005065,0.005065015117323046,621.6220652597768,289.846360608651,0.6091673327231268,0.609169866171597,0.609170287691728,0.7614623327144961,2.36907503861207e-05,382,0.6358,0.5852,-0.15768,0.008242,378,0.4824,0.6029,0.15781,-0.020638,3,0.1462,0.989,0.002652,6.91,0.1109,-0.9713,-0.001583,6.826,0.3068,-0.9253,5.5e-05,6.904,3.972,1.7396,1.7184,1.738,0.4703,1.0,0.64871,0.53757,1.29387,0.25529,0.9501,1.0098,1.0628,0.4992,6.4509,2.2527,5.2221,25.0575,17.9532,2.7831,62,0.2108,0.3273,54,0.2121,0.5513,-3.0
197,1254,213471,0.0,0.008329331139185414,0.0010543317449056456,0.008329331139185414,0.34867939191460695,5.446002554308522,3.972394631583961,-72.23868799958336,57.75560754161205,-0.49405535772093545,72.23868799958336,0.0021963126940829185,12.553970226946149,7.051242332186991,-4.482699154845163,7.510547664402175,-0.08012784634792564,7.510547664402175,0.7797696185249139,3.815761037762507,1.7124427911132527,0.13965920977068302,2.758180562969821,0.8842828902508197,0.0,2.6736318110620076,1.7046225200294975,1.0,1.0,1.0,9.961064652506144e-06,-0.5688073755426074,0,0,0,0.01914595418981995,0.9758640125837086,404,0.2549,-0.21386,1.345361703754852,6,5,1,0.1753,195,0.7396598820036451,0.016326,0.016326453222680115,621.6208571090868,289.8457972790974,0.6091667032786721,0.6091698736051943,0.609170287691728,0.7614623420064928,2.8737112000161108e-05,386,0.6391,0.582,-0.13748,-0.002374,378,0.4715,0.584,0.16147,0.019176,3,0.1632,0.984,0.001887,6.928,0.1204,-0.9398,-0.000668,6.845,0.3015,-0.8638,0.000575,6.907,3.98,1.7408,1.7198,1.7355,0.4524,1.0,0.66385,0.56203,1.2974,0.26695,0.9414,1.0186,1.082,0.4992,6.4426,2.1475,4.9086,25.6827,17.7257,2.7513,63,0.1422,-0.5868,55,0.1482,0.3565,-4.0
198,1255,213472,0.0,0.008545639001146355,0.0010820752416572778,0.008545639001146355,0.35156049992277494,5.446858218516969,3.9727761909835277,-72.22080504683832,57.61711377456613,-0.37387452369588153,72.22080504683832,0.0035344454477250764,12.55560147545929,7.073894038650671,-4.558941379878552,7.473304303076661,-0.0824190726081375,7.473304303076661,0.7870726044528336,3.8134209395573535,1.7122246219362374,0.15398932068709892,2.7739638114601384,0.8587744494466889,0.0,2.6877739192977907,1.7119983024640963,1.0,1.0,1.0,5.3481251203040165e-05,-0.5640508493444107,0,0,0,0.021367876440511233,0.9775391050969169,404,0.2518,-0.23981,1.3734967917989855,10,10,0,0.1652,193,0.7384032121256356,0.057582,0.05758160155403935,621.6181023419804,289.84451280213824,0.6091666101687316,0.6091698903052077,0.609170287691728,0.7614623628815096,2.94835286634528e-05,386,0.6513,0.6105,-0.12409,0.00578,379,0.4684,0.568,0.15233,0.069915,3,0.1641,0.9854,0.001042,6.941,0.118,-0.893,-6.6e-05,6.859,0.3051,-0.8033,0.000346,6.914,3.9865,1.7412,1.7205,1.7344,0.4386,1.0,0.67399,0.55877,1.29774,0.26717,0.9429,1.0171,1.0787,0.4996,6.4472,2.1491,4.9121,25.6571,17.8065,2.7619,64,0.2072,-0.9963,57,0.1067,-0.5105,-4.0
199,1256,213473,0.0,0.008366174660511566,0.001084607141069693,0.008366174660511566,0.35320068857720627,5.446892253114618,3.9714540735180135,-72.18050237188254,56.67631697889907,-0.46010978987074763,72.18050237188254,0.013237761056492436,12.554803650818727,7.063387191115361,-4.568603649010543,7.468038569468232,-0.0828739289341832,7.468038569468232,0.7941368889501164,3.8102895770271132,1.7125837374786526,0.22064721382265406,2.7907792091403896,0.8734274645309299,0.0,2.701915088265894,1.7196035850921785,1.0,1.0,1.0,0.0001575870002886629,-0.5589551075837225,0,0,0,0.017765546708663767,0.9790459432664035,404,0.236,-0.21576,1.3999439258679431,6,6,0,0.1746,191,0.7372247239127607,0.052892,0.052891786013326,621.6201716361111,289.84547766070153,0.6091666874145196,0.6091698777913912,0.609170287691728,0.761462347239239,2.8864258045471957e-05,386,0.6438,0.6107,-0.12078,0.015322,379,0.4695,0.5613,0.1424,-0.010511,3,0.1519,0.991,-0.000834,6.952,0.1108,-0.8472,-0.001014,6.862,0.3024,-0.7683,6.3e-05,6.92,3.9904,1.7423,1.7196,1.7342,0.4352,1.0,0.67588,0.56825,1.29867,0.269,0.9452,1.0142,1.073,0.5,6.7549,2.1493,4.9126,25.6597,17.8083,2.6364,65,0.229,-0.9884,58,0.0825,-0.9868,-1.0
200,1257,213474,0.0,0.008036121776178578,0.0010596923311091552,0.008036121776178578,0.35154073225670657,5.448190023548975,3.9719999085255226,-71.81460535117857,56.4559292870507,-0.3416370274692244,71.81460535117857,0.014633565093191692,12.554673438609688,7.111655295077062,-4.596669419244495,7.480948503085504,-0.08349408322570007,7.480948503085504,0.7995063534706769,3.8055421190453056,1.713095486210153,0.2476228172111109,2.8092591053808835,0.8686034686688329,0.0,2.7160553929122067,1.7271693151627634,1.0,1.0,1.0,0.0003098530591548196,-0.5539931049503244,0,0,0,0.012596079964592426,0.9805005447724915,405,0.2154,-0.21137,1.4069969852366424,4,5,-1,0.1691,190,0.7364041454160596,0.027698,0.027698061233361937,621.6235505947587,289.8470531821018,0.6091668294999835,0.6091698569471684,0.609170287691728,0.7614623211839605,2.772538719284386e-05,386,0.6331,0.6066,-0.12407,0.053734,379,0.4862,0.5867,0.15287,-0.067875,3,0.1364,0.995,-0.002488,6.968,0.1048,-0.801,-0.003301,6.85,0.308,-0.7373,0.000548,6.918,3.9907,1.7461,1.7165,1.7334,0.4357,1.0,0.66498,0.5386,1.29963,0.27082,0.9566,1.0028,1.0483,0.4996,6.7518,2.1483,5.0946,25.5606,17.8003,2.6364,65,0.1225,-0.9998,55,0.0656,-0.8315,-1.0
201,1259,213477,0.0,0.007560125479227081,0.001087954561394326,0.007560125479227081,0.3539081443435121,5.441311916466294,3.9720881894918274,-71.78561727863394,54.292836974162846,-0.5363299534593188,71.78561727863394,0.01677853272334623,12.553144489459864,7.1760886529529335,-4.585085666318252,7.517376417815944,-0.08279337949828015,7.517376417815944,0.8088299532276153,3.800862325526097,1.712958652431206,0.2519727544556638,2.8249573991875976,0.8765836200678373,0.0,2.730196126514144,1.7332005880628647,1.0,1.0,1.0,0.00010034711884460148,-0.5489077336555466,0,0,0,0.010189377828351324,0.9825307803419691,405,0.2155,-0.1965,1.3964204002670788,8,8,0,0.1988,187,0.7338252991593953,0.112274,0.11227388514812797,621.6274785494005,289.84888468619596,0.6091670343781599,0.6091698320636958,0.609170287691728,0.7614622900796197,2.6082989718632274e-05,388,0.6091,0.5713,-0.13919,-0.004828,379,0.492,0.5895,0.15713,-0.004904,3,0.1313,0.9974,-0.001618,6.978,0.1061,-0.75,-0.001501,6.84,0.2999,-0.7002,0.000899,6.919,3.9909,1.7485,1.7139,1.7336,0.4585,1.0,0.67615,0.55933,1.30172,0.26476,0.946,1.0134,1.0713,0.5004,6.4523,2.2532,4.916,25.6774,17.923,2.7778,65,0.0386,-0.3997,56,0.0832,0.9943,-3.0
202,1263,213483,0.0,0.007448782509613866,0.0011312043422586834,0.007448782509613866,0.35417499305646055,5.447292097103391,3.9723714549108156,-71.76731956335355,56.82629845347745,-0.44535452038501144,71.76731956335355,0.0030072980027023855,12.554957964821519,7.219250564515947,-4.616432775529537,7.522543719475799,-0.08520471922386363,7.522543719475799,0.8190380681249638,3.795489371401363,1.713345649951471,0.2266243200082244,2.8418184703472793,0.866565140987885,0.0,2.744092409292408,1.736390451715368,1.0,1.0,1.0,1.4191626059893591e-06,-0.543790050845533,0,0,0,0.010469035964224554,0.9824995230037095,407,0.2298,-0.23126,1.3959019159891055,12,12,0,0.2281,187,0.7318295308920747,0.100285,0.10028464102858758,621.6298770144087,289.85000302866246,0.6091670823137716,0.6091698165234876,0.609170287691728,0.7614622706543595,2.5698749117754113e-05,388,0.6088,0.5662,-0.15825,-0.006722,381,0.4891,0.5887,0.15097,-0.005821,3,0.1401,0.9997,0.0004,6.975,0.1125,-0.6685,0.001168,6.84,0.2978,-0.6512,0.000454,6.922,3.991,1.7478,1.7139,1.7344,0.4657,1.0,0.68098,0.55438,1.30296,0.26257,0.949,1.0105,1.0649,0.5004,6.4499,2.2523,4.9756,25.7558,17.9505,2.7831,64,0.0879,0.4386,55,0.149,0.9887,-1.0
203,1268,213490,0.0,0.007762984807879358,0.0011702559426489496,0.007762984807879358,0.35949368468410003,5.440475161542872,3.971664921764214,-71.41340921956922,54.69561857009342,-0.5136168683404897,71.41340921956922,0.01812285092913199,12.554570501689103,7.234985506620568,-4.652084512130431,7.495610909982893,-0.08444777766626352,7.495610909982893,0.8273502171133585,3.7901047540989716,1.7137354770534545,0.1835221435782064,2.8610642175235568,0.8764507860137446,0.0,2.7582097954699587,1.7382816875789886,1.0,1.0,1.0,7.593509083848065e-06,-0.538533506709777,0,0,0,0.011741818651420337,0.9832982706224839,407,0.2411,-0.22319,1.4064984426900835,10,10,0,0.2192,190,0.7378826474691601,-0.09417,-0.0941695805605669,621.6311431226115,289.85059338231173,0.6091669471152803,0.6091698082165141,0.609170287691728,0.7614622602706426,2.678271145589829e-05,391,0.6048,0.5417,-0.16683,0.01169,383,0.484,0.5886,0.1336,-0.023214,3,0.1466,0.9999,1.3e-05,6.962,0.1173,-0.5715,0.001616,6.834,0.2927,-0.5605,-0.000116,6.921,3.987,1.7461,1.714,1.7359,0.4678,1.0,0.68514,0.55843,1.30498,0.25725,0.9557,1.004,1.0506,0.5,6.4502,2.2524,4.9759,25.9324,17.9854,2.7883,63,0.1098,0.855,55,0.1586,0.9916,-1.0
204,1270,213493,0.0,0.00781865971123427,0.0011556108806821677,0.00781865971123427,0.3608878448260786,5.433701374307958,3.9713625904074696,-71.41026389327999,57.185320253332186,-0.39152843387212766,71.41026389327999,0.012754830219723345,12.551386181566546,7.2740334956478545,-4.741770781511423,7.539272568293933,-0.08342853978989827,7.539272568293933,0.8380224646286035,3.7851186089585793,1.7149885924339603,0.22273747930968635,2.880108413627048,0.8712984162577591,0.0,2.772332097404999,1.7442450769884927,1.0,1.0,1.0,4.843469480708808e-07,-0.5333690484295027,0,0,0,0.014243760254838542,0.9839606304663404,407,0.2497,-0.19063,1.390357567945409,11,11,0,0.1877,190,0.7394586890348956,-0.073435,-0.07343482065787765,621.6291208845015,289.84965046475907,0.6091669231405389,0.6091698214511607,0.609170287691728,0.7614622768139508,2.6974880593084897e-05,393,0.6188,0.5558,-0.15679,0.021575,383,0.4773,0.5985,0.10536,-0.017086,3,0.1559,0.9996,0.000967,6.958,0.1202,-0.3925,0.001338,6.836,0.2954,-0.4195,0.000364,6.923,3.9871,1.7451,1.7146,1.7363,0.4571,1.0,0.67909,0.54194,1.30628,0.26279,0.9614,0.9984,1.0385,0.5,6.4487,2.2519,4.9133,26.0578,17.9812,2.7883,63,0.0753,0.9815,55,0.1353,0.8733,1.0
205,1270,213493,8.343034874241303e-23,0.007834613295367016,0.0011852300960662316,0.007834613295367016,0.3613867879912536,5.433422742107373,3.971414901020005,-71.38958020013418,56.74551024410866,-0.5337934420906952,71.38958020013418,0.0028287273411127245,12.554569889037612,7.317983412157736,-4.765887190888598,7.549779997447996,-0.08295826469846096,7.549779997447996,0.8514690669946771,3.7814127571114278,1.7160860772056674,0.15803110533880071,2.8872001415986035,0.8714345058571733,1.4142115624116159e-08,2.7864542255746736,1.753511828091029,0.0003012306060612424,1.4128723717679041,0.793032730617112,3.990105657374851e-06,-0.5280694091770148,0,0,0,0.015972877999758793,0.9848439228882502,407,0.2528,-0.18331,1.3768285782800609,11,10,1,0.1635,186,0.7352707600322855,-0.129647,-0.1296471690583112,621.6272788372514,289.84879156556394,0.6091669162587006,0.6091698333395168,0.609170287691728,0.7614622916743959,2.703000158479123e-05,393,0.6236,0.5692,-0.14351,-0.010649,383,0.4706,0.5995,0.08283,-0.005808,3,0.1594,0.9904,0.001419,6.958,0.1203,-0.1399,0.000934,6.84,0.2935,-0.2755,0.000676,6.922,3.9876,1.7449,1.7154,1.7358,0.4567,1.0,0.68862,0.56581,1.30658,0.29513,0.9545,1.0053,1.0532,0.5,6.4464,2.2511,4.8501,26.1363,17.9407,2.7831,65,0.0407,0.1834,57,0.07,0.9984,-5.0
206,1270,213493,6.681276306410474e-12,0.007779944159556541,0.0012103548848195432,0.007779944159556541,0.3618647641950764,5.434727715747894,3.971468438619491,-71.34636629481884,57.31570533964198,-0.4493983217678455,71.34636629481884,0.008501757738306304,12.559174883622859,7.4921633642070375,-4.755087775175393,7.632949427025416,-0.08444852825579817,7.632949427025416,0.8692931211805712,3.775586178447499,1.7184825656137308,0.16275133063852165,2.8994169451468856,0.9001996148198261,0.0035944059498721815,2.7981566423262016,1.7614421553245891,6.381220842055502e-05,1.4127820383851435,0.7798860570747167,7.626838483933842e-06,-0.5227119863891367,0,0,0,0.015757258638937878,0.9859439191958934,407,0.244,-0.21334,1.405057613392535,8,8,0,0.1405,187,0.7382165461161431,-0.172078,-0.17207824390485205,621.627370697425,289.8488343975973,0.6091669397736537,0.6091698327484304,0.6091702876917252,0.761462290935538,2.6841385012728668e-05,393,0.6287,0.5886,-0.13049,-0.022385,383,0.4678,0.5988,0.07462,0.016467,3,0.1549,0.9635,0.001051,6.958,0.1153,0.1871,0.001337,6.846,0.2941,-0.0828,0.000382,6.926,3.9896,1.7439,1.716,1.7361,0.4532,1.0,0.69752,0.56049,1.30563,0.28797,0.9602,0.9996,1.0411,0.5,6.4438,2.2502,4.9709,25.9506,18.0018,2.7937,65,0.0731,-0.6348,57,0.0952,0.7792,-2.0
207,1273,213497,0.0,0.007652339505399965,0.001178898077299261,0.007652339505399965,0.3586810981692436,5.44066295394285,3.971226250410643,-71.29114000460834,57.337812795809086,-0.4927656717872652,71.29114000460834,0.00221721073384451,12.565213966039757,7.4868976822069575,-4.801319136279043,7.65628932874895,-0.08630389559508371,7.65628932874895,0.8865093892774233,3.7706401260888764,1.7215333469900942,0.2397199375308633,2.9185020352738955,0.8788351955399488,0.0,2.8101865855442067,1.7650715555582805,1.0,1.0,1.0,6.580643979929329e-06,-0.5178828736359757,0,0,0,0.012394729588837514,0.9837881661875572,409,0.2245,-0.22403,1.441163384789426,9,10,-1,0.1073,186,0.7304016907987957,-0.089195,-0.08919511751778453,621.6248597082414,289.84766358800556,0.6091669946672792,0.6091698487304861,0.609170287691728,0.7614623109131076,2.6401246125886084e-05,394,0.6219,0.5885,-0.11486,-0.00384,383,0.4531,0.5873,0.09385,-0.020735,3,0.1407,0.9078,-0.00077,6.961,0.1025,0.4784,-0.000684,6.843,0.2819,0.0659,0.000186,6.927,3.9899,1.7448,1.7151,1.7362,0.4487,1.0,0.70049,0.56364,1.30738,0.26784,0.9735,0.9864,1.0133,0.4996,6.4367,2.2477,5.0267,26.0094,17.9818,2.7936,65,0.1167,-0.0341,57,0.1677,0.6653,-2.0
208,1273,213497,3.0849635002288383e-23,0.007620328981974049,0.0011270573505399197,0.007620328981974049,0.3591338749710171,5.441805482028912,3.9712823088520977,-71.54104066328483,57.16627402740127,-0.35987087268215207,71.54104066328483,0.0001664794184463858,12.547009259993084,7.4783082896576385,-4.83653811762892,7.646405856795977,-0.08707072517369287,7.646405856795977,0.903472929955313,3.7645250522321656,1.7230415960132373,0.14768745985120313,2.9351171893130803,0.8850293056033379,1.4142115624116159e-08,2.8243112115270983,1.7740431445705764,0.0020143654766849872,1.4133781811888215,0.786247075837451,3.25938242979261e-05,-0.5126947330288332,0,0,0,0.008438432291813552,0.9858371364728954,409,0.2092,-0.20483,1.4492884446647687,14,13,1,0.0958,187,0.7334831766543877,-0.068765,-0.06876517423379647,621.6228780013395,289.84673956911143,0.6091670084346072,0.609169861134149,0.609170287691728,0.7614623264176862,2.629089081113175e-05,394,0.6227,0.6124,-0.09754,0.018562,383,0.4411,0.5624,0.09747,-0.032403,3,0.1315,0.8258,-0.002095,6.976,0.0932,0.7081,-0.003333,6.838,0.2748,0.1865,-0.000274,6.925,3.9914,1.7478,1.7132,1.735,0.4577,1.0,0.69349,0.54383,1.30718,0.29545,0.9687,0.9911,1.0231,0.5004,6.4357,2.2474,5.026,25.9616,18.0131,2.7989,66,0.0914,0.3924,58,0.1838,0.8823,-1.0
209,1274,213498,0.0,0.0074642290621120344,0.0011114557023914574,0.0074642290621120344,0.3614944677631297,5.439859231439754,3.971286436649855,-71.44173795170471,57.44429435063801,-0.5126496310289368,71.44173795170471,0.001760301718475188,12.553547655302236,7.464826794872431,-4.807027379683573,7.700807282131692,-0.08716808901281535,7.700807282131692,0.9203347576805875,3.7578506176571,1.7245381491732108,0.19378808584995033,2.948882323418502,0.8683743777976504,0.0,2.8356085194984373,1.7805069450585984,1.0,1.0,1.0,7.665264933512442e-05,-0.5077066987505992,0,0,0,0.005728900779896667,0.9881672445000141,409,0.2015,-0.18252,1.442946551307178,9,9,0,0.1061,189,0.737992893196361,-0.060865,-0.06086514174658464,621.618938433082,289.84490264988733,0.6091670755524516,0.6091698852738925,0.609170287691728,0.7614623565923656,2.575249381262471e-05,394,0.623,0.6104,-0.09906,0.006568,384,0.4162,0.5266,0.102,0.018683,3,0.1269,0.7574,-0.000913,6.988,0.0848,0.8203,-0.002232,6.837,0.2594,0.2477,8.1e-05,6.923,3.993,1.7501,1.7122,1.7337,0.4623,1.0,0.70075,0.56114,1.30768,0.27861,0.9565,1.0033,1.049,0.5008,6.438,2.2482,5.0278,26.0586,17.9855,2.7936,68,0.0933,0.9692,61,0.1752,0.9936,0.0
210,1274,213498,9.167251455825166e-23,0.007123252444197519,0.0011219582982302586,0.007123252444197519,0.36195834969532453,5.440858720063647,3.9713406132119484,-71.3976424346367,55.8818580225918,-0.43859539957146193,71.3976424346367,0.0019146551830235836,12.53904259835137,7.465355334938864,-4.80594497847597,7.719721394204969,-0.08763345069133564,7.719721394204969,0.9348490132906122,3.751067528400181,1.724693138508945,0.1782920504924831,2.9575264362883926,0.8966225022307829,1.4142115624116159e-08,2.8497387323623515,1.789327485148206,0.001853810067722672,1.4139981047110664,0.8921540166004842,0.0001254928774440049,-0.502185715921964,0,0,0,0.0049832465892358825,0.9891632306545328,409,0.1863,-0.13458,1.4149961863086724,13,13,0,0.095,189,0.7396158936162982,-0.008169,-0.008169095110425628,621.6143855105558,289.84277973936327,0.6091672222467277,0.6091699122927163,0.609170287691728,0.7614623903658954,2.457626320932678e-05,394,0.6236,0.5982,-0.11459,0.00651,384,0.4064,0.5135,0.10224,0.045184,3,0.1166,0.6124,0.001841,6.985,0.076,0.932,0.002323,6.843,0.2536,0.2843,0.000957,6.927,3.9943,1.7487,1.7131,1.7342,0.4748,1.0,0.70605,0.55629,1.30703,0.28387,0.948,1.0118,1.0673,0.5,6.4381,2.2482,5.0892,26.1028,17.9177,2.7831,67,0.147,0.9915,60,0.1984,1.0,0.0
211,1274,213498,1.6639883231255317e-11,0.00725031389876323,0.0011193715462011697,0.00725031389876323,0.36242953593371363,5.441743965394721,3.9714011730341654,-71.27910250674057,57.02000665053052,-0.5158317410875708,71.27910250674057,0.01441717271049825,12.560979010425166,7.484455030180101,-4.847502299791107,7.802680762466121,-0.08934585032047306,7.802680762466121,0.9575101434144492,3.7470481394174393,1.7269500538804212,0.14884571686061032,2.9664146485934504,0.8772148025823624,0.014137804075469069,2.8636900665829828,1.7982490260038426,0.00011539465049570374,1.4139349449453291,0.8316924805942592,0.00015272741132233393,-0.49731039202377825,0,0,0,0.006482362454291048,0.9904162179305493,409,0.1797,-0.14704,1.4495228105483762,12,12,0,0.0934,186,0.7370332488030106,0.081941,0.08194118341738266,621.6151696754788,289.8431453752725,0.6091671675774641,0.6091699077055106,0.6091702876917209,0.7614623846318882,2.5014612263387957e-05,394,0.618,0.586,-0.11919,0.006549,384,0.4023,0.4953,0.07355,0.003625,3,0.1116,0.5182,0.0022,6.981,0.0727,0.9769,0.002364,6.86,0.2487,0.3233,-0.00044,6.934,3.9984,1.7459,1.7158,1.7343,0.4828,1.0,0.71029,0.56374,1.30673,0.29346,0.9589,1.0009,1.0437,0.5,6.4374,2.248,5.1499,26.0122,17.9497,2.7883,67,0.1344,0.9501,59,0.2033,0.9851,4.0
212,1275,213499,0.0,0.006970827796506094,0.0010671827915384447,0.006970827796506094,0.3631301103502529,5.443876925347262,3.971236736264443,-71.60112888235025,57.151196459978166,-0.37877696689080537,71.60112888235025,0.0010503520880398298,12.553110813610811,7.479852163364703,-4.93929653808304,7.860392653156596,-0.08969000098797124,7.860392653156596,0.9796530508403476,3.7400002281808162,1.7292429548583395,0.11203672405230558,2.979593533574159,0.8741874557418409,0.0,2.8769459017649464,1.805149036331672,1.0,1.0,1.0,0.00019022023496439693,-0.4921500575253361,0,0,0,0.008204987827974377,0.991087079953692,409,0.1751,-0.17585,1.4692988775581242,12,11,1,0.1132,187,0.7400225050928478,-0.029704,-0.029703668175046882,621.6119819451299,289.84165901870335,0.6091672878317897,0.6091699261843696,0.609170287691728,0.7614624077304619,2.405046886671412e-05,395,0.6095,0.5741,-0.11519,0.027404,384,0.401,0.4812,0.04909,-0.031524,3,0.1074,0.4004,0.000787,6.955,0.0706,1.0,0.00383,6.846,0.2445,0.4023,0.000962,6.932,3.9902,1.7431,1.7156,1.7373,0.4603,1.0,0.7012,0.53911,1.30727,0.27093,0.9569,1.003,1.0481,0.4996,6.4372,2.2479,5.1498,26.0555,17.9493,2.7884,66,0.0384,0.6359,58,0.1354,0.9718,4.0
213,1275,213499,8.474512799831357e-23,0.007427788799849085,0.0010919341796050326,0.007427788799849085,0.36355631867340765,5.444562156342296,3.971298346447354,-71.1411564423343,57.76121240598719,-0.505629022231606,71.1411564423343,0.007127790939835066,12.556971829842285,7.523895891680238,-4.974183491177712,7.858460220925422,-0.08955429038030599,7.858460220925422,0.9858823313255763,3.7362442558984608,1.7292761089042503,0.13291270787577447,2.981354065596103,0.8940513872620817,1.4142115624116159e-08,2.8910843620519113,1.8141001822193068,0.0011029525917397587,1.4130733865163052,0.8184778061993672,0.00023740292849215434,-0.4865238358859198,0,0,0,0.006647063971579503,0.9928988138964859,409,0.1668,-0.1811,1.4984492901600783,8,8,0,0.1211,186,0.7401881752214292,0.035164,0.035163785968554295,621.6105740660222,289.84100256093205,0.6091670911679701,0.6091699341951196,0.609170287691728,0.7614624177438994,2.56271153295075e-05,395,0.6198,0.5882,-0.11998,-0.003887,384,0.3957,0.4726,0.01303,-0.0066,3,0.1037,0.2148,1e-06,6.959,0.0662,0.9517,-0.000811,6.848,0.2452,0.5044,-0.000201,6.93,3.9909,1.7437,1.7158,1.7365,0.4683,1.0,0.70693,0.55196,1.30736,0.29546,0.9473,1.0125,1.0687,0.5004,6.4365,2.2477,5.2105,26.0088,17.9473,2.7884,67,0.0582,-0.9778,59,0.0579,0.9563,-0.0
214,1275,213499,1.3782846882785233e-10,0.0074183543455400664,0.0011066599897846961,0.0074183543455400664,0.36402651571569605,5.445181338974954,3.971361988513596,-71.04526138624838,56.14561530355175,-0.44199901285211346,71.04526138624838,0.02232049471111175,12.565212861530172,7.492247438856187,-5.007806687584786,7.847059660465482,-0.08853937273888716,7.847059660465482,0.9787408830817116,3.730176557386132,1.7315499970329336,0.1817839667068013,2.9895878262132847,0.8708762090063761,0.013547459774277694,2.9049733680614502,1.822284960749994,0.0002708710136182235,1.411488539200497,0.8093318888156044,0.0003052912868123256,-0.48164137439427146,0,0,0,0.0053526163158663705,0.9945151841191389,409,0.1501,-0.11609,1.5233805727472274,5,5,0,0.1368,187,0.7430745231754632,-0.035506,-0.03550598094375723,621.6106846754369,289.84105413525367,0.6091670952256728,0.6091699335683955,0.6091702876916687,0.7614624169604944,2.5594560327807488e-05,395,0.6127,0.5894,-0.11244,-0.008258,384,0.3903,0.4529,-0.0122,-0.00432,3,0.0922,-0.042,0.001729,6.958,0.0588,0.7425,0.003419,6.854,0.2391,0.6381,0.001556,6.943,3.9943,1.7419,1.716,1.7382,0.4762,1.0,0.71221,0.56133,1.30728,0.29601,0.9545,1.0053,1.0533,0.5004,6.4358,2.2474,5.2099,26.0058,17.9453,2.7884,67,0.1218,-0.9999,59,0.0149,-0.9433,-4.0
215,1277,213502,0.0,0.007775397295549135,0.0010933334895425523,0.007775397295549135,0.3655234881377312,5.448891095642097,3.971750699749911,-73.0437486195246,57.66611739422734,-0.4701562894458542,73.0437486195246,0.0017268419040574745,12.56072028683726,7.519667158090013,-5.078340602169994,7.8611887416662505,-0.08882522375358519,7.8611887416662505,0.9452238984500997,3.7236386398437706,1.7332648248050033,0.25172344592734147,2.998508448257755,0.8725415618926629,0.0,2.9189104837182884,1.8275115947432916,1.0,1.0,1.0,2.3792611140699535e-06,-0.47601616970170185,0,0,0,0.003413264221975376,0.9969288582958917,409,0.138,-0.09134,1.494176477901028,5,3,2,0.1594,183,0.7392669409596409,0.029785,0.02978490870545647,621.6126854636143,289.84198705125516,0.6091669415959351,0.6091699221471553,0.609170287691728,0.761462402683944,2.6826331735623065e-05,397,0.5935,0.5777,-0.11623,0.026207,384,0.39,0.4506,-0.00198,-0.006055,3,0.0831,-0.2583,0.000194,6.981,0.0546,0.4283,-0.001703,6.867,0.2315,0.7623,0.00061,6.95,4.0026,1.7442,1.7156,1.7363,0.4845,1.0,0.71407,0.56342,1.30848,0.26486,0.9572,1.0027,1.0476,0.5004,6.1306,2.3501,5.211,26.099,17.9491,2.9278,69,0.1269,-0.9949,63,0.0403,-0.792,-1.0
216,1278,213503,0.0,0.008994779819473957,0.0010567102258844604,0.008994779819473957,0.3664591517266,5.450652131637648,3.971681844323282,-73.07218532863335,57.60883091649233,-0.3681381675329069,73.07218532863335,0.027220736603231294,12.556774206113209,7.516853310970474,-5.149411034462079,7.8657709370814395,-0.09006442497218259,7.8657709370814395,0.9262483307408459,3.7173393390654486,1.732945916456493,0.25194437532877567,3.0063012873821533,0.8608179886911876,0.0,2.933051323383496,1.834903020095705,1.0,1.0,1.0,2.1185028654757154e-05,-0.47014860335851594,0,0,0,0.003823488501682069,0.9990240960998414,409,0.1381,-0.07051,1.473465149565432,11,9,2,0.1876,182,0.7395008649751663,-0.003758,-0.003757646785538027,621.6131604614457,289.84220853051147,0.6091664168454387,0.6091699194081301,0.609170287691728,0.7614623992601627,3.103336765572252e-05,398,0.5933,0.5903,-0.12659,0.068242,384,0.3826,0.4411,0.03344,0.004479,3,0.0841,-0.5972,0.001016,6.986,0.0542,-0.0854,-0.001248,6.874,0.227,0.8501,-0.000404,6.943,4.0037,1.745,1.717,1.734,0.4993,1.0,0.7088,0.54407,1.30923,0.23769,0.9586,1.0013,1.0446,0.5,6.1346,2.3516,5.2144,26.1159,17.9949,2.9333,70,0.0814,-0.9925,64,0.0407,-0.9966,-2.0
217,1279,213504,0.0,0.009184887827968922,0.001020711749112845,0.009184887827968922,0.3672802100831672,5.452796068885614,3.9719117825061296,-70.05735852201117,57.23512536869429,-0.460837105413552,70.05735852201117,0.004682816342521434,12.563464844812021,7.506984119615426,-5.1592931916878735,7.851368308065291,-0.08943557224580086,7.851368308065291,0.9052812064350205,3.71026820626949,1.7340551954698877,0.24548508984755524,3.0195128022545203,0.8856654813870384,0.0,2.9471919963667226,1.8424631652024182,1.0,1.0,1.0,0.00011103678308290265,-0.46399277017268015,0,0,0,0.003813014220541853,1.0024388273040286,409,0.1314,-0.1559,1.5241055217837802,14,13,1,0.1707,179,0.7365946792587627,0.082872,0.08287208168809501,621.6043249500316,289.838088759077,0.6091663349323491,0.6091699686845164,0.609170287691728,0.7614624608556455,3.168971982700212e-05,399,0.586,0.596,-0.14359,0.003696,384,0.3603,0.4222,0.09537,-2.7e-05,3,0.0783,-0.8368,0.001794,7.009,0.0482,-0.5221,-0.006184,6.896,0.2111,0.9038,-0.002016,6.916,4.0071,1.7491,1.7209,1.726,0.5031,1.0,0.71624,0.55822,1.31005,0.22202,0.9567,1.0032,1.0486,0.5004,6.1391,2.3533,5.2182,26.091,18.0761,2.9444,72,0.0605,-0.355,68,0.0383,-0.9036,-0.0
218,1281,213507,0.0,0.009010964055250585,0.0009937818842304133,0.009010964055250585,0.36961290435360994,5.455341889913691,3.9717246363494527,-70.04484987950316,56.95508674373819,-0.3484845281734929,70.04484987950316,0.006658794380881905,12.562649155017084,7.536720597392758,-5.242450258506567,7.85073277977043,-0.08921803024347484,7.85073277977043,0.8870652582764532,3.7032687530588024,1.7348640996804883,0.2834634723096956,3.0347593628435114,0.8882586598500926,0.0,2.9612747486783544,1.8484143252548,1.0,1.0,1.0,1.4623805420977813e-05,-0.45789472316290797,0,0,0,0.0030351356907629924,1.0062989963117945,409,0.1071,-0.26799,1.554450970619458,12,11,1,0.0936,178,0.7368889162626526,-0.021732,-0.021732341758286644,621.5922741279505,289.8324697710813,0.6091664096459745,0.6091700301996329,0.609170287691728,0.7614625377495411,3.1090250386258394e-05,401,0.5745,0.5734,-0.14086,-0.023986,384,0.33,0.404,0.10494,0.029868,3,0.0621,-0.9931,0.000157,7.036,0.0357,-0.8878,-0.005255,6.911,0.1896,0.9357,-0.000882,6.905,4.0131,1.7533,1.722,1.7206,0.498,1.0,0.72472,0.56698,1.31214,0.22433,0.9529,1.0071,1.0569,0.5004,5.8367,2.4576,5.2223,26.1117,18.1587,3.1111,73,0.0797,-0.4834,69,0.0249,-0.613,-2.0
219,1282,213508,0.0,0.008631635411534064,0.0009590686110691359,0.008631635411534064,0.37005039249583055,5.457648477424776,3.9719371502830105,-69.69583874528738,56.49982917312425,-0.37984020229743815,69.69583874528738,0.008897838775804,12.564788966630136,7.475570374469223,-5.31273038119231,7.843537815519529,-0.09007693529422521,7.843537815519529,0.861130216173855,3.6961881024071888,1.734954930406108,0.25517032422424923,3.0220952123154152,0.8928008747737934,0.0,2.9754119808927557,1.8558697616800137,1.0,1.0,1.0,8.783304060452304e-05,-0.4517803570139518,0,0,0,0.002021758125947442,1.0089342038877593,409,0.075,-0.20525,1.6114971054235263,11,10,1,0.0346,176,0.7361521779910535,-0.514351,-0.5143507966381837,621.5841286773859,289.8286717572501,0.6091665728094848,0.6091700680565484,0.609170287691728,0.7614625850706854,2.9781854773718198e-05,402,0.5785,0.5714,-0.13915,0.010051,384,0.3084,0.3773,0.09626,0.018355,3,0.0435,-0.842,-0.006054,7.054,0.0232,-0.9618,-0.006555,6.884,0.1784,0.9575,-0.000681,6.898,4.0101,1.759,1.7166,1.7202,0.5009,1.0,0.7256,0.5717,1.31206,0.21505,0.9548,1.0053,1.0528,0.5,5.8395,2.4587,5.1634,26.1681,18.2016,3.117,73,0.0311,-0.3501,70,0.0504,0.1837,-1.0
220,1285,213512,0.0,0.008298064383081203,0.0009383332876046786,0.008298064383081203,0.37110641142685,5.453710264536612,3.9723060672264685,-69.8689853197098,56.3390268536374,-0.2855424969846492,69.8689853197098,0.0034662186065812714,12.56445192974014,7.3743333434675025,-5.358184687982273,7.834619400592412,-0.09095497100869737,7.834619400592412,0.8351131439848367,3.69113741553437,1.7353700804098486,0.32830126717034336,2.9843582484147797,0.8897115940041198,0.0,2.989540022897616,1.8604354385703723,1.0,1.0,1.0,1.8716700261010293e-07,-0.4456017327455091,0,0,0,0.0012528415938840138,1.0034071888339011,410,0.0747,-0.11484,1.5665231320983624,17,18,-1,0.0876,177,0.7407260700519623,-0.147317,-0.1473169121666391,621.577301670521,289.82548849976257,0.609166716314923,0.6091700974726043,0.609170287691728,0.7614626218407553,2.8631244360304084e-05,402,0.5887,0.5752,-0.12998,0.049953,386,0.2921,0.3433,0.07916,-0.015642,3,0.0531,-0.2014,-0.003114,6.882,0.0263,-0.4157,0.018268,6.779,0.172,0.9746,-0.000958,6.887,3.9546,1.7403,1.7143,1.7415,0.5138,1.0,0.72606,0.55337,1.31386,0.19844,0.9585,1.0017,1.0451,0.4996,5.8401,2.459,5.2253,26.2583,18.2032,3.1169,65,0.0394,0.2993,53,0.1234,0.7921,2.0
221,1286,213513,0.0,0.00831591701609797,0.0010206002084670667,0.00831591701609797,0.37198272951249656,5.45530772474341,3.972374121586538,-70.77360815720802,56.186203300556876,-0.36607521355950223,70.77360815720802,0.0003670855723841848,12.558363329429866,7.41172721298503,-5.358165090908932,7.8474625159118965,-0.09065147149319744,7.8474625159118965,0.8065971847195662,3.6902535216384216,1.7361887895298407,0.1707130032090931,2.9512664736352137,0.89523419706993,0.0,3.0036483961723404,1.8679398373005656,1.0,1.0,1.0,2.0655477517276017e-05,-0.4394370297350849,0,0,0,0.001337189552808111,1.0073774886077949,410,0.122,-0.06552,1.4924004110230178,10,10,0,0.0928,183,0.7496709024243977,0.612336,0.6123356048736044,621.5836322989591,289.8284403087727,0.6091667086922331,0.6091700702661214,0.609170287691728,0.7614625878326516,2.8692550003852255e-05,403,0.5994,0.5676,-0.12034,-0.0282,386,0.3119,0.3634,0.10118,-7.8e-05,3,0.0742,0.1657,0.004819,6.837,0.0386,0.0357,0.008738,6.784,0.1871,0.9915,0.00046,6.889,3.9472,1.732,1.7187,1.7453,0.5154,1.0,0.73187,0.56218,1.31461,0.18693,0.9522,1.0079,1.0585,0.5008,5.8347,2.4567,5.2205,26.4972,18.0158,3.0877,65,0.1301,-0.1178,54,0.1755,0.2044,3.0
222,1287,213514,0.0,0.008687974312679736,0.0011639635298659767,0.008687974312679736,0.3726574437858882,5.4567307493256525,3.972807568014868,-71.56072918545011,56.1773188158383,-0.3175190896773761,71.56072918545011,0.002813740147807664,12.555474123816976,7.313621761997353,-5.412420292349742,7.820278250982182,-0.08989701710830633,7.820278250982182,0.7767023230842368,3.688105199248678,1.7372993495677993,0.18894769572013925,2.9426461175954537,0.891990761548037,0.0,3.0177786714240913,1.876079507491022,1.0,1.0,1.0,5.0486933481512965e-05,-0.43324719401009953,0,0,0,0.003318095581887322,1.007515318929544,410,0.1263,-0.06528,1.503870229966903,11,11,0,0.0905,182,0.7491205168566596,-0.114189,-0.11418935457671142,621.5964185282924,289.8344021982314,0.6091665487079622,0.6091700097854846,0.609170287691728,0.7614625122318558,2.9975649014700544e-05,404,0.6167,0.5748,-0.11814,-0.011184,386,0.3396,0.3853,0.11379,0.009797,3,0.0779,0.2675,0.001135,6.872,0.0429,0.2982,-0.000723,6.805,0.2096,0.9995,0.001979,6.907,3.9614,1.7347,1.7179,1.7435,0.4995,1.0,0.74205,0.56878,1.31529,0.19465,0.9497,1.0105,1.064,0.5004,5.8383,2.4582,5.1623,26.6015,18.027,3.0877,65,0.1608,-0.3202,56,0.1462,0.0644,-3.0
223,1287,213514,1.8074182065631948e-23,0.009234894870113391,0.0012518278305985492,0.009234894870113391,0.373080227556537,5.4564885199795325,3.972858084030074,-74.96481115801087,56.83615311598356,-0.4043303592827423,74.96481115801087,0.004994841437349962,12.555100498133829,7.1017085858419104,-5.48605872797536,7.851160831031344,-0.08965762741659729,7.851160831031344,0.7603571894311834,3.6803434502288357,1.7372719418710814,0.21563941840863632,2.9367750475512144,0.8955724104340826,1.4142115624116159e-08,3.0319186607897834,1.8848193617620068,0.0009269454026876733,1.410077942888944,0.7295249553364378,9.982571713299992e-05,-0.42694550921832375,0,0,0,0.0028486951889626533,1.0098282986760316,410,0.1004,-0.09043,1.5053568444319902,5,6,-1,0.0837,180,0.7473612322775962,-0.414642,-0.4146415187696397,621.6105401072657,289.8409867268384,0.6091663134845791,0.6091699343873289,0.609170287691728,0.7614624179841611,3.186193565790213e-05,404,0.6246,0.579,-0.12553,0.003419,386,0.3659,0.4075,0.1586,0.017716,3,0.0629,0.1207,0.000642,6.868,0.0369,0.3356,0.00157,6.81,0.2285,0.9756,5.9e-05,6.912,3.9627,1.7332,1.7185,1.7444,0.5041,1.0,0.74847,0.57024,1.31516,0.23449,0.9488,1.0113,1.0659,0.5004,5.8394,2.4587,5.1632,26.6064,18.0303,3.0877,65,0.1357,-0.5314,57,0.1097,-0.0142,0.0
224,1288,213515,0.0,0.008631910425612737,0.0012308312191168101,0.008631910425612737,0.3751606041950773,5.453463273401742,3.9725060654902813,-74.47466519392435,56.597086281922195,-0.315686888134124,74.47466519392435,0.02656830786216223,12.563075376098862,6.933990486069759,-5.556104862289765,7.920039752177087,-0.09020035437147937,7.920039752177087,0.738742248875236,3.6728073437878743,1.7383227292207752,0.2543430771853086,2.9207846496411345,0.8900838766562179,0.0,3.042826802030213,1.8906455781082743,1.0,1.0,1.0,0.000141221015841314,-0.4206328075879031,0,0,0,0.003562410744911677,1.0111830709018597,410,0.1025,-0.16546,1.5266699645859318,8,8,0,0.1223,181,0.7508436361142071,0.203515,0.20351548152463805,621.6186786508779,289.84478152013565,0.6091665730831831,0.6091698868428596,0.609170287691728,0.7614623585535744,2.978114831097304e-05,404,0.6201,0.5839,-0.12318,0.0324,387,0.3771,0.4054,0.18339,-0.009548,3,0.0643,-0.1323,-0.001953,6.854,0.0391,0.2881,-0.000703,6.795,0.2339,0.911,-0.00124,6.905,3.9557,1.7327,1.7177,1.7456,0.5118,1.0,0.74799,0.55978,1.31579,0.21363,0.9554,1.0049,1.0518,0.5,5.8419,2.4597,5.227,26.4862,18.1406,3.1053,65,0.1023,-0.7385,56,0.0399,-0.7486,-3.0
225,1289,213516,0.0,0.008452583589645398,0.0012208422422385617,0.008452583589645398,0.3758266494351092,5.454749829260957,3.9726069119005594,-78.43896437211693,56.31616731969975,-0.41348153804204796,78.43896437211693,0.016526799233666623,12.558374855885354,6.815561672794435,-5.633485447173686,7.9350411875676645,-0.09251882533999918,7.9350411875676645,0.7108256280981368,3.664945631582902,1.7397307913331908,0.23854443752448673,2.9135152182809296,0.8907850392539557,0.0,3.0569680947593345,1.8980417435327988,1.0,1.0,1.0,0.00015485612672381762,-0.41425992979444054,0,0,0,0.0037767260168071553,1.01344854294809,410,0.1147,-0.16268,1.5183426833309808,7,7,0,0.1401,176,0.7461003242132331,0.310935,0.31093523812266666,621.6193961814392,289.8451160861581,0.6091666502534347,0.609169882507776,0.609170287691728,0.76146235313472,2.9162415098734387e-05,405,0.6113,0.5811,-0.14116,-0.006732,387,0.3787,0.4055,0.15519,-0.003043,3,0.071,-0.2483,-0.002555,6.837,0.044,0.3434,0.000141,6.775,0.2315,0.8245,-0.000946,6.902,3.948,1.7316,1.7161,1.7483,0.5108,1.0,0.75119,0.56476,1.31543,0.19103,0.9471,1.0132,1.0699,0.4996,5.8439,2.4606,5.1673,26.6712,18.0786,3.0936,64,0.0793,-0.9725,54,0.1254,-0.125,2.0
226,1289,213516,8.667566247005741e-23,0.008431274053071562,0.0011900254277848767,0.008431274053071562,0.3764385703551929,5.454259507714609,3.9726519490633567,-81.28602488968818,56.67719675116616,-0.3430712524222839,81.28602488968818,0.006921729294065957,12.53898582239724,6.770972343470434,-5.647670233042568,7.919001473678659,-0.09441346438676122,7.919001473678659,0.6796536757434798,3.6571599328611084,1.7412214131790842,0.2321292228679117,2.9077924403548865,0.8706090350125604,1.4142115624116159e-08,3.0711096933382294,1.9071666535715335,0.0006786947105839047,1.4134438618816951,0.8206166108954261,0.0001587697905620847,-0.4079532301446717,0,0,0,0.002803073109725843,1.0164695018392222,410,0.1147,-0.16446,1.5469357737143068,7,7,0,0.1566,174,0.7459282651734483,0.034015,0.03401520068649955,621.6068258578292,289.839254867978,0.6091666592900264,0.6091699550932064,0.609170287691728,0.761462443866508,2.908948291670158e-05,405,0.6136,0.5987,-0.16595,0.011926,387,0.3479,0.3682,0.14245,-0.00585,3,0.0711,-0.3025,-0.003011,6.815,0.0403,0.4923,0.00117,6.744,0.2135,0.6808,0.000285,6.9,3.9376,1.7308,1.7128,1.7524,0.5123,1.0,0.75554,0.57635,1.31521,0.25579,0.9446,1.0156,1.0752,0.5004,5.843,2.4602,5.1665,26.6231,18.11,3.0994,64,0.0501,-0.591,54,0.1642,0.2605,0.0
227,1289,213516,4.5496350015266954e-11,0.0083895415392063,0.0011500114249696687,0.0083895415392063,0.3771541064363147,5.453646789544906,3.972694759802554,-81.19858258454231,55.90501025477221,-0.41018604776618894,81.19858258454231,0.004065790211890241,12.562800512431343,6.6321384643401045,-5.669128852898511,7.940202813286864,-0.09484277921108909,7.940202813286864,0.6455255550735952,3.6496564012487,1.7422026550703988,0.23963186233349165,2.8804379054102176,0.9203578923546646,0.013792598035900194,3.084395691493035,1.9153728193128454,0.000535369536709851,1.4127851741807098,0.7968383953699874,0.00015119338685292438,-0.40142025042052915,0,0,0,0.00134489430061372,1.0220116384451843,410,0.0921,-0.10874,1.593457622882349,13,13,0,0.1271,166,0.737006578325035,0.070358,0.07035800769420208,621.5945995600605,289.83355406018813,0.609166677118361,0.6091700188394483,0.6091702876917084,0.7614625235493103,2.8946067222651833e-05,405,0.6126,0.599,-0.1681,-0.027788,387,0.3106,0.3296,0.12673,0.022616,3,0.0582,-0.1667,-0.002298,6.774,0.0295,0.8109,0.003296,6.711,0.1904,0.4418,-0.000477,6.894,3.9221,1.7271,1.711,1.7578,0.5125,1.0,0.76034,0.58286,1.31536,0.23303,0.9429,1.0172,1.0788,0.5004,5.8422,2.4599,5.1657,26.6192,18.1073,3.0994,64,0.0935,-0.0091,54,0.1966,0.5908,0.0
228,1289,213516,2.448514371772452e-11,0.008318357911276723,0.0010970394469942434,0.008318357911276723,0.37798023198279246,5.452904101644006,3.9727346386149898,-77.88489476875608,55.74285133078642,-0.36791664172694916,77.88489476875608,0.00995203935794109,12.554890511893573,6.677898582298162,-5.705160456625843,7.995981834207146,-0.09458053788038827,7.995981834207146,0.6130603683889944,3.643627375388044,1.7436432204246224,0.22818939971344288,2.8230223662452034,0.8486415345648644,0.01944262992806459,3.0955976425492557,1.9233412030526458,0.00027546015050972095,1.4074176545241022,0.7263122279637825,0.0001365645690944955,-0.3957432851706435,0,0,0,0.0005313786140575425,1.0334899479914794,410,0.0802,-0.17488,1.5199564639560714,16,17,-1,0.0505,167,0.7408084818989863,0.388736,0.38873570453878115,621.5848698644484,289.8290173536898,0.6091667076567354,0.6091700647355367,0.6091702876917174,0.7614625809194209,2.8700914722853655e-05,405,0.6127,0.5934,-0.15396,0.029114,387,0.2679,0.2965,0.15919,-0.023768,3,0.0492,0.2642,0.001978,6.693,0.0216,0.9824,0.011278,6.689,0.1646,0.0791,-0.000763,6.895,3.9025,1.7149,1.7139,1.7667,0.5162,1.0,0.76189,0.56615,1.31497,0.26515,0.9451,1.015,1.0739,0.5004,5.8414,2.4595,5.2265,26.5716,18.1048,3.0994,63,0.066,0.0573,53,0.1763,0.8774,-3.0
229,1291,213518,0.0,0.008061020359266258,0.0010591237497945187,0.008061020359266258,0.3787093149798081,5.454735813065918,3.972625773542664,-77.77374801442865,55.85272250969995,-0.4069891494338265,77.77374801442865,0.004430098643270597,12.560615987774842,6.764583277839884,-5.7480192857837595,8.00900473054003,-0.09478561941916469,8.00900473054003,0.591100080686919,3.64335738933996,1.7453431875469987,0.22674505289097757,2.8214089523714185,0.86114498756808,0.0,3.1071489539796664,1.9276134589573535,1.0,1.0,1.0,0.000117101956898192,-0.3891702821240348,0,0,0,0.00030366562946399097,1.0500374332787996,410,0.053,-0.23379,1.512843801974771,25,25,0,-0.0101,173,0.7465639683538396,0.02079,0.020790392004550684,621.5794719807124,289.8265004595135,0.6091668183422566,0.6091700883496115,0.609170287691728,0.7614626104370144,2.7813261887666202e-05,407,0.6014,0.5641,-0.14695,-0.021079,387,0.242,0.2913,0.19254,0.030572,3,0.0394,0.7712,0.018642,6.634,0.0159,0.4331,0.017738,6.769,0.1458,-0.2397,0.000952,6.901,3.908,1.6975,1.732,1.766,0.5108,1.0,0.76434,0.56648,1.31642,0.21752,0.9451,1.0152,1.0742,0.5004,5.8372,2.4578,5.3457,26.5088,18.1261,3.1053,63,0.0296,0.9926,57,0.1006,0.9541,3.0
230,1293,213521,0.0,0.007799302650012484,0.0009997878100315894,0.007799302650012484,0.3790663284489031,5.456640422674626,3.9718883621682943,-80.70987515038868,55.69652610851438,-0.3944692244737059,80.70987515038868,0.003578605865346321,12.548912363118358,6.706157704418324,-5.773525772456847,8.030023025853929,-0.09411571668818755,8.030023025853929,0.5681847943425886,3.6424647324153514,1.7470242152946067,0.2177999344504572,2.830154036437805,0.8642946772402706,0.0,3.121285825722206,1.933440217109603,1.0,1.0,1.0,1.050140526807379e-05,-0.3826854896597154,0,0,0,0.0008744984863207701,1.0502678999752697,410,-0.0295,-0.17786,1.6394212497370508,29,30,-1,0.0214,172,0.7452740117662494,0.022297,0.022297346110189187,621.5642377101298,289.81939711146384,0.6091669308444311,0.6091701478757467,0.609170287691728,0.7614626848446834,2.6910906335965122e-05,409,0.5919,0.542,-0.16065,0.020684,387,0.1988,0.2518,0.19901,0.009669,3,0.035,0.8551,0.002534,6.654,0.0118,0.0731,-0.001462,6.785,0.1177,-0.4546,0.000895,6.897,3.9141,1.6999,1.7336,1.7621,0.5133,1.0,0.76762,0.57578,1.31814,0.18802,0.9461,1.0142,1.072,0.5004,5.8464,2.4616,5.3541,26.5945,18.1888,3.1111,63,0.1029,0.4607,59,0.0936,0.0314,-2.0
231,1296,213525,0.0,0.006893891060505472,0.0009174251682424476,0.006893891060505472,0.38360799023996717,5.450991274282916,3.971637235519571,-80.4637426153705,57.10341914096023,-0.3967407008167703,80.4637426153705,0.0070369281929369976,12.56146950498991,6.771641143395292,-5.811168610165319,8.070897155416558,-0.09487511607504062,8.070897155416558,0.5543974468127345,3.6414987699676282,1.7483747551289308,0.35391326871007833,2.839865466495761,0.8779374006988746,0.0,3.1354261996887014,1.9376605755687943,1.0,1.0,1.0,5.268194038657427e-05,-0.37621371033371026,0,0,0,0.0011846659041635332,1.0344352506502847,410,0.016,-0.1592,1.6257655067684598,15,15,0,-0.0131,162,0.7308028196026167,0.117611,0.11761123514479821,621.5425061589673,289.80926424880204,0.6091673203459335,0.60917021458224,0.609170287691728,0.7614627682277999,2.3787683524799428e-05,410,0.5886,0.5432,-0.16693,-0.010104,389,0.1345,0.1582,0.14076,0.007807,3,0.0294,0.3459,-0.007744,6.748,0.0067,0.4144,-0.021659,6.774,0.0794,-0.7105,-0.001497,6.858,3.9223,1.7205,1.727,1.7485,0.511,1.0,0.77247,0.58677,1.31995,0.17487,0.9554,1.0049,1.0519,0.5008,5.8496,2.463,5.357,26.6091,18.3014,3.1287,64,0.1096,0.5566,57,0.0829,-0.3203,-0.0
232,1302,213533,0.0,0.0073337961880572886,0.0008217945561379141,0.0073337961880572886,0.3970983788867702,5.4306891947844615,3.97261794192166,-77.08647970841591,56.26798043625278,-0.34575391452252197,77.08647970841591,0.0078013559870520055,12.5539778935226,6.702497777871248,-5.885204275332705,8.027076846371983,-0.09579506942546129,8.027076846371983,0.5472818177198029,3.6406478892469556,1.7500666995653464,0.32847549383991714,2.8382653201540453,0.8836165821414583,0.0,3.1495650152933323,1.9377572448692022,1.0,1.0,1.0,3.200769985317362e-07,-0.36986174131503513,0,0,0,0.0019968886634409684,1.0249506271999445,410,0.0768,-0.1885,1.618271262340966,11,11,0,0.0543,163,0.735478893905836,-0.143865,-0.14386484415147494,621.5210008062488,289.7992368566495,0.60916713080479,0.6091702595022652,0.609170287691728,0.7614628243778315,2.5306471706428212e-05,410,0.5809,0.5353,-0.15801,0.002987,395,0.038,0.0427,0.0225,0.056821,3,0.0468,-0.2375,-0.006939,6.837,0.0033,0.5,-0.016032,6.781,0.0235,-0.96,-0.001242,6.853,3.9395,1.7354,1.7212,1.7395,0.4821,1.0,0.77169,0.57639,1.32472,0.1713,0.9513,1.0093,1.061,0.4992,6.2015,2.3772,5.0852,26.755,18.8112,3.0333,64,0.0635,0.9743,58,0.067,-0.6938,-1.0
233,1303,213534,0.0,0.0068924609966091385,0.000809267771297969,0.0068924609966091385,0.39798570773006825,5.4309338708833375,3.972659325341911,-76.8866926241977,57.091060411704966,-0.3256121773277527,76.8866926241977,0.005561686499614638,12.566098235079604,6.744630915495265,-5.918079235117784,8.004683882892525,-0.09613484460230888,8.004683882892525,0.5334474398679516,3.6401132497942785,1.7513804484827777,0.28734921278391745,2.8142801927075873,0.884420748005068,0.0,3.163701047899393,1.9456892984134764,1.0,1.0,1.0,1.8204012973122599e-06,-0.3636191715722361,0,0,0,0.00316276149140075,1.0237858255353889,410,0.1158,-0.16024,1.6145658416622723,11,11,0,0.1439,165,0.7418119060473978,0.029477,0.029476567825942768,621.519717268008,289.7986383758223,0.6091673207766577,0.6091702615193362,0.609170287691728,0.7614628268991702,2.37836210523209e-05,411,0.5786,0.5348,-0.14655,-0.011589,395,-0.0075,-0.0187,0.00685,-0.193408,3,0.0672,-0.4178,-0.004257,6.859,0.0012,-0.91,0.003436,6.789,0.0058,0.757,0.001197,6.914,3.9574,1.7332,1.7157,1.7471,0.4147,1.0,0.77398,0.57234,1.3257,0.15536,0.9475,1.013,1.0691,0.5004,6.2061,2.379,5.1511,26.7307,18.8597,3.0389,65,0.0269,0.9883,55,0.0932,0.4526,3.0
234,1303,213534,8.633422584160765e-23,0.007378470090659025,0.0008717277435091697,0.007378470090659025,0.39905058050334163,5.429442147136539,3.972683140586176,-79.84852767458823,57.71996755231239,-0.3537805796826287,79.84852767458823,0.016173746631372055,12.553658902919505,6.882465919757569,-5.931862440578283,8.02685819079474,-0.09596415124803524,8.02685819079474,0.5104867695193642,3.639202473384399,1.751320570426471,0.20582728031790554,2.7786435692892812,0.9011542130672902,1.4142115624116159e-08,3.1778072247137104,1.9542317958934143,0.0031594610533445255,1.4135027823986246,0.8560171414285359,2.7918825894596214e-06,-0.35734208687273106,0,0,0,0.004320924925184235,1.0253682079537894,410,0.1314,-0.16761,1.6460450398717794,10,10,0,0.1794,163,0.7414185927768957,-0.03316,-0.03316011365713378,621.5239081551805,289.80059247858435,0.6091671116140417,0.6091702546568928,0.609170287691728,0.761462818321116,2.5460507266575994e-05,411,0.5844,0.5483,-0.16748,0.006039,395,-0.016,0.0284,0.06412,-0.086706,3,0.0774,-0.4852,-0.002646,6.85,0.0066,-0.8389,-0.02639,6.767,0.0291,0.8829,-0.012536,6.759,3.9216,1.7469,1.7257,1.7235,0.4354,1.0,0.7833,0.57786,1.32556,0.21626,0.9507,1.0099,1.0623,0.5004,6.202,2.3774,5.2097,26.8016,18.7439,3.0222,63,0.1219,0.8125,55,0.1645,0.673,0.0
235,1307,213539,0.0,0.008275534497076404,0.0009368197686897443,0.008275534497076404,0.40708833876689454,5.418116736176762,3.970937050308535,-79.81871196230749,56.147129986261014,-0.37179577002375475,79.81871196230749,0.009228005462869504,12.566308338066351,6.948896847281549,-5.951607461399697,8.056485919604826,-0.09610828332675664,8.056485919604826,0.4815814288508261,3.63814520853082,1.7532223756247227,0.2728490126564016,2.7697440166638736,0.8643631324330234,0.0,3.187880340855394,1.956784952454832,1.0,1.0,1.0,3.4819021123927816e-06,-0.35188927883088905,0,0,0,0.004460037422004821,1.0290052498351994,410,0.1225,-0.17104,1.6795643489057757,11,11,0,0.1701,160,0.7391555759919158,0.002044,0.0020441904582937376,621.5227710303835,289.80006226657554,0.6091667254515418,0.609170256597737,0.609170287691728,0.7614628207471713,2.855601352308913e-05,411,0.6016,0.5656,-0.17545,-0.004848,398,-0.0635,0.0584,-0.14383,0.295575,3,0.0769,-0.4237,-0.001392,6.812,0.0083,-0.1681,-0.007695,6.745,0.0393,0.9641,-0.006542,6.691,3.897,1.748,1.7309,1.7171,0.4213,1.0,0.78642,0.58328,1.32763,0.21125,0.9549,1.0054,1.0528,0.5004,6.1967,2.4787,5.2672,26.8229,18.7623,3.0278,63,0.101,0.5874,55,0.1627,0.8032,-1.0
236,1307,213539,3.579013327642258e-23,0.008358539569896916,0.0009865699281745562,0.008358539569896916,0.4083644585542668,5.416396111307821,3.9709588489590306,-76.46046953235162,66.65928149880295,-0.31399433339340715,76.46046953235162,9.585312086015686e-05,12.553487539100528,6.978245137575203,-5.961969575157201,8.065353510396992,-0.09600138029628655,8.065353510396992,0.45451183987676774,3.637316906088623,1.7540191605058273,0.15957319865192754,2.734876477612427,0.8980439305139218,1.4142115624116159e-08,3.202015873214562,1.965639138455886,0.0007708511343534896,1.4133189002676032,0.8360675580254148,1.2354050363409641e-05,-0.34566340684067154,0,0,0,0.0035311063348533035,1.0350191573222203,410,0.1034,-0.19155,1.7291809495741088,15,16,-1,0.1568,159,0.7392442472377393,-0.036558,-0.03655768912536295,621.5196729773775,289.7986177242419,0.6091666896852146,0.6091702615875704,0.609170287691728,0.7614628269844629,2.884257915215624e-05,411,0.6174,0.578,-0.16901,0.00271,398,-0.06,-0.0348,-0.12896,-0.194347,3,0.0709,-0.3812,0.001118,6.759,0.007,0.9248,0.041516,6.735,0.0375,-0.0009,0.015685,6.895,3.924,1.7224,1.7162,1.7572,0.4194,1.0,0.78303,0.57172,1.32774,0.25437,0.951,1.0093,1.0613,0.5004,6.1932,2.4773,5.3262,26.8079,18.7174,3.0223,66,0.0642,0.5578,54,0.159,0.8438,-1.0
237,1307,213539,2.952739569407838e-11,0.008990401121016824,0.0010463854609947458,0.008990401121016824,0.40974988351403935,5.414525738805317,3.9709798291267533,-76.41482823162305,71.29827347984762,-0.3083892693127575,76.41482823162305,0.0006748516357951706,12.566122492396943,7.1015295549034585,-6.012732823757988,8.044859326296919,-0.09623660433900068,8.044859326296919,0.42709230299741363,3.636344217302098,1.7549496725840934,0.14914761553164935,2.687928845033562,0.8436274094263652,0.010031709666227786,3.2143107364266013,1.9739998131340406,2.554549920719129e-05,1.412602677926238,0.7957843843467967,1.0657216352921595e-06,-0.3405404992103826,0,0,0,0.0018303339536680453,1.0345240407704177,410,0.0653,-0.22197,1.744264138108142,17,17,0,0.1083,155,0.7319229029823171,0.307692,0.3076915294017353,621.5253822605,289.80127981593273,0.6091664177561211,0.6091702520533464,0.6091702876917154,0.761462815066683,3.1022641193051584e-05,411,0.6242,0.5878,-0.14362,0.002934,398,0.1098,0.0817,0.35469,-0.018273,3,0.0462,-0.4459,0.003325,6.783,0.0082,0.8091,0.013802,6.772,0.0689,-0.8868,0.006897,6.988,3.9537,1.7155,1.7127,1.7673,0.4151,1.0,0.78186,0.5793,1.32693,0.25968,0.9525,1.0078,1.058,0.5004,6.1865,2.5777,5.2585,26.8229,18.6626,3.0167,66,0.0515,0.8766,54,0.1713,0.7528,2.0
238,1309,213542,0.0,0.009501296024739706,0.001108551715692842,0.009501296024739706,0.4096136658456366,5.416578296142927,3.9717212069922767,-79.5545583720131,72.77708609165005,-0.36514551304328297,79.5545583720131,0.0038412088284331958,12.556951650234453,7.221654995027487,-6.028243139246002,8.112922142546244,-0.09604359897007829,8.112922142546244,0.4012130392697006,3.635371783884779,1.7570914884980058,0.15785243130057908,2.690700076892263,0.8335288655356351,0.0,3.2268643263851526,1.9789294552064733,1.0,1.0,1.0,8.245593246906046e-05,-0.33441786895762177,0,0,0,0.0007191508295735763,1.0469914708068766,410,0.0385,-0.20056,1.7575288041970851,19,20,-1,0.1098,153,0.7312219641657333,-0.358269,-0.3582688066610098,621.5431818760804,289.8095793182904,0.6091661980512623,0.6091702128306958,0.609170287691728,0.7614627660383697,3.278461687529203e-05,413,0.6206,0.586,-0.14787,0.002223,398,0.1541,0.1132,0.36671,0.151774,3,0.0279,-0.998,-0.012476,7.113,0.007,0.9998,-0.060331,6.838,0.0964,-0.999,-0.003215,6.908,4.015,1.7716,1.7032,1.7206,0.4502,1.0,0.78849,0.57925,1.32795,0.20943,0.9521,1.0082,1.0589,0.5004,6.1737,2.5724,5.3094,26.8996,18.5554,3.0056,79,0.0546,0.6089,79,0.0831,0.1369,-2.0
239,1313,213547,0.0,0.009969095369005181,0.0011252956547901434,0.009969095369005181,0.40964172470952936,5.42064051116329,3.9717775443215153,-79.41884611965978,73.764721028031,-0.3966061345614175,79.41884611965978,0.004224202972803681,12.564098901275848,7.215528015549068,-6.0453219997089445,8.108402750036163,-0.0964604815478013,8.108402750036163,0.38746200872328385,3.634050392868959,1.7589461823070234,0.1612775103487609,2.6948204414962853,0.8282645075387723,0.0,3.240996089677915,1.981607666362906,1.0,1.0,1.0,1.501097612961047e-05,-0.32829590290473537,0,0,0,0.0018626672398638292,1.0409137692338288,410,0.1127,-0.15943,1.6755583095246187,5,5,0,0.0333,150,0.7294640225296684,-0.137574,-0.13757403994230377,621.5390222475553,289.8076397906306,0.6091659966576684,0.6091702232844656,0.609170287691728,0.7614627791055819,3.439900817041014e-05,417,0.6053,0.5724,-0.1581,-0.006474,398,0.1424,0.1004,0.26752,0.062785,3,0.0687,-0.8008,-0.002452,7.021,0.0165,0.9623,0.007838,6.764,0.0879,-0.9335,0.000427,6.887,3.9787,1.7646,1.7001,1.7309,0.5115,1.0,0.79179,0.57856,1.33077,0.20031,0.9495,1.011,1.0648,0.5004,6.1642,2.5684,5.3629,26.9025,18.5954,3.0167,72,0.0904,-0.1206,66,0.1003,-0.044,1.0
240,1314,213548,0.0,0.009734466233243623,0.0011021140666835584,0.009734466233243623,0.4103071402295801,5.420443394860371,3.971845043064239,-76.0298624703648,74.5575640819551,-0.3900825205282178,76.0298624703648,0.0036024760677428585,12.551636581428781,7.251310288971633,-6.11588198549894,8.121057893710919,-0.09887253141618993,8.121057893710919,0.36729595265032006,3.6326285482650476,1.7603775915332982,0.18162168569777698,2.6989865882155306,0.8658309245288662,0.0,3.2551377720062797,1.9895032833472157,1.0,1.0,1.0,7.601360274777806e-05,-0.3221575103779555,0,0,0,0.005632643496526131,1.0388245616838883,410,0.1496,-0.09894,1.6222941153089394,8,9,-1,0.0453,153,0.7369065497533193,0.021934,0.021934328036286477,621.5383764629399,289.8073386778952,0.6091660976384353,0.6091702248368807,0.609170287691728,0.7614627810461008,3.358944006612249e-05,418,0.6124,0.5871,-0.16348,0.01248,398,0.1083,0.121,0.186,-0.022087,3,0.0924,-0.776,0.000289,6.981,0.0164,0.7984,0.022186,6.766,0.0666,-0.2398,0.005457,6.997,3.9925,1.7485,1.6946,1.7524,0.4332,1.0,0.79243,0.57442,1.33068,0.17845,0.953,1.0076,1.0573,0.5,6.1579,2.5658,5.419,26.919,18.5422,3.0111,69,0.0349,-0.6751,61,0.0337,0.72,-2.0
241,1314,213548,7.298726943424076e-23,0.009495452121417614,0.0011450048763818159,0.009495452121417614,0.41165020726284823,5.418141721502528,3.971864032250706,-78.94927423668283,75.79467474582387,-0.44478590824290926,78.94927423668283,0.0015220067789990287,12.564655755222436,7.294459063039829,-6.2067394217043645,8.136747274160117,-0.09978659366894131,8.136747274160117,0.35480383243450286,3.6311352278017544,1.7601553658864246,0.16959178514532536,2.678512354908909,0.9017858284046879,1.4142115624116159e-08,3.269277263122029,1.997785035174125,0.0006634798929936458,1.4139163766735159,0.8634430266196902,0.00019042149800438531,-0.3160443113264896,0,0,0,0.007859999076639673,1.0385276095519407,410,0.1623,-0.02322,1.5849090767747944,8,9,-1,0.0365,152,0.7365979353373177,0.063811,0.06381147000183995,621.5551314191805,289.81515108250545,0.6091662007147008,0.6091701784344551,0.609170287691728,0.7614627230430688,3.276382233968996e-05,418,0.6103,0.5916,-0.15824,0.008965,398,0.1661,0.1743,0.28502,-0.042179,3,0.1003,-0.8295,0.000702,6.978,0.0273,-0.2586,0.002156,6.804,0.1015,0.7541,-0.003816,7.023,4.0043,1.7426,1.6993,1.7538,0.418,1.0,0.79698,0.57811,1.33012,0.29236,0.9563,1.0043,1.0502,0.5,6.1544,2.5643,5.6005,26.8158,18.4975,3.0056,72,0.014,0.9578,61,0.0812,0.9723,2.0
242,1314,213548,8.46261180756824e-11,0.009199741658272502,0.00119759669306627,0.009199741658272502,0.4130877536701195,5.415697559061988,3.971883774147893,-78.96501075093482,76.8677979277252,-0.4359925832445204,78.96501075093482,0.011229009637016674,12.565402578411504,7.245731575448919,-6.210667670007123,8.12463988154941,-0.10017244635570159,8.12463988154941,0.3310581376318599,3.629528047009243,1.7614291280863947,0.13639460429773642,2.6542607837800634,0.847990893701919,0.012899167934661424,3.2827327458164413,2.006419465249946,0.00010660958610120286,1.413630763208579,0.844413028161454,0.00022983796218870405,-0.310919602597346,0,0,0,0.010170365858040117,1.0379362063372888,410,0.1743,-0.0556,1.5988071841729328,11,11,0,0.0609,150,0.7341772441109844,0.0464,0.04639973923756502,621.5753906588467,289.82459744423244,0.6091663282256157,0.6091701053276752,0.6091702876916916,0.761462631659594,3.1742446084282755e-05,418,0.6061,0.5893,-0.14884,-0.005924,398,0.2222,0.249,0.2973,-0.01921,3,0.1069,-0.879,0.003398,6.982,0.0392,-0.6933,-0.005626,6.808,0.1347,0.953,-0.000891,6.973,3.9961,1.7472,1.7037,1.7449,0.4282,1.0,0.80443,0.58224,1.32968,0.30918,0.9557,1.0048,1.0513,0.5,5.842,2.6648,5.5346,26.8382,18.4827,3.1638,72,0.0646,0.4111,63,0.1199,0.818,0.0
243,1314,213548,2.0056061207689525e-10,0.008703348825283992,0.0011851084422413284,0.008703348825283992,0.41462418153561953,5.413118155562487,3.971904480387325,-78.92660321612776,77.65765270065576,-0.4922362558036416,78.92660321612776,0.0059451557895613405,12.5624559405424,7.206748002191028,-6.201703296789295,8.135220552414278,-0.09972712800017444,8.135220552414278,0.30814013020135106,3.6277684440595017,1.7627279241050942,0.11740739309615278,2.645299147342062,0.8595456028850413,0.01697456141800447,3.296789524357315,2.014863595169987,0.0003487781452607974,1.4133195482203773,0.8470666148406876,0.0002093174869630128,-0.30542173234312736,0,0,0,0.012045528370440053,1.0382200498014482,410,0.1869,-0.08025,1.6232085419254658,12,12,0,0.0934,144,0.7243227322837489,0.097947,0.09794692186717713,621.5761622461723,289.824957215532,0.6091665418802662,0.6091701021751722,0.6091702876916417,0.7614626277189652,3.0029673458423516e-05,418,0.5968,0.5747,-0.156,-0.020037,398,0.2276,0.278,0.23795,0.00603,3,0.1121,-0.9168,0.002429,6.981,0.0427,-0.8989,-0.002932,6.816,0.1358,0.9991,-0.00115,6.944,3.9918,1.7488,1.7074,1.7396,0.4397,1.0,0.80708,0.58492,1.32936,0.30839,0.9555,1.005,1.0518,0.5,5.8375,2.6627,5.5917,26.8612,18.4,3.152,72,0.0746,0.0694,66,0.0848,0.9506,-2.0
244,1316,213551,0.0,0.008315155795692093,0.0011165574170535477,0.008315155795692093,0.4144861440619609,5.41389560258253,3.972069874441403,-76.68964542112126,78.29633626377459,-0.4513678169136355,78.29633626377459,0.0008538580506485399,12.565325372619014,7.057423196266609,-6.279975080632645,8.220882020614294,-0.09510561694688317,8.220882020614294,0.2862424660831265,3.6259122096067946,1.7644470213042869,0.17349519334373506,2.6457719566090527,0.8409965247127543,0.0,3.310715257997539,2.0202592848099594,1.0,1.0,1.0,6.538557989189657e-05,-0.3000628316106404,0,0,0,0.013756232923469041,1.0389623086767235,410,0.1978,-0.03625,1.6582680461206818,8,7,1,0.1054,145,0.727875934685689,0.053776,0.053775738098423176,621.563972178642,289.81927330096926,0.6091667088248618,0.6091701488202905,0.609170287691728,0.7614626860253632,2.869083101680762e-05,420,0.579,0.5518,-0.14673,-0.002519,398,0.1996,0.2495,0.20712,0.044969,3,0.1151,-0.9094,0.000112,6.971,0.0397,-0.9804,-0.00194,6.807,0.1156,0.9736,-0.001077,6.923,3.9841,1.7497,1.7087,1.7376,0.4336,1.0,0.80463,0.58397,1.32804,0.28202,0.9563,1.0043,1.0502,0.5,5.8273,2.6581,5.7047,26.9022,18.2999,3.1404,72,0.0962,-0.662,67,0.0417,0.9216,-2.0
245,1323,213560,0.0,0.00840267121277184,0.0010668454206673216,0.00840267121277184,0.4135446224773741,5.415632236222123,3.972896681294625,-75.43820441257918,78.88015170160253,-0.41621708199788293,78.88015170160253,0.00913714445773076,12.55756527322904,6.817321479373658,-6.322492404929439,8.27037764359542,-0.09656777710405116,8.27037764359542,0.26823939699489346,3.624409736706624,1.7651275701485412,0.2094547976693295,2.628631473979503,0.8562465162772678,0.0,3.3248554657379676,2.0183194386559764,1.0,1.0,1.0,2.0715105285239535e-06,-0.2938713156037776,0,0,0,0.015807470617607525,1.0368070495513857,413,0.2062,-0.04131,1.6551553739827423,10,10,0,0.1285,149,0.7278084375038383,0.038972,0.038972190635193193,621.5512423737247,289.81333772076266,0.6091666710287935,0.6091701903403454,0.609170287691728,0.7614627379254316,2.8993390293402843e-05,423,0.5761,0.5471,-0.11618,0.007438,399,0.1339,0.1442,0.21212,-0.016631,3,0.1195,-0.8954,-0.001221,6.965,0.0282,-0.9479,-0.002966,6.776,0.0785,0.7068,0.001248,6.894,3.9713,1.7538,1.7061,1.7359,0.4253,1.0,0.80649,0.5763,1.33094,0.27765,0.955,1.0057,1.0531,0.4996,5.5189,2.6573,5.8255,26.9376,18.4646,3.3457,71,0.0848,-0.9876,65,0.0129,-0.4949,-1.0
246,1324,213561,0.0,0.00850267082760434,0.0010945072555017432,0.00850267082760434,0.4168311105055831,5.410102651104354,3.972724504030031,-78.38004356582331,79.7378599943139,-0.47037005613503313,79.7378599943139,0.0070698806333790234,12.563507344441302,6.817862202157875,-6.3552106607938565,8.231838108001758,-0.09760036127145885,8.231838108001758,0.24891196443269548,3.6223345348247387,1.7660573709761653,0.21588828002634997,2.6248315940632616,0.8587691316528706,0.0,3.3389936745846094,2.0255982069259386,1.0,1.0,1.0,9.710867636425415e-05,-0.28786300193158554,0,0,0,0.01856857456695559,1.0380530515841953,413,0.1987,-0.11276,1.6220912646259804,8,9,-1,0.1029,148,0.7278645762662177,-0.094754,-0.09475433971766045,621.549021717814,289.8123022860993,0.6091666279655796,0.6091701968304819,0.609170287691728,0.7614627460381024,2.933854346600719e-05,423,0.5857,0.5687,-0.11916,-0.004527,400,0.0976,0.0639,0.35408,-0.101961,3,0.1171,-0.8758,-0.000293,6.957,0.0213,-0.1676,-0.000912,6.75,0.0623,-0.329,0.001712,6.874,3.961,1.7564,1.7041,1.7353,0.4196,1.0,0.81291,0.58323,1.331,0.27221,0.9471,1.0136,1.0702,0.5,5.8232,2.554,5.8845,26.9267,18.4571,3.1696,70,0.0273,0.7212,65,0.0283,0.9982,-1.0
247,1327,213565,0.0,0.008441448592787401,0.0011582800847864665,0.008441448592787401,0.4176186735506756,5.411595093550189,3.972819641792605,-78.33496024766463,80.62163458252176,-0.505914986328069,80.62163458252176,0.009416263615392495,12.556051839796698,6.7357175673022684,-6.369165150737098,8.249590195462085,-0.0963428656550938,8.249590195462085,0.24045433354146728,3.619987803884546,1.7666678601982027,0.20486856910818985,2.62811280930308,0.8665302406806381,0.0,3.3531298452976013,2.029518544266165,1.0,1.0,1.0,2.227680769823327e-06,-0.28191558244334847,0,0,0,0.020386500414308534,1.0393084390508514,413,0.1953,-0.15913,1.5822551693215465,8,7,1,0.095,147,0.727650520734921,-0.019804,-0.01980441733610805,621.5629991668378,289.8188196106226,0.6091666544612663,0.6091701522528042,0.609170287691728,0.7614626903160052,2.9126640582308137e-05,426,0.5867,0.5802,-0.15576,-0.009247,400,0.1396,0.0857,0.27553,0.039348,3,0.1154,-0.8527,0.000498,6.954,0.0279,0.6855,0.000295,6.771,0.0833,-0.9649,-0.002635,6.881,3.9659,1.7535,1.7073,1.7351,0.4211,1.0,0.81565,0.58877,1.33256,0.26908,0.9519,1.009,1.06,0.4996,5.8095,2.548,5.9318,27.2565,18.1758,3.1286,70,0.0218,0.8367,65,0.0582,0.9026,1.0
248,1327,213565,1.6932368931715397e-24,0.008234203335342147,0.0011642598168764874,0.008234203335342147,0.4194892770119318,5.408632972511505,3.9728491519984823,-78.16932084332421,69.3120466373769,-0.474302425248047,78.16932084332421,0.004623299394660663,12.557543035631415,6.763129264387865,-6.3520264869407175,8.259631859589541,-0.09727539828102458,8.259631859589541,0.22989123467857053,3.617466929222115,1.7671829746555474,0.11767769843833153,2.6232419441266916,0.8683441701849512,1.4142115624116159e-08,3.367271296652845,2.038341334802741,0.0021445065923585416,1.4140432813910444,0.8884470453439394,1.1056495801201094e-05,-0.2760533439873858,0,0,0,0.01789174628662164,1.0413059615726108,413,0.1801,-0.1404,1.588591571411906,9,9,0,0.0841,148,0.7309622290384483,-0.095597,-0.09559723514345131,621.570634222036,289.8223796402385,0.6091667437398339,0.6091701241626722,0.609170287691728,0.7614626552033402,2.8411206013708825e-05,426,0.5856,0.5908,-0.18076,0.012541,400,0.1635,0.086,0.19944,0.15679,3,0.106,-0.8704,-0.000325,6.969,0.0299,0.9871,-0.003737,6.775,0.0968,-0.938,-0.000581,6.871,3.9677,1.7565,1.7076,1.7317,0.423,1.0,0.8157,0.58738,1.33241,0.33576,0.9536,1.0072,1.0561,0.5004,5.8057,2.5464,5.928,27.2389,18.1641,3.1287,71,0.0155,0.092,65,0.057,0.6675,-1.0
249,1328,213566,0.0,0.007760209215254271,0.0011020250071000688,0.007760209215254271,0.4197760376228124,5.406961262232462,3.9725560392415367,-78.0970264536669,69.99989296835842,-0.4521833113371088,78.0970264536669,0.010870016899547252,12.562596061325355,6.810762259914779,-6.306206171758132,8.27507557256144,-0.09773220216660305,8.27507557256144,0.21503961774047442,3.615010628432035,1.7683171736599568,0.16591122702945393,2.6183305463560256,0.8530072048364806,0.0,3.3807989391160365,2.045684219155858,1.0,1.0,1.0,2.63786742283933e-05,-0.27053061105545306,0,0,0,0.01275725494197236,1.0434359556482684,414,0.153,-0.11367,1.5789525606232493,6,6,0,0.0507,146,0.7263404601869717,-0.099366,-0.09936553286810934,621.5701889444725,289.8221720187778,0.6091669477307128,0.6091701258735716,0.609170287691728,0.7614626573419644,2.6775761016488003e-05,426,0.5726,0.5814,-0.17931,0.01651,400,0.161,0.0895,0.19145,0.04042,3,0.0878,-0.9403,-0.001157,6.993,0.0247,0.8656,-0.001201,6.784,0.0923,-0.6435,0.000688,6.887,3.9772,1.7584,1.7057,1.7317,0.4283,1.0,0.82048,0.58143,1.33263,0.29117,0.9517,1.0091,1.0603,0.5008,5.4979,2.6472,6.0477,27.1842,18.1567,3.3025,72,0.0349,-0.7606,67,0.0712,0.381,-1.0
250,1330,213569,0.0,0.007363313383651721,0.001029034622077287,0.007363313383651721,0.4216290326567533,5.406033096587491,3.972776832584799,-77.90821543549748,70.35379800779914,-0.4948026759161332,77.90821543549748,0.0024270301230373548,12.566365434106395,6.881801664956013,-6.3350363621997765,8.32093788686175,-0.09760355830193092,8.32093788686175,0.2071960149188612,3.6121639861296235,1.7688091129457386,0.23089973874948744,2.6102191774678185,0.8429300602111673,0.0,3.394921033842856,2.051480436870671,1.0,1.0,1.0,2.6527932112703962e-05,-0.26464869551726117,0,0,0,0.00893213254137504,1.0478652544634304,414,0.1356,-0.13794,1.5740587782512567,9,9,0,0.0346,149,0.7327364917072333,-0.038198,-0.038198043312902996,621.5600438320965,289.8174416141405,0.609167118467558,0.6091701624168538,0.609170287691728,0.7614627030210672,2.5406729638636277e-05,428,0.5499,0.5528,-0.18248,-0.014121,400,0.1493,0.1363,0.2062,-0.165007,3,0.0746,-0.9987,6.5e-05,7.033,0.0203,0.0695,-0.000763,6.798,0.0823,-0.0176,0.002722,6.91,3.9921,1.7618,1.703,1.7309,0.4322,1.0,0.82513,0.58194,1.33441,0.2869,0.9546,1.0063,1.0542,0.5,5.4896,2.6431,6.1605,27.0994,18.1631,3.3086,72,0.0549,-0.9123,71,0.0143,0.4295,2.0
251,1330,213569,3.732308237477103e-23,0.007142157596849666,0.0010137979912993433,0.007142157596849666,0.4236815875842503,5.402801118797653,3.9728216796089986,-77.79093537184235,70.83717488388166,-0.5140454035565061,77.79093537184235,0.009700647973264864,12.558319626531034,6.905417549999016,-6.335591347444581,8.314537538594145,-0.09819724230722346,8.314537538594145,0.19535455014501465,3.609187982827677,1.7690147634714455,0.1507633760833037,2.568177460729237,0.8784943876889661,1.4142115624116159e-08,3.409041821269422,2.060450588863468,0.0022332179692671206,1.4096715023101625,0.8223451291381052,7.613787230055729e-05,-0.2585256419463583,0,0,0,0.007839289238063759,1.0510171027784025,414,0.1335,-0.12541,1.6269695582087973,8,7,1,0.0165,144,0.7241661771779467,0.033299,0.033298625818831695,621.5578481926846,289.81641784402626,0.6091672136352725,0.6091701697109324,0.609170287691728,0.7614627121386655,2.4643730158494472e-05,428,0.5403,0.5418,-0.16899,-0.01722,400,0.1504,0.1567,0.22328,-0.125228,3,0.0722,-0.9769,-0.000334,7.057,0.0202,-0.7261,-0.002214,6.816,0.0818,0.5623,-0.000488,6.919,4.0017,1.7634,1.7032,1.729,0.4343,1.0,0.82674,0.58708,1.33444,0.31503,0.9567,1.0042,1.0497,0.5,5.4902,2.6435,6.1613,27.1026,18.1653,3.3087,75,0.0973,-0.5952,74,0.0591,-0.481,2.0
252,1332,213572,0.0,0.007310891114717914,0.0009800073579369513,0.007310891114717914,0.42487427617754403,5.402344413013149,3.9728550493789343,-77.73171623154917,71.72004311220559,-0.5050597714998567,77.73171623154917,0.025944749177315964,12.560679762546608,6.943463245087771,-6.280469582889661,8.368587807347161,-0.09940357693342652,8.368587807347161,0.18341988543300902,3.607414969787171,1.7708156818964087,0.21675067678812848,2.5632118870735696,0.8442321029985804,0.0,3.4187739780123927,2.065567922887107,1.0,1.0,1.0,9.946417732423027e-06,-0.25322083485361274,0,0,0,0.010229860758718146,1.0501991715773384,414,0.1594,-0.1498,1.6250675854961159,7,6,1,0.0616,141,0.7204516600277833,0.080338,0.08033793587549676,621.5478648729691,289.81176287913996,0.6091671409217088,0.6091702001231016,0.609170287691728,0.761462750153877,2.5226343617276745e-05,430,0.5255,0.5226,-0.15101,-0.003198,400,0.1193,0.1669,0.1467,0.025334,3,0.0839,-0.9201,-0.00026,7.04,0.0194,-0.9931,-0.001265,6.831,0.064,0.8679,-0.004759,6.912,4.0,1.76,1.7078,1.7279,0.4359,1.0,0.82824,0.58284,1.3359,0.28907,0.951,1.0099,1.0619,0.5,5.4857,2.6413,6.1562,27.1236,18.184,3.3148,73,0.0575,0.2473,71,0.0554,0.2966,0.0
253,1337,213579,0.0,0.007652029946527302,0.0009639052907353364,0.007652029946527302,0.4236650974191903,5.40724521961016,3.974323442706835,-77.63237187963755,72.7294866428478,-0.4901183516795596,77.63237187963755,2.3476408802847182e-05,12.55783413583094,6.97387447447935,-6.309508284488729,8.387641954593649,-0.09959437959398863,8.387641954593649,0.178765081344323,3.6053748519606366,1.7720183177168274,0.24280656467941542,2.553673259038625,0.866842864613599,0.0,3.432913136937083,2.0666717767546903,1.0,1.0,1.0,1.5179985378413371e-05,-0.24705825643408674,0,0,0,0.011759922441568602,1.0505576132891172,415,0.177,-0.23266,1.5948857196298845,8,8,0,0.1191,147,0.7312382060638312,-0.035837,-0.03583664533361808,621.5389772233705,289.80761879701276,0.6091669940076228,0.6091702233934767,0.609170287691728,0.7614627792418458,2.6403826021865014e-05,434,0.5169,0.5223,-0.1107,0.020135,400,0.0608,0.0708,0.03545,0.147096,3,0.0917,-0.9104,-0.001153,7.037,0.0119,-0.9492,-0.012424,6.84,0.0348,0.9944,-0.007895,6.846,3.9886,1.7644,1.7148,1.7165,0.4267,1.0,0.82951,0.57911,1.33968,0.26959,0.9572,1.0039,1.0488,0.4996,5.4738,2.6355,6.2644,27.1083,18.2122,3.3272,73,0.0393,-0.979,70,0.0536,-0.6493,-2.0
254,1337,213579,4.1545884556072797e-23,0.008020108516809924,0.0009986968915084342,0.008020108516809924,0.425775123148694,5.403646593899987,3.974365099994804,-77.47931492484965,73.60464499120864,-0.5289277072903205,77.47931492484965,0.00238513163117382,12.558636156583322,7.063436129226909,-6.315907325762883,8.352655884626827,-0.1002225228377766,8.352655884626827,0.1720028456889454,3.602823078428096,1.7724339381779388,0.13535975416438206,2.538506647263482,0.8727976030485026,1.4142115624116159e-08,3.446914574459491,2.075759765165785,0.0014833515579804057,1.4138101345848766,0.9490551139367359,8.821334368230518e-05,-0.24115648308538493,0,0,0,0.011540293637497326,1.0515561116560217,415,0.1731,-0.33334,1.6255316298072444,9,9,0,0.1345,148,0.734421973724056,-0.087123,-0.08712302565203345,621.5347463670288,289.8056460576564,0.6091668355342947,0.6091702332117324,0.609170287691728,0.7614627915146654,2.7674093399872326e-05,434,0.5302,0.5531,-0.07421,0.021376,400,0.0303,0.0068,0.30321,0.041343,3,0.092,-0.8996,-0.000245,7.032,0.0054,0.2277,-0.010427,6.78,0.0166,0.2205,0.00211,6.755,3.9589,1.7763,1.7127,1.7063,0.4258,1.0,0.83124,0.5799,1.34029,0.32286,0.9573,1.0036,1.0484,0.5004,5.478,2.5361,6.3301,27.0856,18.26,3.3333,72,0.0908,-0.9626,71,0.0867,-0.6184,0.0
255,1339,213582,0.0,0.00820466185388582,0.001025471129152002,0.00820466185388582,0.43138799726325305,5.39442450874532,3.9740415693487003,-77.41067572685857,74.57925283467048,-0.5294720638638369,77.41067572685857,0.003331978472340291,12.548522096510528,7.115263201820265,-6.326224210115675,8.381027600447325,-0.1008440774198819,8.381027600447325,0.1628847294259462,3.599479643491606,1.773422423271761,0.2037918594083834,2.544229943450394,0.8477314640547365,0.0,3.4608397106842967,2.0821356777919715,1.0,1.0,1.0,3.9583159041747874e-05,-0.23583905277713044,0,0,0,0.010930665613979922,1.0525602189587457,415,0.1572,-0.37456,1.6453852650678888,5,5,0,0.1546,145,0.730436904731798,0.001952,0.0019519128210081504,621.5405237994346,289.808339925603,0.6091667561522257,0.6091702196014646,0.609170287691728,0.7614627745018306,2.8310647843992507e-05,434,0.5293,0.5588,-0.07561,-0.004213,402,0.0797,0.1,0.2191,-0.279517,3,0.0834,-0.9098,0.000509,7.029,0.0127,0.9094,0.024761,6.75,0.0428,-0.6548,0.015204,6.885,3.9773,1.7673,1.6972,1.731,0.4341,1.0,0.8311,0.58288,1.34144,0.24294,0.954,1.007,1.0555,0.5004,5.4762,2.5353,6.2672,27.2073,18.2541,3.3334,69,0.1296,-0.3925,69,0.1251,-0.4008,-1.0
256,1342,213586,0.0,0.008241596087304948,0.0010035768259244644,0.008241596087304948,0.4324091646672694,5.395236208318659,3.974009265234259,-77.26194383650278,76.04909745448246,-0.5290238082186692,77.26194383650278,0.00351963214898271,12.562221932517168,7.080529670993361,-6.372985827352562,8.34233529236565,-0.10027776509471639,8.34233529236565,0.15641636743720666,3.5956409182464295,1.7744040754857597,0.22331724122752494,2.5533681134578567,0.8570614445350527,0.0,3.4749717311356467,2.0861892989435717,1.0,1.0,1.0,9.555147332086903e-07,-0.22993788383228245,0,0,0,0.009209265978887748,1.053904436481377,415,0.147,-0.34011,1.627812432129663,13,12,1,0.1508,138,0.7182991429310844,0.02837,0.02837006669317277,621.5383548636737,289.80732860671355,0.609166740225333,0.6091702248884219,0.609170287691728,0.7614627811105273,2.8438190734953095e-05,437,0.5204,0.545,-0.10574,0.016801,402,0.0785,0.1158,0.03125,0.006279,3,0.0766,-0.893,0.002848,7.044,0.0116,0.9804,0.001558,6.767,0.0409,-0.7867,0.001926,6.893,3.9852,1.7677,1.6981,1.7297,0.4237,1.0,0.82962,0.58675,1.34264,0.24483,0.9514,1.0097,1.0613,0.5,5.4711,2.5329,6.3221,27.312,18.2032,3.3272,72,0.085,-0.1304,72,0.1113,-0.4724,-1.0
257,1346,213591,0.0,0.008336249165788212,0.0009453152108856005,0.008336249165788212,0.4337461104374084,5.397336061580041,3.974806328202416,-77.12171776540033,77.29056677208185,-0.46639654082816684,77.29056677208185,0.0007403353547825731,12.564119664339044,7.06994611274473,-6.394880791157838,8.378673908926698,-0.09949347313982154,8.378673908926698,0.15019921774756487,3.591785433369141,1.7758346017050408,0.23879172612905375,2.558780985555981,0.8655932460698589,0.0,3.489059466965066,2.088805641547658,1.0,1.0,1.0,2.417190945913303e-07,-0.2240014743481919,0,0,0,0.007884906228073064,1.053939623074001,415,0.1439,-0.27873,1.6542179169338553,6,6,0,0.1613,138,0.7202444034365492,0.016153,0.016152844608646078,621.5291071679501,289.8030166443504,0.6091666994024569,0.6091702450354772,0.609170287691728,0.7614628062943465,2.876522564297028e-05,441,0.5141,0.5382,-0.12335,0.034283,402,0.0416,0.0817,0.00383,0.214456,3,0.074,-0.8038,0.003795,7.042,0.006,0.9098,-0.004357,6.806,0.0215,-0.9782,-0.005283,6.861,3.9857,1.7667,1.7076,1.7213,0.423,1.0,0.82954,0.58857,1.34641,0.25408,0.9591,1.002,1.0447,0.5,5.4535,2.5248,6.423,27.484,18.0101,3.3025,74,0.0636,0.7194,75,0.0406,0.1212,-2.0
258,1346,213591,1.0107301758973188e-24,0.008165354426280863,0.0009117252479595872,0.008165354426280863,0.4358675831191221,5.393439138239692,3.974841394305144,-76.93120118744655,78.62275078140568,-0.5066064467894738,78.62275078140568,0.004002394078461661,12.555683780729565,6.967719027555566,-6.419653500485559,8.373573586599088,-0.09987780300329248,8.373573586599088,0.14607880874717197,3.5876707177660254,1.7764049965204858,0.13382512664342705,2.523863993584644,0.8620331461183505,1.4142115624116159e-08,3.50307169782582,2.097874009740465,5.4949150135374936e-05,1.413043674077035,0.8137655742368968,0.00013066509024366724,-0.21828740678410977,0,0,0,0.007152888365115169,1.0532048744367288,415,0.1453,-0.23267,1.7025551576364077,13,13,0,0.1606,139,0.7244080143735179,0.080909,0.0809090926634295,621.5261997629452,289.8016609962701,0.6091667729311245,0.6091702505672598,0.609170287691728,0.7614628132090747,2.8175664688084572e-05,441,0.5093,0.5306,-0.131,-0.005423,402,0.0373,0.002,0.30329,0.471864,3,0.0742,-0.7183,0.002036,7.018,0.0055,-0.8666,0.014475,6.875,0.0191,0.2754,-0.003698,6.956,4.0126,1.7491,1.7133,1.7336,0.429,1.0,0.83144,0.58937,1.34661,0.29629,0.959,1.0022,1.0451,0.5,5.4561,2.526,6.4261,27.4536,18.0522,3.3086,74,0.078,-0.9435,71,0.0209,-0.9039,0.0
259,1348,213593,0.0,0.007978730582069696,0.0009141031009430382,0.007978730582069696,0.43639243336550276,5.3922947290957435,3.973898886374345,-76.98023643511125,67.45599237311629,-0.47957010239790604,76.98023643511125,0.003459804413839862,12.553923355576277,6.927392266420704,-6.4542705607094275,8.419677290724529,-0.10011877392812076,8.419677290724529,0.14346388350944078,3.5833666444828873,1.7777206109784303,0.19405527319935234,2.5281856547625994,0.8398465260877774,0.0,3.516892303080457,2.102887019007699,1.0,1.0,1.0,0.00014728100462507024,-0.21288162986176562,0,0,0,0.007095400159423587,1.0565086661506973,416,0.1471,-0.18704,1.7136958404238087,8,8,0,0.132,139,0.7261321531315751,-0.088939,-0.08893877506847714,621.5344075728708,289.80548808666543,0.6091668533347447,0.6091702339627536,0.609170287691728,0.761462792453442,2.7531330185450736e-05,442,0.5038,0.5145,-0.13095,-0.0406,402,0.0801,0.0641,0.30043,-0.570295,3,0.0742,-0.708,-0.00419,7.029,0.0118,-0.9981,-0.000968,6.801,0.0405,0.6636,0.007884,6.945,3.9986,1.7578,1.7009,1.737,0.4317,1.0,0.83169,0.58716,1.3479,0.2316,0.9569,1.0042,1.0495,0.5,5.1524,2.6267,6.4253,27.5803,18.0164,3.4967,73,0.117,-0.4007,73,0.105,-0.4919,-1.0
260,1350,213596,0.0,0.007885885626115655,0.0009330288567099246,0.007885885626115655,0.43748177513695435,5.391728106993325,3.97379272862764,-76.8845061644424,68.85273397367797,-0.5069453440554081,76.8845061644424,0.017520108426229086,12.56215776506341,6.904332762179676,-6.553389409164582,8.420962499562625,-0.10081410072955763,8.420962499562625,0.13991610608843907,3.581011143130438,1.7776250678505787,0.23102127355853874,2.521365632653492,0.8422503420786472,0.0,3.5310336838212057,2.108634300821325,1.0,1.0,1.0,3.502243979883905e-06,-0.20713241729410098,0,0,0,0.007284716075260765,1.0603694694598351,416,0.1418,-0.15271,1.6895614908404264,10,11,-1,0.1021,137,0.7237463628777687,-0.089589,-0.08958856603022869,621.5379102117555,289.80712127697507,0.6091668933346022,0.6091702259461035,0.609170287691728,0.7614627824326293,2.7210806937276532e-05,444,0.4916,0.4793,-0.13132,-0.036008,402,0.0921,0.1184,0.16184,-0.105396,3,0.0699,-0.7724,-0.006878,7.025,0.0131,-0.9897,-0.005409,6.751,0.0454,0.8553,-0.000231,6.929,3.9852,1.7629,1.694,1.7386,0.4241,1.0,0.83397,0.58578,1.34974,0.269,0.9576,1.0035,1.0479,0.5,5.1494,2.6252,6.4216,27.6508,18.0059,3.4967,70,0.1657,-0.1099,71,0.1775,-0.043,-2.0
261,1350,213596,6.417808594419055e-23,0.007820194116102719,0.0009420271863590618,0.007820194116102719,0.43974022776723615,5.387611197384859,3.9738371901033207,-76.65473915076676,70.12152895068013,-0.45594772632010727,76.65473915076676,0.0006560161692661381,12.566069816940306,6.765635746186615,-6.540816777896021,8.453052098021837,-0.1011792595847714,8.453052098021837,0.13861160584924856,3.5778997434508333,1.77816559983119,0.15362669358931103,2.496663762480791,0.864645159804831,1.4142115624116159e-08,3.54517536871168,2.1177411214970885,0.001070973283939236,1.4137838451100058,0.8339156830738277,2.9402140941536e-05,-0.2012908433772951,0,0,0,0.00588789995202397,1.065963903388229,416,0.1232,-0.11595,1.6972639263678084,10,10,0,0.0569,142,0.734644223919276,-0.099153,-0.09915264099625487,621.5334114142835,289.80502360356985,0.6091669215596801,0.6091702361409224,0.609170287691728,0.7614627951761529,2.6984329046000666e-05,444,0.4862,0.4666,-0.12395,-0.020669,402,0.0751,0.1166,0.07407,-0.043783,3,0.0609,-0.8788,-0.005914,7.028,0.0094,-0.9961,-0.004419,6.706,0.0367,0.9174,0.000832,6.918,3.9751,1.768,1.6869,1.7403,0.4274,1.0,0.83698,0.58361,1.34969,0.31273,0.9573,1.0038,1.0486,0.5,5.1542,2.6276,6.367,27.7201,18.0229,3.4967,68,0.0858,0.2765,67,0.0925,0.1642,-1.0
262,1351,213597,0.0,0.007509194350428407,0.0008995041209370594,0.007509194350428407,0.4419412108628446,5.384694554931182,3.973708618118842,-76.62052527211753,71.37596063444256,-0.5153052274272485,76.62052527211753,0.0013920389830484048,12.55808863976591,6.748383562564427,-6.543452942913928,8.407576271165988,-0.09870614049584484,8.407576271165988,0.1372675435817995,3.574762851713754,1.7792872560491118,0.22670843517087402,2.5066885011939717,0.8327697907133412,0.0,3.5592867587896033,2.1245065692280938,1.0,1.0,1.0,4.232239785881551e-05,-0.19600916235724114,0,0,0,0.005833950311611385,1.0662792260140466,416,0.1099,-0.1212,1.7011275124118541,12,13,-1,0.051,143,0.73712529085887,0.000502,0.0005023897137821365,621.52227633825,289.7998316043733,0.6091670553240182,0.6091702574238462,0.609170287691728,0.7614628217798077,2.5911658777910373e-05,445,0.4812,0.4622,-0.09154,-0.019067,402,0.0304,0.0659,-0.01102,0.00156,3,0.0536,-0.9595,0.001565,7.015,0.0034,-0.9591,-0.003428,6.722,0.0146,0.8407,-0.004361,6.889,3.9702,1.767,1.6932,1.7352,0.4265,1.0,0.84055,0.58229,1.34798,0.27674,0.9587,1.0024,1.0455,0.4996,5.1563,2.6287,6.3695,27.7312,18.0301,3.4967,69,0.063,0.7859,68,0.0768,0.8291,3.0
263,1353,213600,0.0,0.007007428393939031,0.0008858148802917559,0.007007428393939031,0.4415476308325256,5.383208137774451,3.974180286022888,-76.48668746459587,72.39369218268169,-0.4990391695131742,76.48668746459587,0.015105813354435855,12.561638961110447,6.695632412214033,-6.611980244034601,8.375385252490858,-0.09817726095213064,8.375385252490858,0.1365259020289425,3.570383172902027,1.7804258213595519,0.2240797505166361,2.5191242799044584,0.8507253782059231,0.0,3.5733856048801362,2.13051021242224,1.0,1.0,1.0,2.8877313435300255e-05,-0.1901765499580279,0,0,0,0.005477406939749093,1.0584634566691962,418,0.1048,-0.14188,1.6744899676348355,12,12,0,0.1077,137,0.7163666276862426,-0.004963,-0.004963431711906274,621.520775173693,289.7991316499993,0.609167271303456,0.6091702598623808,0.609170287691728,0.761462824827976,2.4180294654582166e-05,445,0.4777,0.4691,-0.103,-0.01689,402,0.0083,-0.0442,0.20068,1.032201,3,0.0502,-0.98,0.00839,6.984,0.0012,0.9478,0.010876,6.811,0.0053,-0.9923,-0.005608,6.93,3.9889,1.751,1.7076,1.7373,0.4405,1.0,0.83966,0.58247,1.34925,0.19484,0.9574,1.0037,1.0484,0.5004,5.1583,2.6297,6.3114,27.7856,18.1047,3.5098,70,0.0303,-0.0442,69,0.0486,-0.9429,-1.0
264,1356,213604,0.0,0.00664642438802513,0.0008706781025502718,0.00664642438802513,0.44390004505918956,5.381569023583379,3.973717847216238,-76.24552532640544,73.77627759770708,-0.4816981877975229,76.24552532640544,0.0036821731280082468,12.560635721047,6.644187367912875,-6.641562786340689,8.343792034021641,-0.09685354579142853,8.343792034021641,0.13621416997154315,3.5653074839105314,1.78129371021044,0.2418391425784585,2.5191911456170586,0.8476438050096946,0.0,3.587434037906914,2.1348184333547198,1.0,1.0,1.0,2.0329542889859774e-05,-0.18453643752912563,0,0,0,0.00445209439595676,1.0581911438631073,418,0.0963,-0.1715,1.7100143698685604,13,14,-1,0.1258,135,0.7141724050792584,0.111186,0.1111861734303834,621.525859293962,289.8015022443511,0.6091674267401462,0.6091702511898456,0.609170287691728,0.761462813987307,2.2934402812105104e-05,448,0.4629,0.4548,-0.13091,0.009503,402,0.0417,0.003,0.06796,-0.207183,3,0.0447,-0.9575,0.006417,6.981,0.0041,0.9746,0.008658,6.805,0.02,-0.9978,0.007819,6.939,3.9888,1.7502,1.7061,1.7396,0.4571,1.0,0.8388,0.58117,1.35052,0.15308,0.9596,1.0015,1.0437,0.5007,5.1578,2.6294,6.25,27.9126,18.1365,3.5163,70,0.0786,0.9802,69,0.0245,-0.8512,-2.0
265,1356,213604,9.629612779298436e-23,0.006669504044680755,0.000867629713858545,0.006669504044680755,0.4464172276633408,5.377242013927339,3.973781878564695,-76.59691348028096,75.17543163688244,-0.4609932823153046,76.59691348028096,0.0005879606717282826,12.549991555639796,6.648104353201041,-6.664210077976941,8.384135246104055,-0.0974292430330983,8.384135246104055,0.1351602156134484,3.5599191829660555,1.7819052808851001,0.16448420576800116,2.4294213485981615,0.8442002283190296,1.4142115624116159e-08,3.601422903409927,2.14376758046378,0.004479942744978316,1.4139540617453994,0.8940280211451405,0.00011338534296161068,-0.1790040377668971,0,0,0,0.0038083318657228297,1.0629468797556716,418,0.1095,-0.1498,1.7426136969021297,14,15,-1,0.2025,134,0.7122165769535442,0.046921,0.046920603469154054,621.530432757522,289.8036347326303,0.609167416843791,0.6091702423856424,0.609170287691728,0.761462802982053,2.3013873000019366e-05,448,0.4669,0.4769,-0.15201,0.048464,402,0.0586,0.0592,-0.10553,-0.926582,3,0.0513,-0.944,-0.002644,7.031,0.0064,0.9994,-0.005187,6.807,0.0276,-0.9546,0.002118,6.951,4.0012,1.7573,1.7012,1.7371,0.4243,1.0,0.83816,0.58031,1.35065,0.3237,0.9637,0.9974,1.0351,0.5,5.1627,2.632,6.2559,27.8958,18.1875,3.5229,73,0.115,0.9979,73,0.036,0.5417,1.0
266,1356,213604,2.97603876421418e-12,0.0065115867829728495,0.0008371786139536398,0.0065115867829728495,0.4489861510679321,5.37282712428869,3.9738520247461224,-76.53096197647373,76.6677921342447,-0.4841276960705722,76.6677921342447,0.002110165302282141,12.559315890757832,6.535775944314585,-6.684429755880779,8.425556519927378,-0.09824307217292678,8.425556519927378,0.1346796013570812,3.5541143652560896,1.7830766457597096,0.1378279952025503,2.3507614448744913,0.8434320280243572,0.014102006258476395,3.6127606062943642,2.1527078615422757,0.0009080676975620205,1.413291632391302,0.8082194921870887,0.0002317524577265357,-0.17346057379384613,0,0,0,0.00386158840857111,1.0699638338109478,418,0.1107,-0.13227,1.793051663829308,20,19,1,0.1768,139,0.7232292233758361,-0.017431,-0.01743120158940825,621.5266351494586,289.80186400578884,0.6091674847888662,0.6091702497631606,0.6091702876917268,0.7614628122039507,2.2469099035342228e-05,448,0.4663,0.4789,-0.12558,0.013239,402,0.0564,0.0998,-0.1785,-0.590749,3,0.0519,-0.9529,-0.008411,7.06,0.0063,0.968,-0.004595,6.804,0.0268,-0.8464,-0.002696,6.987,4.0133,1.7592,1.6953,1.741,0.4269,1.0,0.84275,0.57923,1.35002,0.30182,0.9596,1.0015,1.0437,0.5,5.1676,2.6345,6.2619,27.7922,18.3062,3.5425,73,0.0825,0.9524,73,0.0987,0.1528,-1.0
267,1359,213608,0.0,0.006606495613789534,0.0008071794467556602,0.006606495613789534,0.4494725244764995,5.372840936943849,3.973437220559502,-76.01401728546648,65.49989113076442,-0.476894565660043,76.01401728546648,0.007007032190979727,12.555504888296175,6.668690159707665,-6.702276108268152,8.43787095131854,-0.09641704084354479,8.43787095131854,0.13485636763763936,3.5481715507988842,1.7849508064867676,0.19027126941640962,2.3287501158724764,0.828049626301873,0.0,3.626190650799001,2.1560201007386546,1.0,1.0,1.0,4.548152480033778e-06,-0.16819555401613426,0,0,0,0.005113285251227168,1.070579903005114,419,0.1197,-0.12357,1.7764049068511647,19,18,1,0.1558,141,0.7264149105495429,0.087286,0.08728552758848362,621.5200441063847,289.7987907721404,0.6091674438837483,0.609170261012907,0.609170287691728,0.7614628262661338,2.2796836371149705e-05,450,0.4515,0.4475,-0.10936,0.00113,402,0.0278,0.0943,-0.23136,-1.42317,3,0.0547,-0.9758,-0.004996,7.041,0.0036,0.5118,-0.00144,6.949,0.0133,-0.3116,-0.023673,7.069,4.0531,1.7373,1.7145,1.7442,0.4252,1.0,0.84274,0.58042,1.35066,0.26163,0.9599,1.0012,1.043,0.5004,4.8612,2.7344,6.3196,27.7785,18.3647,3.7778,75,0.045,0.7437,77,0.0592,-0.4374,3.0
268,1359,213608,5.560038646760376e-23,0.006980287503111686,0.0008397682953671349,0.006980287503111686,0.45218371075448155,5.368264829676736,3.9735109358178327,-75.69175275337004,66.13291107919427,-0.4768710180379045,75.69175275337004,0.006687078043772887,12.562436554029746,6.764379155150966,-6.692777669219463,8.430218905614966,-0.09710496892170375,8.430218905614966,0.13551577567876386,3.5445102062129545,1.7850191749415847,0.15288372807092143,2.2660145318462903,0.8733479682800189,1.4142115624116159e-08,3.6403325699570592,2.164758640259454,7.680300139334406e-05,1.413804308571167,0.8349777895095667,0.00013187936264287412,-0.1625776421383543,0,0,0,0.007104391954239139,1.0689753699434914,419,0.1337,-0.08901,1.7776128666165916,15,14,1,0.1775,135,0.7164291428591381,0.115321,0.11532140944093161,621.5280202299336,289.8025098331449,0.6091672830540062,0.6091702471483331,0.609170287691728,0.7614628089354164,2.4086359732117635e-05,450,0.4504,0.4353,-0.0982,-0.002829,402,0.03,-0.0668,0.15489,0.076814,3,0.0608,-0.9818,0.003183,7.038,0.0046,-0.6882,-0.005375,6.886,0.0154,0.8135,0.006379,6.985,4.0241,1.7489,1.7113,1.7358,0.4408,1.0,0.84415,0.57463,1.35097,0.29224,0.964,0.997,1.0342,0.5004,4.5615,2.8382,6.3252,27.6729,18.4824,4.0518,74,0.0569,-0.9309,72,0.0862,-0.9637,-3.0
269,1361,213611,0.0,0.007141790283137478,0.0008759186303709918,0.007141790283137478,0.4585697668480995,5.35756533598371,3.973867780537643,-75.58156556045459,67.09973634251476,-0.4211656150667946,75.58156556045459,0.008302506564040968,12.563881567992297,6.881627467912598,-6.709001956092209,8.450976675840604,-0.09829524310825792,8.450976675840604,0.1368244881130952,3.538177718859235,1.7862782079059996,0.17335006745801518,2.259771298018988,0.8176569016753212,0.0,3.654373710052514,2.169915018078443,1.0,1.0,1.0,7.400834514466848e-06,-0.15785260706723797,0,0,0,0.010135303686017984,1.0674326458902823,419,0.1428,-0.0403,1.7780505810338112,17,17,0,0.1549,134,0.7164876273784946,0.071072,0.07107211988272355,621.5380348727674,289.8071794031946,0.6091672136280728,0.6091702256506218,0.609170287691728,0.7614627820632772,2.464324830683871e-05,450,0.4496,0.4279,-0.07546,0.002533,404,0.0501,0.0092,0.04235,0.096178,3,0.0647,-0.9951,0.004019,7.026,0.0076,-0.8887,0.005882,6.817,0.0237,0.8388,0.012123,6.957,4.0033,1.755,1.703,1.7378,0.4327,1.0,0.84266,0.58107,1.35136,0.25659,0.9623,0.9988,1.0379,0.5004,4.5763,2.8475,6.2238,27.7196,18.7122,4.0889,71,0.119,0.4455,70,0.1222,0.1189,-1.0
270,1366,213617,0.0,0.007132405292670565,0.0008848386179522841,0.007132405292670565,0.4621969034497959,5.350724521162899,3.9746574043362988,-75.3625364340064,67.95037873075343,-0.42698490423241836,75.3625364340064,0.012516830726219189,12.557013159375305,6.884334977488549,-6.6971036260950125,8.453385329425847,-0.09594976464529428,8.453385329425847,0.1375350605869507,3.531961140890723,1.7872842248895362,0.1814401584850267,2.265984647465871,0.8395286660341477,0.0,3.6685086463045504,2.1707692570858357,1.0,1.0,1.0,3.5963948018597734e-05,-0.15228056784399135,0,0,0,0.010714302764359696,1.0654772833003925,421,0.1402,-0.0421,1.787483734172225,18,19,-1,0.1465,136,0.7207502804165168,0.049077,0.049077246648682626,621.5365539808184,289.80648890141566,0.609167217655851,0.6091702291163321,0.609170287691728,0.7614627863954151,2.4610923377553554e-05,451,0.4454,0.4147,-0.05262,-0.001361,406,0.0441,-0.0191,-0.10624,0.70712,3,0.0631,-0.9991,0.003253,6.999,0.0062,-0.6679,0.012156,6.827,0.0197,0.6351,0.002917,7.001,4.0084,1.746,1.7033,1.7465,0.4251,1.0,0.84377,0.58362,1.35474,0.28428,0.9611,1.0,1.0404,0.5015,4.585,2.8529,6.1745,27.7284,18.9853,4.1407,72,0.0913,0.0684,70,0.0786,0.1637,0.0
271,1369,213621,0.0,0.006976573430576642,0.0008989063348212793,0.006976573430576642,0.464207214721772,5.349834512718446,3.9742790071331404,-75.53870790444077,68.57466185020789,-0.41610582640463195,75.53870790444077,0.025453703044940414,12.564825716551171,6.866812384964095,-6.702453037236872,8.482632246210189,-0.09648838999987512,8.482632246210189,0.13966661562796975,3.525395987713561,1.7884468874305433,0.20821795540079424,2.2663627810245837,0.8378620492258536,0.0,3.681806745816513,2.1751292859363667,1.0,1.0,1.0,9.201073828808932e-06,-0.14695787082049813,0,0,0,0.012383698557898129,1.0669070089526262,422,0.1516,-0.08544,1.795127259006835,10,12,-2,0.1624,135,0.716015137903212,-0.086771,-0.08677147191369317,621.5379322141513,289.8071315361256,0.6091672847472694,0.609170225894211,0.609170287691728,0.7614627823677637,2.4073159944675083e-05,453,0.4401,0.4108,-0.05331,-0.013083,406,0.0531,0.0328,-0.16918,-0.81656,3,0.0671,-1.0,0.000571,7.022,0.0082,-0.435,-0.002352,6.856,0.0236,0.4389,-0.001631,7.009,4.02,1.7467,1.7055,1.7436,0.4284,1.0,0.84282,0.58198,1.3576,0.26714,0.9655,0.9958,1.0314,0.4996,4.275,2.9518,6.2293,27.744,19.0001,4.4445,74,0.0917,-0.3876,72,0.0737,0.1668,0.0
272,1369,213621,4.9556897147159795e-23,0.0072700650114790495,0.0008965906446624167,0.0072700650114790495,0.46704446980648806,5.34521766776479,3.974354971955036,-76.26259807323375,69.32848635596177,-0.4030172519413524,76.26259807323375,0.0035478133492254926,12.561568321168775,6.758434578170275,-6.713227825919597,8.47557395686611,-0.0975267059947049,8.47557395686611,0.14221344542679815,3.5182198099212716,1.7895972422153859,0.1145984647418683,2.239208878195754,0.831164103170764,1.4142115624116159e-08,3.6958194304992724,2.1838877278493767,0.003665110638144009,1.4137364542352906,0.9330426528598315,5.618257854699546e-05,-0.14173969103815348,0,0,0,0.014635500939489132,1.0686891168061141,422,0.1676,-0.13731,1.8089080147769103,10,11,-1,0.1811,135,0.7175497926545995,-0.10406,-0.10405964998388528,621.537870388065,289.8071027082138,0.6091671584244006,0.609170226040639,0.609170287691728,0.7614627825507987,2.50858758931066e-05,453,0.4415,0.4196,-0.10121,0.002094,406,0.0553,0.0161,-0.06958,-0.426419,3,0.0746,-0.9992,0.001265,7.032,0.0093,-0.3069,-0.009921,6.934,0.0245,0.3452,-0.012554,6.985,4.032,1.744,1.7197,1.7324,0.4425,1.0,0.84172,0.58023,1.35694,0.33445,0.9685,0.9927,1.025,0.5004,4.2759,2.9524,6.1696,27.7936,19.0042,4.4445,76,0.1295,-0.8288,76,0.1123,0.3192,-2.0
273,1371,213624,0.0,0.007216155829999788,0.0008587468231963223,0.007216155829999788,0.4665695486479582,5.34339748543704,3.9746296420155036,-77.12970421568208,70.31152154552565,-0.39769143447914906,77.12970421568208,0.008587772652367051,12.536575935074241,6.820302145941483,-6.719327500474047,8.457105316438923,-0.09784007755288288,8.457105316438923,0.14502018381518486,3.5143467785430347,1.790819808749635,0.1471049823669111,2.2349154371574436,0.8374097227551949,0.0,3.707759516804605,2.1900187104511035,1.0,1.0,1.0,0.0001191976256583691,-0.13648474877470929,0,0,0,0.014862266641516271,1.0705216686407424,424,0.1659,-0.14537,1.7864366135598588,16,16,0,0.1574,137,0.7183632404300815,-0.050157,-0.050156833385119004,621.5359126877338,289.8061898829653,0.6091671816158539,0.6091702305866065,0.609170287691728,0.7614627882332581,2.4899936860955052e-05,453,0.4387,0.4244,-0.14705,-0.00807,406,0.0138,0.0563,0.09856,-0.177932,3,0.0734,-0.9924,2e-05,7.055,0.0079,-0.2923,-0.014712,6.967,0.0209,0.4078,-0.008516,6.923,4.031,1.7501,1.7284,1.7175,0.4526,1.0,0.83948,0.5825,1.35846,0.27319,0.9659,0.9953,1.0305,0.5004,4.2716,2.9494,6.1633,27.8963,18.951,4.4365,77,0.1509,-0.8661,80,0.1736,0.3944,-1.0
274,1372,213625,0.0,0.0069109760500535074,0.0008121774906991529,0.0069109760500535074,0.4709582926719406,5.335514533054987,3.9750725596823027,-76.28742424238366,71.24038225422883,-0.4223850849573483,76.28742424238366,0.008536287368067857,12.566090628440016,6.88227088583042,-6.7105880025844575,8.45021992184495,-0.09778880231431698,8.45021992184495,0.1474931864576488,3.5082078070526093,1.7919851391635937,0.15821755137183635,2.2087107662191126,0.821587507101289,0.0,3.721861746052224,2.1973620105059344,1.0,1.0,1.0,0.00019243344927843378,-0.1316330682902024,0,0,0,0.014233088602845969,1.0721883137299943,424,0.1606,-0.1543,1.8001277077506503,19,18,1,0.128,136,0.7180193573639092,0.035457,0.03545672855574655,621.5341680248184,289.80537639157757,0.6091673129598978,0.6091702344911629,0.609170287691728,0.7614627931139536,2.3846955967840893e-05,453,0.4312,0.4201,-0.15416,-0.016716,407,0.0148,0.0944,0.17739,-0.166991,3,0.0697,-0.9923,-0.001659,7.044,0.0026,-0.8384,0.006091,6.838,0.0071,0.8995,0.017045,6.903,4.0004,1.7608,1.7094,1.7256,0.4651,1.0,0.841,0.57898,1.35952,0.23812,0.9621,0.9992,1.0385,0.5,4.2726,2.9501,6.1647,27.9026,18.9892,4.4444,71,0.1257,-1.0,75,0.191,-0.1226,-1.0
275,1372,213625,3.534811047371238e-24,0.006650175566541223,0.0007934668793848059,0.006650175566541223,0.47378693373673675,5.330813027960986,3.9751574342672558,-78.66082605413624,72.5745401054788,-0.44558935958393714,78.66082605413624,0.000775430835112445,12.553779827320708,6.795656780784024,-6.738764169750714,8.461020666669755,-0.09818185910503148,8.461020666669755,0.15067273941499318,3.5002135289614085,1.7923972536040211,0.07977496109404003,2.142673615294141,0.8502916471582859,1.4142115624116159e-08,3.7359961431361564,2.2063391370059113,0.011394504862872523,1.4139408451397606,0.956657469224745,0.00031844220372420276,-0.12631304490604678,0,0,0,0.014601326072832686,1.0731275269454081,424,0.1598,-0.16141,1.826495089320175,16,16,0,0.1029,137,0.7225347605518349,0.037276,0.03727606283872609,621.5366591359284,289.80653793253543,0.6091674252400727,0.6091702288733654,0.609170287691728,0.7614627860917067,2.2946948036380495e-05,453,0.426,0.4046,-0.14589,-0.003788,407,0.0151,-0.0306,-0.05541,0.708439,3,0.0684,-0.9919,-0.002265,7.019,0.0041,-0.7008,0.01629,6.836,0.0109,0.6048,0.003826,7.0,4.014,1.7487,1.703,1.744,0.5059,1.0,0.8422,0.57935,1.35932,0.28148,0.9628,0.9984,1.0369,0.5,4.2691,2.9477,6.2817,27.8798,18.906,4.4286,73,0.0474,-0.4906,73,0.1747,-0.9929,2.0
276,1372,213625,5.077746394306726e-12,0.006522844568551283,0.0007986660492592325,0.006522844568551283,0.47660869185097277,5.325984745188774,3.975248694069579,-77.10360182217437,73.88831201930944,-0.4798568249870564,77.10360182217437,0.02098490732320707,12.564553478871751,6.707082672986341,-6.7596605526223685,8.442797661523922,-0.09791455027640572,8.442797661523922,0.15412098112276323,3.4917067373711546,1.7930476702230758,0.06720342034618199,2.1122626985619077,0.8191802874666927,0.013030917193096979,3.7500262506147277,2.215905711290868,0.0005300162975259148,1.414010801836477,0.9749839876011377,0.0004527357572903216,-0.12198020311600936,0,0,0,0.016712074354117767,1.0739046568326351,424,0.167,-0.18606,1.8374552768109338,18,19,-1,0.1018,133,0.7163976199888883,0.020054,0.020054402394450888,621.5405509652235,289.80835259231077,0.6091674800806363,0.60917021953431,0.6091702876917259,0.7614627744178876,2.2507441590985905e-05,453,0.4226,0.3919,-0.13041,-0.011915,407,0.0298,-0.0146,0.04372,-0.038347,3,0.0709,-0.9813,-0.000915,7.01,0.0077,-0.487,0.000512,6.906,0.0195,0.3101,-0.010099,7.038,4.0328,1.7382,1.7125,1.7453,0.5028,1.0,0.84335,0.57767,1.35893,0.30376,0.9639,0.9973,1.0346,0.5,4.2654,2.9451,6.3371,27.8119,18.8894,4.4285,76,0.0072,0.6161,76,0.0884,-0.9978,-1.0
277,1374,213628,0.0,0.006625189684160063,0.0008365480167889805,0.006625189684160063,0.48266114626883067,5.315077284474061,3.975587456495159,-76.37666498484575,75.27354430796987,-0.45531202408915183,76.37666498484575,0.003708816181299923,12.556249104267796,6.608418424605059,-6.748408126219397,8.435749757829976,-0.09812246170515518,8.435749757829976,0.15782251498419553,3.483690579957985,1.793495011400297,0.08290765409912415,2.1159569813119834,0.8147475982952652,0.0,3.764095320443517,2.22241587840024,1.0,1.0,1.0,5.802152933617947e-06,-0.11736168190224289,0,0,0,0.021518873415347452,1.0742329449994064,424,0.1806,-0.1324,1.826112717975019,16,17,-1,0.1218,133,0.719678524904436,-0.032884,-0.032883825856749205,621.5460326638816,289.81090856722676,0.6091674360735698,0.6091702052140682,0.609170287691728,0.7614627565175852,2.286038754342897e-05,453,0.4227,0.3829,-0.13548,0.01418,409,0.0115,-0.0039,0.13993,-0.343788,3,0.0768,-0.9713,-0.001144,6.983,0.008,-0.0998,0.001522,6.826,0.0188,-0.1396,0.006749,7.001,4.0051,1.7435,1.7044,1.748,0.4762,1.0,0.84367,0.57499,1.3599,0.25786,0.9622,0.999,1.0382,0.5,4.2656,2.9453,6.3374,27.7696,18.9919,4.4523,70,0.0308,-0.929,71,0.0272,-0.688,3.0
278,1377,213632,0.0,0.006596990625729001,0.0008810030910774814,0.006596990625729001,0.4857383032812925,5.3093317652694765,3.976463443403509,-77.07578254652203,63.785055153900366,-0.4672825913615222,77.07578254652203,0.00185732980384401,12.563273357365743,6.57510730886367,-6.704838136869659,8.366758319013769,-0.09676125436372435,8.366758319013769,0.16029916190404522,3.475169644273888,1.7935542533567503,0.10821149986195544,2.1264415679496422,0.8105233550315214,0.0,3.7782237457066916,2.226450068471894,1.0,1.0,1.0,7.156551881207033e-05,-0.11274052730494195,0,0,0,0.02644798806962999,1.072171893594846,426,0.1877,-0.12244,1.8080301655397009,12,13,-1,0.1484,138,0.726383712210827,-0.043011,-0.04301143955437725,621.5493151532879,289.8124391075041,0.6091674482454432,0.609170195986688,0.609170287691728,0.76146274498336,2.2762965751383395e-05,453,0.4242,0.3809,-0.11484,0.003601,410,-0.0127,-0.0041,0.10269,-0.040528,3,0.08,-0.969,0.00074,6.965,0.0081,0.5988,0.012537,6.753,0.0183,-0.7782,0.013299,7.026,3.9928,1.7445,1.6913,1.7596,0.4895,1.0,0.84588,0.57549,1.36158,0.24413,0.9623,0.999,1.0381,0.4996,4.2694,2.9479,6.2821,27.8817,19.0767,4.4682,69,0.0505,0.0255,67,0.0275,-0.3453,4.0
279,1380,213636,0.0,0.006547448154417124,0.0009147128186503602,0.006547448154417124,0.49028643269503785,5.301066898217172,3.9753049051449283,-79.0904307593774,65.2130500590715,-0.47195142023724107,79.0904307593774,0.0020456886137569796,12.562699607904678,6.474154868809876,-6.72938155565503,8.361785085020017,-0.09793063304389305,8.361785085020017,0.1634571758496735,3.4656115685737134,1.7949924574368508,0.13250450677554537,2.138722175629249,0.8147437066959526,0.0,3.790468504110519,2.230451203849257,1.0,1.0,1.0,8.869146157560382e-05,-0.10794175179785195,0,0,0,0.024576938372505144,1.0728268289874103,426,0.1805,-0.1662,1.8128233111353351,9,11,-2,0.1458,137,0.7266859349411894,-0.051933,-0.051933257414238376,621.548559139976,289.812086597966,0.6091674695602025,0.6091701981552522,0.609170287691728,0.7614627476940652,2.2592046561190853e-05,454,0.421,0.3765,-0.10367,-0.002675,412,0.0605,0.0467,0.21316,0.310283,3,0.0764,-0.9585,0.002145,6.96,0.0112,0.9227,0.004077,6.777,0.026,-0.9943,-0.000577,7.046,4.0004,1.7399,1.6942,1.7614,0.4869,1.0,0.84706,0.57717,1.36379,0.22754,0.961,1.0002,1.0407,0.5007,4.5777,2.8484,6.2257,28.1202,19.0568,4.163,70,0.0918,0.9516,67,0.0221,0.746,3.0
280,1381,213637,0.0,0.0068366323980895045,0.00092938501093093,0.0068366323980895045,0.49421506275079335,5.293425636059348,3.9755356637020745,-82.11835799844438,66.14779069821452,-0.5003724584663231,82.11835799844438,0.004659082467646285,12.554206324530952,6.455655603953749,-6.722580871034417,8.37238007810129,-0.0984085772251415,8.37238007810129,0.14023714332035053,3.456097503804697,1.7958773024688568,0.13015797567414067,2.143106129803024,0.8206365585447324,0.0,3.8045154986670466,2.2373792451765087,1.0,1.0,1.0,0.00037941270558346224,-0.10331258507103416,0,0,0,0.022813633194874568,1.073351298814169,426,0.1782,-0.23333,1.825116354581217,7,8,-1,0.1116,137,0.728747471928647,0.023846,0.02384639117191578,621.5506086265556,289.81304222077836,0.609167345100059,0.6091701922160413,0.609170287691728,0.7614627402700516,2.3589802397096355e-05,454,0.421,0.3875,-0.1251,0.013676,413,0.083,0.0479,0.14793,0.006469,3,0.0754,-0.9556,0.002834,6.965,0.0149,0.9954,-0.005701,6.814,0.0353,-0.9231,-0.005211,7.016,4.0023,1.7402,1.7025,1.7531,0.4401,1.0,0.85026,0.57553,1.36406,0.25477,0.9606,1.0006,1.0416,0.5004,4.582,2.851,6.2315,28.1028,19.1425,4.1778,69,0.1364,0.972,67,0.1261,0.8397,0.0
281,1386,213643,0.0,0.006666709323458417,0.0008902407825012634,0.006666709323458417,0.49526594601764456,5.291533033780023,3.975810406608847,-82.04319811825485,66.9768746212653,-0.46741907391073784,82.04319811825485,0.009416682706888224,12.563138449800359,6.544747974866229,-6.700649261037144,8.361476824409838,-0.1004866486752754,8.361476824409838,0.11250820829594879,3.4485028104196918,1.797194284914569,0.13861033657321487,2.136607580880409,0.8238854495198074,0.0,3.818643993195327,2.238051904278169,1.0,1.0,1.0,2.5652459772465034e-06,-0.09864612836170701,0,0,0,0.019487980418343293,1.0720796222408098,429,0.1684,-0.18822,1.8588657580450085,20,20,0,0.0851,138,0.7244778130421705,0.01057,0.010570251467600045,621.5498861980582,289.81270537097447,0.6091674182294361,0.6091701943311019,0.609170287691728,0.7614627429138773,2.300350950771707e-05,455,0.4124,0.3818,-0.15237,0.014259,414,0.074,0.031,0.11959,-0.230969,3,0.0698,-0.959,0.001403,6.972,0.0128,0.956,-0.006951,6.825,0.0313,-0.8336,-0.003149,6.976,3.998,1.7438,1.7072,1.7449,0.4294,1.0,0.85113,0.57517,1.36656,0.29402,0.963,0.9983,1.0367,0.5007,4.5768,2.8478,6.4686,28.0277,19.1888,4.1926,69,0.1226,0.6595,71,0.1699,0.8491,-2.0
282,1394,213655,0.0,0.006335358812235729,0.000824723834024103,0.006335358812235729,0.5016837292366747,5.288868338775581,3.9760586746699493,-78.85353413048387,67.46213985660778,-0.49155420022227453,78.85353413048387,0.00519175152098238,12.549868941773006,6.540751684649718,-6.701807672369622,8.275156766685832,-0.09685152336437665,8.275156766685832,0.0886557957302826,3.438610113861625,1.798953702948089,0.14318329629865367,2.1248916354548117,0.8206375318104832,0.0,3.832782345307648,2.2340416572821193,1.0,1.0,1.0,3.6441690286858765e-06,-0.09416225121747444,0,0,0,0.015814322582854267,1.0736079805478804,429,0.1461,-0.14837,1.8764681067731457,22,22,0,0.0542,134,0.7174442260037378,0.179496,0.17949634508152434,621.5496487779898,289.8125946681108,0.6091675608450179,0.6091701950209842,0.609170287691728,0.7614627437762302,2.1860191478189174e-05,459,0.3881,0.3512,-0.17723,0.012529,418,0.075,0.0345,0.18198,-0.227011,3,0.057,-0.9848,0.001111,6.97,0.011,0.8668,-0.00134,6.848,0.0294,-0.767,-0.003101,6.971,4.001,1.742,1.7115,1.7424,0.4287,1.0,0.85333,0.57707,1.37151,0.31229,0.9623,0.9992,1.0383,0.5,4.5623,2.8387,6.3872,28.4599,19.0263,4.1703,71,0.0657,-0.1309,73,0.1477,0.5836,-1.0
283,1397,213658,0.0,0.006109669572703291,0.0008122848470194354,0.006109669572703291,0.5048860043114738,5.291719620809062,3.9750782754805574,-78.72755235851713,67.9770179209383,-0.46861918478299985,78.72755235851713,0.02050383812982548,12.565752852629148,6.533097087268792,-6.725375060594259,8.275338624995092,-0.0970123765729608,8.275338624995092,0.06331523404111296,3.4277754117079136,1.8001442227781672,0.14707316729712305,2.1151546193772486,0.8153777764114906,0.0,3.8469237263987823,2.23806858386703,1.0,1.0,1.0,1.8190740058031933e-05,-0.0896979477210759,0,0,0,0.015088424023951708,1.0757040910776612,429,0.1427,-0.17105,1.8511572446669853,20,21,-1,0.057,135,0.7210333585465444,0.103661,0.10366119731882995,621.5532758363003,289.81428587199457,0.6091676580089387,0.6091701842012762,0.609170287691728,0.7614627302515953,2.1081326458150565e-05,461,0.3791,0.3368,-0.16669,-0.006639,418,0.07,0.005,0.24315,-0.045312,3,0.0542,-0.9918,-0.000724,6.959,0.01,0.5713,0.006854,6.841,0.0267,-0.4617,0.002476,7.007,4.0044,1.7378,1.7083,1.7499,0.4273,1.0,0.85355,0.5786,1.37421,0.31278,0.965,0.9965,1.0326,0.5004,4.5473,2.8294,6.6087,28.4096,18.8964,4.1555,70,0.0894,-0.9554,70,0.1786,0.2087,5.0
284,1400,213662,0.0,0.006240483757541341,0.0009210609287455261,0.006240483757541341,0.5037412198639918,5.282392283091643,3.9744363462844445,-81.82250681166504,68.44306555699384,-0.47862505097700553,81.82250681166504,0.009995539458939717,12.55871432901353,6.560502175327664,-6.7690541463961456,8.27602775133239,-0.09740492805534075,8.27602775133239,0.05,3.416553403500695,1.8008027190067468,0.1737022721192164,2.127389874210762,0.838639249392886,0.0,3.861065820113214,2.242148410834278,1.0,1.0,1.0,2.697507369073331e-05,-0.08505688969607272,0,0,0,0.01622312851697534,1.0761353687123587,432,0.1512,-0.17046,1.810896601740587,17,17,0,0.0872,138,0.728117152813774,0.006558,0.006557947702816591,621.5717265299775,289.82288895530183,0.6091676018432075,0.609170119928529,0.609170287691728,0.7614626499106611,2.1532059734950005e-05,461,0.3858,0.3288,-0.15645,-0.01493,418,0.1103,0.0119,0.2309,-0.013054,3,0.0587,-0.9867,-0.001382,6.931,0.0167,0.2783,0.0025,6.808,0.0428,-0.1185,0.001253,7.0,3.9914,1.7366,1.7056,1.7537,0.4262,1.0,0.85344,0.5774,1.37654,0.3194,0.9642,0.9973,1.0344,0.5,4.5592,2.8368,6.5044,28.4839,19.1147,4.1926,65,0.1357,-0.3252,67,0.1866,0.1781,1.0
285,1401,213663,0.0,0.006365348257756355,0.0010218461385731244,0.006365348257756355,0.5054013485976424,5.277194108308908,3.9750833237098138,-81.78189367047399,69.02704530443636,-0.48292153755689604,81.78189367047399,0.02898187995981265,12.558903954765608,6.5883270508826195,-6.773235837833267,8.271435983788688,-0.09953500348466504,8.271435983788688,0.05,3.4052942157079125,1.8011330427108292,0.1693551794057293,2.149313315357253,0.8333623515991908,0.0,3.875207765548937,2.2493999408515677,1.0,1.0,1.0,8.003823264776522e-05,-0.08069694496336854,0,0,0,0.01817092578920247,1.0768556363818826,433,0.1647,-0.11932,1.7848733230422318,11,11,0,0.1207,139,0.730985579778267,0.024879,0.024878842272407553,621.5847737529921,289.8289725393928,0.6091675482112385,0.6091700651701455,0.609170287691728,0.7614625814626819,2.1962429090456764e-05,461,0.3875,0.32,-0.12033,-0.008536,418,0.1332,0.0294,0.19785,-0.037382,3,0.0642,-0.9759,-0.001057,6.922,0.022,0.3296,-0.001351,6.789,0.0519,-0.1158,-7.9e-05,6.984,3.9832,1.7379,1.7045,1.7534,0.4276,1.0,0.85508,0.57815,1.3765,0.31843,0.9653,0.9962,1.032,0.4996,4.5693,2.8431,6.458,28.4605,19.259,4.2149,65,0.0979,0.0838,67,0.1394,0.1274,1.0
286,1404,213667,0.0,0.00657349345321853,0.0011000530690367318,0.00657349345321853,0.513034699563577,5.279555402743379,3.9756095656466,-78.5926649885131,69.75867897559476,-0.45772600277069925,78.5926649885131,0.0036385152866973414,12.562649373739857,6.544515836780983,-6.754026367037672,8.235260352243634,-0.09839312638169709,8.235260352243634,0.05,3.409585154278522,1.8017669640009866,0.18719960374322198,2.1707346407484005,0.8331262012556736,0.0,3.88934708709278,2.2533479488851955,1.0,1.0,1.0,5.823582435363723e-06,-0.07645227623554787,0,0,0,0.018549509122052357,1.0786133964602316,433,0.1741,-0.07388,1.7686512123667582,17,18,-1,0.1571,136,0.7272189365882837,-0.011232,-0.01123163512571601,621.5904678820377,289.83162756512786,0.6091674586761847,0.6091700388556371,0.609170287691728,0.7614625485695464,2.268038691443847e-05,461,0.3944,0.3225,-0.10017,0.023047,421,0.1506,0.0577,0.12649,-0.062368,3,0.0694,-0.9577,-0.001735,6.914,0.0264,0.4226,-0.001608,6.774,0.0597,-0.144,-0.000826,6.973,3.9765,1.7386,1.7036,1.7535,0.4287,1.0,0.8559,0.57738,1.37879,0.31548,0.9681,0.9934,1.0261,0.5007,4.5655,2.8408,6.5135,28.5237,19.2429,4.2149,65,0.0619,0.798,66,0.1146,0.3277,4.0
287,1407,213671,0.0,0.006664518238903848,0.0011169351543393446,0.006664518238903848,0.5179874588084108,5.277767208695937,3.9754035562537298,-78.47918194088179,70.20019540536263,-0.4816403938302634,78.47918194088179,0.020076161728709963,12.566368663724539,6.526722159504827,-6.8538024267871664,8.221922577329087,-0.09697997308713037,8.221922577329087,0.05,3.4169663566187616,1.8022184029405928,0.144895153502538,2.196445156062979,0.8259133850882205,0.0,3.903260911939876,2.2575448752989606,1.0,1.0,1.0,3.438395691376826e-05,-0.07219294778180525,0,0,0,0.016365870559487652,1.0790659667926064,434,0.1721,-0.16848,1.8098612492834532,10,10,0,0.1752,139,0.7330023861491302,-0.031466,-0.03146641335673395,621.5862379161092,289.8296552409482,0.6091674194697082,0.6091700585446163,0.609170287691728,0.7614625731807703,2.299460430770391e-05,461,0.4013,0.33,-0.08218,0.020224,423,0.1533,0.0538,0.08316,-0.036413,3,0.07,-0.9398,-0.000108,6.91,0.0266,0.5225,-0.000644,6.771,0.0618,-0.1995,-0.000459,6.966,3.9738,1.7388,1.704,1.753,0.4293,1.0,0.85447,0.57908,1.37982,0.30724,0.9693,0.9923,1.0237,0.5004,4.5702,2.8437,6.5811,28.4659,19.398,4.2445,66,0.0737,0.8964,64,0.1035,0.7473,-1.0
288,1409,213673,0.0,0.0067118840453024966,0.0010341948268809326,0.0067118840453024966,0.5223465170457714,5.27853656633141,3.974787441733917,-81.59315296319285,70.70001734559061,-0.4681348747465127,81.59315296319285,0.00038399770510399913,12.564665911238976,6.435708467286868,-6.865206503766905,8.263233775098266,-0.09775727535690043,8.263233775098266,0.05,3.423508240239156,1.8032113960615594,0.1917756642752565,2.2165405491867194,0.8348507778943125,0.0,3.917224590544053,2.2633003099080353,1.0,1.0,1.0,0.00010264148845659106,-0.06793506378161909,0,0,0,0.015102478625038128,1.0797042011834768,434,0.169,-0.2484,1.8364967467373114,16,16,0,0.1452,143,0.742714684977603,-0.088063,-0.08806321220929036,621.5676088023791,289.8209689649652,0.6091673989291302,0.6091701356114007,0.609170287691728,0.7614626695142508,2.3158724744012082e-05,462,0.3969,0.3286,-0.10788,-0.002335,424,0.1265,0.0326,0.04975,0.073761,3,0.0679,-0.934,0.001813,6.904,0.0216,0.44,0.003548,6.776,0.0505,-0.0902,0.001246,6.976,3.9755,1.7365,1.7046,1.7547,0.43,1.0,0.85275,0.58367,1.38108,0.29922,0.968,0.9935,1.0264,0.5004,4.5711,2.8442,6.5823,28.5147,19.4355,4.2518,66,0.1143,0.2655,63,0.0983,0.9454,-3.0
289,1410,213674,0.0,0.006714216383845081,0.000934681058539193,0.006714216383845081,0.5240109325372724,5.273538532980449,3.975055159151455,-81.55199643338663,71.77400141927917,-0.4320976882868878,81.55199643338663,0.001392531694488497,12.557842254786406,6.488321061285699,-6.8640147077806155,8.259940759222362,-0.10058376185799457,8.259940759222362,0.05,3.4301569043591567,1.8042585952987873,0.20945405962045693,2.214304897346538,0.8450367463045466,0.0,3.931312371016455,2.2707830607682946,1.0,1.0,1.0,0.00033629256430766665,-0.06375228770743441,0,0,0,0.012223848723767961,1.0791972114040511,435,0.1606,-0.2529,1.8075842520180483,19,18,1,0.1391,144,0.7428611496065491,0.154665,0.15466473793775903,621.5552692219171,289.8152153363727,0.6091673978219955,0.6091701780012613,0.609170287691728,0.7614627225015765,2.3167232182935103e-05,462,0.3915,0.3379,-0.12911,0.005747,424,0.1086,0.0347,0.14375,0.115347,3,0.0635,-0.9406,0.00217,6.886,0.0175,-0.0069,0.003569,6.77,0.0427,0.3461,0.001424,6.971,3.97,1.7344,1.7053,1.756,0.4269,1.0,0.85133,0.58182,1.38063,0.29704,0.9674,0.9941,1.0277,0.5007,4.5789,2.8491,6.4715,28.5637,19.5706,4.2741,65,0.12,-0.3956,63,0.1286,0.9962,-1.0
290,1415,213681,0.0,0.00624869862036149,0.0008576058616133014,0.00624869862036149,0.5290189255049719,5.277890860224845,3.9742521816984397,-78.37695605864748,72.30796522258264,-0.43701079944301413,78.37695605864748,0.002384077298738997,12.560826624155156,6.461011922158663,-6.794714054639494,8.273614707050442,-0.096470249654632,8.273614707050442,0.05,3.4375184934136893,1.805295977465661,0.16721379267650271,2.2144541247301586,0.8260189732984089,0.0,3.9454281762199455,2.2715269112852243,1.0,1.0,1.0,2.7020162833328907e-06,-0.05976210564091135,0,0,0,0.010472667347636083,1.0808491128523336,435,0.1454,-0.21457,1.7854337219719187,19,18,1,0.0913,142,0.7410423847095854,0.024458,0.024457705283423836,621.5560713875567,289.81558936555257,0.6091675981934275,0.6091701754551482,0.609170287691728,0.7614627193189352,2.1560947201083203e-05,465,0.3755,0.3302,-0.1702,0.022252,426,0.1086,0.0613,0.15171,0.060495,3,0.0549,-0.9566,4e-05,6.867,0.0158,-0.4022,-0.000798,6.761,0.041,0.6514,-0.001432,6.952,3.9608,1.7338,1.7069,1.7552,0.4265,1.0,0.85318,0.58029,1.3819,0.29957,0.9692,0.9925,1.024,0.4996,4.5729,2.8453,6.463,28.8308,19.477,4.2592,65,0.0559,-0.9946,62,0.1412,0.9275,-1.0
291,1418,213685,0.0,0.005780217373909546,0.0008216084488516634,0.005780217373909546,0.533791647344975,5.276101179658556,3.975427047151329,-78.30301705142577,72.65873940214195,-0.4757661280045865,78.30301705142577,0.004135478622149691,12.564490286407963,6.549674006838709,-6.78338833323177,8.275248983092432,-0.09378759251310384,8.275248983092432,0.05,3.4447090553034223,1.8061757883547267,0.1745322140660872,2.2083564174430808,0.8371719126442477,0.0,3.9594559242306473,2.275529243195702,1.0,1.0,1.0,2.6687498721322486e-05,-0.05557987343378263,0,0,0,0.008691795279573354,1.0829889711188443,436,0.1294,-0.22648,1.7860607411452167,21,20,1,0.0801,141,0.7412180427824168,0.005269,0.005269475220313291,621.559972527857,289.81740836680984,0.6091677998560301,0.6091701626574075,0.609170287691728,0.7614627033217594,1.9944341530353366e-05,465,0.369,0.3239,-0.18184,-0.013261,428,0.1201,0.074,0.13614,0.018861,3,0.0481,-0.9748,0.001224,6.839,0.0158,-0.696,-0.002574,6.764,0.045,0.8386,-0.004529,6.917,3.9493,1.7317,1.7128,1.7515,0.4265,1.0,0.85336,0.57899,1.38247,0.30947,0.9688,0.9928,1.0247,0.5,4.5759,2.8472,6.6503,28.8064,19.5239,4.2667,64,0.1019,0.217,62,0.1025,0.9431,0.0
292,1422,213690,0.0,0.005317374650372014,0.0008415300296007718,0.005317374650372014,0.542838948307762,5.27795792119823,3.974733536732945,-81.41645435605629,72.86160450454564,-0.4447918942045323,81.41645435605629,0.009085491890270294,12.565240709587627,6.503400319955555,-6.75993598585096,8.270716236929395,-0.09273909420027827,8.270716236929395,0.05,3.451996774559941,1.806999961279172,0.1688027336620992,2.1687368618721585,0.8322765840482912,0.0,3.9735860242456877,2.2779042851288254,1.0,1.0,1.0,1.5187126636050957e-05,-0.05151921525153271,0,0,0,0.008976724860785221,1.0837636300459619,436,0.1307,-0.22812,1.8081009544941573,17,16,1,0.1192,142,0.7433918902143921,-0.078219,-0.07821901262641195,621.5734295518362,289.82368303053715,0.6091679991579354,0.609170113218449,0.609170287691728,0.7614626415230613,1.834692939780132e-05,465,0.356,0.3131,-0.16703,-0.036578,431,0.136,0.0496,0.14237,-0.264592,3,0.0467,-0.9934,0.003115,6.843,0.018,-0.8233,-0.003933,6.803,0.0493,0.8828,-0.004788,6.897,3.9534,1.7308,1.7208,1.7445,0.4272,1.0,0.85112,0.58026,1.38014,0.3143,0.9643,0.997,1.034,0.4993,4.8804,2.8469,6.6496,28.8031,19.6233,4.0208,66,0.1196,0.7178,63,0.0275,0.9981,1.0
293,1424,213693,0.0,0.0049852997691508935,0.0008792430900638472,0.0049852997691508935,0.5485684611651791,5.278108418524168,3.9741619967065613,-81.46640602052021,73.04770108833839,-0.4538845626973881,81.46640602052021,0.0008753467113447044,12.56526310154195,6.462566180305147,-6.746664651371101,8.231627848123807,-0.09374466135665324,8.231627848123807,0.05,3.4616967856478986,1.8076381239095838,0.16905949546664512,2.1493825606610852,0.8331076250516354,0.0,3.9877221826371176,2.2835725635372146,1.0,1.0,1.0,9.480495261967353e-06,-0.04736968253419732,0,0,0,0.00851503425172793,1.0846182270567246,436,0.1217,-0.14305,1.7826474555629392,15,15,0,0.1417,140,0.7405725920976457,-0.038702,-0.038702267087246334,621.5804706365252,289.826966107001,0.609168142124701,0.6091700840822847,0.609170287691728,0.7614626051028558,1.7200952127105987e-05,465,0.353,0.3143,-0.10759,-0.012565,433,0.1425,0.0486,0.17534,-0.32805,3,0.0434,-0.9788,0.000219,6.848,0.0177,-0.7343,-0.004453,6.803,0.0511,0.8578,-0.001431,6.872,3.9499,1.7338,1.7224,1.7399,0.4306,1.0,0.84898,0.58217,1.38156,0.31605,0.963,0.9983,1.0367,0.5,4.8828,2.8483,6.4697,29.2095,19.4972,3.993,66,0.0762,0.3034,63,0.089,-0.6756,0.0
294,1425,213694,0.0,0.004815179599564843,0.000882854880933784,0.004815179599564843,0.5530436266761067,5.2767387850487895,3.974156339956781,-78.3187654196078,73.3752497432559,-0.471613451080043,78.3187654196078,0.006200260993338924,12.55311501590827,6.413407964901888,-6.737613836131143,8.236704929469482,-0.09354990503468522,8.236704929469482,0.05,3.469894891743519,1.8080675095579997,0.1688608702119554,2.1463038294009524,0.8298061347066312,0.0,4.001797526494481,2.2908805619476342,1.0,1.0,1.0,7.04934437022392e-05,-0.0432416949943969,0,0,0,0.007543143605403349,1.0853386911565472,436,0.0958,-0.11874,1.7568236476283352,17,17,0,0.1353,141,0.742989801549789,-0.095516,-0.09551599651351661,621.5836501080269,289.8284486126824,0.6091682153673186,0.6091700701907936,0.609170287691728,0.761462587738492,1.661389564279695e-05,465,0.351,0.3159,-0.06242,0.015123,434,0.1374,0.0356,0.14829,-0.072888,3,0.0346,-0.9795,0.005594,6.861,0.0136,-0.7462,0.001277,6.834,0.0489,0.865,0.001168,6.869,3.9577,1.7336,1.7269,1.7356,0.4397,1.0,0.8489,0.57778,1.38174,0.31099,0.9686,0.9926,1.0248,0.4996,4.8837,2.8488,6.4098,29.3458,19.4669,3.9861,67,0.0796,-0.9865,64,0.1339,-0.8443,1.0
295,1426,213695,0.0,0.004780486643465446,0.000886474857530538,0.004780486643465446,0.5577225177262537,5.2763556581146105,3.974079456641569,-78.18664171059767,73.32822383052765,-0.4709624637466032,78.18664171059767,0.009865421750953458,12.55734535496232,6.446650180655414,-6.725461944113775,8.187022311267278,-0.09276387477811382,8.187022311267278,0.05,3.475930194144313,1.8085526122985047,0.22126861793021046,2.141836119036551,0.8298003520276994,0.0,4.015925763764993,2.2982239981697608,1.0,1.0,1.0,0.00011512998432488,-0.03934669777086223,0,0,0,0.006378435828035494,1.0908263548678672,436,0.0769,-0.18796,1.7853992559056189,13,14,-1,0.138,137,0.7363015240996554,-0.215386,-0.21538597683517136,621.5812029977121,289.8273075881622,0.6091682302766928,0.6091700809229231,0.609170287691728,0.7614626011536538,1.6494258885565073e-05,465,0.3551,0.3168,-0.04078,0.009139,435,0.1378,0.0423,0.14318,0.12682,3,0.0279,-0.9953,0.013885,6.862,0.0108,-0.8123,0.008756,6.911,0.0494,0.865,0.001766,6.878,3.9744,1.7266,1.739,1.7305,0.4511,1.0,0.84819,0.57747,1.38208,0.29092,0.9681,0.9931,1.0258,0.5,4.8866,2.8505,6.2914,29.3629,19.5801,4.0069,70,0.1682,-0.9993,70,0.1867,-0.8931,1.0
296,1427,213696,0.0,0.005020160724207907,0.0008765875364038587,0.005020160724207907,0.5623630525793676,5.278782964333741,3.9742629562415734,-81.31124959767126,73.19240308473195,-0.4735953098064369,81.31124959767126,0.003528390792193078,12.563121095674516,6.449792488619384,-6.700081871147261,8.191670767327993,-0.09353616241652488,8.191670767327993,0.05,3.4766658536190262,1.8094871072103336,0.2711357741326441,2.1649930253918472,0.83616665033511,0.0,4.030058181314386,2.305384276872559,1.0,1.0,1.0,0.00023514259827196876,-0.03530123745855219,0,0,0,0.00544967905480648,1.0993400433650855,436,0.0667,-0.2278,1.8660579837575713,19,18,1,0.0667,132,0.72763852833223,-0.589781,-0.5897814505047221,621.5776869067165,289.8256681254797,0.6091681270990774,0.6091700958705664,0.609170287691728,0.761462619838208,1.732131165840851e-05,465,0.3554,0.3177,-0.02826,0.026144,436,0.1489,0.0921,0.18546,0.141852,3,0.0242,-0.9324,0.010191,6.856,0.0101,-0.9991,0.007228,6.961,0.0535,0.9161,0.001719,6.882,3.9835,1.7211,1.7474,1.7276,0.4593,1.0,0.84803,0.5819,1.3824,0.27517,0.9622,0.9991,1.0383,0.4996,4.8923,2.8538,6.2988,29.3535,19.6709,4.0208,71,0.1774,-0.9391,73,0.1083,-0.6513,-0.0
297,1430,213700,0.0,0.004688837389471817,0.0008357690425382093,0.004688837389471817,0.5683801442735558,5.279995409795844,3.973523669796935,-81.36927186302977,73.09745262130316,-0.49500440679115043,81.36927186302977,0.0032852963441207805,12.564265439515886,6.478946208248722,-6.6986453281287694,8.23485847647411,-0.09633065467657653,8.23485847647411,0.05,3.4825750422055557,1.8100309677836999,0.2581067767624058,2.1877017239835106,0.845597033837223,0.0,4.044197791251512,2.3094731046556065,1.0,1.0,1.0,0.00012524567055423303,-0.0313802212614057,0,0,0,0.004075345380154992,1.109315725171421,437,0.0472,-0.27736,1.8548276384696718,22,22,0,0.0129,129,0.7211733582314425,-0.36105,-0.36104959019926186,621.5780068722992,289.8258173171909,0.6091682697032654,0.6091700945338444,0.609170287691728,0.7614626181673054,1.6178121855653267e-05,465,0.3443,0.3045,-0.02687,0.007032,438,0.1674,0.1536,0.2322,0.16701,3,0.0245,-0.5078,0.008256,6.845,0.0118,-0.6835,0.007481,7.004,0.0582,0.9759,0.001056,6.894,3.9922,1.7146,1.7544,1.7269,0.4566,1.0,0.8485,0.5792,1.38226,0.25647,0.9667,0.9945,1.0288,0.5007,4.9035,2.8604,6.1294,29.5961,19.7842,4.0347,73,0.0852,-0.8711,77,0.0354,-0.7296,3.0
298,1431,213701,0.0,0.004869228646059846,0.0007836850671001844,0.004869228646059846,0.570656125400551,5.283213895389906,3.9740856668244957,-90.80144276609397,73.06633223290282,-0.48089863069141553,90.80144276609397,0.0008209005314924671,12.561985871473368,6.586078501943665,-6.687422073234903,8.26745798523132,-0.09631588560286186,8.26745798523132,0.05,3.4897749450922326,1.8103994644217531,0.24933150285222005,2.18524617516835,0.8576386231183373,0.0,4.05833984251356,2.3166772523704138,1.0,1.0,1.0,0.0005741032061643004,-0.027558121610606896,0,0,0,0.003493009650840806,1.1148585981444143,437,0.0534,-0.25234,1.8776615087191662,19,19,0,-0.0383,128,0.719809426483586,-0.157606,-0.1576059166010153,621.5829052883574,289.82810132245163,0.6091681920974521,0.6091700734857308,0.609170287691728,0.7614625918571635,1.6800402113674025e-05,466,0.3249,0.2858,-0.06464,0.022738,438,0.1806,0.1818,0.22091,0.139527,3,0.0308,-0.3296,0.001807,6.844,0.017,-0.3152,0.004133,7.024,0.0591,0.9999,0.000365,6.918,4.0006,1.7108,1.7558,1.7293,0.4517,1.0,0.8506,0.57656,1.38297,0.25578,0.9642,0.997,1.0341,0.5003,4.9033,2.8603,6.1292,29.5075,19.8857,4.0556,77,0.0629,0.9348,82,0.0617,0.9869,5.0
299,1435,213706,0.0,0.004678988840865587,0.0007404095177469866,0.004678988840865587,0.5745647412081853,5.290345881034757,3.9741285963901833,-90.7761262216243,72.98717878845409,-0.49763880149048445,90.7761262216243,0.003345702052261146,12.564234617212444,6.532059601775051,-6.688771951850333,8.258673246888954,-0.09741264190405959,8.258673246888954,0.05,3.491631765012451,1.810955128112311,0.2600775590469836,2.139826957405609,0.8528761720095069,0.0,4.072444494895583,2.3190386378465933,1.0,1.0,1.0,1.000775607326824e-05,-0.02387395720634255,0,0,0,0.0037246940927859475,1.1103047008916564,437,0.0782,-0.1737,1.9572047807951645,16,17,-1,-0.014,135,0.7358260198342726,0.064834,0.06483427544949816,621.585302827192,289.8292192330672,0.609168273986513,0.6091700627879408,0.609170287691728,0.761462578484926,1.6143951438874634e-05,469,0.304,0.256,-0.12005,0.016227,439,0.1893,0.1862,0.21862,0.201303,3,0.0326,-0.3775,-0.006948,6.854,0.0202,-0.1177,-0.002102,7.001,0.0582,0.964,-0.00036,6.94,4.0021,1.7125,1.7494,1.734,0.4414,1.0,0.85113,0.57994,1.38466,0.27619,0.9688,0.9925,1.0244,0.4997,4.904,2.8606,6.2526,29.4238,20.0245,4.0833,76,0.2072,0.9981,79,0.1511,0.999,4.0
300,1444,213718,0.0,0.004519961043263806,0.0007176066833938943,0.004519961043263806,0.5794239892651976,5.2919773183400185,3.9739923182210557,-90.7653333816069,72.90771336175948,-0.4678670857567247,90.7653333816069,0.00873641463968537,12.558201923315613,6.547249390974874,-6.707262415502743,8.255671227046832,-0.09872571184474735,8.255671227046832,0.05,3.4941887419007314,1.8124074003075636,0.25281307110436935,2.1020696275298487,0.8420418166639633,0.0,4.086219892666968,2.313336554391872,1.0,1.0,1.0,3.530296989380357e-06,-0.020202968448078357,0,0,0,0.003246024439251192,1.1077486457475507,440,0.0893,-0.03458,1.9864204878097815,26,27,-1,-0.0177,136,0.7346278772030068,-0.542604,-0.5426042193171996,621.5868393381129,289.8299356685404,0.6091683424324836,0.6091700557934866,0.609170287691728,0.7614625697418582,1.559521804687902e-05,472,0.2937,0.2475,-0.17528,-0.001727,442,0.1866,0.1913,0.20135,0.011473,3,0.0313,-0.4829,-0.002167,6.865,0.02,-0.0295,-0.002331,6.996,0.0557,0.8896,-0.000193,6.942,4.0036,1.7147,1.7475,1.7338,0.4391,1.0,0.85169,0.58199,1.3892,0.2959,0.9676,0.9938,1.027,0.5,4.9121,2.8654,6.2015,29.6481,20.2624,4.125,77,0.2342,0.9999,81,0.2363,0.9244,2.0
