step,n,n_archi,I2_min,I2_max,I2_mean,I2_absmax,r_min,r_max,r_mean,tw_min,tw_max,tw_mean,tw_absmax,phi_min,phi_max,phi_mean,phivel_min,phivel_max,phivel_mean,phivel_absmax,d_min,d_max,d_mean,d0_min,d0_max,d0_mean,eta_min,eta_max,eta_mean,tau_min,tau_max,tau_mean,dmin_nodi,xi_termo,n_naninf,n_I2_grandi,n_lontani,m0_I2pesata,m0_raggio,m0_N,m0_coer,m0_spin,m0_spin_disp,m0_vort_pos,m0_vort_neg,m0_carica,m0_coer_nucleo,m0_N_nucleo,m0_raggio_nucleo,m0_Lz,m0_Lz_norm,ncrit_adattivo,rho_critica,lambda_eff_min,lambda_eff_med,lambda_eff_max,lambda_eff_ratio_med,rho_su_rhoc_max,m1_N,m1_coer,m1_coer_nucleo,m1_spin,m1_Lz,m2_N,m2_coer,m2_coer_nucleo,m2_spin,m2_Lz,n_masse,coer_01,cosphi_01,Lz_orb_01,dist_01,coer_02,cosphi_02,Lz_orb_02,dist_02,coer_12,cosphi_12,Lz_orb_12,dist_12,scala_com,rcom_01,rcom_02,rcom_12,s2_medio,s2_max,tw_q,tw_disp,sync_rel,d0_disp,rchi_pos,rchi_neg,rchi_ratio,frac_chi_neg,dens_g0,dens_g1,dens_g2,dens_g3,dens_g4,guscio_idx,centro_N,centro_coer,centro_cosphi,guscio_N,guscio_coer,guscio_cosphi,guscio_circ
0,1196,214854,0.0,2.8943956567328396e-12,2.5646456983971344e-14,2.8943956567328396e-12,1.1567762366486072,4.760898800742703,3.966424698136162,-23.44144657002465,31.925740906137072,0.0014733904037426766,31.925740906137072,0.00018070373801806273,12.566323383711568,6.160437569526114,-0.9933683770135051,1.14962216572393,-0.002722345027586138,1.14962216572393,0.0907852587594793,2.399797375770375,1.2074815046832854,0.0907852587594793,2.39979737587519,1.207196975265181,0.0,0.060508307885034945,0.003099483053113544,1.0,1.0,1.0,0.010987826189493757,-0.11978814731186244,0,0,0,0.0,0.6007953539958085,372,0.9988,0.02662,0.4577152190568777,2,2,0,0.9988,372,0.6007953539958085,0.0,0.0,621.4857873344093,289.7828177215713,0.6091702876917268,0.609170287691728,0.609170287691728,0.76146285961466,9.988154851588988e-15,372,0.9985,0.9984,-0.03429,0.0,372,0.9988,0.9989,-0.00159,0.0,3,0.9973,1.0,0.0,0.0,0.9976,1.0,0.0,0.0,0.9974,1.0,0.0,0.0,0.0,0.0,0.0,0.0,1.0,1.0,0.00151,1.0,1.27638,0.27691,0.9886,0.9886,1.0001,0.5025,1.454,2.7869,2.181,14.9556,33.4019,22.9724,0,0.0,0.0,0,0.0,0.0,0.0
1,1196,214854,5.626240803480162e-30,2.2175823914594592e-12,2.380260378035808e-14,2.2175823914594592e-12,1.156408408346583,4.7774859525558835,3.9663697869555974,-25.011896592713835,32.463814374822014,-0.02492764538499986,32.463814374822014,0.00030764692526181786,12.565953464402451,5.4839358901279605,-0.9933683786965135,1.1496221676774825,-0.0027223450340062814,1.1496221676774825,0.0907852587594793,2.399797375770431,1.2074815046832854,0.09077913211101689,2.3997973758837543,1.2066640303337293,1.4142115624116159e-08,0.06050832202715057,0.0030994971952291684,5.7619267340713876e-06,1.1157521626425582,0.7326570421556745,0.0110240464839881,-0.11978817147410492,0,0,0,3.7565521015143786e-24,0.6007953632712015,372,0.9785,0.02549,0.45768081240740605,2,3,-1,0.9461,372,0.6007953632712015,0.02726,0.027260419446803796,621.4857873344098,289.7828177215715,0.6091702876917271,0.609170287691728,0.609170287691728,0.76146285961466,7.652566873685906e-15,372,0.9671,0.9495,-0.03538,-1.013296,372,0.8916,0.8672,-0.00064,1.023978,3,0.9639,0.9665,2.363784,0.0,0.9332,0.9662,-2.829778,0.0,0.9318,0.8676,-1.129046,0.0,0.0,2.1653,0.7513,1.9357,1.0,1.0,0.26019,0.0324,1.27638,0.27687,0.5709,1.0185,1.784,0.9331,1.454,2.7869,2.181,14.9556,33.4019,22.9724,0,0.0,0.0,0,0.0,0.0,0.0
2,1196,214854,2.772447627685153e-23,1.6013051524755742e-09,2.2182168950076115e-11,1.6013051524755742e-09,1.1564084013609945,4.777485950587881,3.9663697879953257,-28.8656048774463,31.924700639197066,-1.4928185257620583,31.924700639197066,7.798918177630287e-05,12.566114495358306,5.619556658138231,-0.9949938018084978,1.1536226714260887,-0.0027325659297403188,1.1536226714260887,0.09078527498559506,2.3997974404822293,1.2074814915605963,0.09077379453043595,2.3997974404826357,1.205739522466759,7.17613829581687e-08,0.06998184476579465,0.010426067616785911,0.0018615575882467983,1.1541213959407852,0.830682496159667,0.01105813125547032,-0.1368601539718802,0,0,0,8.942181923210304e-09,0.6015737491625256,372,0.9253,0.02863,0.45891978158785685,0,0,0,0.9253,372,0.6015737491625256,1.535001,1.5350009644966862,621.4858075886806,289.7828271656164,0.6091702876910388,0.6091702876917187,0.609170287691728,0.7614628596146483,5.5258800810870605e-12,372,0.9432,0.9432,-0.03285,-0.033697,372,0.717,0.6829,0.00571,0.092244,3,0.8728,0.8782,0.243149,6.95,0.6805,0.9091,-0.305835,4.037,0.6936,0.5992,0.057297,4.061,3.0018,2.3154,1.3448,1.3529,1.0,1.0,0.25667,0.11198,1.27613,0.27688,0.9388,1.0384,1.1061,0.5,1.454,2.7869,2.181,14.9556,33.4019,22.9724,21,0.4221,0.6746,24,0.2783,0.6956,0.0
3,1196,214854,2.626271696791285e-15,1.028736076950999e-08,3.517460282159592e-10,1.028736076950999e-08,1.1564083797550135,4.777485946501462,3.9663697892661256,-27.79209597057803,32.83893278427484,-0.08979824503754416,32.83893278427484,0.00456137186609269,12.566133187323498,5.645290592628988,-0.9941410573996867,1.1535322006527262,-0.0027425552024613158,1.1535322006527262,0.09078540878612822,2.3997975739049267,1.2074814707186168,0.09074444071810281,2.3997976193342465,1.2011221559606193,0.0003671089309420372,0.0791626451948382,0.018732892578382582,0.0010654910720007127,1.4142019044621776,0.8976645338783305,0.011090217237605528,-0.15356539641465874,0,0,0,1.3504091430270078e-07,0.6016888614944809,372,0.906,0.03276,0.4593757242138105,0,0,0,0.906,372,0.6016888614944809,0.029415,0.029414849458189174,621.4858675346785,289.7828551168915,0.6091702876872994,0.6091702876915818,0.609170287691728,0.7614628596144771,3.550023953404805e-11,372,0.9398,0.9398,-0.03117,-0.023528,372,0.5536,0.3837,0.0004,-0.040572,3,0.8515,0.8839,0.00046,6.953,0.5016,0.6071,0.375307,5.547,0.5204,0.165,-0.350992,5.666,3.5153,1.9779,1.5779,1.6119,0.4225,1.0,0.24652,0.23389,1.27605,0.27002,0.9589,1.0183,1.062,0.5,1.454,2.7869,2.181,14.9556,33.4019,22.9724,42,0.2744,0.8793,46,0.1461,0.9456,-0.0
4,1196,214854,3.7606714849224556e-14,2.599639188185667e-08,1.0193810194936303e-09,2.599639188185667e-08,1.156408064246047,4.777485847516889,3.9663697892881973,-29.345830183486935,31.883918862953887,-0.30798289932282485,31.883918862953887,0.0003776799482572293,12.565026289808424,5.481918716288379,-0.9933710014473328,1.153551657900131,-0.0028154154167970547,1.153551657900131,0.09078683836456872,2.399800128453485,1.207481649792994,0.09075663961560418,2.3998001499085,1.1930190152268283,0.014507194281131206,0.09325620972868433,0.027709537917165145,0.0017399938609248267,1.4141925765561056,0.9263697420289152,0.011120417793123909,-0.16983610249726017,0,0,0,3.057459108579921e-07,0.602078739155915,372,0.9015,0.03251,0.4594113747953673,0,0,0,0.9015,372,0.602078739155915,0.345225,0.34522479160826336,621.4859070416795,289.7828735379886,0.6091702876805366,0.6091702876914021,0.609170287691728,0.7614628596142526,8.970989749830304e-11,372,0.9413,0.9413,-0.03119,-0.353634,372,0.437,0.437,-0.0021,1.557086,3,0.8487,0.8827,-0.000704,6.84,0.3941,0.2515,0.149074,6.943,0.4114,-0.2328,-0.163054,7.0,3.9998,1.71,1.7359,1.75,0.4251,1.0,0.26026,0.25094,1.27589,0.25486,0.954,1.0231,1.0725,0.5,1.454,2.7869,2.181,14.9556,33.4019,22.9724,56,0.2315,0.6375,61,0.108,0.7492,-1.0
5,1196,214854,2.9840729998893553e-14,3.6431517924051714e-08,2.443421872285951e-09,3.6431517924051714e-08,1.1564068890057102,4.777485508182567,3.9663697828686186,-29.18383100810775,31.87478363985754,0.005297817082491012,31.87478363985754,0.0007487988634461517,12.564136154475579,5.433013986323948,-0.9962974212073762,1.1542254955418936,-0.0029462352133516195,1.1542254955418936,0.09079677887473725,2.3998080862536755,1.2074841306840456,0.0907948026891457,2.39980812985365,1.1792519983133445,0.02031091339796807,0.10726029805056758,0.03697323533745974,0.0026915229233777094,1.4141998526115536,0.9132602968817483,0.011148822347252207,-0.1856891833647149,0,0,0,1.0120412631264333e-06,0.602587756121603,372,0.8989,0.03219,0.46006180151267345,1,1,0,0.8989,372,0.602587756121603,-0.169927,-0.1699273309032101,621.4859878488467,289.7829112162897,0.6091702876760443,0.6091702876908135,0.609170287691728,0.7614628596135168,1.257200356333634e-10,372,0.9438,0.9438,-0.03155,0.067959,372,0.4667,0.4667,0.00943,0.036301,3,0.8484,0.8812,0.001191,6.826,0.4199,-0.084,-0.001482,6.945,0.4408,-0.5452,-0.002164,6.978,3.9931,1.7093,1.7392,1.7474,0.3443,1.0,0.28154,0.25464,1.27563,0.22186,0.9534,1.0238,1.0738,0.5,1.454,2.7869,2.181,14.9556,33.4019,22.9724,56,0.1951,0.1993,61,0.0622,-0.5209,-1.0
6,1196,214854,9.948725262250287e-14,5.639634779184176e-08,5.526639743237562e-09,5.639634779184176e-08,1.1564040579672765,4.777485159224602,3.9663697860608114,-29.570145822150067,30.272115862440568,0.015482803772360504,30.272115862440568,0.0013487079270788627,12.5645930828821,5.451821727964104,-0.9966624906852757,1.1557901679614722,-0.003060046026420866,1.1557901679614722,0.09082020258449602,2.3998273980755935,1.2074905319836235,0.09082014646981114,2.3998273985191867,1.1537586665397017,0.023522880251481238,0.12118340700159344,0.04610583830627677,0.002622362336907824,1.4142008813837343,0.9059819498008014,0.011175481970709862,-0.200868253969623,0,0,0,1.928131139394652e-06,0.6032517260433258,372,0.8921,0.03074,0.4605313006931455,3,3,0,0.8921,372,0.6032517260433258,-0.042175,-0.04217487810463627,621.4860886511618,289.7829582178133,0.6091702876674495,0.6091702876896629,0.609170287691728,0.7614628596120785,1.9461581915887492e-10,372,0.9452,0.9452,-0.03175,0.023899,372,0.4946,0.4946,0.01102,0.270701,3,0.8432,0.8792,0.001808,6.811,0.4416,-0.1726,0.005547,6.945,0.4679,-0.6211,0.00192,6.993,3.9934,1.7056,1.7392,1.7511,0.2513,1.0,0.27319,0.25519,1.27547,0.17597,0.9549,1.0222,1.0705,0.5,1.454,2.7869,2.181,14.9556,33.4019,22.9724,56,0.1458,-0.6306,61,0.1446,-0.9689,-2.0
7,1196,214854,6.491714884564848e-14,8.406475887334813e-08,1.1741904787730767e-08,8.406475887334813e-08,1.156398075512319,4.7774868262704535,3.9663698826209854,-29.415988743341778,30.52750130831437,-0.013577385712378176,30.52750130831437,8.318410259278153e-06,12.564114125009047,5.4228628271367825,-0.99734886888883,1.1567154850283434,-0.003042722058647038,1.1567154850283434,0.09086866034136544,2.3998705700432517,1.207505299692194,0.09086860237550187,2.3998705701799654,1.1034633716554123,0.025591563923080585,0.13136676329007688,0.05516565780425815,0.00828979949889097,1.414201602797202,0.9372778549233919,0.011200350932550153,-0.21541689956804108,0,0,0,3.275209863090222e-06,0.604183508333675,372,0.8871,0.02983,0.4608997571095431,2,3,-1,0.8871,372,0.604183508333675,-0.159068,-0.159068441965462,621.4862294171229,289.78302385335587,0.6091702876555383,0.6091702876872827,0.609170287691728,0.7614628596091033,2.9009552649256964e-10,372,0.9455,0.9455,-0.03168,-0.044353,372,0.5052,0.5052,0.01339,0.121591,3,0.8389,0.8762,0.001679,6.811,0.449,-0.1999,0.002979,6.941,0.4786,-0.6473,0.002893,6.998,3.9937,1.7055,1.738,1.7523,0.252,1.0,0.28566,0.24799,1.27524,0.19126,0.9593,1.0178,1.061,0.5,1.454,2.7869,2.181,14.9556,33.4019,22.9724,56,0.1604,-0.996,61,0.1805,-0.6264,-3.0
8,1198,214857,0.0,1.2609690462079428e-07,2.2133672356021086e-08,1.2609690462079428e-07,1.1571274862273315,4.7702898147252135,3.967040695971725,-29.779349201883765,32.11618437405475,0.29557507782310644,32.11618437405475,0.006925747537714997,12.56617655199093,5.351339509648903,-0.9966846771343434,1.1575189493261826,-0.002675980240488562,1.1575189493261826,0.09101919214109976,2.3999677878248957,1.2061127351379244,0.07416506560618852,2.39996778787272,1.017029891504145,0.0,0.14474886155079228,0.06443069272014919,1.0,1.0,1.0,3.1282341876896153e-10,-0.22936715598210605,0,0,0,6.182017118537161e-06,0.6039611500802609,372,0.8799,0.02929,0.4615595649421338,0,1,-1,0.8799,372,0.6039611500802609,-0.003258,-0.0032575814762849653,621.4864103683499,289.78310822625303,0.6091702876374435,0.6091702876828986,0.609170287691728,0.7614628596036233,4.3514235661501013e-10,372,0.9401,0.9401,-0.03143,0.050395,374,0.5027,0.5027,0.01702,0.044459,3,0.8272,0.8724,-0.002006,6.825,0.4431,-0.2271,0.000327,6.939,0.4735,-0.6741,0.001057,7.018,3.9998,1.7063,1.7349,1.7546,0.248,1.0,0.28587,0.25399,1.27549,0.20371,0.9637,1.0135,1.0516,0.5,1.4526,2.7841,2.1789,15.0447,33.3692,22.9721,56,0.1754,-0.8616,61,0.2032,-0.2687,-2.0
9,1198,214857,3.7451290195748237e-25,1.2952514819151764e-07,2.3299881316430898e-08,1.2952514819151764e-07,1.1571146130535894,4.770299962862206,3.967041119443048,-29.27233793514701,30.13138164508738,0.11329774358823276,30.13138164508738,0.000266395349072468,12.565725595050955,5.363441145014829,-0.99668548771367,1.1576388713332297,-0.002705546658971661,1.1576388713332297,0.09103677025948577,2.3999742645721622,1.2061171559087502,0.05007847901461892,2.3999742645868776,0.9248903478360072,1.4142115624116159e-08,0.14627220637265656,0.06561117106055904,0.0002124640423316615,1.414172447177813,0.9023694790735178,2.137283011840077e-06,-0.23016629144779233,0,0,0,6.2118236425135954e-06,0.6039597521549799,372,0.8694,0.02865,0.46168619003846106,0,1,-1,0.8694,372,0.6039597521549799,0.05266,0.05265969393128733,621.4864227833232,289.7831140150353,0.6091702876359677,0.6091702876825432,0.609170287691728,0.7614628596031789,4.4697272521130153e-10,372,0.9351,0.9351,-0.03078,0.003244,374,0.4907,0.4907,0.02199,0.088641,3,0.813,0.8656,0.000258,6.824,0.4277,-0.2775,0.00158,6.938,0.4601,-0.7213,0.001085,7.025,4.0007,1.7058,1.7341,1.7559,0.2442,1.0,0.28062,0.25339,1.27546,0.18909,0.9548,1.0224,1.0707,0.5,1.4526,2.7841,2.1789,15.0446,33.369,22.9719,56,0.0946,-0.5308,61,0.1861,0.1915,-2.0
10,1198,214857,5.093136415363949e-13,2.26006498570397e-07,3.930213539896524e-08,2.26006498570397e-07,1.157094610460291,4.77033861815274,3.9670426868159967,-28.64890883052698,31.35192180436028,0.10678835315436477,31.35192180436028,0.0010355372508030545,12.566232993026146,5.417195136686025,-0.9976113996776588,1.1588914972801754,-0.002700644910387477,1.1588914972801754,0.09119853872525871,2.4001918426515747,1.2061784824333839,0.05475091052748837,2.4001918426693227,0.8661275504968208,0.014141738612939658,0.16040729460616457,0.07463486585127874,0.0029694501408707996,1.4141995646042465,0.9285729863864548,3.3383325674506986e-06,-0.24267575355589246,0,0,0,8.352604416377305e-06,0.6038831511923605,372,0.8581,0.02757,0.46215769777971394,1,1,0,0.8581,372,0.6038831511923605,-0.073551,-0.07355109435754681,621.4866126521199,289.78320254596565,0.6091702875944326,0.6091702876762344,0.6091702876917279,0.7614628595952929,7.799158011394661e-10,372,0.9314,0.9314,-0.0312,-0.038992,374,0.4817,0.4817,0.03062,-0.027269,3,0.7993,0.8618,0.002007,6.821,0.4146,-0.3634,0.001899,6.951,0.45,-0.7857,-0.00012,7.03,4.0037,1.7037,1.7363,1.7558,0.2538,1.0,0.29016,0.24921,1.27521,0.17747,0.9594,1.0177,1.0608,0.5,1.4526,2.7841,2.1788,15.0444,33.3686,22.9716,56,0.1516,0.9999,61,0.1554,0.8688,-1.0
11,1198,214857,2.564716551891009e-13,3.327083777224992e-07,5.8874037674337776e-08,3.327083777224992e-07,1.1570615893796978,4.770441975915288,3.9670468252989988,-29.749198822147644,31.85166310655295,0.15630670694594373,31.85166310655295,0.003478305701445805,12.566120714542924,5.5013047143533464,-0.997611362380697,1.1632704499699673,-0.0026974241117692943,1.1632704499699673,0.09170917761403963,2.400632658821203,1.206324252207134,0.050357279088509795,2.3989605070245617,0.8403666524305679,0.028260300423204404,0.17454478421815228,0.08392059571512107,0.0037681125881929844,1.414202365319991,0.9356395078380416,3.1839626401965366e-06,-0.2546704549291974,0,0,0,1.2314215398896884e-05,0.6040824934665894,372,0.851,0.02808,0.4627999140038092,0,0,0,0.851,372,0.6040824934665894,-0.091022,-0.09102198632019198,621.486784211353,289.7832825396179,0.6091702875484977,0.6091702876691238,0.609170287691728,0.7614628595864048,1.1481282660845447e-09,372,0.9243,0.9243,-0.03171,-0.004656,374,0.438,0.438,0.04037,-0.005385,3,0.7866,0.8577,-0.000538,6.824,0.3737,-0.4918,0.002269,6.964,0.406,-0.8695,-0.000269,7.054,4.0115,1.7011,1.736,1.7585,0.2538,1.0,0.28851,0.24322,1.27506,0.18341,0.9656,1.0115,1.0475,0.5,1.4525,2.784,2.1788,15.0438,33.3673,22.9723,56,0.28,0.9615,61,0.1653,0.9935,-2.0
12,1198,214857,3.2123550409948444e-12,4.957913596126956e-07,8.318439504517145e-08,4.957913596126956e-07,1.1570082120905059,4.770674611411959,3.9670556745642522,-29.790439784466965,32.37819313821639,0.23909749263583105,32.37819313821639,0.000437360070030343,12.566165448325648,5.6516100000691045,-0.9974635583278793,1.1650322510334266,-0.002755559483864527,1.1650322510334266,0.09266881430978396,2.401354058370363,1.2065802509252557,0.05010880042511352,2.395522909068068,0.8467966715816856,0.0395820154505437,0.18868435945293627,0.09327699079353793,0.0029226987248606173,1.414203563792787,0.9236832752716652,2.6698456529052002e-06,-0.2662656722656442,0,0,0,1.922646026565923e-05,0.6042143473189436,372,0.8412,0.02772,0.46335127639535073,0,0,0,0.8412,372,0.6042143473189436,0.224873,0.22487307777483734,621.4869543220792,289.7833618578687,0.6091702874782907,0.6091702876607511,0.6091702876917267,0.7614628595759388,1.7109034709034418e-09,372,0.9217,0.9217,-0.03178,-0.017381,374,0.4073,0.4073,0.04183,-0.068362,3,0.7754,0.856,0.003165,6.82,0.3427,-0.6388,0.002303,6.994,0.3754,-0.9445,-0.001347,7.063,4.018,1.6973,1.7406,1.7578,0.2528,1.0,0.29066,0.24847,1.27504,0.19017,0.9578,1.0194,1.0644,0.5,1.4524,2.7837,2.1786,15.0425,33.3645,22.972,56,0.2789,0.8449,61,0.1416,0.6984,-2.0
13,1198,214857,1.3326699042750325e-12,7.451419018941451e-07,1.154942401288876e-07,7.451419018941451e-07,1.1569306254619058,4.77112720351566,3.967072058897256,-29.70061540480738,31.19296527307142,0.030931740143414842,31.19296527307142,0.0003490865998845294,12.564688422216372,5.743251468934654,-1.001561901053859,1.17050053703676,-0.0028239224632913597,1.17050053703676,0.09411096916259348,2.4023747827335984,1.2070165065471739,0.04951760056319183,2.3924216675832435,0.8041563118447697,0.040490880051914764,0.2028256782855103,0.10251382354623803,0.0038012270502686407,1.414152571466712,0.9401539315296054,7.756402837182014e-07,-0.27796054549513727,0,0,0,2.6820659307835263e-05,0.605020478632546,372,0.8366,0.02936,0.46450196845036373,3,2,1,0.8366,372,0.605020478632546,-0.003359,-0.003359270758645616,621.487157275851,289.78345648998595,0.6091702873709459,0.6091702876490398,0.6091702876917274,0.7614628595612997,2.5713748842660204e-09,372,0.9134,0.9134,-0.03358,0.019645,374,0.3836,0.3836,0.04095,0.048629,3,0.7642,0.8473,-0.00166,6.822,0.3212,-0.7601,0.002359,7.0,0.3507,-0.9892,-5.4e-05,7.091,4.025,1.6948,1.739,1.7617,0.2614,1.0,0.30188,0.23988,1.27507,0.18772,0.9611,1.0161,1.0572,0.5,1.4522,2.7835,2.1784,15.0411,33.3612,22.9729,56,0.1496,0.3232,61,0.1162,-0.1879,-4.0
14,1199,214858,0.0,1.1396011942485933e-06,1.6436046241739683e-07,1.1396011942485933e-06,1.1600292878639287,4.773863081407462,3.9674962723019704,-29.67450285407254,31.22645001674433,0.1316260822364989,31.22645001674433,3.725551868131114e-05,12.564246396604796,5.766249019277053,-1.003304748975174,1.172754118167578,-0.0027125433060004,1.172754118167578,0.09583299957137775,2.403731183982441,1.2081539331996984,0.050060674947867485,2.387944967172402,0.7873941206908611,0.0,0.21696250789414595,0.11182202227553001,1.0,1.0,1.0,1.286432130294377e-05,-0.28900509056870743,0,0,0,3.407773685616714e-05,0.605869887187676,373,0.8264,0.03005,0.4650517833588611,4,4,0,0.8264,373,0.605869887187676,0.027405,0.027404534935642877,621.4874063476035,289.78357262572985,0.6091702872011321,0.6091702876321063,0.609170287691728,0.7614628595401329,3.9325941906322135e-09,372,0.8972,0.8972,-0.03281,0.036868,374,0.3899,0.3899,0.04513,-0.047466,3,0.7415,0.832,-0.001125,6.821,0.3232,-0.8565,-0.001365,6.99,0.3509,-0.999,-9.4e-05,7.084,4.0217,1.6961,1.738,1.7614,0.2645,1.0,0.30801,0.24793,1.27578,0.18002,0.9589,1.0183,1.062,0.4996,1.4545,2.7877,2.1817,14.9602,33.5335,23.055,56,0.1226,-0.9279,61,0.0852,-0.9458,-2.0
15,1199,214858,4.3020707530527265e-25,1.2701836799599047e-06,1.8687799937195648e-07,1.2701836799599047e-06,1.1599266351984245,4.774688491570183,3.9675277915321217,-29.631956142419188,31.258260603135025,-0.024442393818253957,31.258260603135025,0.0003090358006737661,12.565540205748785,5.857953631853219,-1.0034793018453712,1.1747719007491864,-0.0028112409730768045,1.1747719007491864,0.09750830524862325,2.4047292968848657,1.208668199440867,0.05008220327171256,2.3896247560583506,0.7915015649614702,1.4142115624116159e-08,0.23100332719665762,0.11661575247419108,0.004617562112954943,1.4141129534242693,0.9204351161090678,3.387556341660018e-05,-0.2929286826016813,0,0,0,3.932950412600114e-05,0.6068262857950013,373,0.8224,0.03018,0.4654479693078391,2,3,-1,0.8224,373,0.6068262857950013,-0.056347,-0.05634685863281752,621.4875294290038,289.78363001541715,0.6091702871449168,0.6091702876226969,0.609170287691728,0.761462859528371,4.383214054887531e-09,372,0.8833,0.8833,-0.03431,0.032711,374,0.3901,0.3901,0.04381,0.139564,3,0.7265,0.8122,-0.000438,6.816,0.3214,-0.9112,0.001033,6.981,0.3452,-0.9804,0.000793,7.085,4.0193,1.6959,1.7368,1.7628,0.2671,1.0,0.31246,0.25425,1.27592,0.18369,0.9611,1.0161,1.0572,0.5004,1.4544,2.7877,2.1816,14.9599,33.5327,23.056,56,0.1808,-0.8553,61,0.0976,-0.3989,-2.0
16,1199,214858,3.4666603031066736e-13,1.734591879490328e-06,2.5338213799927863e-07,1.734591879490328e-06,1.1598019093350598,4.7759649926367125,3.9675745601261125,-29.77310260148644,32.011139269775406,0.04535356744688596,32.011139269775406,0.0032629240085758062,12.564989157234221,5.936117154158407,-1.0077204341771944,1.1761820972004897,-0.0028569894606834427,1.1761820972004897,0.09849062133571271,2.406579997637887,1.2092932359625184,0.049727648324650014,2.3922729831615452,0.7934490734230167,0.013283412456325281,0.24511104540757633,0.12582010363531762,0.0030261328540209798,1.4141556706011176,0.9496704730154849,8.459451873463504e-05,-0.3037736495479582,0,0,0,4.513026165945196e-05,0.6074082909500117,373,0.8152,0.0301,0.4661342093038634,1,2,-1,0.8152,373,0.6074082909500117,-0.117315,-0.11731511181810728,621.4878177263196,289.78376444103105,0.6091702869449906,0.6091702875979589,0.609170287691728,0.7614628594974485,5.985814570516787e-09,372,0.8719,0.8719,-0.03663,0.007921,374,0.3881,0.3881,0.03814,-0.017618,3,0.7108,0.8001,-0.000438,6.809,0.3171,-0.9496,-0.00132,6.976,0.3392,-0.9478,-0.001227,7.074,4.0146,1.696,1.7376,1.762,0.272,1.0,0.3202,0.26883,1.27596,0.1858,0.958,1.0191,1.0638,0.5004,1.4544,2.7876,2.1816,14.9594,33.5317,23.0553,56,0.1716,-0.3782,61,0.158,0.4257,-4.0
17,1199,214858,6.881774752132165e-13,2.3245399252770105e-06,3.4162857981948924e-07,2.3245399252770105e-06,1.1596478253336955,4.777766508329382,3.967639036614433,-29.673843878615717,32.11740509503909,-0.05912325150010472,32.11740509503909,0.0048232548705925095,12.56421656255354,5.942738492925894,-1.016862950798109,1.1812307274690121,-0.0028774546718863805,1.1812307274690121,0.10174263268869939,2.4087509772499214,1.2104431317170923,0.04937459242752437,2.3726509537956972,0.7889639773248462,0.02737181017042824,0.2592519504548534,0.1353168083655858,5.014781598378093e-05,1.4141590023975068,0.9426062961736326,0.0002175617745229957,-0.31441570066778574,0,0,0,5.551247486368791e-05,0.607167989051374,373,0.8057,0.03074,0.4673818028232715,1,1,0,0.8057,373,0.607167989051374,-0.133982,-0.13398180273646965,621.4881672059314,289.783927394374,0.6091702866910202,0.6091702875629015,0.6091702876917278,0.7614628594536268,8.021631655621422e-09,372,0.8707,0.8707,-0.03514,0.064336,374,0.3885,0.3885,0.04165,0.142709,3,0.7015,0.7888,-0.000379,6.803,0.3134,-0.9723,0.000466,6.959,0.3386,-0.9106,0.001345,7.067,4.0091,1.6969,1.7359,1.7628,0.2757,1.0,0.32167,0.27833,1.27591,0.18321,0.9597,1.0174,1.0601,0.5004,1.4543,2.7875,2.1815,14.9588,33.5303,23.056,56,0.1056,0.5409,61,0.1597,0.8098,-1.0
18,1199,214858,2.629618907184751e-12,3.023112199535332e-06,4.5376188999840264e-07,3.023112199535332e-06,1.159431977031253,4.780124644454838,3.96772267436761,-29.681106219853547,31.292754407893433,-0.02006718551543808,31.292754407893433,0.001511100908244245,12.563509601785167,5.960046922616076,-1.0260483088603385,1.1837228131361888,-0.0029100357628252167,1.1837228131361888,0.10397712980011663,2.411204757575173,1.211598752212044,0.05000333241471418,2.3787520067556267,0.7822834473771803,0.04139247236704319,0.27320973252490727,0.14474287132699457,0.0020408318280159543,1.4141903642428955,0.9469524093495268,0.0004591081546962842,-0.3248230800019427,0,0,0,6.688304563735313e-05,0.6078207170022993,373,0.7947,0.03157,0.4682835197173829,1,1,0,0.7947,373,0.6078207170022993,0.172278,0.17227806226465048,621.4885374313969,289.78410002097434,0.6091702863902879,0.6091702875197029,0.609170287691727,0.7614628593996287,1.0432291486373896e-08,372,0.8646,0.8646,-0.0293,0.021135,374,0.3934,0.3934,0.0515,-0.005846,3,0.6871,0.7836,0.00133,6.797,0.3128,-0.9861,-0.000797,6.951,0.3404,-0.8759,0.00039,7.047,4.0025,1.6981,1.7368,1.7607,0.2761,1.0,0.32441,0.28799,1.27579,0.17633,0.9566,1.0205,1.0667,0.5004,1.4542,2.7873,2.1814,14.958,33.5285,23.0563,56,0.1305,0.7638,61,0.1064,0.9726,-2.0
19,1199,214858,1.2714742766196205e-13,3.570355283741801e-06,5.663259800373619e-07,3.570355283741801e-06,1.1591670666295244,4.783013311998065,3.967825629790004,-29.736303151427872,31.80837964934458,-0.022689856050105296,31.80837964934458,0.00016202430824858072,12.563122867741708,5.936217232848851,-1.0343322475145944,1.1899372493882783,-0.0028885862539253016,1.1899372493882783,0.10681878923094704,2.41381473687783,1.2133563828879548,0.04984652182763846,2.3839447165640473,0.7738838239903387,0.055261139389258467,0.28707844792564824,0.1542123954204615,0.0019033063502477132,1.4141841554660919,0.9031413325145308,0.0008173168888161032,-0.33508870214930503,0,0,0,8.375404451484443e-05,0.6083766073296487,373,0.7908,0.03151,0.469268465614148,0,0,0,0.7908,373,0.6083766073296487,-0.089315,-0.08931529095179558,621.4888807813559,289.784260116218,0.6091702861547027,0.6091702874740679,0.609170287691728,0.7614628593425848,1.2320735716666978e-08,372,0.8587,0.8587,-0.02759,-0.004243,374,0.3858,0.3858,0.0576,0.033571,3,0.6791,0.7823,-0.000512,6.797,0.3051,-0.9969,0.000103,6.934,0.3313,-0.8291,0.00199,7.042,3.9983,1.7001,1.7342,1.7613,0.2792,1.0,0.32634,0.29557,1.27566,0.17782,0.9582,1.0188,1.0633,0.5004,1.4541,2.7871,2.1812,15.0607,33.4452,23.0006,56,0.2274,0.2633,61,0.0886,0.0957,-1.0
20,1202,214861,0.0,4.097887997364395e-06,6.748104037395254e-07,4.097887997364395e-06,1.1597525637534905,4.78679983104202,3.9683093727324743,-29.674273804043487,29.645806772265825,-0.05813362150402577,29.674273804043487,0.002918634273417098,12.562491530594581,5.995423465642696,-1.0434881821312891,1.1937278991195353,-0.002290711833472514,1.1937278991195353,0.10866021173538812,2.41638130091659,1.216200192274783,0.049544242237262545,2.392872128907853,0.7694475455864435,0.0,0.3012112645825583,0.16283637827678277,1.0,1.0,1.0,0.0013117325496776763,-0.3451650903284526,0,0,0,0.00010340638842985667,0.6080141828784853,374,0.7801,0.03128,0.4706901651771229,0,0,0,0.7801,374,0.6080141828784853,-0.078362,-0.0783624812575372,621.4892047007872,289.7844111515071,0.609170285927603,0.6091702874260997,0.609170287691728,0.7614628592826246,1.414116094472007e-08,373,0.8522,0.8522,-0.02873,0.012929,375,0.3682,0.3682,0.04867,-0.102665,3,0.6648,0.7754,-0.001389,6.8,0.2873,-0.9998,-0.002757,6.928,0.3138,-0.7877,-0.001054,7.032,3.9956,1.7018,1.7339,1.7599,0.2789,1.0,0.32672,0.30298,1.27645,0.18458,0.9563,1.0209,1.0676,0.4992,1.4537,2.7862,2.1805,15.3157,33.3138,22.9166,56,0.2738,-0.2352,61,0.1061,-0.8098,-1.0
21,1202,214861,3.464655274189885e-25,4.282945529739824e-06,7.873169690273548e-07,4.282945529739824e-06,1.159355325094873,4.7907800587345175,3.9684511704989034,-29.698494408170646,28.80755161180333,-0.04716223009177035,29.698494408170646,0.0031427226480129633,12.563711615996988,6.069071534901734,-1.0535265372910056,1.1976907695917807,-0.002373702599674233,1.1976907695917807,0.11258368927764784,2.423082680571226,1.2184253782146532,0.07126001494228207,2.394133190630625,0.7617626873938458,1.4142115624116159e-08,0.3153160759098249,0.17188310988070343,0.0005941830902911338,1.4141933267835445,0.9529706849918324,0.0019745102021860293,-0.35505177918909886,0,0,0,0.00012486424421327257,0.6093658047351208,374,0.7742,0.03019,0.4720136789970805,4,3,1,0.7742,374,0.6093658047351208,-0.026261,-0.026260564821823706,621.4895181488242,289.7845573042546,0.6091702858479375,0.6091702873751386,0.609170287691728,0.7614628592189232,1.4779757657144634e-08,373,0.8401,0.8401,-0.02577,0.065994,375,0.3514,0.3514,0.05144,-0.020545,3,0.6505,0.7629,0.000241,6.799,0.2723,-0.9966,0.001007,6.932,0.2955,-0.7067,2.2e-05,7.038,3.9974,1.7008,1.7341,1.7607,0.2818,1.0,0.33169,0.3028,1.27656,0.17802,0.955,1.0221,1.0703,0.5,1.4534,2.7858,2.1802,15.3131,33.3081,22.9174,56,0.2458,-0.7298,61,0.1323,-0.9796,-3.0
22,1202,214861,4.044411886653529e-13,4.722175127411657e-06,9.209929784534272e-07,4.722175127411657e-06,1.1588759185220565,4.795307002370449,3.968612978625213,-29.69511667443173,27.972616003140107,-0.023296016809989786,29.69511667443173,0.0007324287884635794,12.566214754294295,6.155524163066492,-1.0632695452438223,1.2009626593898786,-0.002365201693575419,1.2009626593898786,0.11381852828612893,2.429417586939765,1.2204781789815922,0.0499139785605933,2.4071021955110683,0.7452506839668139,0.014118387918161553,0.32944959072653396,0.1814128167303513,0.0005553391497533644,1.4141860138368645,0.9197236219715144,0.00260675174739276,-0.3647347335113362,0,0,0,0.00014819452796570445,0.6097860551568294,374,0.7687,0.02949,0.47305775538189226,5,4,1,0.7687,374,0.6097860551568294,-0.05948,-0.059480387642811605,621.4898612598003,289.7847172880667,0.6091702856588525,0.6091702873142313,0.6091702876917279,0.7614628591427891,1.629545951078392e-08,373,0.845,0.845,-0.02306,-0.027044,375,0.3354,0.3354,0.05285,-0.083517,3,0.6496,0.7539,-0.002108,6.805,0.2583,-0.9846,-0.002296,6.929,0.2839,-0.6274,-0.001112,7.038,3.9979,1.7021,1.7331,1.7605,0.2839,1.0,0.33745,0.31255,1.27654,0.17242,0.9543,1.0227,1.0717,0.5,1.4531,2.7852,2.1797,15.3617,33.2607,22.8895,56,0.1713,-0.9975,61,0.0649,-0.9873,-4.0
23,1203,214862,0.0,5.4654189165953894e-06,1.0140888401747337e-06,5.4654189165953894e-06,1.1612884026874266,4.802235096220394,3.9689750249006575,-29.723080841668246,29.27714773163318,-0.02792394883213215,29.723080841668246,0.0016555332003948264,12.565929951170258,6.183930757053037,-1.0731065309198795,1.201367682496293,-0.0021339538508984806,1.201367682496293,0.11929878859644136,2.437393786522901,1.2240989161587095,0.04970394973906489,2.416506185044101,0.7449613782866137,0.0,0.34356079502189696,0.19045160735263458,1.0,1.0,1.0,0.003465516903023445,-0.37417549917567455,0,0,0,0.00018119363094802382,0.6101472838609976,375,0.7557,0.03128,0.47472579264892656,3,4,-1,0.7557,375,0.6101472838609976,0.013953,0.013952925836469232,621.4900878408884,289.784822936993,0.6091702853388904,0.6091702872710743,0.609170287691728,0.7614628590888428,1.8860266252742016e-08,373,0.8432,0.8432,-0.02129,-0.015346,375,0.3061,0.3061,0.05887,0.063932,3,0.6372,0.7263,-0.001179,6.804,0.232,-0.9543,-0.000451,6.919,0.2589,-0.4877,0.000253,7.037,3.9957,1.7028,1.7317,1.7612,0.2855,1.0,0.33885,0.32255,1.27636,0.17538,0.9581,1.0189,1.0635,0.4996,1.4514,2.9028,2.1045,15.6544,33.0193,22.75,56,0.0957,-0.6015,61,0.0388,0.7812,-5.0
24,1204,214863,0.0,5.79159298076372e-06,1.0892376699620685e-06,5.79159298076372e-06,1.1610757438917494,4.803815191256816,3.9694144259224444,-31.826813228225454,32.174260142926485,-0.05112887251008406,32.174260142926485,0.0035524407346709096,12.5635913353988,6.131037540405832,-1.0836494801522902,1.2048316288345726,-0.0020395931424847824,1.2048316288345726,0.12464981458420213,2.451890695719816,1.2266633543756709,0.04963655476443817,2.4252076844408896,0.7384498728096703,0.0,0.3576759707914269,0.1992978124551281,1.0,1.0,1.0,0.0044948871338426665,-0.38350472834501215,0,0,0,0.00021402692589493475,0.6119148156904449,375,0.746,0.0321,0.47620507253028105,0,0,0,0.746,375,0.6119148156904449,-0.055539,-0.05553927366823097,621.4902211966087,289.7848851173311,0.6091702851984748,0.6091702872445823,0.609170287691728,0.7614628590557279,1.9985835280603955e-08,373,0.8345,0.8345,-0.02292,0.110085,376,0.2689,0.2689,0.06626,-0.040129,3,0.6226,0.7036,-0.000365,6.802,0.2015,-0.9113,0.000754,6.91,0.2253,-0.3485,0.001059,7.038,3.9936,1.7031,1.7303,1.7623,0.2831,1.0,0.33821,0.33123,1.27707,0.1833,0.9529,1.024,1.0746,0.5,1.4512,2.7815,2.1769,15.8081,32.935,22.695,56,0.1323,0.7178,61,0.1619,0.9428,-3.0
25,1205,214864,0.0,5.741809551553276e-06,1.1825158424125306e-06,5.741809551553276e-06,1.1574085971877446,4.81012961564142,3.969516568489965,-42.787252222870734,32.90378560074239,-0.03274275795266494,42.787252222870734,0.0015618205767645107,12.564559604606954,6.146679225033059,-1.0944849303332442,1.2084975665867317,-0.0022908045941028793,1.2084975665867317,0.1287908147337294,2.4666140789809288,1.229103599397971,0.04981155070254055,2.43409332536147,0.7315550575263396,0.0,0.37162190951697965,0.2080958080381658,1.0,1.0,1.0,0.0056875409545383785,-0.39261772935091144,0,0,0,0.00024678109277120864,0.6139431858514481,375,0.7419,0.03417,0.4772766178109074,0,0,0,0.7419,375,0.6139431858514481,-0.03249,-0.03248999466207669,621.4903202230336,289.78493129080283,0.6091702852199068,0.6091702872243868,0.609170287691728,0.7614628590304835,1.9814037693324012e-08,374,0.8326,0.8326,-0.02224,0.030329,376,0.2294,0.2294,0.08135,0.00492,3,0.6177,0.6823,-0.000843,6.801,0.1715,-0.8524,0.002465,6.907,0.1925,-0.1993,0.001111,7.056,3.9966,1.7018,1.7284,1.7654,0.2869,1.0,0.34391,0.3436,1.27804,0.17659,0.9535,1.0235,1.0733,0.4996,1.4488,2.7769,2.1733,16.0925,32.6794,22.5562,56,0.194,0.9998,61,0.2292,0.9073,-1.0
26,1206,214865,0.0,6.005952293283987e-06,1.2665409581208674e-06,6.005952293283987e-06,1.1592535030396114,4.8172240178397585,3.9694321281006344,-44.32839916082045,32.7630198283572,0.009629008799105075,44.32839916082045,0.0012573358379874833,12.555338167835423,6.048999366790346,-1.105537540867712,1.2124394109249836,-0.0019067531792404718,1.2124394109249836,0.13254690884587936,2.4777691974797977,1.2331313215441349,0.05013899383010017,2.4435117717265764,0.7341468661704992,0.0,0.38563408165587254,0.21685595794621268,1.0,1.0,1.0,0.007018552532122394,-0.40149235380968695,0,0,0,0.0002913048297377269,0.6149944764012778,376,0.7325,0.0342,0.4785188926094575,1,0,1,0.7325,376,0.6149944764012778,-0.085425,-0.08542518275318356,621.4904632391542,289.7849979755369,0.6091702851061953,0.6091702871944327,0.609170287691728,0.7614628589930408,2.0725545957320393e-08,374,0.8226,0.8226,-0.0216,0.071991,376,0.1967,0.1967,0.09261,-0.0746,3,0.6026,0.663,0.000164,6.803,0.1454,-0.8009,0.000369,6.91,0.1633,-0.0827,0.00012,7.059,3.998,1.7015,1.7284,1.7656,0.2854,1.0,0.33958,0.35206,1.27814,0.17032,0.9593,1.0175,1.0607,0.5008,1.4491,2.8981,2.1011,16.1467,32.6844,22.555,56,0.1803,0.7181,61,0.1811,0.6122,-3.0
27,1208,214867,0.0,6.7678563254662644e-06,1.3454186713152914e-06,6.7678563254662644e-06,1.1560662186763313,4.821361901960066,3.969926353457536,-45.84466017209025,32.22325391945925,-0.011488803799881465,45.84466017209025,0.004187343902362528,12.56475798207324,5.965206545917156,-1.1161707861714076,1.2155046686090842,-0.0021069608050801967,1.2155046686090842,0.13589256446245762,2.493121822928353,1.2378085522782842,0.049805076752521445,2.4503376126281804,0.7464884678389507,0.0,0.39966293452220364,0.22535000264044175,1.0,1.0,1.0,0.008509409999256482,-0.41009968861514573,0,0,0,0.00033797886390628295,0.6170222647937812,376,0.7319,0.03395,0.47953891273285837,0,0,0,0.7319,376,0.6170222647937812,0.044959,0.04495939491114265,621.4904850800804,289.7850081593983,0.609170284778199,0.6091702871897764,0.609170287691728,0.7614628589872204,2.3354749676158393e-08,375,0.8054,0.8054,-0.02418,0.050453,377,0.1614,0.1614,0.08531,-0.047987,3,0.5895,0.6459,0.001185,6.806,0.1189,-0.7434,0.002003,6.918,0.1308,0.0305,0.001069,7.07,4.0023,1.7005,1.7285,1.7664,0.2864,1.0,0.33862,0.36529,1.28002,0.17551,0.956,1.021,1.0679,0.4992,1.4467,2.8934,2.0977,16.172,32.6712,22.5833,57,0.1862,0.0659,62,0.0808,-0.0114,-4.0
28,1208,214867,8.784641212266686e-25,7.999959102878674e-06,1.4643507844045246e-06,7.999959102878674e-06,1.1551338404824172,4.827440141666559,3.9701833258792756,-47.37911880353398,32.49415467159844,-0.040015267340847656,47.37911880353398,0.0003533505915864765,12.56335467226679,5.986176372051634,-1.126728938708043,1.2193687251971193,-0.0021985721938642417,1.2193687251971193,0.13911234383065937,2.5081327523006802,1.2410128139445131,0.049808432920153314,2.458273449973257,0.7281381045129862,1.4142115624116159e-08,0.4135737930419582,0.23422550827338076,0.00044550884575800254,1.4141678524589536,0.9200017982269786,0.009461973084546276,-0.41884552397896707,0,0,0,0.0003937207064064289,0.6193737187116533,376,0.7372,0.03532,0.48068271911248517,0,0,0,0.7372,376,0.6193737187116533,-0.036151,-0.03615099036924141,621.4905154910837,289.78502233926594,0.6091702842477855,0.6091702871832563,0.609170287691728,0.7614628589790703,2.760653065606931e-08,375,0.7944,0.7944,-0.03135,0.018402,377,0.1365,0.1365,0.09022,0.047575,3,0.5856,0.6348,-0.000588,6.809,0.102,-0.4634,0.002196,6.917,0.1099,0.3905,0.00139,7.087,4.0059,1.6998,1.7266,1.7691,0.288,1.0,0.33731,0.37536,1.28027,0.17946,0.9547,1.0221,1.0706,0.5,1.4457,2.8915,2.0963,16.213,32.6096,22.5563,57,0.2544,-0.1795,62,0.1109,-0.4132,-2.0
29,1208,214867,8.292793758213527e-13,8.359229846668617e-06,1.6063011827017967e-06,8.359229846668617e-06,1.1540872695076385,4.833791858551491,3.970449125034484,-48.893261625669275,32.53721783592012,-0.019485668063385402,48.893261625669275,0.0020551226393825573,12.560738720296674,6.04785228833006,-1.138335497369904,1.2238438895342325,-0.0022503130341814054,1.2238438895342325,0.14271632846428944,2.5227424007233195,1.2446447666772222,0.050186935842646996,2.4625039478632216,0.7429979479280188,0.014140599177965557,0.42770899664163103,0.24342552625556435,0.0018018327284553548,1.4141283976284296,0.9431252572231493,0.009326370896370156,-0.42722860507954075,0,0,0,0.0004581963996803372,0.619792258180978,376,0.7364,0.03422,0.4825874931735217,1,1,0,0.7364,376,0.619792258180978,0.006887,0.006887018107776699,621.4908103061742,289.7851598039504,0.6091702840931239,0.609170287117873,0.6091702876917278,0.7614628588973412,2.8846300660544253e-08,375,0.7811,0.7811,-0.03229,-0.050292,377,0.144,0.144,0.09568,0.220509,3,0.5752,0.6101,0.00025,6.807,0.1091,0.0693,0.00386,6.891,0.1157,0.8327,0.004885,7.093,4.0019,1.7009,1.722,1.7725,0.2984,1.0,0.34553,0.38266,1.28034,0.17327,0.9555,1.0212,1.0687,0.5,1.4434,2.8867,2.0929,16.4439,32.3551,22.4159,57,0.2002,-0.5014,62,0.1258,-0.7102,3.0
30,1209,214868,0.0,8.35877404364328e-06,1.7237900832199258e-06,8.35877404364328e-06,1.1532983439520774,4.837250674533776,3.9706111415239422,-50.36983919735239,32.198799150223834,0.059055612607551544,50.36983919735239,0.0065538182703361566,12.565125293819895,6.025745468135114,-1.1478586526957644,1.2278929417021738,-0.002438408417208854,1.2278929417021738,0.14436238378794686,2.5368284493002005,1.2483962404997395,0.050196543834196625,2.4383417499358897,0.7322688366975068,0.0,0.4418356279754668,0.25264763343549496,1.0,1.0,1.0,0.009288208588019098,-0.4355946329395721,0,0,0,0.0005290373676533468,0.620717090837155,376,0.7341,0.03322,0.4843176956633423,5,4,1,0.7341,376,0.620717090837155,0.034473,0.03447256404723631,621.4911136307129,289.78530123637137,0.6091702840933224,0.609170287046476,0.609170287691728,0.761462858808095,2.8844713682786885e-08,375,0.7556,0.7556,-0.03603,0.011051,378,0.1483,0.1483,0.09449,0.087544,3,0.5548,0.5686,0.000709,6.816,0.1119,0.5801,0.001146,6.883,0.1151,0.9999,0.00291,7.096,4.0027,1.7027,1.7197,1.7729,0.2978,1.0,0.34339,0.40234,1.28088,0.17116,0.9548,1.022,1.0704,0.4996,1.4427,2.8854,2.0919,16.4365,32.3806,22.4444,57,0.1555,-0.9779,62,0.0959,-0.8891,-0.0
31,1209,214868,9.303955396514986e-25,9.047117685910015e-06,1.950344104387405e-06,9.047117685910015e-06,1.1520209672018946,4.843867713139987,3.970897896689438,-51.851387110033876,31.689257434175296,0.00021568588465557367,51.851387110033876,0.003679063688821426,12.562443366900114,6.023220375354698,-1.155613653695551,1.232249838307,-0.002416878345638631,1.232249838307,0.1472765156658546,2.5471970998180273,1.2518341037324519,0.05001190100194292,2.424361141398391,0.7309188890715133,1.4142115624116159e-08,0.4559464137854767,0.26161321504695056,0.0005979541737615168,1.414020389178399,0.9846301615008232,0.009274109182144242,-0.44370645674511877,0,0,0,0.0006008238613717633,0.6228469006759444,376,0.7318,0.0337,0.4859884336955666,2,2,0,0.7318,376,0.6228469006759444,-0.017005,-0.01700476536209128,621.4914957045879,289.78547938757987,0.6091702837969977,0.6091702869505878,0.609170287691728,0.7614628586882347,3.1220051829476764e-08,375,0.7331,0.7331,-0.03523,-0.01138,378,0.1566,0.1566,0.07933,0.02287,3,0.5366,0.5245,-6.4e-05,6.815,0.1153,0.8951,0.002525,6.904,0.1155,0.8491,-0.001277,7.122,4.0115,1.6988,1.721,1.7754,0.3052,1.0,0.34905,0.42773,1.2813,0.17556,0.9543,1.0222,1.0712,0.5004,1.441,2.8821,2.0895,16.5718,32.223,22.3616,57,0.1642,-0.7157,62,0.0347,0.1243,-3.0
32,1209,214868,4.800411749978093e-14,9.08919451779445e-06,2.2758020023009395e-06,9.08919451779445e-06,1.1506324317213683,4.850638570440488,3.9711955990250134,-53.30600615707586,31.688501019950756,-0.037329685458367734,53.30600615707586,0.0007545371848682028,12.56569130957914,6.142878118144349,-1.1661508481448097,1.2349774315499589,-0.0024360803744500376,1.2349774315499589,0.14884408185207224,2.5610422366075745,1.2547141024779076,0.05010079046718643,2.4387205848353752,0.7320211445185134,0.014138885114327602,0.47003131561839645,0.27145951665880413,0.0019840014607207523,1.4139269215370782,0.9057431891966901,0.009285217158357598,-0.4516827469403234,0,0,0,0.0006603887617414734,0.6242509742172524,376,0.728,0.03305,0.4881802772769464,0,0,0,0.728,376,0.6242509742172524,-0.000904,-0.0009044619169584767,621.4920749332117,289.78574946697046,0.609170283778889,0.6091702867925578,0.609170287691728,0.7614628584906972,3.136522252910311e-08,375,0.7028,0.7028,-0.03548,-0.008112,378,0.1833,0.1833,0.0556,-0.090061,3,0.5117,0.4692,0.000683,6.813,0.1346,1.0,-0.005769,6.933,0.1299,0.4653,-0.006274,7.098,4.012,1.6982,1.728,1.7693,0.306,1.0,0.35099,0.4483,1.28145,0.17624,0.9514,1.025,1.0774,0.5004,1.4391,2.8782,2.0867,16.6524,32.0998,22.3055,56,0.174,-0.3607,61,0.1137,0.6904,1.0
33,1209,214868,6.045178472469264e-13,9.615031287410835e-06,2.443783751188073e-06,9.615031287410835e-06,1.1491527729619158,4.857528139920921,3.971497973295533,-42.96892232227366,31.666478083296866,0.007308789878526119,42.96892232227366,0.0012036290371787058,12.56577044042081,6.215409703433769,-1.1754993291765872,1.2377302323614967,-0.0024721157718560964,1.2377302323614967,0.15082983408863482,2.57471212710141,1.2570117372918659,0.050139092596551235,2.45122798890678,0.7322031476417901,0.027346146024157962,0.48414676482549895,0.280516948551508,0.003740869931232793,1.4139839852947456,0.9367437581966694,0.00931168250636728,-0.45955012552787877,0,0,0,0.0006879576067376092,0.6259647994614328,376,0.7214,0.03222,0.48958277460662125,0,0,0,0.7214,376,0.6259647994614328,0.045293,0.045292962170338624,621.4922992357334,289.78585405345996,0.6091702835525219,0.6091702867272631,0.6091702876917278,0.7614628584090789,3.317978139000893e-08,375,0.6774,0.6774,-0.03117,0.022886,378,0.1822,0.1822,0.04746,0.096972,3,0.4889,0.4221,-0.000165,6.816,0.1327,0.959,0.002472,6.954,0.1246,0.1477,-0.000988,7.127,4.0224,1.6946,1.7289,1.7718,0.3023,1.0,0.3548,0.45824,1.28159,0.17177,0.9542,1.0222,1.0712,0.5004,1.4372,2.8743,2.0839,16.784,31.937,22.2217,56,0.1241,0.6887,61,0.2094,0.9647,3.0
34,1209,214868,6.215125398345126e-12,1.0040446103961924e-05,2.495037967971964e-06,1.0040446103961924e-05,1.1475658465922034,4.864511457583032,3.9718067878626964,-43.7057880716681,32.650048664476564,0.06541149225139425,43.7057880716681,0.006642435018513794,12.566211366001312,6.284607252768803,-1.1847646815703399,1.239316276964856,-0.0025297350688232054,1.239316276964856,0.1513913970365694,2.5875255563999304,1.2592447567598901,0.050340330950727805,2.46750866462731,0.7377854284698487,0.0414854225514413,0.49700894722271,0.2898843861342128,0.0033403040184669663,1.4139345228892664,0.9224609440137668,0.00934522558607723,-0.46735606167382265,0,0,0,0.0007166958574399969,0.6273381250837935,376,0.7141,0.03159,0.4910995928574936,1,2,-1,0.7141,376,0.6273381250837935,-0.044721,-0.04472079206901447,621.4924228317841,289.78591168311544,0.6091702833693851,0.6091702866903065,0.6091702876917253,0.7614628583628831,3.464780618783593e-08,375,0.6288,0.6288,-0.03152,0.041347,378,0.1756,0.1787,0.05013,-0.228747,3,0.4491,0.3666,-0.001192,6.828,0.1268,0.906,0.000613,6.997,0.1116,-0.0617,-0.003856,7.166,4.0404,1.6899,1.7316,1.7736,0.2983,1.0,0.34995,0.4645,1.2818,0.17189,0.9526,1.0237,1.0747,0.5004,1.4352,2.8704,2.081,16.9146,31.7733,22.1386,58,0.2172,0.9747,62,0.2562,0.984,0.0
35,1211,214870,0.0,1.2692829549274245e-05,2.6851099692374576e-06,1.2692829549274245e-05,1.139752221934901,4.874818027646242,3.972684743565035,-45.20840652078996,32.56407357677754,0.022365488151457315,45.20840652078996,0.0019134753462036087,12.556560850722928,6.244892056589739,-1.1964341618636773,1.2430302531802049,-0.0028909220856161108,1.2430302531802049,0.15370805118336867,2.6001668660276325,1.2608066578530197,0.05033634475680483,2.483894384464085,0.7400907274521032,0.0,0.5104836731346716,0.298615008787674,1.0,1.0,1.0,0.009369480332364713,-0.4749288502526519,0,0,0,0.0007559475664500401,0.6283352129324902,376,0.7074,0.03024,0.4928731023321837,0,0,0,0.7074,376,0.6283352129324902,0.011366,0.011366001886856214,621.4926823552818,289.786032692239,0.6091702822275554,0.6091702866104449,0.609170287691728,0.7614628582630562,4.380069471034302e-08,377,0.5931,0.5931,-0.03722,-0.023518,378,0.1816,0.208,0.04586,0.00852,3,0.4196,0.3391,-0.000433,6.836,0.1295,0.8741,0.002753,7.021,0.1086,-0.1606,-0.000732,7.202,4.0537,1.6863,1.7321,1.7767,0.3021,1.0,0.3573,0.47085,1.28308,0.17494,0.9531,1.023,1.0734,0.5012,1.432,2.864,2.148,17.235,31.4639,21.972,58,0.2124,0.9825,62,0.1839,0.9863,-1.0
36,1211,214870,1.026702783221666e-24,1.5944213424384426e-05,3.021256961038596e-06,1.5944213424384426e-05,1.138024217194011,4.881589963938272,3.973006110363527,-46.73444345464995,31.428103077160205,0.012731463043214493,46.73444345464995,0.020097615275763373,12.56309096219638,6.284579362597925,-1.206760412700477,1.2480875373792895,-0.002892856582590887,1.2480875373792895,0.15528203236522797,2.6118479625964284,1.2637014878100792,0.0503011575685547,2.4948091447984817,0.7259205779513763,1.4142115624116159e-08,0.5235238137656866,0.307215000016245,0.00213026858762988,1.4141420519477865,0.9017970248914962,0.00941467423796913,-0.48241706463497286,0,0,0,0.0008105855449266966,0.6306137155301696,376,0.7015,0.02963,0.494670163823063,0,0,0,0.7015,376,0.6306137155301696,0.046738,0.0467379482804362,621.4930621044789,289.7862097595101,0.6091702808278642,0.609170286488067,0.609170287691728,0.7614628581100837,5.502060790821043e-08,377,0.569,0.569,-0.0375,0.010974,378,0.2017,0.2193,0.03456,0.00733,3,0.3993,0.317,-0.000241,6.85,0.1419,0.8746,-0.001256,7.012,0.115,-0.1825,0.00202,7.198,4.0537,1.6897,1.7297,1.7757,0.3005,1.0,0.35579,0.48076,1.28356,0.17378,0.9538,1.0223,1.0718,0.5004,1.4292,2.8583,2.1438,17.3542,31.2829,21.8884,59,0.1446,0.6492,62,0.0056,0.1356,-2.0
37,1211,214870,1.6712646087877953e-13,2.0973982167096683e-05,3.5226462545089595e-06,2.0973982167096683e-05,1.1361935883087795,4.888304239834319,3.973330675771857,-48.285007434476064,31.82742811860152,0.012553142419719528,48.285007434476064,0.014028554793411347,12.55771288474961,6.332164379550989,-1.2203720976161927,1.252437360643057,-0.0028649359987213633,1.252437360643057,0.15774175281683342,2.623350870346881,1.2674410837683971,0.05031496278440073,2.4771182899895776,0.7378879682625784,0.013625924313536455,0.5376459004827819,0.3162329702647727,0.005002684262228274,1.4140862805906,0.9184894915225303,0.009423574915913006,-0.489662921079528,0,0,0,0.000886337048547893,0.6316638031730832,376,0.6945,0.03018,0.496633774297753,2,2,0,0.6945,376,0.6316638031730832,-0.025309,-0.02530903846389343,621.4935239381258,289.78642510064617,0.6091702786625964,0.6091702863303985,0.609170287691728,0.7614628579129981,7.237737985763887e-08,377,0.5652,0.5652,-0.04465,-0.035293,378,0.2234,0.2282,0.04326,0.049291,3,0.3927,0.2972,-0.00011,6.859,0.1552,0.9121,-0.003267,6.997,0.1263,-0.1205,0.00107,7.176,4.0485,1.6942,1.7284,1.7726,0.2999,1.0,0.35779,0.47697,1.28355,0.17191,0.9515,1.0246,1.0769,0.5004,1.4275,2.855,2.1412,17.4356,31.1666,21.833,59,0.1197,-0.2269,62,0.1114,-0.9994,3.0
38,1213,214873,0.0,2.4350554089165652e-05,4.125691863299146e-06,2.4350554089165652e-05,1.1394554810093334,4.897992013609543,3.973059255165746,-49.78190820154294,32.58969460730278,0.03342906171670954,49.78190820154294,0.0076044666246064645,12.566168055941617,6.351504825950003,-1.2332383451834246,1.2571720047377122,-0.002657290300667146,1.2571720047377122,0.15906580937626946,2.6341361013069937,1.2724857110988492,0.050666168032101236,2.469338060911095,0.7279255163331507,0.0,0.5517564224903584,0.3248813147039301,1.0,1.0,1.0,1.4995956444492818e-06,-0.49693999319656496,0,0,0,0.0009768782655173187,0.6314565935552686,378,0.6781,0.02994,0.49922934051791523,5,4,1,0.6781,378,0.6314565935552686,0.022824,0.022823998418045832,621.494160809074,289.78672205716816,0.6091702772090264,0.6091702860970624,0.609170287691728,0.7614628576213279,8.402922644731064e-08,377,0.5865,0.5865,-0.04518,0.054735,378,0.2296,0.2364,0.04017,0.021304,3,0.3979,0.2662,-0.000733,6.846,0.1558,0.9145,-0.003088,6.99,0.1347,-0.1464,-0.002581,7.152,4.0397,1.6947,1.7302,1.7704,0.2997,1.0,0.35635,0.48988,1.28437,0.17108,0.9496,1.0265,1.081,0.5004,1.4243,2.8487,2.2077,17.5497,31.0187,21.7782,58,0.067,-0.9998,62,0.1383,-0.7296,0.0
39,1213,214873,1.852919604192244e-24,2.9093436822686862e-05,4.903683940160268e-06,2.9093436822686862e-05,1.1374759788408906,4.904281174081861,3.973398688501865,-54.39838238976874,28.76007223486879,-0.018361933063700153,54.39838238976874,0.0015325414912524156,12.553320219850894,6.344994130453843,-1.2363433478005212,1.2631499791269214,-0.0027300152857617326,1.2631499791269214,0.1601667920784745,2.6443620177660048,1.2758212652508083,0.05053248945901736,2.4406658314464815,0.7275393066905672,1.4142115624116159e-08,0.5658304178355064,0.33379661540463523,0.00019535309815532642,1.4141683375583303,0.9074108839032077,2.856173355019444e-05,-0.5040382501529713,0,0,0,0.001055535557089977,0.633610748455387,378,0.6694,0.02975,0.5013401000158265,1,1,0,0.6694,378,0.633610748455387,0.049291,0.04929137487365742,621.4949621006493,289.7870956787944,0.6091702751672774,0.6091702857772827,0.609170287691728,0.7614628572216033,1.003959018759572e-07,377,0.6067,0.6067,-0.03986,-0.003414,378,0.2378,0.2443,0.04982,-0.042065,3,0.4063,0.2308,0.000355,6.845,0.1593,0.9054,-0.001404,6.987,0.1444,-0.2041,-0.000334,7.139,4.0365,1.6958,1.7309,1.7687,0.2973,1.0,0.3544,0.47981,1.28503,0.17405,0.9498,1.0262,1.0805,0.5004,1.7786,2.7271,2.2054,17.6839,30.8679,17.3552,59,0.1137,-0.2926,62,0.1429,-0.2023,0.0
40,1215,214876,0.0,3.1911353782498766e-05,5.535359653598336e-06,3.1911353782498766e-05,1.1407613371828167,4.912679324909354,3.973016747842738,-52.728529780911984,30.28891753697635,-0.07708360110128244,52.728529780911984,0.0020478442304990227,12.561546929247786,6.373157645295117,-1.2478893572160907,1.2691798952727937,-0.0018777216976001792,1.2691798952727937,0.16264015725968126,2.6541291323262506,1.2797894842669209,0.050532196732671425,2.3696260020189404,0.7257546529670942,0.0,0.5799501499426122,0.3423063279877939,1.0,1.0,1.0,1.4231256518395126e-05,-0.5109806342048091,0,0,0,0.00115097710285466,0.6352164428854549,380,0.6647,0.03178,0.5024110410278952,0,0,0,0.6647,380,0.6352164428854549,-0.022379,-0.022378690792950184,621.4955543417651,289.7873718255749,0.6091702739542122,0.6091702855221667,0.609170287691728,0.7614628569027083,1.1011989094440748e-07,377,0.627,0.627,-0.037,0.019102,378,0.2441,0.2441,0.06362,-0.187003,3,0.4169,0.2122,-0.00054,6.84,0.1626,0.8596,-0.002406,6.981,0.1534,-0.3168,-0.001516,7.123,4.0313,1.6967,1.7318,1.7669,0.2972,1.0,0.35344,0.47849,1.2846,0.17411,0.9516,1.0243,1.0764,0.5004,1.7747,2.7213,2.2007,18.153,30.486,17.1781,58,0.1691,0.2748,62,0.1568,0.3781,2.0
41,1215,214876,9.324917700581011e-24,3.717867873435728e-05,6.317599496936746e-06,3.717867873435728e-05,1.138630717116387,4.918277539155895,3.973365453460054,-52.1310950427558,30.235171075796398,-0.11535493761144432,52.1310950427558,0.002625324110715601,12.564294305081459,6.4149904484973685,-1.2601289167034555,1.2765202519254844,-0.0019468855888898839,1.2765202519254844,0.1634442958958273,2.662754412915121,1.282986959582353,0.05063018959849121,2.2172018877822075,0.7299531542096792,1.4142115624116159e-08,0.5936016741604497,0.3512010617539374,0.0019576260118112643,1.4141432757771577,0.9294707120932121,9.878954928427259e-05,-0.5177263294439239,0,0,0,0.001208681762746275,0.6379314288202409,380,0.6529,0.03093,0.504625945756445,0,0,0,0.6529,380,0.6379314288202409,0.045821,0.04582092416341421,621.4962274280294,289.7876856683662,0.6091702716867062,0.6091702852128611,0.609170287691728,0.7614628565160764,1.2829626852020435e-07,377,0.6443,0.6443,-0.03599,0.098982,378,0.2616,0.2647,0.07262,-0.213468,3,0.4209,0.1877,0.00018,6.835,0.1715,0.7904,-0.00046,6.975,0.1691,-0.4534,-3.4e-05,7.113,4.0272,1.6972,1.732,1.7663,0.3006,1.0,0.35584,0.47624,1.2851,0.1718,0.9487,1.027,1.0825,0.5004,1.7732,2.7189,2.1988,18.2893,30.3414,17.1111,58,0.222,0.5834,62,0.2034,0.7302,4.0
42,1217,214879,0.0,4.187674429451431e-05,6.686209396546138e-06,4.187674429451431e-05,1.1374492548942652,4.917408751872042,3.9741615682140337,-53.71284509605154,30.605084432063897,-0.0390601596290114,53.71284509605154,0.0010159859991866072,12.564659532228331,6.441010284317221,-1.273801109261017,1.2818380683623014,-0.0025494148754174307,1.2818380683623014,0.16535402472213015,2.670871011757595,1.285140393714236,0.05092308525319313,2.133282094626933,0.727503770628326,0.0,0.6076096803475003,0.3599033353939807,1.0,1.0,1.0,8.653150221879283e-05,-0.5244251854060158,0,0,0,0.0011635881162969334,0.6398970479114434,380,0.6252,0.02993,0.5068793124002583,1,1,0,0.6252,380,0.6398970479114434,0.037596,0.03759599041653905,621.4965772677707,289.78784878962824,0.6091702696642534,0.609170285043962,0.609170287691728,0.7614628563049525,1.4450828241909748e-07,377,0.6379,0.6379,-0.02867,-0.063446,380,0.2675,0.2699,0.07675,-0.290453,3,0.3991,0.1654,-0.000251,6.849,0.1675,0.7863,-0.002392,6.973,0.1709,-0.4792,0.000619,7.107,4.0282,1.7003,1.7311,1.7642,0.2993,1.0,0.35476,0.48824,1.28602,0.17059,0.9482,1.0275,1.0836,0.5004,1.417,2.8339,2.1963,18.5218,30.1893,21.3051,57,0.2331,0.9325,62,0.1863,0.9748,2.0
43,1217,214879,6.379020688687383e-24,4.9714169159771936e-05,7.162279488186401e-06,4.9714169159771936e-05,1.1351855677059661,4.923485672044329,3.974522477577411,-44.72556104189886,32.25716437505761,-0.07142071364629211,44.72556104189886,0.0077922046513784204,12.565365293573088,6.396190643589023,-1.2876052040754908,1.2900486741012924,-0.0024701679942411357,1.2900486741012924,0.16658886800997832,2.6760399880443217,1.2881624123725903,0.05510634727576913,2.1412269036692617,0.7342138583240739,1.4142115624116159e-08,0.6214997513872034,0.3689248902754671,0.0008640299925275485,1.414135024188339,0.887184459903277,0.0004130445894592991,-0.5309447489371318,0,0,0,0.0011424070578979987,0.6422245143459705,380,0.5969,0.02862,0.5100011031156899,0,0,0,0.5969,380,0.6422245143459705,0.016184,0.016184324465254196,621.4969075451436,289.7880027894617,0.6091702662903494,0.6091702848794011,0.609170287691728,0.7614628560992512,1.715535794485272e-07,377,0.6177,0.6177,-0.02193,-0.039354,380,0.2778,0.2798,0.07526,0.04213,3,0.3689,0.1459,0.000697,6.858,0.1661,0.7951,-0.000321,6.965,0.1718,-0.484,0.002323,7.101,4.0272,1.703,1.7294,1.7632,0.3036,1.0,0.36,0.48372,1.28666,0.174,0.9513,1.0244,1.0769,0.5004,1.7688,2.7122,2.1933,18.6988,29.991,16.9556,58,0.2557,1.0,62,0.1845,0.9897,-3.0
44,1217,214879,4.754571642665558e-12,4.509438437472085e-05,7.188436765874414e-06,4.509438437472085e-05,1.1328389524431732,4.929526665617849,3.9748842429692477,-46.26569245668514,32.22441818754971,-0.07931026737244655,46.26569245668514,0.0009537528700639397,12.562285632943086,6.398609210740577,-1.2999268630645004,1.2963653465914458,-0.0025590335845236947,1.2999268630645004,0.16938927404156476,2.6833126596052135,1.2926283695980572,0.05088225051967237,2.142378767563664,0.7272151698138548,0.014140972441752261,0.635603889629869,0.3777967348798819,0.0013015816290553595,1.4140772365207546,0.913572983702787,0.0005747897294653614,-0.5374264311278334,0,0,0,0.001105801210898736,0.644491411070167,380,0.5697,0.02856,0.5137199338807733,0,0,0,0.5697,380,0.644491411070167,0.014985,0.014985148679527605,621.4968468731483,289.78797449967277,0.6091702682791083,0.6091702849100025,0.609170287691726,0.7614628561375031,1.5561164831831824e-07,377,0.5912,0.5912,-0.01657,0.069739,380,0.2761,0.276,0.07437,0.110012,3,0.3369,0.1073,-0.002545,6.866,0.1577,0.7985,-0.000616,6.958,0.1636,-0.5129,0.000224,7.112,4.0296,1.7039,1.7266,1.765,0.3087,1.0,0.36567,0.49662,1.28692,0.17433,0.9518,1.0237,1.0755,0.5004,1.7662,2.7082,2.1901,18.8734,29.7903,16.8669,58,0.1868,0.9778,62,0.1212,0.9571,-0.0
45,1217,214879,1.2377883618267229e-11,4.8994642245941866e-05,7.003143239258875e-06,4.8994642245941866e-05,1.13041882966665,4.935279616537444,3.9752491126722123,-47.77726231470233,32.18085620036675,-0.09947195369675527,47.77726231470233,0.019832870446024088,12.554644395882184,6.390551525827363,-1.3110826996943206,1.3032789008233685,-0.0026284959270418966,1.3110826996943206,0.17307503850349218,2.6897092764681134,1.2977287407735794,0.05104224344206071,2.1457480371065154,0.7345304286612961,0.027261869121517478,0.6497262633549903,0.3869324647140909,0.0006818992007748825,1.414108640507166,0.873080812066921,0.0007771377141515067,-0.5437113984662854,0,0,0,0.0011564347435328282,0.6466820387228155,380,0.5422,0.0297,0.5182034124666576,3,3,0,0.5422,380,0.6466820387228155,-0.010501,-0.010500736989221382,621.4965425182495,289.78783258682137,0.609170266600078,0.6091702850609879,0.6091702876917227,0.7614628563262349,1.6907073636800438e-07,377,0.536,0.536,-0.02608,-0.074027,380,0.2745,0.277,0.06307,0.218949,3,0.2906,0.0581,-0.000812,6.903,0.1493,0.8151,-0.001458,6.96,0.1475,-0.5311,0.003087,7.129,4.0403,1.7086,1.7226,1.7644,0.3098,1.0,0.36621,0.49822,1.2872,0.17225,0.9472,1.0283,1.0856,0.5004,1.7636,2.7042,2.1868,19.0467,29.589,16.7776,58,0.076,0.5687,62,0.0072,-0.1222,2.0
46,1217,214879,9.644293943438474e-13,5.277848225113126e-05,6.992839799793403e-06,5.277848225113126e-05,1.127909166308349,4.9407107531365835,3.975613156273361,-49.241244095947856,32.39973682947185,0.0016018898376352108,49.241244095947856,0.008466253870627861,12.561219923757585,6.403986978976338,-1.3192131119323254,1.3128686413014865,-0.0027896507701252104,1.3192131119323254,0.17636565914841185,2.699392131078325,1.30347149038577,0.051240126204525754,2.15305054325164,0.7330846666786769,0.04126789365538214,0.6632641187541903,0.39566327283830144,0.00037720780055783276,1.4141589889448156,0.9027699283655524,0.0009461101984837795,-0.549959510492354,0,0,0,0.0011717140205862852,0.6497492265252349,380,0.5202,0.02961,0.5225731278491308,6,5,1,0.5202,380,0.6497492265252349,-0.025136,-0.025135564206266947,621.4964333601451,289.78778168920843,0.6091702649711709,0.6091702851141132,0.6091702876917277,0.7614628563926414,1.821280453698877e-07,377,0.4939,0.4939,-0.02919,-0.045115,380,0.2731,0.2776,0.05808,0.047861,3,0.2569,0.0284,0.0,6.923,0.1423,0.839,-0.000278,6.963,0.1351,-0.52,0.0018,7.139,4.0466,1.7108,1.7208,1.7641,0.3101,1.0,0.36776,0.51528,1.28734,0.1711,0.9494,1.0259,1.0806,0.5004,1.7611,2.8177,2.1133,19.221,29.3905,16.6887,59,0.0697,-0.8844,62,0.0915,-0.8631,-1.0
47,1217,214879,7.049336324450302e-12,5.722724886039822e-05,7.022117023696075e-06,5.722724886039822e-05,1.1253247197116547,4.9457974497542185,3.9759787233074464,-50.66180763793602,31.614325527983823,0.0035366287067708376,50.66180763793602,0.00070589576472162,12.562260226417518,6.371174000534305,-1.3285086079345645,1.3223651663976077,-0.0030531942336176985,1.3285086079345645,0.17982133494165478,2.7115531108566953,1.3085289150848887,0.051259558625190105,2.161148834440898,0.7329351198654301,0.05517357078761499,0.6681257300316402,0.40469097212374194,0.0008060514094572202,1.414132612550662,0.8825210700874835,0.001210599542413669,-0.5561096544933365,0,0,0,0.0011565694677304846,0.653000344465682,380,0.4991,0.03351,0.5257643340389537,1,1,0,0.4991,380,0.653000344465682,0.018459,0.018459428068562822,621.4963855049655,289.78775937557054,0.6091702630560213,0.6091702851372325,0.6091702876917249,0.7614628564215405,1.9747986934890025e-07,377,0.4635,0.4635,-0.03261,0.085158,380,0.2699,0.2784,0.06077,0.16383,3,0.2314,-0.0295,-0.002004,6.934,0.135,0.8512,0.000153,6.96,0.1254,-0.5498,0.000886,7.155,4.0513,1.7116,1.7179,1.7662,0.3113,1.0,0.37253,0.52493,1.28744,0.174,0.9472,1.0281,1.0853,0.5004,1.7585,2.8136,2.1102,19.3436,29.2303,16.6223,59,0.0943,-0.6705,62,0.1318,-0.4499,0.0
48,1218,214880,0.0,4.8023162370644535e-05,7.108469139290839e-06,4.8023162370644535e-05,1.125672929894196,4.951840916064614,3.976196698548924,-52.12289493041494,31.662437166746994,-0.0623809593941205,52.12289493041494,0.0017651540228982299,12.559336351369591,6.407606576025759,-1.3288848927289212,1.3284310018267265,-0.0031850290441044326,1.3288848927289212,0.1803441485527329,2.720773960302105,1.3118585762533683,0.05129054508071485,2.175285868857464,0.7366654697738669,0.0,0.6819568608273514,0.41317667856411017,1.0,1.0,1.0,0.0014604708277594217,-0.5621018983382614,0,0,0,0.001099311597836851,0.6569728358693623,381,0.4738,0.0368,0.5278310034683212,0,0,0,0.4762,380,0.655891795751678,0.002523,0.0025231499449516193,621.4966065784301,289.7878624564339,0.6091702670182907,0.6091702850295586,0.609170287691728,0.7614628562869482,1.6571833603922673e-07,377,0.4496,0.4496,-0.03406,-0.239315,380,0.2668,0.2765,0.06573,0.021273,3,0.2131,-0.0835,0.001102,6.947,0.1265,0.7771,-0.001243,6.954,0.1201,-0.6921,0.002208,7.145,4.0508,1.7151,1.7167,1.7639,0.315,1.0,0.37676,0.53405,1.28813,0.17397,0.9461,1.029,1.0875,0.5008,1.7534,2.8054,2.1041,19.588,28.9506,16.5111,59,0.1737,-0.0363,62,0.1969,0.0292,2.0
49,1218,214880,1.472198274599092e-24,3.859677252732847e-05,7.161373547854726e-06,3.859677252732847e-05,1.123010049727781,4.957073295167912,3.9765645975489523,-50.53965186935229,31.37354927558669,-0.022000952753480043,50.53965186935229,0.007779571265787766,12.56422517042357,6.456436541356735,-1.3430385659788202,1.337245201691625,-0.0031443537083698414,1.3430385659788202,0.1825891315297291,2.7311576937356485,1.315362800116273,0.051380085607388215,2.1876639180284236,0.7300731651118807,1.4142115624116159e-08,0.6944363772747539,0.42206526703869396,0.00035653166311278017,1.414145604138381,0.9075669898093159,0.0018009428618937903,-0.5680089754088472,0,0,0,0.0009968088764857864,0.6601358374644438,381,0.4521,0.04075,0.5302034629640654,0,0,0,0.4544,380,0.6590602981553101,0.024457,0.024456778341574337,621.4965316982941,289.78782754175484,0.6091702710762469,0.6091702850662779,0.609170287691728,0.7614628563328474,1.3318976457617826e-07,377,0.445,0.4488,-0.03682,-0.149584,380,0.2613,0.2704,0.06625,0.12399,3,0.2013,-0.0872,0.001193,6.97,0.1182,0.7931,-0.000717,6.947,0.1164,-0.6759,0.003852,7.142,4.0532,1.7197,1.7139,1.7621,0.3182,1.0,0.38188,0.54415,1.28885,0.17197,0.9436,1.0316,1.0932,0.5,1.7497,2.7995,2.0996,19.8463,28.6557,16.3775,59,0.1837,0.3877,62,0.1783,0.5084,4.0
50,1218,214880,3.418052638913202e-13,3.922670844306863e-05,7.199234633645712e-06,3.922670844306863e-05,1.1202978921739302,4.961889324210876,3.976931715096975,-52.067045720709196,32.57340344438345,-0.035871729654385245,52.067045720709196,0.005758965820596984,12.556571864359364,6.49494254031377,-1.3517640865722063,1.345924687793824,-0.0031881158926025757,1.3517640865722063,0.1834272311411197,2.741632771342884,1.3195117243262202,0.051524227456651424,2.1999316380240193,0.730388160635562,0.014141260805981415,0.7085185294195057,0.43114093694828665,0.00036790772123385107,1.414042034947852,0.8913717495685999,0.002195765981291664,-0.5737382810651727,0,0,0,0.0010452469535908258,0.6633471569675362,381,0.4356,0.04239,0.5319633895206383,0,0,0,0.4342,380,0.6622980296974236,-0.019789,-0.01978901558263635,621.4965963054792,289.7878576664214,0.6091702708050678,0.6091702850346115,0.609170287691728,0.7614628562932643,1.3536353372066748e-07,377,0.4355,0.4407,-0.03524,-0.009758,380,0.2595,0.2697,0.06609,-0.112822,3,0.1899,-0.1328,0.000815,6.982,0.1131,0.7658,-0.001531,6.951,0.1131,-0.7391,0.000461,7.136,4.0551,1.7217,1.7143,1.7598,0.3191,1.0,0.38166,0.5396,1.28882,0.17118,0.9464,1.0287,1.0869,0.5,1.747,2.9117,2.0265,20.0156,28.4566,16.2888,59,0.1425,0.8916,62,0.1112,0.9978,-1.0
51,1218,214880,3.787932173019271e-13,4.100101531928851e-05,7.279626111440534e-06,4.100101531928851e-05,1.1175104076197426,4.9670177224189604,3.9772968738731733,-53.59768929838863,32.58753624586275,0.03025687587042536,53.59768929838863,0.012283002328958403,12.563538949987855,6.514457741976063,-1.3613893976020226,1.3524271819609766,-0.003195154635641552,1.3613893976020226,0.18550733349049567,2.7508588743102713,1.3235062298947509,0.05155750966655352,2.2149864725177526,0.7208443238788351,0.028062782471841314,0.7224666519225709,0.44005465444804504,0.0013559227292735399,1.4137033372647048,0.8834243306720772,0.0026162506305535712,-0.5793839840419158,0,0,0,0.0009956512926984238,0.666318416779141,381,0.4206,0.04437,0.5337369378727563,0,0,0,0.4201,380,0.6652790050331987,0.056893,0.056893283940199435,621.4966369430412,289.78787661467004,0.6091702700412523,0.609170285014596,0.6091702876917279,0.761462856268245,1.4148630300986477e-07,377,0.4143,0.42,-0.02598,-0.163023,380,0.2621,0.2813,0.05911,0.094768,3,0.1746,-0.1573,0.000752,7.003,0.1103,0.6466,0.000173,6.942,0.1087,-0.855,0.004109,7.139,4.058,1.7257,1.7108,1.7593,0.3175,1.0,0.3851,0.55388,1.28887,0.1742,0.9474,1.0275,1.0845,0.5,1.7443,2.9072,2.0234,20.0844,28.3352,16.2445,59,0.1888,0.9974,62,0.1228,0.9715,-2.0
52,1218,214880,4.873272222708436e-12,4.3146935753558634e-05,6.8335421643718525e-06,4.3146935753558634e-05,1.114678656828806,4.97254749818676,3.977659908543477,-53.43033256909567,32.92098773552979,0.00566498946612281,53.43033256909567,0.008413053183812743,12.544585632140437,6.487947209163996,-1.3754731788639079,1.3520515161218976,-0.003226619301075966,1.3754731788639079,0.18643022059872627,2.7593005760205793,1.3264498574456516,0.06154984567325861,2.2220031487364262,0.7547805065515916,0.042199815844477157,0.7358943852719639,0.44888889775537183,0.00035848237409008554,1.4141069111959015,0.8858017083310102,0.003116779710100176,-0.5847460632340532,0,0,0,0.0009308736326036091,0.6688226535682079,381,0.3984,0.04324,0.53642595894698,0,0,0,0.3998,380,0.6677741480938939,-0.033649,-0.033649222721233274,621.4960594101989,289.7876073259787,0.6091702691174238,0.6091702852919973,0.609170287691726,0.7614628566149967,1.4889158356942142e-07,377,0.3742,0.3814,-0.01136,-0.114604,380,0.2529,0.2732,0.06314,-0.018816,3,0.1494,-0.1711,0.000655,7.034,0.1008,0.6641,0.001701,6.95,0.0949,-0.8503,0.003876,7.166,4.0706,1.728,1.7075,1.7603,0.319,1.0,0.38689,0.55553,1.28901,0.1733,0.9435,1.0314,1.0932,0.5,1.7411,2.9018,2.0196,20.1964,28.1667,16.1775,59,0.1883,0.8203,62,0.13,0.7315,-2.0
53,1219,214881,0.0,4.514177020664e-05,6.729993708217688e-06,4.514177020664e-05,1.111920968718369,4.974693330117863,3.9780660810891284,-52.3103316151535,32.60286785711076,-0.017263258004499255,52.3103316151535,0.0017419474020517155,12.564147880362533,6.5964398564230615,-1.385503858133899,1.3526959176569167,-0.0038579894785035324,1.385503858133899,0.18828911433703818,2.766838612476466,1.3305166644315367,0.051702517417900384,2.1780279961056794,0.7459347039457295,0.0,0.7500353769723859,0.45737140465416526,1.0,1.0,1.0,0.003700884111288061,-0.5902261662564021,0,0,0,0.0008581440152755027,0.6721744026306095,381,0.3826,0.04869,0.5408734855632771,4,3,1,0.3858,380,0.6711587367962397,0.045107,0.04510688015186459,621.4959435073315,289.7875532834565,0.6091702682586622,0.6091702853458436,0.609170287691728,0.7614628566823045,1.5577539371570062e-07,377,0.3446,0.3585,-0.01223,-0.033702,381,0.2463,0.2798,0.05757,0.000111,3,0.1326,-0.2259,-0.004933,7.073,0.0945,0.5989,-0.001674,6.967,0.0852,-0.9154,-0.000679,7.214,4.0906,1.729,1.7031,1.7635,0.3256,1.0,0.39249,0.55814,1.28835,0.1718,0.9457,1.0291,1.0882,0.4996,1.7381,2.8969,2.0162,20.3609,28.0031,16.1113,59,0.1486,0.4822,62,0.074,0.4212,1.0
54,1219,214881,4.474118751825551e-24,4.9085968543307454e-05,7.084778658678271e-06,4.9085968543307454e-05,1.109018312819718,4.980401394299096,3.978432642733677,-53.462726530910324,32.55196425357215,-0.01715381987720261,53.462726530910324,0.0022238996086270044,12.557716655802158,6.619259158067775,-1.3909554476390449,1.3594501262600653,-0.0038039360640747494,1.3909554476390449,0.19121113190146882,2.7741073687873494,1.334096078620903,0.051859209516174634,2.1072068367281283,0.7398754488837676,1.4142115624116159e-08,0.7641774792746691,0.4665510213383234,0.00022117343231886633,1.4130966992287084,0.8584909927006087,0.00437013983523809,-0.5955037614859519,0,0,0,0.0009327677053792322,0.6753237652407711,381,0.3725,0.04713,0.5427654998110301,3,2,1,0.3761,380,0.6743220351170381,0.072913,0.07291295697559863,621.4961866878551,289.78766667227205,0.6091702665607349,0.6091702852321674,0.609170287691728,0.7614628565402093,1.693859821812913e-07,377,0.3386,0.3547,-0.01111,-0.278635,381,0.2451,0.2728,0.05651,0.010179,3,0.127,-0.2259,-0.000523,7.084,0.0915,0.4592,-0.003935,6.965,0.0834,-0.9691,-0.000612,7.198,4.0894,1.7323,1.7032,1.7602,0.3255,1.0,0.39242,0.56695,1.28891,0.17202,0.944,1.0306,1.0918,0.5004,1.7349,2.8915,2.0125,20.472,27.8358,16.0446,59,0.0978,-0.1256,62,0.0621,-0.9762,-2.0
55,1219,214881,5.04768887206378e-13,5.361218334265301e-05,7.504210351202858e-06,5.361218334265301e-05,1.1060746335816805,4.986365463270125,3.978793477347876,-54.31369139828653,32.84379951882647,0.02808003512089321,54.31369139828653,0.005474500275314265,12.560577884856963,6.672108139215329,-1.4066115672368837,1.3636297778877422,-0.0038883839096512727,1.4066115672368837,0.19263514248821262,2.7808956582302917,1.3369445900551427,0.06271637307533895,1.996408589094394,0.7461096324941615,0.0140897791519737,0.7782409735132046,0.4751359312814196,0.001830538321841435,1.4140778264490668,0.8966312025280617,0.005089173753830997,-0.6006920399474741,0,0,0,0.0008729252854536807,0.6779029709509242,381,0.3656,0.04267,0.5445186735015813,1,1,0,0.368,380,0.6768995528185524,0.017913,0.017912907217911167,621.4962010310768,289.787673360147,0.6091702646122467,0.6091702852253784,0.6091702876917279,0.761462856531723,1.850050511845754e-07,377,0.3334,0.366,-0.00836,0.016089,381,0.239,0.2728,0.0692,0.086361,3,0.1224,-0.2323,0.000895,7.099,0.0875,0.4714,0.002369,6.973,0.0799,-0.9673,0.002421,7.219,4.098,1.7324,1.7016,1.7616,0.3252,1.0,0.39586,0.56604,1.28898,0.17408,0.9379,1.0366,1.1052,0.5004,1.732,2.8867,2.0092,20.4876,27.7512,16.0226,59,0.0763,-0.9642,61,0.0683,-0.8462,-3.0
56,1219,214881,1.4818667441392844e-12,6.034907656188994e-05,8.113560900606946e-06,6.034907656188994e-05,1.1031058013605084,4.991893242161846,3.979152571889138,-52.079214537599825,32.787701642378806,-0.011616133132167361,52.079214537599825,0.016670351812449975,12.563762550768939,6.680216119898501,-1.412076865012854,1.371533641565093,-0.0039246054189004485,1.412076865012854,0.1952951045195783,2.7867208016698632,1.3418092656241787,0.05636093902791639,1.7736226500834715,0.7426196087576362,0.026832730462559826,0.7923046084523215,0.48410224328885715,0.00029581118137178564,1.4136075550675629,0.8540633604175504,0.005879280643182854,-0.6057855569080223,0,0,0,0.0008809803313209926,0.680565577633022,381,0.358,0.04056,0.5486420983237604,0,0,0,0.3583,380,0.6795676263949442,0.028711,0.02871087422112306,621.4965318834592,289.78782762809254,0.6091702617121149,0.609170285066187,0.6091702876917274,0.7614628563327337,2.0825262764087056e-07,377,0.3518,0.3762,-0.00918,0.189425,381,0.2409,0.2779,0.07792,0.024565,3,0.1262,-0.2615,0.002934,7.075,0.0863,0.3757,-3.1e-05,6.974,0.0849,-0.9927,-0.001441,7.189,4.0875,1.7309,1.7061,1.7587,0.3215,1.0,0.38956,0.5751,1.28871,0.17383,0.941,1.0334,1.0982,0.5004,1.7297,2.8828,2.0065,20.6082,27.5984,15.9556,59,0.1583,-0.6408,61,0.1752,-0.3445,0.0
57,1219,214881,5.567221718911174e-13,7.077301264443831e-05,9.484180645263878e-06,7.077301264443831e-05,1.1000665843958888,4.997684494371593,3.979505754683281,-52.80777402416539,32.73379940774638,-0.03925212082613945,52.80777402416539,0.010257000164052461,12.565508953181642,6.7358475222116745,-1.4278758217613727,1.3726424752919522,-0.0040742530109957155,1.4278758217613727,0.19590664273786224,2.7905752888532125,1.3446398658162841,0.052010314233780025,1.507692406663009,0.7280439272172442,0.04055165445980051,0.8037112124847671,0.4926428769062465,0.0010147754881210114,1.4136451399558665,0.9191624828245349,0.006403052520545326,-0.6107763151950868,0,0,0,0.0007854202847885618,0.6835211509523512,381,0.3426,0.04305,0.5503126399180436,2,2,0,0.3411,380,0.6825390270637561,0.057614,0.05761365094213078,621.4975256114685,289.7882909778721,0.6091702572247981,0.6091702845581217,0.6091702876917279,0.7614628556976522,2.4422316169372917e-07,377,0.3855,0.3973,-0.02044,0.318387,381,0.2562,0.2851,0.08649,-0.095044,3,0.1326,-0.3496,-0.001751,7.037,0.0882,0.2542,-0.003139,6.962,0.0989,-0.995,-0.005495,7.155,4.0713,1.7285,1.7099,1.7574,0.33,1.0,0.39815,0.55429,1.2888,0.17279,0.9377,1.0367,1.1056,0.5004,1.7273,2.8788,2.0036,20.678,27.4829,15.9109,59,0.1715,-0.4293,61,0.1623,-0.1736,-2.0
58,1219,214881,3.906541509914185e-11,7.56802496075672e-05,9.727031213950633e-06,7.56802496075672e-05,1.096988043067171,5.003577565503318,3.979858834565739,-56.618344382871896,32.78703562908999,-0.05502454285976597,56.618344382871896,0.003206354074725453,12.559484465150492,6.745384193062846,-1.4428521324200645,1.3807097587830706,-0.004135361202510718,1.4428521324200645,0.19788010354981966,2.7936557229880212,1.3480738890576223,0.05214434636298839,1.535707926219688,0.7314484954011904,0.05456452539187143,0.8147502132859592,0.5018345017416614,0.0010587967100408324,1.4139936276142775,0.9049219951817813,0.006734319982748176,-0.6155885938009527,0,0,0,0.000789429892718851,0.687515974649268,381,0.319,0.04322,0.5522871570384139,2,2,0,0.3164,378,0.6849028364132368,-0.026661,-0.02666109567032593,621.4976339657856,289.78834150069974,0.6091702551122861,0.609170284500007,0.6091702876917112,0.7614628556250087,2.6115698518321673e-07,377,0.3815,0.3978,-0.01238,-0.05519,381,0.254,0.285,0.09422,0.01805,3,0.1227,-0.4477,-0.0017,7.07,0.0818,0.2381,-0.003688,6.96,0.0971,-0.9751,0.001487,7.159,4.0781,1.7337,1.7066,1.7555,0.3301,1.0,0.39538,0.55059,1.28903,0.17249,0.9355,1.0387,1.1103,0.5004,1.7242,2.8736,2.0,20.7886,27.3186,15.8442,59,0.1154,0.2616,62,0.0903,0.2969,-3.0
59,1219,214881,1.917093724324964e-11,8.730214158003463e-05,1.0314938878577866e-05,8.730214158003463e-05,1.0938649589586165,5.009097119351336,3.9802093833147496,-54.19698389555563,32.62857598606322,-0.07984486388000306,54.19698389555563,0.015631556779167576,12.562146579203358,6.711800549561347,-1.453152866707913,1.391153643584978,-0.004284662195200101,1.453152866707913,0.20051596160727012,2.7966527929765626,1.352107615710044,0.05213232600781222,1.5119487874092516,0.7332036341806633,0.06790597982995664,0.8287120417125584,0.5108837216443105,9.992710655826187e-05,1.4140175327505091,0.8875181562036676,0.00724402356990147,-0.6202733074358898,0,0,0,0.0006799760601238842,0.6904662501057143,381,0.2919,0.04461,0.5576005914459016,1,1,0,0.2909,378,0.6878491533973158,0.073555,0.07355488495898599,621.4977441315295,289.7883928681491,0.6091702501092193,0.6091702844403757,0.6091702876917199,0.7614628555504696,3.0126169207804073e-07,377,0.3829,0.4086,-0.00393,0.049858,381,0.2619,0.3069,0.09871,0.125096,3,0.1126,-0.4721,0.001525,7.081,0.0774,0.1801,0.000625,6.959,0.1009,-0.9522,0.002458,7.158,4.0798,1.7355,1.7057,1.7546,0.3246,1.0,0.39138,0.55495,1.28874,0.17465,0.9477,1.0265,1.0831,0.5004,1.722,2.87,1.9975,20.9101,27.1695,15.7779,59,0.1967,0.9884,62,0.1494,0.974,-3.0
60,1219,214881,1.0059171254959509e-10,7.253478622720437e-05,1.0181864991470445e-05,7.253478622720437e-05,1.0907327979305352,5.014706071695389,3.980556204185127,-53.832785935983125,32.587167780665986,-0.10099809478891615,53.832785935983125,0.006422963068107976,12.559406056904708,6.7517529663517895,-1.4682345300215924,1.3945387642431384,-0.004480481199524313,1.4682345300215924,0.20373857326143546,2.7996926664388724,1.3562419266017878,0.05227696374102647,1.506746609415146,0.7301123612962465,0.07855168020276262,0.8422278988067098,0.5197589032422869,0.0055658903278090754,1.4138035637884978,0.9187417872442026,0.007955897269588839,-0.624896047640372,0,0,0,0.0005392257021847281,0.6927911888720079,381,0.257,0.05068,0.5613588331952837,0,0,0,0.2583,378,0.6901875612775156,0.120438,0.12043809910238945,621.4980028258336,289.78851349064104,0.6091702564664285,0.6091702842981789,0.6091702876916847,0.7614628553727235,2.50302489058273e-07,377,0.398,0.4176,-0.00824,0.017477,381,0.2562,0.3034,0.09517,-0.002915,3,0.1032,-0.5737,-0.0,7.051,0.0667,0.1486,0.00109,6.95,0.1025,-0.8952,-0.001932,7.145,4.0696,1.7325,1.7077,1.7556,0.3273,1.0,0.39039,0.56465,1.28894,0.17458,0.9387,1.0354,1.103,0.5004,1.7187,2.8645,2.0624,20.9682,27.0027,15.7111,58,0.2745,0.9997,62,0.231,0.9357,-2.0
61,1220,214882,0.0,5.4373159177659886e-05,1.00644529851133e-05,5.4373159177659886e-05,1.0879250596247663,5.017010488791856,3.981038889268175,-56.11928970784262,32.549650622892145,-0.11666251043038786,56.11928970784262,0.00882285908964231,12.554653711747598,6.86755146518425,-1.4796997477429439,1.399623332750133,-0.004367487168094305,1.4796997477429439,0.20544997926677194,2.802551655574688,1.3583497280884667,0.07197547833079398,1.4968310159265203,0.7263811823092604,0.0,0.854745033537613,0.5285127585565755,1.0,1.0,1.0,0.0087671296203969,-0.6293879443873776,0,0,0,0.0004199876748474209,0.6969977478592819,381,0.219,0.05975,0.5664267472184991,2,3,-1,0.2239,377,0.6934577472188465,0.103276,0.10327637282535673,621.4980292654741,289.7885258187645,0.6091702642847981,0.6091702842834756,0.609170287691728,0.7614628553543445,1.8763047647947658e-07,377,0.4071,0.4202,-0.00814,-0.096297,382,0.2458,0.3065,0.08774,0.076726,3,0.0916,-0.6375,0.00113,7.078,0.0555,0.1858,-0.001709,6.972,0.1005,-0.8755,0.000294,7.153,4.0807,1.7345,1.7085,1.7529,0.3345,1.0,0.39191,0.55561,1.28996,0.17349,0.9389,1.0352,1.1025,0.5,1.7144,2.8574,2.0573,21.063,26.8595,15.667,58,0.229,0.994,62,0.1726,0.882,-2.0
62,1220,214882,7.793031361752431e-24,5.3477226358172715e-05,1.029574350372855e-05,5.3477226358172715e-05,1.084762845102848,5.0228993248467955,3.9813868727298054,-67.06895002317304,32.51334022032414,-0.09060045405544069,67.06895002317304,0.0060135229501511785,12.56306460657338,6.9178449412843905,-1.4976038850663427,1.4132210693040648,-0.004402219302680203,1.4976038850663427,0.20927206465343548,2.8046914586563494,1.3624962009814037,0.055560803362959654,1.5366842640754677,0.7383604640909702,1.4142115624116159e-08,0.8676047354762462,0.5376891283343185,0.0009445328938108011,1.4137111912793547,0.8859287419720409,0.009357396348285477,-0.6337782524647602,0,0,0,0.0003450578742766936,0.7000444319956592,381,0.1846,0.06821,0.5685264663343302,0,0,0,0.1919,376,0.6956616144014092,0.073045,0.0730445546587406,621.4982537531912,289.78863049160583,0.6091702646705142,0.6091702841573474,0.609170287691728,0.7614628551966842,1.8453873179031352e-07,377,0.4154,0.4233,-0.01407,-0.002495,382,0.2389,0.3037,0.08726,0.025144,3,0.0794,-0.6941,0.002282,7.081,0.0458,0.1584,-0.001605,6.972,0.0997,-0.8208,0.000746,7.131,4.0771,1.7368,1.7101,1.7491,0.337,1.0,0.39102,0.55636,1.29099,0.17382,0.9452,1.0288,1.0885,0.5,1.7122,2.8536,2.0546,21.0841,26.7859,15.6441,58,0.0958,0.8411,62,0.0669,0.3571,-3.0
63,1220,214882,7.41084366106813e-12,5.915429779304146e-05,1.0893333259954503e-05,5.915429779304146e-05,1.0815253214101737,5.028853124419492,3.981730154121907,-68.5839975156075,32.3191356020575,-0.06780372820202274,68.5839975156075,0.013892048062606722,12.53738945308324,7.175196860053541,-1.513353164428751,1.4233125689958503,-0.004573999091796722,1.513353164428751,0.21162535043639388,2.8064251173263637,1.3662328466525833,0.052492781990358534,1.526161166942899,0.7394354252543457,0.014127107657918636,0.8804650739673895,0.546548415738498,0.0008961536690841321,1.4127965883190485,0.9102275620930277,0.01009278279141998,-0.6381272368049512,0,0,0,0.0002426169526509259,0.7109998080037156,381,0.1269,0.07745,0.5784937837203635,1,1,0,0.1646,363,0.6947677295860101,0.191855,0.19185455836649523,621.4990320914715,289.78899341070166,0.6091702622266717,0.6091702837022831,0.6091702876917249,0.7614628546278538,2.0412886320083728e-07,377,0.4311,0.438,-0.01933,-5e-06,382,0.236,0.2987,0.0884,0.012471,3,0.0575,-0.8956,0.000662,7.123,0.0318,0.3211,-0.007921,7.001,0.1028,-0.7089,-0.001914,7.115,4.0877,1.7427,1.7127,1.7406,0.3378,1.0,0.3943,0.55946,1.29111,0.17568,0.9424,1.0315,1.0945,0.5,1.7109,2.8514,2.053,21.1658,26.6895,15.5997,57,0.1466,-0.1344,61,0.1252,-0.4819,-2.0
64,1220,214882,1.7095519782433556e-11,6.210447847669727e-05,1.1137543727053965e-05,6.210447847669727e-05,1.0783090497296297,5.034686933592407,3.9820706788359796,-69.70984416369238,32.58151826642717,-0.05558991752816944,69.70984416369238,0.004277279506575082,12.562114565085096,7.292443518666592,-1.5281297365763797,1.4252980640701554,-0.004529466875664795,1.5281297365763797,0.21549507805246107,2.806942287380901,1.37059588624688,0.05260893892149056,1.5039320671245422,0.7419265054618994,0.02228444613071042,0.8846845986918259,0.5556506913508877,0.0004130475983490367,1.4130832285153767,0.9576688297377296,0.011021752124930622,-0.6423768380583957,0,0,0,0.00015743454452910976,0.7350016402317027,381,0.068,0.09037,0.58669515349076,14,13,1,0.1697,328,0.6813636563436589,0.009827,0.009826774548778339,621.4994102904705,289.7891697551552,0.6091702609566929,0.6091702834712182,0.6091702876917208,0.7614628543390226,2.143091770102028e-07,377,0.4398,0.4458,-0.02096,0.041918,382,0.2315,0.2882,0.08749,0.040874,3,0.0318,-0.4044,0.00098,7.211,0.0169,0.9728,-0.012258,7.049,0.1029,-0.6054,-0.000642,7.103,4.1115,1.754,1.7144,1.7275,0.3543,1.0,0.39692,0.55205,1.29136,0.17577,0.9374,1.0364,1.1056,0.5,1.7086,2.8476,2.0503,21.1864,26.6158,15.5775,57,0.1544,0.2103,61,0.1311,-0.0666,-0.0
65,1220,214882,2.3162447426470088e-11,6.0607299763887314e-05,1.325932942830243e-05,6.0607299763887314e-05,1.0750980449298413,5.040295860518517,3.9824119487517895,-70.48419904222854,31.721013190690805,-0.016787228527262884,70.48419904222854,0.017317281029976032,12.54609096531092,7.6155971096439945,-1.5422322213199744,1.4406766542643878,-0.004531151458835159,1.5422322213199744,0.2206187539421734,2.8071870638342653,1.376920235482114,0.07757174010453338,1.5186228283062322,0.7421328418046157,0.032201974525863646,0.8947874829333533,0.5652273796483107,0.0011189475642899849,1.4126082870706416,0.9986535809100991,0.012167925669195946,-0.6465120025921742,0,0,0,0.0006872208495800529,0.7048938121701701,381,0.285,0.09532,0.582024938851482,2,2,0,0.2917,378,0.7024227012290397,-0.168299,-0.16829872857417083,621.5003284517949,289.7895978701357,0.6091702616012354,0.6091702828832051,0.6091702876917181,0.7614628536040063,2.0914242681356508e-07,377,0.4409,0.4426,-0.0222,0.039251,382,0.2362,0.2914,0.08265,0.014677,3,0.126,0.5908,0.002275,6.983,0.0683,0.4599,0.028406,6.959,0.1054,-0.4447,-0.001712,7.1,4.0497,1.7242,1.7185,1.7532,0.4019,1.0,0.42147,0.54456,1.29189,0.17396,0.947,1.0268,1.0842,0.5,1.7063,2.8438,2.0475,21.2065,26.542,15.5553,57,0.2351,0.0184,60,0.2369,0.0468,0.0
66,1220,214882,1.4752602277220694e-11,5.483976964431122e-05,1.3423373098770905e-05,5.483976964431122e-05,1.0718762586049178,5.045688748223033,3.982755242086931,-72.00962532487182,32.93303324299091,-0.10105908806039461,72.00962532487182,0.002892987585790662,12.54685342613693,7.714643328117512,-1.5585613869961419,1.4565248795622023,-0.004712004272385591,1.5585613869961419,0.2262559277839177,2.8069698183670018,1.3831200618439097,0.057404258153085364,1.5184322838478774,0.7289539291628263,0.040037647357326206,0.9060464779117752,0.5752139154574721,0.0021060808609130177,1.4130820766617957,0.9476208705352942,0.013525890647542392,-0.6505743701803492,0,0,0,0.0010863938796799155,0.7073924506701873,381,0.3188,0.08517,0.58606639579817,0,0,0,0.3269,378,0.7049662138012911,-0.162978,-0.16297829103054906,621.5007341799319,289.78978705071745,0.6091702640840858,0.6091702826111565,0.6091702876917217,0.7614628532639456,1.8923982864418013e-07,377,0.4348,0.4384,-0.02885,0.104993,382,0.2305,0.2846,0.07832,0.122639,3,0.1387,0.796,0.0004,6.965,0.074,0.3659,0.000401,6.956,0.1009,-0.2721,-0.00133,7.089,4.0437,1.7225,1.7202,1.7532,0.3614,1.0,0.43492,0.54943,1.29236,0.17538,0.9355,1.0381,1.1097,0.5,1.7039,2.8399,2.0447,21.3235,26.3921,15.4892,57,0.2602,-0.1696,60,0.2292,0.0578,-5.0
67,1220,214882,1.3327149129724533e-11,6.60656563753341e-05,1.5859366928027125e-05,6.60656563753341e-05,1.0686540397583957,5.050912317955455,3.983095289404422,-73.5165173167462,32.760413293329265,0.015326296780493727,73.5165173167462,0.03544359772699224,12.525012637616282,7.683585201084979,-1.5743220794122792,1.471189733967167,-0.0045549713215231845,1.5743220794122792,0.22726770605680424,2.806585342318064,1.3869367578579102,0.05268160459954169,1.5566665661296375,0.7379270267047959,0.047465162484361216,0.9194922748287707,0.5846901242185425,0.0012275282924237851,1.4132516990284483,0.88680064492152,0.01425062348768338,-0.654455943989244,0,0,0,0.0018123413872765397,0.710346370388457,381,0.3604,0.07827,0.5891899051109487,0,0,0,0.3666,377,0.7071555503404037,-0.008308,-0.008307575073556839,621.5023618184096,289.79054597662355,0.6091702592516075,0.6091702814445641,0.6091702876917222,0.761462851805705,2.279772659687228e-07,377,0.4223,0.4267,-0.04057,0.063457,382,0.2343,0.2943,0.0867,-0.064036,3,0.1522,0.8679,-0.000255,6.976,0.0861,0.4395,0.001941,6.988,0.1009,-0.0647,-0.00164,7.124,4.0586,1.7188,1.7217,1.7554,0.3591,1.0,0.44278,0.516,1.2929,0.17652,0.9367,1.0368,1.1068,0.5,1.7015,2.8358,2.0418,21.3412,26.3159,15.4663,57,0.2621,-0.6792,60,0.1834,-0.4353,-3.0
68,1220,214882,9.61770472224349e-12,8.123800638725341e-05,1.8068322432655307e-05,8.123800638725341e-05,1.0654625137148492,5.056284252200965,3.983427687695316,-74.98589325853354,32.93321833139672,-0.060223509482625594,74.98589325853354,0.01881006561862993,12.556186258727058,7.74322489904329,-1.5934017143316608,1.487258677860966,-0.00455326156336418,1.5934017143316608,0.23218428384299994,2.8056081024497557,1.3911558708447005,0.052868256475359726,1.5591728426592997,0.7302519908938168,0.05520950868201388,0.9324012072589876,0.5935581306534261,0.0005123465959415707,1.4136382488573915,0.8811491398698162,0.014216070921681614,-0.6583035378665999,0,0,0,0.0024330622322721726,0.7135550444019814,381,0.3923,0.0628,0.5907556652574643,0,1,-1,0.395,376,0.709613019519434,0.005018,0.005017828492010601,621.5034711113882,289.79106321137226,0.6091702527202734,0.6091702805804871,0.609170287691724,0.7614628507256088,2.8033302851716576e-07,377,0.416,0.4221,-0.05125,0.055886,382,0.2429,0.2918,0.08246,0.002132,3,0.1632,0.92,-0.000852,6.979,0.0966,0.4839,-0.002176,6.979,0.1025,0.1023,-0.000101,7.114,4.0556,1.7209,1.7209,1.7541,0.3624,1.0,0.45102,0.51766,1.29311,0.17587,0.9401,1.0334,1.0993,0.5,1.6985,2.9442,1.9703,21.4017,26.1954,15.4227,57,0.2393,-0.9725,60,0.1408,-0.9678,-3.0
69,1220,214882,2.829081654658538e-11,7.761079642239812e-05,2.0115084006401973e-05,7.761079642239812e-05,1.0622542368904053,5.061344496800976,3.983752580005397,-76.44909863051271,32.737721214088374,0.12466982311530503,76.44909863051271,0.004126984248182613,12.539801226800872,7.830465835488737,-1.6110505042791137,1.5035644022917687,-0.004359022429636451,1.6110505042791137,0.23621318303527936,2.80438510260759,1.395380927790358,0.05289928331528415,1.5260854307835703,0.7385874556630697,0.05702352002431244,0.9460159666677532,0.6023696220417695,0.00011357020971358711,1.4135672636422865,0.8843995001140721,0.014179520899375173,-0.6620239670188528,0,0,0,0.003179322197848185,0.716556189640087,381,0.425,0.05447,0.5956306839328122,1,1,0,0.4274,375,0.7118550500341289,-0.069095,-0.06909485604345522,621.5045466907217,289.79156472631644,0.6091702542818114,0.6091702796892506,0.6091702876917159,0.7614628496115633,2.6781592658052326e-07,377,0.3947,0.4079,-0.04539,-0.392223,382,0.2657,0.2943,0.07908,0.05352,3,0.1682,0.9542,0.000454,7.001,0.1138,0.5131,-0.003571,6.984,0.1059,0.2328,0.00043,7.103,4.0586,1.725,1.7209,1.7502,0.3581,1.0,0.44711,0.53143,1.29325,0.17644,0.9432,1.0302,1.0922,0.5,1.6968,2.941,1.9682,21.4276,26.1301,15.3996,58,0.1827,-0.8729,60,0.1126,-0.6319,0.0
70,1221,214883,0.0,8.835942725069332e-05,2.19665346026884e-05,8.835942725069332e-05,1.0564368912291038,5.068414419511211,3.9842495222559693,-77.9267028241296,32.73498566692222,-0.019656013239289276,77.9267028241296,0.009284389065149057,12.550755947675853,7.8220405680295775,-1.6293625138793786,1.506778076395618,-0.004665243286551373,1.6293625138793786,0.23929430498226908,2.8032501465294253,1.3998474239729062,0.05292471928573975,1.5488106394666237,0.7484372832006074,0.0,0.9578254356529015,0.6107130326073346,1.0,1.0,1.0,0.014177810493595691,-0.6657138950726902,0,0,0,0.003923085399780097,0.7195571071509942,381,0.4471,0.05289,0.6004209650602185,1,1,0,0.4508,376,0.7156293779662428,-0.006983,-0.006983090710290574,621.5054887137248,289.7920039673832,0.6091702496548441,0.6091702788655096,0.609170287691728,0.761462848581887,3.049063674670554e-07,378,0.3694,0.402,-0.03424,-0.124323,382,0.2745,0.3064,0.09021,-0.030431,3,0.1657,0.9729,0.002694,7.014,0.1233,0.5212,-0.001837,6.976,0.1022,0.3098,0.003087,7.078,4.0546,1.7299,1.7204,1.7457,0.3675,1.0,0.46013,0.52632,1.29412,0.1759,0.9406,1.0326,1.0978,0.5004,1.6979,2.9431,1.9696,21.3941,26.2238,15.4448,59,0.1962,-0.2822,60,0.1336,-0.1806,-1.0
71,1222,214884,0.0,0.00011984887650142672,2.4030013339949674e-05,0.00011984887650142672,1.0503486389485188,5.0754624103499175,3.9849161729075706,-66.89795534293577,32.662262628513126,0.005567222981721935,66.89795534293577,0.0021152516161876984,12.563512995093971,7.8797825502308205,-1.6510557033892548,1.5271392703570956,-0.004966198148937734,1.6510557033892548,0.2426340062322991,2.8018521833901397,1.403439943249086,0.06862074501731596,1.5212247998235235,0.7478588879381358,0.0,0.9707928347559679,0.6189557666374591,1.0,1.0,1.0,0.014174876084404183,-0.66932966047089,0,0,0,0.004860721457308552,0.7226212556513769,381,0.4672,0.05363,0.6043041074669094,1,1,0,0.4708,376,0.7186399350972068,0.014834,0.014834206566834762,621.506153647456,289.7923140088582,0.6091702360993947,0.6091702782597755,0.609170287691728,0.7614628478247194,4.135681683323155e-07,379,0.3587,0.3914,-0.03443,0.18206,382,0.2735,0.3066,0.10246,-0.237712,3,0.168,0.9936,0.000556,7.018,0.1293,0.5411,-0.00013,6.987,0.0995,0.4429,-0.000675,7.082,4.0581,1.7293,1.7217,1.745,0.3682,1.0,0.45778,0.52457,1.29514,0.17778,0.9421,1.031,1.0943,0.5008,1.699,2.945,1.9709,21.4563,26.2405,15.4447,59,0.1916,0.6827,60,0.1299,0.854,-1.0
72,1222,214884,3.157905561252817e-24,0.00012504906057811795,2.6056952437898453e-05,0.00012504906057811795,1.0472225566114681,5.080934938216446,3.985232221814715,-68.45037530752305,32.664858718109635,-0.08273594837253348,68.45037530752305,0.002731064112747081,12.565295623498601,7.954741155859954,-1.6720979851979525,1.5480880306883928,-0.004794018678937336,1.6720979851979525,0.24366492255044855,2.800009977650969,1.406737035158526,0.05907027957546296,1.5127133275450502,0.7451958237224027,1.4142115624116159e-08,0.982780480093273,0.627944270458888,0.012238647321467289,1.4137159502000791,0.9814344224027861,0.014172761647887661,-0.6728974228433299,0,0,0,0.005616250627962642,0.725675623972686,381,0.4809,0.04397,0.6118305916153058,0,0,0,0.489,374,0.7201672574479349,0.030086,0.030085700671886872,621.5073055766314,289.7928511237675,0.609170233860957,0.6091702771628258,0.609170287691728,0.7614628464535322,4.3151188889994667e-07,379,0.3804,0.395,-0.03336,-0.044579,382,0.2694,0.2934,0.10787,-0.336616,3,0.1833,0.9986,-0.001151,6.993,0.1307,0.5364,-0.001263,6.983,0.1036,0.5807,-0.003775,7.066,4.0495,1.7268,1.7244,1.7449,0.3662,1.0,0.45552,0.52233,1.296,0.17821,0.9418,1.0313,1.095,0.5,1.6969,2.9414,1.9685,21.4784,26.1706,15.4226,58,0.2767,0.9806,60,0.2569,0.9247,5.0
73,1222,214884,4.691859042925701e-13,0.00010523395858513584,2.76756784125262e-05,0.00010523395858513584,1.0441363843677507,5.086243756019799,3.9855495943685417,-69.96099621116002,32.50635155256198,0.197411526298692,69.96099621116002,0.010316852998943065,12.565586547269993,7.9629187104104036,-1.6877332906993225,1.563465486734248,-0.004757714277932642,1.6877332906993225,0.24698142161993553,2.7985424974007187,1.4113337735717817,0.05489199046082294,1.5178979742726084,0.771612359259662,0.013234326661696732,0.9859895537540688,0.6377586147039769,0.0015740180094486744,1.413595165314924,0.9274658526306337,0.014170451400177777,-0.6763656764930802,0,0,0,0.006624293572230466,0.7286207495028539,381,0.4962,0.0339,0.6168250775964053,1,1,0,0.5052,373,0.7222991750862873,-0.060443,-0.06044259234330274,621.5081773514887,289.79325760993294,0.6091702423910506,0.6091702762925953,0.6091702876917279,0.7614628453657442,3.6313459965580944e-07,379,0.3739,0.3821,-0.01977,0.220001,382,0.2643,0.2857,0.11139,-1.480614,3,0.186,0.9734,0.001943,6.984,0.1325,0.543,0.000307,6.998,0.1001,0.721,-0.001755,7.06,4.0496,1.7247,1.7281,1.7433,0.3637,1.0,0.45618,0.52109,1.29619,0.17771,0.9366,1.0364,1.1065,0.5,1.6948,2.9376,1.9659,21.5479,26.0619,15.3776,58,0.3196,0.7704,60,0.3045,0.8034,5.0
74,1222,214884,9.563855928474132e-12,0.00012772802807072299,2.8748365792236148e-05,0.00012772802807072299,1.041120696514745,5.091535238800118,3.9858654717946247,-71.50133956578584,32.80121194511249,0.02124062213856038,71.50133956578584,0.018234284663538602,12.553235580672322,7.989867230109697,-1.7067885968312688,1.5791495534332765,-0.0046403552878181605,1.7067885968312688,0.24918357165214972,2.7992306215682645,1.4154618788977718,0.06376899063792296,1.5200804583579446,0.7622132885527101,0.027120699415265223,0.9920736482035684,0.6470332732188225,0.0027147342214827175,1.4138202568491112,0.929497385617122,0.01417647060194663,-0.6798138829826356,0,0,0,0.00769129199807853,0.7316766018907079,381,0.5046,0.02977,0.6221722258765084,0,0,0,0.5164,373,0.7252950630552405,-0.005475,-0.005475130687986329,621.5082686411101,289.7933001759324,0.6091702327079237,0.6091702761994711,0.609170287691724,0.7614628452493388,4.407556282121767e-07,379,0.3686,0.3768,-0.01443,0.03816,382,0.2508,0.2972,0.12656,0.950953,3,0.1866,0.9173,0.000995,6.987,0.128,0.4975,0.002919,7.011,0.0937,0.8017,0.000746,7.079,4.0563,1.7225,1.7283,1.7452,0.3646,1.0,0.4613,0.52814,1.29625,0.17897,0.9357,1.0373,1.1086,0.5,1.6926,2.9338,2.0311,21.5682,25.9528,15.3331,58,0.2718,0.235,60,0.2179,0.4882,-0.0
75,1222,214884,9.466611102854284e-11,0.00012998620858566592,2.977575840550409e-05,0.00012998620858566592,1.0380594673452808,5.096311749415692,3.986180141520832,-72.99267228067069,32.925054093281865,-0.032114503385874654,72.99267228067069,0.04169412113206761,12.542854738376203,7.987659845135065,-1.7213959251597934,1.5948334892237317,-0.004722389662693596,1.7213959251597934,0.25253456288458276,2.799536659698576,1.4199407864687672,0.07584408180149249,1.5081935256937224,0.7539107906992172,0.04125711092199057,0.9999270796780609,0.6563282470833095,0.004870299963645519,1.413547666219409,0.9490206433960204,0.014182722288325185,-0.6831695640089211,0,0,0,0.008707713975058614,0.73481547956765,381,0.516,0.02529,0.6269652758976725,0,0,0,0.5266,371,0.7268693696423342,0.01986,0.0198601516308321,621.5082649912225,289.7932984740838,0.6091702317357761,0.6091702762031919,0.6091702876916872,0.7614628452539898,4.485480142919543e-07,379,0.3764,0.3835,-0.02767,0.100359,382,0.2385,0.3104,0.13956,0.294787,3,0.1956,0.8162,-0.000792,6.965,0.1246,0.399,0.004908,7.016,0.0915,0.8554,-0.001226,7.105,4.0582,1.7163,1.7288,1.7508,0.3701,1.0,0.46651,0.54013,1.29604,0.17948,0.9427,1.0301,1.0927,0.5,1.6902,2.9296,2.0282,21.634,25.8406,15.2885,58,0.2242,-0.6978,60,0.1157,-0.7019,-1.0
76,1222,214884,1.864576043289364e-10,0.00013987107165058655,3.190868297351667e-05,0.00013987107165058655,1.0350988746101117,5.100815697880674,3.986494881609107,-74.44107874981925,32.89356691945527,-0.12672349237150482,74.44107874981925,0.000524080344565192,12.554626964528548,7.978599539697962,-1.7411170328311056,1.6097153897080116,-0.005029747778228663,1.7411170328311056,0.2565815426120856,2.7989639208365107,1.42458800091511,0.05354838277261886,1.4858128611458825,0.7652055895509817,0.05515267571319848,1.0132469743063104,0.6658184535236666,0.006388324545215207,1.4138759766915205,0.9407787180583435,0.014200225343588982,-0.6864106776085541,0,0,0,0.009675731420194216,0.7378603613079795,381,0.5282,0.0219,0.6311531284231165,0,1,-1,0.538,370,0.7291265314770314,0.009859,0.009858524323143936,621.5091362312336,289.79370471086423,0.6091702274806973,0.6091702752955008,0.6091702876916478,0.761462844119376,4.826573848115164e-07,379,0.3752,0.3879,-0.04819,-0.103986,382,0.2433,0.3258,0.12818,0.202452,3,0.1998,0.7179,0.002799,6.951,0.1295,0.3462,0.002776,7.013,0.0928,0.9016,0.001449,7.096,4.0533,1.715,1.7302,1.7508,0.365,1.0,0.46381,0.54772,1.2961,0.17989,0.9454,1.0273,1.0866,0.5,1.6877,2.9253,2.0252,21.6023,25.8028,15.2887,58,0.2683,-1.0,59,0.1892,-0.9852,-1.0
77,1222,214884,2.7246907869984528e-11,0.00016228568645978072,3.369526793419875e-05,0.00016228568645978072,1.0321675166518138,5.1050681754790705,3.9868100011421808,-75.87759513699946,33.05625162098158,0.15569040712235205,75.87759513699946,0.009106811486738309,12.557269033319798,8.036582743279306,-1.7463364158601398,1.6236121912998103,-0.00518276811428147,1.7463364158601398,0.26062484994595336,2.7978331371851883,1.4292935647126952,0.07500358062310664,1.5205484762445518,0.7602854032448909,0.06905652023693613,1.026806927830963,0.6752262407144504,0.001902021112919705,1.413286321698494,0.9945917888003313,0.014237326370827292,-0.6896029422244805,0,0,0,0.010826451602736833,0.7410004380080019,381,0.5401,0.0207,0.6353842184349874,1,1,0,0.5478,368,0.7306981223956568,-0.034895,-0.03489542547287394,621.5094610404208,289.79385616102354,0.6091702178317719,0.6091702749482677,0.6091702876917163,0.7614628436853346,5.600038890044891e-07,379,0.3541,0.371,-0.06173,-0.03495,382,0.2409,0.3394,0.12688,0.171869,3,0.1931,0.6015,0.004372,6.947,0.1318,0.4222,0.004872,7.025,0.0873,0.9781,0.002688,7.104,4.0563,1.7127,1.7319,1.7513,0.3556,1.0,0.45853,0.55139,1.29592,0.17959,0.9419,1.0308,1.0944,0.5,1.6852,2.921,2.0222,21.6668,25.6899,15.2444,57,0.2525,-0.7784,59,0.2017,-0.8775,4.0
78,1222,214884,8.506951902091134e-11,0.00016641333480002177,3.548517769107925e-05,0.00016641333480002177,1.0292431862286522,5.109508762044231,3.987127287329072,-77.33037397545144,33.83550566278782,0.06658835798940471,77.33037397545144,0.01217521652605491,12.563838826083094,8.053553764344722,-1.7646299761611293,1.6400946576489304,-0.005162551462887882,1.7646299761611293,0.26438137077987983,2.7962405795168177,1.4332780078629044,0.07120666490318761,1.53287939651184,0.7654992132986277,0.08292315240500361,1.03898260940068,0.6851721586216052,0.013152082663030695,1.4120629505032327,0.9383397732823754,0.014301096485395261,-0.6926979934995068,0,0,0,0.011729098428322732,0.7441003272779195,381,0.5439,0.01967,0.6377506291341531,2,2,0,0.5506,367,0.7329331213477216,0.008418,0.008417848319241639,621.5099052846007,289.79406330064415,0.6091702160550521,0.6091702744656116,0.6091702876916913,0.7614628430820144,5.742468734681352e-07,379,0.3363,0.3558,-0.06821,0.033154,382,0.2482,0.3234,0.11149,-0.031747,3,0.1844,0.421,0.004022,6.946,0.1364,0.4621,-0.004015,7.023,0.085,0.999,-9e-06,7.054,4.046,1.7168,1.7359,1.7434,0.3564,1.0,0.46574,0.55784,1.29614,0.18094,0.9439,1.0287,1.0899,0.5,1.6828,2.9168,2.0193,21.8758,25.4656,15.1329,57,0.2403,-0.0187,59,0.1149,-0.0612,2.0
79,1223,214885,0.0,0.00018281879722731683,3.6050472984866736e-05,0.00018281879722731683,1.0235610605375376,5.115083594983971,3.9874710041877033,-69.37045847278351,34.61832978634897,-0.052795859729172515,69.37045847278351,0.003143767643981832,12.555478725390534,7.9850778733683905,-1.7785993666551143,1.651515475787604,-0.005349086577590769,1.7785993666551143,0.2676063967583305,2.7940601168310075,1.4373463575748715,0.062379397750638055,1.5225720694738247,0.774455870289996,0.0,1.045524175314663,0.6939876450298321,1.0,1.0,1.0,0.014397970619780693,-0.6957051593617174,0,0,0,0.012862571866928747,0.7471213208338082,381,0.5512,0.02254,0.6412748667578217,1,1,0,0.5578,365,0.7343591246219173,0.008487,0.008487466581866832,621.5095760272163,289.7939097764051,0.6091702089928791,0.6091702748242114,0.609170287691728,0.7614628435302642,6.308579685762668e-07,380,0.3152,0.3386,-0.06521,-0.005225,382,0.2317,0.2864,0.1012,0.048367,3,0.1753,0.2275,0.001542,6.956,0.1292,0.4843,-0.00344,7.013,0.0745,0.9621,0.001508,7.023,4.0401,1.7218,1.7359,1.7385,0.3664,1.0,0.47881,0.57181,1.29701,0.1814,0.946,1.0266,1.0851,0.4996,1.6809,2.9136,2.0171,21.8517,25.475,15.1556,57,0.2052,0.757,59,0.1749,0.9954,1.0
80,1223,214885,8.163072721367506e-24,0.000194313455493962,3.5251593044488814e-05,0.000194313455493962,1.0207119748798756,5.119424877599478,3.987782054723086,-73.06051268713813,35.39571569519518,-0.04380862733143697,73.06051268713813,0.011399009440278718,12.565710018245486,8.01023935107113,-1.7974997837631823,1.6704225859458695,-0.005167531934217911,1.7974997837631823,0.2687714059415414,2.7924905217927387,1.4397104622303432,0.08161108889600732,1.513556782519185,0.772242578094343,1.4142115624116159e-08,1.0585314688345366,0.7027084013211423,0.058996934116116284,1.4137853167847634,1.0167182278196099,0.01452549301548566,-0.698644688055689,0,0,0,0.013809650698053377,0.750134548014425,381,0.555,0.02408,0.6465596553642946,0,0,0,0.5599,362,0.7350281108107218,0.004871,0.004871420210943889,621.5084263930447,289.793373731597,0.6091702040444136,0.6091702760376343,0.609170287691728,0.7614628450470429,6.705241496444038e-07,380,0.2994,0.3238,-0.05614,-0.053249,382,0.2048,0.2955,0.09565,0.376807,3,0.1677,0.0515,0.002331,6.964,0.1159,0.5335,0.00247,7.018,0.0631,0.8722,0.002649,7.031,4.044,1.722,1.7355,1.7386,0.3659,1.0,0.48185,0.57017,1.29785,0.18235,0.9497,1.0226,1.0767,0.5004,1.6785,2.7975,2.0814,21.9647,25.3271,15.0891,57,0.2458,0.9757,59,0.3035,0.9376,-0.0
81,1223,214885,8.493400144602525e-12,0.00020855186761713324,3.820667485311079e-05,0.00020855186761713324,1.0178862413986487,5.123616065856391,3.9880958942737252,-70.62806527412208,32.83575787596853,0.18937732111731184,70.62806527412208,0.0074581271386726655,12.550390537412317,8.063395119398503,-1.8141097232945138,1.6834011422405455,-0.00532560217230505,1.8141097232945138,0.2728020465098258,2.7893429082677326,1.4440856796469999,0.06543379533758498,1.5362363859524026,0.7563050108001874,0.014131950747127317,1.072041531828123,0.7128755835494156,0.02271546900210475,1.4135069637551119,1.0064641394937195,0.014691680470630535,-0.7015042281650536,0,0,0,0.014461806560197528,0.7531495745531144,381,0.5562,0.02395,0.6505016861150041,2,2,0,0.5623,360,0.7363908699300958,-0.012028,-0.012027787276815971,621.5099998286499,289.79410738409956,0.6091701979153791,0.6091702743617136,0.6091702876917244,0.761462842952142,7.196553080381098e-07,380,0.3158,0.3333,-0.05815,0.177484,382,0.2158,0.2781,0.0852,0.211866,3,0.1763,-0.0688,-5.8e-05,6.933,0.1232,0.7267,-0.001299,7.003,0.0702,0.6353,-0.002573,7.0,4.0292,1.7207,1.738,1.7374,0.3583,1.0,0.47782,0.569,1.29802,0.18181,0.9477,1.0245,1.081,0.5004,1.6762,2.7936,2.0784,21.9816,25.2541,15.0663,57,0.3175,0.6768,60,0.3226,0.8324,3.0
82,1225,214888,0.0,0.00022113809942609126,3.98029362532248e-05,0.00022113809942609126,1.0163005679176373,5.122218723413293,3.9879989670262104,-71.3483347082357,32.83649710493383,0.1233647757063787,71.3483347082357,0.03274227713163411,12.554896512733386,8.121436442273858,-1.8348635644695916,1.695615464548354,-0.004882570532405957,1.8348635644695916,0.27628192448703515,2.7867699478397148,1.446191737780568,0.053847302755338416,1.5133912131547944,0.7736945628117291,0.0,1.0857720561876985,0.7217599143683268,1.0,1.0,1.0,9.127222177360181e-06,-0.7042414636646306,0,0,0,0.01505796912159928,0.7560682543772176,381,0.5557,0.021,0.6542087670182134,0,0,0,0.5716,355,0.7354092433604829,0.004579,0.004578735279791246,621.510417835161,289.7943022897709,0.6091701924974886,0.6091702738975808,0.609170287691728,0.761462842371976,7.630864295080965e-07,380,0.318,0.3279,-0.0489,0.248094,384,0.2124,0.2708,0.08167,0.183423,3,0.1772,-0.1899,-0.002345,6.918,0.1209,0.7788,-0.003323,6.993,0.0693,0.4679,-0.003579,6.982,4.0209,1.7204,1.7393,1.7364,0.3621,1.0,0.48757,0.57645,1.29904,0.18313,0.9484,1.0238,1.0794,0.5004,1.6755,2.6808,2.1446,22.1641,25.1693,15.022,57,0.312,0.3693,58,0.2763,0.7017,4.0
83,1227,214891,0.0,0.00023076837691009494,4.198767531524287e-05,0.00023076837691009494,1.0083940491222074,5.129968032426609,3.9882239376432835,-72.11229015031718,32.814472485897454,0.09297808672611074,72.11229015031718,0.030590395272611204,12.562103938179499,8.015980096769308,-1.857020123214325,1.7132742288654574,-0.005183386922066905,1.857020123214325,0.2788271033978594,2.78554622627944,1.4493932553603086,0.06475584277039192,1.5110452908559457,0.7682767823730707,0.0,1.0990891532275542,0.7295973752647518,1.0,1.0,1.0,1.7496332557026274e-06,-0.7069052764725816,0,0,0,0.01574001412819191,0.7589809076717521,381,0.5555,0.01772,0.6604128734745368,0,0,0,0.5697,353,0.736623202618313,-0.006424,-0.006423527064261414,621.5109650754438,289.7945574538219,0.6091701883523926,0.6091702732779892,0.609170287691728,0.7614628415974865,7.963171528742991e-07,382,0.29,0.297,-0.02759,-0.28843,384,0.2308,0.2777,0.08058,-0.102296,3,0.1632,-0.3093,-0.002056,6.937,0.1298,0.7371,-0.000732,6.986,0.0686,0.4146,0.001901,6.995,4.0256,1.7231,1.7353,1.7377,0.3727,1.0,0.50454,0.57774,1.30113,0.1852,0.9478,1.0243,1.0807,0.5004,1.6753,2.6805,2.2114,22.1137,25.2409,15.0665,57,0.2217,-0.269,58,0.1388,0.0606,2.0
84,1228,214892,0.0,0.00023676298819002632,4.157733546066607e-05,0.00023676298819002632,1.0028205428824077,5.136243063478552,3.988785288754119,-75.99436403537155,32.742916196175614,0.13867339847482496,75.99436403537155,2.4631752239656635e-05,12.558811204421918,8.060551861383333,-1.878331077125016,1.7318085488630208,-0.005425017491499831,1.878331077125016,0.2818251615282108,2.7823652561575525,1.4514674604047526,0.0540054854116296,1.5236543481225733,0.7678968117051448,0.0,1.109854389501975,0.7380566025742719,1.0,1.0,1.0,0.00012523592579269935,-0.709499618696297,0,0,0,0.016038102265298754,0.7619096562906459,381,0.5495,0.0155,0.6662756707538635,0,0,0,0.5647,351,0.7378161401024148,-0.008556,-0.008555512782229435,621.5107456722028,289.7944551517408,0.6091701857718524,0.6091702735280558,0.609170287691728,0.7614628419100696,8.170031689048488e-07,383,0.2512,0.2737,-0.01927,0.10158,384,0.2396,0.2998,0.09898,-0.113814,3,0.1409,-0.3595,0.001391,6.966,0.133,0.7062,0.002044,6.992,0.0621,0.4068,0.00459,7.017,4.0369,1.7257,1.7321,1.7383,0.3667,1.0,0.49668,0.58398,1.30238,0.18522,0.9454,1.0266,1.0859,0.5008,1.6748,2.6797,2.2777,22.1553,25.1966,15.0445,57,0.195,-0.9106,59,0.1405,-0.8747,0.0
85,1228,214892,5.445531092048342e-24,0.00023799144895906806,4.021995583453718e-05,0.00023799144895906806,1.000217954383527,5.140999037605491,3.989089591776951,-75.06829644738617,32.73220205516832,0.2184071465817914,75.06829644738617,0.009499453342485253,12.560814771923656,8.0707539050472,-1.9008706123779022,1.7495914387530052,-0.00576225527751279,1.9008706123779022,0.2849386101294898,2.7780190888440837,1.453911124384935,0.05411282322436331,1.5003200721087322,0.7691230728502292,1.4142115624116159e-08,1.1219894969725643,0.7471129823322524,0.003868196788368361,1.413901049064776,0.9723905041767973,0.00041090041247736326,-0.7120108743817416,0,0,0,0.015751666031640424,0.7648080012356284,381,0.5391,0.01879,0.6686700130977493,1,1,0,0.5596,348,0.7382163643147257,-0.020424,-0.020423848101086772,621.5104760197162,289.79432941973056,0.6091701852430096,0.6091702738324026,0.609170287691728,0.7614628422905032,8.212426013842647e-07,383,0.1939,0.2263,0.00261,0.229438,384,0.2391,0.3041,0.12281,-0.049227,3,0.1085,-0.4723,0.001675,7.007,0.1307,0.6999,0.002708,6.995,0.0488,0.299,0.006889,7.046,4.0507,1.7299,1.7269,1.7394,0.3688,1.0,0.49913,0.58245,1.30292,0.18493,0.9496,1.0225,1.0767,0.5,1.6736,2.6777,2.2761,22.1868,25.1407,15.0219,58,0.2241,-0.9873,59,0.186,-0.998,1.0
86,1228,214892,3.7358165204364705e-13,0.0002457197657630459,4.030379216633592e-05,0.0002457197657630459,0.9977025772503265,5.145580539922275,3.989392439578498,-76.54867946399796,32.71442938815091,0.14717180904385305,76.54867946399796,0.0068582384448721,12.557046190378975,8.03134151406797,-1.9164080438050934,1.765176223445524,-0.005981964803242173,1.9164080438050934,0.2891212199029622,2.772230740386076,1.4587322685368216,0.054159661078192006,1.4997680163176528,0.7661962285013019,0.014120765722772998,1.1285606845359497,0.7568368874113017,0.002021655998356686,1.4138554653221855,1.030764502237515,0.0006027452293494725,-0.7144414357055786,0,0,0,0.01617175482457167,0.7677363983948805,381,0.5346,0.02158,0.6727551579822056,3,3,0,0.5549,347,0.7401153319109977,-0.002744,-0.0027438461496911426,621.5108658637905,289.7945111939829,0.6091701819163684,0.6091702733913424,0.6091702876917279,0.761462841739178,8.479103512024967e-07,383,0.1258,0.1654,0.03099,0.920769,384,0.2397,0.2941,0.1398,-0.076514,3,0.0834,-0.8475,-0.009311,7.008,0.1294,0.6673,0.000545,6.99,0.0378,-0.1703,-0.003795,7.103,4.061,1.7256,1.7214,1.7491,0.3818,1.0,0.50743,0.58159,1.30298,0.18588,0.9456,1.0263,1.0853,0.5,1.6723,2.6757,2.2744,22.2659,25.0478,14.9781,58,0.173,-0.7607,59,0.1356,-0.9286,0.0
87,1228,214892,7.422264829929025e-12,0.00025439421718469185,4.143285552663791e-05,0.00025439421718469185,0.9953183321799338,5.149861824122886,3.9896978535555174,-78.23119585816434,32.791700367288605,0.10852092036321093,78.23119585816434,0.02315498505085678,12.563375616536678,8.027123774530997,-1.936136035693034,1.7783744743929182,-0.006300534393963615,1.936136035693034,0.2930068304189453,2.764827597499631,1.4635493311390309,0.07817897792757844,1.486961335420613,0.7658818169022298,0.02815941824289593,1.142615447012847,0.7671445324308412,0.00896326087225452,1.4138595251280257,0.968422342841038,0.0007561034231227607,-0.716761837957817,0,0,0,0.016549924904875873,0.770726058949645,381,0.531,0.02317,0.678552046982194,0,0,0,0.5509,346,0.7420855503971311,-0.014361,-0.014361479544984901,621.5110853696973,289.79461354393436,0.6091701781823677,0.6091702731399667,0.6091702876917249,0.7614628414249583,8.77843152685529e-07,383,0.0944,0.1452,0.02493,0.012143,384,0.2399,0.2948,0.14714,0.041216,3,0.0659,-0.949,-0.014981,6.986,0.1283,0.6296,6.6e-05,6.993,0.03,-0.3526,-0.010308,7.184,4.073,1.7152,1.7168,1.7637,0.403,1.0,0.51501,0.57647,1.30295,0.18692,0.9479,1.024,1.0803,0.5,2.3395,2.4509,2.2727,22.2491,25.0289,10.6984,58,0.0997,0.1101,58,0.0835,0.3945,2.0
88,1228,214892,4.734275747546527e-11,0.0002609168833075359,4.1313920521019126e-05,0.0002609168833075359,0.9930041101380298,5.153757843831851,3.9900004259366795,-75.78985184651789,32.77600186546552,0.10858679338231698,75.78985184651789,0.004585960046020077,12.546371517314688,8.08225049396633,-1.9426882422598628,1.7930516259044103,-0.006743166129770507,1.9426882422598628,0.2966518564715467,2.7579143641716724,1.4681798558874397,0.0693522886504151,1.4879581101584782,0.7693091292124409,0.04229801349414242,1.156748765538776,0.7768287558442346,0.006108132648082187,1.4140562861340262,0.964129492141796,0.0007925359432687456,-0.7190126576702036,0,0,0,0.016867706322020285,0.7737631645963642,381,0.5282,0.02508,0.6851810126310475,0,0,0,0.5489,344,0.7433487368452414,-0.007449,-0.007449043743428252,621.5109740214375,289.7945616251084,0.6091701753744672,0.6091702732677595,0.6091702876917077,0.7614628415846993,9.003512068838269e-07,383,0.0739,0.118,0.02079,-0.00516,384,0.241,0.3231,0.14434,-0.091631,3,0.0486,-0.9702,-0.005838,6.993,0.1281,0.5882,0.002036,6.997,0.0223,-0.3745,-0.001644,7.237,4.0856,1.7116,1.7127,1.7713,0.4065,1.0,0.50892,0.57458,1.30297,0.18848,0.9437,1.0281,1.0894,0.5,2.3378,2.4491,2.271,22.4712,24.8249,10.6189,60,0.181,0.9983,60,0.1835,0.9907,-1.0
89,1228,214892,3.458805694309117e-11,0.000269123668958376,4.292959676516535e-05,0.000269123668958376,0.9907963636215616,5.1574343202813875,3.990299657874938,-76.47137586801826,32.864172490812706,0.1356411321580135,76.47137586801826,0.025599361136254828,12.546891635350914,8.078847069810914,-1.9517200916232529,1.8100968392461898,-0.00697999615637711,1.9517200916232529,0.3002565378295144,2.7501466297269244,1.4726962850828462,0.05423212485581788,1.5319753941638528,0.7765483406645913,0.056403720103654215,1.170866797521068,0.7864700507706521,0.008150148469552532,1.413896251856514,1.029089474435408,0.0008394826344004189,-0.7211983356599707,0,0,0,0.017294548185568873,0.7768189730444868,381,0.5264,0.02517,0.6908359705886011,0,0,0,0.547,343,0.7453758889398131,-0.003361,-0.0033610010863618367,621.5116591393978,289.79488107796965,0.6091701718418252,0.6091702724725387,0.6091702876917131,0.7614628405906734,9.286695056769066e-07,383,0.1058,0.1461,-0.03501,-0.247425,384,0.2441,0.3352,0.13817,0.026263,3,0.0557,-0.9975,-0.010068,6.961,0.1293,0.5914,-0.001227,7.0,0.026,-0.6472,-0.009691,7.274,4.0875,1.703,1.7125,1.7797,0.4205,1.0,0.5129,0.57125,1.30257,0.18781,0.9391,1.0326,1.0996,0.5,2.3361,2.4473,2.2694,22.5505,24.733,10.5873,59,0.3561,0.8943,60,0.3415,0.9836,0.0
90,1228,214892,8.125593011601005e-11,0.0002716025258844324,4.3404059241588855e-05,0.0002716025258844324,0.9886909503357775,5.161078808053732,3.990597073128438,-77.15679558197269,32.56080821364639,0.07067253530822708,77.15679558197269,3.011855701728905e-05,12.559746963062231,8.009887390330775,-1.9695081557584084,1.8221046078621383,-0.007120600675160465,1.9695081557584084,0.30321529352598087,2.7405708065452226,1.4764982305089307,0.05435618182272095,1.5089319800506735,0.7827292636996148,0.0704205813214129,1.184901006148936,0.7967609455633052,0.005067540623614364,1.4140024124789885,1.0562641807003768,0.0009243800764892687,-0.7233123144192488,0,0,0,0.017319464989100745,0.7798490310009446,381,0.5207,0.019,0.6980098334390737,0,0,0,0.5406,338,0.7443501798440859,-0.004694,-0.004694291201285727,621.511852623963,289.7949712948396,0.6091701707749437,0.6091702722440577,0.6091702876916931,0.7614628403050722,9.372230465935238e-07,383,0.0923,0.1033,-0.04705,1.03366,384,0.2405,0.3312,0.13859,-0.09139,3,0.0486,-0.9882,0.006019,7.026,0.1264,0.5971,-0.000677,7.007,0.0226,-0.7131,0.009468,7.271,4.1004,1.7134,1.7087,1.7733,0.4012,1.0,0.52106,0.5717,1.30241,0.18854,0.9398,1.0318,1.0978,0.5,2.3344,2.4456,2.2677,22.6296,24.6411,10.5556,63,0.3585,0.8659,63,0.3463,0.9713,-1.0
91,1228,214892,7.061395126383333e-11,0.00027382384144916894,4.475655417615939e-05,0.00027382384144916894,0.986731564790984,5.164685057244686,3.9908938580062814,-77.85562264910106,32.70174621463681,0.03202687230193369,77.85562264910106,0.0054755921707236865,12.559156714570767,7.877294987595296,-1.9930869233476554,1.8380084709006763,-0.007219165318468198,1.9930869233476554,0.30674662461937724,2.7329674311258096,1.480861560907396,0.0792502001070634,1.500562848512487,0.7780902697072191,0.08444788969690845,1.1985723095418102,0.8073235873439049,0.003258171466829052,1.4139202751903226,1.0677411675961168,0.001052272491989195,-0.7253194336559636,0,0,0,0.017517457411466056,0.7828492285240385,381,0.5126,0.01531,0.7036117894178511,0,0,0,0.5379,337,0.7462757484778757,-0.001129,-0.001128516528331902,621.5119730957255,289.79502746772,0.6091701698187495,0.6091702721009342,0.6091702876916977,0.7614628401261677,9.448879914948504e-07,383,0.1091,0.1556,-0.05592,-1.341669,384,0.2343,0.3247,0.13799,0.156319,3,0.056,-0.3908,-0.013618,6.995,0.1213,0.6023,-0.001248,7.01,0.0258,-0.9702,-0.01139,7.331,4.1072,1.7032,1.7068,1.785,0.4204,1.0,0.52645,0.57311,1.30261,0.18888,0.9438,1.0277,1.0889,0.5,2.3322,2.4432,2.2655,22.7029,24.5432,10.5236,62,0.2362,0.9999,62,0.2561,0.9066,-1.0
92,1228,214892,9.536604467981657e-11,0.0002790414150927332,4.3975158736136694e-05,0.0002790414150927332,0.9848705485798409,5.168170622911625,3.991190296016699,-78.5739424907795,32.53034517137751,0.07454083242708939,78.5739424907795,0.0012562218829081928,12.555899527304325,7.7050078321254505,-2.0165944595578633,1.853307310677074,-0.007411200176820105,2.0165944595578633,0.3101007538913624,2.722590767193762,1.4851367675742166,0.06336368974261708,1.520649590735974,0.7803713803012292,0.09838889560793712,1.2113204027066862,0.8180009990860287,0.0009202678577971968,1.4140458420056574,0.9931996342424768,0.0012197041454415922,-0.7272429779239254,0,0,0,0.017289375684654,0.7858595050283812,381,0.5008,0.01638,0.7064378964838094,1,1,0,0.5278,336,0.7481831951429747,0.004101,0.0041011829570585245,621.5111279765614,289.7946334104179,0.6091701675723172,0.6091702730909154,0.609170287691687,0.7614628413636443,9.628936595852844e-07,383,0.106,0.1585,-0.06422,-0.170385,384,0.2193,0.3174,0.14388,-0.039922,3,0.0532,0.0917,0.003768,6.977,0.1113,0.5935,0.001583,7.015,0.0236,-0.747,-8.3e-05,7.311,4.1007,1.7013,1.7107,1.7829,0.3921,1.0,0.53489,0.57367,1.3025,0.19083,0.9386,1.0328,1.1004,0.5,2.3275,2.4383,2.261,22.7522,24.42,10.4919,62,0.1546,0.5847,62,0.1244,0.9684,0.0
93,1228,214892,2.5438591398407654e-11,0.0002808286268505699,4.300281276171743e-05,0.0002808286268505699,0.9831276015413324,5.1712317634708205,3.9914818020312275,-79.3625171989722,32.86189171394294,0.08002839319949466,79.3625171989722,0.012068505749301295,12.563737000212635,7.646874272274503,-2.0231585154949863,1.8705399167090924,-0.007783009039440224,2.0231585154949863,0.31368817021533973,2.7104598351242695,1.4895201398497075,0.0682885235926054,1.497584101450114,0.7861846301593287,0.11249150671607121,1.2252958221619072,0.8279329954225689,0.003312724276925083,1.4139260612382492,1.0219296941284959,0.0014294449389304251,-0.7290717031860162,0,0,0,0.017260055975685137,0.7888834390381267,381,0.4891,0.01956,0.7081155332618636,1,1,0,0.5189,332,0.7478049865886925,0.006047,0.0060466219895287665,621.5097125272102,289.793973422837,0.6091701668024685,0.6091702746761036,0.609170287691717,0.7614628433451295,9.690630330700983e-07,383,0.0917,0.1522,-0.13492,-0.188267,384,0.2023,0.317,0.15073,-0.097255,3,0.0494,0.6621,0.003263,6.851,0.101,0.6008,0.003461,7.026,0.0208,-0.2014,-0.012713,7.254,4.0676,1.6842,1.7272,1.7833,0.3892,1.0,0.54733,0.57354,1.30233,0.19036,0.9405,1.0309,1.0962,0.5,2.3226,2.4332,2.2563,22.7524,24.3324,10.4764,57,0.2492,-0.3867,60,0.1493,0.021,-1.0
94,1228,214892,1.6997108764831225e-11,0.00028467118337620545,4.525616418740782e-05,0.00028467118337620545,0.9815234538174136,5.1741247004282025,3.9917676449176582,-75.54464646605247,41.88572963390364,0.035677470811431126,75.54464646605247,0.009311803688259346,12.566314056478113,7.513589391722665,-2.0427610539634276,1.8892265740482428,-0.008172167941991923,2.0427610539634276,0.3169064410161482,2.697557989797484,1.4934116200324228,0.0546384630807408,1.49211755665182,0.7756674558815496,0.12660624773213103,1.2394056291147464,0.838152292386914,0.004571502810561401,1.4139909795995502,1.030259428565332,0.0016814041557357314,-0.7308336738907439,0,0,0,0.01723022412861768,0.7918183191015995,381,0.4797,0.0161,0.7136712042031208,2,1,1,0.5057,330,0.748857174243734,-0.011574,-0.011573503825865972,621.5113021876424,289.79471464055854,0.6091701651485413,0.6091702728894566,0.6091702876917208,0.7614628411118207,9.8232013558043e-07,383,0.1175,0.1486,-0.15892,-0.167762,384,0.2006,0.3137,0.14474,0.021877,3,0.066,0.8704,0.009877,6.765,0.0983,0.6133,-0.001067,7.029,0.0282,0.145,-0.006625,7.148,4.0312,1.6781,1.7436,1.7731,0.3897,1.0,0.5587,0.55319,1.30234,0.1916,0.9395,1.0318,1.0982,0.5,2.3179,2.4282,2.2516,22.8948,24.1352,10.4125,57,0.2185,-0.8954,58,0.143,-0.7512,-3.0
95,1228,214892,2.1467304388038874e-12,0.0002906892320016022,4.835653313532656e-05,0.0002906892320016022,0.9800540383414592,5.1770236975279635,3.992048824686809,-71.6215949021527,53.98831349739736,0.08299155263140703,71.6215949021527,0.017607688748663374,12.566239037001813,7.43087712120595,-2.0472657535277468,1.9020513541432515,-0.008155471917082604,2.0472657535277468,0.320264211967797,2.687722253775241,1.497499864771694,0.06525276682251546,1.495522638683687,0.786333188297613,0.14074234914383904,1.2535454831185662,0.848454886601165,0.006591728262630436,1.4140387885223582,0.9665656587517859,0.0019672793909843987,-0.732495848204614,0,0,0,0.01781531436290936,0.794703020956165,381,0.4772,0.01497,0.718133775522369,1,1,0,0.4989,328,0.7498401776477256,0.011299,0.011299136068540161,621.5125034891354,289.795274776508,0.6091701625584316,0.6091702714631178,0.6091702876917271,0.7614628393288971,1.003084788824744e-06,383,0.1284,0.1397,-0.17286,-0.037976,384,0.2098,0.3167,0.13881,-0.051299,3,0.0731,0.9232,0.003717,6.757,0.1014,0.5906,-0.000788,7.023,0.0325,0.2352,0.001032,7.114,4.0221,1.68,1.7461,1.7688,0.3856,1.0,0.56312,0.54618,1.30242,0.19169,0.9416,1.0295,1.0933,0.5,2.3136,2.4238,2.2475,23.0416,23.944,10.3492,57,0.1476,-0.7324,58,0.1182,-0.7813,-1.0
96,1228,214892,3.383436267711739e-12,0.0002974447962581005,4.984360874659696e-05,0.0002974447962581005,0.9787522747248614,5.179856901447085,3.992321695460561,-73.06573026897061,56.735304399586745,0.08752564733788795,73.06573026897061,0.002594273814072068,12.564504354803313,7.430605185432268,-2.064620728753908,1.9179940687164616,-0.00809384001046202,2.064620728753908,0.32389771012439783,2.704354173765686,1.5018962607201474,0.07691309479475794,1.5206941663977496,0.7862482389192311,0.15485873794068733,1.2676705545012577,0.8581205432186644,0.023604642270537046,1.413823273492151,0.9702692761229639,0.0022763568257007883,-0.7340997341665902,0,0,0,0.018021693794818626,0.7975994695758286,381,0.4763,0.02081,0.7236269868766907,0,0,0,0.4946,327,0.7515907827108683,-0.017631,-0.017630658555902068,621.5134108405422,289.79569785110226,0.6091701596506677,0.6091702703422789,0.6091702876917267,0.7614628379278485,1.0263947962779225e-06,383,0.1132,0.1365,-0.16005,-0.093304,384,0.2239,0.3229,0.15197,-0.077527,3,0.0691,0.9933,0.002293,6.736,0.1072,0.4925,0.00059,7.021,0.0327,0.3886,-0.000989,7.093,4.0138,1.6783,1.7493,1.7673,0.3821,1.0,0.56171,0.5398,1.30203,0.19358,0.9417,1.0294,1.0931,0.5,2.3107,2.4207,2.2446,23.1067,23.8402,10.3173,57,0.2477,0.573,58,0.1814,0.3699,-3.0
97,1228,214892,9.65591434600736e-13,0.0003023950018554758,5.2185993695481276e-05,0.0003023950018554758,0.9776175675672998,5.1825504705509395,3.992585555301769,-74.49658150623642,53.33520682469886,0.11303711909119905,74.49658150623642,0.005182702786936222,12.563670194702082,7.4967262943284565,-2.083382324157617,1.9276796479163374,-0.008178606520621383,2.083382324157617,0.32584709656003086,2.7301228320756623,1.5053841515064368,0.0930231238259005,1.4907301202088719,0.7718206012942914,0.16884175270076665,1.281707135481653,0.8678232359824045,0.003928138822869243,1.4139850224236703,0.9464382367286178,0.002651013405164892,-0.7356316165333381,0,0,0,0.0180504722037998,0.800430494806089,381,0.4781,0.02058,0.7299016520083195,1,1,0,0.497,326,0.7532769387643026,-0.022003,-0.022002514615306,621.5148971877271,289.7963908965172,0.609170157520444,0.6091702684255114,0.6091702876917277,0.7614628355318892,1.0434740091827348e-06,383,0.1127,0.1391,-0.13126,0.000223,384,0.2381,0.3266,0.1517,-0.043321,3,0.067,0.9896,-0.00031,6.736,0.1143,0.4231,-0.00094,7.011,0.0335,0.5489,0.000548,7.084,4.01,1.6799,1.7484,1.7666,0.3815,1.0,0.56062,0.53739,1.30202,0.19388,0.9447,1.0262,1.0863,0.5,2.3079,2.4178,2.242,23.1735,23.7387,10.2858,57,0.3415,0.9578,58,0.2332,0.8532,2.0
98,1228,214892,1.271877539421587e-11,0.00031424156089547236,5.554183123858922e-05,0.00031424156089547236,0.9766356716094199,5.184919850547198,3.9928403645613075,-70.71623400415922,52.778421393561224,0.08335398353667027,70.71623400415922,0.015817678458004636,12.553185285080815,7.537028941062653,-2.0939242702502767,1.941559481156833,-0.008425883529528933,2.0939242702502767,0.32770369119950266,2.7578001452057945,1.5092672634538515,0.0693423598894819,1.4964933295369218,0.7808613186446368,0.18279043597431,1.2957736247392002,0.877287618349985,0.0010440509096526496,1.4139022570350024,0.9205558510266999,0.0030842696471185603,-0.7370658100719429,0,0,0,0.01815184701684302,0.8032292899742669,381,0.4752,0.01598,0.7365755009857817,0,0,0,0.4899,324,0.7541792295231037,0.012371,0.012371058388382705,621.5163858792013,289.7970850350139,0.609170152421335,0.6091702664050433,0.6091702876917227,0.7614628330063041,1.0843503165585847e-06,383,0.1362,0.1689,-0.09524,0.023477,384,0.2489,0.3261,0.16178,-0.035466,3,0.0724,0.9309,-0.00213,6.744,0.1185,0.3519,-0.001942,7.0,0.038,0.6695,0.000262,7.083,4.0088,1.6822,1.7461,1.7668,0.3823,1.0,0.56248,0.53577,1.30182,0.19511,0.9423,1.0286,1.0915,0.5,2.3045,2.4143,2.2387,23.1863,23.6671,10.27,56,0.3557,0.9069,58,0.2471,0.9907,-1.0
99,1228,214892,9.376071420797282e-11,0.00033503341884632914,6.143608632001145e-05,0.00033503341884632914,0.9758006861289877,5.187082111334893,3.993085385043581,-71.55872239425014,51.97299159685035,0.10968858282657935,71.55872239425014,0.0001320133212914243,12.556150651232416,7.471313422821064,-2.109261751275746,1.948637017897743,-0.008699429532165636,2.109261751275746,0.3301559347468673,2.785207832169604,1.5134512725198908,0.05851824975405551,1.4998405751075734,0.7881004069554628,0.19665440489783695,1.309694341624107,0.8864931768231045,0.00034335013768449496,1.4139701455682676,0.9931863858946857,0.0035712106303085055,-0.7384323167887851,0,0,0,0.019034440236581473,0.8059517081156807,381,0.4771,0.01589,0.7379341944241398,0,0,0,0.4904,321,0.7542220616474443,0.004308,0.004307652272733664,621.51793398722,289.7978068779151,0.6091701434718327,0.6091702641971561,0.6091702876916877,0.7614628302464451,1.156093700141322e-06,383,0.1774,0.2092,-0.08284,0.057343,384,0.2575,0.3194,0.17087,-0.023331,3,0.0888,0.8899,-0.001978,6.772,0.123,0.2318,-0.000739,6.999,0.0479,0.6499,0.002306,7.103,4.018,1.6855,1.7418,1.7679,0.3801,1.0,0.56052,0.53225,1.30151,0.19577,0.9432,1.0276,1.0896,0.5,2.3009,2.4104,2.2351,23.2434,23.5564,10.2379,56,0.3429,0.3644,58,0.2277,0.7054,3.0
100,1228,214892,1.0565817382929017e-10,0.0003367279543538625,6.425539486767663e-05,0.0003367279543538625,0.9751233457407769,5.189234549807431,3.993324658566025,-72.34106238872631,51.64471892044343,0.10904259855802746,72.34106238872631,0.004916966613072726,12.546861164406,7.468048899984361,-2.136094218227729,1.9629766782941562,-0.008867987494515684,2.136094218227729,0.33233366474583736,2.8111914319219737,1.5172989012579554,0.08905027839279178,1.5541025728029878,0.7998185579502173,0.20973903252094517,1.323209609299961,0.8964250406503906,0.003956631912654385,1.4139623567093502,0.9831234320526846,0.004102021740429242,-0.739732684677446,0,0,0,0.019934003020983353,0.8086088265229396,381,0.4788,0.02373,0.7333164263971358,0,0,0,0.4889,320,0.7557422593341544,0.003006,0.0030058303107853845,621.5182682060204,289.7979627155347,0.6091701427426205,0.6091702637062397,0.6091702876916826,0.7614628296327997,1.161940378043286e-06,383,0.1897,0.2222,-0.05866,0.045656,384,0.2546,0.3191,0.18148,0.072388,3,0.0938,0.8914,-0.001805,6.798,0.122,0.0954,-0.000352,6.995,0.0499,0.5363,0.002594,7.123,4.026,1.6886,1.7374,1.7692,0.3781,1.0,0.5581,0.54025,1.30158,0.19591,0.9367,1.034,1.1039,0.5,2.2982,2.4076,2.2325,23.31,23.4559,10.2062,56,0.3465,-0.2835,57,0.2235,-0.0094,2.0
101,1228,214892,2.0316300450276756e-10,0.00035177306009060485,6.44637164358542e-05,0.00035177306009060485,0.9745373839218989,5.191437153020379,3.993558681810737,-73.16016935317623,51.50458935604381,0.09007838675297815,73.16016935317623,0.006488202303104984,12.563137078192343,7.545932205254004,-2.160790414529766,1.9801458512626071,-0.00903565633902901,2.160790414529766,0.3343187426819519,2.836655712585731,1.5212780053385222,0.055199614732351354,1.4990916315790435,0.7840139444922634,0.22384737423747048,1.3372734683011258,0.906256275021258,0.002150590900847016,1.4138575203938324,0.9902288017389721,0.004662410279834253,-0.7409969575542655,0,0,0,0.021125923755265143,0.811321942746435,381,0.479,0.02631,0.7369561811019902,1,1,0,0.4877,318,0.7565094596565272,0.032983,0.03298250708555295,621.5177322145846,289.7977127965314,0.6091701362659045,0.6091702644911073,0.6091702876916406,0.7614628306138841,1.2138572685616283e-06,383,0.1934,0.2436,-0.07181,0.023452,384,0.2447,0.3236,0.18926,-0.015257,3,0.0955,0.9085,-0.000897,6.825,0.1173,-0.0438,0.001837,6.992,0.0488,0.3778,0.004125,7.151,4.0359,1.691,1.7324,1.7717,0.3754,1.0,0.55539,0.54348,1.3016,0.19802,0.9387,1.0319,1.0993,0.5,2.2955,2.4048,2.2955,23.2828,23.3921,10.1904,55,0.3021,-0.8033,58,0.1956,-0.46,1.0
102,1228,214892,1.6210254116388304e-10,0.00036364897650348766,6.459963359132084e-05,0.00036364897650348766,0.9740826751955578,5.193673675785555,3.993786842788227,-74.29743607005348,51.42406232675695,0.03217542895376849,74.29743607005348,0.00517854602855472,12.555953791928083,7.502815707397082,-2.187156491287592,1.997537660634527,-0.009313276722367722,2.187156491287592,0.3363573829936639,2.8473090390217246,1.5251101490193983,0.06418928429446302,1.4712181042526242,0.7920312378651989,0.23796444824511923,1.3514039603288086,0.9161585630195125,0.0011448088736697448,1.4136790724916823,0.9441357256511912,0.00527784356971861,-0.7421394463488192,0,0,0,0.022266645620639493,0.8140198186367705,381,0.48,0.02537,0.7405279282281075,2,3,-1,0.4874,318,0.758831404757086,-0.007157,-0.007156768830378857,621.5170711298342,289.797404549737,0.6091701311534082,0.6091702654411777,0.6091702876916583,0.7614628318014721,1.2548386244814548e-06,383,0.1986,0.2444,-0.09043,-0.004582,384,0.2344,0.3372,0.19503,-0.049186,3,0.0973,0.9294,-0.000225,6.855,0.1126,-0.1676,0.001658,6.999,0.0475,0.208,0.003521,7.181,4.0488,1.693,1.7287,1.7735,0.3733,1.0,0.55009,0.54069,1.30161,0.1983,0.9415,1.0291,1.093,0.5,2.2928,2.4019,2.2928,23.4423,23.2187,10.1268,56,0.1834,-0.9992,60,0.0856,-0.44,-4.0
103,1228,214892,8.058784811554907e-11,0.00036939908204074325,6.32259933702897e-05,0.00036939908204074325,0.9737696978540306,5.1959750151985915,3.994006046780054,-74.90069728817136,51.373761031718495,0.011811297150756956,74.90069728817136,0.012437113230914676,12.551360947899514,7.425314240955326,-2.2139159993215163,2.006593923605131,-0.009498570410479192,2.2139159993215163,0.3380459451587418,2.869738561875953,1.5281033778303685,0.06438164918212175,1.5036847344490956,0.7922322054620698,0.2510421197697698,1.3654980026864607,0.9255999203297268,0.01184743569480029,1.4139343513292872,0.9644131195302282,0.0059580660935077065,-0.7432148317431502,0,0,0,0.022153190005766564,0.8166234185688958,381,0.4789,0.02515,0.7437826367361103,3,3,0,0.4899,316,0.7595542932690187,-0.008339,-0.008339461784864888,621.5162940546625,289.79704221959616,0.609170128677699,0.6091702665325636,0.6091702876916933,0.7614628331657044,1.2746820299181244e-06,383,0.2071,0.2602,-0.1036,-0.025481,384,0.2208,0.342,0.20227,0.006154,3,0.1001,0.9318,0.001169,6.876,0.1059,-0.2738,0.001778,7.002,0.0462,0.0938,0.003789,7.196,4.0565,1.6952,1.726,1.774,0.3717,1.0,0.54635,0.54983,1.3017,0.19871,0.9361,1.0344,1.1051,0.5,2.29,2.3991,2.4209,23.4611,23.082,10.0795,56,0.1466,-0.2063,59,0.0781,0.6119,-4.0
104,1229,214893,0.0,0.0003741418714912949,6.0738170193051276e-05,0.0003741418714912949,0.9737554214403463,5.194968778260022,3.9942824716466787,-76.00898620250578,51.43959364131447,-0.02096832673603415,76.00898620250578,0.008152168229379697,12.56613887788706,7.430129452670281,-2.238972542690154,2.019916497171886,-0.010516570165794473,2.238972542690154,0.3398164508626388,2.8863941634012424,1.531872376044167,0.09299516488185344,1.4828527151284532,0.7952597674245144,0.0,1.3796215119915256,0.9344830718545103,1.0,1.0,1.0,0.006712816636718661,-0.7442190072052693,0,0,0,0.022298595366638474,0.8191592109367956,381,0.4785,0.02611,0.7537995917316529,0,0,0,0.4913,315,0.7609297008211995,0.035597,0.03559689592270798,621.5147940006508,289.79634278304087,0.6091701266354622,0.6091702685618023,0.609170287691728,0.7614628357022529,1.2910510460492604e-06,383,0.1907,0.2465,-0.102,0.02443,385,0.2073,0.3434,0.21423,-0.029026,3,0.0916,0.8784,0.000284,6.9,0.0995,-0.3132,-0.000533,7.014,0.0398,0.1788,0.001148,7.21,4.0661,1.6969,1.7251,1.7733,0.3702,1.0,0.54326,0.56052,1.30164,0.19986,0.9348,1.0356,1.1078,0.5004,2.2903,2.3994,2.4212,23.4174,23.1578,10.1113,57,0.2324,0.7447,60,0.2101,0.8869,-1.0
105,1229,214893,1.4407333848860064e-23,0.0003781166478285139,5.8395844113951025e-05,0.0003781166478285139,0.97374932446485,5.197030815928963,3.9944852360729617,-77.28754592241201,51.41095720148062,-0.06281915239555884,77.28754592241201,0.011152771242905146,12.544607615295227,7.413741501663128,-2.265092596252789,2.0335027210227348,-0.011144189939539188,2.265092596252789,0.34105457988649607,2.9097575285621495,1.5339476211243441,0.0655861906668842,1.5116691485622595,0.8007641400737618,1.4142115624116159e-08,1.3936459271117354,0.9432420043957731,0.013709345583164612,1.4137706833751935,0.9765817627250163,0.007511544361847663,-0.7451585083591792,0,0,0,0.022132854053816334,0.8216393746817018,381,0.4748,0.02079,0.7701975287820425,0,0,0,0.4963,310,0.7591752865513962,0.006977,0.006976535097461545,621.5133462722456,289.7956677445684,0.6091701249239013,0.6091702704233187,0.609170287691728,0.7614628380291484,1.3047698427355143e-06,383,0.1676,0.2284,-0.09997,0.041611,385,0.2042,0.3445,0.21212,-0.009661,3,0.0796,0.7011,-0.00107,6.933,0.0973,-0.2833,-0.000313,7.018,0.0343,0.4853,0.002843,7.233,4.0776,1.7002,1.7211,1.7739,0.3714,1.0,0.54464,0.56118,1.30185,0.20141,0.9378,1.0325,1.1009,0.5004,2.6156,2.2886,2.4194,23.4,23.1405,8.8471,59,0.3459,0.9812,62,0.3068,0.9874,3.0
106,1229,214893,3.2019262084336355e-12,0.0003747079569312829,6.034333463670277e-05,0.0003747079569312829,0.9739026653310747,5.199058934743361,3.994682715916479,-78.43212044849918,51.50549250725021,-0.10005882867106376,78.43212044849918,0.034819438491615645,12.537003648455807,7.415354533968565,-2.29298080072844,2.045415695017966,-0.011292460045021754,2.29298080072844,0.34300155784537406,2.9283703215400987,1.5367752946384736,0.059470986205419685,1.5207476223823284,0.7872356622971196,0.014135483658217336,1.4075476945646308,0.9530078220183509,0.0035065989422951027,1.4131194218194512,0.9276828403164326,0.008366781337226866,-0.7460252182030369,0,0,0,0.022390753183002265,0.8239967960641114,381,0.4704,0.01743,0.7757937539395083,0,0,0,0.4976,309,0.7603362054870675,-0.038705,-0.0387045115848641,621.5144659435883,289.796189818481,0.6091701263919217,0.6091702689919969,0.6091702876917267,0.7614628362399961,1.2930051191010754e-06,383,0.1611,0.2217,-0.12135,0.058922,385,0.211,0.3412,0.21465,-0.06467,3,0.0759,0.4786,-0.003375,6.947,0.0995,-0.2632,-0.002919,7.026,0.034,0.721,-0.002341,7.248,4.0846,1.7009,1.7201,1.7744,0.3746,1.0,0.54684,0.55269,1.30177,0.20101,0.9393,1.0309,1.0975,0.5004,2.6136,2.2869,2.4175,23.522,23.0138,8.8054,59,0.3301,0.9398,62,0.2792,0.9767,-2.0
107,1229,214893,1.6469465796031857e-11,0.000370247051306025,6.362083661949115e-05,0.000370247051306025,0.9742186372999502,5.200945583268577,3.9948733165151276,-68.815816658915,51.43160079828442,-0.08405173609517926,68.815816658915,0.00015287049556889087,12.53743056477111,7.3659538394297,-2.319643870458281,2.0462218635429674,-0.011982820306206258,2.319643870458281,0.34337280465800807,2.9465245720331397,1.5394388744725949,0.07477650642671685,1.5178544730867412,0.8054327404648378,0.028153425816852807,1.4216017367008111,0.9622846504578003,0.007513444516759504,1.4140734711241132,0.9508823553393034,0.009278531479071988,-0.7467640819668268,0,0,0,0.0216617891828621,0.82633350206406,381,0.4613,0.01586,0.7712585751808145,0,0,0,0.4944,307,0.7607277032800529,0.009021,0.009020559330487732,621.5166677482406,289.797216463288,0.60917012831338,0.6091702660112095,0.6091702876917209,0.7614628325140118,1.2776073415216136e-06,383,0.1607,0.2455,-0.12486,0.131732,385,0.2307,0.3416,0.20902,-0.091039,3,0.0745,0.4488,-0.005218,6.955,0.1065,-0.2648,-0.001662,7.022,0.0372,0.7429,-0.001994,7.271,4.0898,1.7006,1.7169,1.7777,0.374,1.0,0.54521,0.55542,1.30154,0.2021,0.9377,1.0324,1.101,0.5004,2.6115,2.2851,2.481,23.4571,22.996,8.8057,58,0.2387,0.6681,62,0.1816,0.9487,-4.0
108,1229,214893,5.1855143808092796e-11,0.0003706419722325161,6.930330643905256e-05,0.0003706419722325161,0.9746721808900818,5.202736387837746,3.9950591829924416,-70.35415571216461,51.36487966256656,-0.09398212280046593,70.35415571216461,0.00671159832398871,12.566131780815674,7.347344251712651,-2.3399808802705238,2.0729820506286907,-0.012681268667350667,2.3399808802705238,0.3456155687496966,2.969595353321923,1.5427515830193683,0.05523263389553725,1.5155476549729174,0.7823287076204517,0.04229416052812106,1.4356425926927996,0.9717934740168365,0.0001335455620454784,1.4141325239856446,0.9483089707249687,0.010245711394057297,-0.7474850028729151,0,0,0,0.02139553235243459,0.82857630204695,381,0.4532,0.0129,0.7714492011545113,0,0,0,0.4841,306,0.761803260525252,0.027498,0.027497936084346808,621.5195814863476,289.7985750643308,0.6091701281444777,0.6091702617280031,0.6091702876917058,0.7614628271600039,1.2789640948035695e-06,383,0.1756,0.2839,-0.11324,0.115694,385,0.2443,0.3339,0.21133,0.001449,3,0.0802,0.5244,-0.00219,6.959,0.1109,-0.3242,-0.001968,6.999,0.0432,0.6355,0.000974,7.262,4.0847,1.7037,1.7136,1.7779,0.3732,1.0,0.54682,0.55953,1.30131,0.20315,0.9369,1.0332,1.1028,0.5004,2.6084,2.2823,2.5432,23.4754,22.8958,8.7777,58,0.1584,-0.4023,61,0.0333,0.1103,-1.0
109,1229,214893,1.4931110991801134e-10,0.0004006911819071917,7.57447692420325e-05,0.0004006911819071917,0.9753054652576079,5.204329731086695,3.995240651445787,-71.598465943867,51.28725970372612,-0.10474063059493983,71.598465943867,0.03101137636587793,12.559391554971175,7.347825151914099,-2.3482582683772355,2.082033767201775,-0.012929425084888691,2.3482582683772355,0.3472196504545576,3.005755878520431,1.5460317348301342,0.055342141617094796,1.4967173910425469,0.7777128524450921,0.05638266970658347,1.4496668097406191,0.9812765638555772,0.0028713977153146386,1.4141069389677445,0.909974554967182,0.011273563120781678,-0.7481185472907721,0,0,0,0.02176659091964074,0.8308391139025866,381,0.4478,0.01062,0.7779021464701108,0,0,0,0.4779,305,0.7628937672771599,-0.027403,-0.027403134154568187,621.5214989632155,289.7994691344142,0.6091701152103417,0.609170258698938,0.6091702876916638,0.7614628233736725,1.3826498133484982e-06,383,0.2088,0.3139,-0.10564,0.018434,385,0.2481,0.3505,0.21553,-0.046589,3,0.0937,0.5508,0.002752,6.935,0.1113,-0.3906,0.000472,6.992,0.0519,0.5532,-0.000438,7.233,4.0729,1.7027,1.7168,1.7758,0.3708,1.0,0.54822,0.56104,1.3012,0.20474,0.9403,1.0297,1.095,0.5004,2.6054,2.2797,2.5402,23.5413,22.7969,8.7499,57,0.1575,-0.9874,61,0.0684,-0.9843,2.0
110,1229,214893,1.8840416504181332e-10,0.00042604703044682744,7.789788971412395e-05,0.00042604703044682744,0.9761247306020573,5.207946818734843,3.9954155453376683,-73.00851920049949,51.241152274955624,-0.09900486918467089,73.00851920049949,0.009700814309908878,12.564284912960863,7.341081801301815,-2.351223593072989,2.095967847795169,-0.013180533865834797,2.351223593072989,0.34949612658139545,3.041239071667862,1.5488702842218545,0.08256823074841213,1.5114726775811844,0.7900058514209265,0.07044953276173123,1.4636577264105939,0.9903763094392575,0.005145567581535393,1.4140329778603251,0.905459779823081,0.01235901454857174,-0.7486762347952383,0,0,0,0.022435979954247322,0.8330178469801511,381,0.4497,0.00872,0.780916954307376,2,2,0,0.4769,303,0.7630999469919962,-0.003246,-0.0032457478398517647,621.521538897293,289.7994877546461,0.6091701042954861,0.6091702586340464,0.609170287691647,0.761462823292558,1.4701441805429726e-06,383,0.2227,0.3259,-0.10449,-0.072457,385,0.2438,0.3476,0.20729,-0.018474,3,0.1002,0.5813,0.003216,6.915,0.11,-0.4604,-0.000517,6.992,0.0545,0.4547,-0.001002,7.2,4.0627,1.7021,1.7211,1.7722,0.3734,1.0,0.55622,0.5471,1.30075,0.20456,0.9376,1.0323,1.1009,0.5004,2.6027,2.2774,2.6027,23.471,22.7738,8.7501,57,0.1519,-0.9472,61,0.0695,-1.0,-1.0
111,1229,214893,3.4900389827679205e-10,0.00042283647295566986,7.746210335839785e-05,0.00042283647295566986,0.9771090570845635,5.212513791863469,3.995584666475851,-74.44734430798151,51.094930033298695,-0.06912905726168961,74.44734430798151,0.013734415085142615,12.563391153192102,7.2928600736551354,-2.3725477788674203,2.1335520036212543,-0.01377369528278348,2.3725477788674203,0.35061010815099786,3.075966714793574,1.5520258956871495,0.06492049617476003,1.4833831021426822,0.7908363025193998,0.08346260297328105,1.4777980561891202,0.9994309072392825,0.006193261227995461,1.413939978910304,0.9215191922939507,0.013501549243548034,-0.7491675021380622,0,0,0,0.022439701376283365,0.8353546433750283,381,0.4509,0.00527,0.7814088183649318,2,2,0,0.477,301,0.7635711055055207,0.011061,0.01106070316427532,621.5215414381724,289.79948893939275,0.6091701056774966,0.6091702586299156,0.6091702876915778,0.7614628232873945,1.45906562673097e-06,383,0.2197,0.2991,-0.0943,-0.047119,385,0.2424,0.349,0.19987,-0.152734,3,0.0994,0.594,0.002761,6.912,0.1098,-0.5318,-0.000631,6.997,0.0536,0.3654,0.0,7.181,4.0593,1.7027,1.7238,1.769,0.3726,1.0,0.55981,0.5447,1.30034,0.2067,0.9433,1.0266,1.0883,0.5004,2.6008,2.2757,2.6008,23.5005,22.7213,8.7363,57,0.1202,0.49,61,0.0749,0.9682,0.0
112,1230,214894,0.0,0.0003926863322311936,7.364279710625205e-05,0.0003926863322311936,0.9793662872656684,5.219554360318364,3.996009674884692,-71.14552315943466,50.97788760646866,-0.04497973080016241,71.14552315943466,0.006321446983769574,12.564678915306843,7.293998079548557,-2.4152136897632017,2.149229297443039,-0.01397557577333386,2.4152136897632017,0.35203274664089285,3.109627396526367,1.5542748716652592,0.05548985532912068,1.5165040953607378,0.7987261822479985,0.0,1.4915749404309802,1.0078260617694434,1.0,1.0,1.0,0.014699590956169727,-0.7495842938309737,0,0,0,0.022104180274564397,0.8373990823697144,381,0.4536,7e-05,0.7968600282065935,3,3,0,0.4822,301,0.7652440427440494,0.052226,0.05222588759832436,621.5206683301924,289.7990818316265,0.6091701186556326,0.6091702600315726,0.609170287691728,0.7614628250394657,1.3550295941218499e-06,383,0.1862,0.2784,-0.10152,0.07857,386,0.249,0.3444,0.20791,0.013394,3,0.0847,0.509,-0.002902,6.946,0.1133,-0.5751,-0.002199,6.989,0.0466,0.4115,0.002618,7.198,4.0676,1.7077,1.7182,1.7697,0.3689,1.0,0.55846,0.54882,1.30046,0.20697,0.933,1.0367,1.1111,0.5008,2.601,2.2758,2.601,23.4552,22.7946,8.7638,58,0.2863,0.8661,62,0.1834,0.9363,5.0
113,1232,214897,0.0,0.000541370704318494,7.483004823572297e-05,0.000541370704318494,0.9750828788110587,5.217201338211411,3.9963483980518624,-71.95880601866367,50.818272117514844,-0.0449878220083123,71.95880601866367,0.010782425719888522,12.559319827962474,7.322614388880485,-2.4676280756013096,2.1473632623221075,-0.01320043934538548,2.4676280756013096,0.35363338752946855,3.1179219208037283,1.5556017568894684,0.0818467673714579,1.545367870406967,0.7974636430991677,0.0,1.5056017955134295,1.0151087574981519,1.0,1.0,1.0,1.5777926119013023e-05,-0.7499665530544938,0,0,0,0.02244791929786606,0.8393720758543725,381,0.4486,0.00067,0.8145433682345056,2,2,0,0.4877,295,0.7620480184000746,-0.065813,-0.06581252475078947,621.5218282817185,289.7996226871513,0.6091700546537065,0.6091702581619216,0.609170287691728,0.761462822702402,1.868086298038153e-06,385,0.1612,0.2757,-0.13564,-0.048505,386,0.2618,0.3469,0.20424,0.114531,3,0.0726,0.2438,-0.002916,6.958,0.1178,-0.6056,-0.000147,6.971,0.0425,0.6241,0.002011,7.211,4.0689,1.71,1.7131,1.7723,0.3692,1.0,0.56153,0.55007,1.30168,0.20753,0.9372,1.0327,1.1019,0.5,2.5988,2.274,2.5988,23.5285,22.7756,8.7639,58,0.329,0.977,62,0.23,0.9832,2.0
114,1232,214897,5.916342463647675e-24,0.0005561535909881393,7.907832554993285e-05,0.0005561535909881393,0.9764920210252319,5.221262986664809,3.9965026096205034,-73.29111660383757,50.62958579897012,-0.0675817145224715,73.29111660383757,0.013121650141771106,12.56308211112307,7.300015449565463,-2.5275006569568115,2.1657237217017045,-0.013319404213739101,2.5275006569568115,0.35507100102585193,3.1432687090801505,1.5583807274497354,0.07316960019705332,1.501265723053238,0.788422934101767,1.4142115624116159e-08,1.519444467828524,1.0241643043586874,0.0011005181845390455,1.4139681527890062,0.9047842788384394,7.73108222143319e-05,-0.7502934933236491,0,0,0,0.022672803508687268,0.8413235535875339,381,0.442,0.00708,0.8184881916176487,0,0,0,0.4851,295,0.7634953507768795,-0.005697,-0.005696980406973973,621.5229621204336,289.80015136694476,0.6091700482908852,0.6091702562752247,0.609170287691728,0.7614628203440308,1.919093514495574e-06,385,0.1708,0.2025,-0.18418,-0.17229,386,0.2659,0.3571,0.20596,0.017746,3,0.0763,-0.2064,0.003092,6.893,0.118,-0.6385,-0.000606,6.977,0.046,0.8848,-0.007243,7.159,4.0475,1.703,1.7237,1.7688,0.3717,1.0,0.56136,0.5391,1.30198,0.20892,0.9343,1.0355,1.1083,0.5,2.5971,2.2725,2.7269,23.4666,22.7246,8.75,55,0.222,0.8816,61,0.1693,0.9477,4.0
115,1232,214897,5.380623830372554e-12,0.000570128051367736,8.333456652089378e-05,0.000570128051367736,0.9780691943645403,5.225379575832621,3.9966535935883507,-73.81732892778787,50.511325244385645,-0.10865126170128746,73.81732892778787,0.0002669721643169254,12.56287753783289,7.277456114377185,-2.5670940485493885,2.1956977114626612,-0.013650366036855325,2.5670940485493885,0.35553635847290893,3.1755926760135873,1.561602157304595,0.07682816202557075,1.5330496010685501,0.7995275202523268,0.014139216505693173,1.5335295393726986,1.0332121469980005,0.0012998699166255623,1.41394136923766,0.8949791054185412,0.00017953422336853175,-0.7504867273333378,0,0,0,0.022524933920205523,0.8434363299577468,381,0.4321,0.01348,0.8112513381690605,0,1,-1,0.4837,294,0.7644248471836262,-0.016872,-0.016872390233132917,621.5237186227097,289.80050410447416,0.6091700422760656,0.6091702549839807,0.6091702876917258,0.7614628187299758,1.967312145054802e-06,385,0.189,0.2032,-0.17598,-0.03683,386,0.2674,0.3486,0.20723,-0.007666,3,0.0822,-0.4445,0.001348,6.858,0.1161,-0.6642,0.000352,6.974,0.051,0.9649,-0.003085,7.134,4.0354,1.6994,1.7282,1.7679,0.3726,1.0,0.56409,0.53619,1.30123,0.20871,0.9422,1.0275,1.0905,0.5,2.595,2.2706,2.7247,23.4938,22.67,8.736,54,0.1248,-0.2913,58,0.0674,-0.0152,0.0
116,1233,214898,0.0,0.0005995849722945981,9.025024870593658e-05,0.0005995849722945981,0.9810572826819032,5.23206722122761,3.9975091282297988,-74.71198532479224,50.44730762493576,-0.07148297309706644,74.71198532479224,0.015224683995184634,12.53061386160289,7.206164561400745,-2.620713064124996,2.1999083499661656,-0.01463805288618737,2.620713064124996,0.35788672602201455,3.2069628727831683,1.5641858953451135,0.06458046741856815,1.5228754913743354,0.8042270944307972,0.0,1.5474082190736855,1.0413167134699668,1.0,1.0,1.0,0.00032104591322981236,-0.7506424503705365,0,0,0,0.022951696115539634,0.845414625151878,381,0.4269,0.01513,0.8140728777931243,0,0,0,0.4797,294,0.7659273715919277,0.054369,0.054368998555239134,621.5258419916833,289.80149417674414,0.6091700295973568,0.6091702512207723,0.609170287691728,0.7614628140259653,2.0689505897748177e-06,385,0.2027,0.2272,-0.15328,0.02988,387,0.2716,0.3252,0.22067,0.022062,3,0.0867,-0.5337,0.001039,6.843,0.1166,-0.6789,-0.00084,6.963,0.0554,0.9833,-0.000375,7.11,4.0256,1.6999,1.7296,1.7661,0.3725,1.0,0.56644,0.54531,1.30095,0.21101,0.9372,1.0325,1.1017,0.4996,2.5952,2.2708,2.725,23.5888,22.6362,8.7223,53,0.207,-0.9189,57,0.1602,-0.7542,-1.0
117,1233,214898,1.4873731628254534e-23,0.0006242011930915276,9.439857482492625e-05,0.0006242011930915276,0.9829726946502317,5.235870316373351,3.99764876031064,-75.55040173134242,50.368169270140235,-0.06122871968457227,75.55040173134242,0.007550301849619245,12.560779865784022,7.226106372183015,-2.6860208867040547,2.199775425139172,-0.01481383910869109,2.6860208867040547,0.3599888487315257,3.2155257169037306,1.5668591913933394,0.06675662079711198,1.4946767664649672,0.7911460904243305,1.4142115624116159e-08,1.5551601114157687,1.0501871112636318,0.006391519744238128,1.4140900663914178,0.9098883414638147,0.0004948500646107507,-0.7507842274262682,0,0,0,0.023661063135549405,0.8473622246109555,381,0.4206,0.01792,0.8193392132201626,0,0,0,0.4803,293,0.7664944432324471,-0.055996,-0.0559961401437683,621.5269389117362,289.80200564231626,0.6091700190019008,0.6091702491965034,0.609170287691728,0.7614628114956292,2.153888451213614e-06,385,0.195,0.2383,-0.15298,0.045909,387,0.2779,0.3284,0.23121,-0.076334,3,0.082,-0.625,-0.000821,6.848,0.1175,-0.7015,-0.002263,6.96,0.0545,0.9948,-0.000682,7.102,4.0246,1.7015,1.7294,1.7647,0.3683,1.0,0.56231,0.54102,1.30153,0.21127,0.9414,1.0281,1.0922,0.5004,2.594,2.2697,2.594,23.7162,22.589,8.7082,53,0.2018,-0.9956,57,0.1954,-0.6933,-3.0
118,1233,214898,1.0699062559469817e-11,0.0006514355141057929,9.5795709093374e-05,0.0006514355141057929,0.9850348703210071,5.239621861665641,3.997785364527544,-76.40035171736967,50.36043598170046,-0.12342758933864562,76.40035171736967,0.005528959283251922,12.538344722365661,7.2198284856994475,-2.731655725690871,2.218326402344622,-0.01519406579989463,2.731655725690871,0.36219750627911784,3.2459938682829796,1.5701810245996497,0.05565695249168707,1.5100319688084096,0.7944394022428861,0.014114469436378329,1.5692924911158719,1.0592859947342714,0.00308741719991501,1.4140177136455403,0.913515583001575,0.0007025437124299082,-0.750822799423159,0,0,0,0.02398844729716202,0.8494591704149647,381,0.4149,0.01748,0.8270593146019627,2,1,1,0.4734,289,0.764610047031943,0.018068,0.018068010566185677,621.5275947977193,289.80231146505935,0.6091700072792912,0.6091702479600436,0.6091702876917234,0.7614628099500544,2.2478616916909398e-06,385,0.1797,0.2313,-0.1687,-0.043695,387,0.2902,0.3386,0.23511,0.011236,3,0.0746,-0.732,0.001534,6.867,0.1211,-0.7038,-0.003171,6.959,0.0525,0.9992,0.001577,7.083,4.0244,1.7064,1.7292,1.7601,0.3681,1.0,0.5618,0.53711,1.30113,0.21334,0.9384,1.0311,1.0988,0.5004,2.5928,2.2687,2.5928,23.7056,22.5789,8.7083,53,0.1119,-0.7337,57,0.1183,-0.4407,-0.0
119,1234,214899,0.0,0.0006628183343918649,9.444910191308121e-05,0.0006628183343918649,0.987778244205794,5.2448420958525075,3.997519526150326,-80.35594825763066,50.33759073694167,-0.09707457253042662,80.35594825763066,0.007848258709712397,12.556001944576511,7.235906293400253,-2.7866884599157284,2.2482697992430687,-0.015102864053921264,2.7866884599157284,0.3631984403558067,3.2756048538212448,1.573028303223172,0.08258254658282949,1.52565037985553,0.7987062920087135,0.0,1.5834276635675046,1.067555331309539,1.0,1.0,1.0,0.0009396735132309736,-0.7507787976332775,0,0,0,0.022583925030874776,0.8513363991402612,381,0.4066,0.00707,0.8391964920345932,2,2,0,0.4701,288,0.7655301981960707,-0.024575,-0.024574737440270278,621.527512698135,289.80227318413745,0.6091700023796158,0.6091702481159222,0.609170287691728,0.7614628101449028,2.2871398733670967e-06,385,0.1685,0.2135,-0.19364,-0.131172,388,0.2986,0.3564,0.24165,-0.058733,3,0.0686,-0.8978,0.004677,6.88,0.1219,-0.6997,0.001371,6.953,0.0506,0.9429,0.005276,7.067,4.0224,1.7104,1.7286,1.7569,0.3686,1.0,0.55975,0.54148,1.30085,0.21174,0.953,1.0164,1.0665,0.5008,2.9156,2.2677,2.5269,23.7879,22.5332,7.7285,52,0.1196,0.9989,56,0.1732,0.5124,-3.0
120,1234,214899,1.3556525247226107e-23,0.0006737149505744728,9.385918009523199e-05,0.0006737149505744728,0.9901399676616975,5.248405299689218,3.997648062609957,-77.99547631831946,50.332115959362774,-0.13712958968736533,77.99547631831946,0.0010080204788671665,12.555298828753427,7.216340792511658,-2.7915176204258008,2.263619496890196,-0.015506418162611047,2.7915176204258008,0.3655455706936965,3.2831968305837878,1.576179156089748,0.08131496084440959,1.537444759843474,0.7922660322118853,1.4142115624116159e-08,1.5876101166062484,1.0765846305960272,0.0007660697956387574,1.4140739307020054,0.920359597970254,0.0012090340482997309,-0.7507199667852138,0,0,0,0.021079985318001284,0.8533383591751553,381,0.3995,-0.00099,0.8564193297211523,3,4,-1,0.4682,289,0.7681914611317071,0.014307,0.014307351875422869,621.5271515823941,289.8021048051672,0.6091699976888489,0.6091702487977266,0.609170287691728,0.7614628109971583,2.3247413990571555e-06,385,0.1776,0.2039,-0.20444,-0.212763,388,0.2971,0.3641,0.2453,-0.014473,3,0.0709,-0.9832,0.005684,6.886,0.119,-0.678,0.001625,6.952,0.0529,0.8009,0.004477,7.045,4.0191,1.7133,1.7297,1.7529,0.3695,1.0,0.55922,0.54972,1.30119,0.21484,0.9378,1.0316,1.1,0.5,2.912,2.2649,2.5238,23.851,22.4335,7.7038,52,0.2267,0.9961,56,0.2394,0.928,-1.0
121,1234,214899,3.20298751123641e-12,0.0006643450061810584,9.575139215081608e-05,0.0006643450061810584,0.9926954992067907,5.2519387629532215,3.9977729423601294,-68.69189285457671,50.344391671558775,-0.10353862941436975,68.69189285457671,0.00567558969880011,12.558709324081855,7.200627394992894,-2.8418319596975326,2.2912951591365696,-0.016137521008948896,2.8418319596975326,0.36684423562009755,3.3115778775104134,1.5784074034303792,0.055805047012157744,1.5404592876672931,0.8105591028000958,0.014139672407081258,1.6016829514659332,1.0857882265591385,0.0017470968323211045,1.4141090416303703,0.9080001188950986,0.0010126106016580723,-0.7505434985079459,0,0,0,0.01987708024843808,0.855222284590884,381,0.3879,0.00726,0.8673040359026128,0,1,-1,0.4515,289,0.7696345921393397,-0.05957,-0.05957027353543909,621.5275135910374,289.80227360047485,0.6091700017224526,0.6091702481142025,0.6091702876917267,0.7614628101427531,2.29240784734813e-06,385,0.2105,0.2225,-0.203,-0.114763,388,0.2963,0.3655,0.24131,0.004566,3,0.0817,-0.9999,0.002764,6.884,0.1154,-0.683,-0.000107,6.956,0.0626,0.6756,0.000491,7.029,4.0164,1.7139,1.732,1.7501,0.3701,1.0,0.55956,0.53845,1.30058,0.21512,0.9404,1.0289,1.0941,0.5,2.9095,2.263,2.5216,23.8304,22.4141,7.7038,51,0.295,0.8333,55,0.2959,0.945,3.0
122,1234,214899,3.5324232723798802e-12,0.0006343743278075831,0.00010002173031871406,0.0006343743278075831,0.9954604352802873,5.255408468967538,3.9978936771408606,-70.13858955665712,50.40036713749712,-0.1660314659427048,70.13858955665712,0.007000394636976992,12.561345266016502,7.170846241903114,-2.889918586444961,2.308384870731782,-0.016031964167087503,2.889918586444961,0.3692457384382344,3.339145264577741,1.5805976350425024,0.0641694056813753,1.5233806657462872,0.8062924498640734,0.028025397615330003,1.615819343524015,1.094868227757042,0.00426799734498462,1.4141107786201443,0.9211635497069803,0.0018138406787211376,-0.750342005879807,0,0,0,0.02000821469397697,0.8570991540303634,381,0.3825,0.01504,0.8610297830347955,1,1,0,0.4424,288,0.770295125597209,-0.046599,-0.04659937326754804,621.5279401303981,289.80247248479424,0.6091700146240002,0.6091702473012399,0.6091702876917265,0.7614628091265498,2.188988666550691e-06,385,0.2455,0.2413,-0.18245,-0.155004,388,0.2925,0.3615,0.23432,0.086234,3,0.094,-0.9958,0.000981,6.875,0.1122,-0.6556,0.000186,6.961,0.0721,0.5841,-0.001116,7.023,4.0145,1.7125,1.7341,1.7494,0.3681,1.0,0.5594,0.53328,1.30011,0.21488,0.9439,1.0253,1.0862,0.5,2.907,2.261,2.5194,23.8562,22.3591,7.6915,51,0.2515,0.5103,55,0.2031,0.9682,1.0
123,1234,214899,3.271138522634676e-12,0.0006309986729121841,0.00010464829478838419,0.0006309986729121841,0.9984436730059656,5.258704671914263,3.99801255145925,-71.06108909196497,50.418819105679226,-0.1347905138190885,71.06108909196497,0.022589681613528256,12.538294081955279,7.134319293367783,-2.962708122072218,2.3425139190558837,-0.016128268076893926,2.962708122072218,0.3711874033563759,3.365797624209762,1.5833760484732629,0.055718933802918445,1.5300298878065137,0.803601651265594,0.042166092682635554,1.6299512132984335,1.104079863052188,0.0006048174714999854,1.4138617297675733,0.8932619140079658,0.0021448996640096533,-0.7500682917230616,0,0,0,0.019380287905469362,0.8590053830710455,381,0.373,0.01575,0.8540628846859191,0,0,0,0.4296,284,0.7688126801334643,-0.043776,-0.04377647908703142,621.5291241597092,289.8030245671701,0.6091700160777875,0.6091702450010921,0.6091702876917267,0.7614628062513651,2.1773363954865564e-06,385,0.2647,0.257,-0.15747,-0.14741,388,0.2899,0.3555,0.2347,-0.034201,3,0.0989,-0.984,1.1e-05,6.847,0.1083,-0.6667,0.001185,6.964,0.077,0.5232,-0.00307,7.018,4.0087,1.7081,1.7372,1.7506,0.3697,1.0,0.56268,0.53851,1.29949,0.21719,0.9503,1.0189,1.0722,0.5,2.9045,2.2591,2.5173,23.9738,22.2321,7.6544,51,0.1783,-0.3365,55,0.0278,0.9455,-1.0
124,1234,214899,2.8504100871680128e-11,0.0006398923480563315,0.00010536044306628136,0.0006398923480563315,1.0015992805170122,5.261781462987664,3.9981276629761586,-72.03504306868595,50.40534137560499,-0.15620408596281285,72.03504306868595,0.04363245786772518,12.524652440239363,7.145973559060078,-3.0007383326982846,2.369663646287717,-0.016488498129530033,3.0007383326982846,0.37349498239673384,3.391440666453975,1.5854481837565866,0.0870162505666886,1.5402802766526211,0.7870401290699416,0.056301215870027566,1.6440264921317629,1.1130124823154504,6.183510592017161e-05,1.4141490207665928,0.9113554192006657,0.0024905288143681446,-0.7497459619608221,0,0,0,0.017932451629336238,0.8609485528621958,381,0.3571,0.01268,0.8546210015617783,0,0,0,0.4113,282,0.7687736001148108,-0.039374,-0.03937448455277859,621.5291555310196,289.8030391948042,0.6091700122495771,0.6091702449392724,0.6091702876917158,0.7614628061740905,2.208024973907188e-06,385,0.264,0.2653,-0.14681,-0.141026,388,0.2821,0.3368,0.23511,0.010585,3,0.0944,-0.979,-0.001489,6.84,0.1008,-0.6966,-0.000322,6.958,0.0746,0.5357,-0.001082,7.018,4.0061,1.7074,1.7368,1.7517,0.3687,1.0,0.56334,0.53879,1.29889,0.21909,0.9425,1.0266,1.0893,0.5,2.9027,2.3652,2.4512,24.0051,22.1826,7.6421,51,0.2143,-0.9869,54,0.1636,-0.9897,1.0
125,1235,214900,0.0,0.0006912089362690565,0.00010512345651007618,0.0006912089362690565,1.0063691891458195,5.266944115310471,3.9983160502824897,-69.46569134664477,50.36823063163201,-0.0844787210121447,69.46569134664477,0.013969418472751016,12.52374987592681,7.147283719691344,-3.0721818743435576,2.392518234466424,-0.016738608762207945,3.0721818743435576,0.3749437739828199,3.416181424556436,1.5881310726081128,0.07611160401601158,1.5575001971378946,0.8116622047092884,0.0,1.6581034400103072,1.121217432322046,1.0,1.0,1.0,0.0028478000300980128,-0.7493039842104499,0,0,0,0.017830822552109306,0.862682460312954,381,0.349,0.02124,0.8620149704228753,0,0,0,0.4062,281,0.7693501878114405,-0.050395,-0.050394771734529664,621.5290007701525,289.8029670337974,0.6091699901600046,0.6091702452437704,0.609170287691728,0.761462806554713,2.385099584534089e-06,385,0.2514,0.2654,-0.13239,0.070209,389,0.2755,0.3271,0.24374,-0.069524,3,0.0878,-0.9764,-0.003869,6.841,0.0963,-0.7335,-0.001494,6.952,0.0693,0.5696,-0.001851,7.029,4.0074,1.707,1.7348,1.754,0.3661,1.0,0.56223,0.53834,1.29916,0.21789,0.9443,1.0248,1.0853,0.4996,2.9055,2.3675,2.4535,24.0282,22.2397,7.6543,52,0.2193,-0.6275,54,0.2231,-0.8106,-1.0
126,1236,214901,0.0,0.0007306819486463971,0.00010162366845831886,0.0007306819486463971,1.0106417612098313,5.271506759841591,3.9984612510055664,-70.35200457995795,50.31579281791694,-0.12732134609976192,70.35200457995795,0.017000312479401418,12.559871045778298,7.1634403424297775,-3.0751185276053246,2.4328384225868405,-0.016080839379987423,3.0751185276053246,0.37694101518800494,3.43632678633694,1.5902628586589362,0.055786815598677056,1.573391917050141,0.8043789999321912,0.0,1.6716841223707954,1.1292174602731175,1.0,1.0,1.0,0.0032213364136153924,-0.7488544278681761,0,0,0,0.017587891117272048,0.8644087064980333,381,0.3435,0.02466,0.8674483459675516,1,1,0,0.4121,282,0.7715442046979013,-0.012048,-0.012047707634484484,621.528215230898,289.80260075707275,0.6091699731680951,0.6091702467724811,0.609170287691728,0.7614628084656013,2.5213091488398743e-06,385,0.2367,0.2695,-0.12054,0.217052,390,0.2646,0.3229,0.25133,0.036315,3,0.0813,-0.9791,-0.001645,6.845,0.0911,-0.7438,-0.001751,6.954,0.0628,0.5923,-0.001451,7.031,4.0089,1.7073,1.7346,1.7539,0.3647,1.0,0.5606,0.53597,1.30015,0.22,0.9427,1.0262,1.0886,0.5008,2.908,2.3695,2.4557,24.0027,22.3307,7.6791,53,0.215,0.0171,54,0.1716,-0.2968,1.0
127,1236,214901,2.6431282296635993e-23,0.0007605062191406413,0.00010003121396718145,0.0007605062191406413,1.0142787633838548,5.273970247812747,3.998562015281282,-71.17717900174209,50.20700824060842,-0.08750737286168395,71.17717900174209,0.058895206826502844,12.548437616495075,7.192687986682641,-3.1417091512048096,2.4713521950021384,-0.016083865010558588,3.1417091512048096,0.3789400550876189,3.4455769412733406,1.5928180540095096,0.058808090491959675,1.5901066061084101,0.8115846164908658,1.4142115624116159e-08,1.6853051453311565,1.1381076169166677,0.00018704958453386045,1.4140752269012684,0.9167173012911697,0.0036100589739006777,-0.7483275365501716,0,0,0,0.01629723912270057,0.8662776008870186,381,0.3326,0.01262,0.8879410618859096,3,4,-1,0.4076,276,0.7682823780061602,-0.060128,-0.06012760172218279,621.5274796837278,289.8022577903696,0.609169960329765,0.6091702481785181,0.609170287691728,0.7614628102231475,2.6242246176382745e-06,385,0.2338,0.2766,-0.12251,0.18492,390,0.2674,0.3268,0.26774,-0.031682,3,0.0778,-0.9871,-0.000361,6.834,0.0894,-0.7357,0.001989,6.95,0.0628,0.6178,7.9e-05,7.038,4.0076,1.7054,1.7342,1.7562,0.3676,1.0,0.56547,0.53682,1.30064,0.22033,0.9472,1.0218,1.0788,0.5,2.9068,2.3685,2.5192,23.9923,22.2851,7.6665,53,0.1294,0.6379,53,0.1164,0.6673,0.0
128,1236,214901,6.345270951145741e-12,0.0007780750674910193,9.816036163741349e-05,0.0007780750674910193,1.0180916391391923,5.276348638556017,3.998659653786491,-72.072296792644,50.12164007447947,-0.084350882656113,72.072296792644,0.01897947087353699,12.552194110327793,7.202486316167678,-3.196422200671017,2.50068943977284,-0.016384854138869337,3.196422200671017,0.38021963567250616,3.4682569240945513,1.5945383329690215,0.0914852770627329,1.6037574450957743,0.8033507473463685,0.008062634913850395,1.6994064099492612,1.1472747899330196,0.00031368838753698114,1.4141452608922924,0.923319994956523,0.004003223740195533,-0.7477273917647719,0,0,0,0.014535176897908397,0.8682735591268291,381,0.3215,0.01499,0.9039550136216911,4,4,0,0.4086,275,0.7690510081792707,0.000218,0.00021771112897384093,621.5267266004312,289.8019066470223,0.6091699527664762,0.6091702495926085,0.6091702876917253,0.7614628119907605,2.6848514438475107e-06,385,0.2336,0.2903,-0.13178,0.242729,390,0.2698,0.3223,0.27182,-0.007241,3,0.0752,-0.9974,0.000858,6.839,0.0876,-0.7489,0.001546,6.957,0.0637,0.6994,0.000931,7.049,4.012,1.7047,1.7341,1.7569,0.3664,1.0,0.56444,0.53525,1.30014,0.22191,0.941,1.028,1.0924,0.5,2.9053,2.3673,2.5179,24.0265,22.2382,7.6544,53,0.1393,0.7583,53,0.1735,0.9139,2.0
129,1238,214904,0.0,0.0007889018121604064,9.725578473478227e-05,0.0007889018121604064,1.024180095420045,5.282699875962491,3.9980771359659597,-72.99321673704289,50.107759175116385,-0.031998154666977696,72.99321673704289,0.0016396813806455017,12.543637853324082,7.188954001882723,-3.2659857764163815,2.5245009053842673,-0.016585607351097792,3.2659857764163815,0.3805722773762905,3.4900237839515738,1.5962864449221734,0.05604880954913111,1.614483441794679,0.8060824999868291,0.0,1.7135328018247264,1.1546396410001094,1.0,1.0,1.0,6.328479465393712e-07,-0.747052328659156,0,0,0,0.013902922097123183,0.870032773996877,381,0.3126,0.03809,0.9039505096932844,0,0,0,0.3978,274,0.7696995338413575,-0.058211,-0.05821073238532937,621.526481677092,289.8017924455766,0.6091699481057089,0.6091702500469647,0.609170287691728,0.7614628125587058,2.7222116381787333e-06,385,0.2371,0.2827,-0.13606,0.161968,392,0.2797,0.3274,0.25784,0.032129,3,0.0743,-0.9996,0.000154,6.852,0.0878,-0.736,4.9e-05,6.955,0.0668,0.7176,0.001982,7.053,4.0148,1.7067,1.7323,1.7567,0.3632,1.0,0.5623,0.53924,1.30133,0.2219,0.9407,1.0282,1.093,0.5,2.9058,2.3677,2.4538,24.1225,22.2776,7.6666,53,0.3224,0.3862,53,0.2844,0.713,3.0
130,1238,214904,1.0796755989873087e-23,0.0007989133892792812,9.355756195489726e-05,0.0007989133892792812,1.0282738956047037,5.284671301048719,3.998166829071318,-74.07151427698781,50.03584988798503,-0.06959344623275873,74.07151427698781,0.005869848844254122,12.535510322156659,7.201144391288577,-3.31974572014432,2.5733554646557826,-0.016331422335653323,3.31974572014432,0.38267806256002407,3.5010880140680873,1.5988375057861868,0.05596766228516252,1.6336965878841816,0.8139910209870193,1.4142115624116159e-08,1.7272907680763376,1.1634227570115667,0.0020543574708861145,1.4141555809509931,0.8915643447692145,5.595933130082325e-05,-0.7463183517165183,0,0,0,0.013460886797593167,0.8718420673302606,381,0.3048,0.05851,0.8913430082590659,0,0,0,0.3863,270,0.767762879973415,-0.04631,-0.0463103793303683,621.5261906242766,289.8016567351442,0.6091699437956868,0.6091702505833116,0.609170287691728,0.7614628132291396,2.7567592203567863e-06,385,0.2376,0.2524,-0.13504,-0.165876,392,0.2729,0.3185,0.25712,0.047332,3,0.0725,-0.9974,0.003855,6.864,0.0833,-0.7073,-0.000271,6.966,0.065,0.6543,0.001739,7.04,4.0167,1.7088,1.7344,1.7527,0.3621,1.0,0.56174,0.54413,1.3016,0.22395,0.9407,1.0282,1.0931,0.5,2.9051,2.3671,2.4532,24.117,22.2725,7.6667,53,0.3606,0.1144,54,0.2854,0.3242,3.0
131,1238,214904,9.856464635304988e-12,0.000827162899039052,9.212166886656791e-05,0.000827162899039052,1.0325340192923025,5.286567706978726,3.998252309257908,-75.01632072333514,49.99630291111522,-0.032482307496521694,75.01632072333514,0.004583853202109578,12.55984968379835,7.149842844202127,-3.3664522987968306,2.625912819463414,-0.016678375571542663,3.3664522987968306,0.3841798720356541,3.521398879984226,1.6014962315046029,0.05603980862341823,1.6444197407532426,0.8065966241296176,0.014140776989448513,1.7414230606482286,1.1723384006229465,0.0021214470483279513,1.4140734883819723,0.9190401435979059,0.0001782389823752283,-0.7454942349471723,0,0,0,0.014106289669371663,0.873766731390823,381,0.3012,0.06442,0.8913885739933303,1,1,0,0.3651,269,0.7684936690500435,-0.026051,-0.026050892308384865,621.5259206200213,289.8015308391133,0.6091699316356223,0.6091702510775029,0.6091702876917239,0.7614628138468785,2.8542392327743124e-06,385,0.2282,0.2175,-0.12685,-0.521011,392,0.2644,0.3135,0.26842,-0.00523,3,0.0688,-0.9726,0.004525,6.866,0.0797,-0.6654,0.000848,6.963,0.0604,0.4735,0.003359,7.018,4.0121,1.7113,1.7355,1.7491,0.3641,1.0,0.56468,0.5417,1.30063,0.22444,0.9465,1.0223,1.0801,0.5,2.9046,2.3667,2.5818,23.9741,22.3041,7.6789,53,0.2812,-0.2895,54,0.2342,-0.3015,1.0
132,1238,214904,3.0844832988809195e-11,0.0008833770581940822,9.705970512088741e-05,0.0008833770581940822,1.0369863116621658,5.288408926824726,3.9983349887840354,-75.85792979963844,49.943136600667266,-0.05294816683616296,75.85792979963844,0.045704362949607946,12.565660208787659,7.10966282507091,-3.430292028338904,2.6376745383707054,-0.016897205468828197,3.430292028338904,0.38599461768503707,3.5406249344072624,1.603422749726991,0.08299982354658275,1.6504910117003988,0.802194194392847,0.025243469520521908,1.75550623130604,1.1815288021717616,0.00789238861172925,1.414101762380571,0.9356179132084471,0.00021744291371177742,-0.7446037786657524,0,0,0,0.01494997388891263,0.8754922153645656,381,0.3038,0.06583,0.8879374505067367,0,0,0,0.3601,268,0.7689703564865538,0.03158,0.0315804257443808,621.5268863546733,289.80198113631127,0.609169907439013,0.6091702492947852,0.6091702876917148,0.7614628116184815,3.048209176246373e-06,385,0.2212,0.2098,-0.11461,-0.244312,392,0.2624,0.3097,0.28298,-0.02648,3,0.0674,-0.8998,0.003227,6.869,0.0798,-0.6354,-0.000643,6.964,0.0581,0.2349,0.001418,6.997,4.0089,1.7134,1.7372,1.7453,0.3659,1.0,0.56699,0.54239,1.30023,0.22478,0.942,1.0268,1.0901,0.5,2.9041,2.2587,2.6459,24.016,22.2644,7.6665,53,0.2238,-0.9638,54,0.1991,-0.9813,1.0
133,1240,214907,0.0,0.0009967602096547074,0.00010955713381626582,0.0009967602096547074,1.0445176551634623,5.295234610860611,3.999071302109286,-76.6991474654659,49.869175655895035,-0.03432188412919915,76.6991474654659,0.008945945144177792,12.562244413217833,7.063821464552048,-3.4817438722089955,2.676062709094889,-0.017976249947563465,3.4817438722089955,0.3883195428143087,3.558848103294847,1.6036029613924871,0.0703190830816276,1.6584418668198841,0.8037396791481459,0.0,1.769610211108488,1.1889641990563034,1.0,1.0,1.0,4.06045272566211e-06,-0.7436312247291214,0,0,0,0.01556572681744267,0.8769280423683589,381,0.3065,0.06941,0.8907785011567575,0,0,0,0.3695,267,0.7692450886854101,0.044359,0.044359222691032096,621.5294437050943,289.80317356295404,0.6091698586356139,0.6091702443694204,0.609170287691728,0.7614628054617754,3.4394385589369014e-06,385,0.2287,0.2297,-0.10543,-0.021528,394,0.2657,0.305,0.29604,-0.069264,3,0.0703,-0.7498,-0.000551,6.866,0.0815,-0.6475,-0.002074,6.96,0.0609,-0.0187,-0.001168,6.984,4.0052,1.7144,1.7378,1.7438,0.3644,1.0,0.56515,0.54351,1.30048,0.22484,0.9431,1.0256,1.0874,0.5,2.5805,2.3655,2.7095,23.9619,22.3286,8.6528,53,0.2505,-0.5954,53,0.2206,-0.6522,1.0
134,1240,214907,2.4540894745577125e-23,0.0010799171401022966,0.0001248324466137464,0.0010799171401022966,1.0492964099682927,5.296939603545805,3.999143138866677,-77.5603205964774,49.815866829020166,-0.07681188849717285,77.5603205964774,0.00038396977894805673,12.555907084848004,7.075898588631211,-3.4820514077196014,2.680319741675828,-0.017985286332332838,3.4820514077196014,0.3906929972901004,3.5650625383250922,1.6057535067080901,0.05594202180793902,1.6709028084517465,0.8051247842340072,1.4142115624116159e-08,1.7718311233406074,1.1976664355043445,0.0042428792113385905,1.4140566077515053,0.9111943110822143,8.682703706524568e-05,-0.7426276658435267,0,0,0,0.016267115801149853,0.8784022027568448,381,0.3099,0.06932,0.9091197788661445,0,0,0,0.379,265,0.7685418013235005,0.055502,0.05550210488510765,621.5322939652684,289.8045025658714,0.6091698228443834,0.6091702385300892,0.609170287691728,0.7614627981626115,3.726364257770066e-06,385,0.2538,0.2668,-0.10416,0.074381,394,0.2729,0.3146,0.30839,-0.038546,3,0.0787,-0.5689,-0.000375,6.87,0.0846,-0.6789,-0.00226,6.955,0.0693,-0.2175,-0.000227,6.972,4.0022,1.7164,1.7377,1.742,0.3642,1.0,0.56365,0.54065,1.30111,0.22855,0.9414,1.0273,1.0913,0.5,2.5789,2.364,2.7079,24.0391,22.2431,8.625,53,0.2,0.2721,52,0.1344,0.0115,2.0
135,1240,214907,2.254240717778303e-11,0.0011613953571681947,0.0001351133315936628,0.0011613953571681947,1.054259208733821,5.298562979461962,3.9992114564820067,-65.89022694282362,49.76735335652941,-0.060338182335473466,65.89022694282362,0.010455850489191263,12.561902363130798,7.083935100993398,-3.536626157244673,2.7070416053321114,-0.018502441009933073,3.536626157244673,0.3939562833684905,3.5819347917652187,1.6076962004888173,0.05786619207173582,1.6817679071202545,0.7995750458632648,0.014128591029320929,1.7859503088390436,1.2067783786568294,0.0005819899110075522,1.4140418877148035,0.9275504665307431,0.0001499009112886205,-0.7415739925307726,0,0,0,0.015827112169719597,0.8798465978368213,381,0.3,0.06507,0.9382534726237679,2,2,0,0.381,262,0.7670511364754389,0.038599,0.038598590974510794,621.5340798458087,289.8053352759762,0.609169787774491,0.6091702346833991,0.6091702876917182,0.7614627933542489,4.007501642653403e-06,385,0.2769,0.3056,-0.10874,0.03353,394,0.2819,0.3154,0.31243,0.000536,3,0.0831,-0.431,-5.8e-05,6.874,0.0847,-0.711,-0.001272,6.941,0.0782,-0.3282,0.001476,6.96,3.9981,1.7192,1.7361,1.7407,0.3658,1.0,0.56648,0.54502,1.30026,0.22819,0.9448,1.0239,1.0837,0.5,2.5773,2.3625,2.7706,24.1163,22.122,8.5834,51,0.1058,0.7465,52,0.077,0.118,1.0
136,1240,214907,5.952707981288467e-11,0.0012496059751608095,0.000135219401770486,0.0012496059751608095,1.059373379572497,5.300005549219208,3.9992780028953407,-67.07610115522016,49.73819882167573,-0.08137934725668093,67.07610115522016,0.0008615605962953854,12.53879345231224,7.038235527704777,-3.606249242938963,2.71899612335364,-0.01894592317509754,3.606249242938963,0.3972457468412253,3.597779612907742,1.6095515680884567,0.05603441692099906,1.6976609358808028,0.7969285732220363,0.025560044147539505,1.8000733409707923,1.2160538833703611,0.005611637181762386,1.414080975282453,0.9297934970308648,0.00017947881405134094,-0.740459336930981,0,0,0,0.013152080448177257,0.881471243380451,381,0.2746,0.0762,0.9518206905853129,3,2,1,0.3631,263,0.7690556057512643,0.02934,0.0293400109554387,621.5337183239143,289.805166707627,0.6091697498046255,0.6091702354738359,0.6091702876917025,0.7614627943422948,4.311883012153084e-06,385,0.2902,0.3318,-0.12383,0.126286,394,0.2858,0.3325,0.29927,-0.018624,3,0.0797,-0.3293,0.000777,6.885,0.0786,-0.726,-0.000149,6.945,0.0831,-0.4103,0.00124,6.961,4.0012,1.7206,1.7357,1.7398,0.3643,1.0,0.56371,0.54575,1.2996,0.22986,0.9383,1.0303,1.0981,0.5,2.5756,2.361,2.7688,24.1466,22.0718,8.5696,51,0.2018,-0.7731,53,0.2155,-0.7026,2.0
137,1240,214907,1.0743300087269074e-10,0.0012811499386862547,0.0001323719154175683,0.0012811499386862547,1.0646390823257676,5.301339631228808,3.999342324806499,-68.14297719472368,49.711969395211135,-0.1131372209877141,68.14297719472368,0.019276369335030154,12.523606906353518,7.035570733973404,-3.6736856405444405,2.759087532475104,-0.01961806094555392,3.6736856405444405,0.40023160002637553,3.6126337273512634,1.6113961547680082,0.07690226039863712,1.7136642070648047,0.7949386070465037,0.0345297502662685,1.8142005340501557,1.2253518182846066,0.0012216207607599339,1.4141676699107886,0.8760260413194186,0.00021575762527998804,-0.7392561097434232,0,0,0,0.01030935994265407,0.8829418221155141,381,0.2431,0.10485,0.9455729006506856,3,3,0,0.3456,259,0.7662771225849612,-0.041676,-0.041675717326427275,621.5334490177516,289.80504113709867,0.6091697362256691,0.6091702360586942,0.6091702876916818,0.7614627950733678,4.420730342230929e-06,385,0.2975,0.3433,-0.12776,-0.0138,394,0.2818,0.3262,0.28647,-0.000869,3,0.0723,-0.2878,4.5e-05,6.907,0.0686,-0.7158,-0.000351,6.951,0.084,-0.4628,0.001874,6.973,4.009,1.7229,1.7338,1.7394,0.3647,1.0,0.56341,0.54761,1.2994,0.23115,0.9387,1.0298,1.0971,0.5,2.574,2.3595,2.7671,24.1316,22.0581,8.5696,54,0.2694,-0.9984,53,0.2934,-0.9348,4.0
138,1240,214907,1.8409337459955623e-10,0.0012621964138107592,0.0001272850268947326,0.0012621964138107592,1.070074806256539,5.302575564881477,3.9994017587649022,-69.04829089466756,50.119848838819216,-0.13035939562298857,69.04829089466756,0.027233931089611526,12.554386756629016,6.995465362597198,-3.808414227399428,2.76320669822816,-0.020100547565030248,3.808414227399428,0.4012760639987152,3.6265172390694365,1.6131428450977032,0.06899171758607492,1.7093255589598138,0.8134893531731392,0.045655528329455033,1.8283285247419323,1.2341120787494348,0.0025649356738064455,1.4141739623499894,0.8982195358258166,0.0002955649285699243,-0.7379419584573884,0,0,0,0.008039254631168601,0.8845325397827425,381,0.2222,0.11323,0.9484028690399557,0,0,0,0.3178,258,0.7662987181869918,-0.03218,-0.032180352132102685,621.5318293978314,289.8042859500394,0.6091697443823372,0.6091702395070339,0.6091702876916489,0.7614627993837922,4.355340742021858e-06,385,0.2999,0.3321,-0.12138,-0.046153,394,0.2721,0.3194,0.28021,0.033645,3,0.0667,-0.3057,0.0002,6.919,0.0605,-0.6692,-0.000273,6.95,0.0817,-0.503,0.001566,6.976,4.0114,1.7247,1.7324,1.7389,0.366,1.0,0.56568,0.54493,1.29896,0.23112,0.9383,1.0302,1.098,0.5,2.5724,2.3581,2.7654,24.2084,21.9728,8.5418,54,0.3057,-0.9013,53,0.2683,-0.9924,3.0
139,1240,214907,1.9481967893288053e-10,0.001260854691845505,0.0001242107411303112,0.001260854691845505,1.0756324904466577,5.3036549882376,3.9994588092853167,-69.47950200773508,50.431437704762914,-0.10794751143439928,69.47950200773508,0.024680121493377172,12.505338408058643,6.939672697291945,-3.8976434695181807,2.798539967490911,-0.020049138258819977,3.8976434695181807,0.4049213819598537,3.639439791399294,1.615810159961997,0.06040471214679166,1.657511651741472,0.8036088806946179,0.05775926365859234,1.842466246150396,1.2430942739713486,9.764850860494168e-05,1.4141309165706433,0.9257567943379778,0.0003915346299931522,-0.7366842647225097,0,0,0,0.007517961920072473,0.886151889527679,381,0.2137,0.11216,0.9474230169683892,1,1,0,0.2873,259,0.7682030120197783,-0.035802,-0.03580231049958171,621.5312865158559,289.80403281815484,0.609169744959092,0.6091702406362243,0.6091702876916442,0.7614628007952803,4.350714790213639e-06,385,0.2954,0.3098,-0.10734,-0.111205,394,0.2617,0.2953,0.28807,0.041863,3,0.0632,-0.3329,0.000821,6.92,0.0559,-0.6184,-0.001979,6.945,0.0774,-0.5352,0.000156,6.957,4.0071,1.7269,1.7331,1.7362,0.3661,1.0,0.56713,0.54538,1.29881,0.23282,0.9415,1.027,1.0908,0.5,2.5709,2.3567,2.7637,24.2401,21.9242,8.5278,54,0.2021,-0.6419,54,0.1313,-0.689,-0.0
140,1241,214908,0.0,0.0012641907181094245,0.00012247256395874056,0.0012641907181094245,1.082782622923458,5.306946934668545,3.9995108225361413,-70.1664378722799,50.853372655568535,-0.09261735415107314,70.1664378722799,0.013954482668408583,12.543485059916417,6.97752968604877,-3.9859099379333216,2.842170592908233,-0.01978490085339478,3.9859099379333216,0.40792519512296543,3.6513009677930355,1.6175305550332242,0.10655709907022015,1.605389856940785,0.8231851861519995,0.0,1.8565948985440985,1.2513426948300534,1.0,1.0,1.0,0.00048712043958729247,-0.7352556628174499,0,0,0,0.007902196044102597,0.8879069209116957,381,0.2218,0.09262,0.9363523418911536,0,0,0,0.2668,257,0.767637016917843,0.064276,0.06427618384584388,621.5307027088423,289.803760603979,0.6091697435224696,0.6091702418356637,0.609170287691728,0.7614628022945796,4.362230205276595e-06,385,0.2874,0.2698,-0.11859,-0.060961,395,0.2473,0.2654,0.29191,0.009668,3,0.0639,-0.4111,0.002108,6.914,0.0549,-0.526,-0.0015,6.95,0.0711,-0.559,-0.001098,6.935,4.0028,1.7273,1.7363,1.7326,0.3662,1.0,0.56597,0.54104,1.29837,0.23316,0.9423,1.026,1.0888,0.5004,2.5679,2.2469,2.8888,24.2571,21.8625,8.5138,52,0.0543,0.9992,52,0.1272,0.9143,1.0
141,1242,214909,0.0,0.001312164832555617,0.00012304401441950595,0.001312164832555617,1.0900638197478292,5.31010891227768,3.999490443049041,-71.13296201856073,51.717726746497796,-0.125039585739545,71.13296201856073,0.03796684620610209,12.54915891988487,7.002015756280061,-4.08214126155561,2.8674945360922814,-0.019186796192688267,4.08214126155561,0.4090134442228093,3.6559356654329482,1.6184038933361677,0.09160963117900678,1.591737020343806,0.8091198175642101,0.0,1.858221450117018,1.259187070767139,1.0,1.0,1.0,0.0006393433352148589,-0.7338844944459318,0,0,0,0.008470284604114836,0.8897756718437934,381,0.2296,0.07944,0.9337822743727471,0,0,0,0.2648,255,0.7672699788899715,0.07336,0.07335996090722774,621.5307116481928,289.80376477216794,0.6091697228722572,0.609170241817401,0.609170287691728,0.7614628022717512,4.527770139864085e-06,385,0.2796,0.2425,-0.13975,-0.013232,396,0.2445,0.2455,0.29964,-0.015011,3,0.0644,-0.4602,0.002403,6.905,0.0563,-0.4238,-0.000166,6.954,0.0684,-0.6091,-0.000508,6.917,3.9983,1.727,1.7392,1.73,0.3651,1.0,0.56357,0.54212,1.29917,0.23501,0.9395,1.0289,1.0952,0.5,2.2444,2.3512,2.9497,24.2757,21.8023,9.7141,52,0.2099,-0.513,52,0.2498,-0.2438,-3.0
142,1242,214909,2.3790936954684126e-23,0.0013704351802831497,0.00012282924597126186,0.0013704351802831497,1.0957844476901968,5.310761542931938,3.999533447681174,-72.05488850464847,52.147061258319084,-0.11474894182030104,72.05488850464847,0.012664392289149617,12.505467038013105,6.984319823705618,-4.139196600821956,2.892719161065698,-0.019489521164462977,4.139196600821956,0.410132425013799,3.668378006364606,1.6192912472145404,0.056138391295016445,1.5989413989686594,0.8056017880059334,1.4142115624116159e-08,1.8691307030383306,1.268189588719625,0.00347230170217927,1.414015514442434,0.9152227103950732,0.0008250300090144814,-0.7323638169096195,0,0,0,0.009124008543344914,0.8916825171483042,381,0.2351,0.05498,0.9652067160422441,3,3,0,0.2746,252,0.7659878395554351,0.071606,0.07160624984807074,621.530919352307,289.80386161924747,0.6091696977895231,0.609170241392319,0.609170287691728,0.7614628017403987,4.728836850640956e-06,385,0.2648,0.2192,-0.15779,0.014748,396,0.2525,0.2436,0.31748,0.005961,3,0.0624,-0.495,0.000152,6.901,0.0595,-0.3476,0.0005,6.952,0.0669,-0.6426,0.000128,6.916,3.997,1.7266,1.7392,1.7303,0.3642,1.0,0.56324,0.54103,1.29965,0.23543,0.9406,1.0277,1.0926,0.5,2.243,2.3498,2.948,24.3528,21.7181,9.6826,51,0.2384,-0.8341,52,0.189,-0.6181,-2.0
143,1242,214909,2.208772909165049e-11,0.0014496542652790703,0.00012125593835474772,0.0014496542652790703,1.1016329906128706,5.311267467765154,3.9995738721064313,-73.00576477230885,52.38483044303673,-0.1076128322197762,73.00576477230885,0.003920270045966845,12.561241844985512,6.976968203728449,-4.206537481848488,2.9283612230942433,-0.019345841247858098,4.206537481848488,0.41345217935724493,3.681991099018653,1.620908842826514,0.056123636159199075,1.5983534045626167,0.8132576393611441,0.014139431140404973,1.8832630904046483,1.277341815743349,0.0009526168597028262,1.4139424221088082,0.8918451508253417,0.0010147659567750413,-0.730708921461318,0,0,0,0.008925897025899883,0.8934593080355597,381,0.227,0.04036,0.9937079519723626,5,5,0,0.2635,252,0.7673098152962953,0.051347,0.051346757480817296,621.5298771871013,289.8033756844506,0.60916966368857,0.6091702435051818,0.6091702876917184,0.7614628043814772,5.002199376923447e-06,385,0.2451,0.2177,-0.16413,-0.029431,396,0.2726,0.2523,0.33611,-0.005313,3,0.0559,-0.4578,0.000733,6.9,0.0621,-0.2991,-0.000635,6.955,0.0669,-0.7114,-0.000577,6.909,3.996,1.7266,1.7405,1.729,0.3632,1.0,0.56276,0.54336,1.29907,0.23647,0.9427,1.0256,1.088,0.5,2.2418,2.3486,3.0104,24.3853,21.6352,9.6508,51,0.0803,-0.7611,52,0.0255,-0.8279,-3.0
144,1242,214909,4.195476474515968e-12,0.0015142921008965274,0.0001186372872032682,0.0015142921008965274,1.1075976167068793,5.3122683343528125,3.999608750043166,-73.9311389598429,53.0254705814695,-0.10844150528700439,73.9311389598429,0.022484507381792085,12.558842849776761,6.9928511242199605,-4.264630747057657,2.942887921451198,-0.019894059059677446,4.264630747057657,0.41655966607118894,3.693621692233564,1.6215159821479053,0.05609537063944933,1.5896658558357144,0.8251911009427626,0.02410978310746628,1.897389043457673,1.286260267197445,0.0010448729745099472,1.4140363116066181,0.8792795863943175,0.001211276537167744,-0.7290110544021138,0,0,0,0.00791930727398843,0.895187906154802,381,0.2135,0.05781,1.001347435049642,3,3,0,0.2522,248,0.7647235633117487,0.011742,0.011741828126053955,621.5278460362445,289.80242861111356,0.6091696358616769,0.6091702474813359,0.6091702876917263,0.7614628093516698,5.2252567659761025e-06,385,0.2313,0.2108,-0.17996,0.00182,396,0.2868,0.2575,0.33818,-0.001214,3,0.0497,-0.3792,0.001705,6.904,0.0614,-0.2897,-0.000237,6.959,0.0665,-0.7758,0.00084,6.901,3.9961,1.7277,1.7414,1.727,0.3632,1.0,0.56362,0.54646,1.29861,0.23779,0.9418,1.0264,1.0899,0.5,2.2415,2.3482,3.01,24.3361,21.6677,9.6666,51,0.1292,0.3808,52,0.2011,0.1298,-1.0
145,1243,214910,0.0,0.001400177653513007,0.00011760718012074483,0.001400177653513007,1.114909792610142,5.315647204993422,3.9994527662030035,-75.03972097784825,54.199337764518575,-0.13074193954749241,75.03972097784825,0.010533947251067488,12.547608499439267,7.033133270693887,-4.338362544417914,2.9570961622898815,-0.020152845223809123,4.338362544417914,0.4181770759918778,3.706991267550742,1.6220388992934653,0.07821215127790171,1.5582901656110588,0.8102026779755368,0.0,1.911508292609383,1.294011186139868,1.0,1.0,1.0,0.0014290813306955328,-0.7273348760005874,0,0,0,0.007339366787168865,0.8970203716873141,381,0.2098,0.11261,0.9729963357285347,3,3,0,0.251,245,0.7629333236396594,-0.007439,-0.007439201662310602,621.5278458212373,289.80242851086126,0.6091696849829706,0.609170247481806,0.609170287691728,0.7614628093522575,4.831490407819447e-06,385,0.2299,0.2262,-0.18852,0.015684,397,0.2861,0.2648,0.32332,-0.050223,3,0.0485,-0.3256,0.001147,6.912,0.0602,-0.286,-1.7e-05,6.962,0.066,-0.8129,0.001157,6.9,3.998,1.7289,1.7414,1.7258,0.3645,1.0,0.56405,0.54838,1.29907,0.23789,0.9382,1.03,1.0979,0.5004,2.2396,2.3462,3.0074,24.3155,21.6848,9.6824,52,0.2209,0.3776,53,0.2786,0.18,-0.0
146,1244,214911,0.0,0.001048853268019876,0.00011825538111548437,0.001048853268019876,1.1229750403321965,5.319805886852684,4.0001056260904,-75.94607016299375,55.336566270327346,-0.10029989833087999,75.94607016299375,0.048471373112266736,12.551989597850552,7.080598561217993,-4.336220630509498,2.9919939992704165,-0.02137839735250792,4.336220630509498,0.4212264352997368,3.7162423909879867,1.6225157853459775,0.08468315867203702,1.5785771409064513,0.8195429009158609,0.0,1.925175869053859,1.3018852684394846,1.0,1.0,1.0,0.0015277059962195583,-0.7255354379253524,0,0,0,0.006641534155098898,0.8990194864223603,381,0.2045,0.12832,0.9593648869115446,2,2,0,0.242,243,0.7619730423397701,0.010588,0.010588194608199819,621.5282801518524,289.8026310280419,0.6091698362120099,0.6091702466473343,0.609170287691728,0.7614628083091679,3.6191985707624124e-06,385,0.2364,0.2451,-0.17625,0.127981,398,0.2799,0.2537,0.32114,-0.066003,3,0.0485,-0.3374,-0.000623,6.924,0.0573,-0.2209,-0.00086,6.977,0.0663,-0.8436,-0.001113,6.912,4.0053,1.7287,1.7418,1.7256,0.3627,1.0,0.56134,0.54573,1.29947,0.23882,0.941,1.0271,1.0915,0.5,2.2371,2.3436,3.068,24.2427,21.6962,9.6984,52,0.2009,0.4279,53,0.2729,0.2261,2.0
147,1244,214911,1.7984873280944313e-23,0.0009528138951417548,0.00012273596128513332,0.0009528138951417548,1.1291967923139163,5.321399069212919,4.000123503136216,-76.75621131049844,56.636547401817054,-0.103592086891268,76.75621131049844,0.0038669379718251906,12.513376904306245,7.039815365143165,-4.360117709400201,3.010273380949045,-0.02187372772521093,4.360117709400201,0.4230515591467505,3.728887820951336,1.6234978067416084,0.09177648699743968,1.6065791529058968,0.8370744820871139,1.4142115624116159e-08,1.9369353308272976,1.3106703927822838,0.00031490853819970965,1.4141366341982684,0.8752376454989196,0.0015340574593442939,-0.7236628600889886,0,0,0,0.006557294611968929,0.9006280358176602,381,0.2025,0.10935,0.9456630465258827,3,4,-1,0.2234,239,0.7591342391128624,0.061328,0.061328111487438,621.5302646539787,289.80355635027723,0.6091698775546227,0.6091702427254981,0.609170287691728,0.7614628034068727,3.287792279505763e-06,385,0.2435,0.2597,-0.13415,-0.140621,398,0.2757,0.2383,0.34821,0.01588,3,0.0494,-0.3813,0.000424,6.926,0.056,-0.1443,-0.000988,6.983,0.0673,-0.8597,-0.000833,6.907,4.0059,1.7288,1.7431,1.7242,0.3617,1.0,0.56039,0.54808,1.29993,0.24078,0.9395,1.0287,1.095,0.5,2.2354,2.3419,3.1296,24.2248,21.6447,9.6827,52,0.0668,0.7707,53,0.1241,0.4751,3.0
148,1245,214912,0.0,0.0009682685050994888,0.00012782722117141905,0.0009682685050994888,1.1367898069516773,5.324788607885978,4.00053160907754,-77.57152170434264,54.17907555742282,-0.10100095626278258,77.57152170434264,0.003863323988250622,12.485634095265254,7.070658714242098,-4.426544338721087,3.0597589904243145,-0.021900181161538173,4.426544338721087,0.42851421421131286,3.740612232730147,1.626497971433605,0.05989300698739197,1.6365858677726444,0.8035496714067836,0.0,1.9510559237526366,1.3183629917754678,1.0,1.0,1.0,0.001525526149796494,-0.7218526538154397,0,0,0,0.006765048956202468,0.902226120985897,381,0.2046,0.09593,0.9463573634775352,4,4,0,0.2055,239,0.7602919037864762,0.099248,0.09924784277406373,621.5321909177056,289.80445451744663,0.6091698709043377,0.6091702387477946,0.609170287691728,0.7614627984347433,3.3411098069964198e-06,385,0.2508,0.2425,-0.10467,-0.075226,399,0.2777,0.2426,0.34893,0.017345,3,0.0514,-0.4147,0.001605,6.922,0.0569,-0.088,-0.000324,6.984,0.0697,-0.8699,-5e-06,6.895,4.0033,1.7292,1.7447,1.7222,0.3625,1.0,0.5599,0.54342,1.30019,0.2405,0.9396,1.0286,1.0948,0.4996,2.2314,2.3377,3.124,24.3177,21.5347,9.6508,52,0.1025,-0.5097,53,0.0697,-0.2791,5.0
149,1245,214912,1.4161041933875136e-23,0.000985682946952286,0.00013218678509930364,0.000985682946952286,1.1430382866739814,5.3261930690652495,4.000540302335534,-67.22119990848164,54.27133535903807,-0.13685173605937298,67.22119990848164,0.022006298223852028,12.559409940608095,7.097179015755198,-4.444513061482492,3.108020810731097,-0.022369656181017383,4.444513061482492,0.43047501877806116,3.751798177985839,1.6276805992217496,0.06129908275407481,1.666998623998167,0.8140357246105621,1.4142115624116159e-08,1.9567442343303372,1.3273918199162071,0.00476536449145204,1.4140038015951966,0.9283177185302917,0.0014441988286055993,-0.7198470889758594,0,0,0,0.0074316042753677135,0.9040520116160378,381,0.2143,0.07838,0.9372074682601784,2,2,0,0.2055,237,0.7592211895355657,0.062389,0.06238948476047623,621.5330610294108,289.80486022812704,0.6091698634094341,0.609170236895779,0.609170287691728,0.7614627961197237,3.4011953635849355e-06,385,0.248,0.2326,-0.10813,-0.113841,399,0.2752,0.2375,0.34745,-0.024264,3,0.0533,-0.4437,0.002113,6.928,0.0591,0.0015,-0.000335,6.991,0.0683,-0.8968,0.000665,6.886,4.004,1.7302,1.7461,1.7198,0.3618,1.0,0.56021,0.54575,1.30052,0.24318,0.9371,1.0309,1.1,0.5004,2.2295,2.3357,3.1851,24.2975,21.4815,9.6351,52,0.2211,-0.744,53,0.2063,-0.7141,-0.0
150,1246,214913,0.0,0.0009910526514985175,0.00013195650553367048,0.0009910526514985175,1.1507436205019073,5.329435805995706,4.0003114687841554,-68.75149486756389,54.398195758316575,-0.10225958028826945,68.75149486756389,0.008454004815842353,12.560859828725942,7.074754186317756,-4.51072237131885,3.154219852355463,-0.022201563642091127,4.51072237131885,0.4351920379128895,3.7614639407394908,1.629463642689329,0.08324924254368771,1.696333730886511,0.8134981712938325,0.0,1.9705776748992672,1.3356022243651489,1.0,1.0,1.0,0.0013209197025275013,-0.7177954663259697,0,0,0,0.00732426356429527,0.9053014771559994,381,0.2176,0.05223,0.9690045659247384,3,3,0,0.209,235,0.7582246421370972,0.023096,0.023096037574029227,621.5330331062779,289.8048472082893,0.609169861098044,0.6091702369557906,0.609170287691728,0.7614627961947382,3.4197242076707767e-06,385,0.2475,0.2322,-0.10403,0.073125,400,0.2683,0.2382,0.34541,-0.010228,3,0.0542,-0.427,-0.000348,6.936,0.0588,0.0852,-0.000938,6.989,0.0665,-0.9373,0.00066,6.885,4.005,1.7318,1.7451,1.7192,0.3611,1.0,0.558,0.54802,1.29999,0.24297,0.939,1.029,1.0959,0.5,2.2267,2.3328,3.2447,24.4033,21.3484,9.5875,52,0.2537,-0.7794,53,0.2595,-0.8054,1.0
151,1247,214914,0.0,0.0009989608869779031,0.00013282325221768512,0.0009989608869779031,1.1589577977677676,5.332968934799371,4.00032449119085,-69.7829023362331,54.69243894513685,-0.12396317541831146,69.7829023362331,0.004517641637723576,12.560533045683288,7.104771725527328,-4.535109294184428,3.1822274107695545,-0.0232799724547485,4.535109294184428,0.4378976817372412,3.770175752887007,1.630185154196264,0.0882608200378413,1.7181006422765928,0.8268850025792523,0.0,1.9804753431081883,1.3435800281805212,1.0,1.0,1.0,0.0011073198613913383,-0.7156213777777769,0,0,0,0.007642182748254524,0.906435527577194,381,0.225,0.03989,1.0023397298237728,4,4,0,0.2361,235,0.7588772398380698,-0.011072,-0.011072161783850065,621.5330204598632,289.8048413115918,0.6091698576940616,0.6091702369829318,0.609170287691728,0.7614627962286648,3.447012418622235e-06,385,0.2493,0.2389,-0.10984,0.023705,401,0.2623,0.2187,0.3595,-0.013889,3,0.057,-0.3474,-0.000331,6.946,0.06,0.1022,-0.002041,6.986,0.0655,-0.9683,0.000543,6.878,4.0049,1.7344,1.7443,1.7174,0.3612,1.0,0.55754,0.55145,1.30028,0.2435,0.9406,1.0274,1.0923,0.5004,2.2243,2.3302,3.3047,24.4222,21.29,9.5716,52,0.131,-0.8759,53,0.1508,-0.9852,0.0
152,1247,214914,3.4175412165971505e-23,0.0010145155631561802,0.00013786650768185827,0.0010145155631561802,1.1653802308226233,5.334204073735124,4.0003182894814975,-70.83802305495881,54.834657998750764,-0.11898781230056112,70.83802305495881,0.006758548527031394,12.546683350930369,6.903182182257796,-4.5454743582171195,3.208616779724278,-0.023563747440445648,4.5454743582171195,0.43998848241744754,3.777165840838718,1.6306485447257444,0.05890617607210302,1.7187344472679396,0.8143021792958415,1.4142115624116159e-08,1.9917745933221176,1.352459869571519,5.090063344859175e-05,1.4131194899444908,0.786507237848174,0.0008221403163085518,-0.7134915347815262,0,0,0,0.008823281101258034,0.9079918517288019,381,0.2364,0.0542,1.0088883805107756,5,4,1,0.2609,236,0.7598568191556768,0.034258,0.03425809519027312,621.5338642283286,289.80523473909795,0.6091698509998236,0.6091702351557299,0.609170287691728,0.7614627939446623,3.5006806004367553e-06,385,0.2573,0.2614,-0.12218,0.122532,401,0.2676,0.2237,0.35985,-0.04706,3,0.0616,-0.0914,-0.00256,6.97,0.064,-0.0167,-0.003979,6.981,0.0689,-0.9942,0.000408,6.879,4.0089,1.7387,1.7414,1.716,0.3589,1.0,0.55513,0.54645,1.30064,0.24502,0.9393,1.0286,1.0951,0.5004,2.2231,2.3289,3.3028,24.5899,21.1368,9.5078,52,0.0904,0.6341,53,0.1448,-0.1676,1.0
153,1248,214915,0.0,0.001009265164554022,0.0001429051168564042,0.001009265164554022,1.1735113854847061,5.3374009266395115,4.000173286065297,-69.32573272964525,54.907260457130896,-0.15398814806437836,69.32573272964525,0.007620544457399958,12.554126043118117,6.882327920144392,-4.644125627345208,3.23142515595237,-0.024030983537760005,4.644125627345208,0.4436091643811149,3.78271896798431,1.6321382827204531,0.08414874968757013,1.736557131269399,0.8300295418104838,0.0,2.004242364714191,1.3592349379626687,1.0,1.0,1.0,0.0005430769741421993,-0.7111543763841295,0,0,0,0.00908941998911075,0.9092708761077273,381,0.235,0.08246,0.9782510810355854,2,2,0,0.2643,235,0.7599358290460346,0.015273,0.015272677597126583,621.5353350399163,289.805920540664,0.6091698532612791,0.609170231893357,0.609170287691728,0.7614627898666961,3.482555369024655e-06,385,0.2715,0.2823,-0.12979,0.111417,402,0.2678,0.2246,0.34298,-0.032637,3,0.0643,0.1214,-0.001632,6.978,0.0634,-0.0645,-0.001547,6.973,0.0728,-0.9984,0.000263,6.88,4.0089,1.7405,1.7395,1.7161,0.3597,1.0,0.55526,0.54405,1.30085,0.24462,0.9416,1.0263,1.09,0.5,2.2205,2.3263,3.2991,24.6977,21.0422,9.4763,52,0.2694,0.6994,54,0.2793,0.3014,2.0
154,1249,214916,0.0,0.001023403251297815,0.00015410372312498556,0.001023403251297815,1.1813313060911337,5.34015649406668,3.999376667414182,-70.21929458143244,54.97139642934888,-0.16615969199258127,70.21929458143244,0.0025228647693747042,12.558352718017618,6.7818953132911375,-4.655718322863207,3.2771011613531966,-0.025136138840177746,4.655718322863207,0.44479304887080934,3.7871400092010536,1.632235569760889,0.06161581754314194,1.7368258847965377,0.802778466940018,0.0,2.016872612399851,1.3668241080548538,1.0,1.0,1.0,0.00020611656807751288,-0.7089462961555015,0,0,0,0.009104258140720314,0.9100536153637953,381,0.2388,0.10114,0.97883278837677,1,1,0,0.273,236,0.7620993046715138,0.005436,0.005436208119260488,621.5368476341472,289.8066258244005,0.6091698471777689,0.6091702284360521,0.609170287691728,0.7614627855450651,3.5313314469142436e-06,385,0.2888,0.3009,-0.1194,0.179379,403,0.2638,0.2101,0.34142,-0.018133,3,0.0692,0.3131,-0.0016,6.976,0.0633,-0.0672,-0.001098,6.96,0.0764,-0.9686,5.9e-05,6.875,4.0052,1.7416,1.7378,1.7166,0.3609,1.0,0.55575,0.54185,1.30098,0.24724,0.9425,1.0253,1.0878,0.5004,2.2184,2.3241,3.3593,24.6291,21.0574,9.4922,52,0.3023,0.5882,53,0.3427,0.3568,2.0
155,1251,214918,0.0,0.001023089835456472,0.00016280586956600037,0.001023089835456472,1.1902948975761154,5.344440729913738,3.998382132388069,-71.1958769133706,55.002504490856474,-0.20521945675846703,71.1958769133706,0.004483983830796855,12.562035358261522,6.74164141296913,-4.68669811097993,3.260732607926466,-0.027357416052599715,4.68669811097993,0.4465869112473083,3.7941211524455265,1.6317660787309527,0.09819558274556084,1.7433400134570631,0.8195833930607979,0.0,2.0287493916602135,1.373382973651815,1.0,1.0,1.0,0.0002485728296477388,-0.706567711457015,0,0,0,0.008904169305239101,0.9112951445867643,381,0.2386,0.11679,0.9677265314851503,6,6,0,0.273,237,0.7638103952123755,0.016525,0.016524931709563706,621.5384476886145,289.80737188859297,0.6091698473140528,0.6091702246656179,0.609170287691728,0.7614627808320223,3.5302408934227034e-06,385,0.2991,0.3008,-0.11864,0.039176,405,0.262,0.2072,0.35516,0.045693,3,0.0714,0.4881,-0.001791,6.979,0.0629,-0.0988,-0.001974,6.958,0.0788,-0.9167,-0.001141,6.874,4.005,1.7425,1.7372,1.7164,0.3618,1.0,0.55542,0.54187,1.30115,0.24798,0.9406,1.0273,1.0922,0.4996,2.215,2.3205,3.2909,24.9526,20.8139,9.3968,52,0.1436,0.4447,53,0.2158,0.384,2.0
156,1251,214918,3.6930138100514075e-24,0.0010528169335024342,0.00017612907931667825,0.0010528169335024342,1.1943357518577722,5.345551402547823,3.9983652623928956,-72.60904202577534,54.774294278654345,-0.18021145607838554,72.60904202577534,0.017094748076296625,12.560411386544503,6.762482029657002,-4.7104692489596784,3.305557241252015,-0.027565250634567155,4.7104692489596784,0.44944451010650077,3.8000019378151193,1.6321796989504782,0.05596375913118734,1.7567682386090975,0.8296741035753128,1.4142115624116159e-08,2.029757454868724,1.3823643125011513,5.992828860756916e-05,1.4140575100735024,0.8707755155455569,0.0007617811115456097,-0.7041572544421384,0,0,0,0.009715042068794687,0.9127896202914952,381,0.2389,0.11391,0.9764394826730785,3,3,0,0.2778,238,0.7653908025899407,-0.027055,-0.027054936479666836,621.5398181064904,289.8080108791566,0.6091698345204367,0.6091702213440421,0.609170287691728,0.7614627766800526,3.6328082522930506e-06,385,0.305,0.2941,-0.08731,-0.084405,405,0.2623,0.2057,0.37295,-0.015465,3,0.0729,0.5647,-0.001727,6.983,0.063,-0.1232,-0.002204,6.956,0.0804,-0.8886,-0.001321,6.873,4.0053,1.7433,1.7368,1.7159,0.3609,1.0,0.55481,0.54169,1.30128,0.24903,0.9431,1.0247,1.0865,0.5004,2.214,2.3194,3.2894,25.0319,20.7344,9.3651,52,0.0951,-0.6189,53,0.0161,-0.0083,3.0
157,1251,214918,1.1128180963134858e-12,0.0010684479024741255,0.00018505588758989532,0.0010684479024741255,1.1913764966750526,5.346568551882076,3.998353800341399,-73.61257306001794,54.81198766102006,-0.2083544460522702,73.61257306001794,0.007925880629263471,12.565202560897088,6.850838169351161,-4.771660491802778,3.33636105608277,-0.02760240310358521,4.771660491802778,0.45495704444700547,3.8047691566891055,1.6339570463119728,0.08352191495270356,1.7728767943257708,0.8181279521015759,0.013973656064256006,2.04372326505188,1.3910720677662227,0.00024770519201688934,1.4140156007845024,0.8986302126225195,0.0012688319696944005,-0.701742348268829,0,0,0,0.009840507472821737,0.9143889210951871,381,0.2415,0.08845,1.001285478959274,3,3,0,0.2846,239,0.7670595636220073,0.000323,0.0003233973085714492,621.5410613447146,289.80859056912385,0.6091698277938428,0.6091702182569849,0.6091702876917275,0.7614627728212311,3.686736477948828e-06,385,0.3028,0.2776,-0.07238,0.052784,405,0.2649,0.2054,0.37268,-0.06014,3,0.0732,0.5878,-0.001224,6.982,0.0643,-0.1098,-0.002569,6.946,0.0806,-0.8687,-0.000551,6.859,4.0006,1.7453,1.7362,1.7145,0.3609,1.0,0.55353,0.55031,1.30075,0.25084,0.95,1.0178,1.0714,0.5004,2.2129,2.3183,3.2877,25.0643,20.6887,9.3491,52,0.2359,-0.3889,53,0.148,-0.2664,4.0
158,1253,214920,0.0,0.0010861270870344522,0.00018995244171257826,0.0010861270870344522,1.186152987149438,5.3512460125528944,3.998306839965565,-74.78022432607735,54.81263731591686,-0.1976119044142345,74.78022432607735,0.015286206280761671,12.556995941566415,6.906112859860965,-4.832009757436489,3.364387002891629,-0.027368108305658615,4.832009757436489,0.45767663818452153,3.809509879963739,1.6346892456523416,0.08625218253465483,1.7915993171091258,0.8135794159224116,0.0,2.057827234758348,1.3978236395105577,1.0,1.0,1.0,0.001756804525906896,-0.6991845135048913,0,0,0,0.008605517829929943,0.9165150809954162,381,0.2286,0.06117,1.0455545130882626,4,4,0,0.2748,233,0.7616472685156592,-0.110186,-0.1101861595094411,621.5421213025172,289.80908480015046,0.6091698201857847,0.6091702155697369,0.609170287691728,0.7614627694621712,3.747733055999383e-06,385,0.3018,0.2707,-0.06983,0.028706,407,0.2711,0.2132,0.36606,-0.02771,3,0.0694,0.5569,0.00079,6.99,0.0625,-0.0486,-0.001398,6.947,0.082,-0.8567,0.000492,6.85,4.0006,1.7472,1.7365,1.7123,0.364,1.0,0.5549,0.55299,1.30242,0.25078,0.9493,1.0186,1.073,0.4996,2.2117,2.317,3.3491,25.1859,20.6071,9.3173,53,0.2009,-0.2171,52,0.1527,-0.4112,-1.0
159,1253,214920,2.925595287788258e-23,0.001113637056766582,0.00019126714684317568,0.001113637056766582,1.1832728765285816,5.352088697259075,3.9983145204896484,-75.74055690895577,54.20595854321422,-0.2075926331672055,75.74055690895577,0.005806050005428381,12.531450040977875,6.9424673838537165,-4.810608106857229,3.3779070921952323,-0.02728402885429252,4.810608106857229,0.46361242052452706,3.812045766164538,1.6361198962594965,0.08135485566674294,1.7941309381049293,0.8249205467868411,1.4142115624116159e-08,2.0634517797758436,1.4066396947001323,0.0029334888558230077,1.4139291863844727,0.9212309025834527,0.0022543893189484344,-0.6965737730232745,0,0,0,0.007047678697457992,0.9176808660771667,381,0.2133,0.04519,1.0419525543036785,6,6,0,0.256,233,0.762758788485898,-0.022776,-0.022775755014410093,621.5426255729645,289.80931992847377,0.6091698083450579,0.60917021427329,0.609170287691728,0.7614627678416125,3.842654394418484e-06,385,0.3008,0.2741,-0.09806,-0.111381,407,0.2778,0.2154,0.36555,0.002754,3,0.0648,0.493,0.002104,6.986,0.06,0.1003,0.000548,6.95,0.0838,-0.8162,0.000498,6.84,3.9985,1.7472,1.7381,1.7107,0.3629,1.0,0.55348,0.55395,1.30252,0.25182,0.9441,1.0236,1.0842,0.5004,2.2109,2.3162,3.348,25.2227,20.5652,9.3017,53,0.0514,0.2757,52,0.0545,-0.9987,2.0
160,1253,214920,2.767640962944481e-11,0.001112228650460663,0.00018441468558942823,0.001112228650460663,1.1804371453692923,5.352816489351621,3.998331671471509,-76.70300781808044,54.066189624696406,-0.1815242698930245,76.70300781808044,0.01653411870074528,12.565865627490327,7.0627110182970805,-4.875526636510709,3.3975402040869964,-0.027346558248460332,4.875526636510709,0.4701762972038826,3.814164684767975,1.6383713251171697,0.08129195059785455,1.8020362884410563,0.8198916304057968,0.014139230618112099,2.0774574124736827,1.4158520037611242,0.0018212308367789865,1.413916633082456,0.8418915788437366,0.0026923738871493246,-0.6938724505621924,0,0,0,0.00481236915874881,0.9206633494635251,381,0.174,0.10585,1.022055772845329,8,7,1,0.2351,229,0.7589353141025142,-0.040367,-0.04036690414218236,621.5420635793209,289.80905788531055,0.6091698089509999,0.6091702157174002,0.6091702876917161,0.7614627696467502,3.8377980956717305e-06,385,0.2981,0.2881,-0.12992,-0.107489,407,0.2859,0.2202,0.35948,0.074617,3,0.0527,0.4448,0.00116,7.006,0.0505,0.2118,-0.001809,6.952,0.0854,-0.7811,0.001909,6.833,4.0013,1.7508,1.7374,1.7077,0.365,1.0,0.55607,0.54875,1.30182,0.25258,0.9457,1.022,1.0808,0.5004,2.2103,2.3155,3.347,25.2605,20.5241,9.2857,53,0.2029,0.8026,53,0.1733,0.4832,4.0
161,1254,214921,0.0,0.001098474241253032,0.00017959211068549195,0.001098474241253032,1.1765844035302815,5.355486140041408,3.998331655103421,-77.57209005576675,53.38599498230961,-0.22753330291057786,77.57209005576675,0.014110068536602682,12.56363886940035,7.030989904358595,-4.923498386610183,3.4360677219643962,-0.028341089117693168,4.923498386610183,0.47754259235565605,3.817493585559516,1.6403526249422629,0.08755257797293825,1.8129787570672478,0.8135716918823165,0.0,2.08723246496669,1.4231351375219496,1.0,1.0,1.0,0.003099120373825336,-0.6911571351988411,0,0,0,0.0030012111921791573,0.9340811141617327,381,0.1174,0.17117,0.9929486698939036,7,7,0,0.1992,221,0.7482928104033559,-0.036444,-0.03644446235765009,621.5417197388961,289.80889756137526,0.6091698148714447,0.6091702165939816,0.609170287691728,0.761462770742477,3.790339946413822e-06,385,0.3063,0.3009,-0.15425,-0.058651,408,0.2859,0.2182,0.34928,-0.000482,3,0.0369,0.6205,-0.003734,7.092,0.0345,0.0519,-0.012484,6.971,0.0878,-0.7509,0.000495,6.832,4.0217,1.7634,1.7334,1.6987,0.3733,1.0,0.55405,0.55064,1.30145,0.25366,0.949,1.0187,1.0735,0.5,2.2087,2.3138,3.3445,25.332,20.4739,9.2697,54,0.326,0.8163,58,0.2406,0.7546,6.0
162,1254,214921,8.058377488789634e-23,0.0011214187783820512,0.00018768020124434337,0.0011214187783820512,1.173880499354975,5.356102786858858,3.9983490288923567,-72.15302004930615,53.27688054459841,-0.22182206211344502,72.15302004930615,0.002944729488284281,12.556972126693722,6.903279486098929,-5.004142447220172,3.4412499998198465,-0.028428185274229453,5.004142447220172,0.4839373168965303,3.818978169525003,1.6418438393446702,0.11485341969413443,1.8253497634957592,0.8311619150875449,1.4142115624116159e-08,2.0906742472067563,1.4319588733045328,0.0031246828161626272,1.4140553713137942,0.9509032434475712,0.003508501381100633,-0.6883186413201352,0,0,0,0.0037790174480336145,0.935525830530286,381,0.1342,0.17378,1.0137633343591563,2,2,0,0.1734,219,0.7478370729686328,0.400275,0.40027472175488277,621.542889340282,289.8094429163812,0.6091698049955749,0.6091702135905384,0.609170287691728,0.761462766988173,3.869503930227747e-06,385,0.3173,0.3115,-0.17568,-0.082264,408,0.2847,0.2206,0.34379,-0.043416,3,0.0429,0.979,-0.007237,7.078,0.0386,-0.5578,-0.001302,6.928,0.0906,-0.7152,-0.000593,6.841,4.0125,1.7641,1.7267,1.7049,0.3893,1.0,0.55751,0.54912,1.30205,0.25352,0.9504,1.0173,1.0704,0.5,2.2073,2.3124,3.3424,25.316,20.461,9.2697,53,0.2726,0.748,57,0.195,0.8325,3.0
163,1254,214921,8.208388911662594e-12,0.0011270945374094263,0.00020269042574091892,0.0011270945374094263,1.171213553111841,5.356675929971288,3.9983677188654516,-72.47611832220498,54.18271706968429,-0.24264270612627545,72.47611832220498,0.007985330418996739,12.54987269732362,6.775399847072091,-5.1004114157166205,3.4952035411878715,-0.029212991265903262,5.1004114157166205,0.49225649221035683,3.821225578951125,1.6444127717843708,0.0877255503871438,1.845874933335267,0.8272307681665343,0.014089323572620082,2.104794377013803,1.441467905909812,0.0043794787565052395,1.4140093328950696,0.9800693952682308,0.003925126715590404,-0.6854446389656088,0,0,0,0.008849838689093763,0.9243585263813555,381,0.2246,0.13903,1.0258854887214248,3,3,0,0.2489,228,0.7625122042657521,0.158368,0.15836830635881238,621.543455577193,289.80970693807063,0.6091698025527563,0.6091702121142417,0.6091702876917245,0.7614627651428021,3.889084838867302e-06,385,0.3271,0.3037,-0.18805,-0.018279,408,0.2826,0.218,0.349,0.064919,3,0.0742,0.9958,0.00065,6.98,0.0645,-0.7002,0.012346,6.89,0.0929,-0.632,-0.001278,6.844,3.9865,1.7508,1.7284,1.7168,0.3812,1.0,0.55883,0.55058,1.30161,0.25371,0.9448,1.0229,1.0827,0.5,2.2058,2.3108,3.4663,25.2542,20.4124,9.254,53,0.142,0.9563,53,0.1393,0.8887,3.0
164,1254,214921,1.4046072931716064e-10,0.0011316120656148859,0.00022357600850896373,0.0011316120656148859,1.1685862045084459,5.357149757198008,3.998385289496424,-73.03057532937439,54.3529106065474,-0.21263086376100415,73.03057532937439,0.007405726790643302,12.563295267568874,6.751514947471611,-5.175458395778366,3.538756256921337,-0.028892707279381105,5.175458395778366,0.5009287105559794,3.822573521678264,1.6467536981961595,0.06210561013092819,1.861736441430156,0.8187279859099544,0.02300249443451178,2.118883604958656,1.4512685999225536,0.0001911749194825063,1.414086969714881,0.900734651804497,0.0043414917394081565,-0.6825297208120465,0,0,0,0.01586922709777955,0.9229319006906046,381,0.2883,0.06658,1.0718679735872727,5,5,0,0.2947,229,0.7665744360995462,-0.023128,-0.023128100163591236,621.5464556647422,289.8111058016346,0.6091698006130164,0.6091702040502266,0.6091702876916676,0.7614627550627832,3.904653903737679e-06,385,0.3358,0.2981,-0.1656,-0.018686,408,0.2768,0.2113,0.34339,0.101774,3,0.0974,0.9968,0.000577,6.945,0.0807,-0.6339,0.005284,6.88,0.0935,-0.5705,-0.000225,6.85,3.979,1.7454,1.7291,1.7215,0.3671,1.0,0.56235,0.54401,1.30094,0.25683,0.9418,1.0259,1.0893,0.5,2.2043,2.2043,3.5898,25.2818,20.3284,9.2222,53,0.1266,0.311,53,0.0811,0.3727,4.0
165,1256,214924,0.0,0.0011504100015461984,0.00023647731799150262,0.0011504100015461984,1.1635496310130578,5.360589714402438,3.9968703974327235,-73.48387032031992,54.41880346756695,-0.26542807586029127,73.48387032031992,0.0026164892433264697,12.554598182445341,6.718002571752803,-5.243170147251945,3.5618424916317886,-0.030660878221946835,5.243170147251945,0.5091186521382213,3.8233108175429034,1.6476981145787224,0.13361265383805476,1.8841113549961401,0.8199873492421919,0.0,2.1330099270869645,1.4579506661988395,1.0,1.0,1.0,3.373615066460438e-05,-0.6795030961772761,0,0,0,0.020862027972786638,0.9238939950722332,381,0.3143,0.05827,1.10307882301986,2,2,0,0.335,228,0.7673565185539737,-0.020325,-0.020324665331221015,621.5487634268511,289.812181851675,0.6091697925251585,0.6091701975693855,0.609170287691728,0.7614627469617319,3.969501882895229e-06,385,0.341,0.2875,-0.15936,0.011934,410,0.2716,0.1976,0.34419,-0.02586,3,0.1075,0.9986,8.4e-05,6.933,0.0862,-0.5585,0.000882,6.874,0.0933,-0.5132,-0.000259,6.846,3.9747,1.7443,1.7295,1.7223,0.366,1.0,0.56421,0.54068,1.30137,0.25692,0.9476,1.02,1.0764,0.5,2.2019,2.2019,3.6488,25.3891,20.2364,9.1904,53,0.2319,-0.3575,52,0.2068,-0.5566,5.0
166,1256,214924,3.096974262552518e-23,0.0011819008404781413,0.00025343695029506796,0.0011819008404781413,1.1609833301020807,5.3610230483354915,3.996877186127914,-74.36324941951214,54.49007718631778,-0.2634587801100512,74.36324941951214,0.002164149500478274,12.565760479520726,6.676894203139287,-5.291235566495059,3.540255049615112,-0.030927310900129287,5.291235566495059,0.5168505169205686,3.8234438769162877,1.6485116758651692,0.05593971340028329,1.9061391666319492,0.8299161790227633,1.4142115624116159e-08,2.1461039857515107,1.466871349461256,0.000984178507675515,1.4139915584251386,0.928937353020759,0.00023965652027794368,-0.6764661800075481,0,0,0,0.022882902359551132,0.9251100080170445,381,0.3191,0.06527,1.1067261351839648,2,2,0,0.3519,229,0.7696226052159936,-0.07126,-0.07125951906256534,621.5510218863171,289.81323491316266,0.6091697789740573,0.609170190992876,0.609170287691728,0.7614627387410949,4.0781465374839655e-06,385,0.3485,0.2898,-0.17172,-0.02351,410,0.2728,0.2,0.34439,-0.0567,3,0.1114,0.9986,0.000844,6.933,0.0876,-0.4977,0.000258,6.874,0.0955,-0.4509,0.000625,6.842,3.9742,1.7446,1.7297,1.7217,0.366,1.0,0.5672,0.54243,1.30137,0.25688,0.9506,1.0169,1.0697,0.5,2.2005,2.2005,3.6466,25.4183,20.1889,9.1747,52,0.2371,-0.6111,52,0.2825,-0.6956,0.0
167,1256,214924,2.3273500759760906e-11,0.0012325922602694967,0.0002706776341041485,0.0012325922602694967,1.158446386296179,5.361427050620159,3.9968837032649467,-75.36558176418777,55.92470552838495,-0.2604165280786578,75.36558176418777,0.007394906533938534,12.548985098384158,6.642035962961886,-5.357172856711755,3.550749846655616,-0.03134211438248424,5.357172856711755,0.5222921511254403,3.822783960117459,1.649418579612852,0.06677161652490793,1.9252521448424658,0.8271092496425048,0.014136884712544685,2.1600655992182842,1.4761607227184652,0.0035746716353239893,1.4141028714554844,0.875155348388608,0.0004415664845072824,-0.6734578128719999,0,0,0,0.024554307624872235,0.9265154186613057,381,0.3161,0.08365,1.076494737710709,3,4,-1,0.3634,230,0.7715975417208893,-0.1037,-0.10370039712062606,621.5530007404769,289.8141576018966,0.6091697571580919,0.6091701850404613,0.6091702876917181,0.7614627313005765,4.2530436417210775e-06,385,0.3595,0.3089,-0.19293,0.011246,410,0.2737,0.2003,0.33997,-0.028766,3,0.1138,0.9922,0.001246,6.935,0.0869,-0.4829,-0.000939,6.879,0.0988,-0.3703,-0.000342,6.833,3.9735,1.7452,1.7313,1.7195,0.365,1.0,0.56743,0.54323,1.30084,0.25971,0.9466,1.0209,1.0784,0.5,2.1992,2.1992,3.6444,25.3584,20.2119,9.1906,52,0.1037,-0.8918,52,0.1734,-0.8785,-0.0
168,1256,214924,6.202926547275251e-11,0.0012614062776393578,0.0002830053301226554,0.0012614062776393578,1.1559420848164004,5.361796048951404,3.996888063717351,-71.55286592936248,55.35386387452451,-0.27300712024520885,71.55286592936248,0.0029600655680912524,12.550454539994831,6.582372484238862,-5.3946848346712715,3.5833079452812653,-0.031837720164525025,5.3946848346712715,0.526914558754948,3.8213314711217934,1.6503220208962157,0.08235981107936241,1.945765772259033,0.8123505708152469,0.024623711802247403,2.1715268881117704,1.4849122763135902,0.0001765138378373443,1.413843985306054,0.9259231179905582,0.0008050931839130485,-0.6704199857431768,0,0,0,0.027755697848252953,0.9276403776560134,381,0.3187,0.075,1.1011922155519678,4,4,0,0.3681,231,0.7739714816102603,-0.052295,-0.0522948125473921,621.5548082920453,289.81500041664367,0.6091697447582209,0.6091701794481184,0.6091702876917013,0.7614627243101479,4.352453378279025e-06,385,0.3598,0.317,-0.20472,-0.053826,410,0.2779,0.2085,0.33171,-0.008082,3,0.1148,0.9831,0.001457,6.932,0.0889,-0.4942,0.001157,6.881,0.1003,-0.3268,0.000659,6.83,3.9729,1.7447,1.7321,1.7192,0.3665,1.0,0.57124,0.53818,1.30013,0.26089,0.945,1.0225,1.0819,0.5,2.198,2.198,3.7051,25.2991,20.2004,9.1904,51,0.1103,-0.6045,51,0.1229,-0.8883,1.0
169,1259,214927,0.0,0.0017370341670011038,0.0002922858019289685,0.0017370341670011038,1.1495990124514541,5.367955970917145,3.997426423691514,-75.57503541311944,55.669461313407226,-0.33538521102162,75.57503541311944,0.0002185098772269356,12.557069216284333,6.575537722284736,-5.455953688112082,3.633090311656642,-0.03405835512046028,5.455953688112082,0.5338948202131432,3.81919719811044,1.6510709263398187,0.08249941547200734,1.9682576905265001,0.8094388850109904,0.0,2.1855177648298274,1.490611130271755,1.0,1.0,1.0,0.0012771940726950294,-0.6671846659847125,0,0,0,0.032199873747161364,0.9287290084606895,381,0.3319,0.08104,1.1207037182386734,2,2,0,0.3618,231,0.7754614194311262,-0.018895,-0.018895211623180863,621.5563256705364,289.81570793115753,0.6091695400424844,0.6091701746394499,0.609170287691728,0.7614627182993123,5.9935818503451055e-06,385,0.3591,0.3331,-0.21727,-0.168918,413,0.2734,0.199,0.31806,0.073831,3,0.1193,0.9626,0.001407,6.923,0.0912,-0.5362,0.002166,6.871,0.0987,-0.2876,0.001966,6.825,3.9682,1.7445,1.7315,1.72,0.3692,1.0,0.57588,0.53697,1.30077,0.26002,0.9486,1.0189,1.0741,0.4996,2.1936,2.1936,3.8858,25.2487,20.1601,9.1904,51,0.182,-0.0205,52,0.1624,-0.1153,1.0
170,1260,214928,0.0,0.0018016637772443958,0.00029168126729631314,0.0018016637772443958,1.1462625059529763,5.369669699274809,3.9969138052721447,-73.22955748703784,56.26011308013829,-0.3360811844435977,73.22955748703784,0.009663495089636598,12.561603988709766,6.587935412186724,-5.407019675646693,3.6860578098078602,-0.03395876534379527,5.407019675646693,0.5376037807825311,3.816739059089431,1.6508125200093138,0.06968777862628295,1.9877838123675444,0.8289707643764371,0.0,2.195563259556627,1.4975881442797854,1.0,1.0,1.0,0.001902745319504444,-0.6639002801926854,0,0,0,0.03497890516788004,0.9297169510965752,382,0.3449,0.08161,1.1179091803868209,3,3,0,0.3548,228,0.773111257618387,0.018103,0.01810295261526562,621.5570907796424,289.8160646818301,0.6091695122269891,0.6091701721752638,0.609170287691728,0.7614627152190797,6.216576638780612e-06,385,0.3514,0.3284,-0.22244,-0.060461,413,0.2779,0.2038,0.31921,-0.008099,3,0.1214,0.94,8.4e-05,6.918,0.0965,-0.5271,0.000525,6.872,0.0984,-0.2056,-0.000431,6.826,3.9674,1.7436,1.732,1.7204,0.3681,1.0,0.57659,0.53726,1.30178,0.26107,0.9502,1.0173,1.0706,0.5,2.1943,2.1943,3.887,25.2121,20.2363,9.2222,51,0.1919,0.17,52,0.251,0.4031,-1.0
171,1260,214928,1.471595060597753e-23,0.0018132229284336257,0.00028064532747399084,0.0018132229284336257,1.1438152963511716,5.369920882469668,3.9969093442870034,-74.01308247438824,56.53677500374934,-0.28165628887011174,74.01308247438824,0.0028582507230296983,12.565549933622783,6.606746639991939,-5.384787575568614,3.7292424922995426,-0.03463049703130086,5.384787575568614,0.5416505923968702,3.8142173435942377,1.6505786541212966,0.06124395609019839,2.0045969568403192,0.8233140142909953,1.4142115624116159e-08,2.20760459682731,1.5057424197534641,0.0010984945516165912,1.4141897121784985,0.900369803217965,0.002684466377061788,-0.6607109151498743,0,0,0,0.03631666926728512,0.9308558028223478,382,0.3524,0.07093,1.1108181202077467,4,4,0,0.3633,226,0.7720688295283819,0.020945,0.020944555943774867,621.5563313736334,289.8157105903648,0.6091695072511193,0.6091701746212838,0.609170287691728,0.7614627182766046,6.256468721933765e-06,385,0.331,0.3161,-0.22017,0.223897,413,0.2923,0.2184,0.33224,-0.021251,3,0.1168,0.9315,-0.001025,6.913,0.1039,-0.4836,-0.000626,6.874,0.0976,-0.1319,-0.001772,6.827,3.9673,1.7425,1.7328,1.7208,0.3646,1.0,0.57069,0.54206,1.30232,0.26363,0.9494,1.018,1.0722,0.5,2.1932,2.1932,3.8852,25.1998,20.2265,9.2224,51,0.1131,0.1205,52,0.2147,0.5159,-1.0
172,1260,214928,4.68906492628571e-11,0.0018307962954463098,0.000277887461969079,0.0018307962954463098,1.1413824375166706,5.370071316038907,3.9969073431740108,-74.83925292997145,56.58633814575441,-0.3221122233408978,74.83925292997145,0.006612360429176789,12.562132224984467,6.556848140390933,-5.46650472513308,3.780696182803963,-0.03466499279972559,5.46650472513308,0.5504072310378303,3.8103476985691493,1.6514187983023367,0.11549479591205436,2.027347993147199,0.8408821923896489,0.014141885880060833,2.221278867873501,1.5147461171490237,0.0002223755635940572,1.4141816322913048,0.8987142040089071,0.0036292601957820967,-0.6573519223849296,0,0,0,0.03715086837515094,0.9319117164431305,382,0.3601,0.04812,1.1571327543088419,6,6,0,0.369,226,0.7730457633505143,0.027889,0.02788852441136358,621.5556708505412,289.81540260545717,0.6091694996861045,0.6091701767276252,0.6091702876917079,0.7614627209095315,6.3171117855964365e-06,385,0.3056,0.2931,-0.21938,-0.140983,413,0.3015,0.2239,0.34668,-0.024901,3,0.1102,0.9307,-0.000289,6.913,0.1098,-0.4407,4.1e-05,6.872,0.0932,-0.0818,0.000293,6.828,3.967,1.7427,1.7322,1.7212,0.3661,1.0,0.57546,0.54379,1.30197,0.2643,0.95,1.0174,1.071,0.5,2.1922,2.1922,4.0712,25.0981,20.1819,9.2062,51,0.0622,-0.4551,52,0.0533,0.9359,5.0
173,1260,214928,6.372253912862011e-11,0.0018974499060587851,0.00027360008683182573,0.0018974499060587851,1.1389569825487413,5.370138686759868,3.9969063626210155,-75.75920541028135,56.530565705297235,-0.32739098262909166,75.75920541028135,0.001983011931892875,12.551939511105727,6.59134317747124,-5.550957383466178,3.806571090772802,-0.03504222632223286,5.550957383466178,0.5553757471764489,3.806053403356366,1.6522429829476764,0.07130875548560578,2.0492860179928516,0.8349998852536391,0.02826781642444973,2.2354103208828633,1.5237332594784379,0.006176901877258945,1.4141897844674842,0.8968844779771409,0.004761781289898809,-0.6541400575058494,0,0,0,0.03685983940407552,0.933022247429519,382,0.3623,0.0474,1.171277624992394,4,4,0,0.3697,225,0.7729059443097216,-0.011614,-0.011613877356009494,621.553969375974,289.814609251684,0.6091694709936969,0.6091701820624352,0.6091702876917006,0.761462727578044,6.547116140756662e-06,385,0.279,0.2663,-0.21919,-0.182749,413,0.3078,0.2283,0.35672,0.005767,3,0.1013,0.9224,0.000502,6.923,0.1132,-0.4277,-2.7e-05,6.868,0.0872,-0.0454,0.001825,6.828,3.9681,1.7445,1.7309,1.7206,0.3664,1.0,0.57758,0.54702,1.30158,0.26387,0.9535,1.0139,1.0634,0.5,2.1911,2.1911,4.0692,25.1305,20.1372,9.1905,51,0.1438,-0.5491,52,0.0892,-0.6295,4.0
174,1260,214928,2.29131422475415e-11,0.002093375261869039,0.0002744841292882245,0.002093375261869039,1.1365383227715777,5.3701305900983005,3.9969067482233718,-76.69964758290047,56.47509011652265,-0.3299685049893477,76.69964758290047,0.00376252279641065,12.548994140833932,6.5336719988975185,-5.62600195969415,3.8315654211432926,-0.035237134342361656,5.62600195969415,0.5641530614834922,3.800937622248695,1.653059280709827,0.09677992447684858,2.0726022779906668,0.8322726583835981,0.04238929300478037,2.2495450304182847,1.5327021034187307,0.002395909677833097,1.4140405983178261,0.9092626826687866,0.0060952036951431275,-0.6508429085568275,0,0,0,0.038976149570128335,0.9341342457958487,382,0.37,0.0657,1.140304730554072,4,4,0,0.383,226,0.7747577976634892,-0.025406,-0.025405985216801374,621.5542956220424,289.814761371824,0.6091693866638925,0.6091701810496499,0.6091702876917182,0.7614627263120624,7.2231492004070104e-06,385,0.2481,0.2276,-0.25373,0.209488,413,0.315,0.2321,0.36762,-0.010866,3,0.0923,0.9119,0.002109,6.935,0.1179,-0.4044,0.000464,6.874,0.0794,0.0066,0.002146,6.827,3.9716,1.7462,1.7309,1.719,0.3668,1.0,0.58009,0.55251,1.30084,0.26858,0.9588,1.0086,1.052,0.5,2.19,2.19,4.0672,25.1185,20.1276,9.1907,51,0.09,-0.7121,51,0.1105,-0.9725,1.0
175,1261,214929,0.0,0.0022322103539514234,0.00027246376735858794,0.0022322103539514234,1.1270544045486006,5.367062711340927,3.9967848587284096,-77.63422266060057,56.3300438440338,-0.29820045562536135,77.63422266060057,0.014724705141087925,12.56495424178416,6.601700208647489,-5.723845506708749,3.8906923821843487,-0.03594655446533974,5.723845506708749,0.571176140576369,3.7952144475918215,1.653814370308644,0.0907968360293131,2.097752501135981,0.8294377803858659,0.0,2.263630145062902,1.5405720529902134,1.0,1.0,1.0,0.007639361294515276,-0.6474005611257677,0,0,0,0.041340267795882235,0.9352341627839661,382,0.375,0.0651,1.1158185058372274,5,6,-1,0.3895,226,0.775580677179586,-0.026966,-0.02696582251394486,621.5537321804122,289.8144986535019,0.6091693269067794,0.6091701827959866,0.609170287691728,0.7614627284949832,7.702203872899479e-06,386,0.2269,0.1999,-0.26743,-0.080798,413,0.3129,0.2268,0.3557,-0.018591,3,0.086,0.8898,0.002021,6.945,0.1185,-0.4008,0.000115,6.878,0.0724,0.0616,0.001871,6.823,3.9735,1.7479,1.731,1.717,0.3656,1.0,0.57873,0.56092,1.30088,0.26458,0.9555,1.012,1.0592,0.4996,2.1885,2.1885,4.0643,25.2344,20.0436,9.1586,51,0.0706,0.5084,52,0.0817,-0.4889,2.0
176,1261,214929,6.267120543249173e-23,0.0023103832590256656,0.0002731011398925522,0.0023103832590256656,1.1127386591241408,5.366964231761836,3.9967825176968943,-70.07652449632687,55.84231267166407,-0.27882363455700987,70.07652449632687,0.0011931163561250636,12.557030085152483,6.605278884781067,-5.731730162059473,3.889795098361052,-0.036549565834548645,5.731730162059473,0.5744060317233728,3.7895113702863066,1.6536727113652072,0.1124122979381258,2.1138415661071615,0.8338391400510752,1.4142115624116159e-08,2.2774342361261812,1.5489956213178648,0.0074079211290477565,1.414071344479942,0.9622425366587948,0.008527443738970764,-0.6438583095608095,0,0,0,0.044332954756505186,0.9361113430581633,382,0.3787,0.07925,1.1380710318940597,1,1,0,0.3897,226,0.7767240530560342,0.001108,0.0011078690126731239,621.5540395264832,289.8146419610598,0.6091692932597784,0.6091701818451385,0.609170287691728,0.7614627273064231,7.971934210750105e-06,386,0.2219,0.2265,-0.27805,-0.175236,413,0.3056,0.2155,0.33843,0.01325,3,0.0844,0.8288,-0.001642,6.959,0.117,-0.4044,0.000781,6.876,0.0688,0.1767,0.001441,6.843,3.9796,1.7486,1.7279,1.7195,0.3638,1.0,0.57596,0.55893,1.30128,0.2672,0.9558,1.0116,1.0584,0.5004,2.1875,2.1875,4.1874,25.178,19.9995,9.1426,51,0.2594,0.8131,52,0.211,0.6605,2.0
177,1262,214930,0.0,0.0022577160194457418,0.0002774915858729196,0.0022577160194457418,1.0986473755460733,5.368078295471446,3.9966830068343873,-71.0443161302185,56.32707028886811,-0.3353320056488349,71.0443161302185,0.015496691192021832,12.561047028062122,6.731506475152876,-5.795445583351892,3.9554935896614616,-0.036477263694178856,5.795445583351892,0.5789774639728723,3.7853915200043726,1.6545239283220374,0.08737641256061701,2.1302152177125264,0.8290061984881604,0.0,2.29155824271141,1.5573830084584537,1.0,1.0,1.0,0.008885461601225024,-0.6403504033813995,0,0,0,0.04984193472518429,0.936999179231721,382,0.3865,0.08425,1.1543339968611261,0,0,0,0.3874,224,0.7758662746642153,0.017436,0.017435796975830975,621.554831836907,289.81501139500637,0.6091693159318705,0.6091701793750619,0.609170287691728,0.7614627242188273,7.790196955562679e-06,386,0.2292,0.2198,-0.30242,0.089069,414,0.2901,0.2016,0.30716,0.028965,3,0.0888,0.7275,0.00164,6.949,0.1137,-0.4228,0.000299,6.862,0.0675,0.3141,0.00158,6.823,3.9712,1.7498,1.728,1.7182,0.3681,1.0,0.58185,0.56247,1.30103,0.2675,0.9591,1.0082,1.0511,0.5008,2.1852,2.1852,4.1206,25.2857,19.9441,9.1269,51,0.314,0.9488,53,0.3096,0.9562,4.0
178,1262,214930,5.462813690167009e-23,0.0022381787178647234,0.00028328789855469323,0.0022381787178647234,1.0853416152358661,5.367859607830358,3.996678236753167,-72.11887134546207,56.50870119413772,-0.3380688391265675,72.11887134546207,0.00038351531296676455,12.5634288828128,6.797250120736839,-5.737760299461481,4.014414161560282,-0.037037353109336764,5.737760299461481,0.583517611852368,3.779113652179587,1.6542436311490123,0.059084301747514334,2.1384130204967366,0.829919928133378,1.4142115624116159e-08,2.3009775654275377,1.5659371884714377,0.0010578485061073506,1.4140511592652498,0.95434509267884,0.00924632495513215,-0.6367133624065913,0,0,0,0.055821789777667864,0.9378377536673813,382,0.3982,0.07963,1.1468598423161414,2,2,0,0.3821,223,0.7759817072715026,0.019047,0.01904655459864979,621.556452090212,289.81576687739664,0.6091693243447276,0.6091701742343799,0.609170287691728,0.7614627177929748,7.722763816406029e-06,386,0.2359,0.2365,-0.30805,0.044549,414,0.2775,0.2001,0.27184,0.004571,3,0.094,0.5581,0.000529,6.935,0.113,-0.416,-0.000791,6.851,0.0669,0.5224,-0.00033,6.803,3.9624,1.7503,1.7289,1.7168,0.3687,1.0,0.58503,0.56644,1.30157,0.26876,0.9614,1.006,1.0464,0.5,2.1842,2.1842,4.2436,25.1852,19.9352,9.127,50,0.2002,0.9676,52,0.272,0.9979,1.0
179,1262,214930,3.183045416650671e-11,0.0022279704372426415,0.0002809853604472938,0.0022279704372426415,1.0725164759884505,5.367565192713149,3.9966729451404115,-72.92995862674893,56.844960051938195,-0.29876182339099905,72.92995862674893,0.0022887132962390033,12.552114853418894,6.826830526566396,-5.8226060406805695,4.047711758573791,-0.03743076353611748,5.8226060406805695,0.5885755793353274,3.7714695804927283,1.6551637981718021,0.07823884626498645,2.1464504352528118,0.8186439428907524,0.01407628464883848,2.314506021105484,1.5754806394934167,0.0008707960390534897,1.414044170234667,0.9263232101120406,0.009595002316139996,-0.6329732909440327,0,0,0,0.05772661705399038,0.9389053470708085,382,0.4034,0.05961,1.1732517049375037,4,4,0,0.3849,223,0.7767449524541293,0.008752,0.00875153889901803,621.5557340270086,289.81543206301694,0.6091693287381207,0.6091701765273445,0.6091702876917143,0.7614627206591806,7.68754935299027e-06,386,0.239,0.2537,-0.31286,0.125224,414,0.2686,0.1981,0.26107,0.003846,3,0.0964,0.3752,-0.000709,6.926,0.1113,-0.3729,-0.001875,6.846,0.0659,0.7202,-0.001919,6.789,3.9571,1.7502,1.7301,1.7156,0.3671,1.0,0.58448,0.56783,1.30076,0.26975,0.9569,1.0105,1.056,0.5,1.8713,2.2872,4.3041,25.1739,19.8916,10.6298,49,0.0065,0.7059,52,0.1635,0.9191,1.0
180,1262,214930,7.518925900600426e-11,0.0024291300731527662,0.0002999767055733812,0.0024291300731527662,1.0602092652405481,5.367190141024344,3.9966694113816126,-73.92936526882092,56.941914126544525,-0.2598059877408783,73.92936526882092,0.0034767868305978222,12.563645202575072,7.008076078195494,-5.890517684031861,4.073174563679466,-0.037612601018637795,5.890517684031861,0.5957225678249867,3.765549451756985,1.6561982226718082,0.10290124858890226,2.1526598478485,0.8306752311581946,0.028114034851011153,2.3286318273380004,1.5847438715652675,0.00822484154220704,1.4138842370514244,0.9997935230310254,0.009939095719688021,-0.6290929385976175,0,0,0,0.058197719493497745,0.9399646705055492,382,0.4069,0.03977,1.2137717028485075,2,2,0,0.3882,221,0.7756786583181624,0.015183,0.015182594371269786,621.5586936177805,289.81681204397654,0.6091692421643231,0.6091701669268033,0.6091702876916957,0.7614627086585041,8.381605111245831e-06,386,0.2623,0.2779,-0.32911,-0.209155,414,0.274,0.2055,0.31683,0.028675,3,0.1068,0.1544,-0.003283,6.931,0.1138,-0.2721,-0.001168,6.847,0.0734,0.9087,-0.001788,6.805,3.9613,1.7496,1.7286,1.7178,0.3657,1.0,0.58496,0.56867,1.30024,0.27052,0.961,1.0064,1.0473,0.5,1.8705,2.2861,4.3021,25.1624,19.8825,10.6295,50,0.1128,-0.9996,52,0.0713,-0.088,-0.0
181,1262,214930,1.6718331642569973e-10,0.0027689876608738397,0.00034033810504732255,0.0027689876608738397,1.0484301452092983,5.3667298092493825,3.996669562258046,-74.87787016002784,56.968582935669936,-0.30011573409077485,74.87787016002784,0.0041336197246995,12.562968988635141,7.162588742441474,-5.973254429728512,4.129337548986701,-0.03735244689609094,5.973254429728512,0.6013061885161204,3.7568801547985835,1.6573275666755471,0.06763148698408927,2.170198878088067,0.8359877297586109,0.04128745844580839,2.3427352842195703,1.5947418068156098,0.02430707331746851,1.4137164148158348,1.012961902495808,0.010253524163295905,-0.625238718043139,0,0,0,0.05685334457561411,0.9410998833669336,382,0.4064,0.04369,1.212099059503095,4,4,0,0.3947,221,0.776377567343497,0.004705,0.004705428100916453,621.564191631826,289.8193756263375,0.6091690959040338,0.6091701480379972,0.609170287691656,0.7614626850474965,9.554184066850934e-06,386,0.298,0.32,-0.3196,0.111127,414,0.2907,0.2155,0.37527,0.012419,3,0.1212,0.0042,-0.00096,6.932,0.1201,-0.1411,-0.000272,6.85,0.0882,0.9894,-0.000706,6.811,3.9632,1.7492,1.7283,1.7185,0.3683,1.0,0.58838,0.56901,1.29974,0.2719,0.9622,1.0052,1.0446,0.5,1.8696,2.2851,4.3625,25.1512,19.839,10.6114,50,0.1359,-0.9996,52,0.1187,-0.835,3.0
182,1263,214931,0.0,0.0030933265022506985,0.00037573206568460206,0.0030933265022506985,1.0359597130618408,5.363526995077331,3.996193017878525,-71.03180323473114,56.9854909391563,-0.2881312034500491,71.03180323473114,0.0012169275224529486,12.564195480431286,7.194472566659401,-6.051777369041121,4.150752959358098,-0.038276285681744765,6.051777369041121,0.6085595547873076,3.748408521989154,1.6578984994123893,0.10104822643661615,2.1915489051271644,0.8244284711148578,0.0,2.356852579673243,1.603600743694634,1.0,1.0,1.0,0.010533978717284153,-0.6213662411573446,0,0,0,0.055244326947588906,0.942103613745623,382,0.4069,0.04358,1.171939981151354,3,3,0,0.3974,219,0.7752701324344926,-0.023354,-0.02335426692689979,621.5688597204025,289.821552235825,0.609168956323267,0.6091701309253477,0.609170287691728,0.7614626636566846,1.067321073394048e-05,387,0.3181,0.342,-0.27937,0.002062,414,0.3036,0.2188,0.405,0.000294,3,0.1296,-0.0226,-5.1e-05,6.939,0.1252,-0.0412,-0.000264,6.861,0.0979,0.9998,-0.000772,6.818,3.9678,1.7487,1.729,1.7183,0.3688,1.0,0.59085,0.56675,1.30013,0.27113,0.9622,1.0052,1.0447,0.4996,1.8687,2.284,4.3603,25.2719,19.7597,10.574,50,0.0702,-0.9717,52,0.1146,-0.85,0.0
183,1265,214933,0.0,0.0033011784873404663,0.00039341167452191573,0.0033011784873404663,1.0254382586267956,5.366198472589124,3.9959040529541707,-71.86569465766397,56.77209657332545,-0.24314781446425535,71.86569465766397,0.0009669081125764645,12.565182019459748,7.2391163619304075,-6.093999346550408,4.185904616831947,-0.03767899563980174,6.093999346550408,0.616744055190992,3.740759091597674,1.6583766450245123,0.09920209747777275,2.2151726669676566,0.8363909323930377,0.0,2.370539280638791,1.6101955027064907,1.0,1.0,1.0,0.010820186396483049,-0.6172784760257122,0,0,0,0.05333360904495718,0.9431287217230985,382,0.4024,0.04897,1.1767015474512112,4,4,0,0.4005,222,0.7791916580988452,-0.0397,-0.039700362032541126,621.5707179440044,289.82241867763634,0.6091688668713718,0.6091701238383974,0.609170287691728,0.7614626547979967,1.1390348967490678e-05,387,0.333,0.3531,-0.26692,0.028698,416,0.308,0.2142,0.40013,-0.050657,3,0.1342,-0.015,-0.000471,6.943,0.1253,0.0322,-0.00115,6.872,0.1037,0.9989,-0.001663,6.821,3.9715,1.7482,1.7302,1.7176,0.3687,1.0,0.59053,0.56782,1.30148,0.27079,0.9592,1.008,1.0509,0.5012,1.8662,2.2809,4.4166,25.4153,19.6293,10.5183,51,0.025,-0.0583,54,0.0493,-0.645,0.0
184,1265,214933,2.66933056203202e-23,0.0028771880415133047,0.00039678802026919954,0.0028771880415133047,1.0151158030970724,5.3655117198942195,3.9959054708632245,-72.67999089635781,56.640865181828765,-0.2435128127256805,72.67999089635781,0.0035518368901042707,12.564397473953042,7.31321755297904,-6.163005002638157,4.240021433950655,-0.03805579885853011,6.163005002638157,0.6252337279882823,3.7309580074737494,1.6593300463847354,0.12247835611067559,2.2409486139558856,0.8353499566177852,1.4142115624116159e-08,2.3845806706370167,1.6192737281237062,0.0002071861675477793,1.414082420712645,0.8991890281876629,0.011116699076941504,-0.6131853573911205,0,0,0,0.0522371443224403,0.9440938915531907,382,0.3937,0.05258,1.2025640319176265,5,4,1,0.3903,221,0.7792051830299157,-0.040149,-0.040149354592563746,621.5705455612342,289.8223382999899,0.6091690493564224,0.6091701245021452,0.609170287691728,0.7614626556276816,9.927419875189811e-06,387,0.34,0.3483,-0.28961,-0.144257,416,0.316,0.206,0.39266,0.00701,3,0.1341,-0.0306,-0.001443,6.944,0.1249,0.059,-0.001165,6.867,0.1079,0.996,-0.000565,6.822,3.971,1.7488,1.7294,1.7179,0.3689,1.0,0.59111,0.5664,1.30196,0.27585,0.9653,1.002,1.0381,0.5004,1.8654,2.2799,4.4147,25.4491,19.5865,10.4999,51,0.1478,0.8466,54,0.0885,0.9999,-1.0
185,1266,214934,0.0,0.0022333554467033204,0.00040378568438983347,0.0022333554467033204,1.0048283133981337,5.366276107849102,3.9956480377968933,-73.46063560137937,56.995605145846945,-0.2358539586896066,73.46063560137937,8.360630128795288e-06,12.563272032968134,7.405780356549699,-6.152750323870635,4.28433818935886,-0.03819946333760653,6.152750323870635,0.6337559820610593,3.722803923411737,1.6603969659620832,0.1073622607028446,2.263958623817583,0.8354483590371862,0.0,2.398694395661645,1.6269794686376602,1.0,1.0,1.0,0.011420244858148607,-0.6091596677330445,0,0,0,0.05551560253779233,0.9447325143918825,382,0.3957,0.04702,1.206665685898238,3,2,1,0.392,219,0.7788707914344639,0.021943,0.021943106960133685,621.5708234166276,289.82246785680434,0.6091693264617912,0.6091701234316043,0.609170287691728,0.7614626542895053,7.70594310102548e-06,387,0.3483,0.3578,-0.30026,0.063585,417,0.32,0.2098,0.38716,-0.016396,3,0.138,-0.034,0.001062,6.934,0.1269,0.1086,0.000571,6.858,0.1116,0.9898,0.000651,6.809,3.9646,1.7489,1.7298,1.7174,0.3675,1.0,0.58721,0.56468,1.30253,0.27448,0.9681,0.9993,1.0322,0.5,1.5532,2.3816,4.5353,25.4279,19.5356,12.5776,51,0.23,0.8574,54,0.1949,0.9673,-0.0
186,1266,214934,4.1980736873331845e-23,0.0022117783466374333,0.00041405871580979195,0.0022117783466374333,0.9954845733066574,5.365497050374097,3.995646440551923,-74.23517789791129,57.05040564270216,-0.24254955350633592,74.23517789791129,0.0003329526583435438,12.565851532095923,7.483201508087653,-6.184191811878822,4.2974115140401326,-0.0384973016021583,6.184191811878822,0.6422094049863087,3.711830441458493,1.6610476885909569,0.07345516820501674,2.28684082128907,0.8481645014050563,1.4142115624116159e-08,2.41276540168178,1.6360466568586827,0.021962272816241413,1.4140273802541072,0.9468061571505578,0.011638863968121822,-0.6050261449036143,0,0,0,0.06052383767436908,0.9457010299438567,382,0.4061,0.03065,1.2000290945821568,2,2,0,0.3951,219,0.7800077588207053,0.027525,0.027524578945332667,621.5724835067797,289.82324191409054,0.6091693357520294,0.6091701169594362,0.609170287691728,0.7614626461992953,7.631473349170006e-06,387,0.3574,0.3841,-0.33672,-0.084267,417,0.31,0.2053,0.41004,0.012264,3,0.1453,-0.0356,0.0011,6.928,0.1261,0.1769,-0.000386,6.849,0.1109,0.9773,0.000852,6.793,3.9588,1.7501,1.73,1.7158,0.3679,1.0,0.58665,0.56053,1.3027,0.27493,0.9645,1.0028,1.0397,0.5,1.5526,2.3806,4.6577,25.2847,19.5624,12.5998,51,0.2047,0.8611,54,0.229,0.9605,0.0
187,1266,214934,4.603294941421998e-12,0.0020986761825978017,0.0004212031345743392,0.0020986761825978017,0.9866957179244064,5.3646995154333865,3.995646182983934,-74.97348539934212,57.03538879464145,-0.23084086898976686,74.97348539934212,0.00011519935305770446,12.565978525369076,7.514449075345031,-6.280897618330407,4.3118082356600596,-0.03962652279444543,6.280897618330407,0.6497760531619897,3.700731153175071,1.66220824858052,0.07466132477109799,2.2869182750561277,0.8391841199329978,0.014140287945196058,2.4267488639361425,1.6455147189321957,0.02678307281459802,1.4139355151301585,0.9493892195218666,0.011872206012631776,-0.600982440613919,0,0,0,0.07078016743935206,0.9467694850751969,382,0.4222,0.01617,1.2491138048264911,3,4,-1,0.4117,216,0.7780241664399903,-0.012146,-0.01214610542804273,621.5736673553323,289.82379391218336,0.6091693844356277,0.6091701122685613,0.6091702876917261,0.7614626403357017,7.241214236653395e-06,387,0.3571,0.4016,-0.35168,-0.022699,417,0.298,0.1845,0.40202,0.01203,3,0.1509,-0.0257,-0.000708,6.924,0.1259,0.2793,-0.001718,6.843,0.1064,0.9527,-0.000979,6.781,3.9545,1.7508,1.7303,1.7148,0.3681,1.0,0.58596,0.5632,1.30195,0.2791,0.9582,1.0092,1.0532,0.5,1.8623,2.2762,4.6559,25.319,19.5201,10.4817,51,0.0562,0.5451,54,0.1253,0.9398,0.0
188,1268,214936,0.0,0.00193184901665484,0.0004272920772863761,0.00193184901665484,0.9778351080805575,5.363089344923371,3.9962496241743306,-75.74906614229918,53.95544010323633,-0.27995053724823477,75.74906614229918,0.006032729344082222,12.564224478501789,7.546858944014097,-6.391707877973979,4.360766199043062,-0.039119261618150804,6.391707877973979,0.6554815684982964,3.6920057293778576,1.6627049768131184,0.08432789419042064,2.3084677727264697,0.8336053166512122,0.0,2.4407434140559943,1.6523981872163007,1.0,1.0,1.0,0.012093428826677294,-0.5967594789201345,0,0,0,0.07950148499203967,0.9479968870404071,382,0.4337,-0.00038,1.2940150092188896,4,5,-1,0.419,216,0.7788558154088582,0.01564,0.01564030845434683,621.5741947124756,289.8240398052384,0.6091694562387038,0.6091701101588883,0.609170287691728,0.7614626376986103,6.665592743628312e-06,388,0.362,0.3973,-0.31888,-0.116015,418,0.2836,0.1731,0.39949,-0.012857,3,0.1572,-0.0274,-0.001321,6.924,0.1231,0.3735,-0.001857,6.842,0.1028,0.917,-0.001494,6.778,3.9536,1.7512,1.7305,1.7143,0.3679,1.0,0.58589,0.55333,1.30357,0.27842,0.9662,1.0011,1.0361,0.5,1.8608,2.2744,4.6521,25.3871,19.5043,10.4817,51,0.0117,-0.4052,54,0.0533,0.9991,2.0
189,1269,214937,0.0,0.0018589985759067352,0.00043201727603860347,0.0018589985759067352,0.969394264465663,5.359382934757807,3.9960449976048187,-76.54903351581297,57.19217960290461,-0.29058751126512633,76.54903351581297,0.003206971175835349,12.561926934703349,7.510126862448654,-6.461330110819381,4.373220244992325,-0.0389990800593218,6.461330110819381,0.6640190177714094,3.6800063234948217,1.6636561085169075,0.07702841784451264,2.3143330428487996,0.8372780366138785,0.0,2.4521664805586023,1.660098611003138,1.0,1.0,1.0,0.012310477213053504,-0.5924180596970772,0,0,0,0.08103780738116378,0.9489191187823512,382,0.4346,-0.00916,1.2893553696284814,3,4,-1,0.4193,216,0.7803064446581374,0.018425,0.018424749062964763,621.5747508050963,289.8242990969066,0.609169487594363,0.6091701079202495,0.609170287691728,0.7614626349003119,6.414226073173921e-06,389,0.3696,0.4179,-0.2621,-0.009225,418,0.2693,0.1573,0.42578,0.011198,3,0.1607,0.033,0.000729,6.916,0.1172,0.4852,0.000501,6.843,0.0997,0.8899,-0.000435,6.773,3.9515,1.7503,1.7317,1.714,0.3676,1.0,0.5838,0.55398,1.30409,0.27605,0.9638,1.0035,1.0412,0.5004,1.8608,2.2744,4.6521,25.5201,19.4355,10.4447,51,0.0642,-0.1103,54,0.0214,0.2832,-0.0
190,1269,214937,2.2613451995457456e-23,0.0018640723134179813,0.00043170153236136836,0.0018640723134179813,0.9619384438554954,5.3584995520673075,3.9960394751830144,-77.38141594811287,53.72676717433232,-0.28757957602136003,77.38141594811287,0.00015691609320533928,12.560935547507722,7.4719757671872316,-6.550566536811003,4.459050481356238,-0.04014404406905178,6.550566536811003,0.6717994201719654,3.6677911474,1.6643983084265448,0.12021333701194092,2.3110189824554177,0.8348189988651351,1.4142115624116159e-08,2.4650741177968154,1.6690890862881926,0.0014923590858860747,1.4141205410392748,0.8773876820435715,0.012484333103608391,-0.5881946001266848,0,0,0,0.07662852257232862,0.9499992742855821,382,0.4248,-0.00204,1.2509523003276068,0,1,-1,0.4083,214,0.7793861796082522,-0.017665,-0.017664900267319705,621.5737414444468,289.8238284580294,0.6091694854073587,0.6091701119727795,0.609170287691728,0.7614626399659743,6.431742770549749e-06,389,0.3746,0.4165,-0.22998,0.000556,418,0.2623,0.1426,0.43183,0.004086,3,0.1592,0.0924,0.000769,6.917,0.1119,0.5362,0.000313,6.85,0.0987,0.89,-0.000229,6.774,3.9534,1.7497,1.7327,1.7136,0.3669,1.0,0.58188,0.55779,1.30427,0.28248,0.9627,1.0046,1.0435,0.5004,1.8609,2.2745,4.5903,25.5215,19.471,10.4632,50,0.0786,0.8053,54,0.0601,0.6625,-1.0
191,1274,214944,0.0,0.0019737474053042174,0.0004217140213489807,0.0019737474053042174,0.9532101975377719,5.357415959216594,3.9950308152393292,-68.71677061457467,53.99337798873619,-0.28535505925181726,68.71677061457467,0.010050815433034753,12.564858611873017,7.4909547486829915,-6.656133923984188,4.500626231056095,-0.040184969131019134,6.656133923984188,0.6804204654650432,3.655059488902068,1.6652271347226946,0.08524658013234043,2.332020934108486,0.8412233751926353,0.0,2.4789328115534492,1.6712779431768943,1.0,1.0,1.0,2.438463425518313e-05,-0.5837811510119644,0,0,0,0.07171797441319729,0.9512605188529708,382,0.4082,0.00807,1.2622794446134853,1,1,0,0.3826,213,0.7791876441738083,-0.033605,-0.033605353217533995,621.5725109480578,289.82325470925184,0.609169438202102,0.6091701168526278,0.609170287691728,0.7614626460657847,6.8101761098648334e-06,391,0.3647,0.3812,-0.21379,0.010332,421,0.262,0.1562,0.39257,-0.022977,3,0.149,0.1258,-0.000318,6.924,0.1086,0.5459,0.000888,6.856,0.097,0.8999,0.000305,6.788,3.9582,1.7492,1.732,1.7148,0.3668,1.0,0.58197,0.56432,1.30655,0.27806,0.9653,1.002,1.038,0.5008,1.8645,2.2788,4.5991,25.7034,19.5772,10.5,50,0.1603,0.9994,54,0.1246,0.8454,2.0
192,1274,214944,1.1952653050143654e-23,0.002185610355673044,0.0004119816031910231,0.002185610355673044,0.946712332421038,5.356511100024342,3.9950291673850384,-70.19445695328798,57.75700799682025,-0.28520296512922183,70.19445695328798,0.0015280451390715655,12.563784024088514,7.492014885667815,-6.704402468198176,4.555703089561583,-0.040317628634579133,6.704402468198176,0.688743858360896,3.645483363401665,1.6660820391555908,0.09263951905173906,2.3389869218959087,0.8312159511921259,1.4142115624116159e-08,2.4930415938377486,1.680218878649637,0.0012042240638741042,1.4140571142486074,0.8984824826562959,0.00014160790214395373,-0.5795071605419486,0,0,0,0.06520837775421898,0.9524924316976052,382,0.3906,0.01467,1.27188113183333,1,1,0,0.3571,211,0.7781293214444586,0.000967,0.0009670051762113996,621.5715080021157,289.82278706138754,0.6091693470158334,0.6091701207781188,0.609170287691728,0.7614626509726485,7.541195700426788e-06,391,0.3552,0.3511,-0.20107,-0.068659,421,0.2662,0.1712,0.35169,-0.007969,3,0.139,0.1586,-8.8e-05,6.939,0.1069,0.5448,0.001474,6.864,0.097,0.9144,0.001614,6.809,3.9669,1.7493,1.7303,1.7164,0.3647,1.0,0.57954,0.55762,1.30682,0.28211,0.9666,1.0008,1.0353,0.5,1.8645,2.2789,4.5992,25.7483,19.543,10.4816,51,0.1671,0.9974,54,0.1191,0.7951,4.0
193,1277,214948,0.0,0.0024039553108370164,0.0003923977395703574,0.0024039553108370164,0.9424485701654426,5.360481042923896,3.993156887891639,-71.41708736597475,55.49688018569143,-0.2826892684635778,71.41708736597475,0.0005574886025954129,12.565188726757963,7.49986030147962,-6.7454636231771605,4.587713710053293,-0.04417863122549906,6.7454636231771605,0.6924270188347508,3.6437530774287272,1.6672297308118593,0.07669287710565553,2.3583091650595107,0.8461236950961678,0.0,2.5069990739703245,1.6852353316368571,1.0,1.0,1.0,0.00020246842272851655,-0.5750437710230182,0,0,0,0.05973550014652104,0.9533414824865274,382,0.3797,0.00272,1.2649876808702953,3,2,1,0.3531,208,0.7767630939460297,0.033967,0.033967439635015584,621.5698996640787,289.82203713477986,0.6091692530354949,0.6091701269792607,0.609170287691728,0.7614626587240758,8.294591172579028e-06,391,0.3275,0.3366,-0.20162,0.030566,424,0.2634,0.176,0.34392,-0.007041,3,0.1247,0.1437,0.001311,6.939,0.1023,0.539,0.002873,6.851,0.0881,0.911,0.0038,6.812,3.9649,1.7502,1.7278,1.718,0.3639,1.0,0.57789,0.55878,1.30619,0.28181,0.9625,1.0048,1.044,0.5004,1.8658,2.2804,4.6024,25.7661,19.6602,10.5371,50,0.1201,0.88,53,0.1132,0.7141,-0.0
194,1277,214948,5.475130717233762e-24,0.0025296429612622325,0.0003874364026461021,0.0025296429612622325,0.9368655376411608,5.35957547224183,3.9931649798247895,-72.54832605509961,57.73162225154187,-0.24346907827313158,72.54832605509961,0.005965911574741342,12.560911226882617,7.508475727367203,-6.7746165737540185,4.637369364723239,-0.044200675328997345,6.7746165737540185,0.7002492453997139,3.641825426769644,1.6680254794172047,0.05523683105391786,2.3558549266402213,0.831786795159584,1.4142115624116159e-08,2.52020078087227,1.6942241266965246,0.004119702289318128,1.4132519866888023,0.9137695832366776,0.0005899469680285064,-0.5707775648084158,0,0,0,0.06310234010457652,0.9543541622690914,382,0.3958,-0.00704,1.2629646557701248,5,4,1,0.3663,206,0.7761654739337729,0.003087,0.0030872054106527713,621.5692975718342,289.82175639467175,0.6091691989363013,0.6091701292693854,0.609170287691728,0.7614626615867317,8.728271447701222e-06,391,0.3014,0.3125,-0.24294,0.013351,424,0.2654,0.1726,0.3684,0.011635,3,0.1196,0.095,0.001974,6.937,0.1076,0.6279,0.001465,6.842,0.0818,0.8344,0.00253,6.803,3.9613,1.7512,1.7273,1.7175,0.3619,1.0,0.57553,0.56295,1.30638,0.28278,0.9619,1.0054,1.0453,0.5004,1.8659,2.2806,4.5404,25.8562,19.6267,10.5186,50,0.0325,-0.6403,53,0.0778,0.4103,-2.0
195,1280,214952,0.0,0.002621259381325959,0.0003755681435175652,0.002621259381325959,0.928691376993202,5.355869254606948,3.993878258942229,-73.8360876032449,57.70151263575316,-0.18931952442710664,73.8360876032449,0.008827442291936646,12.565122652265467,7.4986435323885035,-6.781173539685607,4.634749113020987,-0.042963513133799994,6.781173539685607,0.7074896272835638,3.640846350046693,1.6688567495316995,0.0769274482114155,2.3708953872033636,0.8565613053218593,0.0,2.532839696162672,1.6993695684688568,1.0,1.0,1.0,0.0002508404800403153,-0.5660961599248727,0,0,0,0.06260681045365937,0.9555728251717186,382,0.3987,-0.02031,1.3313637636172433,2,2,0,0.3688,205,0.7759994160420971,0.026819,0.02681888850573233,621.5676395220636,289.8209832887629,0.6091691595010236,0.6091701354942856,0.609170287691728,0.7614626693678569,9.044408557244697e-06,394,0.2757,0.3031,-0.30364,0.044629,424,0.261,0.1673,0.36192,-5.8e-05,3,0.1103,-0.0264,0.000389,6.94,0.1062,0.6769,-0.001654,6.839,0.0733,0.7179,0.000187,6.791,3.959,1.753,1.7275,1.7154,0.362,1.0,0.5753,0.57591,1.3074,0.28502,0.9639,1.0034,1.041,0.5,1.868,2.2831,4.4209,25.7515,19.9252,10.6666,50,0.1353,-0.9779,53,0.0391,-0.9985,-1.0
196,1282,214954,0.0,0.0026631556763595104,0.00039651033973950707,0.0026631556763595104,0.9224238259895542,5.357807398422268,3.993892910982051,-70.4580609919829,54.57150978385277,-0.26324742713506966,70.4580609919829,0.0006340790526351173,12.554969484179534,7.452314730275424,-6.763704084517643,4.704103657724507,-0.043065573459513284,6.763704084517643,0.7150929690567972,3.6387778516215,1.6696180229732736,0.08207319452307715,2.387306357711275,0.8472063472903388,0.0,2.5352154340566617,1.7057229667709268,1.0,1.0,1.0,0.0014086136947997288,-0.5617130015527746,0,0,0,0.0668954068840175,0.9566529127713471,382,0.409,-0.03964,1.3657680776114318,3,4,-1,0.3653,204,0.7760397600360703,0.05009,0.05008957506917322,621.5704002235817,289.8222705327854,0.609169141478755,0.6091701250618563,0.609170287691728,0.7614626563273204,9.18892696363114e-06,395,0.2852,0.308,-0.31258,0.076444,425,0.2583,0.156,0.37268,0.017142,3,0.1169,-0.124,0.0003,6.936,0.1078,0.7653,-0.002026,6.835,0.0751,0.5438,-0.000767,6.773,3.9541,1.7543,1.7286,1.713,0.3635,1.0,0.5763,0.57302,1.30937,0.28277,0.9632,1.0041,1.0425,0.5,1.868,2.3869,4.3588,25.8413,19.9258,10.6669,50,0.1543,-0.9994,53,0.0789,-0.9239,0.0
197,1282,214954,3.5670494841350337e-23,0.002664856790303487,0.0004124843294725308,0.002664856790303487,0.9178356954971234,5.35735544432861,3.9939080435280614,-71.44226429598866,57.749212495043196,-0.23613250487237267,71.44226429598866,0.003193280684682165,12.56387354048548,7.484790024564165,-6.81155345002508,4.725451801294552,-0.04263925302519637,6.81155345002508,0.7230769603197996,3.636153349408336,1.670437901300388,0.08338996675192878,2.395152955388982,0.8546709635197993,1.4142115624116159e-08,2.539968914619515,1.7146698068590802,0.003840293773258452,1.4138340962765765,0.9605379280538868,0.002006531280435515,-0.5571299737514589,0,0,0,0.06460909010490874,0.9577299664780434,382,0.4006,-0.03687,1.3595670334944052,3,5,-2,0.3597,204,0.777103186738279,-0.006494,-0.0064942110512091755,621.5722088055451,289.8231138279791,0.6091691407531267,0.6091701180397453,0.609170287691728,0.7614626475496816,9.194769716970122e-06,395,0.3064,0.3402,-0.2746,0.056644,425,0.2533,0.139,0.39083,0.004365,3,0.123,-0.1263,0.000311,6.932,0.1032,0.8253,-0.001293,6.832,0.0788,0.4558,-0.000693,6.76,3.9501,1.7549,1.7296,1.7114,0.3629,1.0,0.57492,0.56951,1.3095,0.28717,0.9606,1.0068,1.0481,0.5,1.8687,2.2839,4.4225,25.8498,19.9324,10.6665,50,0.0767,-0.8267,53,0.0411,-0.912,0.0
198,1283,214955,0.0,0.0026786855039676845,0.00043307804073322993,0.0026786855039676845,0.9126482221389591,5.358296293825508,3.994369340178289,-72.30238215110553,51.35458443826752,-0.21392556378839786,72.30238215110553,0.0019080455796220974,12.564722930779642,7.444275254706771,-6.871141846186024,4.768153143515834,-0.04149442088685759,6.871141846186024,0.7302573578411858,3.6333063209535834,1.6712832099983412,0.0779851648661275,2.4102130406665054,0.8443791201869293,0.0,2.5464643492184367,1.7229312456882926,1.0,1.0,1.0,0.002721437213023198,-0.5526102810156535,0,0,0,0.07033533138524102,0.9586780205134752,382,0.403,-0.00206,1.3317286051168602,2,2,0,0.3581,202,0.7764733533331145,0.005362,0.00536217204418632,621.574110155358,289.82400037843206,0.609169134807197,0.6091701104985404,0.609170287691728,0.7614626381231755,9.242455767879965e-06,396,0.3238,0.3548,-0.27296,0.002385,425,0.2448,0.1196,0.40876,0.009437,3,0.1307,-0.062,0.000302,6.924,0.0999,0.8809,0.000386,6.833,0.0801,0.4178,-0.000779,6.757,3.9482,1.7537,1.7307,1.7115,0.3632,1.0,0.57408,0.56553,1.30904,0.28568,0.9607,1.0067,1.0479,0.4996,1.8699,2.2855,4.3008,25.9563,19.9805,10.6853,50,0.0827,0.7858,53,0.04,0.9359,-3.0
199,1283,214955,5.118523943134149e-23,0.002751812481641546,0.00042311101329603517,0.002751812481641546,0.9088491129892402,5.357777316161058,3.9943908891360005,-73.16036728685742,50.76102684280951,-0.2084653771205599,73.16036728685742,0.002903089494790123,12.562093700525306,7.456860217766839,-6.938994400123686,4.798670443578106,-0.041077881592798814,6.938994400123686,0.7372134509949505,3.630299853502789,1.6715829536001687,0.05643217501860154,2.4125884661261643,0.8524699202894277,1.4142115624116159e-08,2.560369579657281,1.7319503152931965,0.001433560590937466,1.413999619812806,0.8728780849091107,0.003575002025776032,-0.5478429296148996,0,0,0,0.06385628171379312,0.9598180096943733,382,0.378,0.00181,1.3343370042789926,0,0,0,0.3394,203,0.7785831748181417,-0.018866,-0.01886590813313971,621.5730666053928,289.82351379795745,0.6091691033291563,0.6091701146573341,0.609170287691728,0.7614626433216676,9.494786829338826e-06,396,0.3341,0.3542,-0.28481,0.070363,425,0.2407,0.1243,0.41452,0.01607,3,0.1265,-0.0029,-0.001142,6.932,0.0916,0.9229,-0.000254,6.829,0.0809,0.3822,0.00088,6.764,3.9503,1.7548,1.7287,1.7124,0.364,1.0,0.57544,0.5756,1.30903,0.28662,0.9663,1.001,1.0359,0.5004,1.8699,2.2854,4.3631,26.0004,19.9109,10.6481,50,0.1871,0.8409,53,0.1438,0.7191,-1.0
200,1283,214955,5.1268427946906396e-11,0.0028918040529229364,0.0004114425717381568,0.0028918040529229364,0.9055038962260714,5.357193619719714,3.9944177048227445,-73.99726707954784,54.671355207206446,-0.26668292078236855,73.99726707954784,0.0021539730417341474,12.560375860913263,7.4379211418358055,-7.012753132433184,4.832694368349719,-0.041023357452179665,7.012753132433184,0.7455342407277623,3.6270710442532748,1.672942337709479,0.055091528064915206,2.424589259609621,0.8588646272461656,0.010232899549018364,2.5744460876110224,1.7406790964555754,0.0005665080925251198,1.414022064901335,0.9125789566173516,0.0045802144317415834,-0.5431481458300276,0,0,0,0.05726137702849224,0.9609340152585176,382,0.3537,-0.0308,1.3232888306954236,0,1,-1,0.3189,200,0.776672486639791,-0.042666,-0.042666240847167636,621.5716011306241,289.8228304848127,0.6091690430724734,0.6091701204153717,0.609170287691706,0.7614626505192146,9.977833865211916e-06,396,0.3401,0.3572,-0.27157,-0.045378,425,0.2389,0.1402,0.41038,0.014233,3,0.1205,0.0624,-5.9e-05,6.937,0.0848,0.9562,0.00104,6.823,0.0814,0.3519,0.001961,6.771,3.9514,1.7557,1.7266,1.7135,0.3658,1.0,0.57899,0.56877,1.30886,0.29077,0.9665,1.0008,1.0355,0.5004,1.8699,2.2854,4.363,25.9999,19.9105,10.6479,50,0.1999,0.8324,53,0.2182,0.6003,1.0
201,1286,214959,0.0,0.003083336290024193,0.0004046612554403091,0.003083336290024193,0.9048966629752583,5.3598012916513005,3.994465280185034,-74.83379387487359,57.75130776572971,-0.2460576803464345,74.83379387487359,0.012027413601295162,12.562310603756048,7.450583643294134,-7.105365972415573,4.853896597433659,-0.04199410084098295,7.105365972415573,0.7277210838609424,3.6245865919144933,1.6738768089526106,0.0643633921547534,2.420736565564836,0.8355862122636636,0.0,2.5882522144546045,1.7457229151819205,1.0,1.0,1.0,2.8546981677688985e-05,-0.5385042166977146,0,0,0,0.05355667203431125,0.9620579953151801,382,0.3423,-0.02358,1.3215378020057376,0,0,0,0.3101,200,0.7782239595484312,-0.044429,-0.044428784446125746,621.5705756632046,289.8223523357635,0.6091689606359544,0.6091701243872011,0.609170287691728,0.7614626554840013,1.0638711145550644e-05,396,0.3307,0.3329,-0.2696,0.148375,428,0.2529,0.1356,0.40584,0.00789,3,0.1133,0.0955,-0.000215,6.932,0.0868,0.9842,0.000918,6.815,0.0838,0.2703,0.000617,6.771,3.9489,1.7554,1.7258,1.7147,0.364,1.0,0.5779,0.57146,1.3106,0.28729,0.9616,1.0058,1.046,0.5,1.8698,2.2853,4.4876,26.0439,19.9101,10.6483,50,0.1851,0.8763,53,0.26,0.7022,-0.0
202,1288,214962,0.0,0.003275309930729388,0.0004156028850258624,0.003275309930729388,0.9040596697760889,5.361315530150184,3.9953207922443235,-75.6603413385544,57.615604275165204,-0.23344609789519324,75.6603413385544,0.009880103960625093,12.566316522782001,7.381683475230047,-7.1477159931632555,4.882681667244862,-0.04221787597647322,7.1477159931632555,0.7073360001269539,3.6212131390663265,1.6742981597218694,0.09377928731492946,2.4352925523065223,0.8582160795739147,0.0,2.6016398141156554,1.751758864743256,1.0,1.0,1.0,3.5283332131765816e-06,-0.5334225274857044,0,0,0,0.05067510080506059,0.9630893370106925,382,0.3383,0.01403,1.3184742115960761,2,2,0,0.3115,197,0.7767557416608896,0.072262,0.07226223106454843,621.5713890587353,289.8227316011524,0.6091688780117979,0.6091701212408895,0.609170287691728,0.7614626515511119,1.1301080190068724e-05,396,0.3241,0.3313,-0.29229,0.004604,430,0.2601,0.1342,0.40806,0.029982,3,0.1098,0.061,0.001421,6.918,0.0882,0.9978,0.001195,6.817,0.0845,0.1277,-0.000718,6.764,3.9454,1.7536,1.7279,1.7144,0.3641,1.0,0.57856,0.56739,1.31223,0.28939,0.9597,1.0076,1.0499,0.5,1.8679,2.283,4.6076,26.1066,19.8209,10.6113,50,0.1196,0.9935,53,0.2151,0.8574,-4.0
203,1288,214962,3.869015181197981e-23,0.003445254657998689,0.00042975791744325343,0.003445254657998689,0.9017136716570309,5.360588269947704,3.995360086669353,-76.40873055532491,57.579986845413444,-0.239732393289323,76.40873055532491,0.0017153045347387506,12.563416591268595,7.369087657341532,-7.230302263954814,4.925934724749361,-0.04271347482067032,7.230302263954814,0.687322287668137,3.6175957865740274,1.6748197563179252,0.05499997671518551,2.427006954453567,0.8480133030994739,1.4142115624116159e-08,2.614657990550491,1.7605622384916646,0.010685897420305235,1.4136842505261196,0.9043781425708676,2.9560196194057116e-05,-0.5285821681502794,0,0,0,0.04338865307784044,0.9643053998799438,382,0.319,-0.01579,1.407739190693134,4,4,0,0.2992,195,0.7756414985400648,-0.012037,-0.012037433538552023,621.5729249462252,289.8234477459357,0.6091688048742318,0.6091701152177781,0.609170287691728,0.7614626440222225,1.1887425550947345e-05,396,0.3274,0.331,-0.30105,-0.115328,430,0.2687,0.1341,0.40509,0.031825,3,0.1046,-0.0441,-0.000411,6.917,0.0861,0.9999,-0.001347,6.822,0.0882,-0.0556,-0.001634,6.76,3.9453,1.7533,1.7292,1.7135,0.3652,1.0,0.57872,0.56652,1.31202,0.29177,0.9638,1.0035,1.0412,0.5,1.8688,2.2841,4.6098,26.1193,19.8305,10.6114,50,0.0704,0.8816,53,0.1493,0.9871,-5.0
204,1288,214962,7.55215684792395e-12,0.0034918071403546753,0.00045672563228463687,0.0034918071403546753,0.8997895423433491,5.359860679386068,3.995407130540165,-77.03172122613843,57.375700642467926,-0.3071172732637801,77.03172122613843,0.001373163799688429,12.565660132053807,7.351404789198405,-7.3630857002503545,4.963203552139379,-0.04342489602376207,7.3630857002503545,0.6746559442102972,3.6153920694656234,1.6755335545004086,0.07134505844097183,2.4114194979877985,0.8378016044257498,0.012587508083825387,2.628709438765493,1.7696060206807733,0.003779330099254685,1.4136710078879633,0.8932100293468196,6.048528789021044e-05,-0.5236584942834799,0,0,0,0.041875298650099146,0.9656297187541381,382,0.3178,-0.05545,1.456407923806193,7,8,-1,0.2944,194,0.775306201250812,0.005409,0.0054086160028385954,621.5753704041362,289.82458799998255,0.6091687848478841,0.6091701054084739,0.6091702876917248,0.7614626317605924,1.2048001739434494e-05,396,0.3411,0.3423,-0.31237,-0.168409,430,0.2818,0.122,0.3954,-0.023672,3,0.1087,-0.0985,-0.000404,6.92,0.0898,0.996,-0.002222,6.834,0.0963,-0.1868,-0.002433,6.756,3.9473,1.7531,1.7312,1.7116,0.3663,1.0,0.57819,0.56518,1.31185,0.29411,0.9655,1.0019,1.0377,0.5,1.8698,2.3892,4.5498,25.999,19.9444,10.6666,50,0.0971,-0.005,53,0.1077,0.6366,-1.0
205,1289,214963,0.0,0.0034801578892235817,0.0004900599925971006,0.0034801578892235817,0.8965838598845509,5.360375587887186,3.995369285445761,-72.30776173109989,57.1003044123586,-0.2631093874186999,72.30776173109989,0.005380550060658962,12.565132246211748,7.35486054438183,-7.515281203321361,5.000850387880604,-0.043611970050617864,7.515281203321361,0.6634311881552011,3.6116074931670625,1.6761147332009627,0.10949183878763191,2.4289661075008824,0.841103422500631,0.0,2.6427212935408853,1.7771583396314117,1.0,1.0,1.0,0.00010054496797841145,-0.5185392885992633,0,0,0,0.045406654379108256,0.9666385311394566,382,0.3241,-0.03069,1.4446793161222118,4,4,0,0.2935,194,0.7768808271085074,-0.013943,-0.013943344339136798,621.5771964776775,289.8254394510486,0.6091687898673884,0.6091700979075977,0.609170287691728,0.761462622384497,1.2007772319142394e-05,397,0.3564,0.3507,-0.29403,-0.087117,430,0.2857,0.1256,0.41244,-0.020758,3,0.1156,-0.078,-0.001619,6.909,0.0927,0.9832,-0.000275,6.825,0.1019,-0.2585,-0.001364,6.755,3.9432,1.752,1.7309,1.713,0.3648,1.0,0.57547,0.56273,1.31207,0.29075,0.9595,1.0079,1.0504,0.4996,1.8726,2.3927,4.4942,25.9931,20.0781,10.722,50,0.0953,-0.7006,53,0.1018,-0.3135,-4.0
206,1291,214966,0.0,0.003447096305330506,0.0005137575422117403,0.003447096305330506,0.8974075474871814,5.360996233124511,3.9951937094593,-73.24835790529697,56.60994822112595,-0.28171971750302016,73.24835790529697,0.006392523700920029,12.56128574616195,7.3705375980598005,-7.5948284001949915,5.039477293027327,-0.04284343636880772,7.5948284001949915,0.6462789308211553,3.6076697331772785,1.6761599947633856,0.1292185950206718,2.4527781799018467,0.8412797977782945,0.0,2.656857251015123,1.7833480050072934,1.0,1.0,1.0,6.966425305457859e-07,-0.5134227819426008,0,0,0,0.0498446321741889,0.9676919062058238,382,0.3359,0.0092,1.378609538094754,6,6,0,0.295,195,0.7796123389459665,0.009857,0.009857055981573604,621.578305402379,289.82595651407917,0.6091688041024854,0.6091700932781349,0.609170287691728,0.7614626165976686,1.1893676973556551e-05,397,0.3695,0.3542,-0.2908,-0.029489,432,0.28,0.1302,0.4516,-0.061327,3,0.1242,0.0215,-0.000429,6.906,0.0941,0.9464,0.001092,6.82,0.1035,-0.3025,0.000643,6.76,3.9426,1.7516,1.7298,1.7145,0.3647,1.0,0.57449,0.56183,1.31212,0.29087,0.9579,1.0095,1.0538,0.5004,1.8707,2.3903,4.4897,26.2342,19.9194,10.6481,50,0.053,-0.9073,53,0.0531,-0.4841,0.0
207,1292,214967,0.0,0.00342540502943464,0.0005225747081169607,0.00342540502943464,0.8971651859787468,5.361380431842009,3.9958286219226387,-66.77766709581299,56.37135356476304,-0.2915812256634425,66.77766709581299,0.004626277716666672,12.565433851606508,7.4025935429939915,-7.693204460663683,5.077693420376208,-0.04295205932761184,7.693204460663683,0.6353467975694755,3.603594378765126,1.675868098420041,0.11014395285166179,2.475952560018732,0.8405549616743447,0.0,2.670990495583061,1.7908463476656784,1.0,1.0,1.0,8.656131425781177e-06,-0.5082371058196639,0,0,0,0.05204748488419175,0.9687953011245943,382,0.3337,-0.01586,1.3668142773233478,4,5,-1,0.278,192,0.7774820803013324,-0.026928,-0.026927567399699592,621.577790583961,289.8257164675088,0.6091688134377462,0.6091700954342447,0.609170287691728,0.7614626192928059,1.1818844342678087e-05,397,0.3753,0.3475,-0.28343,0.02776,433,0.2753,0.1457,0.47,-0.017648,3,0.1253,0.0991,-0.000311,6.908,0.0919,0.8982,-0.000102,6.812,0.1033,-0.3485,0.001223,6.758,3.9412,1.7529,1.7283,1.7148,0.3693,1.0,0.57996,0.56317,1.31241,0.29468,0.9611,1.0062,1.047,0.5008,1.8694,2.3886,4.5488,26.3492,19.8014,10.5924,50,0.1108,0.3643,53,0.0958,0.6121,1.0
208,1293,214968,0.0,0.003505322937196781,0.0005266940079665634,0.003505322937196781,0.8973126069827042,5.361696811074834,3.9954757528591403,-67.66499929586107,56.94268936506147,-0.35392605351639267,67.66499929586107,0.005768156049637705,12.559655641192183,7.404340550801614,-7.761110638914814,5.108009031339076,-0.042930266074328115,7.761110638914814,0.6178097575166802,3.600307387281289,1.6758526546439327,0.11560408224032181,2.492585869908322,0.8443705010679667,0.0,2.6851199328694064,1.7985281644806035,1.0,1.0,1.0,2.0677222643425938e-05,-0.5029664160267205,0,0,0,0.049083747940372846,0.969899573396667,382,0.3226,-0.03303,1.3600131155133708,4,4,0,0.2632,191,0.7775540976849733,0.042552,0.04255241125800335,621.5776835330007,289.8256665524029,0.6091687790408913,0.609170095881111,0.609170287691728,0.7614626198513887,1.2094591134367286e-05,397,0.3793,0.3434,-0.27277,0.058906,434,0.2757,0.1632,0.43277,-0.005203,3,0.1224,0.1892,8.4e-05,6.915,0.089,0.8146,2.8e-05,6.81,0.1046,-0.4154,0.001057,6.76,3.9425,1.7539,1.7273,1.7147,0.3701,1.0,0.58032,0.56396,1.31301,0.29222,0.9642,1.0032,1.0404,0.4996,1.871,2.3907,4.4903,26.4161,19.8529,10.6108,50,0.2273,0.4647,53,0.2238,0.639,2.0
209,1296,214971,0.0,0.0036339787270727266,0.0005280489908036544,0.0036339787270727266,0.8967313919491025,5.365963072341975,3.995711240936858,-68.35319062095262,55.731809820220825,-0.26606825633367914,68.35319062095262,0.00283018829592382,12.565179566970173,7.3737715386019005,-7.85164823177124,5.16128730894618,-0.04430267543297856,7.85164823177124,0.6003217904340988,3.5966135025682564,1.6763366504986326,0.13612518085908298,2.510561824047106,0.8449838708503653,0.0,2.699236893348269,1.8032791231253926,1.0,1.0,1.0,3.828860627998387e-05,-0.4978036493414962,0,0,0,0.04483443007312166,0.9707700774457692,382,0.3042,-0.03944,1.3658404813207479,2,2,0,0.2624,191,0.7800346845044619,0.02313,0.023130007737375502,621.5761659278467,289.8249589322019,0.6091687236607615,0.6091701021594136,0.609170287691728,0.761462627699267,1.253852925731912e-05,398,0.3777,0.3274,-0.25889,0.122006,436,0.2655,0.1466,0.40699,-0.027731,3,0.1149,0.2451,-0.000628,6.897,0.0808,0.7387,0.002714,6.797,0.1003,-0.4723,0.000469,6.765,3.9377,1.7517,1.7262,1.7181,0.3676,1.0,0.57684,0.5606,1.31393,0.29376,0.9611,1.0063,1.047,0.5008,1.8669,2.4893,4.6051,26.4039,19.7758,10.5929,50,0.2208,0.5237,53,0.2341,0.7644,-2.0
210,1296,214971,3.5139990643416265e-23,0.0037287683591458783,0.000533609463376219,0.0037287683591458783,0.8969218734163061,5.3649906371191225,3.9957884755522213,-69.28897428073049,55.314713714726686,-0.30369921559923096,69.28897428073049,0.0011690881543487217,12.559795273404346,7.420686658983172,-7.8744187822320955,5.1967292179049265,-0.04427941153786808,7.8744187822320955,0.5828886009781877,3.592320257024587,1.6761436407543364,0.10098426372734959,2.5279805882946604,0.8584520478671441,1.4142115624116159e-08,2.713360757193533,1.812181589230109,0.00019309921840682254,1.4136429678123035,0.8979606408863446,6.251636931640501e-05,-0.49244836417240373,0,0,0,0.04076213701741026,0.9718117816284041,382,0.3021,-0.02356,1.3773902001442981,5,6,-1,0.2766,189,0.7792645748608145,0.100162,0.1001615027194831,621.5765246601528,289.82512619983794,0.6091686828645981,0.6091701006841135,0.609170287691728,0.7614626258551418,1.286558004144488e-05,398,0.3807,0.3238,-0.26624,0.093991,436,0.2638,0.1327,0.40238,0.00791,3,0.1151,0.285,-0.000193,6.9,0.0798,0.6509,0.000443,6.794,0.1005,-0.5422,0.000789,6.769,3.9382,1.752,1.7252,1.7188,0.3653,1.0,0.57255,0.56496,1.31374,0.29735,0.9598,1.0076,1.0499,0.5,1.866,2.488,4.6649,26.3902,19.731,10.574,50,0.1194,0.8473,53,0.1979,0.9293,-3.0
211,1298,214974,0.0,0.0037596098214695015,0.0005376001747744417,0.0037596098214695015,0.8984090312763042,5.366364254171874,3.9954370132685675,-69.73729801944202,54.97435075106182,-0.2609891262932633,69.73729801944202,0.005634217960442674,12.563859264249366,7.325637743645021,-7.91405550106918,5.258468437794662,-0.04663277980433453,7.91405550106918,0.5671929367532389,3.588327153161458,1.6766029958127087,0.08964583343119747,2.5461921585234193,0.8418852895461805,0.0,2.7273249584350494,1.818355092447704,1.0,1.0,1.0,1.0699381818147714e-05,-0.4873044938060608,0,0,0,0.03710024493028929,0.9729032993985615,382,0.2959,-0.03637,1.46542562836683,5,6,-1,0.2771,190,0.7824465077859964,-0.027784,-0.0277843137702809,621.5777177130494,289.82568248967937,0.6091686695943438,0.609170095738,0.609170287691728,0.7614626196725,1.2971969182211382e-05,398,0.3819,0.3399,-0.26019,-0.004259,438,0.2757,0.1529,0.36741,0.017619,3,0.1132,0.2493,-0.000501,6.897,0.0817,0.5553,0.00095,6.793,0.1054,-0.667,0.000106,6.775,3.9387,1.7512,1.7246,1.7202,0.3706,1.0,0.57824,0.56457,1.31326,0.29526,0.9599,1.0075,1.0495,0.5,1.8649,2.4866,4.6623,26.5973,19.6162,10.5186,51,0.1198,0.6157,52,0.1232,0.9988,-3.0
212,1302,214980,0.0,0.003378310637542914,0.0005502582157800858,0.003378310637542914,0.8927032602408246,5.372071546588122,3.9963392626851486,-70.27368992183078,54.730572465701286,-0.3500344002845314,70.27368992183078,0.001207212417318291,12.565903022557846,7.303965137993919,-7.96605378842292,5.245432902397864,-0.0468210338680529,7.96605378842292,0.5505100294475113,3.584198697947994,1.6760331986914443,0.10427340146354525,2.5647351765660864,0.8375308312748333,0.0,2.7413218981625938,1.821663125900889,1.0,1.0,1.0,3.289144751129456e-05,-0.48190301394999135,0,0,0,0.03995659450375315,0.973961216125,382,0.3081,-0.04002,1.5366903463477004,6,6,0,0.3015,187,0.7796696286290181,0.000681,0.0006814431304671409,621.5791375132856,289.82634450596584,0.6091688337098156,0.609170089767813,0.609170287691728,0.7614626122097662,1.165632697504272e-05,402,0.3851,0.3537,-0.2547,-0.05876,438,0.2786,0.156,0.36266,0.033543,3,0.1189,0.1932,0.001015,6.908,0.0859,0.4953,-0.002176,6.811,0.1076,-0.7567,-0.001552,6.77,3.9432,1.7518,1.7272,1.717,0.371,1.0,0.57809,0.56911,1.31512,0.2961,0.9706,0.997,1.0272,0.5,1.8636,2.3813,4.7212,26.3125,19.9131,10.6853,51,0.173,0.2972,53,0.1003,0.5417,-4.0
213,1302,214980,5.564831593173708e-23,0.0027770460848803966,0.0005658867932635274,0.0027770460848803966,0.8936969147870547,5.370988206551844,3.996409225169064,-70.8273110430246,55.45761786203435,-0.30609518328021745,70.8273110430246,0.0035643640778832975,12.561896210881825,7.2515811710200015,-8.0909865058359,5.273680205672209,-0.047671489025226554,8.0909865058359,0.5341615068415263,3.5800593590845904,1.675864898190191,0.09953967656047125,2.580596632827911,0.8632934265124765,1.4142115624116159e-08,2.7553047373830815,1.830561317673671,1.4725557317296634e-05,1.4138034453653663,0.8524614675626886,0.00011807639042612052,-0.4763570419271961,0,0,0,0.050238074103470934,0.9750577556282173,382,0.3302,-0.04549,1.5089399819572225,3,2,1,0.3274,187,0.7814490298335246,-0.080176,-0.08017577854098201,621.5815109241149,289.82745116631395,0.6091690924958749,0.6091700795828108,0.609170287691728,0.7614625994785135,9.581722068441414e-06,402,0.3797,0.3437,-0.23159,-0.005389,438,0.2708,0.1301,0.37764,0.000689,3,0.1256,0.1425,0.000199,6.899,0.0896,0.468,0.0003,6.817,0.103,-0.808,-0.001647,6.769,3.9424,1.7499,1.729,1.7171,0.3701,1.0,0.57922,0.56503,1.31489,0.29989,0.9618,1.0057,1.0456,0.5,1.8628,2.3802,4.9053,26.3448,19.766,10.6109,51,0.1207,0.3844,52,0.0525,0.3991,-2.0
214,1308,214988,0.0,0.0028026693938552755,0.0005936386784252939,0.0028026693938552755,0.8872866342891135,5.378436357645974,3.9947304101968677,-71.82183002008432,55.44956607053977,-0.32868727573104883,71.82183002008432,0.002214463085760343,12.563687626821531,7.2504534114883725,-8.115916743331871,5.2872023242034265,-0.050794155969667944,8.115916743331871,0.5198724577397489,3.5775035918935973,1.675062781069821,0.09476182040743075,2.591063424528324,0.8633798872073591,0.0,2.768294566437392,1.8306497581839056,1.0,1.0,1.0,5.574640900593803e-06,-0.4712162880167415,0,0,0,0.06730054499049073,0.9761188686317905,382,0.3656,-0.01155,1.4216091816264071,4,3,1,0.3565,186,0.7809644368648789,0.04208,0.04207950784625525,621.5835427115244,289.828398536459,0.6091690814768587,0.6091700706630958,0.609170287691728,0.7614625883288697,9.670099300164725e-06,407,0.391,0.3621,-0.23095,-0.015319,439,0.2627,0.1171,0.39074,-0.01315,3,0.1433,0.0532,0.001058,6.906,0.0961,0.4457,-0.001563,6.828,0.1029,-0.8702,-0.000749,6.763,3.9449,1.7507,1.7309,1.7144,0.3666,1.0,0.5767,0.55652,1.31747,0.29906,0.9618,1.0056,1.0455,0.5008,1.8643,2.3822,4.8472,26.5,19.9206,10.6853,51,0.0382,-0.4577,53,0.0541,0.0561,-2.0
215,1310,214990,0.0,0.0028161572330018406,0.0006079374268383142,0.0028161572330018406,0.8879107028136939,5.379169269950708,3.9938015172455454,-72.86953715281349,56.007280156311225,-0.29685699519292974,72.86953715281349,0.0007298946977396525,12.555393473462853,7.231906483295119,-8.165615112134091,5.284025391479798,-0.05325838347643762,8.165615112134091,0.5045899150663622,3.5736784447442282,1.6755414967995859,0.08588811970688093,2.6041891042583405,0.8421154324954088,0.0,2.782083859687667,1.836881592623216,1.0,1.0,1.0,2.8435125758005553e-05,-0.4661670859032044,0,0,0,0.0923692508360407,0.9771252558833537,382,0.3999,0.00295,1.4063412987510902,5,4,1,0.3999,186,0.782938131790959,0.072214,0.07221396659089452,621.5881839828668,289.8305626417609,0.6091690756927409,0.6091700495837205,0.609170287691728,0.7614625619796506,9.716564075689608e-06,408,0.3842,0.3729,-0.2262,0.001106,440,0.2575,0.1253,0.4048,-0.001917,3,0.1538,0.038,9.1e-05,6.899,0.103,0.4324,0.000521,6.813,0.099,-0.8846,0.001338,6.755,3.9389,1.7515,1.7296,1.7148,0.3689,1.0,0.58281,0.55696,1.317,0.29578,0.964,1.0035,1.041,0.4992,1.8626,2.38,4.9669,26.5196,19.8675,10.6665,51,0.1516,-0.3405,52,0.1107,-0.1764,-2.0
216,1311,214991,0.0,0.002793371872318243,0.0006170488938389882,0.002793371872318243,0.887923623829549,5.380281361231305,3.9940468950482293,-74.3569690508805,53.83509058945798,-0.32805507331585493,74.3569690508805,0.001730359063051523,12.550403238922323,7.170608615305166,-8.181358824660437,5.32241411118579,-0.05301461891673282,8.181358824660437,0.48972037042565814,3.5715829349534904,1.676022474334788,0.0731009820496461,2.6058536030528776,0.8613649784415078,0.0,2.7961664856588095,1.8444304353654914,1.0,1.0,1.0,6.807556649216587e-05,-0.46061876391525025,0,0,0,0.10809426313204812,0.9782046955787803,382,0.4148,-0.01717,1.4172336396871945,4,3,1,0.4253,185,0.7825817958777723,0.050073,0.05007335827548065,621.5911959204965,289.83196703071224,0.6091690855089336,0.6091700353825734,0.609170287691728,0.7614625442282167,9.63790123268991e-06,409,0.3934,0.3784,-0.22472,-0.001049,440,0.2437,0.1087,0.39128,0.008898,3,0.1632,0.0364,0.000552,6.908,0.1011,0.3845,-0.001588,6.804,0.0959,-0.9085,0.001825,6.742,3.9366,1.7548,1.7284,1.7127,0.3681,1.0,0.58365,0.56263,1.31758,0.30163,0.9702,0.9973,1.0279,0.5004,1.864,2.3818,4.9706,26.4509,19.9861,10.7222,50,0.1853,-0.4945,52,0.1265,-0.0682,-3.0
217,1313,214993,0.0,0.0027294933605401554,0.0006160769827454337,0.0027294933605401554,0.8868446586119244,5.38191938989847,3.9947651677585294,-75.83801396250695,53.69951582329742,-0.31019438934435273,75.83801396250695,0.005042106388521343,12.561158519264193,7.163470406537919,-8.25463717107334,5.378418734171514,-0.05239913276976335,8.25463717107334,0.47537641598674873,3.567524900419316,1.6759587115227683,0.11768724187550716,2.6202968124412394,0.853806096693847,0.0,2.810301209973114,1.8505890586056741,1.0,1.0,1.0,0.00012318388690425063,-0.45541860917725097,0,0,0,0.11476651706254692,0.9792965492277951,382,0.4204,-0.01117,1.4281115479621482,3,3,0,0.4469,183,0.7825092214878602,-0.00083,-0.0008296789344792721,621.591729346625,289.8322157535788,0.6091691130032658,0.6091700328256788,0.609170287691728,0.7614625410320985,9.417494716532222e-06,411,0.3974,0.3928,-0.22858,0.029077,440,0.2304,0.1159,0.38109,-0.009082,3,0.1671,0.0386,0.000142,6.899,0.097,0.3165,0.002078,6.781,0.0917,-0.9357,0.002835,6.738,3.9297,1.7555,1.7257,1.7147,0.3695,1.0,0.585,0.55999,1.31923,0.29965,0.9628,1.0046,1.0434,0.5011,1.5551,2.4882,4.8519,26.4366,20.1817,12.9778,50,0.1794,-0.583,52,0.1224,0.0453,0.0
218,1314,214994,0.0,0.0027207665222955778,0.0006261974578146764,0.0027207665222955778,0.8870968507057184,5.382739362565256,3.9949220571374005,-66.88613417328246,53.618187102866365,-0.33752299280323805,66.88613417328246,0.005946340769765968,12.56411040070632,7.148134927174787,-8.223196601848043,5.416605941430198,-0.052514642864825774,8.223196601848043,0.46149563288417095,3.563217507639357,1.6762272695816556,0.07513005746480561,2.63877814576113,0.8514085177121956,0.0,2.8243912545742367,1.8581098272172778,1.0,1.0,1.0,0.0001896060633909289,-0.4498258745606951,0,0,0,0.11254260080891357,0.9803672587938153,382,0.417,-0.00297,1.4751861377800843,4,5,-1,0.454,183,0.7838740546797784,0.051019,0.05101919455532289,621.5921536924795,289.83241361512273,0.6091691167602349,0.6091700307804662,0.609170287691728,0.7614625384755827,9.387378341708069e-06,412,0.3938,0.3908,-0.2588,0.000154,440,0.2295,0.1134,0.40544,-0.004123,3,0.1643,0.0436,-0.00027,6.901,0.0961,0.2367,-5.6e-05,6.775,0.0908,-0.9604,0.00085,6.738,3.9288,1.7564,1.7245,1.7149,0.3686,1.0,0.58303,0.55309,1.32012,0.29989,0.9591,1.0084,1.0513,0.5008,1.5544,2.4871,4.8499,26.47,20.1733,12.9782,50,0.0926,-0.7382,52,0.056,-0.0164,1.0
219,1317,214998,0.0,0.0028327104692279204,0.0006528376592731266,0.0028327104692279204,0.8838042171761613,5.386902816511091,3.994880829452855,-66.31300289014762,54.37166524263713,-0.30983473461949496,66.31300289014762,0.0014712505118517072,12.556386770588718,7.149138780463466,-8.294216326324308,5.419590150840307,-0.054099321286643264,8.294216326324308,0.45060437594569697,3.5588932197257646,1.6760563208310766,0.08197031102745733,2.6588259440060718,0.8526048738612422,0.0,2.8331852877080106,1.8628061622400263,1.0,1.0,1.0,1.012030251938245e-05,-0.44430020964934713,0,0,0,0.10705679835567955,0.9814952219514952,382,0.4055,0.00392,1.5447107041771064,6,7,-1,0.4535,183,0.7860711566616202,0.0046,0.004600177598851118,621.5940199591686,289.8332838072185,0.6091690685868412,0.6091700216938492,0.609170287691728,0.7614625271173114,9.773585807736585e-06,415,0.3986,0.3866,-0.25467,-0.088132,440,0.2291,0.1339,0.44004,0.003753,3,0.1618,0.0453,-0.001031,6.889,0.0936,0.1381,0.00096,6.77,0.0919,-0.9832,-0.000813,6.741,3.9259,1.7547,1.7243,1.7169,0.3695,1.0,0.58302,0.55527,1.32155,0.30125,0.9621,1.0056,1.0452,0.4996,1.5497,2.4795,4.8351,26.7436,19.9396,12.8667,50,0.035,0.3538,51,0.0449,0.9599,2.0
220,1318,214999,0.0,0.002856224457836264,0.0006777568079631164,0.002856224457836264,0.8845005513724187,5.386732931459798,3.994939376608587,-67.78541082920623,53.47188975976104,-0.3528236334845414,67.78541082920623,0.006286452641205642,12.565290305468446,7.150838143129636,-8.393953232727691,5.460581247683189,-0.05471607103984335,8.393953232727691,0.4379418034640169,3.556699399658962,1.6762321469653503,0.14573219966137063,2.667185896055741,0.8590738858898355,0.0,2.847260441083186,1.8705117093702122,1.0,1.0,1.0,7.317647647723148e-05,-0.43869096253483586,0,0,0,0.11131207067365134,0.9825168861845504,382,0.4056,0.01881,1.5525538002025747,4,4,0,0.452,182,0.7859585365323094,-0.028348,-0.02834789568401863,621.5969492795892,289.8346496738929,0.6091690584790291,0.609170007113766,0.609170287691728,0.7614625088922075,9.854668725944058e-06,416,0.3948,0.3867,-0.22674,0.046636,440,0.2298,0.1095,0.43944,0.001891,3,0.1602,0.0285,0.00019,6.896,0.0936,0.0677,-0.001021,6.778,0.091,-0.9954,-0.000531,6.741,3.9292,1.7552,1.725,1.7157,0.3678,1.0,0.57965,0.56818,1.32145,0.30053,0.9662,1.0015,1.0366,0.5,1.5499,2.4798,4.8977,26.7468,19.942,12.8666,50,0.127,0.8826,51,0.1024,0.9708,1.0
221,1320,215002,0.0,0.0029181421507076346,0.000707023617140784,0.0029181421507076346,0.8890740301973461,5.379515695739571,3.9950648023487454,-69.15532235329239,53.29802029021851,-0.3340507239495273,69.15532235329239,0.016258010739203948,12.559727890165066,7.084347404652229,-8.449894242802351,5.473595104505452,-0.05403508397700059,8.449894242802351,0.4258611821418938,3.552477867060782,1.6766037105460259,0.10179148497364743,2.6839768954125742,0.8538789905416057,0.0,2.8613655015067208,1.8765854087043607,1.0,1.0,1.0,2.423228552767667e-05,-0.4332092577906416,0,0,0,0.12309817613965252,0.9804524903135091,384,0.4139,0.03775,1.483339820217275,0,0,0,0.4429,183,0.7819346566809484,-0.025524,-0.025523632230417093,621.5991047608261,289.83565471928426,0.6091690318409283,0.6091699961372249,0.609170287691728,0.7614624951715311,1.0068264905275215e-05,416,0.3956,0.3857,-0.20446,-0.013001,440,0.2269,0.0854,0.42668,0.046875,3,0.1638,-0.0103,5e-06,6.889,0.0941,0.0744,0.000317,6.786,0.0899,-0.9979,-0.001837,6.743,3.9296,1.7531,1.7269,1.716,0.3695,1.0,0.5825,0.5661,1.32182,0.30437,0.9593,1.0084,1.0512,0.5,1.5516,2.4825,4.7168,26.9975,19.9637,12.8665,51,0.1451,0.9999,51,0.15,0.9801,1.0
222,1320,215002,1.7133999342188887e-23,0.0028949607629204636,0.0007055264448809179,0.0028949607629204636,0.8916909837697855,5.378296587769336,3.9950947537439747,-73.37249844190373,53.18671416084476,-0.3378976917119886,73.37249844190373,0.0003870971486623631,12.56072360017323,7.071178904930595,-8.474890182838541,5.5286090779071495,-0.05330486116325859,8.474890182838541,0.41437573824114227,3.548472284466127,1.6770682255974148,0.06551054937451939,2.6968561588478894,0.8557547623546556,1.4142115624116159e-08,2.8754162318739036,1.8853869013978735,0.00554005847128769,1.4141658985088363,0.9047339279985277,0.00012104334325966466,-0.4275711348692411,0,0,0,0.12906826955846273,0.9813879334645489,384,0.4345,0.03079,1.4604410663074037,1,0,1,0.4545,185,0.784738724698413,-0.000428,-0.0004278876035916923,621.5988060989603,289.83551546094753,0.6091690418178158,0.6091699976699482,0.609170287691728,0.7614624970874352,9.988288558482513e-06,416,0.3852,0.3779,-0.20978,-0.087307,440,0.2222,0.0783,0.4581,0.013211,3,0.1674,-0.0546,-3.8e-05,6.898,0.0968,0.1014,-0.001366,6.803,0.0858,-0.9989,-0.001689,6.748,3.9355,1.7528,1.7285,1.7146,0.3653,1.0,0.57671,0.55304,1.32149,0.3056,0.9581,1.0097,1.0539,0.5,1.552,2.3797,4.78,27.0485,19.9341,12.8441,51,0.1206,0.8083,51,0.1538,0.8162,1.0
223,1323,215005,0.0,0.0027250454769152154,0.0006992134574270943,0.0027250454769152154,0.8943385699679152,5.37796612000437,3.9949693157359274,-71.26791796670318,53.10502216529547,-0.3351015228464818,71.26791796670318,0.0005874253547286656,12.557396031584936,6.99595105060325,-8.57695639435004,5.583474731508373,-0.05517295237595586,8.57695639435004,0.4032510729262629,3.5442829633020567,1.6772134126091522,0.13534133096941872,2.715409965514832,0.8600645420245727,0.0,2.889529745423156,1.8901384719307173,1.0,1.0,1.0,0.0002815677546719146,-0.42215892508320674,0,0,0,0.15436884002669582,0.9816952201726539,385,0.4487,0.02136,1.4692050334840543,0,0,0,0.4632,184,0.7833875767812704,0.011925,0.011925193350531549,621.6025959567423,289.83728257403243,0.6091691149592419,0.6091699779147217,0.609170287691728,0.7614624723934021,9.401983943246375e-06,417,0.3617,0.3554,-0.22356,-0.039426,441,0.2244,0.0778,0.48599,0.012299,3,0.1624,-0.0505,0.001066,6.899,0.1009,0.0881,0.000496,6.806,0.0814,-0.9993,0.000452,6.747,3.9362,1.7527,1.7292,1.714,0.3683,1.0,0.58008,0.56226,1.3222,0.30752,0.9623,1.0055,1.0449,0.5004,1.5521,2.3799,4.9047,27.0514,19.9707,12.8669,51,0.156,0.2198,51,0.1878,0.5354,-1.0
224,1326,215008,0.0,0.002944819087957078,0.00068425837765527,0.002944819087957078,0.896964988148726,5.3804918849458625,3.993771259290543,-72.40945911682238,52.13962272179198,-0.3861493570562728,72.40945911682238,0.0032694580038418186,12.561324263738479,7.0145166452203584,-8.561773309004398,5.5899629453621875,-0.052887276812734356,8.561773309004398,0.39295936941219206,3.5417145132747754,1.6774876818672948,0.09765382891829355,2.721749994788994,0.8567174091829313,0.0,2.903435040107498,1.8947958054908407,1.0,1.0,1.0,0.00029600033748901095,-0.41666569241180235,0,0,0,0.17880881907030977,0.9827459216551463,385,0.4708,0.02145,1.4933017442883754,1,1,0,0.4938,182,0.7824668064119636,-0.006124,-0.006123735149510701,621.6019173933944,289.83696617741805,0.6091690203756501,0.6091699815005276,0.609170287691728,0.7614624768756595,1.0160260531275587e-05,418,0.343,0.3458,-0.23168,0.204968,443,0.2295,0.0888,0.47762,0.018529,3,0.1617,-0.0187,0.002016,6.904,0.1081,0.0399,0.000527,6.798,0.0789,-0.9998,0.003043,6.736,3.9336,1.7552,1.7282,1.7125,0.3665,1.0,0.5777,0.57171,1.32357,0.3014,0.9669,1.0008,1.035,0.5008,1.5493,2.3756,5.0816,27.046,19.8997,12.8443,50,0.1597,-0.1751,51,0.1579,0.45,-2.0
225,1334,215020,0.0,0.0031499932633324667,0.0006769421560221226,0.0031499932633324667,0.9002003032375347,5.388851084600952,3.9932309871608425,-73.28611923054612,52.894067048402405,-0.38386754861709144,73.28611923054612,0.010481831299950173,12.563218030111132,7.013653666855721,-8.647916084128047,5.59981758649704,-0.049511571334114705,8.647916084128047,0.3835173157596552,3.537876139296986,1.6763105324964962,0.07742047402694352,2.7251021244722793,0.849670354985788,0.0,2.9173394856287462,1.89226659785193,1.0,1.0,1.0,1.383124329302697e-05,-0.41100340743085706,0,0,0,0.1892058723919142,0.9838823293901394,385,0.4821,0.03774,1.5053585941416927,1,1,0,0.5272,181,0.7838044824942122,0.056895,0.056895346485673404,621.6011050291863,289.83658739290837,0.6091689320747941,0.6091699857647285,0.609170287691728,0.7614624822059105,1.0868169859667413e-05,420,0.3317,0.3351,-0.24217,0.138964,449,0.2285,0.0887,0.44037,-0.020121,3,0.1602,-0.0183,0.000408,6.892,0.1108,0.0421,0.001944,6.779,0.0763,-0.9997,0.001958,6.73,3.9264,1.7552,1.7266,1.7141,0.3679,1.0,0.58054,0.56588,1.32616,0.30726,0.9589,1.0089,1.0521,0.5,1.5447,2.2656,5.1286,27.4083,19.7728,12.8004,50,0.0929,-0.1792,51,0.0843,0.8206,-4.0
226,1336,215023,0.0,0.0030564791792644427,0.0006702583371416472,0.0030564791792644427,0.90624537082817,5.391086453649979,3.993800641138074,-74.50024747963462,52.8724995947007,-0.3799502387371045,74.50024747963462,0.009462638169534188,12.56391837026446,6.960149617767772,-8.730470794115773,5.610468669087859,-0.04885170652992354,8.730470794115773,0.3743572841136722,3.534591859122027,1.6761433983572267,0.09970104037198879,2.734431816888072,0.8568127202237221,0.0,2.93135034607854,1.8982218187992907,1.0,1.0,1.0,4.4247311829808284e-05,-0.40518473155051243,0,0,0,0.18766676218780276,0.9848682583052232,385,0.4907,0.03869,1.553468336264021,0,0,0,0.5403,182,0.7861260809280566,0.001138,0.0011379260599755359,621.6003469637169,289.8362339265022,0.6091689723182729,0.609169989717997,0.609170287691728,0.7614624871474962,1.0545538554159921e-05,420,0.3193,0.3054,-0.2657,0.010349,451,0.229,0.1038,0.43298,-0.027345,3,0.1569,-0.0493,-0.000653,6.896,0.1132,0.0094,-0.000271,6.77,0.0737,-0.9992,0.001215,6.73,3.9254,1.7566,1.7247,1.7145,0.3639,1.0,0.57443,0.55248,1.32674,0.30685,0.9544,1.0134,1.0618,0.5,1.5427,2.2626,5.1834,27.4153,19.7461,12.7997,50,0.0341,0.9965,50,0.0848,0.9186,-3.0
227,1337,215024,0.0,0.003251025645582557,0.0006822838577894754,0.003251025645582557,0.9090994025055202,5.390866191683277,3.9932017785184133,-75.34305727121183,53.53199213657995,-0.34333193385403044,75.34305727121183,0.003769525585648026,12.561952599746261,6.935983302496738,-8.737036538217833,5.651292157590598,-0.05032600734978842,8.737036538217833,0.36570219048927427,3.530900870375142,1.6760017737033317,0.06995720123084936,2.7517158902588545,0.873202608078085,0.0,2.94548289798208,1.9056138726488674,1.0,1.0,1.0,0.00020350036833601575,-0.3994403370728561,0,0,0,0.19636218829863744,0.9859208269542129,385,0.4946,0.03928,1.6317068454413177,2,3,-1,0.5555,176,0.7805640667280322,-0.018291,-0.018290608863252844,621.6017347091494,289.83688099645923,0.6091688885974227,0.6091699824619399,0.609170287691728,0.7614624780774248,1.121674244632198e-05,421,0.3083,0.2819,-0.23728,0.019705,451,0.2368,0.1139,0.43142,-0.037211,3,0.1528,-0.1234,-0.000405,6.891,0.1177,-0.0587,0.000899,6.764,0.0734,-0.9834,0.000387,6.733,3.9238,1.7561,1.7239,1.7159,0.3657,1.0,0.57767,0.55777,1.32678,0.30613,0.9574,1.0104,1.0553,0.4996,1.5422,2.2619,5.1202,27.5839,19.672,12.7558,49,0.0808,0.5578,49,0.1198,0.7477,-1.0
228,1339,215027,0.0,0.0034167725729373722,0.0006981707837166966,0.0034167725729373722,0.9155704565130827,5.391432608486236,3.992705034718495,-75.85544438451406,56.592605574549665,-0.36863915962253185,75.85544438451406,0.004621984606195895,12.552390862648018,6.869344726945193,-8.771253649907884,5.650855052585007,-0.0490845484841296,8.771253649907884,0.35775684826516796,3.5270830519415517,1.6762536201775693,0.12280695783949935,2.7679234384119082,0.8472673657272319,0.0,2.9596039358006934,1.9117166015528206,1.0,1.0,1.0,7.941636952358786e-06,-0.3942105965034452,0,0,0,0.2086952876066373,0.9869225691344367,385,0.5007,0.04218,1.6360661949682924,6,5,1,0.5552,179,0.7849614269955741,0.0031,0.0030998063393843367,621.6021111771677,289.8370565338011,0.6091688172681202,0.6091699804782814,0.609170287691728,0.7614624755978517,1.178859809645805e-05,421,0.297,0.2467,-0.21941,0.087176,453,0.2393,0.1065,0.44337,0.018191,3,0.1494,-0.207,0.001109,6.905,0.1202,-0.0923,-0.001797,6.775,0.0715,-0.9551,0.000163,6.727,3.9275,1.758,1.7249,1.7129,0.3654,1.0,0.57877,0.56981,1.32808,0.30807,0.9691,0.9986,1.0304,0.5004,1.5454,2.2666,5.1308,27.5084,19.8843,12.8668,50,0.088,0.629,50,0.1159,0.9104,-2.0
229,1344,215033,0.0,0.0034745070240249595,0.0007170306906829681,0.0034745070240249595,0.9175700762749156,5.395417128608619,3.9917015056895466,-76.35475763256612,55.80040653539855,-0.3378919315850229,76.35475763256612,0.008169439396040867,12.564821304495721,6.849105995200259,-8.739027634687538,5.662122766962597,-0.04730249391590572,8.739027634687538,0.35036348753297286,3.5254387506855642,1.6766648794538073,0.08835347630492607,2.767974561679867,0.8552385319855298,0.0,2.9736810604438304,1.9135365509453555,1.0,1.0,1.0,7.382781631232012e-07,-0.38846686290223437,0,0,0,0.21935370830498568,0.9880279880421812,385,0.5115,0.04701,1.5548556865423424,4,3,1,0.5561,174,0.7805166741170396,0.005232,0.005232058367728332,621.6035412401584,289.83772333534574,0.6091687924302137,0.6091699728857395,0.609170287691728,0.7614624661071743,1.1987766754588094e-05,424,0.2844,0.2265,-0.21251,-0.056239,455,0.2324,0.0838,0.45799,0.014926,3,0.1461,-0.303,0.000566,6.896,0.1192,-0.1302,-0.000265,6.789,0.0665,-0.9054,-0.002745,6.725,3.9281,1.7556,1.7282,1.712,0.3667,1.0,0.57968,0.56198,1.32979,0.3071,0.961,1.0068,1.0477,0.5,1.5383,2.2562,5.3533,27.8212,19.4851,12.6666,49,0.0507,0.8948,51,0.1309,0.9544,0.0
230,1345,215034,0.0,0.0034078585755969847,0.0007434547753194667,0.0034078585755969847,0.9210202886769743,5.395282235907906,3.9915322085158453,-70.89354434504388,55.00527781182646,-0.3571806605116146,70.89354434504388,0.005611886915575681,12.566282958935739,6.846253832603413,-8.828653120843148,5.719926015081544,-0.046006405532045595,8.828653120843148,0.34364823883502615,3.522087144834474,1.676906503979532,0.07583072685247194,2.7806385835076277,0.8635511277470151,0.0,2.9875984502766615,1.921003174754059,1.0,1.0,1.0,9.89169421323498e-05,-0.38281020605000815,0,0,0,0.2396013503063104,0.9890373380514583,385,0.5274,0.03409,1.5231562553917404,5,4,1,0.5595,174,0.781662824808949,-0.047969,-0.04796920192409937,621.6051270057042,289.8384627369821,0.6091688211181754,0.6091699643579334,0.609170287691728,0.7614624554474166,1.1757785848766017e-05,425,0.2749,0.2114,-0.21423,-0.166275,455,0.2304,0.0872,0.48927,0.004864,3,0.1455,-0.4019,0.000737,6.895,0.1221,-0.1476,-0.000126,6.807,0.0638,-0.8463,-0.002242,6.728,3.9318,1.7536,1.7312,1.7111,0.3651,1.0,0.57547,0.54946,1.32973,0.30973,0.9567,1.0111,1.0569,0.4996,1.5332,2.2487,5.4583,27.861,19.2846,12.578,49,0.0424,0.9829,51,0.1506,0.9235,1.0
231,1346,215035,0.0,0.0036680262158542074,0.0007994971196676429,0.0036680262158542074,0.9234807694131305,5.3956623069954075,3.99197688532729,-71.64134712773809,54.8363824728552,-0.36995725699977333,71.64134712773809,0.007707903680417516,12.563031090120894,6.833920662818687,-8.865936225041706,5.7710205266869545,-0.0461826081021087,8.865936225041706,0.3375775462677821,3.5186916307285396,1.6771615971751823,0.06494080218144305,2.7927702387529316,0.8517336015641185,0.0,3.001185034597299,1.9286213442758844,1.0,1.0,1.0,0.00018868573233778654,-0.37717417892682376,0,0,0,0.28138430728843333,0.9901404269537852,385,0.546,0.0386,1.518655360060419,5,5,0,0.5732,173,0.7819603179147888,0.070348,0.0703483253833217,621.6079447053427,289.8397765577602,0.6091687091720732,0.609169948925604,0.609170287691728,0.761462436157005,1.2655358279036042e-05,426,0.2815,0.2079,-0.20103,-0.116911,455,0.2273,0.0801,0.5095,-0.046993,3,0.1546,-0.4279,-0.000345,6.885,0.1248,-0.1945,0.001417,6.806,0.0646,-0.8033,-0.000622,6.733,3.9309,1.7516,1.7314,1.7129,0.3682,1.0,0.57923,0.56464,1.33025,0.30879,0.9592,1.0087,1.0515,0.5,1.5326,2.3499,5.5172,27.8487,19.2421,12.5552,48,0.0641,0.3237,51,0.1511,0.7974,-0.0
232,1347,215036,0.0,0.00395903098361166,0.0008269738433499917,0.00395903098361166,0.9259601336301185,5.396021034568451,3.992451359994934,-72.40166175302285,54.804675112042446,-0.35282588474507526,72.40166175302285,0.006213950118715061,12.557423967550372,6.763988842298918,-8.884522027870268,5.774763388446446,-0.04559596985289652,8.884522027870268,0.3343262844333907,3.5152968055901943,1.677338639747162,0.07507901558408847,2.799491930807445,0.8599071429625195,0.0,3.0148165138210787,1.9362398095769913,1.0,1.0,1.0,0.00032220034842606347,-0.3712833085797901,0,0,0,0.32457214050645267,0.9912449162241126,385,0.564,0.03827,1.5285393305046597,4,5,-1,0.5968,172,0.7819536529910693,0.014825,0.014824974298276228,621.607518234991,289.83957770561796,0.6091685839334525,0.6091699512831109,0.609170287691728,0.7614624391038886,1.3659387082162871e-05,427,0.2763,0.1987,-0.20211,0.019278,455,0.2168,0.0737,0.54765,-0.027522,3,0.1565,-0.4328,0.001373,6.887,0.1228,-0.284,0.000534,6.803,0.0604,-0.7414,0.001651,6.728,3.9296,1.7527,1.7312,1.712,0.3674,1.0,0.57902,0.57509,1.33097,0.31004,0.9685,0.9994,1.0318,0.4996,1.5321,2.3492,5.5767,27.7961,19.27,12.5775,49,0.0385,-0.5917,51,0.1126,0.9846,-1.0
233,1348,215037,0.0,0.004029170772664441,0.0008504405374351164,0.004029170772664441,0.9289382285486438,5.39605123671275,3.9929609005037325,-67.06123444295794,54.66089695201321,-0.3503574524012917,67.06123444295794,0.0058794406956970136,12.561305713612615,6.7519683084572035,-9.033419647639029,5.768680683728332,-0.04516466548168625,9.033419647639029,0.3294392950062538,3.5120141729515324,1.677479043838578,0.07379014980230991,2.8127166139944313,0.8637279523768965,0.0,3.0289290698324187,1.9439502067658316,1.0,1.0,1.0,0.00037268975190212546,-0.3654580045091603,0,0,0,0.3365788401618606,0.992394352391648,385,0.5704,0.03345,1.5461084216912213,5,6,-1,0.6093,168,0.7786788179237922,-0.006687,-0.006687400444123526,621.6097620222448,289.840623925831,0.6091685537592166,0.6091699387812455,0.609170287691728,0.7614624234765568,1.3901332111731479e-05,428,0.2774,0.198,-0.19135,-0.055302,455,0.2091,0.0715,0.58052,0.012832,3,0.1589,-0.4239,-0.000145,6.872,0.12,-0.3326,0.000448,6.789,0.0585,-0.7131,6.3e-05,6.717,3.9218,1.7523,1.731,1.7126,0.3687,1.0,0.58038,0.56716,1.33139,0.30961,0.9684,0.9994,1.0321,0.5007,1.532,2.2469,5.6376,27.8378,19.2686,12.5774,48,0.0325,-0.9884,49,0.1426,0.9867,1.0
234,1348,215037,9.671875715634789e-24,0.004023230384126135,0.0008716987158684912,0.004023230384126135,0.9341430392836345,5.395309691344837,3.993038512296699,-67.54520542887111,53.58700982548282,-0.3735898031742466,67.54520542887111,0.003493384774080132,12.564260838979227,6.6968083450843245,-9.061509030495046,5.8729496110286314,-0.045249872968155413,9.061509030495046,0.32721042525408833,3.5088277147117095,1.6779210982768356,0.07001909291718333,2.827375952216615,0.8684093863413411,1.4142115624116159e-08,3.029320926874099,1.953222360487693,0.004884599158894054,1.4141046108851998,0.9231231185779647,0.00038599518044874886,-0.35980711469539267,0,0,0,0.3210108338989289,0.9934041693836133,385,0.5684,0.04724,1.5651460639391466,8,8,0,0.6158,168,0.7801621152006726,0.007478,0.0074779071337256475,621.6139975073919,289.84259882348005,0.6091685563379293,0.609169914555578,0.609170287691728,0.7614623931944725,1.3880742169912582e-05,428,0.2923,0.2055,-0.16261,0.002625,455,0.2096,0.0512,0.54763,0.005949,3,0.1666,-0.4916,-0.000126,6.868,0.1199,-0.3728,-0.000374,6.777,0.0618,-0.6248,0.000701,6.708,3.9171,1.7534,1.7301,1.7124,0.3677,1.0,0.57693,0.55893,1.33106,0.31381,0.9613,1.0066,1.0471,0.5,1.5321,2.2471,5.6383,27.7536,19.339,12.6225,48,0.0922,-0.9935,49,0.0895,0.7018,1.0
235,1352,215043,0.0,0.003941507436580015,0.0008852179935094789,0.003941507436580015,0.9458962505071464,5.400767260855444,3.993791991095747,-68.22729329300215,53.516363123347915,-0.37571946495891295,68.22729329300215,0.01645069689330633,12.55705379181221,6.70203756492701,-9.123480690690355,5.915910488651447,-0.04542193716917602,9.123480690690355,0.32243805738445863,3.5057994238379675,1.6775737846488958,0.07750656047368265,2.8386426976739405,0.8667232550533932,0.0,3.043430738204872,1.9566475166237498,1.0,1.0,1.0,7.356879586456662e-07,-0.3542177814989868,0,0,0,0.3164671801541782,0.994467607303553,385,0.5629,0.07432,1.5756407906883472,5,6,-1,0.6186,165,0.7776560363184375,0.008622,0.00862217092035844,621.6155218397657,289.84330958041033,0.6091685915144749,0.6091699056426922,0.609170287691728,0.7614623820533652,1.3598752520063032e-05,428,0.2985,0.2105,-0.12256,0.073428,459,0.209,0.0401,0.50581,-0.010175,3,0.1683,-0.5647,-8e-06,6.871,0.1183,-0.3574,0.000321,6.767,0.0628,-0.569,0.001867,6.706,3.9154,1.7549,1.7283,1.7128,0.3687,1.0,0.57821,0.57068,1.33133,0.31438,0.962,1.0058,1.0455,0.5,1.5295,2.2432,5.7508,28.0113,19.1015,12.4887,48,0.1095,-0.9998,49,0.1245,-0.4262,-2.0
236,1354,215045,0.0,0.004004291345378381,0.000884703883662279,0.004004291345378381,0.954462687710169,5.404248134928052,3.9944262083490982,-68.90947634087337,53.403089435139435,-0.3244355808817526,68.90947634087337,0.008339003773746967,12.563184579536884,6.687194364416273,-9.148464001910881,5.942582101277344,-0.04700169790971598,9.148464001910881,0.3185512730319869,3.5033921554146894,1.6776363824111908,0.1105611777598936,2.8432792521415218,0.8576949979795301,0.0,3.057489743895374,1.962937698611104,1.0,1.0,1.0,7.20970090666579e-05,-0.34866309069085943,0,0,0,0.33317159807354435,0.995387777809578,385,0.5626,0.06736,1.5725061184705484,2,2,0,0.6128,165,0.7787572371840437,-0.024532,-0.024532478037037952,621.6132816614737,289.84226504296333,0.609168564486973,0.6091699187093149,0.609170287691728,0.7614623983866436,1.3815415584006787e-05,428,0.29,0.1982,-0.0864,0.04229,461,0.2187,0.0477,0.48648,-0.03293,3,0.1633,-0.6217,0.000543,6.881,0.1232,-0.3733,-0.000798,6.78,0.0635,-0.4946,-0.000476,6.709,3.9204,1.7552,1.7293,1.7114,0.3663,1.0,0.57726,0.58572,1.33221,0.30589,0.9736,0.9943,1.0213,0.5,1.5279,2.139,5.7448,28.0258,19.1495,12.5332,48,0.0851,-0.9151,49,0.1412,-0.7168,1.0
237,1357,215049,0.0,0.004266843745704616,0.0008895161170668769,0.004266843745704616,0.9652672257937123,5.409516477135828,3.9950110806348147,-69.68754436541866,53.358504714581414,-0.3475659539538183,69.68754436541866,0.005071345924820392,12.564756238614136,6.674963412477731,-9.199059127432465,6.0267020579846955,-0.04700568514285231,9.199059127432465,0.3160829791012656,3.500904761706279,1.6774169118978075,0.0976150543319163,2.849315246921727,0.8673025273111727,0.0,3.0691668303653574,1.9675435723351462,1.0,1.0,1.0,5.6218808033220964e-05,-0.3427210969804916,0,0,0,0.35577007198689414,0.9964177962713827,385,0.5747,0.04608,1.5558785226872565,1,2,-1,0.6112,165,0.7803596415007281,-0.017646,-0.017646075779668813,621.6116755995382,289.84151617764314,0.6091684514913341,0.6091699279372436,0.609170287691728,0.7614624099215545,1.4721299425888589e-05,428,0.2742,0.1683,-0.07859,0.009052,464,0.2136,0.0587,0.46039,-0.084426,3,0.1577,-0.6895,0.000255,6.875,0.1228,-0.3954,0.000972,6.799,0.0586,-0.3926,-0.002759,6.72,3.925,1.7516,1.7323,1.7121,0.3673,1.0,0.57844,0.57923,1.33387,0.31367,0.9725,0.9953,1.0235,0.5004,1.2202,2.2371,5.857,27.9777,19.1505,15.6946,48,0.1548,-0.6934,50,0.1628,-0.6212,-0.0
238,1363,215056,0.0,0.00457352657537834,0.0009059415076814433,0.00457352657537834,0.9774693309052783,5.409618689064166,3.99366728338162,-70.30218216835809,53.2394137459885,-0.3746624271751262,70.30218216835809,0.0030458617739159977,12.53314700124733,6.654081664644408,-9.251645676249566,6.052914386856667,-0.0438472825633069,9.251645676249566,0.31329584125207066,3.4985114514488407,1.677686226676169,0.10566424224328164,2.855800125164916,0.85010163502395,0.0,3.0832304661786014,1.9678107460459238,1.0,1.0,1.0,3.6824606232935417e-06,-0.336912624855757,0,0,0,0.3846257556593464,0.9944431406686458,387,0.5911,0.04889,1.542665423181983,1,1,0,0.6044,166,0.7760919599828554,0.030089,0.030089414955322802,621.6108038900265,289.84110972194674,0.6091683195089023,0.6091699328996233,0.609170287691728,0.761462416124529,1.5779426803071037e-05,428,0.2668,0.1422,-0.07554,-0.014324,468,0.203,0.0449,0.47718,-0.102843,3,0.1579,-0.7578,0.001238,6.866,0.1203,-0.3823,0.000154,6.816,0.0543,-0.3132,-0.002686,6.717,3.926,1.7488,1.7362,1.7109,0.3672,1.0,0.5762,0.56955,1.33691,0.3124,0.9669,1.0009,1.0352,0.4996,0.9155,2.3396,5.7981,28.2494,19.1914,20.9628,48,0.1825,-0.6446,50,0.1734,-0.4815,1.0
239,1365,215058,0.0,0.004838619941920353,0.000936546379905002,0.004838619941920353,0.9796790670067481,5.412760448669231,3.994168793821502,-70.83070030175793,53.19200460669132,-0.3718567343139697,70.83070030175793,0.016413597476249084,12.5500313803386,6.662658173889718,-9.295286246268425,6.100641910337207,-0.04325799169880527,9.295286246268425,0.31106714669754315,3.4962108701176793,1.6777715334205003,0.1142223945836418,2.8685810870008313,0.8622051067624086,0.0,3.0968142712641753,1.9738214164378511,1.0,1.0,1.0,6.837271121591308e-05,-0.33095794014924373,0,0,0,0.4327830755631002,0.9954932498486323,387,0.6243,0.03462,1.5937043541047402,1,1,0,0.6539,163,0.7732828725018075,0.004045,0.004044878894654769,621.6106224510129,289.8410251216072,0.609168205421009,0.6091699339252318,0.609170287691728,0.7614624174065396,1.669404784878275e-05,430,0.2621,0.144,-0.04514,-0.160091,468,0.2102,0.0615,0.50186,0.001534,3,0.1639,-0.7913,-0.001005,6.865,0.1319,-0.3839,0.000435,6.808,0.0554,-0.2608,0.000789,6.721,3.9251,1.7491,1.7344,1.7124,0.3683,1.0,0.57661,0.5798,1.33858,0.31147,0.9677,1.0001,1.0334,0.5004,0.9145,2.337,5.8526,28.1742,19.2376,21.0362,48,0.1221,-0.704,50,0.1431,-0.4032,2.0
240,1372,215066,0.0,0.005072606893604109,0.0009694360838222027,0.005072606893604109,0.9807073391489266,5.421789698529517,3.9941936568577927,-71.05744070862966,53.15690929127945,-0.2969227057063428,71.05744070862966,0.0040510939329543305,12.543333776179116,6.695502762384446,-9.325906270868114,6.0598654412211035,-0.03902491691216309,9.325906270868114,0.3097075626414999,3.493997208766791,1.6773683840128428,0.06851902089837669,2.873982117303212,0.8624335156356785,0.0,3.107049810817471,1.9728925033743625,1.0,1.0,1.0,6.093271815407436e-06,-0.3250502127316543,0,0,0,0.48551420029346554,0.9964764748950029,387,0.6341,0.01814,1.646286823914242,4,4,0,0.6633,164,0.7757443320933743,0.027658,0.027657799010447848,621.6097069226688,289.8405982343176,0.6091681047218569,0.6091699390907588,0.609170287691728,0.7614624238634484,1.750136773283648e-05,434,0.257,0.1415,-0.04831,-0.040788,471,0.2064,0.0493,0.51069,-0.064225,3,0.1637,-0.777,-0.001463,6.872,0.1312,-0.4403,-0.000305,6.795,0.0534,-0.2231,0.001608,6.725,3.9245,1.751,1.7313,1.7136,0.3668,1.0,0.57546,0.59212,1.34139,0.31186,0.9779,0.9899,1.0123,0.5022,0.9146,2.3374,5.9146,28.2666,19.3767,21.186,48,0.0082,-0.9736,50,0.0963,-0.6427,5.0
241,1375,215070,0.0,0.0051837740625259275,0.0009913400394529323,0.0051837740625259275,0.9840735137194517,5.425228673034213,3.993843241039863,-71.99815641926385,53.11068482216724,-0.3447338025164806,71.99815641926385,0.0003001434755304762,12.54204518726958,6.627946449125223,-9.389694218763832,6.047555030433016,-0.037919442703178825,9.389694218763832,0.30873511899484524,3.491932092847581,1.677526346411302,0.06477853751914642,2.8899102647461117,0.8605782900918494,0.0,3.1165795572684107,1.9777172164078614,1.0,1.0,1.0,2.2422664607415474e-05,-0.3190983528633356,0,0,0,0.49993894616463147,0.9975017403613077,387,0.6371,0.02686,1.6594837769346935,2,3,-1,0.6725,163,0.7761507971655953,0.001902,0.0019020265357623245,621.6104072374865,289.8409247730821,0.6091680568827321,0.60916993514143,0.609170287691728,0.7614624189267875,1.7884893469010044e-05,436,0.2587,0.1547,-0.06397,-0.028126,472,0.2146,0.0512,0.50175,-0.016755,3,0.1653,-0.7971,-0.00084,6.862,0.1372,-0.4531,0.000151,6.78,0.0558,-0.1771,0.000385,6.719,3.9186,1.7512,1.7301,1.7146,0.3677,1.0,0.57584,0.5869,1.34355,0.31138,0.9764,0.9915,1.0155,0.4996,0.9154,2.3394,5.9196,28.3774,19.4268,21.2222,48,0.085,0.6437,49,0.0345,-0.949,4.0
242,1378,215074,0.0,0.0052823615609965706,0.000984205882387295,0.0052823615609965706,0.9927197366810468,5.42872859771197,3.992135165732642,-73.44624361055527,53.07349513629138,-0.35833804216946624,73.44624361055527,0.008825826600785902,12.563435164422552,6.663135463692067,-9.428885171150021,6.107544309652714,-0.03814146075077595,9.428885171150021,0.30807009356782084,3.4906633848912354,1.6779735881191769,0.11317133285149972,2.8958909543346447,0.8511866291785736,0.0,3.126225589899054,1.9824720143882466,1.0,1.0,1.0,1.4776265750891029e-05,-0.31343334166953557,0,0,0,0.49081436760702934,0.9984785964741378,387,0.6322,0.07053,1.6276709927303894,1,2,-1,0.6617,160,0.7732804940512596,0.006261,0.006260971444038255,621.610511906415,289.840973577508,0.6091680144577631,0.6091699345506167,0.609170287691728,0.7614624181882709,1.8225033872182964e-05,436,0.2707,0.1772,-0.07854,0.003107,475,0.2228,0.0667,0.43946,0.035876,3,0.1715,-0.8407,-0.000274,6.855,0.141,-0.5244,-0.000776,6.769,0.0605,-0.0203,-0.000116,6.707,3.913,1.7519,1.73,1.7141,0.368,1.0,0.57294,0.57959,1.34581,0.31371,0.9731,0.9946,1.0221,0.5007,0.9143,2.3367,5.9737,28.3882,19.4383,21.2603,48,0.1283,0.7777,48,0.0741,-0.1067,3.0
243,1382,215079,0.0,0.005342841806485047,0.0009879886504681552,0.005342841806485047,0.9930416120843575,5.433234475068323,3.9933665184432257,-74.53174614935513,52.94203958783445,-0.3724650921111512,74.53174614935513,0.006654101134182966,12.558302615764186,6.5642184278066615,-9.553963430944487,6.12738004096098,-0.03742248257978946,9.553963430944487,0.307643918895287,3.489461859233228,1.678037915722716,0.0770383106605842,2.883710591880413,0.8563238692891185,0.0,3.1400982449873833,1.9856428121255467,1.0,1.0,1.0,5.180134949655324e-06,-0.3074702541537537,0,0,0,0.49021774390858786,0.9995313290780949,387,0.6204,0.09756,1.5998884840898457,2,3,-1,0.649,159,0.7733332974030827,0.020486,0.020485533042326143,621.6118068050655,289.8415773554016,0.6091679884382439,0.6091699271870747,0.609170287691728,0.7614624089838434,1.8433662469113923e-05,439,0.2754,0.1974,-0.0898,-0.016482,476,0.2149,0.0459,0.42768,0.106167,3,0.1715,-0.8861,-0.000565,6.846,0.1335,-0.5283,-0.000169,6.751,0.0595,0.0746,0.000879,6.696,3.9056,1.7529,1.7285,1.7146,0.3694,1.0,0.57437,0.58625,1.34711,0.31323,0.9697,0.9981,1.0293,0.4993,1.2183,2.132,6.1524,28.4122,19.4588,15.9721,48,0.0377,0.903,48,0.1035,-0.9053,3.0
244,1388,215087,0.0,0.0054072493560538264,0.0009679285898090667,0.0054072493560538264,0.9986144034201019,5.43202785594763,3.9923900144205797,-71.7979884589034,52.887291040341744,-0.28098753112088304,71.7979884589034,0.014876093982836569,12.562993661332106,6.6580673786107445,-9.574408636495155,6.167603075683829,-0.036851224025163144,9.574408636495155,0.30753554981336023,3.488132071611966,1.6783545909265811,0.09421711171725378,2.854212319827715,0.8680505211455614,0.0,3.1541299050084644,1.985834853041872,1.0,1.0,1.0,5.3446479885648215e-06,-0.3015698038695976,0,0,0,0.5035833418091402,0.9979935364666318,389,0.6097,0.08586,1.5867282395707074,2,3,-1,0.6133,159,0.7685632156738579,-0.035486,-0.03548610482668435,621.6065301640912,289.8391169936029,0.6091679606861835,0.6091699567179534,0.609170287691728,0.7614624458974417,1.8656037225552172e-05,441,0.2594,0.1924,-0.08695,-0.014624,478,0.2131,0.0489,0.39629,0.045299,3,0.1583,-0.9289,-0.001268,6.86,0.1302,-0.5171,0.000264,6.751,0.0554,0.1634,0.001262,6.712,3.9113,1.7538,1.726,1.7161,0.3661,1.0,0.57168,0.59537,1.35217,0.3131,0.9754,0.9925,1.0175,0.5,0.9147,2.2359,6.0979,28.7039,19.5134,21.3331,48,0.1295,-0.251,48,0.185,-0.868,1.0
245,1389,215088,0.0,0.00550807912828306,0.000956528607804084,0.00550807912828306,1.002758911630387,5.432987241139172,3.992642171224088,-72.5738790227706,52.85568849619793,-0.3340052054152079,72.5738790227706,0.019605430048560912,12.536555030879317,6.637148275404009,-9.568533366030316,6.147846777244064,-0.03765212228194488,9.568533366030316,0.307949286517183,3.4867527499437587,1.6784636320677713,0.08885517541191967,2.8178574376740735,0.8546627277136291,0.0,3.1680665754710833,1.9932543509526182,1.0,1.0,1.0,5.2120524930890384e-05,-0.29592914107805696,0,0,0,0.5109998343132722,0.998944037469346,389,0.6229,0.06841,1.5757529304867424,1,1,0,0.6241,159,0.7702127265838979,-0.00734,-0.007340061229192063,621.6033536146895,289.83763585042146,0.6091679172698273,0.6091699738872149,0.609170287691728,0.7614624673590187,1.900401620418148e-05,442,0.2473,0.1956,-0.07852,0.002841,478,0.2175,0.0715,0.34499,0.056518,3,0.1541,-0.9725,-0.001405,6.856,0.136,-0.5036,0.002042,6.762,0.054,0.2884,-0.001643,6.736,3.9174,1.7502,1.7262,1.7196,0.3655,1.0,0.57174,0.59601,1.35318,0.31432,0.9772,0.9907,1.0138,0.5004,1.222,2.1385,6.1099,28.5856,19.7214,16.1386,49,0.2116,-0.4453,49,0.2766,-0.6362,2.0
246,1390,215089,0.0,0.00568648330911986,0.0009133559283030603,0.00568648330911986,1.0072915766155919,5.433350962796309,3.9926291429440175,-72.88068250673061,52.91787290714972,-0.32511146875480507,72.88068250673061,0.018575146118191554,12.562479603637925,6.676014595645997,-9.61964266138983,6.137083509928916,-0.03970419706489404,9.61964266138983,0.3089831420985478,3.4854662656651287,1.6785642286266516,0.08999565563309553,2.7855317327427414,0.8611814123771961,0.0,3.181955693723906,2.0008205039879554,1.0,1.0,1.0,0.00014126186662769338,-0.29017916849522957,0,0,0,0.5161224043402969,0.9997656013841865,389,0.6387,0.06767,1.5754841989726778,1,0,1,0.6274,158,0.7699541841110195,-0.016547,-0.016547413665735533,621.5952009826435,289.8338344880504,0.609167840436819,0.6091700158642557,0.609170287691728,0.7614625198303195,1.9619804979512525e-05,443,0.2297,0.1889,-0.09824,0.037698,478,0.2043,0.072,0.30778,0.006506,3,0.1468,-0.9923,0.001898,6.838,0.1326,-0.5277,-0.000178,6.78,0.0477,0.4188,-0.003885,6.724,3.9149,1.7466,1.7319,1.7175,0.3678,1.0,0.57416,0.58784,1.35226,0.31397,0.9745,0.9934,1.0194,0.5,1.2216,2.1378,6.2302,28.5334,19.7155,16.1391,47,0.2789,-0.2708,49,0.277,-0.3481,-1.0
247,1394,215094,0.0,0.005903473508975953,0.0008874133100423225,0.005903473508975953,1.014937036388406,5.4371344445352925,3.9911818293304195,-73.02573992368505,53.73807954458984,-0.36639017709428584,73.02573992368505,0.0013424542857052302,12.560857419990008,6.62745670906768,-9.653780012507806,6.108570780739855,-0.038815855938500295,9.653780012507806,0.31043886709140806,3.4842636924569024,1.6783850548083112,0.0886049168869032,2.7772733843171533,0.8676021873309081,0.0,3.195650377340164,2.004156576003785,1.0,1.0,1.0,4.663194534485862e-05,-0.28444988473851207,0,0,0,0.5483109081637143,1.0006042388234786,389,0.6563,0.06306,1.5733322270735473,0,0,0,0.6334,155,0.7666987437766036,-0.000459,-0.00045923537989223107,621.5875017532702,289.83024453566924,0.609167746993457,0.6091700527449965,0.609170287691728,0.7614625659312455,2.0368728316928345e-05,444,0.2129,0.1989,-0.08997,0.024848,481,0.1799,0.041,0.35845,-0.003575,3,0.1399,-0.9999,-0.000227,6.848,0.1204,-0.5877,-0.0007,6.786,0.0391,0.5987,7.9e-05,6.729,3.9188,1.7474,1.7317,1.717,0.3671,1.0,0.57456,0.60263,1.35507,0.31288,0.9755,0.9924,1.0173,0.5,1.2193,2.1337,6.2183,28.8269,19.5421,16.0273,48,0.1654,-0.2936,49,0.2117,-0.0691,0.0
248,1399,215100,0.0,0.0059938046614083085,0.0008716338662227557,0.0059938046614083085,1.027254149274087,5.444432272135391,3.98982501226824,-73.33481064349678,54.135201483305806,-0.2688766498953784,73.33481064349678,0.0215463989235829,12.564132732477683,6.670604769711692,-9.661660355277457,6.073665941565196,-0.03909499614295577,9.661660355277457,0.31232097585955265,3.483157905098146,1.6780264119218173,0.08662207572585134,2.7843834432014964,0.8533369156658023,0.0,3.209201397564527,2.006055646585172,1.0,1.0,1.0,3.374166548431257e-06,-0.2789886192550557,0,0,0,0.5797752178592532,1.0014711597294395,389,0.6643,0.0528,1.5891722735399154,2,2,0,0.6457,157,0.7707466894239612,0.026343,0.026343370356403772,621.5803203536428,289.8268960339631,0.6091677080592569,0.609170084725519,0.609170287691728,0.7614626059068987,2.068063641928501e-05,444,0.1892,0.2094,-0.12853,0.078186,486,0.1795,0.0462,0.43062,-0.051603,3,0.1258,-0.9659,-0.003403,6.868,0.1203,-0.6706,0.000752,6.777,0.0343,0.8398,0.002412,6.759,3.927,1.749,1.7258,1.7212,0.3664,1.0,0.57613,0.60596,1.35888,0.31164,0.9794,0.9883,1.0091,0.5004,1.214,2.2257,6.313,29.0934,19.2222,15.8338,48,0.0775,-0.8155,49,0.1192,-0.239,-1.0
249,1403,215106,0.0,0.005986713286428678,0.0008485559180854393,0.005986713286428678,1.0398055868988214,5.4503470831208665,3.989159523372251,-73.30140297246064,54.368135693181586,-0.2960538203769016,73.30140297246064,0.009680632844428882,12.564969069184963,6.704048397470036,-9.782373775112369,6.086935524136501,-0.0366111081176548,9.782373775112369,0.3146786325689263,3.482142480370457,1.677657681370051,0.08077876984556276,2.8001818493560844,0.8562190189927239,0.0,3.222715883716658,2.009233666601554,1.0,1.0,1.0,2.6276787785728013e-05,-0.27314131696204386,0,0,0,0.5843425388433725,1.0024310241390937,389,0.6619,0.06305,1.6020389243469133,4,4,0,0.6557,155,0.7690378225671558,0.009324,0.009324440136424972,621.5723908506683,289.82319871093193,0.609167711049218,0.6091701173262655,0.609170287691728,0.7614626466578318,2.065643231134093e-05,444,0.1636,0.1973,-0.19424,0.158804,490,0.1759,0.0429,0.50256,-0.048009,3,0.1083,-0.8125,-0.002415,6.875,0.117,-0.7905,0.001179,6.761,0.0289,0.9993,0.002327,6.776,3.9286,1.7501,1.721,1.7249,0.3661,1.0,0.57905,0.60301,1.35961,0.31271,0.9787,0.9889,1.0104,0.5004,1.2107,2.2196,6.356,29.1424,19.1352,15.8051,48,0.1162,-0.8104,50,0.0513,-0.9377,-1.0
250,1407,215111,0.0,0.005979474168170073,0.0008576184465134483,0.005979474168170073,1.0516913008941164,5.454644529546627,3.988000999092738,-70.41103190543458,55.164616993815486,-0.34055969269888003,70.41103190543458,0.011460682201482442,12.548551079381117,6.668596005065975,-9.851100293651912,6.116710970429903,-0.03840730581824362,9.851100293651912,0.3173418322438164,3.4812307320733296,1.6776428712743463,0.08454632347059199,2.8150438396900577,0.8557959320419706,0.0,3.233882604940788,2.0122649187931763,1.0,1.0,1.0,4.8093439444943205e-05,-0.2674629638013394,0,0,0,0.5778831634619548,1.0033930661230877,389,0.6555,0.08947,1.6245924755747227,2,2,0,0.6541,152,0.7656536368071133,0.016905,0.016904770301093386,621.5735924963521,289.8237590073687,0.6091677141711045,0.6091701125679827,0.609170287691728,0.7614626407099784,2.0631414721310153e-05,444,0.1562,0.1728,-0.20296,0.026736,494,0.1809,0.02,0.48704,-0.005278,3,0.1026,-0.3705,0.001932,6.86,0.1187,-0.7837,-0.000503,6.758,0.0283,0.8672,-0.00083,6.753,3.9206,1.7498,1.7238,1.7224,0.3737,1.0,0.58753,0.60101,1.36049,0.31449,0.9799,0.9876,1.0078,0.4996,1.2088,2.2162,6.4673,29.2279,19.0727,15.7782,47,0.1975,-0.8618,49,0.1143,-0.9482,-1.0
251,1409,215113,0.0,0.005973239413167689,0.0009023986658602114,0.005973239413167689,1.0561066564201107,5.456108702029236,3.9872757339062943,-71.84628584068224,55.93306036765408,-0.3564993127506031,71.84628584068224,0.002337999524195583,12.56320211702439,6.627877079100121,-9.901645143126851,6.175804836416225,-0.038381438496638734,9.901645143126851,0.3193880202130092,3.480441741588877,1.6775874375941118,0.06669580819855525,2.8290503377495484,0.8546800139313496,0.0,3.2477813150277726,2.018344373078611,1.0,1.0,1.0,9.670191477509891e-05,-0.26153116400082926,0,0,0,0.5677910930346328,1.0044049934169528,389,0.6451,0.09221,1.6235829911882826,2,3,-1,0.6459,152,0.766963072341621,0.027204,0.027203923941360397,621.5838877542856,289.8285594210128,0.6091677169370034,0.6091700691305344,0.609170287691728,0.761462586413168,2.0609561131933862e-05,444,0.176,0.1722,-0.18767,-0.159203,496,0.1957,0.0385,0.41742,-0.017034,3,0.1136,-0.0152,-0.00122,6.853,0.1267,-0.7789,0.000253,6.761,0.0346,0.639,-0.001796,6.759,3.9209,1.7478,1.7244,1.7239,0.3762,1.0,0.58895,0.59923,1.36217,0.31433,0.9843,0.9831,0.9988,0.4996,1.2082,2.2151,6.5848,29.2992,18.9958,15.7224,47,0.1374,-0.8902,50,0.0952,-0.8803,-2.0
252,1412,215117,0.0,0.0060455503982652726,0.000974211030607288,0.0060455503982652726,1.057244893927147,5.4593581436785605,3.9872965399838805,-73.38707350146454,56.71722401493639,-0.27182775256675784,73.38707350146454,0.01083452760215664,12.55678445598562,6.664970695759437,-9.961040736223394,6.2017781298362,-0.037039851462281184,9.961040736223394,0.3232957659168038,3.4797508773587777,1.6774611983937926,0.07006332099830703,2.8497082659026614,0.8524290211807201,0.0,3.2618334228602057,2.0229618054079244,1.0,1.0,1.0,3.0007924415559287e-05,-0.2557136464939325,0,0,0,0.5937220339095669,1.0054198380470618,389,0.6435,0.0699,1.6134259852925763,1,1,0,0.6469,151,0.7665645034822671,0.001281,0.0012811729448558573,621.592930266766,289.8327757117137,0.6091676858820636,0.6091700270188357,0.609170287691728,0.7614625337735446,2.085875340847774e-05,446,0.1916,0.1718,-0.28505,0.115186,497,0.2065,0.0472,0.4042,0.013284,3,0.1236,0.1117,0.000668,6.851,0.1347,-0.747,0.001292,6.762,0.0402,0.5772,0.000661,6.762,3.9214,1.7472,1.7244,1.7245,0.3737,1.0,0.59094,0.60532,1.36405,0.3145,0.9857,0.9817,0.996,0.5,1.2077,2.1135,6.5822,29.5895,18.8876,15.6393,47,0.0483,0.706,50,0.1131,0.3205,0.0
253,1414,215120,0.0,0.006148405385130276,0.0010088983058620716,0.006148405385130276,1.0543155848077645,5.461338485763059,3.9867105162368484,-78.94350889657088,52.98144494032396,-0.2795129411609368,78.94350889657088,0.0006174007518318092,12.561494119809227,6.692617665557852,-9.991426023104921,6.220526842917999,-0.03669573765084652,9.991426023104921,0.32767761957141983,3.4791498151021556,1.6774333850752081,0.10222319216650433,2.8704614735965297,0.8586146747152249,0.0,3.2759146520841798,2.029019695600162,1.0,1.0,1.0,9.570543188950186e-06,-0.2500593312923637,0,0,0,0.616855651360499,1.006486105348396,389,0.6507,0.05422,1.604309969491083,0,0,0,0.6532,150,0.7665206864143964,0.026222,0.026222462370115718,621.5942950642669,289.8334120816412,0.6091676416271926,0.6091700203415293,0.609170287691728,0.7614625254269116,2.1213583834145297e-05,446,0.2004,0.1825,-0.27675,0.063043,499,0.2151,0.071,0.41538,0.023139,3,0.131,0.1993,0.000102,6.848,0.1415,-0.7688,0.001638,6.77,0.0437,0.4734,-0.000602,6.774,3.9243,1.745,1.7251,1.7261,0.373,1.0,0.59385,0.59888,1.36562,0.31666,0.9864,0.981,0.9945,0.5,1.2073,2.2135,6.7007,29.5368,18.8815,15.6394,47,0.1742,0.9609,50,0.251,0.5981,-1.0
254,1418,215125,0.0,0.006245205337040892,0.0010219372702239963,0.006245205337040892,1.052659017606484,5.467274833756228,3.9863865770770857,-78.71341910789005,62.8636091324711,-0.2794770641263734,78.71341910789005,0.003091100238639344,12.560088426012088,6.676097117418422,-10.034886162280898,6.204028321078461,-0.03717607452129554,10.034886162280898,0.32856184731938,3.4786113868534576,1.677033402262083,0.0865256591897291,2.8901468888213,0.8533722236525353,0.0,3.2779607170232232,2.0321435476356697,1.0,1.0,1.0,6.362484101190817e-06,-0.24448805850498925,0,0,0,0.6289269347896224,1.0075215414995673,389,0.6623,0.04434,1.616874280916818,0,0,0,0.6579,149,0.7665750522685205,-0.01868,-0.018680132359835344,621.5960869337969,289.8342475842576,0.6091675999794015,0.609170011446662,0.609170287691728,0.7614625143083276,2.1547506511373716e-05,446,0.2084,0.1846,-0.22614,0.125801,503,0.211,0.0923,0.40398,-0.033603,3,0.1381,0.2271,0.002266,6.841,0.1418,-0.8078,0.000879,6.784,0.0446,0.3907,-0.001051,6.769,3.9249,1.7431,1.7284,1.7246,0.3757,1.0,0.59751,0.59351,1.36866,0.31611,0.9816,0.9857,1.0042,0.4993,1.2046,2.2084,6.9867,29.5128,18.7718,15.5834,47,0.2656,0.9161,49,0.303,0.7399,1.0
255,1421,215129,0.0,0.00639322469586464,0.0010310019180428786,0.00639322469586464,1.0483628890606114,5.466751880616806,3.9865625962392355,-78.58819232909325,63.420230819375405,-0.3057286469044923,78.58819232909325,0.052719508422703634,12.56384342507525,6.684949167017016,-10.154746025432368,6.205951889767144,-0.0384740846786004,10.154746025432368,0.33364692388257794,3.4781097971946693,1.6769299173500025,0.08405756580921031,2.908559430761725,0.8478090120828571,0.0,3.2920137049382863,2.0368050774011137,1.0,1.0,1.0,1.785094497451932e-05,-0.23865723092772465,0,0,0,0.6588753289092242,1.0070763276085686,390,0.6753,0.03188,1.617821182033063,3,4,-1,0.6549,148,0.7626804389864534,0.019089,0.019089218980462785,621.5946525473055,289.83357876677593,0.6091675362655837,0.6091700185787587,0.609170287691728,0.7614625232234484,2.2058260892569516e-05,446,0.2084,0.1885,-0.16591,-0.01987,505,0.2162,0.1188,0.39934,-0.131678,3,0.1409,0.2801,0.001399,6.843,0.1477,-0.8722,0.001022,6.799,0.0456,0.2253,-0.000436,6.775,3.9294,1.7416,1.7302,1.7243,0.376,1.0,0.59895,0.60436,1.36938,0.31851,0.9864,0.9809,0.9945,0.5004,1.204,2.2074,6.9835,29.6711,18.7296,15.5561,47,0.2516,0.8405,49,0.279,0.8141,-0.0
256,1422,215130,0.0,0.006491093599317612,0.0010661890095580433,0.006491093599317612,1.046174380117134,5.467901750552006,3.9868531900605206,-78.47503402539746,67.25938822078513,-0.24965908521260596,78.47503402539746,0.0006922486105302994,12.550541332026215,6.63549665647517,-10.235455406050823,6.233486493044549,-0.039103450292608866,10.235455406050823,0.33909813215067064,3.477596127471691,1.676721039532939,0.09386431187830946,2.9040488527314663,0.8561698571180788,0.0,3.305680666323275,2.044520229093831,1.0,1.0,1.0,0.00010540642571793482,-0.23289167667493899,0,0,0,0.7088763914616982,1.0080520263170563,390,0.6908,0.02686,1.6198432612143332,3,4,-1,0.6703,148,0.7639962636160728,-0.029873,-0.029872591692535977,621.5928209241773,289.83272472808045,0.6091674941389371,0.6091700275510981,0.609170287691728,0.7614625344388726,2.2395999642233368e-05,446,0.2135,0.179,-0.16826,-0.149253,506,0.2179,0.1398,0.40028,-0.179657,3,0.1478,0.2937,-0.002521,6.864,0.1517,-0.9435,0.000637,6.802,0.047,0.0397,0.001243,6.806,3.9397,1.7422,1.7264,1.7275,0.3734,1.0,0.59841,0.60116,1.36961,0.31663,0.9937,0.9736,0.9799,0.5007,1.2025,2.2046,6.9745,29.8908,18.5386,15.4167,47,0.1846,0.2995,50,0.189,0.6439,-1.0
257,1424,215132,0.0,0.00662143626391056,0.0011128836835340964,0.00662143626391056,1.043859293777636,5.469730797432922,3.9858816038641773,-78.26205395358652,64.17093977881721,-0.2863880078563017,78.26205395358652,0.002680152426201232,12.521628752062941,6.614126937071098,-10.317308592386421,6.219717682104379,-0.040417889500458076,10.317308592386421,0.34494703983864333,3.4770287408630463,1.6763486063076378,0.08662873600318832,2.904015711707203,0.8411280857203813,0.0,3.319080886917337,2.0506042424531046,1.0,1.0,1.0,0.00019592197473296068,-0.22759862054926988,0,0,0,0.7454669962776548,1.0090984636040576,390,0.6956,0.05204,1.6470385073836369,2,2,0,0.6774,148,0.7655145360840576,0.0338,0.03380038918556871,621.5961978470771,289.8342993002638,0.6091674380777027,0.6091700108926381,0.609170287691728,0.7614625136157976,2.2845592395021735e-05,446,0.2274,0.1881,-0.16386,-0.137093,508,0.2017,0.1219,0.47313,-0.090742,3,0.1587,0.4159,-0.001523,6.866,0.143,-0.9673,0.001035,6.797,0.0469,-0.1715,0.000625,6.82,3.9422,1.7418,1.7243,1.73,0.3735,1.0,0.602,0.59752,1.37043,0.31509,0.9892,0.978,0.9886,0.5,1.2009,2.2017,7.2056,29.8091,18.4811,15.3894,47,0.2624,-0.4422,49,0.1504,-0.3079,-2.0
258,1426,215134,0.0,0.006684476155921673,0.0011653124294023068,0.006684476155921673,1.0389692304177354,5.467008016541106,3.9854347620791084,-78.21966909791081,64.33669613013727,-0.24562529668992145,78.21966909791081,0.007640727299401462,12.549522944423053,6.618771231360167,-10.442467895056325,6.2639370094538505,-0.03933119424226681,10.442467895056325,0.3485294815909022,3.476387517391371,1.6759720011165338,0.11834337627092872,2.92301499792382,0.8602718881591431,0.0,3.320661175524148,2.056741740958965,1.0,1.0,1.0,0.0002909137978033371,-0.2216411989964627,0,0,0,0.7464214727872203,1.0082768590006512,391,0.687,0.06539,1.6580507208703104,0,0,0,0.6639,149,0.7637422117273552,0.022769,0.022769076270579003,621.6066555827477,289.83917547309255,0.6091674110349087,0.6091699560301934,0.609170287691728,0.7614624450377417,2.3062707603314417e-05,446,0.2451,0.2027,-0.18408,0.075207,509,0.1954,0.0966,0.50757,-0.139074,3,0.1697,0.4761,0.00065,6.858,0.1382,-0.9788,-0.001278,6.79,0.0497,-0.2857,-0.000495,6.801,3.9354,1.7426,1.7254,1.7281,0.3752,1.0,0.60335,0.58673,1.37013,0.31629,0.9859,0.9813,0.9953,0.4993,1.2013,2.2023,7.2076,29.9888,18.4194,15.3329,47,0.2909,-0.5704,50,0.194,-0.572,-1.0
259,1429,215138,0.0,0.00667327471378553,0.0012498707874356715,0.00667327471378553,1.0359069770952414,5.469532281728192,3.9836484961902285,-78.144635160284,64.55097805442907,-0.2939381332186878,78.144635160284,0.012049682974928325,12.56071953119233,6.602258450854861,-10.494772206868909,6.256207816602645,-0.037908155546227354,10.494772206868909,0.355138363793561,3.4757074438855087,1.675684023057786,0.09012701865678396,2.942092586853884,0.8432741591493174,0.0,3.334477637342447,2.061619561767125,1.0,1.0,1.0,5.833003242717901e-06,-0.216204866372992,0,0,0,0.7441647710315595,1.0092261260268631,391,0.6765,0.06132,1.643568697718631,0,0,0,0.6516,149,0.7650066754094497,-0.014698,-0.01469804027320154,621.6196366479121,289.8452282094817,0.6091674159627658,0.6091698810494262,0.609170287691728,0.7614623513117826,2.3023579704967612e-05,446,0.2583,0.1984,-0.18615,0.016449,512,0.189,0.0564,0.49899,-0.061453,3,0.1771,0.5471,0.000335,6.86,0.1327,-0.9812,-0.000748,6.786,0.0513,-0.3754,0.000643,6.794,3.9338,1.744,1.7251,1.727,0.3777,1.0,0.60716,0.5992,1.37245,0.31615,0.984,0.983,0.999,0.4997,1.4986,2.098,7.2531,30.0571,18.3492,12.2442,47,0.258,-0.7137,50,0.1992,-0.5371,-2.0
260,1433,215144,0.0,0.006698914834396575,0.0013193161932555475,0.006698914834396575,1.0325697791088373,5.464857850863898,3.985569985342159,-78.00259290309744,64.49649330785046,-0.20524755570760264,78.00259290309744,0.016874399670069665,12.562822204147734,6.520166127859834,-10.487089443414325,6.217031983751559,-0.03794679268765966,10.487089443414325,0.3626714776881564,3.475045277427912,1.6752251932896058,0.09303595260311737,2.9609620544610533,0.8540399650304588,0.0,3.3486030794584125,2.065086349477665,1.0,1.0,1.0,2.006883369322308e-06,-0.21037554102973785,0,0,0,0.7558501146725617,1.0082929182145008,393,0.661,0.04937,1.6287284339678398,0,0,0,0.6168,151,0.7646100197734031,-0.031614,-0.03161395907938669,621.6269626033451,289.8486441138373,0.6091674049940469,0.6091698353727402,0.609170287691728,0.7614622942159252,2.3111768747020925e-05,448,0.2595,0.2046,-0.23073,-0.173137,512,0.2005,0.063,0.45922,-0.141037,3,0.1735,0.588,-0.001459,6.868,0.1379,-0.9826,-0.000869,6.78,0.0548,-0.4276,0.00061,6.798,3.935,1.7454,1.723,1.7276,0.373,1.0,0.60483,0.59675,1.37557,0.3182,0.9931,0.9741,0.9809,0.5003,1.1999,2.2999,7.1397,30.1272,18.4991,15.4172,47,0.1325,-0.729,50,0.1656,-0.1416,-3.0
261,1435,215146,0.0,0.0067430341625008845,0.0013464355694016023,0.0067430341625008845,1.0295150910360535,5.466210189352824,3.9846570203757854,-77.94589363067738,64.45719204097726,-0.25960403645372215,77.94589363067738,0.01803872775805573,12.535288105692542,6.491306891568486,-10.577906213176416,6.171931517097558,-0.0363506171138396,10.577906213176416,0.3703309564972213,3.4744550372911696,1.6750294343752679,0.129415237880946,2.9802414301430478,0.8596752106721294,0.0,3.362034252392054,2.071038002244874,1.0,1.0,1.0,3.841668948706433e-05,-0.2047328107868117,0,0,0,0.7754110601928331,1.0092477471554522,393,0.6686,0.05094,1.6230042317275373,2,2,0,0.6301,151,0.766107102458115,-0.001647,-0.001647379038513197,621.6267303355066,289.8485358133257,0.6091673860060817,0.6091698368571418,0.609170287691728,0.7614622960714271,2.326399249725268e-05,448,0.2641,0.2295,-0.22161,0.01806,514,0.206,0.0861,0.43827,-0.084087,3,0.1791,0.5952,0.000531,6.866,0.1448,-0.9849,0.000936,6.78,0.058,-0.4469,0.000514,6.799,3.9348,1.745,1.7231,1.728,0.3742,1.0,0.60807,0.59674,1.37617,0.31711,0.9887,0.9784,0.9896,0.5003,1.4977,2.1966,7.2488,30.0819,18.4714,12.3332,47,0.0577,-0.9986,50,0.1108,-0.1678,1.0
262,1440,215151,0.0,0.006871024847255846,0.0013057869098911641,0.006871024847255846,1.0299594271883319,5.473018982164813,3.9845801465020516,-77.82533885234284,64.34851941202632,-0.18116132972378604,77.82533885234284,0.006021059569260245,12.564242783905867,6.453496596145328,-10.601958765119555,6.186277561053234,-0.03706170215446022,10.601958765119555,0.3763066536110194,3.474099636079977,1.674505274012251,0.0794316834744454,2.998767826277813,0.8424528854191152,0.0,3.3749075822871215,2.0726509062621505,1.0,1.0,1.0,8.701521829739392e-05,-0.199704662412693,0,0,0,0.7649484937947764,1.0101112508518473,393,0.6723,0.04098,1.6227309428238008,0,0,0,0.6208,150,0.7658834095938368,0.019231,0.01923135262197806,621.6226990354921,289.84665612194567,0.6091673308926062,0.6091698622511793,0.609170287691728,0.761462327813974,2.370572405142751e-05,449,0.2529,0.2218,-0.22983,0.115364,518,0.2072,0.1165,0.44649,-0.210122,3,0.1723,0.6156,0.001168,6.862,0.149,-0.9902,0.000241,6.788,0.0568,-0.4995,-0.000839,6.796,3.9351,1.7439,1.7251,1.7271,0.3746,1.0,0.60529,0.59042,1.37714,0.31863,0.9888,0.9782,0.9893,0.5014,1.4925,2.2884,7.5817,29.8917,18.4069,12.3329,47,0.0398,0.6249,50,0.0817,0.3035,3.0
263,1447,215161,0.0,0.007062587983203863,0.0012903656070695566,0.007062587983203863,1.0347016330801897,5.479752510227263,3.9832706827668356,-77.75378087828722,64.2447422310158,-0.23567497552115976,77.75378087828722,0.003455175551701828,12.560490572532423,6.41630503752139,-10.588645384083755,6.190192792602724,-0.0382621729415286,10.588645384083755,0.38233858496311823,3.482738475751277,1.6740401024375144,0.1202134833816575,3.0179521214923897,0.8681266274287609,0.0,3.388588548789197,2.071389823128195,1.0,1.0,1.0,1.0600030548981212e-05,-0.19387634758448818,0,0,0,0.7860994299261139,1.0109128750351732,393,0.6843,0.02185,1.6226539119009533,2,1,1,0.6267,149,0.7655343496183838,-0.012254,-0.012254183370961957,621.617725505907,289.8443370931817,0.6091672484149577,0.6091698925678819,0.609170287691728,0.7614623657098524,2.4366831017068727e-05,453,0.2422,0.1977,-0.23093,0.143619,521,0.2285,0.1574,0.43465,-0.135089,3,0.1666,0.6924,0.000861,6.858,0.1665,-0.9992,0.000648,6.801,0.0592,-0.6626,-0.001477,6.799,3.9373,1.7418,1.7274,1.7268,0.3775,1.0,0.60879,0.59157,1.38087,0.31777,0.988,0.979,0.9909,0.5003,1.4873,2.1814,7.9721,29.9591,18.2446,12.2669,47,0.0867,0.9769,50,0.0881,0.8131,2.0
264,1451,215166,0.0,0.007205671271366834,0.001280815847839383,0.007205671271366834,1.0328950095244585,5.479638323329507,3.9828678914297115,-77.65069443920115,67.26996112033201,-0.1890381471330798,77.65069443920115,0.0122385421745701,12.564577619262824,6.449638940054252,-10.610623768296236,6.159929194354386,-0.03837754073801193,10.610623768296236,0.38759607939538016,3.4921808641289607,1.67367681214294,0.07518699750783675,3.0369598957337303,0.8698137290659244,0.0,3.402674561494707,2.074630986036482,1.0,1.0,1.0,5.388508255279631e-05,-0.18840649444477797,0,0,0,0.8213791463635535,1.0119094813594047,394,0.6892,0.02523,1.6383529622411073,1,1,0,0.6319,149,0.7666918201852669,-0.024933,-0.024933167315858373,621.6118982500038,289.84161999382144,0.6091671867866713,0.6091699266658136,0.609170287691728,0.761462408332267,2.4860719697607393e-05,454,0.2136,0.1788,-0.21866,0.009239,523,0.2298,0.1685,0.40099,-0.033992,3,0.1476,0.7647,-0.00144,6.863,0.165,-0.9926,0.001182,6.807,0.0513,-0.8371,-0.000323,6.82,3.9432,1.7403,1.7263,1.7295,0.3745,1.0,0.60676,0.59152,1.38307,0.31802,0.9928,0.9741,0.9812,0.4997,1.486,2.1795,8.1433,29.89,18.2614,12.289,48,0.1243,0.7926,51,0.1245,0.7178,0.0
265,1454,215170,0.0,0.0072450909683191055,0.0012945393020672854,0.0072450909683191055,1.0350498335774698,5.4819932600591015,3.982965931681664,-77.41439598673144,67.23398890092497,-0.22564868336176558,77.41439598673144,0.0012664736594207885,12.548187554524702,6.386630482220746,-10.616406869577443,6.1328131563609345,-0.04147933352403073,10.616406869577443,0.3974491032401431,3.5019177540186264,1.6732183154780422,0.09423920677636533,3.036517596812032,0.8445626212832914,0.0,3.4167112645716333,2.079528512823352,1.0,1.0,1.0,6.364623382367203e-06,-0.18352892769266876,0,0,0,0.8458812262662703,1.0128065534381612,394,0.6941,0.04605,1.6601784427362138,0,1,-1,0.6329,149,0.7681282504218541,0.015613,0.015612730533305363,621.6106382165872,289.8410324726885,0.6091671698159308,0.6091699338370871,0.609170287691728,0.7614624172963588,2.499677463370134e-05,457,0.2045,0.1434,-0.17715,-0.018697,523,0.2213,0.1552,0.36987,0.060316,3,0.1423,0.8627,-0.000556,6.865,0.1569,-0.9592,0.001414,6.807,0.0463,-0.9705,0.000736,6.833,3.9464,1.7397,1.725,1.7315,0.3759,1.0,0.60957,0.5957,1.38379,0.31734,0.9897,0.9773,0.9875,0.5007,1.4849,2.1779,8.1375,30.0807,18.1823,12.2448,48,0.2189,0.6354,51,0.1836,0.7257,-0.0
266,1456,215173,0.0,0.007241959643587015,0.0013298959416028538,0.007241959643587015,1.028007344460589,5.475286719988483,3.9837125021716178,-77.1888344810813,67.2089708235095,-0.20895317647446013,77.1888344810813,0.006601661732505672,12.535481040126342,6.358862737728576,-10.683813903764948,6.1542904600114126,-0.04349880141205756,10.683813903764948,0.4067703946740791,3.511215373553174,1.6727678627924845,0.08655120090771595,3.035415523996472,0.8727428277915286,0.0,3.4277894239481594,2.085979827449149,1.0,1.0,1.0,5.246918761452427e-06,-0.17784096638815458,0,0,0,0.843674171276704,1.0097385890629167,396,0.6833,0.05288,1.6546413028007612,0,0,0,0.6051,150,0.7607760994433744,0.030312,0.03031167167958282,621.6186248720319,289.8447564444447,0.609167171231179,0.6091698871679082,0.609170287691728,0.7614623589598852,2.4985650016322098e-05,457,0.2181,0.139,-0.12415,-0.043579,523,0.2123,0.1404,0.37166,-0.100545,3,0.1496,0.9336,0.000446,6.863,0.1469,-0.9249,0.000292,6.802,0.0471,-0.9997,0.000666,6.828,3.9439,1.74,1.7248,1.7313,0.377,1.0,0.60983,0.58639,1.38494,0.32059,0.9866,0.9805,0.9939,0.5,1.4888,2.2828,7.8608,30.2437,18.3618,12.3333,48,0.2713,0.498,51,0.2216,0.4782,-2.0
267,1457,215174,0.0,0.0072592209236211356,0.0014015641189841122,0.0072592209236211356,1.0271734463111775,5.475981610234766,3.984126250502603,-76.9982274021363,67.20056439740848,-0.266318191493931,76.9982274021363,0.013970593638183967,12.563157158656479,6.348555090242869,-10.76750406588973,6.21014718449295,-0.04494588180704178,10.76750406588973,0.4153054160034927,3.5212927452893927,1.672386430759752,0.07109771074835791,3.0347752327190536,0.8566593715651268,0.0,3.4358546751873393,2.0935153806389626,1.0,1.0,1.0,9.334218966924757e-05,-0.17301324331413487,0,0,0,0.8527037759921494,1.0105964386174584,396,0.678,0.04094,1.6380676675286758,0,0,0,0.6015,149,0.7604020226447193,-0.013407,-0.013407282302759338,621.6282206463906,289.84923070691144,0.6091671638963612,0.6091698272843787,0.609170287691728,0.7614622841054733,2.504481694126518e-05,458,0.2312,0.1405,-0.1051,0.03538,523,0.2078,0.1416,0.38125,-0.041449,3,0.1576,0.9524,0.000466,6.862,0.1431,-0.8996,-0.000853,6.796,0.0491,-0.9899,0.000614,6.817,3.9404,1.7415,1.7246,1.73,0.3813,1.0,0.6167,0.59067,1.38446,0.31655,0.9905,0.9766,0.986,0.4997,1.4883,2.1829,7.9774,30.1916,18.389,12.3557,48,0.2594,0.3122,51,0.2339,0.3728,-4.0
268,1459,215177,0.0,0.0072449304390458415,0.0014551126648620818,0.0072449304390458415,1.0267813192154238,5.477016739905553,3.9841026184398305,-76.55822783406741,67.19423094890134,-0.20523325829398437,76.55822783406741,0.022860240454192354,12.53953917950162,6.3941229686201435,-10.832342839576416,6.249912145451629,-0.047001384691583076,10.832342839576416,0.42627839182209093,3.531829721710756,1.6719093466356922,0.08716762796893451,3.034551206884016,0.856103731469686,0.0,3.449073285803415,2.0997499436432356,1.0,1.0,1.0,8.089208256222329e-06,-0.16791096571011388,0,0,0,0.8714498564423578,1.011487211719938,396,0.6762,0.04196,1.643596924890354,2,1,1,0.6012,148,0.7600355569287078,-0.010962,-0.01096175710556846,621.6336864744286,289.85177928176597,0.6091671700925239,0.6091697913137982,0.609170287691728,0.7614622391422478,2.4995293998188703e-05,460,0.2544,0.1796,-0.11196,-0.333474,523,0.1949,0.115,0.37986,-0.079064,3,0.1729,0.9577,-0.000526,6.868,0.1356,-0.9058,-0.000667,6.786,0.0513,-0.9894,0.001388,6.814,3.9393,1.7435,1.7227,1.7299,0.3753,1.0,0.61066,0.5899,1.38496,0.31881,0.9929,0.9742,0.9812,0.5003,1.4877,2.182,8.0336,30.179,18.4144,12.3778,48,0.1827,-0.4098,51,0.1473,-0.0035,-4.0
269,1467,215187,0.0,0.007300539860762524,0.0014955214386875193,0.007300539860762524,1.0311157619556726,5.485043424450495,3.9847100397400355,-76.36274623962774,67.2083207277341,-0.23265177904592182,76.36274623962774,0.0402794769735344,12.543055709039164,6.369808095922961,-10.982386863922471,6.1938977310018055,-0.04513722531074648,10.982386863922471,0.43819983034024484,3.542675221723176,1.671010313337738,0.08880695738047861,3.054031073201057,0.8755198387623012,0.0,3.463085612163071,2.0971509897379015,1.0,1.0,1.0,4.072407937310055e-05,-0.16256530246347062,0,0,0,0.8941705687680503,1.012451303382998,396,0.6785,0.04215,1.6492087176607337,3,3,0,0.6022,147,0.7599028687865618,0.007953,0.007953138532879489,621.6364955729831,289.85308909208015,0.609167146188778,0.6091697723036202,0.609170287691728,0.7614622153795253,2.5187034865249608e-05,464,0.2422,0.1584,-0.10917,-0.101203,527,0.19,0.1083,0.34502,0.074372,3,0.1646,0.9645,0.000154,6.861,0.134,-0.8951,0.00035,6.783,0.0479,-0.9811,-0.000185,6.811,3.9366,1.743,1.723,1.7301,0.3766,1.0,0.61497,0.59183,1.38836,0.31899,0.9946,0.9725,0.9778,0.5003,1.4842,2.1768,8.2519,30.0647,18.5355,12.4885,48,0.1881,-0.9162,51,0.0964,-0.7603,-2.0
270,1468,215188,0.0,0.00736710326379611,0.0014930807460052358,0.00736710326379611,1.0297404689668581,5.485506556231432,3.984837206057216,-76.15211805416583,67.25414599276759,-0.2040885770484531,76.15211805416583,0.009911056633317372,12.554348566773236,6.408749515299508,-11.028425791570598,6.163802959819232,-0.046037078971850415,11.028425791570598,0.4380569331859089,3.5538058560905004,1.6707206044950282,0.09403276794155446,3.0732429879924332,0.8652776773149091,0.0,3.47720991604176,2.1047818836555696,1.0,1.0,1.0,0.00011394715732079128,-0.15774728174792774,0,0,0,0.888070030504384,1.0133423837891946,396,0.6883,0.04021,1.6483160187137214,2,1,1,0.618,146,0.7596761705081773,0.033234,0.03323443955868344,621.637032570063,289.8533394799894,0.6091671175456296,0.6091697686275064,0.609170287691728,0.7614622107843829,2.5416658221061178e-05,465,0.2357,0.1576,-0.05797,-0.04131,527,0.1946,0.1032,0.38761,0.057579,3,0.1623,0.9635,0.000507,6.856,0.1408,-0.8834,0.000325,6.786,0.0482,-0.9766,-0.000681,6.808,3.9356,1.742,1.7242,1.7299,0.3765,1.0,0.61666,0.58882,1.38891,0.31798,0.9956,0.9716,0.9758,0.5007,1.4836,2.2749,8.2489,30.2658,18.3639,12.3779,48,0.1448,-0.9982,51,0.0546,-0.9434,-3.0
271,1468,215188,8.892737979498578e-23,0.007524789381865641,0.001488787271037658,0.007524789381865641,1.0265675753018813,5.484833780799753,3.984835158045225,-75.97513349502857,67.38634096362446,-0.22912158201545835,75.97513349502857,0.02825064836308555,12.557507097833534,6.404644262695524,-10.997313862167948,6.188015330364052,-0.04636952013809797,10.997313862167948,0.43203464552054643,3.565214840778063,1.6704480804687913,0.06720000639965851,3.0913571571261476,0.8485593382305378,1.4142115624116159e-08,3.4911045227819035,2.1138450557835693,0.0030024778758650505,1.4140543673539536,0.9801732524189752,0.0002173131033340223,-0.1528456550738583,0,0,0,0.9101019462303819,1.0141782735766143,396,0.7033,0.02887,1.6551991602010248,1,0,1,0.6347,147,0.7625704414149095,-0.008312,-0.00831183611470454,621.6320615944077,289.85102164205716,0.6091670496528914,0.6091698021445351,0.609170287691728,0.7614622526806688,2.5960886179515195e-05,465,0.2156,0.1403,-0.06015,0.416294,527,0.2013,0.1178,0.3699,-0.03748,3,0.1516,0.9717,8e-05,6.852,0.1466,-0.8115,0.001118,6.794,0.0449,-0.9265,-0.000956,6.816,3.938,1.74,1.7253,1.7309,0.3793,1.0,0.62077,0.59713,1.38971,0.33134,0.9908,0.9764,0.9855,0.5,1.4836,2.2748,8.3081,30.2653,18.3306,12.3555,48,0.1076,-0.4544,52,0.0706,-0.2518,1.0
272,1475,215197,0.0,0.007604318964714329,0.0014786697403174317,0.007604318964714329,1.0228898611980473,5.492976142768651,3.9847187645828166,-75.71841204800204,72.72248047608947,-0.2104938612094185,75.71841204800204,0.005609362266062234,12.565098399770687,6.390582597802193,-10.954085281251972,6.236340704847834,-0.044544673664497283,10.954085281251972,0.4304139958586617,3.576828682116159,1.6700260582881645,0.08557675237469586,3.1093869208240927,0.8643890626504418,0.0,3.5043227886689627,2.11356846332209,1.0,1.0,1.0,4.314394370401891e-05,-0.14738048726393774,0,0,0,0.94622964738467,1.0150728483529596,396,0.7103,0.02283,1.6630223834474862,1,0,1,0.628,146,0.7623123458469548,-0.016353,-0.01635304438323515,621.6258200513894,289.8481113712841,0.6091670153661847,0.6091698426573365,0.609170287691728,0.7614623033216706,2.623553049470622e-05,465,0.1988,0.1423,-0.05381,0.1072,534,0.1933,0.1286,0.35343,0.045571,3,0.1413,0.9811,-0.000803,6.86,0.1398,-0.7146,0.001826,6.804,0.0391,-0.8364,0.000272,6.841,3.9461,1.7384,1.7242,1.7335,0.3755,1.0,0.61734,0.59267,1.39307,0.32839,0.9902,0.9768,0.9864,0.4997,1.4783,2.1682,8.9292,30.1582,18.1672,12.2893,48,0.1206,0.2165,52,0.0743,0.0002,-3.0
273,1482,215205,0.0,0.007620465812545303,0.0015120575523471797,0.007620465812545303,1.0236285584876699,5.498979927924011,3.984237426201451,-75.56401909689508,75.83091942036569,-0.24564945305987246,75.83091942036569,0.016470454896296616,12.562968188869178,6.355488072651069,-10.924774736163041,6.22329245872503,-0.04140572513196091,10.924774736163041,0.42530160394787264,3.588829782307761,1.6696174621458006,0.08711169106922545,3.108705810053879,0.8548372298364608,0.0,3.518363972595948,2.1125275406084074,1.0,1.0,1.0,4.757550563352631e-06,-0.1425225190306188,0,0,0,0.9769937131331563,1.015942902469529,396,0.7104,0.01754,1.6537391034200204,2,1,1,0.6198,146,0.7637890714174672,-0.001054,-0.0010537180371306132,621.6266650979562,289.84850539473604,0.609167008427993,0.6091698372753906,0.609170287691728,0.7614622965942383,2.6291202716975262e-05,468,0.1984,0.155,-0.06931,0.121388,538,0.2184,0.1691,0.31161,0.023558,3,0.1412,0.9914,-0.000253,6.857,0.156,-0.6213,0.001116,6.811,0.0436,-0.7183,-0.00078,6.851,3.9489,1.7365,1.7247,1.7349,0.3778,1.0,0.62141,0.59566,1.39529,0.31161,0.9925,0.9745,0.9818,0.5007,1.4745,2.1626,9.1418,30.3323,18.0215,12.2221,48,0.1052,0.8136,52,0.0453,0.8735,-3.0
274,1484,215207,0.0,0.007712475672410107,0.0015593083579613129,0.007712475672410107,1.0197456799219478,5.49968624494495,3.9832756769739506,-75.38484663004803,75.80841854483224,-0.19437570431162504,75.80841854483224,0.005988465422368961,12.5656890657259,6.314533536697905,-10.975641574034022,6.222736931286365,-0.0394377781582876,10.975641574034022,0.4209544699422881,3.6009990759787303,1.6693714962092294,0.11811566980292665,3.1084036917047335,0.8681119566563598,0.0,3.5322869810337028,2.1185164721557777,1.0,1.0,1.0,2.3870320711227893e-05,-0.13740250930747355,0,0,0,0.9595582478999012,1.0167165526228787,396,0.707,0.00187,1.6349558306623284,0,0,0,0.6107,144,0.7617838082420979,0.001713,0.0017133627424583686,621.6347249662073,289.8522635037384,0.6091669689090005,0.6091697843274404,0.609170287691728,0.7614622304093005,2.660829892850098e-05,468,0.219,0.1794,-0.07096,0.14663,540,0.2321,0.1759,0.33002,0.017569,3,0.1549,0.9918,-0.000601,6.855,0.1645,-0.5645,-0.000774,6.813,0.051,-0.6656,-0.001204,6.85,3.9487,1.7361,1.7253,1.7347,0.3793,1.0,0.62314,0.58525,1.39447,0.32402,0.9886,0.9783,0.9895,0.5,1.4734,2.1609,9.1938,30.3513,18.0078,12.2219,47,0.1216,0.9935,52,0.1121,0.9967,1.0
275,1490,215213,0.0,0.007548108322051902,0.0016227068600664753,0.007548108322051902,1.0159072031733392,5.5051843134426885,3.980835232346782,-75.03369348021752,75.79307629542132,-0.23576675809098696,75.79307629542132,0.007243857663564057,12.552143761596138,6.324871139548328,-11.04186654371048,6.2878497217746325,-0.04039553607634066,11.04186654371048,0.4184714499586467,3.61348796156944,1.6688296313224285,0.10865912919828757,3.1083088093285447,0.8729752228959193,0.0,3.533580463394415,2.1187921682136683,1.0,1.0,1.0,5.80125508061289e-05,-0.13255290744996923,0,0,0,0.9425209682284511,1.0174949036071266,396,0.6982,0.00038,1.6294238064617568,0,0,0,0.6007,141,0.7578962434019515,0.016457,0.016456662318513615,621.6447818937886,289.85695279007695,0.6091670397368265,0.6091697141469172,0.609170287691728,0.7614621426836465,2.6040804781103413e-05,468,0.2308,0.1876,-0.08801,0.479857,546,0.2364,0.1592,0.34713,-0.047061,3,0.1614,0.9953,-0.000694,6.852,0.1653,-0.5407,-0.000702,6.816,0.0547,-0.6195,-0.001465,6.849,3.9485,1.7353,1.7261,1.7347,0.3814,1.0,0.6266,0.59086,1.39588,0.31808,0.9874,0.9792,0.9916,0.4993,1.4696,2.1555,9.582,30.1064,18.0601,12.2891,47,0.1545,0.9068,52,0.1799,0.982,0.0
276,1490,215213,1.862224871912283e-24,0.007451212143463924,0.0016842090983889878,0.007451212143463924,1.0125032170705934,5.504444634682738,3.980809495689639,-74.8827670226564,75.77787635055357,-0.17812128386096807,75.77787635055357,0.0034193952212759893,12.566214493108449,6.320091410665497,-11.101292706202196,6.288784173037052,-0.04147508230435796,11.101292706202196,0.4153081529916267,3.6261323603391893,1.6684932462945379,0.09543339988995003,3.1078574667613132,0.8669904164151105,1.4142115624116159e-08,3.5472747772643816,2.127814505229354,0.0011798043565452998,1.4141928901308758,0.8938102982671969,0.00010738163479863646,-0.12758711899422479,0,0,0,0.9432184590707217,1.0182236009328913,396,0.6934,0.00872,1.6362347409484428,3,3,0,0.6088,141,0.7590914869836529,-0.011993,-0.011992859281306112,621.651478348485,289.8600751744504,0.6091670814889492,0.6091696648751879,0.609170287691728,0.7614620810939848,2.5706238221940225e-05,468,0.2424,0.1834,-0.07447,1.481727,546,0.2561,0.1834,0.29467,-0.122544,3,0.1682,0.9979,-0.000646,6.858,0.1781,-0.5472,-0.000152,6.816,0.0623,-0.5998,0.000321,6.856,3.951,1.7358,1.7251,1.7352,0.3771,1.0,0.62339,0.58851,1.39594,0.33322,0.9914,0.9751,0.9835,0.5,1.4698,2.1557,9.2889,30.3192,18.0618,12.2886,47,0.1226,0.3379,52,0.1848,0.7637,-2.0
277,1493,215216,0.0,0.00759079178397782,0.001695176902368052,0.00759079178397782,1.0088224061976654,5.50317368725385,3.9808867635957044,-74.79617551888018,75.8914853885588,-0.23316438813934254,75.8914853885588,0.03737031961421551,12.53578351732587,6.305290002143049,-11.022867260772305,6.333108090930695,-0.040470747176671,11.022867260772305,0.4129839944907232,3.6390724335444196,1.6679776383300533,0.10066060654770714,3.1272900618955997,0.8535918382651589,0.0,3.5613581750736065,2.1324590729848825,1.0,1.0,1.0,0.00017055095451182892,-0.12309368239176499,0,0,0,0.9455362915605696,1.0169258132240817,397,0.6906,0.01922,1.6403402806039409,2,2,0,0.6123,139,0.751259462892104,-0.005452,-0.005452203838004044,621.6522723246001,289.8604453850658,0.6091670214483687,0.6091696589114995,0.609170287691728,0.7614620736393743,2.618774622351047e-05,469,0.242,0.1701,-0.05556,0.21333,547,0.2541,0.1873,0.28827,-0.092515,3,0.1673,0.9987,-0.000388,6.861,0.1775,-0.607,0.000517,6.815,0.0623,-0.6469,0.000574,6.862,3.9525,1.7359,1.7242,1.7361,0.3787,1.0,0.62822,0.60023,1.39582,0.32987,0.9935,0.9731,0.9794,0.4997,1.4705,2.1567,9.2935,30.4183,18.1034,12.3111,47,0.1238,-0.819,51,0.1049,0.3933,-4.0
278,1495,215218,0.0,0.0074190760857096825,0.0016361141905625316,0.0074190760857096825,1.006977001934975,5.504913644999328,3.9799876554792686,-74.69435547129093,75.82118443452767,-0.16041353333434596,75.82118443452767,0.049915134983065934,12.538164430044525,6.225525629191131,-11.03607821036441,6.323080185383805,-0.039741019940810265,11.03607821036441,0.4114433143659525,3.6521773641009747,1.6675379010649196,0.10412896993439313,3.146429609220383,0.855238130981687,0.0,3.575370023692783,2.138508416097084,1.0,1.0,1.0,0.00024910225095546844,-0.11822274000567762,0,0,0,0.9167383765781811,1.0177174031721523,397,0.6882,0.02282,1.6460354420455587,6,6,0,0.6044,136,0.7469800434980144,0.016969,0.016969231838386056,621.6486045765097,289.85873520858553,0.6091670952976505,0.6091696862751652,0.609170287691728,0.7614621078439565,2.5595489059078497e-05,470,0.2355,0.155,-0.06562,0.008024,548,0.248,0.2015,0.29216,-0.012091,3,0.1623,0.9999,-0.000529,6.86,0.1738,-0.6104,0.000716,6.814,0.0596,-0.6206,2.2e-05,6.868,3.9532,1.7352,1.7236,1.7373,0.3781,1.0,0.62584,0.5896,1.39705,0.31369,0.9876,0.979,0.9912,0.5003,1.4697,2.1556,9.4648,30.4017,18.0609,12.2888,47,0.2071,-0.9999,52,0.1027,-0.8856,1.0
279,1502,215227,0.0,0.0073118441600709344,0.0016038057775051386,0.0073118441600709344,1.0111315572524968,5.511304756223739,3.978512155001535,-74.46049503608785,75.4753551155176,-0.19294575235587413,75.4753551155176,0.03006186184148696,12.561839354242663,6.195566901198637,-11.112440806065297,6.337072622681068,-0.03940726530376384,11.112440806065297,0.4107878854564685,3.665547893644721,1.6668664527114354,0.13008371236314653,3.164930714528612,0.8652595290412171,0.0,3.5893602152601165,2.137280027292451,1.0,1.0,1.0,3.1346972360888194e-06,-0.11310751117393435,0,0,0,0.9230494574414412,1.0184964348102923,397,0.6963,0.03616,1.6631633636153327,5,4,1,0.6093,135,0.7462340880709161,-0.012002,-0.012001624350540752,621.645946744824,289.8574959301167,0.6091671414152644,0.6091697057245686,0.609170287691728,0.7614621321557108,2.5225651441609725e-05,475,0.2293,0.1557,-0.07544,0.085607,550,0.2445,0.222,0.31317,-0.04326,3,0.1598,0.9992,-0.000737,6.857,0.1739,-0.5614,0.000647,6.814,0.0573,-0.5274,-0.000337,6.875,3.9542,1.7342,1.7232,1.7387,0.3786,1.0,0.6266,0.59073,1.40113,0.32832,0.9868,0.9798,0.9929,0.5007,1.4674,2.25,9.3913,30.8152,17.8696,12.1777,48,0.2228,-0.9819,53,0.1586,-0.9979,2.0
280,1505,215230,0.0,0.007464232444215179,0.0016032030062100803,0.007464232444215179,1.0058584201899186,5.510905352386756,3.977737672546881,-74.30184314304918,75.43427834413295,-0.15163500138532693,75.43427834413295,0.005946586113915089,12.557576774676038,6.225340199500073,-11.185978456542962,6.3526606471025655,-0.03980837992815225,11.185978456542962,0.410835048425526,3.672816787331078,1.6663180590963886,0.09508559890210122,3.1776498717137645,0.8685833133660149,0.0,3.6033248682004655,2.141859448662966,1.0,1.0,1.0,1.8433531694371088e-05,-0.10832907020156479,0,0,0,0.9605003853098953,1.0175851707081889,398,0.7003,0.01854,1.6762466865990042,9,8,1,0.5981,136,0.7444704338297867,0.001904,0.0019035946201042542,621.6412718394361,289.8553161421256,0.6091670758028327,0.6091697391623287,0.609170287691728,0.7614621739529109,2.5751580283437754e-05,475,0.2247,0.1419,-0.10796,-0.040486,552,0.2426,0.2401,0.31913,-0.041629,3,0.1574,0.9905,-0.000821,6.864,0.1739,-0.4885,0.001458,6.814,0.0558,-0.364,0.001015,6.892,3.9588,1.7338,1.7213,1.741,0.3766,1.0,0.62439,0.58862,1.39995,0.31861,0.9918,0.9747,0.9827,0.4997,1.4677,2.2505,9.4522,30.6965,18.0368,12.2892,48,0.0767,-0.9898,52,0.0977,-0.9847,0.0
281,1508,215234,0.0,0.007673210380293324,0.0016408324130264015,0.007673210380293324,1.0052867091646005,5.5142279001637275,3.9777300053398865,-74.10763294487512,75.39914017512324,-0.20722402312887042,75.39914017512324,0.017560779269866315,12.520220542595972,6.1821500078735045,-11.224566342813867,6.395393406594323,-0.039880164687116894,11.224566342813867,0.4114075005473092,3.6806689682313953,1.665616747835914,0.11015361410745905,3.1918511907556923,0.8569888458175448,0.0,3.616602600821996,2.1465629700897746,1.0,1.0,1.0,9.334029435824894e-06,-0.1037405044740112,0,0,0,0.9952212957562391,1.018378094358821,398,0.7066,-0.00255,1.6516198611030481,6,5,1,0.6018,137,0.7476424249320268,0.007922,0.007922327734597001,621.6418092917219,289.85556674228565,0.6091669858842289,0.6091697353681391,0.609170287691728,0.7614621692101738,2.647253066944088e-05,477,0.2219,0.1345,-0.1161,-0.279283,553,0.25,0.2594,0.31014,0.079119,3,0.1571,0.9744,-0.000614,6.872,0.1811,-0.4055,0.000934,6.816,0.0569,-0.1895,0.00102,6.906,3.9634,1.7339,1.7197,1.7425,0.3785,1.0,0.6272,0.5928,1.40153,0.32436,0.9899,0.9767,0.9867,0.5,1.4654,2.247,9.4959,31.0251,17.7804,12.1335,48,0.0615,0.9829,52,0.0291,0.7472,3.0
282,1514,215243,0.0,0.007627684902654157,0.0016600739658904741,0.007627684902654157,1.0019756927930905,5.521112280678911,3.975292407931422,-73.97048593567368,75.27006860242145,-0.17492218413616084,75.27006860242145,0.015811223049463426,12.536105858316024,6.209939641924788,-11.261034716881264,6.37281691369983,-0.040203998563405036,11.261034716881264,0.41256007290949215,3.6945008230405705,1.6651751996647162,0.11661893675330759,3.2103092855578668,0.8651564982821436,0.0,3.6294614169861372,2.1470953253122045,1.0,1.0,1.0,6.050423742262256e-07,-0.09883911138335766,0,0,0,0.9940284736532518,1.0191642461723227,398,0.7051,-0.01975,1.6605708428013135,2,2,0,0.588,137,0.748849732772956,0.01162,0.011620159402514041,621.6450452149498,289.8570755699532,0.6091670055003782,0.6091697122487434,0.609170287691728,0.7614621403109292,2.6315331056368555e-05,477,0.2264,0.1581,-0.14197,-0.325091,559,0.2548,0.2573,0.29229,0.065214,3,0.1599,0.9529,-0.000238,6.871,0.1835,-0.3326,-0.000294,6.816,0.059,-0.0309,-0.000439,6.906,3.9633,1.7337,1.7199,1.7424,0.3792,1.0,0.62614,0.58455,1.40583,0.3185,0.9872,0.9792,0.9919,0.5,1.4616,2.2411,9.9389,30.9443,17.6692,12.0889,48,0.1766,0.8971,52,0.1499,0.8602,3.0
283,1516,215245,0.0,0.007426284946450506,0.001697534861653755,0.007426284946450506,0.9993362842589812,5.522876100132062,3.9749018468658597,-73.85051057077246,75.2117759111889,-0.23191398267434138,75.2117759111889,0.021588253203962182,12.557623626837033,6.1735718903788,-11.225706915966605,6.377362543904522,-0.041604171461486844,11.225706915966605,0.41441704042808813,3.7086864023309007,1.664689486825922,0.0836303051454309,3.210570673816308,0.8649486976762139,0.0,3.642833220300155,2.1533687797260717,1.0,1.0,1.0,2.862058525472973e-06,-0.09421127860995336,0,0,0,0.9744070684937652,1.0198253276043485,398,0.6976,-0.0436,1.7004075169015889,1,2,-1,0.5732,134,0.7443049632239545,-0.006627,-0.006626970704861401,621.6502071120751,289.85948242965014,0.6091670922099407,0.6091696743936754,0.609170287691728,0.7614620929920942,2.5620293268318e-05,478,0.2319,0.1664,-0.1589,-0.131455,560,0.2669,0.264,0.27736,0.034666,3,0.162,0.9247,-0.00027,6.869,0.1896,-0.258,-2.4e-05,6.817,0.0631,0.1292,-0.000547,6.906,3.9629,1.7332,1.7202,1.7427,0.3824,1.0,0.62917,0.5852,1.40696,0.32314,0.9862,0.98,0.9937,0.4993,1.462,2.2417,9.9998,30.91,17.7384,12.133,48,0.2438,0.7041,52,0.2507,0.7543,0.0
284,1526,215257,0.0,0.007399102137676833,0.0017219977270012644,0.007399102137676833,0.9975560026811277,5.529415007281382,3.9733685600321795,-73.67960791785853,72.00065331496901,-0.21076419169853988,73.67960791785853,2.52748100315614e-05,12.551519177024913,6.229875548965809,-11.282349643341876,6.41348383697205,-0.03846792488492943,11.282349643341876,0.41689475704078227,3.7231286323692876,1.6642569519827288,0.0894293212504913,3.2110066157909043,0.8796804897119928,0.0,3.656630633329338,2.148330366137838,1.0,1.0,1.0,6.361922865936411e-06,-0.08961790137434783,0,0,0,0.9803276611961051,1.019587593604864,399,0.6878,-0.05478,1.7243883202768095,2,2,0,0.5544,135,0.7446419789000128,0.039161,0.03916116778025547,621.6522637443613,289.86044138432146,0.6091671039312673,0.6091696589759639,0.609170287691728,0.7614620737199548,2.5526429554650675e-05,480,0.2216,0.15,-0.18775,0.413102,567,0.2633,0.2422,0.2628,-0.01576,3,0.1525,0.9155,0.000872,6.867,0.1831,-0.1758,0.000416,6.824,0.059,0.2351,-0.000412,6.906,3.9641,1.7324,1.7215,1.7422,0.3806,1.0,0.62763,0.59091,1.41162,0.31918,0.9907,0.9755,0.9847,0.5,1.4583,2.1388,10.4997,30.9158,17.694,12.1333,48,0.2366,0.3944,54,0.2703,0.6036,-1.0
285,1536,215270,0.0,0.007369131903831647,0.0017417289854536897,0.007369131903831647,0.999901340965608,5.540451288671963,3.9706921496749366,-73.61644853554485,72.14979485280328,-0.22483830106196948,73.61644853554485,0.018315250755582824,12.564219628947288,6.1954229172773445,-11.335757627462238,6.388727410183458,-0.04079289386207215,11.335757627462238,0.419807573141127,3.7378080413755983,1.6640441639130517,0.09646218355155789,3.211585526247916,0.8636415133179624,0.0,3.670503179069489,2.1433789583621743,1.0,1.0,1.0,1.0600849076766732e-05,-0.08559119327939532,0,0,0,0.9996813204329604,1.020266063771205,399,0.6876,-0.06475,1.74846067479135,3,3,0,0.5623,134,0.7438189992582233,-0.00169,-0.0016904914401798532,621.6530419622195,289.86080424726754,0.6091671168342281,0.6091696530928614,0.609170287691728,0.7614620663660767,2.542300233716789e-05,483,0.2063,0.1185,-0.1644,0.361661,574,0.2645,0.2428,0.25812,-0.070838,3,0.1419,0.9084,0.000741,6.865,0.1843,-0.1687,0.000773,6.831,0.0553,0.2589,-0.00036,6.909,3.9654,1.7312,1.7226,1.7423,0.3811,1.0,0.62976,0.59819,1.4163,0.32433,0.9903,0.9757,0.9852,0.5,1.4526,2.1305,10.8073,31.044,17.5603,12.0889,48,0.1631,-0.213,54,0.1952,0.4354,-2.0
286,1544,215280,0.0,0.007704502593708765,0.001719315702189628,0.007704502593708765,0.9965555729122997,5.545016625403002,3.968510756176305,-73.58805875094316,75.03090319626173,-0.17666905706957792,75.03090319626173,0.00905280366166381,12.53343571312411,6.167478741545787,-11.371499025700306,6.402771609056598,-0.041460429579527204,11.371499025700306,0.4231606357576023,3.7526191729344593,1.6633407788630106,0.12834587720238044,3.2304615157679892,0.8605463816883117,0.0,3.6843512117543455,2.1412624542232517,1.0,1.0,1.0,2.557288269816707e-06,-0.08133727581678442,0,0,0,0.9719132243766784,1.0200474080753876,400,0.6817,-0.04051,1.7874870229953743,5,4,1,0.5537,134,0.742056100763828,0.025169,0.025169313181412134,621.6534621376826,289.86100016426536,0.6091669725394392,0.6091696499075698,0.609170287691728,0.7614620623844622,2.657999037242883e-05,484,0.2066,0.1244,-0.16687,0.069824,580,0.2747,0.2616,0.24522,-0.056965,3,0.1409,0.8737,0.000188,6.852,0.1899,-0.1489,0.001003,6.833,0.0576,0.3509,-0.001349,6.908,3.9634,1.7289,1.7242,1.7431,0.3803,1.0,0.62798,0.59089,1.41754,0.32199,0.9899,0.9758,0.9858,0.4987,1.4493,2.1256,11.0147,31.3463,17.3594,11.9778,49,0.1537,-0.9562,55,0.0765,-0.1822,5.0
287,1552,215289,0.0,0.007584937737847719,0.0016938344999803945,0.007584937737847719,0.9940142413113272,5.55272979781925,3.965514172686415,-73.53542969249683,82.86164293123093,-0.23191591140008389,82.86164293123093,0.017760392625220334,12.56226947765037,6.154215758438784,-11.544299076024819,6.427578643631102,-0.042872901731103544,11.544299076024819,0.42694959969311336,3.766109764093903,1.663130207084924,0.11476762711212685,3.2293103684946547,0.8581591968275906,0.0,3.6981704613502897,2.1392161896199138,1.0,1.0,1.0,1.0525170379607726e-05,-0.07717234503024185,0,0,0,0.9677819977915004,1.0208349771495124,400,0.6843,-0.03237,1.794972476091862,7,6,1,0.5541,133,0.7410667723365569,-0.005025,-0.005024940355164542,621.6515901053159,289.86012728378256,0.6091670239722201,0.6091696640490838,0.609170287691728,0.7614620800613547,2.616757885579004e-05,484,0.1985,0.1074,-0.19291,-0.055975,588,0.2713,0.2616,0.23723,-0.061136,3,0.1359,0.8491,-0.000852,6.85,0.1888,-0.1263,0.000786,6.832,0.0548,0.4168,-0.000197,6.916,3.9641,1.7279,1.7235,1.7447,0.3831,1.0,0.63138,0.59232,1.42114,0.32268,0.9911,0.9742,0.983,0.5,1.4441,2.1181,11.2642,31.6883,17.0086,11.778,49,0.1791,-0.9374,55,0.0515,-0.8253,2.0
288,1561,215301,0.0,0.00760720708436994,0.0017111157895753342,0.00760720708436994,0.9966065266723715,5.562381104804213,3.9641446596698624,-73.45247836602401,83.45588150713041,-0.19156062107364646,83.45588150713041,0.025203607006966437,12.559261577891565,6.179796289439362,-11.570798423608764,6.437306827039577,-0.04360196257817158,11.570798423608764,0.4309933713578049,3.779950569681454,1.662246214062713,0.0949599562761283,3.228878949190923,0.8652936210023747,0.0,3.7074570982184096,2.1359818078687134,1.0,1.0,1.0,3.8851031148635286e-07,-0.07297498999152027,0,0,0,0.9834001728092288,1.021610144722397,400,0.6861,-0.0398,1.762094466049164,3,3,0,0.5469,132,0.7401635554552001,0.031793,0.03179331415313369,621.6504654587383,289.85960289004606,0.6091670143760699,0.6091696724685095,0.609170287691728,0.7614620905856369,2.624445424102655e-05,487,0.2,0.102,-0.18695,-0.451795,594,0.2676,0.2605,0.23815,-0.001477,3,0.1373,0.8217,-0.000988,6.857,0.1883,-0.1103,0.0002,6.837,0.0549,0.4758,-0.000138,6.929,3.9691,1.7276,1.7226,1.7458,0.3811,1.0,0.62829,0.59213,1.42484,0.32303,0.993,0.9721,0.9789,0.499,1.4396,2.1114,11.6893,31.7529,16.859,11.7109,49,0.1476,-0.8546,55,0.0894,-0.1791,1.0
289,1568,215310,0.0,0.007691119754080561,0.0017276795029985256,0.007691119754080561,0.9978362685749023,5.5697061991704935,3.962677682304512,-73.4354711477753,83.56285543887836,-0.2544023186856696,83.56285543887836,0.004889062914919959,12.564491837973303,6.158812338584544,-11.59164968704741,6.3839821791863365,-0.048115701965617416,11.59164968704741,0.43379540794652227,3.795393539546563,1.661394934475322,0.08301570450126528,3.248779456660552,0.8537143423024693,0.0,3.717351443104405,2.135434474698553,1.0,1.0,1.0,1.022255268833715e-05,-0.06918959020526731,0,0,0,1.0115533743692495,1.0223866652701898,400,0.6861,-0.05243,1.7206824327329542,4,5,-1,0.5417,131,0.7393860505357116,-0.014582,-0.014581902952920167,621.6515216830111,289.8600953802239,0.6091669782773241,0.6091696645610498,0.609170287691728,0.7614620807013123,2.653390334392782e-05,489,0.2091,0.104,-0.16253,-0.253048,599,0.2676,0.2745,0.24304,0.027021,3,0.1437,0.7737,-0.002015,6.866,0.1875,-0.0244,0.000281,6.839,0.0572,0.6145,-4.5e-05,6.948,3.9748,1.7273,1.7207,1.7481,0.3822,1.0,0.63043,0.59157,1.42596,0.32274,0.9966,0.9685,0.9718,0.5006,1.436,2.1062,11.8328,31.9207,16.7536,11.6669,49,0.0249,-0.7762,55,0.0851,0.4656,2.0
290,1572,215315,0.0,0.007587542181687669,0.0017129308755379818,0.007587542181687669,0.9932367368306276,5.570448631597403,3.9615895761747124,-73.36689660402246,83.83181791575745,-0.19654097964954304,83.83181791575745,0.0032984649276333045,12.542615752656578,6.115774228696536,-11.54568298676226,6.356339597685877,-0.05182965217554833,11.54568298676226,0.43859552556360665,3.8110500616101453,1.66077357449074,0.08209586767061516,3.2687236301763445,0.8669801260543334,0.0,3.730547711832008,2.1389791530115283,1.0,1.0,1.0,6.520762501804977e-07,-0.06486165144541786,0,0,0,0.990363399274509,1.0214564484941544,401,0.6767,-0.03756,1.683573743945572,4,4,0,0.5198,131,0.735463947685183,0.010063,0.010062990839351915,621.6531117218179,289.8608367743718,0.6091670228642275,0.6091696525661088,0.609170287691728,0.761462065707636,2.6176499958129304e-05,489,0.2243,0.1264,-0.16931,-0.028341,602,0.2642,0.2757,0.24219,-0.016974,3,0.1522,0.7547,6.6e-05,6.867,0.1836,0.0084,0.000259,6.838,0.061,0.6624,0.00056,6.949,3.9749,1.7276,1.7202,1.7483,0.3812,1.0,0.62897,0.58943,1.42639,0.32295,0.9937,0.9711,0.9773,0.5,1.1485,2.2014,11.7726,32.0363,16.8135,14.6395,49,0.1153,0.6719,55,0.0738,0.9958,2.0
291,1581,215327,0.0,0.007607411002352709,0.0017243310856121198,0.007607411002352709,0.9958408414573202,5.580278626620379,3.959727191949375,-73.29154502935202,86.971012472476,-0.23824601049343666,86.971012472476,0.026099435398555998,12.560836286218974,6.1063278407899695,-11.590616554241544,6.334104017445102,-0.05444595406680365,11.590616554241544,0.4437919278500298,3.8268680061381213,1.660012516299952,0.07251338022411424,3.2700385193160195,0.8581680283548399,0.0,3.7440904656889407,2.1357711369214045,1.0,1.0,1.0,3.6876397420472183e-06,-0.06141681521078379,0,0,0,1.0036635081171377,1.0219916161121292,401,0.6779,-0.03778,1.673822743718664,2,2,0,0.52,131,0.7363765660272911,-0.017661,-0.017661289957911608,621.6540621188007,289.8612799200096,0.6091670143131567,0.6091696453372788,0.609170287691728,0.7614620566715985,2.624500590231319e-05,492,0.2269,0.1321,-0.19465,0.242822,608,0.2696,0.2814,0.18069,-0.057107,3,0.154,0.7554,0.00033,6.865,0.1867,0.0831,5.9e-05,6.835,0.0626,0.7158,0.000237,6.945,3.9733,1.7278,1.7203,1.748,0.3831,1.0,0.63266,0.58778,1.43073,0.32489,0.9927,0.972,0.9791,0.5003,1.1442,2.193,12.1285,32.2009,16.5908,14.4999,49,0.26,0.5486,55,0.1627,0.5803,0.0
292,1588,215335,0.0,0.0076355582510920445,0.0017258201256449065,0.0076355582510920445,0.9917262192418583,5.584170025974448,3.958070047214128,-73.22746092442114,84.14747651260797,-0.19687936656689783,84.14747651260797,0.002726258958160206,12.493660908423497,6.079693505504446,-11.551729701437768,6.369097174751831,-0.05487919187198736,11.551729701437768,0.44951730946430307,3.8428053866186196,1.6590667811741024,0.07750794094545577,3.290177648475343,0.857374643815269,0.0,3.7577501701987712,2.1352999224385876,1.0,1.0,1.0,9.430579057777415e-06,-0.057574090668624046,0,0,0,1.03677171366924,1.0214008132303931,402,0.6773,-0.03522,1.6682821871094446,2,1,1,0.5076,130,0.7319292381044197,-0.009308,-0.009308112284329706,621.651184889692,289.85993834217254,0.6091670021815692,0.6091696670886282,0.609170287691728,0.7614620838607852,2.634223375180069e-05,492,0.232,0.1583,-0.17067,0.29146,614,0.2761,0.2886,0.15678,0.044114,3,0.1573,0.7595,-4.7e-05,6.863,0.1896,0.1536,0.000418,6.832,0.065,0.7594,0.00028,6.946,3.9725,1.7276,1.7199,1.7485,0.3817,1.0,0.63095,0.59335,1.43175,0.32474,0.9941,0.9703,0.9761,0.5,1.1431,2.191,11.9455,32.4969,16.6386,14.5557,49,0.2852,0.4475,55,0.2264,0.3278,-1.0
293,1596,215346,0.0,0.007578717416596836,0.0017531507388528777,0.007578717416596836,0.989310909751009,5.584998137234952,3.9565703806518977,-73.09035762442713,87.30782168952541,-0.25086296492277943,87.30782168952541,0.023197348804704393,12.547333189791527,6.04683824516516,-11.54892199211824,6.361175718724155,-0.05307884469065868,11.54892199211824,0.455673359901856,3.858134984835674,1.6588105041218004,0.10642156534612213,3.3093420976470362,0.857953973109286,0.0,3.771889825787298,2.133428388822563,1.0,1.0,1.0,1.4738591991546094e-05,-0.05362894797819297,0,0,0,1.0744736238589074,1.0193459708904764,404,0.6756,-0.02428,1.6692025990602146,0,0,0,0.4908,129,0.7231942944261421,0.020957,0.020956622185099638,621.6520479961507,289.860340786487,0.6091670266440553,0.6091696606035535,0.609170287691728,0.7614620757544418,2.6146099863241964e-05,495,0.225,0.1412,-0.13324,-0.027041,617,0.2793,0.2839,0.16921,-0.033413,3,0.1521,0.7553,3.4e-05,6.865,0.1912,0.1932,0.000925,6.829,0.0637,0.789,0.001135,6.95,3.9732,1.7278,1.7188,1.7494,0.3822,1.0,0.63454,0.60001,1.43574,0.32336,1.0003,0.9641,0.9638,0.5,1.1426,2.1899,12.1113,32.7674,16.5674,14.4997,49,0.2663,0.1905,55,0.2789,0.1416,-2.0
294,1598,215349,0.0,0.007785809107014272,0.0017575915898024846,0.007785809107014272,0.9851990061508878,5.5860938631710315,3.9557217169827976,-73.0229410027584,84.49595477095029,-0.19118834880150126,84.49595477095029,0.0075340950743125745,12.548065220299288,6.043249212614872,-11.587251243463587,6.410665342748293,-0.05326872049119568,11.587251243463587,0.46205657757231117,3.8742863421150813,1.6583570520111042,0.08358251146261442,3.328320894265306,0.8753778711518438,0.0,3.7859168597515067,2.1395921324760128,1.0,1.0,1.0,8.836151562248727e-06,-0.049714087979681604,0,0,0,1.067943192201409,1.020118249419901,404,0.6812,-0.00098,1.6726720458777584,0,0,0,0.5015,129,0.7243859162339541,-0.013172,-0.013172297162702407,621.653194045259,289.86087515967233,0.6091669375498152,0.6091696519433651,0.609170287691728,0.7614620649292064,2.6860503690694348e-05,495,0.2213,0.1364,-0.1313,-0.063585,619,0.2721,0.266,0.17655,-0.047096,3,0.151,0.6701,-0.000279,6.864,0.1903,0.1572,0.000324,6.828,0.0619,0.8384,-4.3e-05,6.953,3.9732,1.7275,1.7186,1.7499,0.3815,1.0,0.63292,0.59619,1.43706,0.32457,0.9977,0.9666,0.9688,0.5,1.1412,2.1873,12.3249,32.6462,16.5473,14.4999,50,0.2086,-0.3661,55,0.229,-0.0248,-2.0
295,1603,215355,0.0,0.00754435372041793,0.0017853370514541308,0.00754435372041793,0.983602484874652,5.590488937315661,3.9530726262741087,-73.01652924887357,87.61659369233946,-0.22736307471951228,87.61659369233946,0.02499918125332473,12.563065181538134,6.085484114823685,-11.559732319222508,6.397117326327616,-0.05384233133817424,11.559732319222508,0.468727544820266,3.8906688707920187,1.657848979765062,0.07969511134308893,3.3284710422482364,0.8721526159877618,0.0,3.796935195090894,2.1417496328045957,1.0,1.0,1.0,1.1044521424625685e-05,-0.04640952410053301,0,0,0,1.0762861408685678,1.020845100509604,404,0.6858,0.00071,1.6643917783173519,0,0,0,0.5181,128,0.7233726745791607,-0.02889,-0.028890312786348016,621.6554836388967,289.86194273822247,0.6091670414699485,0.6091696344547971,0.609170287691728,0.7614620430684963,2.6027403422295143e-05,496,0.2203,0.1412,-0.17163,0.080336,623,0.2504,0.2371,0.15107,-0.025791,3,0.1516,0.6031,-0.0002,6.863,0.1784,0.1501,-0.000657,6.829,0.0575,0.8791,-0.000623,6.95,3.9727,1.7275,1.719,1.7495,0.3846,1.0,0.63739,0.59706,1.43934,0.32566,0.9891,0.9749,0.9856,0.5003,1.1408,2.1865,12.5488,32.7165,16.4782,14.4444,50,0.2116,-0.8442,55,0.1455,-0.5096,-1.0
296,1605,215358,0.0,0.007809275373098139,0.0018221979212020357,0.007809275373098139,0.9812572744649496,5.591336699849864,3.952497356791065,-72.9969269631944,84.74762138639188,-0.18815648712128147,84.74762138639188,0.04138668451653045,12.545788654759757,6.092513935619526,-11.394311109259842,6.40147816651664,-0.05595157831128622,11.394311109259842,0.47572607016876817,3.9072268746662893,1.6574576504648242,0.08695302607598399,3.329143989819345,0.8674014786214507,0.0,3.80511645378156,2.1476990940412835,1.0,1.0,1.0,3.170548847271738e-05,-0.04329679563623415,0,0,0,1.1000365430790136,1.0217356069937362,404,0.6872,-0.0157,1.646701486691596,1,1,0,0.5148,127,0.7227398232169568,0.047384,0.0473844146321758,621.6545351656408,289.861500489569,0.6091669274656492,0.609169641727025,0.609170287691728,0.7614620521587813,2.6941402566082298e-05,498,0.2208,0.1619,-0.16841,-0.114479,623,0.2494,0.2381,0.16248,0.028273,3,0.1527,0.5564,-0.000478,6.87,0.1793,0.1543,8e-06,6.832,0.058,0.9068,0.000335,6.958,3.9761,1.7278,1.7182,1.75,0.3825,1.0,0.63541,0.59776,1.43885,0.3235,0.9937,0.9703,0.9764,0.5003,1.1395,2.184,12.705,32.7187,16.3955,14.3883,50,0.2043,-0.9129,55,0.1019,-0.7397,1.0
297,1616,215373,0.0,0.007961480275999206,0.0018834273402415491,0.007961480275999206,0.9768608843877058,5.594260104643486,3.9522551521449265,-73.19226200993403,87.80799583387717,-0.2218555764483477,87.80799583387717,0.0014325809898423358,12.56014871473537,6.089181059982242,-11.40452737426959,6.389056214435749,-0.060148687170128265,11.40452737426959,0.47918721983273993,3.9239372171760665,1.656111917194239,0.09735218122482747,3.3492526856929192,0.8587759410898382,0.0,3.814506222797969,2.141733577638072,1.0,1.0,1.0,1.8289156981980752e-06,-0.04000752106267012,0,0,0,1.1393561162575359,1.0197440235592339,406,0.6812,-0.02004,1.632005375262998,1,2,-1,0.4799,130,0.721935354109697,0.034942,0.03494221703643863,621.6551302464507,289.8617779604257,0.6091668619724878,0.6091696371674227,0.609170287691728,0.7614620464592783,2.7466471543847956e-05,499,0.2282,0.1615,-0.13685,-0.146417,631,0.2493,0.2368,0.14101,0.007162,3,0.1563,0.5682,-0.000789,6.87,0.1755,0.2327,0.000388,6.835,0.0591,0.9325,-0.000537,6.967,3.9783,1.7269,1.7179,1.7511,0.3832,1.0,0.63821,0.60058,1.44386,0.32356,1.0003,0.9634,0.9631,0.4994,1.1383,2.1818,12.9767,32.6857,16.5687,14.5557,50,0.1011,-0.5653,56,0.056,0.7758,-1.0
298,1623,215381,0.0,0.008287229606616552,0.0019298362480808585,0.008287229606616552,0.9705300319723806,5.590882363193369,3.952180691882457,-73.37481191780763,88.31005328273035,-0.1865813576013837,88.31005328273035,0.0002286393228443373,12.522102175630103,6.142206215728375,-11.350808404880674,6.358625305716904,-0.05992151380739603,11.350808404880674,0.4757013133374743,3.940294416541095,1.6554135902185962,0.08510871031199985,3.369004484868933,0.8579616161695666,0.0,3.82575272750326,2.141286318668603,1.0,1.0,1.0,8.877801778781735e-06,-0.036511580020616725,0,0,0,1.1455481080999304,1.0158363695655261,409,0.6816,-0.01906,1.6290767972189901,5,4,1,0.4769,131,0.7109607968299199,-0.011382,-0.011382259711468112,621.6559551387572,289.86216258646505,0.6091667218227668,0.6091696308242307,0.609170287691728,0.7614620385302884,2.859024279909074e-05,501,0.2439,0.1985,-0.13083,-0.168883,633,0.2629,0.2528,0.12129,-0.042892,3,0.1666,0.615,-0.000937,6.864,0.1854,0.2793,0.000752,6.835,0.0665,0.9289,-0.000943,6.974,3.9788,1.7252,1.718,1.7528,0.383,1.0,0.63695,0.59346,1.4454,0.3236,0.9968,0.9671,0.9703,0.4991,1.1399,2.0898,13.1089,32.8536,16.6869,14.6389,50,0.1128,0.6464,55,0.0859,0.9993,0.0
299,1627,215386,0.0,0.008481972663757066,0.0019626849253770095,0.008481972663757066,0.9686898618923042,5.594427371456555,3.9519219625036013,-73.45521500380977,88.50878809223408,-0.20111686420766733,88.50878809223408,0.0028476604012347417,12.560644877603815,6.136623820200662,-11.32878633616993,6.419093021104902,-0.056591989350212576,11.32878633616993,0.4729324334245113,3.9572530138498667,1.6548837474275098,0.0944930172125783,3.3885956214109383,0.8628790016495967,0.0,3.839882836233451,2.144783905097051,1.0,1.0,1.0,2.0533884971494755e-05,-0.03312482890042694,0,0,0,1.1626208130872482,1.0165379209791436,409,0.6859,-0.0265,1.6341864650357163,2,1,1,0.482,129,0.70771318796315,0.017359,0.017359444558159076,621.6549583016716,289.86169778700327,0.6091666380256715,0.6091696384895218,0.609170287691728,0.7614620481119022,2.926213683461485e-05,503,0.2412,0.1992,-0.17735,0.292758,635,0.2724,0.2593,0.10148,-0.021624,3,0.1656,0.6372,-9.3e-05,6.859,0.1935,0.307,3.4e-05,6.835,0.0681,0.9291,-0.000635,6.971,3.977,1.7245,1.7185,1.7529,0.3865,1.0,0.64132,0.59015,1.44599,0.32471,0.9907,0.9732,0.9823,0.5003,1.1385,2.0873,13.321,32.7738,16.6987,14.6673,51,0.1632,0.8363,55,0.1091,0.8756,1.0
300,1637,215400,0.0,0.008615931714982445,0.0019930970669940545,0.008615931714982445,0.96795396650785,5.604057625915903,3.9488162245981786,-73.4811728577937,88.56901531485562,-0.18875366246242908,88.56901531485562,0.0005270957770729424,12.562632731525849,6.152468593774702,-11.296781092177866,6.423623239081377,-0.05807523625971761,11.296781092177866,0.47097710149965943,3.9743433231629166,1.6542459011676844,0.11345009619969593,3.3899983924798405,0.865274567211772,0.0,3.853996892677254,2.140544912138057,1.0,1.0,1.0,3.325356955171376e-06,-0.029906771635554344,0,0,0,1.182255146101448,1.017302464365588,409,0.6906,-0.02873,1.6383437037641477,2,1,1,0.489,127,0.7041666871958991,0.001121,0.0011211700408078062,621.653508502266,289.8610217828766,0.6091665803467013,0.6091696495505665,0.609170287691728,0.7614620619382081,2.9724354319830893e-05,503,0.2355,0.2076,-0.16327,0.546904,645,0.2718,0.2504,0.09786,0.008362,3,0.1627,0.6628,0.00067,6.856,0.1933,0.3696,-0.000141,6.834,0.0659,0.9407,1.7e-05,6.965,3.9751,1.7247,1.7192,1.7521,0.3862,1.0,0.64087,0.5904,1.44497,0.32274,1.0042,0.9592,0.9551,0.5009,1.1339,2.1734,14.0041,32.7626,16.4106,14.4727,51,0.1609,0.638,56,0.1443,0.5153,0.0
