step,n,n_archi,I2_min,I2_max,I2_mean,I2_absmax,r_min,r_max,r_mean,tw_min,tw_max,tw_mean,tw_absmax,phi_min,phi_max,phi_mean,phivel_min,phivel_max,phivel_mean,phivel_absmax,d_min,d_max,d_mean,d0_min,d0_max,d0_mean,eta_min,eta_max,eta_mean,tau_min,tau_max,tau_mean,dmin_nodi,xi_termo,n_naninf,n_I2_grandi,n_lontani,m0_I2pesata,m0_raggio,m0_N,m0_coer,m0_spin,m0_spin_disp,m0_vort_pos,m0_vort_neg,m0_carica,m0_coer_nucleo,m0_N_nucleo,m0_raggio_nucleo,m0_Lz,m0_Lz_norm,ncrit_adattivo,rho_critica,lambda_eff_min,lambda_eff_med,lambda_eff_max,lambda_eff_ratio_med,rho_su_rhoc_max,m1_N,m1_coer,m1_coer_nucleo,m1_spin,m1_Lz,m2_N,m2_coer,m2_coer_nucleo,m2_spin,m2_Lz,n_masse,coer_01,cosphi_01,Lz_orb_01,dist_01,coer_02,cosphi_02,Lz_orb_02,dist_02,coer_12,cosphi_12,Lz_orb_12,dist_12,scala_com,rcom_01,rcom_02,rcom_12,s2_medio,s2_max,tw_q,tw_disp,sync_rel,d0_disp,rchi_pos,rchi_neg,rchi_ratio,frac_chi_neg,dens_g0,dens_g1,dens_g2,dens_g3,dens_g4,guscio_idx,centro_N,centro_coer,centro_cosphi,guscio_N,guscio_coer,guscio_cosphi,guscio_circ
0,1196,214854,0.0,2.8878040211786758e-12,2.5623625878937577e-14,2.8878040211786758e-12,1.1567762366450802,4.760898800742703,3.966424698136242,-23.44144296988344,31.925736177140188,0.0014733831822586203,31.925736177140188,0.00018070373801806273,12.566323383711568,6.1604372411369175,-0.9933683770135051,1.14962216572393,-0.0027225789034613103,1.14962216572393,0.0907852587594793,2.399797375641296,1.2074815046782896,0.0907852587594793,2.39979737574496,1.2071971794730278,0.0,0.06050901175887389,0.003098739828580772,1.0,1.0,1.0,0.010987826189493757,-0.11978803455363374,0,0,0,0.0,0.6007953539958085,372,0.9988,0.02662,0.4577152190568777,2,2,0,0.9988,372,0.6007953539958085,0.0,0.0,621.4857873344093,289.7828177215713,0.6091702876917268,0.609170287691728,0.609170287691728,0.76146285961466,9.965408038627506e-15,372,0.9985,0.9984,-0.03429,0.0,372,0.9988,0.9989,-0.00159,0.0,3,0.9973,1.0,0.0,0.0,0.9976,1.0,0.0,0.0,0.9974,1.0,0.0,0.0,0.0,0.0,0.0,0.0,1.0,1.0,0.00151,1.0,1.27638,0.27691,0.9886,0.9886,1.0001,0.5025,1.454,2.7869,2.181,14.9556,33.4019,22.9724,0,0.0,0.0,0,0.0,0.0,0.0
1,1196,214854,5.3527234872786776e-30,2.216694546485446e-12,2.378414464422916e-14,2.216694546485446e-12,1.1564084083396935,4.777485952555868,3.966369786955704,-25.0118940248654,32.463894650282725,-0.024927769621891645,32.463894650282725,0.0003079005231338874,12.565953751821645,5.483935666760606,-0.993368378696512,1.149622167677478,-0.0027225789098694417,1.149622167677478,0.0907852587594793,2.3997973756413518,1.2074815046782896,0.09077910671602245,2.3997973757545306,1.2066646640875747,1.4142115624116159e-08,0.06050902590098951,0.0030987539706963958,8.692520556174976e-05,1.115914510842815,0.7326893991961684,0.011024046483988106,-0.11978805871588125,0,0,0,3.752923597558704e-24,0.6007953632712014,372,0.9785,0.02549,0.4576808130699197,2,3,-1,0.9461,372,0.6007953632712014,0.027299,0.027298591382374005,621.4857873344098,289.7828177215715,0.6091702876917271,0.609170287691728,0.609170287691728,0.76146285961466,7.64950304477778e-15,372,0.9671,0.9495,-0.03538,-1.013317,372,0.8916,0.8672,-0.00064,1.024008,3,0.9639,0.9665,2.364048,0.0,0.9332,0.9662,-2.828873,0.0,0.9318,0.8676,-1.129647,0.0,0.0,2.1649,0.7528,1.9356,1.0,1.0,0.26019,0.0324,1.27638,0.27687,0.5709,1.0185,1.784,0.9331,1.454,2.7869,2.181,14.9556,33.4019,22.9724,0,0.0,0.0,0,0.0,0.0,0.0
2,1196,214854,4.194561731447351e-21,1.5982450908498915e-09,2.2188572245056557e-11,1.5982450908498915e-09,1.1564084013513012,4.777485950587848,3.9663697879955744,-28.865624765496374,31.924694906810576,-1.492818732697094,31.924694906810576,0.0002687627457560876,12.566129050520336,5.619589294953513,-0.994994037750219,1.1536237292786906,-0.002732769074039779,1.1536237292786906,0.09078527497803618,2.399797440213301,1.2074814915516032,0.09077371064307875,2.3997974402136775,1.205740229676934,8.83394171247165e-07,0.06998526337012789,0.010425647962658081,0.003100718206084263,1.154319846233014,0.8307891119140881,0.011058131255684596,-0.1368600877376092,0,0,0,8.943569506899772e-09,0.6015737551845323,372,0.9253,0.02863,0.4589198491236829,0,0,0,0.9253,372,0.6015737551845323,1.534873,1.534873257777578,621.4858075942782,289.7828271682264,0.6091702876910401,0.6091702876917187,0.609170287691728,0.7614628596146483,5.515320236426809e-12,372,0.9432,0.9432,-0.03285,-0.033719,372,0.7171,0.683,0.00572,0.092186,3,0.8728,0.8782,0.242886,6.95,0.6805,0.9092,-0.306779,4.037,0.6936,0.5992,0.057933,4.061,3.0017,2.3154,1.3448,1.3528,1.0,1.0,0.25667,0.11198,1.27613,0.27688,0.9388,1.0384,1.1061,0.5,1.454,2.7869,2.181,14.9556,33.4019,22.9724,21,0.4221,0.6746,24,0.2783,0.6956,-0.0
3,1196,214854,2.646977046197051e-15,1.0272705424091037e-08,3.519116702579988e-10,1.0272705424091037e-08,1.1564083797057205,4.777485946500235,3.9663697892658396,-27.792049843992185,32.838961038746696,-0.08979595485963333,32.838961038746696,0.004654362950449375,12.566181622515883,5.645074005897291,-0.9941411459104735,1.153533252380147,-0.002742744748246617,1.153533252380147,0.09078540875915263,2.3997975735183568,1.207481470637595,0.09074444316256677,2.399797619678133,1.2011220530480513,0.00036833074070545925,0.07917336716218562,0.01873353908179896,0.0010324903004805819,1.4142018571128865,0.89758834571522,0.011090217238535748,-0.15356532544375537,0,0,0,1.35076019527524e-07,0.6016886682970984,372,0.906,0.03276,0.4593768136679647,0,0,0,0.906,372,0.6016886682970984,0.029382,0.029382269269303762,621.485867539039,289.7828551189246,0.6091702876873056,0.6091702876915818,0.609170287691728,0.7614628596144771,3.544966599171369e-11,372,0.9399,0.9399,-0.03117,-0.023539,372,0.5539,0.3839,0.00034,-0.040597,3,0.8516,0.8839,0.00046,6.953,0.5019,0.6084,0.375635,5.549,0.5206,0.1665,-0.351335,5.668,3.516,1.9775,1.5782,1.6121,0.4224,1.0,0.24652,0.2339,1.27605,0.27,0.9589,1.0183,1.062,0.5,1.454,2.7869,2.181,14.9556,33.4019,22.9724,42,0.2744,0.8791,46,0.1461,0.9454,0.0
4,1196,214854,3.116707250765757e-14,2.5967951229809547e-08,1.020239322576042e-09,2.5967951229809547e-08,1.1564080638984215,4.777485847164138,3.966369789276964,-29.345803866666994,31.88389584469393,-0.308031152196588,31.88389584469393,0.0004271080857097165,12.565062753381959,5.481103842376509,-0.9933688413728786,1.1535538133513468,-0.002815625465708321,1.1535538133513468,0.0907868387138068,2.3998001211567317,1.207481649432418,0.09075666534693123,2.3998001427507707,1.1930139150949555,0.014508405850951627,0.09326665054617721,0.027709422538950403,0.001127365685259507,1.4141925375561997,0.9258266719683557,0.011120417822756723,-0.16983600239027832,0,0,0,3.0557090391516526e-07,0.6020804786395823,372,0.9016,0.0325,0.459412783057238,0,0,0,0.9016,372,0.6020804786395823,0.34691,0.3469098707575149,621.4859069941024,289.7828735158046,0.6091702876805489,0.6091702876914022,0.609170287691728,0.7614628596142528,8.961175280910198e-11,372,0.9414,0.9414,-0.03119,-0.35421,372,0.4396,0.4396,-0.00237,1.555952,3,0.8488,0.8827,-0.000725,6.84,0.3964,0.2553,0.148674,6.943,0.4138,-0.229,-0.162806,6.999,3.9997,1.7101,1.7359,1.7499,0.4249,1.0,0.26024,0.25103,1.27588,0.25485,0.954,1.0231,1.0725,0.5,1.454,2.7869,2.181,14.9556,33.4019,22.9724,56,0.2327,0.6336,61,0.1089,0.7423,-1.0
5,1196,214854,2.4749652540100105e-14,3.636531667039154e-08,2.4479035400626844e-09,3.636531667039154e-08,1.1564068774011924,4.777485509498285,3.966369782948525,-29.179971603753817,31.874739266610952,0.0047011122970414205,31.874739266610952,0.000800607072537248,12.56500002275339,5.440727911849076,-0.9962954165018559,1.1542327908602734,-0.0029492780462592695,1.1542327908602734,0.09079676962187308,2.3998080557336214,1.2074841102477691,0.09079480639875878,2.399808099190343,1.1792644584213348,0.020289140373665738,0.10727085539987413,0.036967689258639504,0.0013441538026032207,1.4141998092078552,0.9135878232147465,0.01114882252186442,-0.18568903312504093,0,0,0,1.0117843331196845e-06,0.6025890703107082,372,0.8989,0.03219,0.46006376233326973,1,1,0,0.8989,372,0.6025890703107082,-0.171044,-0.17104423401463853,621.4859877403425,289.78291116569693,0.6091702876760728,0.6091702876908145,0.609170287691728,0.7614628596135181,1.2549158445577893e-10,372,0.9438,0.9438,-0.03155,0.067741,372,0.4699,0.4699,0.00818,0.034775,3,0.8485,0.8812,0.001196,6.826,0.4227,-0.0667,-0.00153,6.945,0.4438,-0.5305,-0.002147,6.977,3.9929,1.7094,1.7392,1.7472,0.3411,1.0,0.28145,0.25477,1.27563,0.22178,0.9534,1.0238,1.0738,0.5,1.454,2.7869,2.181,14.9556,33.4019,22.9724,56,0.1924,0.1718,61,0.0637,-0.5236,-1.0
6,1196,214854,9.507864744894057e-14,5.626548815077739e-08,5.540020639361066e-09,5.626548815077739e-08,1.1564040256735364,4.777485182810337,3.96636978712859,-29.56896145856018,30.271995520103737,0.01481491963219344,30.271995520103737,0.0014367142435212088,12.564624066614307,5.447776103628491,-0.996664134796105,1.1557947965426951,-0.0030619867750418034,1.1557947965426951,0.09082024182336916,2.399827483803817,1.2074905161588028,0.09082018562450296,2.3998274841666847,1.1537823741718705,0.023501713104682253,0.12119437533423723,0.04610356749078655,0.0004985956656127222,1.4142008526587435,0.902082491759498,0.011175482669047866,-0.20086821300066915,0,0,0,1.9295178464700305e-06,0.6032468831973345,372,0.8921,0.03073,0.46053255505885177,3,3,0,0.8921,372,0.6032468831973345,-0.042424,-0.04242433592911388,621.4860889156862,289.7829583411542,0.6091702876675058,0.6091702876896592,0.609170287691728,0.7614628596120739,1.9416424096456854e-10,372,0.9453,0.9453,-0.03175,0.023831,372,0.4972,0.4972,0.00962,0.27168,3,0.8433,0.8792,0.00182,6.811,0.444,-0.1524,0.005565,6.945,0.4704,-0.605,0.001921,6.992,3.9932,1.7057,1.7392,1.7509,0.2501,1.0,0.27286,0.25523,1.27546,0.17575,0.9549,1.0222,1.0705,0.5,1.454,2.7869,2.181,14.9556,33.4019,22.9724,56,0.1512,-0.6555,61,0.146,-0.969,-2.0
7,1196,214854,5.993221066789763e-14,8.345925590400886e-08,1.1730405511761014e-08,8.345925590400886e-08,1.1563980871502895,4.7774869518360985,3.9663698869561643,-29.41442726876385,30.52733753658536,-0.013888118308604785,30.52733753658536,0.00012666882182443828,12.56431921058182,5.4186100818476755,-0.9973483814326267,1.1566958907429585,-0.0030446843742432924,1.1566958907429585,0.09086826996355775,2.3998705751742495,1.207505104236068,0.09086821224144465,2.3998705752825744,1.1034976185425338,0.025541662125920454,0.1312418846259498,0.05512439240836739,0.0056745818406201964,1.4142015752876995,0.9364942614754246,0.011200509134458471,-0.21541735856640454,0,0,0,3.2589927968914346e-06,0.6041693229932519,372,0.8871,0.02981,0.46089336327784963,2,3,-1,0.8871,372,0.6041693229932519,-0.158441,-0.158440719085716,621.486230657688,289.7830244317994,0.609170287655799,0.6091702876872576,0.609170287691728,0.7614628596090719,2.8800602129008094e-10,372,0.9456,0.9456,-0.03167,-0.043911,372,0.508,0.508,0.01193,0.119286,3,0.8389,0.8762,0.00166,6.811,0.4515,-0.1794,0.002918,6.941,0.4812,-0.6313,0.002869,6.997,3.9934,1.7057,1.738,1.7522,0.2518,1.0,0.28533,0.24832,1.27523,0.19113,0.9591,1.0181,1.0616,0.5,1.454,2.7869,2.181,14.9556,33.4019,22.9724,56,0.165,-0.9975,61,0.1828,-0.6278,-3.0
8,1198,214857,0.0,1.2535748837757076e-07,2.2150905744789417e-08,1.2535748837757076e-07,1.1571278313690876,4.770290303665304,3.967040709476263,-29.77032977069075,32.11581200034168,0.2964938722793053,32.11581200034168,0.007015283904300027,12.566287636132904,5.347216283375481,-0.9966854731453652,1.1574549214831582,-0.0026796436243400846,1.1574549214831582,0.09101862081776949,2.3999675160864653,1.2061123941040837,0.07416634455824034,2.3999675161253298,1.0168552134247884,0.0,0.14461719882860408,0.06438167336199004,1.0,1.0,1.0,3.2792530524042614e-10,-0.2293674456021482,0,0,0,6.166716677720711e-06,0.6039541141164111,372,0.8799,0.02927,0.46155780947438346,0,1,-1,0.8799,372,0.6039541141164111,-0.001391,-0.0013909622505070551,621.486410377998,289.7831082307517,0.6091702876377618,0.6091702876828984,0.609170287691728,0.7614628596036229,4.3259073706169827e-10,372,0.9401,0.9401,-0.03142,0.052174,374,0.5061,0.5061,0.01567,0.041326,3,0.8272,0.8724,-0.001936,6.825,0.4461,-0.2074,0.000324,6.94,0.4767,-0.6591,0.000976,7.017,3.9996,1.7063,1.7351,1.7543,0.2476,1.0,0.28547,0.25406,1.27549,0.20395,0.9637,1.0135,1.0517,0.5,1.4526,2.7841,2.1789,15.0447,33.3692,22.9721,56,0.1736,-0.871,61,0.2057,-0.2723,-2.0
9,1198,214857,3.721041388464742e-25,1.2878171235264063e-07,2.3373948617193953e-08,1.2878171235264063e-07,1.1571153531967977,4.7703007588316195,3.9670411420604346,-29.27060221865366,30.13141218857418,0.10732248138166176,30.13141218857418,0.00038503193727379426,12.565919092649654,5.359758086541605,-0.9966864550631198,1.1575769608547721,-0.0027101285377700577,1.1575769608547721,0.09103625267880237,2.399975935599765,1.2061168390452541,0.05007655973743679,2.399975935612414,0.9244287122355332,1.4142115624116159e-08,0.14622684747345668,0.06555201208767425,0.0026488102686909043,1.4141711296604813,0.9045487538391815,1.9776206103605425e-06,-0.230156368222698,0,0,0,6.196466749700878e-06,0.6039500082976993,372,0.8693,0.02864,0.4616814975026527,0,1,-1,0.8693,372,0.6039500082976993,0.050924,0.05092399361982203,621.4864242922129,289.7831147185917,0.6091702876362877,0.6091702876824996,0.609170287691728,0.7614628596031244,4.444072335881285e-10,372,0.9352,0.9352,-0.03077,0.001752,374,0.4962,0.4962,0.02032,0.089985,3,0.813,0.8655,0.000202,6.825,0.4323,-0.2572,0.001563,6.937,0.4651,-0.7067,0.001269,7.023,4.0002,1.7061,1.7341,1.7557,0.2442,1.0,0.28065,0.25354,1.27546,0.18938,0.9542,1.023,1.0721,0.5,1.4526,2.7841,2.1789,15.0446,33.369,22.9719,56,0.091,-0.5089,61,0.1869,0.1829,-2.0
10,1198,214857,5.023651970432715e-13,2.2446069024719548e-07,3.955569105830789e-08,2.2446069024719548e-07,1.1570949237750594,4.770340057275815,3.9670427448098398,-28.649135988648183,31.340515648892435,0.10541396694895974,31.340515648892435,5.940588511626451e-05,12.565756565794084,5.404113996836134,-0.9976067022444264,1.1588289653911736,-0.0027062586564905356,1.1588289653911736,0.09119736701203503,2.400193969199546,1.2061771414773963,0.05207932323219422,2.4001939692106236,0.8655731835756209,0.014141725437587325,0.1603619287101063,0.07459749962605254,0.002176987686842491,1.4141993874259122,0.9228384013738161,3.0598877489094247e-06,-0.24267062297265185,0,0,0,8.350845999858712e-06,0.6039084409340523,372,0.858,0.02752,0.4621629580485243,1,1,0,0.858,372,0.6039084409340523,-0.063439,-0.06343943189691892,621.4866181952086,289.78320513056514,0.6091702875950981,0.6091702876760257,0.6091702876917279,0.761462859595032,7.745814328544753e-10,372,0.9301,0.9301,-0.03199,-0.036604,374,0.4895,0.4895,0.02923,-0.024516,3,0.798,0.8618,0.001967,6.821,0.4211,-0.3398,0.001922,6.948,0.4566,-0.7699,3.4e-05,7.027,4.0025,1.7041,1.736,1.7556,0.2536,1.0,0.28958,0.24951,1.27518,0.17732,0.96,1.0172,1.0596,0.5,1.4526,2.7841,2.1788,15.0444,33.3686,22.9716,56,0.1517,0.9997,61,0.1531,0.868,-1.0
11,1198,214857,2.9353221546694204e-13,3.2853906907226246e-07,5.944784730581549e-08,3.2853906907226246e-07,1.1570603122506466,4.770445728408193,3.9670469652628353,-29.729537860824905,31.851645049742594,0.15568830584320237,31.851645049742594,0.005651805446333599,12.566231652085072,5.489493972146234,-0.9975759807068133,1.163159152728298,-0.002700207897767968,1.163159152728298,0.09170591575873158,2.400633926930278,1.2063219332928048,0.050363588851276744,2.3988663218214654,0.8398482887210372,0.02825919795122916,0.17449933515919064,0.08382588363977313,0.0002879925217148527,1.4142023734566365,0.9616924279778215,2.802753844633164e-06,-0.2546565483915224,0,0,0,1.232346245570811e-05,0.6040826370417235,372,0.8506,0.02807,0.46279127724516816,0,0,0,0.8506,372,0.6040826370417235,-0.099987,-0.09998656171403386,621.4867908192119,289.78328562069237,0.6091702875502925,0.6091702876688232,0.609170287691728,0.761462859586029,1.1337405757152567e-09,372,0.9232,0.9232,-0.03173,-0.006073,374,0.4485,0.4485,0.03739,0.008891,3,0.7852,0.8568,-0.000435,6.824,0.3827,-0.4581,0.00198,6.958,0.4153,-0.8508,-1.9e-05,7.048,4.0091,1.702,1.7356,1.758,0.2536,1.0,0.28801,0.24431,1.27504,0.18314,0.9645,1.0126,1.0499,0.5,1.4525,2.784,2.1788,15.0438,33.3674,22.9724,56,0.2744,0.9543,61,0.1606,0.9918,-2.0
12,1198,214857,3.342515773976244e-12,4.978864022406883e-07,8.53028059417556e-08,4.978864022406883e-07,1.1570018231934183,4.770682892649261,3.967055903746136,-29.770972539856437,32.47067922356935,0.24333422328039214,32.47067922356935,0.0007129774068572483,12.566160083670294,5.650773366339055,-0.9973694142823581,1.1649193475877073,-0.0027575985842848857,1.1649193475877073,0.09264464739412472,2.401352665356303,1.2065723029306612,0.05011256118545073,2.3955856330624234,0.8490865903274719,0.03926183193233811,0.18863879763950867,0.0934428079193969,0.0026522882577934004,1.4142040213333815,0.919736659397456,1.39328906372015e-06,-0.2662652513408821,0,0,0,1.905516274520088e-05,0.6042026228482046,372,0.8404,0.02766,0.4633552112459865,0,0,0,0.8404,372,0.6042026228482046,0.235336,0.23533590654671688,621.486973523272,289.78337081089046,0.6091702874773888,0.6091702876597233,0.6091702876917267,0.761462859574654,1.7181331035230577e-09,372,0.9224,0.9224,-0.03184,-0.031894,374,0.4147,0.4147,0.03951,-0.079457,3,0.7753,0.8558,0.003054,6.821,0.3485,-0.5904,0.002435,6.99,0.3825,-0.9228,-0.001385,7.059,4.0168,1.6981,1.7401,1.7575,0.2527,1.0,0.29012,0.2487,1.27503,0.19034,0.9576,1.0196,1.0647,0.5,1.4524,2.7838,2.1786,15.0427,33.3648,22.9722,56,0.2716,0.8467,61,0.1394,0.7041,-2.0
13,1198,214857,1.242488624391919e-12,7.319529660917753e-07,1.1611259677250203e-07,7.319529660917753e-07,1.1569185174512255,4.7711290462366795,3.9670715889817867,-29.739545739751605,31.316373664397247,0.037431587559953,31.316373664397247,0.0007678120769565311,12.5654583728476,5.74167554953765,-1.0017096159470187,1.1703574468210782,-0.0028282655262164007,1.1703574468210782,0.09395168554215927,2.4023684174839057,1.2069943529895286,0.049529325521159524,2.3921594168443354,0.8074505554123971,0.039704291826743475,0.20278016507343302,0.10264017451334594,0.0013672652236403904,1.41415426256936,0.9416521991885283,1.918855673950758e-06,-0.27796472326535987,0,0,0,2.6726248555114578e-05,0.6048967866873948,372,0.836,0.02949,0.46450658432552544,3,2,1,0.836,372,0.6048967866873948,-0.006998,-0.006998283159100671,621.4871646058241,289.7834599077636,0.6091702873766237,0.6091702876485817,0.6091702876917275,0.7614628595607271,2.5258617808095454e-09,372,0.9141,0.9141,-0.03347,0.011596,374,0.3817,0.3817,0.03988,0.029288,3,0.7642,0.8472,-0.00144,6.825,0.3193,-0.7202,0.002618,7.001,0.3491,-0.9788,-0.000233,7.091,4.026,1.6951,1.739,1.7614,0.2608,1.0,0.30076,0.23973,1.27504,0.18792,0.9615,1.0156,1.0563,0.5,1.4522,2.7835,2.1784,15.0411,33.3613,22.9729,56,0.1418,0.3349,61,0.1142,-0.1579,-4.0
14,1199,214858,0.0,1.103641072059372e-06,1.6316492410473534e-07,1.103641072059372e-06,1.1600148709726523,4.773812732979078,3.9674933382783677,-29.64701842152913,31.350681730905137,0.12584971107267912,31.350681730905137,4.030411628167972e-05,12.564158193118283,5.7954104828931765,-1.0034365517298902,1.172642144189873,-0.002721541173713714,1.172642144189873,0.09544160207582766,2.4037155005779174,1.2081060088327442,0.05005794094900766,2.3880163031838366,0.7885537222695347,0.0,0.21691716841612596,0.11196323804263027,1.0,1.0,1.0,1.4744963715656539e-05,-0.289030214432186,0,0,0,3.434247136027319e-05,0.6057445955125073,373,0.8262,0.03025,0.4651243534930906,4,4,0,0.8262,373,0.6057445955125073,0.03198,0.03198013171845804,621.4874054075135,289.7835721873901,0.6091702872166129,0.6091702876321756,0.609170287691728,0.7614628595402195,3.808501164260949e-09,372,0.8974,0.8974,-0.03273,0.035305,374,0.3819,0.3819,0.04583,-0.056158,3,0.7415,0.8314,-0.000957,6.823,0.3166,-0.8307,-0.001212,6.995,0.344,-1.0,-0.000557,7.086,4.0234,1.6958,1.7386,1.7611,0.2642,1.0,0.30714,0.24756,1.27576,0.18003,0.9587,1.0185,1.0623,0.4996,1.4545,2.7877,2.1817,14.9602,33.5334,23.0549,56,0.1176,-0.933,61,0.0816,-0.936,-2.0
15,1199,214858,4.398918998999797e-25,1.2136574397071482e-06,1.8341215246707744e-07,1.2136574397071482e-06,1.1599090530324827,4.774532447726114,3.9675212940216045,-29.579118432470832,31.384740322507678,-0.010441039795014064,31.384740322507678,0.000682178885342962,12.565702792592106,5.856126692492494,-1.0039454785068915,1.1746787942621575,-0.002810712928898836,1.1746787942621575,0.09686143313559498,2.4048436909924766,1.20859038326286,0.05009725949960078,2.3896069901597046,0.7943402813481304,1.4142115624116159e-08,0.2309623681037109,0.11676335899665916,0.005060239689703261,1.4139251324901199,0.9308889824082092,3.9284550083696664e-05,-0.29297290878987864,0,0,0,3.95821478709131e-05,0.6066339853806857,373,0.8219,0.03035,0.46557269421489456,2,3,-1,0.8219,373,0.6066339853806857,-0.06413,-0.06412977746133386,621.487516229191,289.7836238606844,0.6091702871692513,0.6091702876237389,0.609170287691728,0.7614628595296736,4.188150536383046e-09,372,0.8852,0.8852,-0.03557,0.028421,374,0.3781,0.3781,0.04403,0.116162,3,0.7276,0.8083,-0.000599,6.818,0.3114,-0.8947,0.001415,6.987,0.3354,-0.9862,0.000886,7.091,4.0219,1.6953,1.7371,1.7631,0.2661,1.0,0.31042,0.2534,1.27589,0.18375,0.9599,1.0172,1.0597,0.5004,1.4544,2.7877,2.1816,14.9598,33.5327,23.056,56,0.1753,-0.8578,61,0.0958,-0.4039,-2.0
16,1199,214858,3.38764618906058e-13,1.6683549760709715e-06,2.4947153826293013e-07,1.6683549760709715e-06,1.1597807937227431,4.775601760516946,3.9675612733338936,-29.73187768691983,32.012514404554295,0.04062273213303159,32.012514404554295,0.0004455594651348628,12.56542966828999,5.957081167118312,-1.0077900013996621,1.176165142906975,-0.0028572107686476913,1.176165142906975,0.09761860370922003,2.4067168074232104,1.2091723754387138,0.049731182895627876,2.39187396989524,0.7980710270860408,0.012930260748328945,0.24506386097429145,0.12607224882072382,0.0032027970029302466,1.4141621573229137,0.9585623565414219,9.529000098070837e-05,-0.3037919874224722,0,0,0,4.5457409595041175e-05,0.6071269359607121,373,0.8133,0.03044,0.46628766702673846,1,2,-1,0.8133,373,0.6071269359607121,-0.109811,-0.10981106521268025,621.4878131771706,289.78376231988005,0.6091702869735054,0.6091702875983785,0.609170287691728,0.7614628594979731,5.757241063870738e-09,372,0.8743,0.8743,-0.03767,0.013657,374,0.3763,0.3763,0.038,-0.032447,3,0.7111,0.795,-0.000244,6.812,0.307,-0.9388,-0.001465,6.982,0.33,-0.9553,-0.001122,7.079,4.0176,1.6956,1.738,1.7619,0.271,1.0,0.31783,0.26904,1.27592,0.18588,0.9581,1.019,1.0635,0.5004,1.4544,2.7876,2.1816,14.9594,33.5316,23.0553,56,0.1633,-0.3781,61,0.1568,0.4177,-4.0
17,1199,214858,2.460735590587801e-13,2.273972384074238e-06,3.3751254803699495e-07,2.273972384074238e-06,1.1596241130816485,4.777060745553158,3.9676146517568784,-29.631627433391376,32.11896846207875,-0.04205367738046081,32.11896846207875,0.0020080570549658827,12.563968917440187,5.978417801861063,-1.0162036228025062,1.1810408856959138,-0.0028840420733994634,1.1810408856959138,0.1004644577016744,2.4089209154898494,1.2102673899484262,0.049385890789657334,2.3727656035898868,0.7866139235408661,0.027014636807496134,0.2592048093737886,0.13565787238617505,0.0005656571771703867,1.4141666539137965,0.9489250343325651,0.00023451774133910296,-0.3145473533770992,0,0,0,5.657128720917969e-05,0.6069211249168177,373,0.8042,0.03099,0.4675131022662185,1,1,0,0.8042,373,0.6069211249168177,-0.122017,-0.12201693862697738,621.4881465919103,289.78391778258685,0.6091702867127894,0.6091702875651235,0.609170287691728,0.7614628594564044,7.847131067433174e-09,372,0.8724,0.8724,-0.03758,0.043087,374,0.3767,0.3767,0.03841,0.169145,3,0.7016,0.7878,-0.000747,6.807,0.3033,-0.9644,0.00057,6.966,0.3291,-0.9226,0.001219,7.075,4.0126,1.6963,1.736,1.7632,0.2747,1.0,0.31973,0.27729,1.27584,0.18386,0.9582,1.0189,1.0634,0.5004,1.4543,2.7875,2.1815,14.9588,33.5302,23.0559,56,0.099,0.5527,61,0.1574,0.7901,-2.0
18,1199,214858,2.719359424136019e-12,3.007618569821928e-06,4.4685006564873044e-07,3.007618569821928e-06,1.1594110163413864,4.778927789520591,3.9676819100653447,-29.80813039026483,31.294280398512228,-0.025025675655600446,31.294280398512228,0.0014298808398804687,12.56373840464379,5.956625675974488,-1.0254494947642314,1.1837771343139285,-0.002898956974589092,1.1837771343139285,0.10263764477085892,2.411394087804149,1.2114384870054382,0.05002614758795133,2.3792635312197197,0.7877868801466046,0.041081155993283464,0.273231738776905,0.14514712272822847,0.0033099786444930057,1.414190419278424,0.9331620099975674,0.0004836957701206,-0.32495896257099666,0,0,0,7.086670596252377e-05,0.6076335117414927,373,0.7934,0.03133,0.46859695020770054,1,1,0,0.7934,373,0.6076335117414927,0.190376,0.19037571669537368,621.4885164252383,289.78409022634355,0.6091702863969578,0.6091702875223208,0.609170287691727,0.761462859402901,1.0378825723222926e-08,372,0.8649,0.8649,-0.03336,0.005166,374,0.3809,0.3809,0.04621,0.016147,3,0.6862,0.7867,0.001528,6.8,0.3024,-0.981,-0.000346,6.955,0.3296,-0.8915,0.001032,7.055,4.0055,1.6977,1.7365,1.7613,0.2761,1.0,0.32362,0.28361,1.27572,0.17673,0.9584,1.0187,1.0629,0.5004,1.4542,2.7873,2.1814,14.9579,33.5283,23.0562,56,0.137,0.7497,61,0.1089,0.9728,-2.0
19,1199,214858,1.9422739939157435e-12,3.6009605181140607e-06,5.487200526984519e-07,3.6009605181140607e-06,1.1591495292994798,4.781176325776103,3.9677624416165456,-29.726954407367394,31.80929861395957,-0.0020711979576231356,31.80929861395957,0.002961827829349853,12.565837728763046,5.960069418419416,-1.0339283734537177,1.1902966691792303,-0.0028720725595241183,1.1902966691792303,0.10502696238639282,2.414006743740334,1.2131035479758314,0.04989081620473633,2.384996837869904,0.766059417737981,0.05490290191022079,0.287127718320826,0.15447874282860205,0.0016495607229873865,1.4141929107953168,0.8951867794570335,0.0008450458263622819,-0.33531278442015783,0,0,0,9.23843276028136e-05,0.6079135184774939,373,0.7915,0.03101,0.4698688959419722,0,0,0,0.7915,373,0.6079135184774939,-0.085441,-0.08544067397770139,621.4888026508239,289.784223685963,0.6091702861415269,0.6091702874849236,0.6091702876917272,0.7614628593561545,1.2426351139171726e-08,372,0.8592,0.8592,-0.03176,-0.039445,374,0.3697,0.3697,0.0519,0.06478,3,0.68,0.7867,-0.000433,6.801,0.2927,-0.9948,0.000919,6.938,0.3177,-0.8456,0.002409,7.054,4.0022,1.6993,1.7337,1.7626,0.2784,1.0,0.32585,0.29085,1.27556,0.17746,0.959,1.0181,1.0616,0.5004,1.4541,2.7871,2.1812,15.0086,33.4851,23.0281,56,0.2485,0.2529,61,0.0896,0.227,0.0
20,1200,214859,0.0,4.225977767706518e-06,6.528623774249269e-07,4.225977767706518e-06,1.1620099433214894,4.78576503070554,3.9681919876473573,-29.696568630473863,29.650024264747696,-0.01490876640597829,29.696568630473863,0.0017218566090123173,12.565642759294972,6.027820941488383,-1.0434069767113936,1.1938435505095932,-0.0028306220396514745,1.1938435505095932,0.10734763880665277,2.417394552900727,1.2153913122203905,0.04953903051293845,2.3941129846242215,0.7724250256005712,0.0,0.3012609415186748,0.16329441844659479,1.0,1.0,1.0,0.0013345838884977201,-0.3453338909479669,0,0,0,0.00011293790324352101,0.6077210481168995,374,0.7822,0.03059,0.47127496790933526,0,0,0,0.7822,374,0.6077210481168995,-0.093433,-0.09343308020115626,621.4891007557676,289.78436268462127,0.6091702858724602,0.6091702874420124,0.609170287691728,0.7614628593025154,1.4583180847152002e-08,372,0.8532,0.8532,-0.03127,0.039123,374,0.3577,0.3577,0.05113,-0.054076,3,0.6674,0.7749,-0.001343,6.804,0.2799,-0.9993,-0.002353,6.929,0.3053,-0.7979,-0.000372,7.045,3.9993,1.7014,1.7326,1.7616,0.2772,1.0,0.32661,0.29514,1.27609,0.18484,0.9558,1.0213,1.0685,0.5,1.4552,2.7891,2.1827,15.1233,33.4687,22.9994,56,0.2868,-0.2022,61,0.1022,-0.8057,-2.0
21,1201,214860,0.0,4.556691028712993e-06,7.799205464161704e-07,4.556691028712993e-06,1.164658752874543,4.791168126458941,3.96874315301889,-29.776168039076403,28.809595602205828,-0.036770614603860226,29.776168039076403,0.0018398179843692733,12.56617212018581,6.093506140745883,-1.0529014129729835,1.1969841698681212,-0.0027848080725856577,1.1969841698681212,0.11082213031751585,2.4238246219292514,1.218362782141665,0.0495550243967984,2.38940524228459,0.7514101423819305,0.0,0.3153777237756352,0.1723623248644754,1.0,1.0,1.0,0.001955813499308081,-0.35523904072497786,0,0,0,0.00013833161025476336,0.6090756390576583,375,0.7731,0.02937,0.4727688382162045,4,3,1,0.7731,375,0.6090756390576583,-0.045797,-0.04579704995932232,621.4894229253032,289.78451290397896,0.6091702857300909,0.6091702873910928,0.609170287691728,0.7614628592388659,1.572441185020425e-08,372,0.8462,0.8462,-0.02931,0.077008,374,0.3464,0.3464,0.05067,-0.004046,3,0.6543,0.7669,0.000908,6.801,0.2681,-0.9993,6.2e-05,6.933,0.2935,-0.7415,-0.000434,7.041,3.9985,1.7008,1.734,1.7608,0.2798,1.0,0.33234,0.30146,1.27692,0.17891,0.9555,1.0217,1.0693,0.4996,1.4546,2.9092,2.1092,15.2215,33.3753,22.9447,56,0.2521,-0.6656,61,0.1429,-0.9857,-4.0
22,1201,214860,2.370484226195995e-24,4.93703977672471e-06,9.375409519034602e-07,4.93703977672471e-06,1.1642108064717605,4.794549558573825,3.968865985230014,-29.683305119791708,27.967219434753165,-0.018847792239582918,29.683305119791708,0.000996999967501886,12.565697235594273,6.1748045929059625,-1.0627699620154705,1.2004983351177838,-0.002891614999715571,1.2004983351177838,0.11439309012290977,2.432363400611024,1.2207649329500372,0.04997145872923694,2.3955715232244654,0.7514474385347288,1.4142115624116159e-08,0.3295051058296283,0.18150616897679114,0.0005471407876029843,1.4141824562383165,0.9360766778058215,0.002696845543195066,-0.36478088463751296,0,0,0,0.00016567220303448355,0.6114057612793772,375,0.7655,0.02941,0.4741142856048304,5,5,0,0.7655,375,0.6114057612793772,-0.128272,-0.12827190905611396,621.4898266367255,289.78470114421856,0.609170285566354,0.6091702873206204,0.609170287691728,0.7614628591507755,1.7036923471911202e-08,372,0.8498,0.8498,-0.02764,0.03826,374,0.3395,0.3395,0.04185,-0.049487,3,0.6506,0.7538,-0.001008,6.784,0.2603,-0.9897,-0.001286,6.916,0.289,-0.6522,-0.001109,7.022,3.9883,1.701,1.7341,1.7605,0.2831,1.0,0.33659,0.3129,1.27716,0.17314,0.9565,1.0205,1.0669,0.5004,1.4542,2.9084,2.1086,15.269,33.3252,22.9165,56,0.1552,-0.9961,61,0.0807,-0.9983,-4.0
23,1202,214861,0.0,5.679728317431318e-06,1.063702882237639e-06,5.679728317431318e-06,1.164018117315196,4.794698142667938,3.9693517181741442,-29.91466107777346,29.30045666702826,-0.0523949196180437,29.91466107777346,0.0028048915747011785,12.566123591979403,6.170521260410364,-1.0728613006491994,1.2037478683707568,-0.003273867519115201,1.2037478683707568,0.11786001086484006,2.4368559947709367,1.2224484811981486,0.0497272349796825,2.395816767941623,0.7453071869864053,0.0,0.3436142385223021,0.190708144625054,1.0,1.0,1.0,0.0035475197989422134,-0.374301788363262,0,0,0,0.0002008146517294023,0.6113356770157123,375,0.764,0.03079,0.47503727467141504,2,2,0,0.764,375,0.6113356770157123,-0.072127,-0.07212668715397519,621.4901185586713,289.7848372599041,0.6091702852466314,0.6091702872650433,0.609170287691728,0.7614628590813041,1.9599811954057644e-08,372,0.8379,0.8379,-0.02707,0.062579,375,0.3158,0.3158,0.04655,0.057798,3,0.6402,0.725,-0.002788,6.796,0.2417,-0.9697,-0.001817,6.902,0.2651,-0.5348,0.000943,7.026,3.9886,1.7039,1.7303,1.7615,0.2829,1.0,0.3362,0.32483,1.2772,0.17526,0.9583,1.0187,1.063,0.5,1.4542,2.7872,2.1813,15.3727,33.2845,22.8885,56,0.1016,-0.2283,61,0.0363,0.9354,-4.0
24,1202,214861,3.079345966000358e-24,5.933716555000561e-06,1.143288593120029e-06,5.933716555000561e-06,1.163443123517712,4.798357452907836,3.9695009567981394,-31.090516734611736,32.23056818443472,-0.05662362276442272,32.23056818443472,0.002533441234087063,12.564454051580162,6.179216514380677,-1.0834012863161893,1.2077335005310512,-0.0033884296331038112,1.2077335005310512,0.12131403199456103,2.451205447802577,1.2251018514878231,0.04954877098437786,2.381383465828874,0.7494866936589418,1.4142115624116159e-08,0.3577354622594571,0.19969749303168494,0.00570437472435148,1.4139525907679735,0.9173665865317373,0.00450970446047385,-0.38362092402012704,0,0,0,0.00023940384028406099,0.6129013782787803,375,0.7557,0.03211,0.4767146272274304,0,0,0,0.7557,375,0.6129013782787803,0.018613,0.018612907734147255,621.4902896701469,289.78491704477864,0.6091702851372917,0.6091702872306655,0.609170287691728,0.7614628590383318,2.047627811520522e-08,372,0.8262,0.8262,-0.02532,0.0804,375,0.2788,0.2788,0.05527,-0.078548,3,0.6244,0.6878,-0.000502,6.794,0.2114,-0.9373,0.000613,6.901,0.2311,-0.3918,-0.000178,7.031,3.9891,1.7031,1.73,1.7625,0.2812,1.0,0.33491,0.33362,1.27741,0.1831,0.9535,1.0235,1.0733,0.5,1.4531,2.9061,2.1069,15.5167,33.138,22.805,56,0.1605,0.6876,61,0.1498,0.9402,-2.0
25,1203,214862,0.0,6.36466688845869e-06,1.2357450461366766e-06,6.36466688845869e-06,1.1597770408486505,4.80344349903971,3.9696341091729606,-31.881544757188486,32.80081564934535,-0.04386368502395846,32.80081564934535,0.0025365864897013684,12.564919063865396,6.149233508995476,-1.0929017304413133,1.2098017716670189,-0.003808937896649775,1.2098017716670189,0.12372902510508309,2.4663246880503196,1.2275652663093601,0.04973797468918511,2.367232237452293,0.7248354991637924,0.0,0.3718596919589648,0.2086975336601959,1.0,1.0,1.0,0.005579679351657459,-0.39278461225964767,0,0,0,0.0002567418224030536,0.6135216703798914,375,0.746,0.03291,0.4777721314652729,0,0,0,0.746,375,0.6135216703798914,-0.023063,-0.02306275705199967,621.4904760155229,289.78500393282854,0.6091702849517705,0.6091702871917115,0.609170287691728,0.7614628589896394,2.1963410121574144e-08,373,0.8141,0.8141,-0.02175,-0.058704,375,0.2493,0.2493,0.06099,0.03465,3,0.6073,0.6715,-0.000454,6.798,0.1873,-0.8698,0.002225,6.899,0.2043,-0.2185,0.001706,7.047,3.9925,1.7026,1.7279,1.7651,0.2843,1.0,0.33912,0.34098,1.2773,0.17701,0.9551,1.0219,1.0698,0.4996,1.4511,2.9022,2.1041,15.703,32.9723,22.7223,56,0.1343,0.9927,61,0.1954,0.7967,-3.0
26,1204,214863,0.0,6.776948364775987e-06,1.3207711768444122e-06,6.776948364775987e-06,1.1562692417253648,4.8090908386075295,3.969710329610659,-29.65655723066483,32.46683059814785,0.0132537685117558,32.46683059814785,0.007705349804959565,12.565805371574987,6.065213329642851,-1.1031711204552028,1.2143334976311846,-0.004085905564942129,1.2143334976311846,0.1266621588904129,2.4797773967922967,1.229620319653071,0.050106159277962144,2.3775445141931595,0.7265170794101935,0.0,0.38585966000539446,0.21743170313654275,1.0,1.0,1.0,0.006745397545491416,-0.40168799332800387,0,0,0,0.00029852700295989723,0.6148018640710573,375,0.7393,0.03354,0.4794943625413781,1,0,1,0.7393,375,0.6148018640710573,-0.039727,-0.03972743401078915,621.4905769491533,289.78505099558106,0.6091702847742861,0.6091702871699527,0.609170287691728,0.7614628589624408,2.338612133887931e-08,374,0.8031,0.8031,-0.01882,0.078906,375,0.2175,0.2175,0.06847,-0.060871,3,0.5937,0.6628,-0.000971,6.802,0.1617,-0.8195,0.000651,6.895,0.1757,-0.1139,0.000857,7.057,3.9946,1.7028,1.7261,1.7667,0.283,1.0,0.33698,0.35272,1.27788,0.1717,0.957,1.0199,1.0658,0.5,1.4493,2.8986,2.1015,15.7869,32.8908,22.6943,56,0.1759,0.4068,61,0.2019,0.4489,-4.0
27,1206,214866,0.0,6.813546849374804e-06,1.3684014302327066e-06,6.813546849374804e-06,1.1518890818658722,4.816423165386142,3.968036818957947,-29.778891424418344,32.9358910009808,-0.04436108640666306,32.9358910009808,0.00411813443041768,12.56391396884931,5.946308561209815,-1.1117525146373946,1.2178402313143324,-0.004751326531031677,1.2178402313143324,0.1295442740108422,2.4952449215894474,1.2323502474174215,0.049831348956920596,2.3643250726750495,0.7437093201556965,0.0,0.399901208701714,0.22595046475649375,1.0,1.0,1.0,4.682211167259131e-08,-0.4103328543696785,0,0,0,0.0003372881980113577,0.6163672235241379,375,0.7311,0.03389,0.4806848718287655,0,0,0,0.7311,375,0.6163672235241379,0.050334,0.05033369559584511,621.4905940323767,289.78505896104826,0.6091702847585303,0.6091702871662241,0.609170287691728,0.7614628589577801,2.3512415974112224e-08,376,0.7872,0.7897,-0.02348,0.080918,375,0.1776,0.1776,0.071,-0.037515,3,0.5756,0.646,0.000829,6.803,0.1303,-0.7687,0.002046,6.901,0.1403,-0.0083,0.000841,7.068,3.9981,1.7016,1.7261,1.7678,0.2845,1.0,0.33648,0.36221,1.27839,0.17558,0.957,1.0198,1.0656,0.5,1.4481,2.8962,2.0998,15.981,32.7837,22.6391,56,0.2323,-0.1652,61,0.1322,-0.142,-4.0
28,1206,214866,2.0717128219827267e-25,9.303800141189837e-06,1.4457298783895218e-06,9.303800141189837e-06,1.150999256366064,4.821027215421615,3.968228757062508,-29.616626995816997,32.21452627226893,-0.021089385280417774,32.21452627226893,0.0008752219806231936,12.564476230228284,5.999359137173311,-1.1222113079806322,1.2220639056738336,-0.004809679762580693,1.2220639056738336,0.13235669063210384,2.51016775355658,1.2351099508494543,0.04972830870088771,2.3298639852936263,0.7404569053316581,1.4142115624116159e-08,0.4138295873501411,0.23485765897893607,0.0006477353499991789,1.414173058244923,0.9227454586596373,1.1267158571871316e-06,-0.4189616808032075,0,0,0,0.0003891899898247779,0.6181637660174877,375,0.7257,0.03425,0.4817155414819156,0,0,0,0.7257,375,0.6181637660174877,-0.024727,-0.024727280022112552,621.4906410871515,289.78508090147795,0.6091702836864886,0.6091702871558837,0.609170287691728,0.7614628589448547,3.2105863118443194e-08,376,0.77,0.7723,-0.02681,0.011529,375,0.1442,0.1442,0.08674,-0.128677,3,0.5588,0.6338,-0.000664,6.802,0.1056,-0.5987,-8.4e-05,6.906,0.112,0.2401,-0.001004,7.073,3.9999,1.7006,1.7265,1.7684,0.2867,1.0,0.33761,0.37941,1.27873,0.17935,0.9565,1.0203,1.0667,0.5,1.4472,2.8945,2.0985,16.2813,32.5224,22.4726,56,0.2396,-0.4387,63,0.1196,-0.6131,-3.0
29,1206,214866,7.407473809648828e-14,8.573814377718982e-06,1.5530509968271092e-06,8.573814377718982e-06,1.150012266231621,4.8258432036983345,3.968427116885795,-29.500674078877285,30.22754996723845,-0.04579721126882684,30.22754996723845,0.007800558377568712,12.565369326402376,6.061416773848628,-1.1319190074808776,1.2270538914194495,-0.004872208222291572,1.2270538914194495,0.1342739481843867,2.5245569210626226,1.2381182160549682,0.049942624963076325,2.297796128519538,0.742374105377855,0.006602688723042025,0.4279643005541987,0.24408511356583312,0.0005560000753632721,1.4140433553880136,0.9359174359602055,1.1610500830470052e-05,-0.42742593132517154,0,0,0,0.0004517037717062007,0.6181838388897021,375,0.72,0.0325,0.4834950045271435,2,2,0,0.72,375,0.6181838388897021,0.001865,0.001864777046310051,621.4908358530465,289.78517171579904,0.6091702840007458,0.6091702871120208,0.609170287691728,0.761462858890026,2.958679468295078e-08,376,0.7474,0.7552,-0.02658,0.030443,375,0.1293,0.1293,0.08999,0.10515,3,0.5381,0.5836,7.9e-05,6.809,0.0941,-0.2644,0.000771,6.897,0.0977,0.6288,0.002232,7.076,4.0002,1.7022,1.7243,1.769,0.2917,1.0,0.34091,0.38372,1.27871,0.17406,0.9573,1.0194,1.0648,0.5,1.4459,2.8918,2.0965,16.4211,32.3717,22.3886,56,0.1928,-0.6666,61,0.0993,-0.9437,1.0
30,1206,214866,2.1485262739688216e-13,8.447220331966479e-06,1.6961118701192248e-06,8.447220331966479e-06,1.1489301576583397,4.830834627001955,3.9686321488062606,-30.144723007209382,31.760216599945927,0.0036239138581466595,31.760216599945927,0.0036909705932969055,12.560834257152177,6.0490694190760275,-1.1419385519669119,1.2298616398751931,-0.00496872551163215,1.2298616398751931,0.13462274641658312,2.5383660132773214,1.2398588925392435,0.050130433284202885,2.3038213919060486,0.7295371180455706,0.010561859659552721,0.44205476143182626,0.25344428792567486,0.005275098092445418,1.4140441626831821,0.934478782327863,4.3168842281960315e-05,-0.4357793111797697,0,0,0,0.0004845025062763869,0.619090060971263,375,0.7176,0.03158,0.48436194451033354,5,4,1,0.7176,375,0.619090060971263,0.038783,0.03878317620033478,621.4910410229464,289.7852673812397,0.609170284055246,0.6091702870639475,0.609170287691728,0.7614628588299344,2.9149930251124077e-08,376,0.7236,0.7312,-0.02645,-0.015165,375,0.1311,0.1311,0.09196,0.110721,3,0.5194,0.5401,0.000465,6.81,0.0966,0.2293,0.003519,6.876,0.0974,0.943,0.004778,7.084,3.9977,1.7035,1.7199,1.7719,0.2931,1.0,0.33777,0.40759,1.27867,0.17191,0.9555,1.0212,1.0688,0.5,1.4444,2.8887,2.0943,16.4038,32.3376,22.3883,55,0.1612,-0.999,61,0.0512,-0.9725,1.0
31,1206,214866,7.31472639553167e-13,9.14086564463184e-06,1.9476084583888573e-06,9.14086564463184e-06,1.14778669261118,4.835976065972032,3.968843071495353,-29.57793241063826,31.96624501874685,-0.061259779701572814,31.96624501874685,0.007345476609584035,12.56566001798474,6.128470142324407,-1.1521225091958018,1.2322916333927307,-0.00490327082852593,1.2322916333927307,0.135130016077489,2.5509968114998625,1.2415789773088988,0.04998043553019582,2.308615664295268,0.7375155017721492,0.016281472234351176,0.453938325035808,0.26278907574917265,0.00013365947960852775,1.4138709962246772,0.9339198924635386,0.00010190297844941494,-0.4439064289189895,0,0,0,0.0005057141462787849,0.6195694689608507,375,0.7085,0.03273,0.48510225050189454,1,1,0,0.7085,375,0.6195694689608507,-0.023394,-0.023394292041172493,621.4913302912503,289.78540225960035,0.609170283756638,0.6091702869929138,0.6091702876917278,0.7614628587411422,3.154356835560377e-08,376,0.7111,0.7184,-0.03597,-0.00432,375,0.1506,0.1506,0.10505,0.099991,3,0.5039,0.4833,-0.000374,6.813,0.108,0.6719,0.002043,6.9,0.1084,0.9731,-0.001658,7.112,4.0085,1.6997,1.7213,1.7743,0.2988,1.0,0.34382,0.42459,1.27866,0.17648,0.9555,1.021,1.0686,0.5,1.4434,2.8868,2.093,16.4447,32.2766,22.3615,56,0.1712,-0.8418,61,0.0362,0.7717,-1.0
32,1207,214867,0.0,1.0230118940094416e-05,2.212960240441558e-06,1.0230118940094416e-05,1.1494497312538494,4.842799486979909,3.9690149967148143,-29.589731638642757,30.56191074470755,-0.010730474588379326,30.56191074470755,0.0007728710603750154,12.56588607771272,6.197877624886972,-1.1641647194073697,1.2344224688667214,-0.004720775876957867,1.2344224688667214,0.13592403841022435,2.564470775450678,1.2442077506586835,0.05000316152510205,2.31003130585467,0.7222473275796318,0.0,0.4679241593483721,0.2719028162826554,1.0,1.0,1.0,0.0001883385405302331,-0.45194572965398305,0,0,0,0.0005383276811194149,0.6203820308443058,376,0.6978,0.03361,0.4859334042242411,0,0,0,0.6978,376,0.6203820308443058,-0.030523,-0.03052335147842089,621.4916990545136,289.7855742044134,0.6091702832877242,0.6091702868968462,0.609170287691728,0.7614628586210577,3.530237475823464e-08,376,0.7118,0.7189,-0.04511,-0.036328,375,0.1642,0.1642,0.09161,0.050783,3,0.4967,0.4517,0.000283,6.812,0.1158,0.9724,-0.000418,6.917,0.1182,0.6474,-0.00225,7.117,4.0125,1.6978,1.7239,1.7736,0.2964,1.0,0.34028,0.44914,1.27933,0.17581,0.9558,1.0207,1.0679,0.5004,1.4405,2.881,2.0887,16.7199,32.0107,22.2219,57,0.1598,-0.3117,61,0.115,0.858,1.0
33,1207,214867,2.755287794574302e-24,1.2083973819146208e-05,2.5215560338441155e-06,1.2083973819146208e-05,1.148152522046835,4.847932738838105,3.9692358416392333,-29.57621687664488,31.6200626965141,-0.0394690977412251,31.6200626965141,0.00569228325682225,12.564899191632842,6.3147740975246025,-1.1747766141998364,1.2393385155022498,-0.004837383002330489,1.2393385155022498,0.13688433628399355,2.5776426303058817,1.246671899918555,0.05000001569392384,2.3181721317966324,0.7227542407603511,1.4142115624116159e-08,0.4819080863482669,0.2805000937977052,4.419099120889225e-05,1.4139743201163557,0.8904284812187006,0.0002977440080564867,-0.45974321810403074,0,0,0,0.0005840935013227451,0.6223111555688284,376,0.688,0.0335,0.48727308089642624,0,0,0,0.688,376,0.6223111555688284,0.061753,0.06175324260603876,621.492299328352,289.7858540966456,0.6091702824896574,0.6091702867272355,0.609170287691728,0.7614628584090444,4.1699667697085443e-08,376,0.681,0.6879,-0.04506,0.056112,375,0.1873,0.1873,0.0662,0.002583,3,0.4686,0.4003,0.0009,6.813,0.1301,0.9979,-0.003267,6.93,0.1288,0.3397,-0.00271,7.099,4.0117,1.6983,1.7275,1.7696,0.2984,1.0,0.34425,0.44943,1.27972,0.17202,0.9543,1.0221,1.0711,0.5004,1.4387,2.8774,2.0861,16.7509,31.9317,22.1948,56,0.1715,0.5862,61,0.2201,0.9725,1.0
34,1207,214867,2.6784632771894176e-12,1.2874353925808968e-05,2.576037213303449e-06,1.2874353925808968e-05,1.1467979940347905,4.853163331664583,3.9694580099568726,-29.55178582144544,30.82004570349615,-0.023641286219620142,30.82004570349615,0.006166818711569988,12.558941643362305,6.3529891984479745,-1.1881644595372023,1.2409318249171213,-0.004863925131148605,1.2409318249171213,0.1370997037606688,2.5903990876380703,1.2483092427396925,0.05024270575714088,2.3238862338508754,0.7259393910992171,0.014070889741546983,0.4954128128515503,0.2894043786100492,0.002682682883681342,1.4139738237106882,0.8967740212059481,0.0004490428684474803,-0.467364660395502,0,0,0,0.0005880947020979572,0.623515449628102,376,0.6824,0.03313,0.4878116212805411,1,0,1,0.6824,376,0.623515449628102,-0.030669,-0.03066893792782066,621.4923360226361,289.7858712062453,0.6091702821494053,0.6091702867163359,0.609170287691727,0.7614628583954198,4.4427127769269614e-08,376,0.6454,0.6523,-0.04296,0.015876,375,0.173,0.1711,0.06192,-0.19838,3,0.4406,0.3481,-0.000391,6.812,0.1196,0.9695,0.001459,6.976,0.1131,0.1076,-0.005,7.134,4.0271,1.6915,1.7322,1.7715,0.2966,1.0,0.34625,0.46283,1.27977,0.17166,0.9534,1.0229,1.0729,0.5004,1.4373,2.8746,2.0841,16.7343,31.9001,22.1945,57,0.2498,0.9468,61,0.2193,0.9869,1.0
35,1207,214867,4.895542794530885e-12,1.2575544806527939e-05,2.618427785437118e-06,1.2575544806527939e-05,1.1453865939739944,4.858458168649522,3.969681849972162,-30.23787619477852,32.507860290936,-0.03134834947818526,32.507860290936,0.00568657199919086,12.54703753941512,6.330532123430493,-1.2011921993921904,1.2438757636106281,-0.004805717733371561,1.2438757636106281,0.1378873943770568,2.602687800136699,1.2503255111536555,0.05301439721158663,2.325204373014716,0.7312955824372261,0.02238214761055759,0.5090147556187532,0.29837211882041154,0.00013753718472586662,1.4141082416471509,0.9570905332499832,0.0006165318254620196,-0.47490603908279727,0,0,0,0.0006160046451226202,0.6242590088634131,376,0.6735,0.03422,0.4888069166023603,0,0,0,0.6735,376,0.6242590088634131,-0.020335,-0.020335323101683178,621.4924406227502,289.7859199785848,0.6091702822780416,0.6091702866849293,0.6091702876917259,0.7614628583561617,4.3395982825726225e-08,376,0.6104,0.6152,-0.04751,-0.004713,375,0.1638,0.1703,0.04316,-0.038658,3,0.4112,0.3003,-0.001067,6.825,0.1113,0.9033,0.000603,7.019,0.1008,-0.1378,-0.003676,7.174,4.0457,1.687,1.7349,1.7731,0.3002,1.0,0.35174,0.47073,1.27987,0.17426,0.9542,1.0221,1.0711,0.5004,1.4359,2.8718,2.082,16.769,31.8287,22.1664,57,0.2387,0.9769,63,0.097,0.9529,-2.0
36,1207,214867,2.041579787266997e-12,1.2886188505329976e-05,2.7371167281412865e-06,1.2886188505329976e-05,1.1439090802671705,4.863833558265788,3.9699100082504435,-31.067267042855697,30.978609771374455,0.02987879672170545,31.067267042855697,0.00653496812486999,12.563133762165416,6.414637141684681,-1.214456517117952,1.2487176634585553,-0.004817052140743741,1.2487176634585553,0.13913132959655275,2.61502878777636,1.2531193092063981,0.050154788625292386,2.334571922884312,0.741636568352759,0.03320287732383856,0.5228460998029055,0.3079430241600121,0.003908382574276725,1.4141051491877086,0.9680982493567779,0.0007828211228013235,-0.4823575712200059,0,0,0,0.0006827838655598347,0.6255622218126501,376,0.6665,0.03538,0.49037226497860864,0,0,0,0.6665,376,0.6255622218126501,0.044349,0.044348544866341655,621.4926895036618,289.7860360253445,0.6091702821443147,0.6091702866082017,0.6091702876917271,0.7614628582602521,4.446794152704776e-08,376,0.5936,0.5958,-0.04726,-0.02364,375,0.1573,0.1773,0.04168,0.047498,3,0.3958,0.2791,0.000546,6.836,0.1052,0.8961,0.00442,7.03,0.0937,-0.1761,0.002605,7.208,4.0568,1.6852,1.733,1.7768,0.2983,1.0,0.3496,0.4842,1.27996,0.17328,0.9517,1.0245,1.0765,0.5004,1.4343,2.8686,2.0797,17.0068,31.5947,22.028,57,0.2494,0.5517,63,0.0318,-0.2772,2.0
37,1207,214867,1.6751647552409118e-11,1.8021769281977007e-05,3.2861271136095344e-06,1.8021769281977007e-05,1.1423783023858367,4.869198590773326,3.970142681632241,-31.717124978416855,31.71689982212837,-0.020922550677255968,31.717124978416855,0.003678770287312112,12.561418061928213,6.486252769548034,-1.2253758152125245,1.2539057472960082,-0.004912386331552804,1.2539057472960082,0.14068125175063384,2.6273570141696374,1.2563252734599495,0.0501119566825275,2.322299929546864,0.7196223820485657,0.040662186933382444,0.5369609499944278,0.31762400665166096,0.0031898982779601237,1.4140575915619875,0.9303915119805336,0.0009527014981371959,-0.48969082387619106,0,0,0,0.0007490297902410436,0.626248150406515,376,0.659,0.03547,0.4922537944171271,1,1,0,0.659,376,0.626248150406515,-0.018022,-0.018022056336431946,621.4933650793263,289.786351028879,0.6091702799334956,0.6091702863857265,0.6091702876917209,0.7614628579821581,6.21898485487366e-08,376,0.5983,0.5985,-0.04548,-0.015036,375,0.1797,0.2048,0.05324,-0.05523,3,0.3944,0.253,-0.000592,6.842,0.1185,0.915,0.000311,7.029,0.1075,-0.1589,0.000651,7.215,4.0589,1.6856,1.7317,1.7776,0.3013,1.0,0.35502,0.47944,1.28012,0.17064,0.9551,1.0211,1.069,0.5004,1.4331,2.8662,2.078,17.0948,31.4883,21.9722,57,0.204,0.0097,63,0.1013,-0.9005,2.0
38,1207,214867,4.1758951262064534e-12,2.4336998430925588e-05,4.125212068752446e-06,2.4336998430925588e-05,1.1407462946066733,4.874465999359916,3.970378180271427,-32.71083962192912,32.44398895802638,-0.02837899802467459,32.71083962192912,0.0013809222007808066,12.562477024864254,6.548647107389091,-1.2364120227353241,1.2591781522054697,-0.005017973748868861,1.2591781522054697,0.14247254755186559,2.6394310678008504,1.2597260816252829,0.05270353387848903,2.289858506111512,0.7172507423816681,0.04482306544681638,0.5510768065593015,0.32692792177053026,0.002591641462589167,1.4141463864874644,0.9406613864551997,0.0011293435710704885,-0.4967711389918916,0,0,0,0.0008234802816261474,0.6271584604920175,376,0.6531,0.03604,0.49468710367306684,5,5,0,0.6531,376,0.6271584604920175,-0.019479,-0.019478566081263082,621.4941307971534,289.7867080633825,0.6091702772148571,0.6091702861084716,0.6091702876917263,0.7614628576355894,8.398245245120964e-08,376,0.6271,0.6267,-0.04239,-0.013765,375,0.209,0.2256,0.0637,-0.067542,3,0.4096,0.2151,-0.000802,6.837,0.1365,0.9495,-0.004884,7.011,0.1311,-0.1022,-0.001398,7.18,4.0477,1.6892,1.7322,1.7737,0.2979,1.0,0.34991,0.48821,1.28,0.17073,0.9523,1.0238,1.075,0.5004,1.7901,2.7448,2.0765,17.1334,31.4254,17.5551,57,0.1344,-0.6599,61,0.0814,-0.9956,-0.0
39,1207,214867,9.899432750327405e-12,2.9811456330814146e-05,5.04352000180641e-06,2.9811456330814146e-05,1.1390448185274091,4.879402971361416,3.970616624440197,-32.48704396992468,29.38240183045033,-0.013125770470473825,32.48704396992468,0.019604792644423163,12.565040271946671,6.556583930945946,-1.2499161107194428,1.2664504702884611,-0.0050641159456479845,1.2664504702884611,0.14439736290515767,2.6507742791236235,1.2634455409189576,0.05160420730242976,2.2159160342409177,0.7253510589813746,0.04779252164418094,0.5643942710599279,0.33633453563371046,0.0005779188158596682,1.414134711854495,0.9180633103096535,0.0013066999182361097,-0.5037259496384291,0,0,0,0.0009245263016433413,0.6285507788334741,376,0.644,0.03559,0.49660286117444047,2,2,0,0.644,376,0.6285507788334741,0.057239,0.0572388303287199,621.4950044828267,289.78711544051225,0.6091702748581765,0.6091702857595556,0.6091702876917239,0.7614628571994444,1.0287364324496293e-07,376,0.6402,0.6412,-0.04363,-0.024564,375,0.2359,0.2425,0.07319,0.065047,3,0.4124,0.1726,0.000334,6.844,0.152,0.9514,-0.002528,6.979,0.1511,-0.1391,0.003514,7.149,4.0366,1.6955,1.7289,1.771,0.2978,1.0,0.35044,0.48075,1.28018,0.17317,0.9482,1.0278,1.0839,0.5004,1.7888,2.7428,2.1465,17.2232,31.2834,17.4885,57,0.1401,-0.9059,61,0.0851,-0.7969,0.0
40,1207,214867,1.8766012884692124e-11,3.461832257603629e-05,5.890565345991816e-06,3.461832257603629e-05,1.137257919574558,4.884131081053154,3.9708570717772225,-42.67042326851814,30.276469801662195,0.058434010749187505,42.67042326851814,0.014193509980336213,12.559385139610406,6.542102718434993,-1.261404631641329,1.2735793644311204,-0.005192203940119151,1.2735793644311204,0.14604449617793278,2.6617222273405297,1.2673064528153184,0.05032136488341793,2.079937288303288,0.7392934324048864,0.050812311191922616,0.5785094096217794,0.34551516873637633,0.00010655394778236182,1.4138873109797319,0.944179656055465,0.0014866598313354664,-0.5106027256801879,0,0,0,0.0009984151879912002,0.6303224680050679,376,0.6332,0.03531,0.49851233048162935,0,0,0,0.6332,376,0.6303224680050679,-0.00033,-0.000329808721692304,621.495767189497,289.7874710709909,0.6091702727888922,0.6091702854265827,0.60917028769172,0.7614628567832283,1.1946107417306404e-07,376,0.6488,0.6527,-0.04848,0.011814,375,0.2538,0.253,0.07888,-0.052386,3,0.4112,0.1273,-2e-05,6.836,0.1611,0.9255,-0.003136,6.969,0.1652,-0.2577,-0.00146,7.121,4.0279,1.6972,1.7302,1.768,0.2984,1.0,0.3533,0.49059,1.28049,0.1722,0.95,1.0259,1.0799,0.5004,1.7874,2.7408,2.1449,17.3127,31.1811,17.4449,57,0.2039,-0.3245,61,0.1525,0.137,-0.0
41,1207,214867,3.965864037955225e-11,3.712161177500226e-05,6.207272740765364e-06,3.712161177500226e-05,1.1353930812000013,4.888941781370375,3.9710998338267753,-43.42724271551527,29.455368056713528,0.0028449610014422734,43.42724271551527,0.0013784599119208707,12.56414711510835,6.608789059138673,-1.2724840721879198,1.2783717544053879,-0.005175088049433207,1.2783717544053879,0.1472221811032201,2.672093814218627,1.2702574394507389,0.05084879896920247,2.0893435989661335,0.7195648933372621,0.05330151326720047,0.592590711306449,0.35495696530610266,0.002028613617314101,1.4140576297547303,0.9475884589707898,0.0016615804320541856,-0.5174551471126383,0,0,0,0.0010348582394143278,0.6317820823283983,376,0.6189,0.03646,0.4998340340724899,0,0,0,0.6189,376,0.6317820823283983,-0.034355,-0.034354545750771015,621.4959223394061,289.78754341339794,0.60917027171126,0.6091702853556118,0.609170287691711,0.7614628566945147,1.280994046112128e-07,376,0.6398,0.6435,-0.05213,0.036295,375,0.2397,0.2445,0.08406,0.022696,3,0.3962,0.1009,-0.001927,6.847,0.1491,0.8947,0.000546,6.978,0.1542,-0.3541,-0.00038,7.145,4.0362,1.6963,1.7287,1.7703,0.3021,1.0,0.35976,0.49458,1.28067,0.16945,0.955,1.0209,1.0691,0.5004,1.786,2.7386,2.2147,17.3502,31.0772,17.4004,57,0.2891,0.2562,61,0.2574,0.4599,-1.0
42,1207,214867,2.737362904611323e-11,4.2755381226163416e-05,6.178612322775064e-06,4.2755381226163416e-05,1.1334832074899686,4.893882387506959,3.9713462419048073,-44.180692085878725,31.030892464131572,-0.031484303105330805,44.180692085878725,0.003799854729631393,12.543817848410885,6.6623157702244225,-1.2847420576958872,1.283130484236484,-0.005205994501782723,1.2847420576958872,0.14846912187048164,2.682004582321662,1.2733691850101223,0.05387539286766063,2.0953203702016228,0.7369117042599342,0.057121617720411036,0.6066004918213096,0.3644328498914528,0.006240766382134777,1.4139637716778755,0.9464981360462301,0.001847162691545084,-0.5240485667099515,0,0,0,0.0009857503533399628,0.6336016746598386,376,0.5731,0.03766,0.5022303963708414,2,3,-1,0.5731,376,0.6336016746598386,0.009652,0.009651639511338628,621.4958929235626,289.78752969754765,0.6091702692859793,0.6091702853691517,0.6091702876917162,0.7614628567114397,1.4754044548013288e-07,376,0.6218,0.6243,-0.04577,0.005683,375,0.2281,0.2415,0.08489,-0.06577,3,0.3564,0.0762,-0.000988,6.86,0.1319,0.8808,-0.001066,6.991,0.1431,-0.405,-0.001045,7.159,4.0441,1.6963,1.7288,1.7703,0.3027,1.0,0.35626,0.49909,1.28077,0.16988,0.9498,1.026,1.0803,0.5004,1.7837,2.735,2.2118,17.4292,30.9569,17.3554,57,0.2775,0.7983,61,0.2163,0.7363,-1.0
43,1207,214867,1.069240299011201e-11,4.731899971201596e-05,6.426429100416064e-06,4.731899971201596e-05,1.131541350328492,4.898773197020215,3.971595754182848,-44.93669642593622,32.62056708076529,-0.021250368939116315,44.93669642593622,0.0075799606901053584,12.565384921454328,6.57101666338813,-1.2954121537584538,1.2902336097792284,-0.005410532823247847,1.2954121537584538,0.14937653549160884,2.691023008515775,1.2766077214119451,0.050601753011077506,2.1031534191253263,0.7316166111485364,0.05751037945416198,0.619233830873752,0.37389783125903187,0.002481304705866605,1.413840223499634,0.8515070294840601,0.0020403384887827873,-0.5305738460452112,0,0,0,0.0010579105081572554,0.6354086643212319,376,0.5621,0.0368,0.505015537200051,0,0,0,0.5621,376,0.6354086643212319,0.000684,0.0006835527682438336,621.4960974691899,289.78762507190606,0.609170267321399,0.6091702852741863,0.6091702876917234,0.7614628565927328,1.6328854518985938e-07,376,0.5889,0.5905,-0.03872,-0.02322,375,0.2329,0.2415,0.08306,0.023758,3,0.331,0.1096,-0.000781,6.888,0.1322,0.8368,-0.003784,6.992,0.1385,-0.4525,0.001054,7.156,4.0489,1.7013,1.7268,1.7674,0.3086,1.0,0.3641,0.49049,1.28096,0.17253,0.9508,1.025,1.0781,0.5004,1.7818,2.7321,2.2094,17.4618,30.8848,17.3335,58,0.2645,0.9998,64,0.0796,0.9649,-5.0
44,1207,214867,5.6047859385872584e-11,5.0985511151342655e-05,6.141651753161343e-06,5.0985511151342655e-05,1.1295440254438285,4.9036974797309485,3.9718422521240058,-46.46431770930708,30.42625233133475,0.08934511825155116,46.46431770930708,9.516743008219919e-05,12.56477329153351,6.582536876256297,-1.3082170662047077,1.2937493188719313,-0.005576708797816027,1.3082170662047077,0.15014214473565626,2.7001848870094403,1.278525314473483,0.05063578393399096,2.1095788349877767,0.7122199326501336,0.05863735437226525,0.6333084867648151,0.3824129015569706,0.0016759905094807515,1.4138044330831698,0.9133478557621916,0.002232177476531596,-0.5370187392533696,0,0,0,0.0008864506139956079,0.6373321952924214,376,0.5241,0.03148,0.5076327252693712,0,0,0,0.5241,376,0.6373321952924214,-0.018572,-0.01857201223977989,621.4958248678151,289.78749796490524,0.609170265742991,0.6091702854003268,0.609170287691704,0.7614628567504085,1.7594103096027027e-07,376,0.5447,0.5443,-0.02908,-0.047338,375,0.2294,0.2387,0.09744,-0.138238,3,0.2855,0.1107,0.000307,6.911,0.1213,0.8253,-0.002548,6.995,0.1261,-0.4699,0.001196,7.152,4.053,1.7052,1.7259,1.7646,0.3074,1.0,0.36532,0.51974,1.28104,0.17285,0.9512,1.0245,1.0771,0.5004,1.7805,2.7302,2.2079,17.6528,30.7045,17.2449,58,0.2694,0.7475,64,0.0979,0.006,-1.0
45,1207,214867,2.7451060065090636e-11,4.968210094019175e-05,5.789717131770715e-06,4.968210094019175e-05,1.127504662989919,4.908577598043999,3.9720907707262914,-46.39191472402545,32.49403601713007,0.08526758686192534,46.39191472402545,0.01614133556680631,12.563335387658341,6.607363343666888,-1.3196391133556262,1.3002939843514478,-0.0056009599431552665,1.3196391133556262,0.15130518068224408,2.7089159424228795,1.281275848119972,0.05081243729587116,2.117096445577337,0.7181417422863293,0.05895344015400582,0.6474144892802531,0.3915463801121384,6.239154225595733e-05,1.414027644219169,0.9080621694609065,0.0024336064973753207,-0.5432214771712417,0,0,0,0.0009638473227314827,0.6392586789223808,376,0.5199,0.03167,0.510000739873961,1,1,0,0.5199,376,0.6392586789223808,0.106474,0.1064744934350006,621.4955040978028,289.7873483981092,0.6091702663040793,0.609170285544429,0.6091702876917162,0.7614628569305362,1.7144330563368346e-07,376,0.505,0.5057,-0.02518,-0.059743,375,0.2065,0.2248,0.10692,0.129231,3,0.2626,0.0952,0.001022,6.931,0.1086,0.8039,0.002664,7.01,0.1055,-0.5156,0.002479,7.18,4.065,1.705,1.7244,1.7662,0.313,1.0,0.37329,0.52805,1.28109,0.1696,0.9505,1.0251,1.0785,0.5004,1.7791,2.728,2.2061,17.7406,30.6013,17.2004,58,0.2295,0.512,64,0.125,-0.0075,4.0
46,1207,214867,8.740977565526047e-11,5.050250866174395e-05,5.852442735408659e-06,5.050250866174395e-05,1.1254569117303779,4.9133937713063895,3.972340443212688,-47.067415969072286,32.39820154105051,-0.019105873849043848,47.067415969072286,0.006712792402250756,12.55745024239026,6.538988572418629,-1.3294179532398795,1.3070063257397884,-0.005795519547572748,1.3294179532398795,0.15297581439261596,2.717102247279125,1.285007204896114,0.05093618962656385,2.1263571851268774,0.7294494849725257,0.05991407970326204,0.6613396904631978,0.40062700181093386,0.001531275493496187,1.41408672045991,0.933480096425406,0.002640706633924201,-0.5493454822449931,0,0,0,0.0010485955088861778,0.6412111707645587,376,0.5143,0.03331,0.5113469356027198,5,5,0,0.5143,376,0.6412111707645587,0.029018,0.02901848055214784,621.495651337014,289.78741705196154,0.6091702659509041,0.6091702854788639,0.6091702876916905,0.7614628568485798,1.7427433245898453e-07,376,0.4803,0.4832,-0.0329,-0.149117,375,0.2,0.2224,0.10324,0.072382,3,0.247,0.078,0.001714,6.943,0.1038,0.8469,0.00124,7.007,0.0969,-0.4641,0.003248,7.182,4.0673,1.7071,1.7228,1.7657,0.3188,1.0,0.37714,0.5192,1.28107,0.16922,0.9508,1.0248,1.0778,0.5004,1.777,2.7248,2.2035,17.8719,30.4465,17.1337,58,0.1249,0.2961,64,0.1184,0.392,3.0
47,1207,214867,4.009079364197021e-11,3.6469931268099913e-05,5.977968756876941e-06,3.6469931268099913e-05,1.1233695352891482,4.918228637841441,3.9725922026577107,-47.78530808905015,32.757199178182454,-0.038436659911389975,47.78530808905015,0.019186527666663518,12.565350842307623,6.543096839884042,-1.3433218341044084,1.313782035800714,-0.0058736312413952725,1.3433218341044084,0.1542542376731652,2.724757113526837,1.288539202991597,0.05424474011216274,2.1336312965426885,0.725901650512037,0.06636785739825551,0.6752970253642885,0.40996180277967076,0.0001329810613363014,1.4140160493974694,0.8637878628647943,0.0028617332564548994,-0.555423737944909,0,0,0,0.0011402049369564128,0.6434518354896573,376,0.5035,0.03102,0.5128787759721706,1,1,0,0.5035,376,0.6434518354896573,-0.073708,-0.07370776577043214,621.4957323339552,289.7874548187493,0.6091702719917921,0.6091702854423762,0.6091702876917107,0.7614628568029702,1.2585062141806802e-07,376,0.452,0.4571,-0.03869,-0.08338,375,0.198,0.2285,0.10449,0.101854,3,0.2276,0.0328,-0.00057,6.95,0.1001,0.8862,0.001286,7.001,0.0899,-0.434,0.001932,7.193,4.0698,1.7078,1.7203,1.7675,0.3166,1.0,0.37712,0.52925,1.28095,0.17184,0.9471,1.0284,1.0859,0.5004,1.7752,2.722,2.2012,18.0563,30.2573,17.0444,58,0.0634,-0.7718,64,0.0691,0.992,-2.0
48,1207,214867,4.9905367723599137e-11,2.9251757981671923e-05,6.0543061159839e-06,2.9251757981671923e-05,1.1212560082957004,4.9229638683677095,3.9728401062032073,-48.501039353469885,32.10637387288219,0.11506112027433356,48.501039353469885,0.0033674895273140028,12.55874825218075,6.533236482015328,-1.355696788061004,1.3156282271246398,-0.005962297103091801,1.355696788061004,0.15525758747960516,2.731865646491112,1.2911827868252026,0.05091517355649315,2.1474830835924137,0.7315485349233471,0.08024517056301853,0.6892359964816405,0.41859968142531745,0.005205050948787426,1.41408409065864,0.8980991180584542,0.0030990019798097885,-0.5613033467654026,0,0,0,0.0009853867014285194,0.6455563166407481,376,0.4878,0.03684,0.5138261376957953,0,0,0,0.4878,376,0.6455563166407481,0.004603,0.004603005103997138,621.4958741362408,289.78752093750336,0.6091702750991466,0.6091702853777785,0.6091702876917066,0.7614628567222231,1.0094208986997913e-07,376,0.4468,0.4528,-0.05261,-0.122901,375,0.1896,0.2177,0.09685,-0.010788,3,0.218,-0.0148,0.001109,6.956,0.0927,0.8714,0.000308,6.993,0.085,-0.5034,0.002373,7.187,4.0678,1.7099,1.719,1.7667,0.3136,1.0,0.37697,0.55149,1.28112,0.17255,0.9433,1.0321,1.094,0.5004,1.7738,2.8381,2.1285,18.2447,30.0756,16.9555,58,0.1683,0.0101,64,0.216,0.8047,-1.0
49,1207,214867,8.375008734560401e-11,2.942008781700023e-05,6.21359291704029e-06,2.942008781700023e-05,1.1191423234970879,4.9277355915745655,3.9730872240131405,-49.20876877889171,31.9809861097571,0.024124045572318186,49.20876877889171,0.002071872709706213,12.556588540608278,6.636729598743776,-1.3616902471970134,1.3204359199076097,-0.005853227769004253,1.3616902471970134,0.15582459897778322,2.738298771068691,1.2942447044551457,0.06760487016398364,2.161412760745024,0.7352054251571081,0.09095053342270187,0.7028666479155657,0.4275806726005575,0.0022398786749061594,1.414001374687677,0.8722637447928147,0.0033410486975840874,-0.5670578740214745,0,0,0,0.0010413665515432674,0.6472170167870844,376,0.476,0.04017,0.5163769064409,0,0,0,0.476,376,0.6472170167870844,-0.01489,-0.014890316121784153,621.4959491392548,289.78755590947725,0.6091702750266821,0.6091702853432408,0.609170287691692,0.761462856679051,1.0152295092405682e-07,376,0.4186,0.426,-0.05036,-0.030018,375,0.193,0.2158,0.08365,0.092425,3,0.1993,-0.0424,0.002289,6.977,0.0919,0.8108,-0.002485,6.996,0.0809,-0.6192,0.001997,7.17,4.0693,1.7144,1.7192,1.7621,0.3145,1.0,0.38216,0.54531,1.28108,0.17018,0.9461,1.0292,1.0879,0.5004,1.7724,2.9539,2.0559,18.4831,29.8543,16.844,58,0.2826,0.4038,64,0.3022,0.675,0.0
50,1207,214867,2.619285481043103e-10,3.45845888925752e-05,6.571290589633524e-06,3.45845888925752e-05,1.1170108835181563,4.93267977103142,3.9733319862483656,-52.98493588102558,31.8657921129842,-0.015135112475635502,52.98493588102558,0.002500546083207933,12.547655300026578,6.665903087820974,-1.3651736331666926,1.3205585693285649,-0.005943956063519175,1.3651736331666926,0.15612303368794475,2.7441247207708757,1.296999660213756,0.051229061342230195,2.1742711016914424,0.7259942578194153,0.09189534437639567,0.7167459457658744,0.4363033100449618,0.0015313744397774665,1.413976562044176,0.9277883685620787,0.0035724772201742605,-0.5727047782003688,0,0,0,0.0009730811837832484,0.6491516078398039,376,0.4594,0.04015,0.5180162582524562,0,0,0,0.4594,376,0.6491516078398039,0.010682,0.010681998535682746,621.4961211067149,289.78763609347527,0.6091702728034258,0.6091702852630886,0.6091702876916152,0.7614628565788607,1.1934459785378638e-07,376,0.4009,0.4071,-0.0311,-0.004215,375,0.2019,0.2096,0.07872,-0.032228,3,0.1842,-0.0711,-0.001166,6.977,0.0928,0.8615,-0.00272,6.981,0.081,-0.5676,-0.000163,7.154,4.0633,1.717,1.7182,1.7606,0.3219,1.0,0.38821,0.53299,1.28106,0.16869,0.948,1.0273,1.0836,0.5004,1.7707,2.9512,2.054,18.5165,29.7871,16.8222,58,0.3118,0.7832,64,0.2563,0.6732,-0.0
51,1208,214868,0.0,3.639329716191556e-05,6.584552388988992e-06,3.639329716191556e-05,1.111815778592254,4.939130058279387,3.973772675137065,-50.56107119035763,32.32985470643655,-0.012104409994464016,50.56107119035763,0.016516843781273903,12.566056069186535,6.727605628495667,-1.3819026628737057,1.3271481578790607,-0.0056893665619901935,1.3819026628737057,0.15686243206663894,2.749595273118306,1.300699352628785,0.05120664701540029,2.1859172206211333,0.7349901362732624,0.0,0.7307066729224316,0.44521233513613934,1.0,1.0,1.0,0.0037956440987311803,-0.5782172946554912,0,0,0,0.0010182635151271633,0.6516184696565831,376,0.4452,0.046,0.519268245697345,0,0,0,0.4452,376,0.6516184696565831,0.037282,0.03728229831252605,621.4960376688787,289.787597188561,0.6091702720247933,0.6091702853021462,0.609170287691728,0.7614628566276828,1.2558611036149667e-07,377,0.3774,0.3816,-0.01789,0.003175,375,0.2013,0.2081,0.07648,-0.167035,3,0.168,-0.0912,-0.001925,7.01,0.0898,0.8603,-0.000936,6.97,0.0761,-0.5862,0.003864,7.171,4.0709,1.722,1.7122,1.7616,0.3176,1.0,0.38238,0.52798,1.28166,0.17148,0.9429,1.0323,1.0948,0.5008,1.7673,2.9454,2.05,18.834,29.4937,16.6886,59,0.2635,0.9964,64,0.1219,0.8868,-5.0
52,1208,214868,2.2438573546428805e-24,3.898467078040413e-05,6.733169630448299e-06,3.898467078040413e-05,1.1096227423935487,4.944098886258335,3.974020604834586,-51.033626926751374,32.87515647119807,0.12357305325765792,51.033626926751374,0.007117558903885539,12.55960284054612,6.691501030299558,-1.399098710556635,1.3340160261252607,-0.005853934239246417,1.399098710556635,0.15873749803745374,2.7529808632500035,1.3036762412501195,0.05120585834149836,2.2007829171492976,0.7251437796797096,1.4142115624116159e-08,0.7377131219288067,0.4541676166280836,0.00241114359654393,1.4138482472909657,0.8940202627077514,0.004014722428550541,-0.5837171646916409,0,0,0,0.0010085950491064417,0.6534052457287846,376,0.4413,0.05049,0.521632513621085,0,0,0,0.4413,376,0.6534052457287846,-0.014145,-0.014144800248216516,621.4960364128475,289.787596602906,0.6091702709092305,0.6091702853027313,0.609170287691728,0.7614628566284141,1.345284312973014e-07,377,0.351,0.3584,-0.01222,-0.077488,375,0.2036,0.2204,0.0749,0.205539,3,0.1551,-0.1124,0.001252,7.054,0.0904,0.7997,4.9e-05,6.978,0.072,-0.6865,0.005026,7.191,4.0847,1.727,1.7083,1.7604,0.3168,1.0,0.38574,0.53995,1.28234,0.1719,0.9473,1.0279,1.0851,0.5,1.7646,2.9411,2.047,19.0077,29.293,16.6004,59,0.2585,0.8103,64,0.1081,0.3193,-4.0
53,1208,214868,2.544209640389544e-13,4.707310765412577e-05,7.62716581659781e-06,4.707310765412577e-05,1.107412122879219,4.949181025103505,3.974266130272415,-54.91297855023596,32.80006989265716,-0.030061163119760214,54.91297855023596,0.0015280837833383278,12.563921927164076,6.684554652589813,-1.4106203087333253,1.336837764183248,-0.00594348651696166,1.4106203087333253,0.15961238900809302,2.75561385273471,1.3063030977166499,0.058111242561429854,2.2040851827490875,0.7401958546163105,0.013800470111656289,0.7502871637481134,0.4631078192380795,0.0019556312760710126,1.4136396186046012,0.9025386477324938,0.004215198924869337,-0.5889993831123654,0,0,0,0.0011341093172685234,0.6551743340606567,376,0.4426,0.05223,0.5233297592323202,1,1,0,0.4426,376,0.6551743340606567,0.070078,0.07007769417997167,621.4964816812359,289.7878042200887,0.6091702674272539,0.6091702850906566,0.609170287691728,0.7614628563633208,1.6243991972268985e-07,377,0.3375,0.3498,-0.00418,-0.20672,375,0.2172,0.2271,0.0764,0.035113,3,0.1499,-0.1743,-0.001781,7.079,0.0967,0.8254,-0.003674,6.964,0.0739,-0.6997,0.001985,7.185,4.0858,1.7327,1.7044,1.7586,0.3207,1.0,0.3896,0.54386,1.28236,0.16968,0.952,1.0231,1.0747,0.5,1.762,2.9367,2.044,19.0299,29.2105,16.578,59,0.304,0.3847,64,0.2005,-0.1338,1.0
54,1208,214868,1.0742770969122764e-12,4.936838871255237e-05,7.914861853161952e-06,4.936838871255237e-05,1.1052101290480745,4.953923692313546,3.9745101704247854,-55.64375620194721,32.96376576687074,0.03703713309781446,55.64375620194721,0.0037015975134616075,12.564991109416187,6.795419703584862,-1.4144459638611129,1.3368433988103787,-0.006053049177348758,1.4144459638611129,0.16143043364258738,2.759071126927489,1.3097002709314531,0.06689040962335024,2.217978169605081,0.731152757943791,0.02752465917063951,0.7545176115026704,0.47213320571654277,0.0011897068933657273,1.41395632941233,0.9069781724057515,0.004420761244383616,-0.5942269021412202,0,0,0,0.0010687971349169648,0.6577486289433422,376,0.4208,0.05633,0.5254921982679894,3,2,1,0.4208,376,0.6577486289433422,0.095971,0.09597124947807045,621.4968715835618,289.7879860215022,0.6091702664391825,0.6091702848975569,0.6091702876917275,0.7614628561219461,1.7036037066384541e-07,377,0.3549,0.363,0.00127,0.058943,375,0.2221,0.2304,0.0662,-0.233513,3,0.1502,-0.2565,-0.0009,7.072,0.094,0.8052,-0.00437,6.957,0.0794,-0.7797,-0.002725,7.157,4.0777,1.7343,1.7062,1.7553,0.3212,1.0,0.38557,0.5489,1.28232,0.16968,0.9515,1.0236,1.0758,0.5,1.7592,2.932,2.0407,19.1504,29.0467,16.5113,59,0.1547,-0.0715,63,0.0815,-0.2618,2.0
55,1208,214868,3.657386226343102e-11,5.235876738562857e-05,9.135396398537392e-06,5.235876738562857e-05,1.10295964074644,4.9586649981597635,3.974752642725035,-54.34584411026862,32.90187041006406,-0.08258056989038162,54.34584411026862,0.0020381664516122555,12.557544823581864,6.87026564211994,-1.426445532862523,1.3456618382939605,-0.006173458778168833,1.426445532862523,0.16274637566746608,2.761611202910461,1.3130435653979133,0.062379935356715044,2.2299288055759323,0.7288545673216684,0.04166298212968478,0.7685336738464416,0.4812029874467585,0.005407111433548328,1.4137435117862125,0.9033039795140956,0.004617680426472927,-0.5992942912516116,0,0,0,0.001219360416557192,0.6603902888373486,376,0.4153,0.05914,0.5300127849746121,0,0,0,0.4153,376,0.6603902888373486,-0.078509,-0.07850913536993653,621.4979733617245,289.78849975228576,0.6091702651519236,0.6091702843145208,0.6091702876917123,0.761462855393151,1.8067924514045724e-07,377,0.4026,0.4055,-0.01344,0.190745,375,0.2223,0.2325,0.06656,0.122442,3,0.168,-0.2917,-0.000149,7.034,0.0929,0.6491,0.000842,6.97,0.0897,-0.917,-0.005664,7.15,4.0711,1.7277,1.7119,1.7562,0.3209,1.0,0.38157,0.54481,1.28239,0.17109,0.9369,1.0381,1.1079,0.5,1.7561,2.9269,2.0371,19.3678,28.8008,16.4004,58,0.1341,-0.9823,63,0.0721,-0.1229,-0.0
56,1208,214868,4.361921486615307e-11,5.382816027611143e-05,1.001446734448116e-05,5.382816027611143e-05,1.100705069180797,4.963596460875967,3.974992477260441,-53.99553804869482,32.751182756083146,0.19744320085106015,53.99553804869482,0.00038989613189066574,12.566164694469405,6.95439998452249,-1.4405568035696854,1.3492217952856362,-0.0063209925575732125,1.4405568035696854,0.16342281823281554,2.7634454437657583,1.3156370363477718,0.051550401153572734,2.242034972274821,0.7318307080088216,0.05100320885541702,0.7826465655219087,0.49023602723314696,0.009888554182672982,1.4139406089347522,0.9005597154685372,0.004779310669306327,-0.6043092572290257,0,0,0,0.001047174732213187,0.6618812575657836,376,0.3957,0.0593,0.5352351733396072,0,0,0,0.3957,376,0.6618812575657836,-0.03779,-0.03778985176009897,621.498651137441,289.7888157816478,0.6091702645194088,0.6091702839284436,0.6091702876917092,0.7614628549105545,1.8574961263056563e-07,377,0.443,0.4455,-0.02857,-0.003892,375,0.2039,0.2167,0.07024,-0.023226,3,0.1763,-0.3516,0.000142,7.007,0.0815,0.669,0.000597,6.986,0.0907,-0.931,-0.004918,7.147,4.0686,1.7221,1.7171,1.7566,0.3116,1.0,0.37504,0.56029,1.28237,0.17014,0.9393,1.0357,1.1027,0.5,1.7538,2.923,2.0344,19.3918,28.723,16.3776,58,0.2934,-0.5649,63,0.2654,-0.0136,0.0
57,1208,214868,1.6105076215084873e-10,4.914556268947271e-05,1.055969119801237e-05,4.914556268947271e-05,1.0984316866660733,4.96840588479601,3.9752308418595717,-52.95637219152157,32.483889245617185,-0.01166297574684489,52.95637219152157,0.006006464403688905,12.544840362819075,7.013915200454042,-1.4500009963449085,1.3535346352810333,-0.006317439489548586,1.4500009963449085,0.16432893117353312,2.764833403157006,1.3187061204934225,0.05159941322301466,2.25344594010001,0.7485381460974678,0.0650066691528551,0.7963283403545456,0.49924162438276065,0.0021594816875171174,1.4126162166302947,0.8994639627842272,0.004915957323931523,-0.6091738679258153,0,0,0,0.000957294384786437,0.6633825219338783,376,0.3788,0.05878,0.5400149538019635,0,0,0,0.3788,376,0.6633825219338783,0.260137,0.2601370449268816,621.4987384386332,289.7888564879455,0.6091702665352277,0.6091702838771988,0.6091702876916587,0.7614628548464986,1.6959093349925635e-07,377,0.4658,0.4705,-0.02867,0.054357,375,0.186,0.2331,0.09386,-0.024776,3,0.1772,-0.4054,0.000757,6.989,0.0714,0.4815,0.007716,7.023,0.0875,-0.9964,-0.002237,7.199,4.0824,1.7121,1.7203,1.7633,0.3143,1.0,0.37903,0.54831,1.28235,0.16951,0.9456,1.0293,1.0885,0.5,1.752,2.92,2.0323,19.4723,28.6162,16.3334,57,0.2712,-0.4344,62,0.2804,-0.0701,-0.0
58,1208,214868,4.425293086022131e-12,5.777592471723817e-05,1.121198581043012e-05,5.777592471723817e-05,1.0961450074679748,4.973388134433254,3.9754666774551293,-53.89861319277867,32.47662842950632,0.05465348010386311,53.89861319277867,0.009529439871423961,12.561080195573268,7.035469969286927,-1.464165642685525,1.362644215047254,-0.006439954612135874,1.464165642685525,0.1660545075323795,2.7656965467994987,1.321339937489488,0.05177338781144293,2.267962631866327,0.7310437675566812,0.07883468842323177,0.8103213624234701,0.5082362640077766,0.003223234444213463,1.4136435462940715,0.9060587502106187,0.005035529373734042,-0.6140287861550635,0,0,0,0.0007419817354488002,0.6649823599637084,376,0.3491,0.05899,0.5451102532999456,0,0,0,0.3491,376,0.6649823599637084,0.186425,0.18642482742177946,621.4992116989664,289.78907715705117,0.6091702628200044,0.6091702835933512,0.6091702876917261,0.761462854491689,1.993723341267501e-07,377,0.4605,0.4687,-0.02667,0.038476,375,0.2105,0.2512,0.08267,-0.024993,3,0.1619,-0.4081,0.001792,6.988,0.0742,0.2848,-0.002357,6.994,0.0972,-0.9913,0.003042,7.158,4.0685,1.7175,1.719,1.7593,0.3289,1.0,0.38927,0.54527,1.28259,0.1689,0.9493,1.0256,1.0804,0.5,1.7503,2.9171,2.0303,19.5028,28.5486,16.3107,57,0.1811,0.088,62,0.1875,0.0116,1.0
59,1208,214868,1.243182460047552e-10,5.952607807489776e-05,1.1386806937854948e-05,5.952607807489776e-05,1.0938322854432672,4.978453877659202,3.97570100345066,-57.472047126700176,42.64180249093289,-0.11870947696705601,57.472047126700176,0.0032709645165195263,12.553942152908158,7.080250141940338,-1.4812797439366578,1.3722301824297007,-0.006531340852568428,1.4812797439366578,0.16639563510376018,2.7662665187210913,1.3245486431628763,0.05574207102644446,2.2731842425878455,0.7370010716483015,0.0926323140651392,0.821519979180707,0.5172968514999983,0.0005354211122676755,1.4140928075197587,0.9069271747211357,0.005133438104965485,-0.6187034788458338,0,0,0,0.0007015353233768757,0.6670626782446264,376,0.3267,0.05127,0.5489749654654336,0,0,0,0.3267,376,0.6670626782446264,-0.071072,-0.0710719800437698,621.4992587748421,289.7890991073197,0.6091702620665863,0.6091702835645622,0.6091702876916745,0.7614628544557026,2.054117227261645e-07,377,0.4592,0.4672,-0.03416,-0.06767,375,0.2108,0.2467,0.07789,0.095923,3,0.1511,-0.4334,-0.000212,6.99,0.0693,0.2138,0.000399,6.978,0.0969,-0.973,0.002274,7.154,4.0653,1.7195,1.7164,1.7599,0.326,1.0,0.38098,0.55334,1.28269,0.17061,0.93,1.0447,1.1233,0.5,1.7489,2.9148,2.0986,19.4874,28.4872,16.2886,57,0.1758,0.9427,62,0.0424,0.9985,-1.0
60,1208,214868,1.3667411817481443e-10,5.9976438049659415e-05,1.1270215086401357e-05,5.9976438049659415e-05,1.0915310810430592,4.983516957799162,3.9759330737589447,-67.52902721140251,45.89394455460029,0.1987555736193117,67.52902721140251,0.0011447223981444462,12.562821273497544,7.116763445676346,-1.4993500664531805,1.3802132993263951,-0.006558296208850993,1.4993500664531805,0.168487246782548,2.766580805475891,1.3278615725888234,0.05176752255990581,2.2888309957918005,0.7331452790095074,0.10655540032782476,0.8346842314949846,0.5263661232293391,0.0011958231121744767,1.413504019577854,0.8843738617426568,0.005229645368838718,-0.623292698927314,0,0,0,0.0004194187131535518,0.668510686758964,376,0.2849,0.04124,0.5501706182963905,1,1,0,0.2849,376,0.668510686758964,0.195651,0.1956514029325298,621.4989084808202,289.78893577423827,0.6091702618727023,0.609170283776387,0.6091702876916693,0.7614628547204838,2.0696593501549142e-07,377,0.4454,0.4556,-0.03036,-0.016292,375,0.2106,0.2522,0.07744,0.09232,3,0.1272,-0.4412,0.002382,6.992,0.0601,0.081,0.003553,6.981,0.094,-0.9302,0.002802,7.164,4.0681,1.7187,1.716,1.761,0.3189,1.0,0.3768,0.5737,1.28284,0.17081,0.9319,1.0428,1.119,0.5,1.7473,2.9121,2.0967,19.6693,28.3058,16.1997,58,0.2229,0.9787,63,0.1243,0.4188,-0.0
61,1208,214868,2.5826457313523288e-11,6.543964824791759e-05,1.0808902525313506e-05,6.543964824791759e-05,1.0891828860709516,4.988431410601876,3.976162591545011,-68.17913870305452,46.12703500335379,-0.08335895056688197,68.17913870305452,0.009434169602497038,12.564362554402017,7.158215425722546,-1.513158318579434,1.3901108064543222,-0.006613956480802619,1.513158318579434,0.17170346201031558,2.766323690193393,1.3315477224793328,0.062126017243740894,2.2963239681139576,0.7364312190112731,0.11895874153296018,0.8483544285418534,0.5352098618519785,0.0016665629803193083,1.4135600012132081,0.8786646671386842,0.005368532062381208,-0.6278035879771559,0,0,0,0.000422339374028143,0.6707033619625135,376,0.2645,0.05017,0.5528942156165249,2,1,1,0.2645,376,0.6707033619625135,0.140206,0.14020554088958548,621.4979935532932,289.7885091670943,0.6091702595208107,0.6091702843033282,0.6091702876917169,0.7614628553791603,2.25818644210577e-07,377,0.4055,0.4187,-0.02696,-0.034225,375,0.2053,0.2679,0.08447,-0.027137,3,0.1075,-0.4785,0.002778,7.02,0.0545,0.0283,0.002443,6.993,0.0836,-0.8913,0.004536,7.183,4.0796,1.7209,1.7142,1.7607,0.3273,1.0,0.38602,0.55673,1.28282,0.16882,0.9486,1.026,1.0817,0.5,1.7437,2.9061,2.0924,19.6787,28.2088,16.1776,58,0.2238,0.8805,63,0.1779,0.6255,-1.0
62,1208,214868,7.715098410866444e-11,5.0344671029914026e-05,9.854657073379169e-06,5.0344671029914026e-05,1.0867981545597905,4.9933754675723865,3.976389272066237,-68.91750313305528,46.172187651751585,-0.05931944931411159,68.91750313305528,0.006183808343570046,12.558910220742561,7.197014859862136,-1.5296146148291574,1.3979676723926244,-0.006786823563891341,1.5296146148291574,0.1731643730686055,2.7656801276619767,1.334962429722362,0.05799124339388928,2.301650977409048,0.7269924465011164,0.13307293368607498,0.8624869329961035,0.5439965085210114,0.0024774318894491554,1.4136930050746583,0.9164108502615802,0.005482535027498993,-0.6322455174354338,0,0,0,0.00030699647333048453,0.6728083425528276,376,0.235,0.06095,0.5538970507967023,4,3,1,0.235,376,0.6728083425528276,-0.061574,-0.06157379108760641,621.4977565547658,289.78839866078425,0.609170266018989,0.6091702844336147,0.6091702876916948,0.7614628555420183,1.7372907701817857e-07,377,0.4021,0.415,-0.02588,0.022474,375,0.1926,0.2467,0.09673,0.19872,3,0.0949,-0.5225,-0.00056,6.998,0.0455,0.0368,-0.00062,6.969,0.0778,-0.8713,-0.000379,7.159,4.0661,1.7211,1.714,1.7607,0.3401,1.0,0.39672,0.55241,1.28293,0.16913,0.9554,1.0191,1.0667,0.5,1.7404,2.9007,2.0885,19.7914,28.0405,16.1115,57,0.1253,0.7551,62,0.1269,0.8575,2.0
63,1209,214869,0.0,5.000473100864527e-05,9.206065102763134e-06,5.000473100864527e-05,1.0814433800800072,4.9999716430518495,3.976978197243252,-69.35514834435916,46.197240684941896,-0.14991517850011907,69.35514834435916,0.006993230671922228,12.550765563164488,7.279437280930956,-1.5301703522439845,1.4080429406521304,-0.007228062039037836,1.5301703522439845,0.17594342213969014,2.764885755653749,1.3392770318904026,0.05195310949445439,2.3111224810714215,0.7367593400799684,0.0,0.8765848167879615,0.5527030813744042,1.0,1.0,1.0,0.00563892938286649,-0.6365404990677072,0,0,0,0.0003302480292173912,0.6762523304883086,376,0.2153,0.07972,0.5585551615376392,1,1,0,0.2153,376,0.6762523304883086,0.107755,0.10775530311700199,621.496986565692,289.78803963470847,0.6091702661652717,0.6091702848392939,0.609170287691728,0.7614628560491173,1.7255622789566678e-07,378,0.4151,0.426,-0.02014,-0.010065,375,0.1537,0.2345,0.1143,0.054263,3,0.0911,-0.5927,-0.003238,7.024,0.0337,-0.0404,0.001147,6.998,0.0639,-0.7808,-0.001364,7.213,4.0871,1.7186,1.7122,1.7649,0.3304,1.0,0.38301,0.57857,1.28267,0.17076,0.9308,1.0436,1.1211,0.5004,1.7389,3.014,2.0171,19.8726,27.9762,16.0884,57,0.0512,-0.8862,62,0.0797,0.0941,3.0
64,1209,214869,1.2279335406349384e-23,5.900229723764839e-05,9.79809204047753e-06,5.900229723764839e-05,1.0791455242619408,5.004582084693233,3.9772055831463127,-70.07608575961555,46.08126587816513,0.08671655019363482,70.07608575961555,0.0071273086409657255,12.564217508595599,7.363525609834971,-1.5493215102267812,1.4188781524116847,-0.007505897689345313,1.5493215102267812,0.1803257566708686,2.7642249066807856,1.3427781709877136,0.052096635849923426,2.3248724812687733,0.7391771257498848,1.4142115624116159e-08,0.8882843951681852,0.5617065353898835,0.0008426378287186287,1.4133139569726332,0.9102220030691698,0.005796143980061978,-0.6407786752115576,0,0,0,0.00026153942336797087,0.6767584161111168,376,0.2044,0.07563,0.5575774137179389,0,0,0,0.2044,376,0.6767584161111168,0.038838,0.03883772654974349,621.4964367349513,289.78778326279365,0.6091702622918866,0.6091702851124788,0.609170287691728,0.7614628563905985,2.0360519195573624e-07,378,0.431,0.4446,-0.02478,0.019225,375,0.1389,0.2446,0.11558,-0.131545,3,0.0885,-0.6114,0.006595,6.998,0.0285,-0.1849,0.007414,7.034,0.0599,-0.6646,-0.00041,7.224,4.0912,1.7106,1.7194,1.7657,0.3327,1.0,0.39449,0.56911,1.28321,0.17062,0.9358,1.0385,1.1097,0.5004,1.7366,3.0101,2.0145,20.0949,27.747,15.9778,57,0.1989,-0.9992,61,0.2045,-0.7591,1.0
65,1209,214869,1.0130941759648563e-11,8.205396330594591e-05,1.099688120945031e-05,8.205396330594591e-05,1.0769138621214225,5.008920324329006,3.9774311996454337,-70.70794653926879,45.85546566581614,-0.09300617190745587,70.70794653926879,0.0015938046699686933,12.565849140216251,7.474935102535338,-1.567747898421207,1.4302290204579358,-0.007455514836907737,1.567747898421207,0.1835500576407285,2.762552905630607,1.3463914351631803,0.07387876234466595,2.3348837328216026,0.734382086769171,0.014026480682360435,0.902176206266334,0.5708087554217228,0.003060078970993918,1.413156182694063,0.86652852473571,0.005941990535064926,-0.644914868092416,0,0,0,0.00021470690732822248,0.6794930287622181,376,0.173,0.07415,0.5597980713098752,0,0,0,0.173,376,0.6794930287622181,0.045757,0.045757219917067715,621.4964366818087,289.78778323801464,0.6091702523684316,0.609170285112507,0.6091702876917235,0.7614628563906337,2.8315190650584333e-07,378,0.4428,0.4573,-0.02828,-0.05734,375,0.1425,0.2616,0.10026,-0.018572,3,0.0771,-0.7438,0.000527,7.002,0.0248,-0.1135,-7.6e-05,7.047,0.0631,-0.5797,-0.000836,7.229,4.0954,1.7098,1.7208,1.7651,0.338,1.0,0.39655,0.55923,1.28309,0.16943,0.9494,1.0249,1.0795,0.5004,1.7345,3.0064,2.012,20.2685,27.5588,15.8886,57,0.2474,-0.9452,59,0.2665,-0.9961,1.0
66,1209,214869,2.1260984071792487e-11,9.259336297356115e-05,9.800434090518218e-06,9.259336297356115e-05,1.0746981868965546,5.013207397366272,3.9776525199550634,-71.39872983473307,45.70659863001847,0.08096617451200218,71.39872983473307,0.010183012004369038,12.562631325272047,7.5315897787,-1.5709681989709636,1.437782395604675,-0.007488165471721709,1.5709681989709636,0.18717516132734638,2.7607049662652456,1.3502966367684663,0.05240527521156162,2.342526433088288,0.7319047166244866,0.02499207633992003,0.9159492526343865,0.5794740406733359,9.196347206652522e-05,1.413150364776073,0.8940270980925259,0.006096187559669967,-0.6489306903202475,0,0,0,0.00013760353730001321,0.680999042904938,376,0.1567,0.0689,0.5638059316041104,0,0,0,0.1567,376,0.680999042904938,0.000512,0.0005119978882164311,621.4950535046703,289.78713829813546,0.6091702478310862,0.6091702857389462,0.6091702876917189,0.7614628571736827,3.1952198954496147e-07,378,0.445,0.4563,-0.02755,0.070803,375,0.1064,0.1706,0.07937,1.27011,3,0.071,-0.7311,0.001005,6.974,0.0171,-0.276,-0.006147,7.027,0.0478,-0.454,-0.003602,7.161,4.0727,1.7123,1.7253,1.7582,0.3599,1.0,0.40724,0.55989,1.28303,0.16843,0.9527,1.0215,1.0723,0.5004,1.733,3.0038,2.0102,20.35,27.458,15.8442,58,0.2485,-0.9784,59,0.225,-0.9104,1.0
67,1209,214869,1.6011524202971203e-11,8.019444877341573e-05,9.092267848768336e-06,8.019444877341573e-05,1.072541632736179,5.017579967671123,3.977870955101282,-71.46102819252127,43.24995041976735,-0.15127027231585832,71.46102819252127,0.010408992539200156,12.565076462704502,7.5367482000380015,-1.588605513690988,1.450070707160239,-0.007418711628430334,1.588605513690988,0.19008337215440613,2.759235614473237,1.3540846553745256,0.058941650574215965,2.353477368716043,0.727988682737125,0.03571235523219365,0.9295786496661083,0.5884143117005453,0.0020786415880700293,1.4136902665025854,0.9048522160602509,0.0062147407708855445,-0.6528019805974562,0,0,0,0.00018300091340559243,0.6837657776515648,376,0.1533,0.0595,0.566839574743316,0,0,0,0.1533,376,0.6837657776515648,0.048909,0.048908531381422815,621.4946417681595,289.78694631600376,0.6091702531686508,0.6091702859086191,0.6091702876917212,0.7614628573857738,2.7673589094646847e-07,378,0.43,0.4408,-0.03629,-0.057535,375,0.0196,0.0279,0.01248,0.205008,3,0.0667,-0.732,-0.003363,6.981,0.0085,-0.6569,-0.035895,6.967,0.0235,-0.0329,-0.011459,6.938,4.0195,1.7368,1.7333,1.726,0.3405,1.0,0.40132,0.56163,1.28304,0.17016,0.9375,1.0367,1.1059,0.5004,1.7318,3.0018,2.0089,20.4352,27.3624,15.8,58,0.1876,-0.7491,59,0.0407,-0.166,2.0
68,1209,214869,1.4497682953155147e-12,6.446581259928612e-05,8.402177271227977e-06,6.446581259928612e-05,1.0704284310398284,5.022075732930936,3.978085308938606,-72.19787783987472,46.32164102345926,0.19841480904739142,72.19787783987472,0.008519927442834464,12.554278409847587,7.590135052520334,-1.6073913575078334,1.4626046132039763,-0.0074114266610344,1.6073913575078334,0.1928954190949392,2.7574950291988984,1.3572554005611126,0.052315988576132746,2.364912893934932,0.7384153326497342,0.049460622174286664,0.9435011652001546,0.5974628338885577,0.0008315504862896894,1.4129071904486532,0.8831339298430972,0.006391781119164461,-0.6565826454938402,0,0,0,0.00013515550529397428,0.6862418275719943,376,0.145,0.04367,0.5686522949296511,1,1,0,0.145,376,0.6862418275719943,0.019917,0.019916509373350877,621.4949401465962,289.7870854421848,0.609170259939714,0.6091702857864272,0.6091702876917274,0.761462857233034,2.2245923244273649e-07,378,0.41,0.4201,-0.0416,-0.029794,375,0.005,0.0113,-0.01573,0.087051,3,0.0596,-0.7681,0.001844,6.971,0.0079,-0.9879,0.006524,7.002,0.0224,0.6593,-0.00152,6.979,4.0321,1.7288,1.7366,1.7307,0.3365,1.0,0.40656,0.56585,1.28299,0.17009,0.9398,1.0343,1.1006,0.5004,1.7307,2.9999,2.0076,20.4222,27.345,15.8,57,0.2732,-0.8197,60,0.1609,-0.9983,2.0
69,1209,214869,9.401159810469015e-13,6.367932018151266e-05,7.911448283217699e-06,6.367932018151266e-05,1.068290259767462,5.026613661228607,3.9782959607092736,-73.46651941346458,46.28477177229029,0.04703150726005671,73.46651941346458,0.0007287450443520527,12.551238627210346,7.6969557416462795,-1.6230604925522103,1.4703732708613766,-0.007561045755887089,1.6230604925522103,0.19637030401870598,2.7551459611807565,1.3610368764081533,0.06631032782414503,2.3730434109771394,0.7458946918635351,0.06318954712398046,0.9559908270071804,0.6062941732209274,0.00014099722753424526,1.4126059913162998,0.8579609954185392,0.006566748372110032,-0.6603069957143999,0,0,0,4.68567601526445e-05,0.6885741377048237,376,0.0904,0.04833,0.5817722901582709,3,2,1,0.0904,376,0.6885741377048237,0.055912,0.0559121829487661,621.494969501941,289.78709912982606,0.6091702602783016,0.6091702857741874,0.6091702876917277,0.7614628572177342,2.1974518663090661e-07,378,0.395,0.4031,-0.03792,0.01011,375,-0.0239,-0.0184,-0.08678,0.010673,3,0.0361,-0.8971,-0.000825,7.007,0.0054,-0.9999,-0.00287,7.015,0.0236,0.8894,0.001029,6.991,4.0441,1.7327,1.7348,1.7287,0.3337,1.0,0.4037,0.5718,1.28308,0.16889,0.951,1.023,1.0757,0.5004,1.7296,2.998,2.0063,20.4586,27.2891,15.7777,59,0.2416,-0.9757,63,0.1742,-0.998,-2.0
70,1209,214869,1.201701303613838e-10,7.631636802126545e-05,1.033552360824708e-05,7.631636802126545e-05,1.066230868164459,5.031081172010742,3.978501912914898,-74.90494279500423,46.165562675165035,0.10962748205424636,74.90494279500423,0.01291962435765015,12.556221380334694,7.68088995500991,-1.624601495578098,1.4788563331331712,-0.007438384263671144,1.624601495578098,0.199077089743458,2.751389779817694,1.3646876692653014,0.05495172341076571,2.3811252565476946,0.7358889339631084,0.07731371096635957,0.9700967698810035,0.6148737830927201,0.001200512240232654,1.4117218330496495,0.8966443216390376,0.006710979499411942,-0.6639283762323426,0,0,0,3.188869169371399e-05,0.6922439984594309,376,0.0469,0.03485,0.5580520068121984,4,3,1,0.0469,376,0.6922439984594309,-0.010544,-0.010543537732373709,621.4981316263858,289.78857354702154,0.6091702548385391,0.6091702842262475,0.6091702876916762,0.7614628552828093,2.633518881961101e-07,378,0.3948,0.4025,-0.03548,-0.001218,375,0.0921,0.1072,-0.0521,-0.294279,3,0.0189,-0.8509,-3e-06,6.956,0.0058,-0.5211,-0.011448,6.99,0.0477,0.8917,-0.008961,6.884,4.0089,1.7352,1.7437,1.7171,0.3576,1.0,0.41752,0.54736,1.28308,0.1694,0.9516,1.0224,1.0744,0.5004,1.7286,2.9962,2.0051,20.644,27.1192,15.6885,56,0.1358,-0.716,61,0.1234,-0.6313,1.0
71,1209,214869,2.7082235606415814e-10,8.685009766139733e-05,1.6292580561759246e-05,8.685009766139733e-05,1.0641829174094029,5.035563255278231,3.9787045326100703,-75.9911322688121,45.80512003567882,-0.0780292617091221,75.9911322688121,0.023605887172182455,12.563171699822664,7.798880541914472,-1.6367094371561894,1.4891074908684652,-0.0073254098202868954,1.6367094371561894,0.20264189871005886,2.7497077933548066,1.3679303217263006,0.05923469392210523,2.38933074573843,0.7386793584757615,0.09099477336601239,0.9781891673779134,0.6238402263233512,0.010157250169964938,1.4122587308565915,0.8729065845927605,0.006859238477590141,-0.6673884805969441,0,0,0,0.0001410096292683061,0.7143435637558112,376,0.0306,-0.07731,0.5488587860138654,5,5,0,0.0849,351,0.6919161166811963,0.004763,0.0047626142742105415,621.5025658987703,289.79064113404013,0.6091702503042836,0.6091702812897954,0.6091702876916115,0.7614628516122443,2.9969945655086073e-07,378,0.4188,0.4252,-0.04133,0.024657,375,0.1895,0.1692,-0.01772,0.414595,3,0.0129,0.3728,0.006852,6.784,0.0061,0.8707,0.030782,6.951,0.083,0.781,0.002272,6.923,3.9758,1.7063,1.7483,1.7413,0.4075,1.0,0.41755,0.55042,1.28317,0.17041,0.9387,1.0352,1.1027,0.5004,1.7274,2.9942,2.0038,20.6797,27.063,15.6669,54,0.0821,0.0894,58,0.0477,0.8282,2.0
72,1209,214869,4.882674226020094e-11,0.00012771832270243327,2.227601636571258e-05,0.00012771832270243327,1.0621494913261056,5.039913153127569,3.978903076538384,-75.091100329603,46.13539757322025,0.287725799367313,75.091100329603,0.002584107336982555,12.55873563644425,7.794754792567436,-1.654876510057734,1.4983715883515036,-0.00719946753632775,1.654876510057734,0.20765948077638052,2.7462677538808755,1.3720885882178064,0.052609167611278776,2.399319114342325,0.7301748135890559,0.1042961399148747,0.9919190256639565,0.6325692921567045,0.0015902746489161457,1.412507812155708,0.891085822855706,0.007018043270302396,-0.6708444837354567,0,0,0,0.00022529510329706746,0.6966504089954388,376,0.1364,0.05742,0.5956245514729761,0,0,0,0.1384,375,0.6958242248573244,-0.049172,-0.04917167568159697,621.5044165867265,289.791504062174,0.6091702327114162,0.6091702797998506,0.6091702876917071,0.7614628497498133,4.407248691287776e-07,378,0.4394,0.4506,-0.05125,0.116615,375,0.225,0.2038,-0.01458,0.503318,3,0.0602,0.9935,-0.006133,6.994,0.0318,0.6048,-0.027284,7.01,0.1018,0.6912,0.002059,6.929,4.0286,1.736,1.7401,1.72,0.426,1.0,0.42812,0.55449,1.28335,0.171,0.9393,1.0346,1.1015,0.5004,1.726,2.9917,2.0021,20.9089,26.8484,15.5553,57,0.1596,0.9689,60,0.2096,0.9945,0.0
73,1209,214869,3.654192725806052e-10,0.00015715682392857962,2.9297572975542434e-05,0.00015715682392857962,1.0601333230413506,5.044059768929255,3.9791010586895132,-75.91679104980302,46.86496708485695,0.08907215817226363,75.91679104980302,0.0011386984770673791,12.559353966261856,7.82234133570171,-1.658152774847334,1.5079729430298865,-0.007015807691451826,1.658152774847334,0.2151846341376426,2.7417310591409545,1.3773538433266814,0.059393228985954005,2.4029712520475606,0.7545650427879126,0.11767886644812528,1.0048862732950916,0.641480150348229,0.0020596644708201772,1.410830117875379,0.8753075610973041,0.0071808438445464555,-0.6741046648447221,0,0,0,0.0005925375198166098,0.6986462944681253,376,0.2256,0.04424,0.605575876438287,0,0,0,0.2256,376,0.6986462944681253,-0.102186,-0.10218574609403941,621.5063858139201,289.7924222621015,0.609170220039049,0.6091702780435266,0.6091702876915708,0.7614628475544083,5.423082587937369e-07,378,0.4661,0.4794,-0.04849,-0.257861,375,0.2492,0.2254,-0.01185,0.260635,3,0.1054,0.9992,-0.001658,6.966,0.0576,0.6505,0.001809,6.985,0.1188,0.6195,-0.000178,6.924,4.0173,1.734,1.7386,1.7235,0.4057,1.0,0.43217,0.5508,1.28347,0.16972,0.9509,1.0229,1.0757,0.5004,1.7246,2.8744,2.0696,20.8926,26.8275,15.5558,57,0.1943,0.9856,59,0.2426,0.995,-3.0
74,1209,214869,1.9020319085783324e-11,0.00018736526741401866,4.1581632004493065e-05,0.00018736526741401866,1.0581511579708747,5.048112341964569,3.97929719173993,-76.78528771523034,57.288351538797954,0.105713955583446,76.78528771523034,0.0017886466245400703,12.556881617670264,7.92399551643133,-1.6701720888338896,1.5212965732086325,-0.006757669805746038,1.6701720888338896,0.2211405467367958,2.7360591068295874,1.3811941746152048,0.06465851150181012,2.408918713223016,0.7320023424526306,0.13145168061731266,1.018570032117204,0.6502332259548496,0.0013329813561012704,1.4135761898110366,0.8911370847928678,0.007325951009154723,-0.6774722444653163,0,0,0,0.0015492355835373946,0.7013162735228871,376,0.3075,0.04218,0.6033653982564531,0,0,0,0.3075,376,0.7013162735228871,-0.141107,-0.14110665893530094,621.5106238351198,289.7943983422466,0.6091702070357249,0.6091702736658973,0.60917028769172,0.7614628420823716,6.4654551118252e-07,378,0.5146,0.5129,-0.03931,0.201253,375,0.306,0.2811,0.00242,0.02726,3,0.1586,0.9842,-0.002849,6.931,0.0953,0.6772,0.000686,6.984,0.1593,0.536,-0.005376,6.928,4.0112,1.728,1.7411,1.727,0.3908,1.0,0.45013,0.52482,1.28358,0.16878,0.9504,1.0233,1.0767,0.5004,1.7234,2.8723,2.068,20.9265,26.7695,15.533,56,0.195,0.6699,59,0.1676,0.9948,-2.0
75,1209,214869,5.0713820230047846e-11,0.00021291988793338648,4.891536284188224e-05,0.00021291988793338648,1.0562478823456958,5.052067677192436,3.9794927255849344,-77.30930072393787,67.63300244090118,0.009132742944396073,77.30930072393787,0.002032055129910587,12.563866365481191,7.878123593704589,-1.6734147996100073,1.5334710999162633,-0.006594013843255151,1.6734147996100073,0.22263666701541363,2.730222331961465,1.384941990998046,0.0649382956049449,2.4202491505911152,0.7229783576064023,0.14524841846807363,1.0326029211775922,0.6591445967853314,0.0013806772161076841,1.4138454160568237,0.9290035435223614,0.007440493266808022,-0.6807145645384012,0,0,0,0.0021589643703528428,0.7040137789516119,376,0.3343,0.0209,0.5999610681617553,0,0,0,0.3343,376,0.7040137789516119,-0.084163,-0.08416332504813284,621.5124796280867,289.79526365071547,0.6091701960355183,0.6091702714920251,0.6091702876917062,0.7614628393650313,7.347252168690191e-07,378,0.5419,0.5379,-0.03104,0.243606,375,0.3304,0.3103,-0.00251,0.007322,3,0.1812,0.9675,0.000466,6.917,0.1116,0.7072,0.001473,6.975,0.1809,0.5055,0.000321,6.922,4.0058,1.7268,1.7412,1.7281,0.372,1.0,0.44091,0.52551,1.28359,0.17132,0.942,1.0317,1.0952,0.5004,1.7219,2.8699,2.0663,20.9582,26.7089,15.5113,55,0.2231,0.0832,58,0.0996,0.4446,-2.0
76,1209,214869,2.7721361377602986e-11,0.0002757673748285352,5.612206792562309e-05,0.0002757673748285352,1.054401264449116,5.0559999090701115,3.9796891520235587,-77.84192521401495,71.62660298150894,0.230592861140702,77.84192521401495,9.2451080622169e-06,12.564409743865088,7.75793798920377,-1.680198267153432,1.550240460434757,-0.0062887103288470384,1.680198267153432,0.2251071124615224,2.7233889105444216,1.3885612861180174,0.09569040606649348,2.4320191075912745,0.7426166221977847,0.15922157209228135,1.0467396612125293,0.6684346323571524,0.0061802855027656145,1.413968170817991,0.9168639020370932,0.007575575752070976,-0.6838251372164339,0,0,0,0.0038001990509847704,0.7069414276364603,376,0.3881,0.00783,0.606380564453547,0,0,0,0.3881,376,0.7069414276364603,-0.017787,-0.017787097893479542,621.513448338567,289.79571533546556,0.6091701689815625,0.6091702702951041,0.6091702876917161,0.76146283786888,9.515923122234873e-07,378,0.5311,0.533,-0.032,-0.094089,375,0.3434,0.3252,-0.00706,0.059097,3,0.2062,0.9373,-0.001295,6.939,0.1345,0.7223,-0.001556,6.975,0.184,0.4359,0.00138,6.931,4.0117,1.7298,1.7386,1.7278,0.3754,1.0,0.45738,0.51798,1.28375,0.17115,0.9461,1.0275,1.0861,0.5004,1.7203,2.8672,2.0644,21.0372,26.6078,15.467,55,0.2104,-0.1866,58,0.1271,-0.4947,3.0
77,1209,214869,5.118283137012039e-11,0.00029829196036399705,6.194299846553915e-05,0.00029829196036399705,1.0525811635894635,5.059812327073863,3.9798859361372294,-78.29400249922068,72.40852950482859,-0.027871640966843837,78.29400249922068,0.009584971695550297,12.559083837752238,7.718629216079573,-1.6915074802823,1.5670503744187652,-0.0061005472368681965,1.6915074802823,0.2277341328308975,2.720090703478764,1.3927663855155596,0.07462577953057337,2.440374071898475,0.7517073673109111,0.173309792796048,1.0606341212429562,0.6776032712175107,0.000908161258293072,1.41369386124156,0.8809799443243622,0.0077686021289137324,-0.6869168617623596,0,0,0,0.005221693228951764,0.7098455649591348,376,0.4294,0.00141,0.6158042600817347,2,2,0,0.431,375,0.7090625562842388,-0.025072,-0.02507213363269445,621.5144783793932,289.79619561697655,0.6091701592855756,0.6091702689756343,0.609170287691706,0.7614628362195428,1.029316343263006e-06,378,0.5139,0.5126,-0.04011,-0.146586,375,0.3581,0.3409,-0.01693,0.030268,3,0.2208,0.91,0.000674,6.948,0.1552,0.7114,-0.000341,6.973,0.1857,0.356,0.001449,6.929,4.0125,1.7315,1.7378,1.7268,0.3714,1.0,0.4608,0.50509,1.284,0.17006,0.9551,1.0184,1.0663,0.5004,1.7188,2.8647,2.0626,21.0187,26.5844,15.4668,55,0.1112,-0.5188,58,0.0877,-0.6844,1.0
78,1210,214870,0.0,0.00034108438612498525,7.272537434423159e-05,0.00034108438612498525,1.0517029929088137,5.0601634796334745,3.9803957727115287,-76.76736331293486,73.17830898676388,0.08448766748032702,76.76736331293486,0.002389632022499627,12.563204237721852,7.65522332925701,-1.7050961522996964,1.578412149668589,-0.00617441389911583,1.7050961522996964,0.22954940160027346,2.713698824807435,1.3960499812841092,0.07720645768130707,2.4538248734602726,0.7585399271566529,0.0,1.0747582843475156,0.6858457873963572,1.0,1.0,1.0,0.008006510764732624,-0.689997551663508,0,0,0,0.007777876511489459,0.7126531130211654,376,0.4802,-0.00585,0.6208061541361816,2,3,-1,0.4785,372,0.7094783008846646,-0.108412,-0.10841202403323136,621.5161677657978,289.79698333435084,0.6091701408653732,0.609170266707227,0.609170287691728,0.7614628333840336,1.1769770071466272e-06,378,0.4979,0.4957,-0.03971,-0.027953,376,0.3968,0.3843,-0.01296,-0.030735,3,0.2392,0.8307,0.00069,6.946,0.1917,0.7101,0.001253,6.965,0.1987,0.1979,0.001657,6.927,4.0102,1.7319,1.7369,1.7273,0.3773,1.0,0.47416,0.5144,1.28428,0.17002,0.9562,1.0174,1.0641,0.5,1.7157,2.7452,2.1962,21.0302,26.4988,15.4449,55,0.0112,-0.4443,59,0.0432,1.0,2.0
79,1210,214870,2.3905546875875144e-23,0.0003980822331638247,8.552909016452766e-05,0.0003980822331638247,1.0500316869033575,5.064142765142821,3.9805934389165816,-78.0441770558473,73.97181599877719,-0.091434851342776,78.0441770558473,0.005992069452783098,12.56425662544578,7.5651039761267125,-1.726290930728693,1.5938822497479415,-0.005984391706093933,1.726290930728693,0.23177262765874923,2.7112508759288967,1.3993418197292347,0.0765369367732951,2.4713685675004684,0.7629035266740218,1.4142115624116159e-08,1.0767627016129895,0.6949557188215907,0.002499177210226078,1.4136691863267479,0.9673154704520769,0.008329973783311956,-0.6930235149402596,0,0,0,0.009738768474409206,0.7153266149834161,376,0.5088,-0.01203,0.6231067523689459,2,2,0,0.5073,372,0.7121094205085415,0.016656,0.016655654962304478,621.5179149435605,289.7977979983471,0.6091701163302286,0.609170264224818,0.609170287691728,0.7614628302810225,1.3736551344192588e-06,378,0.4928,0.4929,-0.05415,-0.311547,376,0.4333,0.4186,-0.00734,-0.063296,3,0.2508,0.7368,-0.000205,6.947,0.2212,0.6909,0.000474,6.964,0.2142,0.0202,0.000407,6.931,4.011,1.7319,1.7363,1.728,0.375,1.0,0.47404,0.52169,1.2853,0.17227,0.9483,1.0252,1.081,0.5,1.7141,2.7425,2.194,21.0098,26.4731,15.4443,55,0.099,0.8599,59,0.1468,0.9857,0.0
80,1210,214870,1.1626707999929477e-11,0.0005137977596310267,0.00010099276599016794,0.0005137977596310267,1.0484457768079578,5.068106423440961,3.980794338589106,-88.87964247140553,74.76598884383559,0.07136331666663044,88.87964247140553,0.00023068384457758384,12.559670807943228,7.481202339716197,-1.7413418177294813,1.6075794659229954,-0.00616435249397119,1.7413418177294813,0.23284707149914405,2.705210861881848,1.4025279492542266,0.07446338322062385,2.485660370298079,0.7616404578355082,0.014134099775848381,1.0904325194425346,0.7046288735162485,0.003275360780712,1.4134041461414022,0.9444883258765169,0.008786442437191625,-0.6959835346004267,0,0,0,0.01221679630369568,0.7179806029776807,376,0.5408,-0.01402,0.6289228883573211,0,0,0,0.5394,371,0.7139739818200557,-0.039159,-0.039158815308306005,621.520435045099,289.7989730567952,0.6091700665197487,0.6091702603999549,0.609170287691723,0.7614628254999436,1.7729454118194265e-06,378,0.5128,0.52,-0.074,-0.106092,376,0.4515,0.433,-0.00706,-0.050563,3,0.2775,0.6096,-0.000187,6.933,0.2447,0.7236,0.0005,6.961,0.2319,-0.1061,-0.001181,6.927,4.0069,1.7302,1.7372,1.7287,0.381,1.0,0.48843,0.51112,1.28535,0.17236,0.9527,1.0207,1.0714,0.5,1.7123,2.7396,2.1917,21.0363,26.4068,15.4218,55,0.1851,0.9258,59,0.2189,0.9723,3.0
81,1210,214870,1.5977286869149223e-11,0.0005402777373762027,0.00011010637669326213,0.0005402777373762027,1.046954302272206,5.071990214419614,3.980999961823673,-90.23758214150125,75.51405071353042,-0.07505830138708466,90.23758214150125,0.0024530649534888482,12.563937410346888,7.451190555495357,-1.7522711284063985,1.6271478599676767,-0.0058606219609364995,1.7522711284063985,0.2362966484959457,2.7015997385009443,1.4069512093770706,0.10156815260172725,2.5017786412235137,0.7697312347851765,0.02798888512135841,1.1042163734214034,0.7140737568081916,0.006235422170160043,1.4139948896610566,0.9422541107230119,0.009338486507368638,-0.6988658067056012,0,0,0,0.014215591442785575,0.7207356689067894,376,0.5604,-0.01253,0.6375330890165452,0,0,0,0.559,370,0.7158977850355371,0.004691,0.004690852085451391,621.5226082863712,289.79998638323366,0.6091700551221537,0.6091702568699415,0.6091702876917212,0.7614628210874269,1.8643125009044526e-06,378,0.5281,0.5333,-0.07629,0.083168,376,0.4622,0.4396,-0.00679,-0.015994,3,0.296,0.5411,0.000751,6.922,0.2595,0.7207,0.000512,6.963,0.2445,-0.193,-0.001062,6.921,4.0041,1.7286,1.739,1.7285,0.3767,1.0,0.48531,0.52153,1.28538,0.17106,0.9555,1.0179,1.0653,0.5,2.0523,2.6224,2.1892,21.0121,26.3765,12.8522,55,0.1726,0.9862,59,0.2195,0.9746,0.0
82,1210,214870,3.555668206471439e-11,0.0005482294249441867,0.0001194224182040825,0.0005482294249441867,1.0455554330756396,5.0758723276564455,3.9812080531174474,-91.57765243720469,76.31397273692649,0.08920623276719827,91.57765243720469,0.010094174345313435,12.562624956740324,7.43700368947014,-1.7615761843810784,1.6422073674026794,-0.006024928257630799,1.7615761843810784,0.23853256074191906,2.693268372841771,1.4104364461409937,0.08513135601251665,2.516495861578448,0.7705782640304488,0.04056869609184358,1.1183532432455736,0.7234962979663929,0.004342536903693461,1.4138714875158496,0.9465584663528831,0.010003186834944633,-0.7016669002323166,0,0,0,0.01713034923641378,0.723493769269288,376,0.5728,-0.01584,0.643644278744737,0,0,0,0.5728,370,0.7185606905096976,-0.079205,-0.07920458667116193,621.5255793932321,289.80137173384895,0.6091700517009278,0.6091702516968612,0.6091702876917127,0.7614628146210765,1.8917419944018618e-06,378,0.532,0.5401,-0.06407,0.066453,376,0.4753,0.4508,-0.00279,0.009538,3,0.3048,0.4548,0.001128,6.914,0.2727,0.6844,-9.8e-05,6.967,0.2532,-0.3381,-0.000936,6.912,4.0017,1.7278,1.7411,1.7272,0.3845,1.0,0.49949,0.53891,1.28539,0.17179,0.959,1.0143,1.0577,0.5,2.0498,2.6192,2.1865,21.0353,26.3064,12.8336,54,0.1322,0.9743,58,0.1494,0.9692,0.0
83,1210,214870,3.5358605507423145e-11,0.0005837351448458731,0.00012521065402139447,0.0005837351448458731,1.0442840850469561,5.079821184341911,3.9814185693652924,-93.07767639025148,77.07850529780556,-0.002164047039538167,93.07767639025148,9.147186860758438e-05,12.56451973145922,7.275331599742054,-1.7809621661270958,1.6609528130350228,-0.005752063158695833,1.7809621661270958,0.2403739328775148,2.686169698918488,1.4140640139739096,0.053418461131490694,2.5287421553203178,0.7852309770397561,0.05091664826972828,1.1323807688226915,0.7329618826406322,0.003259966512234591,1.414096142722425,0.9014423055322683,0.01079531534316972,-0.7043870283850009,0,0,0,0.01861146018567908,0.7262635300446931,376,0.5742,-0.017,0.648645935449526,0,0,0,0.5757,370,0.7212892587360947,0.006808,0.0068080463927413515,621.5266115772022,289.80185301465275,0.6091700364179785,0.6091702498058926,0.6091702876917129,0.7614628122573658,2.01425608143492e-06,378,0.5252,0.533,-0.0467,0.081485,376,0.4749,0.4525,-0.00465,-0.056047,3,0.3017,0.4221,0.000375,6.918,0.273,0.6024,-0.000557,6.969,0.2497,-0.4693,0.000243,6.909,4.0022,1.7286,1.7412,1.7263,0.3808,1.0,0.50388,0.54267,1.28585,0.17298,0.9594,1.0138,1.0566,0.5,2.0473,2.616,2.1838,21.0581,26.2359,12.8149,54,0.0979,0.5468,58,0.038,0.9379,-1.0
84,1210,214870,4.366830954154023e-11,0.0006808507846288496,0.00013576123267990432,0.0006808507846288496,1.0430921873796777,5.083995104764405,3.9816265010495617,-94.55873652244561,77.84786794169968,0.13858574600048681,94.55873652244561,0.009557200904751189,12.562392114632056,7.19537136045246,-1.8028425299291684,1.6790321331278244,-0.005371796701450084,1.8028425299291684,0.2414649593896176,2.6785233524594414,1.416569657511222,0.0714507202630591,2.537833936616786,0.7794226114302133,0.05733307873490265,1.1465217302499773,0.7419763056844694,0.0015017336573223128,1.4140987039371127,0.8506654552068638,0.011723185944100262,-0.7070324236275224,0,0,0,0.018621027663021802,0.7288353515384984,376,0.5798,-0.01164,0.6484195231517527,0,0,0,0.5821,369,0.72304030373013,-0.012634,-0.012634104996734008,621.526026907176,289.80158039807634,0.6091699946133433,0.609170250882977,0.6091702876917092,0.7614628136037213,2.349368777401495e-06,378,0.5033,0.51,-0.04961,0.08057,376,0.4881,0.4657,-0.00319,-0.008262,3,0.2921,0.3748,-0.000128,6.923,0.2833,0.5532,0.001045,6.968,0.2461,-0.565,0.00108,6.918,4.0048,1.7286,1.74,1.7275,0.3834,1.0,0.51402,0.54883,1.28565,0.17303,0.9625,1.0106,1.0499,0.5,2.0447,2.6127,2.181,21.2748,26.0134,12.7224,54,0.0929,-0.0814,57,0.0264,-0.6247,3.0
85,1210,214870,4.676674102820719e-11,0.0006959279304434552,0.00013710602811791925,0.0006959279304434552,1.0420079871482888,5.0882554119600005,3.9818294347680347,-95.95020155163849,78.61487464653143,0.03724944844500499,95.95020155163849,0.0018475055101426496,12.563223426092806,7.173179081560351,-1.820209465090443,1.7201862552756801,-0.0050497035127565065,1.820209465090443,0.2424240255763211,2.6695947309528028,1.4191845357034607,0.09859161053339449,2.5547572337681372,0.7915975883192032,0.06840237827873948,1.1606366015923268,0.7504829602689144,0.00013477322580002227,1.4140134388855294,0.8466107544974563,0.01277570215400497,-0.7095846743040158,0,0,0,0.01840372274881418,0.7312543634337029,376,0.578,-0.01083,0.6500624050170217,2,2,0,0.5803,367,0.7238885486276755,-0.009305,-0.009305251193324038,621.5250212843848,289.8011115020663,0.6091699881225723,0.609170252699199,0.609170287691708,0.7614628158739987,2.401398417129581e-06,378,0.4725,0.4753,-0.05273,0.123386,376,0.4896,0.4654,-0.00398,0.00949,3,0.2739,0.2772,0.00076,6.932,0.2833,0.5161,0.000377,6.963,0.2322,-0.6799,0.002484,6.918,4.0053,1.7307,1.7383,1.7271,0.383,1.0,0.51535,0.55596,1.28549,0.1729,0.9598,1.0133,1.0558,0.5,2.0421,2.6093,2.1782,21.2958,25.9417,12.7034,54,0.1118,-0.2149,57,0.082,-0.147,-1.0
86,1210,214870,4.4308424763047776e-11,0.0007447111194055756,0.00014278629255434972,0.0007447111194055756,1.0410122101439432,5.0925270854025575,3.982029093554518,-97.23922279889462,79.39533496355138,0.17141541124264603,97.23922279889462,2.654189725993794e-05,12.566164345773133,7.1466925283697496,-1.833373256906995,1.7376262255441135,-0.005011499946245725,1.833373256906995,0.24295117435608227,2.665354414982024,1.4209129637151283,0.09238709225970854,2.5724578497769475,0.7821821994089772,0.08057699556569989,1.1745765733999043,0.7589490678236542,0.011372819349016905,1.4139818031099831,0.9374434105102157,0.013990832988650446,-0.7120887530723902,0,0,0,0.018737341807645566,0.7334523599308302,376,0.5721,-0.01715,0.6511453259459986,2,3,-1,0.5725,366,0.725239256487001,-0.067767,-0.06776707951818994,621.5249976353512,289.8011004751309,0.6091699671238605,0.6091702527414358,0.609170287691709,0.7614628159267947,2.5697318546569235e-06,378,0.4401,0.4404,-0.05123,0.0663,376,0.5054,0.4932,-0.00562,-0.00896,3,0.2525,0.1241,0.001291,6.938,0.2894,0.5225,0.000381,6.957,0.2232,-0.7812,0.002194,6.912,4.0042,1.7325,1.7374,1.7262,0.3876,1.0,0.52276,0.55083,1.28533,0.17328,0.9608,1.0122,1.0535,0.5,2.0392,2.6057,2.1752,21.3631,25.83,12.6667,54,0.0139,-0.4072,56,0.045,0.0657,-1.0
87,1210,214870,4.1284674192170175e-11,0.000780750573935482,0.00014927385116804333,0.000780750573935482,1.0401325921838538,5.096567998078544,3.9822341666187544,-98.50040235508028,80.14179875364907,0.028933198292752513,98.50040235508028,0.0006762454545850005,12.557903561217024,7.078344251493767,-1.8441597379686858,1.7778381942303862,-0.005356432378734726,1.8441597379686858,0.24499032185001815,2.6556027007865683,1.4243123260068689,0.0605732685973307,2.5872935854110684,0.78203875823795,0.0941705148639515,1.188116697612305,0.7683235019260942,0.0013956845601703627,1.4141898667590704,0.9267393720109527,0.015394771760206746,-0.7145102292287198,0,0,0,0.01961661527380116,0.7356692640206471,376,0.5676,-0.01535,0.6536453079645352,2,3,-1,0.5648,366,0.7273720420555227,0.013742,0.013741670836784792,621.525834700573,289.8014907770872,0.6091699516108731,0.6091702512336788,0.6091702876917102,0.7614628140420985,2.6940875005229994e-06,378,0.4232,0.423,-0.05658,0.055576,376,0.5138,0.5042,-0.00382,-0.073585,3,0.2403,0.0173,0.000376,6.937,0.2919,0.5244,0.000169,6.958,0.2177,-0.8423,8.4e-05,6.911,4.0043,1.7325,1.7377,1.726,0.3875,1.0,0.52473,0.54818,1.28533,0.17432,0.9608,1.0122,1.0534,0.5,2.0365,2.6022,2.1723,21.5774,25.6073,12.5742,54,0.1195,0.6082,56,0.0872,0.9328,-1.0
88,1210,214870,6.8655503557382e-11,0.0008303551076112009,0.0001555618730157225,0.0008303551076112009,1.0393828122644513,5.100514726298653,3.982441906832812,-87.18611753488796,80.88698266241113,0.14032890716288834,87.18611753488796,0.0009323414763150149,12.563858565228209,7.106217572184672,-1.8582764061114565,1.805123902535092,-0.0053207991031093745,1.8582764061114565,0.2467724968231169,2.645035195186223,1.427302565451458,0.1242834248449326,2.594905456066876,0.7887448036774622,0.10830041461472402,1.2022579285339678,0.7775908956937538,0.004566843787908503,1.4141478275622767,0.8555847448167831,0.017014291754331126,-0.716849409719801,0,0,0,0.020234236218336452,0.7379260752939437,376,0.5784,-0.00322,0.6528489332703603,1,1,0,0.5732,366,0.7295314170567488,-0.047252,-0.04725235255581861,621.5263040149507,289.80170960629545,0.6091699302584502,0.6091702503744771,0.6091702876916985,0.7614628129680964,2.8652526195903537e-06,378,0.4188,0.4124,-0.07208,-0.154162,376,0.513,0.5051,-0.00346,-0.001568,3,0.2423,-0.039,-0.002015,6.937,0.297,0.5144,0.000456,6.961,0.2151,-0.877,-0.001124,6.927,4.0079,1.7309,1.7368,1.7284,0.3884,1.0,0.52662,0.5508,1.28495,0.17491,0.9585,1.0143,1.0582,0.5,2.0347,2.5999,2.1703,21.6062,25.5464,12.5554,54,0.2265,0.6951,56,0.2123,0.8087,2.0
89,1210,214870,5.385160388540331e-11,0.0008332935436673656,0.00015795417135066762,0.0008332935436673656,1.0387417304778999,5.104158009726933,3.9826485234304507,-88.5079684665889,81.66169375695925,-0.0019293566665679015,88.5079684665889,0.015277158666385182,12.561960435285911,7.075937037790509,-1.8620086891029475,1.8168150913695678,-0.005030492159559297,1.8620086891029475,0.2477109523281968,2.6389955369273417,1.4304899104254332,0.0913089461457216,2.5888632085686134,0.7933676112717046,0.12241624084201294,1.2163856120924788,0.7861467431702149,0.00028997679834119605,1.4141768897055766,0.874787968626467,0.01886629171819792,-0.7190984010794659,0,0,0,0.02137976051409103,0.7401539250871175,376,0.5852,0.00368,0.6558491931938745,2,2,0,0.5777,366,0.73167292821237,-0.021003,-0.02100335955263466,621.527497608295,289.8022661481337,0.6091699289945194,0.6091702481441328,0.6091702876917049,0.7614628101801659,2.8753865687213913e-06,378,0.4212,0.4163,-0.08994,-0.313685,376,0.5075,0.5044,-0.00045,-0.012132,3,0.2465,-0.0336,-0.002151,6.944,0.2973,0.4833,0.000208,6.962,0.214,-0.8912,-0.00016,6.946,4.013,1.7305,1.7348,1.7308,0.388,1.0,0.52748,0.55362,1.28524,0.17508,0.9543,1.0185,1.0673,0.5,2.0328,2.5975,2.1683,21.6349,25.4855,12.5371,54,0.2101,0.8544,56,0.2557,0.8232,1.0
90,1210,214870,4.21536730386262e-10,0.000790173917829214,0.00016167421217754363,0.000790173917829214,1.0382577749719997,5.1076849692287745,3.9828568041998054,-89.85866598036543,69.84101616255268,0.13598833623367962,89.85866598036543,0.002709373962656428,12.566249000324307,7.1030744066196965,-1.871126349050182,1.8324927263098674,-0.004832020240540302,1.871126349050182,0.25131274004566045,2.6471213118466026,1.4349071131671074,0.10074124569304799,2.571903971256146,0.8033709800928391,0.13652121113944435,1.2304880806611727,0.7948946229474108,0.0019870778123785016,1.4141535542911192,0.8882643339445475,0.020966049368214563,-0.7212858453872718,0,0,0,0.02303538732795083,0.7425550910325714,376,0.5855,0.00162,0.6629242595391649,0,0,0,0.5793,364,0.7325182789809582,-0.01493,-0.014929965943723866,621.5295787111282,289.8032365127909,0.6091699475575398,0.6091702441007059,0.6091702876915466,0.7614628051258823,2.7265876231659634e-06,378,0.4474,0.4471,-0.07787,-0.110288,376,0.5055,0.5064,-0.00391,-0.04882,3,0.2619,-0.0033,-0.001835,6.943,0.2962,0.4513,-0.000242,6.963,0.2264,-0.8939,-0.001386,6.955,4.0145,1.7294,1.7344,1.7324,0.3885,1.0,0.52921,0.54402,1.2849,0.1743,0.9574,1.0154,1.0605,0.5,2.031,2.5952,2.1664,21.6155,25.4626,12.537,54,0.1454,0.9962,56,0.1922,0.8767,-1.0
91,1210,214870,1.1859261487763586e-10,0.0008066007807581805,0.00016787745979565503,0.0008066007807581805,1.0379023236475264,5.111069253209876,3.9830673358455737,-91.14815815112655,70.58841726067946,0.0125638274713996,91.14815815112655,0.00048334728147381156,12.563812287509597,7.013338205226559,-1.8725632917168056,1.869888164315498,-0.004906563484400828,1.8725632917168056,0.2555757573133225,2.68198918564732,1.4396684430599018,0.06366121023256854,2.5263120170299214,0.8005957721647949,0.15048291968101302,1.2388789834932563,0.803777266343088,0.0017676988422056228,1.4141838839681529,0.919132961897722,0.0233255434957168,-0.7234079204976663,0,0,0,0.024140877707503436,0.7450751935142412,376,0.5802,-0.00409,0.6677492594566804,0,0,0,0.5733,362,0.7334594789342294,0.100225,0.10022528484413051,621.5313549232008,289.8040647147381,0.6091699404878695,0.6091702404941071,0.6091702876916769,0.7614628006176338,2.7832624830577834e-06,378,0.4703,0.4702,-0.04998,0.201119,376,0.5063,0.509,-0.00808,-0.015476,3,0.273,0.0028,0.000925,6.936,0.294,0.4186,-0.000444,6.96,0.2385,-0.907,-0.000229,6.942,4.0104,1.7296,1.7355,1.731,0.3862,1.0,0.52912,0.54768,1.28513,0.17566,0.9591,1.0136,1.0569,0.5,2.0296,2.5933,2.1649,21.6003,25.4447,12.5368,54,0.169,0.5208,57,0.1177,0.9197,-3.0
92,1210,214870,7.195219678273885e-10,0.0009063331857901872,0.00017336174361062595,0.0009063331857901872,1.0376885881699989,5.114344077177398,3.983280324765514,-92.43642960679333,71.33265779911032,0.11161657198662024,92.43642960679333,1.6827815841224947e-05,12.564656934766518,7.030516650670267,-1.888345534583952,1.8672926921041306,-0.005265914399294373,1.888345534583952,0.25971953822686134,2.7172038639797864,1.444385615596382,0.08546166191008775,2.420157362067324,0.7932474136879043,0.16196493239591667,1.2529603651896286,0.8129685960442055,0.0007688035127538795,1.414193404570183,0.9147718066575785,0.02202739794738096,-0.7254499533542452,0,0,0,0.022473710536244466,0.7477284023327808,376,0.5708,-0.00501,0.6683432165823882,0,0,0,0.5647,361,0.7352338566461881,-0.096845,-0.09684507193992342,621.530697182849,289.8037580273507,0.6091698975570373,0.6091702418463385,0.6091702876914183,0.7614628023079231,3.127403150184997e-06,378,0.4722,0.4738,-0.03691,0.04554,376,0.5072,0.5099,-0.01067,0.074922,3,0.27,-0.0033,0.000134,6.936,0.2897,0.3992,0.00078,6.953,0.2401,-0.9182,0.001352,6.942,4.009,1.7301,1.7343,1.7317,0.3828,1.0,0.52368,0.55655,1.2854,0.17597,0.9601,1.0125,1.0545,0.5,2.0284,2.5919,2.1636,21.6365,25.3928,12.5186,54,0.1914,0.0059,57,0.0844,0.3705,-0.0
93,1211,214871,0.0,0.0009241411417043227,0.00017847556392551275,0.0009241411417043227,1.0404134107724596,5.119235232931987,3.9836245850162153,-96.84457546456542,72.09217911477903,-0.025437790436336,96.84457546456542,0.005214275738907759,12.562261688418653,7.027248582156129,-1.8997514191531901,1.8963303319547478,-0.00452223192223048,1.8997514191531901,0.2623312064217636,2.7405711009390137,1.4485363603658516,0.07411046793392384,2.1940940537309443,0.7865356674773265,0.0,1.2671011572956283,0.8214374402421154,1.0,1.0,1.0,0.021212058115000907,-0.7274199355904827,0,0,0,0.02308336098928493,0.7488218288847979,377,0.5638,-0.00128,0.6734251872307749,0,0,0,0.5632,360,0.7347025347360747,0.000159,0.00015884337801042037,621.5307673316579,289.8037907359337,0.6091698898917552,0.6091702417030849,0.609170287691728,0.7614628021288561,3.1888511166729035e-06,378,0.4566,0.4577,-0.02793,-0.01808,376,0.5082,0.5132,-0.00684,0.009261,3,0.2584,-0.0379,-0.000641,6.939,0.2867,0.3984,0.000227,6.948,0.233,-0.9317,0.000737,6.947,4.0095,1.7307,1.733,1.7325,0.3823,1.0,0.52427,0.5582,1.28516,0.17656,0.959,1.0135,1.0569,0.5004,2.0265,2.5894,2.1616,21.6639,25.3683,12.5183,54,0.1791,-0.0452,57,0.1191,0.1238,-1.0
94,1215,214876,0.0,0.0008888005864205462,0.00018129521577760208,0.0008888005864205462,1.0281393518639104,5.1300476228871785,3.985219292814139,-95.14128152250737,72.84529059797636,0.07667341599187763,95.14128152250737,0.006750866254985456,12.563731587531977,6.986618540164046,-1.9218504320093917,1.9185747163792568,-0.003627565801131869,1.9218504320093917,0.26654800839016907,2.769997414185781,1.453582786039837,0.07784381270873797,1.7392499260269338,0.7950937919991833,0.0,1.280894138769673,0.8275533042520026,1.0,1.0,1.0,6.878516486105883e-06,-0.729304425833609,0,0,0,0.024674563802288725,0.751506640897901,377,0.5669,-0.00384,0.679074261956796,2,3,-1,0.5664,360,0.737246976764105,0.048544,0.0485441699619622,621.5315203599807,289.80414185364816,0.6091699051052724,0.6091702401509723,0.609170287691728,0.7614628001887154,3.06690091016502e-06,382,0.4141,0.4079,-0.02763,-0.021355,376,0.5131,0.5138,-0.01264,-0.068809,3,0.2361,-0.1091,-0.00237,6.951,0.2911,0.3969,-0.000287,6.947,0.2138,-0.9557,0.000295,6.965,4.015,1.7312,1.7303,1.7346,0.3851,1.0,0.52951,0.55128,1.28743,0.17718,0.9663,1.0061,1.0412,0.5012,2.0319,2.5963,2.1674,21.7222,25.5872,12.5927,54,0.0498,-0.0767,57,0.0664,0.309,-5.0
95,1216,214877,0.0,0.0009370613585353133,0.00018849240675957124,0.0009370613585353133,1.0252644121162007,5.135188185855303,3.985554412712262,-96.54354868037021,73.60475883126793,-0.10468442303321307,96.54354868037021,0.0005554255572306488,12.550515912498042,6.900573640821413,-1.9427904233781412,1.911124194395102,-0.004734152554271923,1.9427904233781412,0.27047796506178384,2.7806948219868013,1.457691918782606,0.07091242401709985,1.4654864023468361,0.8097180561625773,0.0,1.294582671969253,0.8356853998801786,1.0,1.0,1.0,7.44016983377912e-05,-0.73111009690925,0,0,0,0.02747145982361727,0.7541632680221433,377,0.5739,-0.0063,0.6846989829419109,2,3,-1,0.5775,359,0.7390660847102498,0.073521,0.07352106617701892,621.5326347433527,289.80466146191617,0.6091698843328115,0.6091702378067887,0.609170287691728,0.7614627972584859,3.2334240374475634e-06,383,0.3774,0.3638,-0.0465,-0.155495,376,0.5225,0.5206,-0.01112,-0.063123,3,0.2175,-0.2103,-0.003415,6.965,0.3,0.3741,-0.000382,6.949,0.1981,-0.9853,-0.000346,6.991,4.0232,1.7313,1.7272,1.7376,0.391,1.0,0.53979,0.55097,1.28751,0.17719,0.9619,1.0106,1.0507,0.5,2.0277,2.5909,2.1629,21.9666,25.3461,12.4999,54,0.1084,0.2333,57,0.0638,0.6735,-3.0
96,1216,214877,1.268334889401728e-23,0.0010454702105646017,0.0001929540929680945,0.0010454702105646017,1.0254986885301416,5.138975472031787,3.985767044906855,-85.39285042646011,74.37215676750789,0.029308903619740253,85.39285042646011,0.0015635717435037444,12.565320281034989,6.712633747240895,-1.9655106501348336,1.935039980238839,-0.0046297808981484384,1.9655106501348336,0.2748279628017728,2.8073395700739328,1.4620854266948664,0.054483018403471035,1.4600052121011267,0.7964480205416739,1.4142115624116159e-08,1.3087226968079897,0.844536624447425,0.0007183241690330577,1.4140479301256066,0.8709759262642967,0.00019790406409010466,-0.7328844464126303,0,0,0,0.027363760801778096,0.7568922230405504,377,0.5777,-0.00908,0.6923206026014118,3,3,0,0.5835,356,0.7394094112286528,-0.041148,-0.041148208582946655,621.532013221771,289.80437166240847,0.6091698376679762,0.6091702391212244,0.609170287691728,0.7614627989015305,3.6075032428512303e-06,383,0.3646,0.3635,-0.068,-0.056745,376,0.5255,0.5201,-0.01242,-0.00443,3,0.2115,-0.2766,-0.003174,6.978,0.3037,0.3351,0.000704,6.947,0.1924,-0.9981,0.000472,7.02,4.0308,1.7311,1.7235,1.7415,0.3918,1.0,0.53952,0.53948,1.28788,0.17732,0.9623,1.0101,1.0498,0.5,2.0239,2.5861,2.2263,21.8772,25.2985,12.4999,54,0.0909,0.3239,58,0.0639,0.5544,-1.0
97,1216,214877,3.647749417114482e-12,0.0010774905030931767,0.00019104517653008096,0.0010774905030931767,1.0258757463366375,5.142328733912625,3.985978769575644,-86.68746993299696,75.11066537917169,-0.09604343066081614,86.68746993299696,0.00337587056419153,12.56150934133876,6.778916378691795,-1.9649668416798542,1.971534008255766,-0.004660349042762585,1.971534008255766,0.278051983287861,2.8325255061119816,1.4656815574900341,0.10830785629046846,1.4764699279627482,0.7978966236649662,0.014138190503285788,1.3228465451877067,0.8532463837012848,0.007727276814239903,1.4140120845171655,0.8755098002986593,0.0003075222173538152,-0.7345477967298181,0,0,0,0.0279261919027921,0.7595782028829683,377,0.5717,-0.00547,0.7034574452276482,2,2,0,0.5752,352,0.739014888957702,0.021046,0.021045784962260727,621.5323400469323,289.80452405256455,0.6091698238848526,0.6091702384322146,0.6091702876917265,0.7614627980402683,3.7179906235616326e-06,383,0.3463,0.3543,-0.07427,-0.069289,376,0.5172,0.5176,-0.02298,-0.037239,3,0.1994,-0.3244,-0.00092,7.0,0.2959,0.2987,-0.000548,6.947,0.1805,-0.9996,0.001975,7.033,4.0376,1.7336,1.7206,1.7419,0.3961,1.0,0.54667,0.53717,1.288,0.17785,0.9647,1.0077,1.0446,0.5,2.3568,2.469,2.2221,21.8844,25.2139,10.6984,54,0.082,0.8328,58,0.0765,0.9223,2.0
98,1216,214877,1.649228160445315e-11,0.001008988834175898,0.00018924600272671077,0.001008988834175898,1.0263997575626915,5.145382875449392,3.9861903615310648,-87.9584823928266,75.84497041988637,-0.03516682969157283,87.9584823928266,0.0001919405377428518,12.564786494192997,6.8780895344920125,-1.9733003115403676,2.0235744120630654,-0.0049032398567732,2.0235744120630654,0.2809253632705424,2.864914666915571,1.469913723028422,0.11189495388705017,1.4801332723067908,0.8025054890717103,0.027460017178207435,1.3358162555543518,0.8620014816725391,0.0009276553226056361,1.4140498393103764,0.839739622007656,0.00039836030750673,-0.7361487590057957,0,0,0,0.028577154571128388,0.7623248957350718,377,0.5629,-0.00326,0.7115266219597646,0,0,0,0.5655,352,0.7416169179648306,0.012095,0.01209453734349264,621.5333592170506,289.8049992653444,0.6091698533725581,0.6091702362525562,0.6091702876917209,0.7614627953156952,3.4816129353657957e-06,383,0.3271,0.3612,-0.05639,0.026155,376,0.5154,0.523,-0.0331,-0.010091,3,0.1867,-0.3282,-0.000949,7.029,0.2904,0.2595,-0.00131,6.946,0.1711,-0.9974,0.002602,7.045,4.0452,1.7375,1.717,1.7415,0.3998,1.0,0.55573,0.53902,1.2882,0.17921,0.9638,1.0085,1.0463,0.5,2.3543,2.4664,2.2197,21.909,25.1495,10.6824,56,0.2097,0.4163,58,0.133,0.5607,3.0
99,1216,214877,1.193052013770382e-11,0.001019799457551287,0.00018826126146387952,0.001019799457551287,1.0271092918936555,5.148192846813695,3.986399995617135,-89.34732975293878,76.56454746351747,-0.1442642643556106,89.34732975293878,0.009178922034081065,12.563956234283204,6.811483277232171,-1.979444497364989,2.0520652672508346,-0.004771521758534785,2.0520652672508346,0.286214210428523,2.8980589217798287,1.4745736139639245,0.05460611503136934,1.490950725235866,0.8110634135190267,0.041528753343681044,1.3498455079232095,0.8703988778712443,0.002807953742778757,1.4140430061490072,0.8959666763056898,0.0005817702321349284,-0.7376917604144289,0,0,0,0.02814414792442621,0.7651891305202908,377,0.5495,-0.00622,0.7182866095974645,0,0,0,0.5548,347,0.7405883580164824,0.042281,0.04228147327739529,621.5335290359839,289.8050784475397,0.6091698487197964,0.6091702358848503,0.6091702876917229,0.7614627948560628,3.518915068756776e-06,383,0.3111,0.3443,-0.04819,0.03417,376,0.5129,0.5199,-0.04046,0.028919,3,0.1739,-0.3354,3.7e-05,7.056,0.2821,0.1957,-0.0007,6.947,0.1624,-0.9895,0.002895,7.055,4.0526,1.7411,1.7141,1.7408,0.4042,1.0,0.56723,0.54518,1.28811,0.17816,0.9589,1.0133,1.0566,0.5,2.353,2.4651,2.2185,21.8973,25.136,10.6825,57,0.2598,0.1544,58,0.1695,0.2302,0.0
100,1216,214877,6.1898366212368834e-12,0.0010500556630076302,0.00019123415650394878,0.0010500556630076302,1.02797315411692,5.150825148264853,3.9866102289131113,-90.6724985299631,77.26425357100493,0.05892483008068189,90.6724985299631,0.012675163368768588,12.563001548026747,6.871950939102152,-2.0017641048508783,2.1035767811002906,-0.004865988859427316,2.1035767811002906,0.2913304373301569,2.930710279461239,1.4792117878223814,0.06717547349814745,1.47037337601127,0.8117017555453794,0.05550646367098211,1.3639693095667353,0.879358544638529,0.0005605849829514176,1.4140209884941306,0.8825142253126199,0.0007730085111818268,-0.7391697013342823,0,0,0,0.02641442691520926,0.7680832836326581,377,0.5382,-0.00866,0.7214994537224297,0,0,0,0.5444,347,0.7431927999288949,-0.050642,-0.05064214326908223,621.532308360497,289.8045092779958,0.6091698356944713,0.6091702384992546,0.6091702876917253,0.7614627981240681,3.623324100869532e-06,383,0.3,0.3463,-0.05793,-0.059272,376,0.5114,0.5156,-0.04297,0.075243,3,0.1638,-0.4297,-0.000902,7.055,0.2755,0.1487,0.000915,6.942,0.1558,-0.9568,0.000415,7.063,4.0532,1.7406,1.7127,1.7426,0.3986,1.0,0.56541,0.53107,1.28799,0.17945,0.9574,1.0148,1.0599,0.5,2.3508,2.4628,2.2165,22.0211,25.0009,10.6351,57,0.2054,-0.1403,58,0.1259,-0.2418,-2.0
101,1216,214877,5.646294175709506e-11,0.0010890587389726675,0.00019569331764952117,0.0010890587389726675,1.0289828502956861,5.15323800978778,3.986818953623519,-91.91003114309936,77.97124282570296,-0.083461840227036,91.91003114309936,0.007523218926115405,12.558997117323505,6.817289640667702,-2.0388298416827637,2.1472993010770125,-0.0050550218979344055,2.1472993010770125,0.29504590777737666,2.9626972907089044,1.4826088527982622,0.054775271627892065,1.4613739439138322,0.8027235473175972,0.06955073967197652,1.3781058325821989,0.8881836868683499,0.0023101492273297497,1.4141043360959749,0.9344239070150986,0.0009530739931837036,-0.7405782924090684,0,0,0,0.026220572748734138,0.7709616884044408,377,0.5327,-0.01132,0.7264601986536456,0,0,0,0.5374,346,0.7450657675396821,0.037476,0.037476020943400634,621.5324384820814,289.8045699503396,0.6091698189059538,0.6091702382238078,0.6091702876917038,0.7614627977797597,3.7579074034591197e-06,383,0.2957,0.3398,-0.05672,0.21447,376,0.5063,0.5104,-0.04545,0.006577,3,0.1585,-0.6126,0.001046,7.031,0.27,0.1362,0.000651,6.937,0.1508,-0.8665,-0.001435,7.046,4.0443,1.7385,1.7153,1.7422,0.4005,1.0,0.57488,0.53762,1.28857,0.17934,0.9543,1.0178,1.0665,0.5,2.3461,2.4579,2.2121,21.9772,24.9511,10.6351,56,0.1095,-0.6651,58,0.1288,-0.9012,-2.0
102,1216,214877,1.3841195061048126e-10,0.0010800755488895085,0.0001956476950460378,0.0010800755488895085,1.0301407558833906,5.1554889839995255,3.987028717390711,-93.1564274246385,78.70483691681851,-0.0428380681018835,93.1564274246385,0.004951431533692818,12.558982027161909,6.7861383509158415,-2.0861304465713397,2.1786957511136116,-0.005226583161257503,2.1786957511136116,0.2980875876834598,2.994284352084037,1.486552844161537,0.10232481387700842,1.4401474282894124,0.8042560398236901,0.08349170921883385,1.3922137077655794,0.89752792584724,0.00603352826858139,1.4140315329680597,0.9300001165644798,0.0011282987686628255,-0.7419070117572195,0,0,0,0.0264053939214576,0.7737983702978647,377,0.5241,-0.00977,0.7326667252663202,2,3,-1,0.5236,344,0.7461705747738206,0.019082,0.019081513148814677,621.5329405943886,289.80480407237775,0.6091698227733929,0.6091702371536187,0.6091702876916685,0.7614627964420234,3.7269069860545286e-06,383,0.2826,0.3249,-0.05938,1.215897,376,0.5035,0.5093,-0.05519,-0.024619,3,0.1482,-0.822,-0.00055,6.994,0.2643,0.1355,-0.000524,6.935,0.1425,-0.6756,-0.004757,7.026,4.0329,1.7343,1.7196,1.7422,0.4026,1.0,0.57923,0.53767,1.28837,0.17987,0.9545,1.0175,1.066,0.5,2.341,2.4525,2.2072,22.0722,24.7848,10.5873,54,0.1528,-0.9979,58,0.1328,-0.9961,-2.0
103,1216,214877,6.729919147668763e-11,0.001088965504511612,0.0002014405742951515,0.001088965504511612,1.031436332677361,5.1577329346503955,3.9872376783645564,-94.39582591523649,79.46807314836934,-0.19398398774930561,94.39582591523649,0.002582477763248466,12.564938816317477,6.76733795646125,-2.10354421216111,2.2286275547378787,-0.0054310192798852925,2.2286275547378787,0.30381339505364363,3.0253172062956084,1.4904769616514018,0.09183778996219194,1.4883036563185672,0.8069150741068084,0.09756958349063168,1.4063403133042214,0.9068279270649422,0.0003272371713290978,1.4141322945041097,0.9286653590623165,0.0013051811225776911,-0.7431632147899111,0,0,0,0.026322390991266993,0.7765302251759227,377,0.5112,-0.00908,0.7385709223945403,2,3,-1,0.506,343,0.7479531578092216,-0.017495,-0.017494792180959617,621.5337325624766,289.8051733467019,0.6091698189474384,0.6091702354423345,0.6091702876916991,0.7614627943029181,3.7575778649363606e-06,383,0.2859,0.2971,-0.0774,-0.226652,376,0.5081,0.5088,-0.05742,-0.013918,3,0.1463,-0.9169,0.003009,6.952,0.2602,0.1444,0.000386,6.942,0.1456,-0.5273,-0.004345,6.993,4.0197,1.7295,1.727,1.7396,0.4069,1.0,0.58747,0.54801,1.28801,0.18068,0.9518,1.0201,1.0717,0.5,2.3352,2.4464,2.2685,22.1129,24.6123,10.5397,54,0.1203,-0.9753,57,0.0503,-0.998,3.0
104,1217,214878,0.0,0.0010920588484702178,0.0002079253949666394,0.0010920588484702178,1.029467051309971,5.161465656186282,3.987974040244239,-83.04477055757604,80.21060671066965,-0.030808503811228877,83.04477055757604,0.0030989118164527494,12.562778055712364,6.767139929789979,-2.133226729315249,2.317056730132414,-0.005450591370191057,2.317056730132414,0.3081676674059931,3.0557362134779122,1.4935664027579125,0.05489921992847653,1.4520080245001858,0.8119526956756536,0.0,1.4204695596610306,0.9153618158694624,1.0,1.0,1.0,0.0014872761695343681,-0.7443262775200322,0,0,0,0.027078449677724804,0.7791729589100416,377,0.516,-0.01163,0.7390007886977652,2,2,0,0.5079,343,0.750387670220613,-0.071972,-0.07197194654532058,621.5341450237903,289.8053656667905,0.6091698176169413,0.6091702345399344,0.609170287691728,0.7614627931749179,3.7682492384417555e-06,384,0.2954,0.2865,-0.07471,-0.245265,376,0.5048,0.5086,-0.05655,0.007091,3,0.1525,-0.9942,0.004862,6.935,0.2609,0.1138,0.00061,6.948,0.1494,-0.22,-0.000173,6.962,4.0115,1.7287,1.732,1.7354,0.4008,1.0,0.58781,0.51998,1.28843,0.18086,0.9461,1.0257,1.0841,0.5004,2.332,2.4431,2.2654,22.2731,24.4676,10.4921,54,0.0991,0.3107,57,0.1456,0.3787,1.0
105,1218,214879,0.0,0.00114382622619475,0.00021214723142239453,0.00114382622619475,1.027684226328276,5.16564450692011,3.9886149829754896,-84.54658258100719,80.94265065125714,-0.12845951379875278,84.54658258100719,0.017582827618503962,12.560210734449578,6.817813905246987,-2.1398895862714364,2.312594797869783,-0.0051200063389723474,2.312594797869783,0.31416374884588644,3.0710234632555817,1.4973822804259782,0.12528763251013564,1.4566847062164459,0.8183172469915299,0.0,1.4337108368224285,0.9234964439902928,1.0,1.0,1.0,0.0016759641938104083,-0.7454499800407662,0,0,0,0.02966104664395845,0.7818553448574154,377,0.5244,-0.01214,0.7463754460378381,1,1,0,0.524,337,0.7483872024547698,0.044457,0.044456805696159396,621.5356960661775,289.8060888779122,0.6091697953351565,0.6091702310769415,0.609170287691728,0.7614627888461768,3.946867474812147e-06,385,0.2791,0.2708,-0.11274,-0.051548,376,0.4994,0.5066,-0.05168,-0.082794,3,0.1467,-1.0,0.001801,6.934,0.2623,0.0935,-0.000764,6.954,0.1399,-0.0999,-0.000252,6.949,4.01,1.7292,1.7341,1.7328,0.401,1.0,0.59408,0.53097,1.29012,0.18071,0.9454,1.0262,1.0854,0.5008,2.3293,2.4402,2.2627,22.2943,24.4387,10.4919,54,0.2039,0.9576,57,0.2138,0.8346,2.0
106,1218,214879,2.3695796484266512e-23,0.0011896107016558443,0.00021479733614505114,0.0011896107016558443,1.0291995382515866,5.1684200975834536,3.9888153057231737,-86.0767319055284,69.14559326686317,-0.12415124176356536,86.0767319055284,0.014476084685247012,12.564286422823901,6.849724838482601,-2.1523966223318465,2.2906373891654392,-0.005126763508781712,2.2906373891654392,0.32011252029155757,3.084870615858068,1.501062580570544,0.05503568220002777,1.4683364514228676,0.8209485642766723,1.4142115624116159e-08,1.4463168516229772,0.9323323945753579,0.0004259774584879361,1.4139011491978815,0.8698124035280561,0.0018728750449863558,-0.746506953200676,0,0,0,0.032402046505156816,0.7846585109227635,377,0.5313,0.00121,0.756655850322588,0,0,0,0.5302,334,0.7485456726577475,0.090504,0.09050433151753623,621.5385438493399,289.8074167258628,0.6091697756313039,0.6091702244345724,0.609170287691728,0.7614627805432154,4.104831805533574e-06,385,0.2818,0.2662,-0.13509,0.01189,376,0.4949,0.5081,-0.05045,-0.022159,3,0.1504,-0.9958,0.001611,6.93,0.2636,0.0329,-0.002327,6.962,0.1404,0.0584,-0.001931,6.927,4.0064,1.7297,1.7376,1.7289,0.4038,1.0,0.59473,0.54142,1.29055,0.18131,0.9476,1.0241,1.0808,0.5,2.3274,2.4382,2.3274,22.3236,24.3449,10.4601,54,0.3073,0.9978,57,0.2424,0.9865,6.0
107,1218,214879,2.092967218887191e-12,0.0011586910470847412,0.0002133838474099873,0.0011586910470847412,1.0309193930152079,5.170998543829667,3.9890134282590775,-87.29973411972578,69.89944100759394,-0.21374188880662104,87.29973411972578,0.0062973713626338634,12.563740408242204,6.812113184494559,-2.183862214064227,2.340079240205622,-0.00506078576854178,2.340079240205622,0.3272140136906543,3.1138485097837942,1.5051891537134794,0.05502096448008549,1.4634856722493026,0.8123991413759499,0.014132337634342117,1.460234335258091,0.9410305185713976,0.002557476117276636,1.4140900410104587,0.8815260405784356,0.002077475734776845,-0.7474732621294651,0,0,0,0.031805342525476246,0.787239915067588,377,0.5213,0.00416,0.7642570511798119,0,0,0,0.5181,332,0.7493567357900123,-0.011183,-0.011183332556586212,621.5385805044682,289.8074338172052,0.6091697889406946,0.6091702243466999,0.6091702876917271,0.7614627804333748,3.998141220268285e-06,385,0.2711,0.2621,-0.1453,-0.004723,376,0.4952,0.5126,-0.05511,0.037936,3,0.1423,-0.9815,-0.000528,6.92,0.259,-0.0086,-0.000518,6.961,0.1355,0.2001,-0.00175,6.921,4.0034,1.7284,1.7388,1.7289,0.4041,1.0,0.59343,0.55593,1.29042,0.18274,0.9468,1.0248,1.0823,0.5,2.3255,2.4362,2.3255,22.3533,24.2886,10.4445,54,0.2732,0.9991,57,0.1914,0.986,2.0
108,1218,214879,2.159034062853562e-11,0.0011820830862976368,0.00021714121110687475,0.0011820830862976368,1.0328041939608354,5.173492592490889,3.989208894230263,-88.66245659992181,70.6254818510276,-0.05580000206541612,88.66245659992181,0.001465982700392332,12.556111507148298,6.929378142469456,-2.2148062784121625,2.3735626288512077,-0.0054432916524079205,2.3735626288512077,0.33129237535239925,3.142168161654544,1.509340255559238,0.06933132251281504,1.4534670590933614,0.8251887473953422,0.028030639850617874,1.474204087380829,0.949845778790851,0.003656025261417728,1.4140900852837115,0.8981286610056958,0.0022639063031639393,-0.7483581069930648,0,0,0,0.032169542859874695,0.7897491721213777,377,0.5245,0.00836,0.7697738629434936,0,0,0,0.5246,332,0.7516136488100351,0.017548,0.01754776378509293,621.5381926085743,289.8072529513392,0.6091697788711202,0.6091702252737317,0.6091702876917188,0.7614627815921645,4.078859567038225e-06,385,0.2697,0.2714,-0.16116,0.038582,376,0.4932,0.5059,-0.05706,-0.006129,3,0.1424,-0.9966,-0.004591,6.934,0.2595,-0.0349,0.000606,6.955,0.1342,0.1169,0.000672,6.957,4.0117,1.7285,1.7336,1.7341,0.4,1.0,0.5918,0.52446,1.29023,0.18277,0.9439,1.0277,1.0888,0.5,2.3236,2.4343,2.3236,22.4776,24.1584,10.397,53,0.088,0.9773,57,0.0763,-0.0108,0.0
109,1219,214880,0.0,0.0012286758190991189,0.00022266241750520499,0.0012286758190991189,1.0315732147997345,5.177489967968529,3.9897173850528387,-89.97911731240745,71.41481568216322,-0.19336654082856844,89.97911731240745,0.0005373476698170877,12.561914142418102,6.976871346164199,-2.236567285252517,2.4328413841329493,-0.005512137885564025,2.4328413841329493,0.33356461054949443,3.1679212579416407,1.5130759975387993,0.10100668537603807,1.4816171875519486,0.8186461756847229,0.0,1.486267940242042,0.9580404967910723,1.0,1.0,1.0,0.0024532286709126215,-0.7491937601649005,0,0,0,0.03327580790399487,0.7922411774848217,377,0.5285,0.00915,0.7757923300528842,1,1,0,0.5327,330,0.7523982086131816,0.037247,0.037246654815265456,621.538212349224,289.8072621558958,0.6091697588159901,0.6091702252268102,0.609170287691728,0.7614627815335127,4.239630884191502e-06,386,0.258,0.2911,-0.15632,0.158934,376,0.4936,0.5006,-0.05174,-0.05717,3,0.1368,-0.9997,-0.00706,6.954,0.2615,-0.0378,0.001681,6.951,0.1279,0.0607,0.000283,7.017,4.0264,1.7271,1.7262,1.7428,0.3985,1.0,0.59218,0.53795,1.29085,0.18314,0.9497,1.0219,1.0761,0.4996,2.3219,2.4324,2.3219,22.5079,24.14,10.3967,53,0.1659,-0.973,57,0.2122,-0.8038,2.0
110,1219,214880,1.7259884934530748e-23,0.0012589683819466482,0.00022748301995218785,0.0012589683819466482,1.0336845059665543,5.180082357685106,3.9899066545925583,-91.39266524781006,72.1672505744601,-0.15944025419083468,91.39266524781006,0.00043155395532532004,12.561279354492024,7.0423888727862245,-2.271660868145945,2.454097323236407,-0.005746314042248588,2.454097323236407,0.33776699579711233,3.1730299617633384,1.516843142490303,0.09326047963090822,1.4810223847628963,0.817525389909356,1.4142115624116159e-08,1.4910540712964448,0.9669736907296244,0.00031985290146285816,1.4141226476014732,0.9001710188582718,0.002627690064755275,-0.7499563771747563,0,0,0,0.037076816294442504,0.7947801977099159,377,0.537,0.00956,0.7818885633781304,2,2,0,0.5465,329,0.7538947808432005,0.04098,0.04098000176443706,621.5405865187305,289.8083691699955,0.6091697457800889,0.6091702194435095,0.609170287691728,0.7614627743043868,4.344140873337456e-06,386,0.2424,0.3161,-0.11217,0.230185,376,0.4977,0.4928,-0.04484,-0.044919,3,0.1302,-0.9996,-0.005093,6.979,0.2678,-0.0215,-0.000228,6.952,0.1209,0.0511,0.00017,7.06,4.0399,1.7275,1.7209,1.7476,0.3969,1.0,0.59088,0.55777,1.29133,0.18313,0.955,1.0164,1.0643,0.5004,2.32,2.4304,2.32,22.6787,23.9728,10.3331,54,0.2889,-0.9963,58,0.2509,-0.9624,3.0
111,1220,214881,0.0,0.001263122124575109,0.00023228190625272053,0.001263122124575109,1.0329848359591864,5.184339488868755,3.990144036424246,-92.62974359925873,72.94640711084018,-0.2383766340440728,92.62974359925873,0.002930670361573462,12.565192861664352,7.032564867765904,-2.3104329645036974,2.485186437504959,-0.005291821762687622,2.485186437504959,0.3417824126239528,3.200200083374371,1.5194654538143457,0.0728631113297048,1.4585935637490692,0.8115134828321977,0.0,1.5051926149873835,0.9751754209239409,1.0,1.0,1.0,0.002761507854057508,-0.7506598932973519,0,0,0,0.03901310670315761,0.7973246402513783,377,0.5402,0.0147,0.7879766343902732,1,2,-1,0.5556,326,0.753907753738964,-0.02465,-0.024649952768152517,621.5412931696046,289.80869866309996,0.6091697439933931,0.6091702176728502,0.609170287691728,0.7614627720910627,4.358468639492002e-06,387,0.2294,0.2895,-0.05571,0.025819,376,0.5053,0.4888,-0.0415,0.02646,3,0.1243,-0.9893,-0.001208,6.969,0.2734,-0.0189,0.001273,6.955,0.1165,0.1648,-0.001455,7.071,4.0407,1.7248,1.7212,1.75,0.4015,1.0,0.59879,0.54877,1.29129,0.18443,0.9449,1.0264,1.0863,0.5008,2.3182,2.4286,2.3182,22.7091,23.955,10.3334,54,0.1582,-0.9566,57,0.0814,-0.9175,2.0
112,1220,214881,9.041774982577085e-24,0.0012947964858136829,0.00023835922823841178,0.0012947964858136829,1.0353016719316481,5.187069338185232,3.990326217028438,-81.51522887625315,73.70518549417858,-0.13396212143666797,81.51522887625315,0.002586032854197784,12.56512144636729,7.007726238589531,-2.3556510469634904,2.479188585026208,-0.005010434238862997,2.479188585026208,0.3467455494184702,3.2268295913711835,1.5236974018082148,0.0552213621603105,1.5025769006717744,0.826525377760401,1.4142115624116159e-08,1.5188548253005445,0.9836759470642082,0.0014747718503538287,1.414013717524953,0.8923559773140592,0.002912095376812045,-0.7512636513594481,0,0,0,0.04149614784653669,0.7999151969875665,377,0.5523,0.01415,0.7934015187032964,2,2,0,0.5647,325,0.7554451469832947,-0.043334,-0.04333371166676514,621.5422315459851,289.8091362038405,0.6091697303615862,0.6091702152864743,0.609170287691728,0.7614627691080929,4.4677559264486854e-06,387,0.2084,0.2558,-0.05089,-0.090655,376,0.5097,0.49,-0.03459,-0.001556,3,0.1163,-0.8729,-0.000796,6.972,0.2818,-0.0036,0.001369,6.954,0.1074,0.491,0.000686,7.085,4.0435,1.7241,1.7197,1.7521,0.4015,1.0,0.60506,0.52267,1.29154,0.18607,0.944,1.0273,1.0882,0.5,2.3165,2.4268,2.3827,22.6923,23.9005,10.3175,55,0.0639,0.921,57,0.0934,0.5947,2.0
113,1220,214881,4.037053560595787e-12,0.0014008075192888199,0.0002466273489745719,0.0014008075192888199,1.0378065941900931,5.189589495187876,3.9905038049587525,-82.74338089402768,74.5419282519233,-0.2528713225930433,82.74338089402768,0.005043143562263097,12.566047053598998,6.901646841188464,-2.415817808086529,2.4959264465479856,-0.00584626644849334,2.4959264465479856,0.34986110008715077,3.2594803546097384,1.527023055362059,0.05541634404169673,1.4633512976612817,0.8255296742117555,0.013416455938505378,1.532909249607197,0.9925995068353105,0.0003879501060475299,1.4141613966549398,0.9327499120099491,0.003078859377965578,-0.7518150515110158,0,0,0,0.04569618740121016,0.8024273304576385,377,0.5683,0.02242,0.7970639955401224,2,3,-1,0.5752,323,0.7561276277693671,-0.010199,-0.010198737000022273,621.5437185439608,289.8098295527024,0.6091696847322448,0.6091702114230015,0.6091702876917263,0.7614627642787519,4.833540399408987e-06,387,0.1862,0.2084,-0.06098,-0.02513,376,0.5145,0.4929,-0.02901,-0.075985,3,0.1072,-0.5443,0.002897,6.97,0.2925,-0.0221,0.000732,6.954,0.0971,0.8507,0.001654,7.071,4.0405,1.725,1.721,1.75,0.4072,1.0,0.61525,0.53438,1.291,0.18481,0.9474,1.0239,1.0808,0.5,2.3152,2.4254,2.3813,22.6791,23.8865,10.3173,55,0.2035,0.9489,57,0.1592,0.983,2.0
114,1220,214881,6.73613313110279e-11,0.0013518210361788926,0.00025032403458428884,0.0013518210361788926,1.0405052132052675,5.191990449049373,3.9906775182549983,-83.9414647310693,75.31053039235793,-0.19218536994888227,83.9414647310693,0.003636284381416388,12.566218268158593,6.83700328517112,-2.4080179858390065,2.5248195896905403,-0.005842305787116014,2.5248195896905403,0.352466197166752,3.2914997770335828,1.5299534390073415,0.08067902860536769,1.4884256385794403,0.8211089459494134,0.027543495656870195,1.5470498774385237,1.0019270058469392,0.0012100834161453689,1.4140286862871798,0.9033729865853904,0.003256982017158442,-0.7523046944057726,0,0,0,0.05092485758999172,0.8047961384455512,377,0.5797,0.03701,0.8016267017836556,1,2,-1,0.581,321,0.756622490004107,0.007761,0.007760510523872277,621.5466465013159,289.81119478381436,0.6091697058229166,0.6091702035225894,0.6091702876916991,0.7614627544032367,4.6644886757645375e-06,387,0.1967,0.2115,-0.06439,-0.143383,376,0.5124,0.4904,-0.01963,-0.000583,3,0.1141,0.2403,0.010183,6.945,0.2972,-0.0387,-0.001274,6.958,0.1009,0.9607,0.000788,6.991,4.0211,1.727,1.7304,1.7387,0.4178,1.0,0.62591,0.54324,1.29105,0.18573,0.9485,1.0227,1.0782,0.5,2.3133,2.4234,2.3794,22.8025,23.7571,10.2698,52,0.2807,0.8754,56,0.1646,0.8892,-1.0
115,1220,214881,3.0502172294585407e-11,0.001386816807444547,0.00026064947018146186,0.001386816807444547,1.0433988986647795,5.194133497283756,3.9908464086226334,-85.13635935894861,76.12242209624279,-0.22824851232046128,85.13635935894861,0.015652606513366862,12.565288874213852,6.709028234248572,-2.4452535661994963,2.5579045558066933,-0.0060628860054466,2.5579045558066933,0.356969198259859,3.322007916971293,1.5332638690293405,0.06377804319132319,1.5206187246525562,0.8216915492053087,0.041649488178599564,1.5611093889378678,1.0109607357769315,0.0011958288645779191,1.4140275559426643,0.9360585061615889,0.0034433658595920823,-0.7527400940811567,0,0,0,0.05270543344152108,0.8071327048181894,377,0.5825,0.03858,0.8057703723724231,0,1,-1,0.589,319,0.7570854766201063,0.005312,0.0053123222339375165,621.5474519024826,289.8115703216372,0.6091696907611222,0.6091702012812173,0.609170287691715,0.7614627516015217,4.785236165365782e-06,387,0.2045,0.2067,-0.0465,-0.021077,376,0.5183,0.4924,-0.01532,0.024257,3,0.1193,0.7015,0.001456,6.929,0.3021,-0.0825,-0.000789,6.963,0.1062,0.6523,-0.002244,6.972,4.0152,1.7256,1.7341,1.7365,0.4217,1.0,0.63305,0.54386,1.29102,0.18648,0.9451,1.026,1.0857,0.5,2.3115,2.4215,2.3775,22.8317,23.7017,10.2538,52,0.1841,0.7318,56,0.0468,0.5931,3.0
116,1220,214881,6.973200732335068e-11,0.0014223893373621283,0.0002720336255243034,0.0014223893373621283,1.0464872997736203,5.196112726179763,3.991013121829842,-86.34794543760954,76.86405639477553,-0.1104910184652531,86.34794543760954,0.0024348240485440042,12.549112887811432,6.636220010131298,-2.4869909223015525,2.585320108298144,-0.0061580203768489125,2.585320108298144,0.36177448140322344,3.350819203459866,1.5373740182782407,0.05546289782507355,1.48791782560939,0.8347218211073754,0.04702164453833871,1.5752444512603403,1.0203213208257993,4.976681522894655e-05,1.4139013758706707,0.8765441102797957,0.003636106024927361,-0.7530761724266638,0,0,0,0.05191752340683372,0.8094113674472991,377,0.5781,0.02798,0.8093013388833689,0,1,-1,0.5822,319,0.7591547414856445,0.011179,0.011179065250599196,621.5474437508003,289.8115665207177,0.6091696754493025,0.6091702013039367,0.6091702876916981,0.7614627516299208,4.907979879610658e-06,387,0.2132,0.2023,-0.05707,-0.063442,376,0.5247,0.5005,-0.01493,0.044762,3,0.1234,0.9657,-0.000435,6.921,0.3035,-0.1126,0.001007,6.953,0.1121,0.1495,0.000526,6.972,4.0119,1.7251,1.7331,1.7379,0.4158,1.0,0.63393,0.52638,1.29148,0.1871,0.9453,1.0258,1.0852,0.5,2.3095,2.4195,2.3755,22.8123,23.6816,10.254,53,0.0412,0.9867,56,0.0545,0.1029,1.0
117,1221,214882,0.0,0.0014985560875381396,0.0002857208229803756,0.0014985560875381396,1.052410884288782,5.1997221905487185,3.9913841720852288,-87.53393848006328,77.57501313728547,-0.24530323887369895,87.53393848006328,0.008843610705916893,12.558596391520489,6.604797405057968,-2.5162905035398384,2.633198092857513,-0.0064041787278456795,2.633198092857513,0.3649373669677936,3.380885850278448,1.5401887411622956,0.07136070328032965,1.5055628673320824,0.8258435115183484,0.0,1.5893787457743902,1.0282439390038538,1.0,1.0,1.0,0.0038395871925132525,-0.7534126218609165,0,0,0,0.0491351730707321,0.8103936858533289,378,0.5691,0.01916,0.8115311903267202,3,4,-1,0.5738,319,0.7590632957628485,-0.010837,-0.010837340671346007,621.5469657068237,289.81134362112226,0.6091696426637592,0.6091702026378552,0.609170287691728,0.7614627532973189,5.170798591987621e-06,387,0.2629,0.2525,-0.07436,-0.144328,376,0.5235,0.4964,-0.01232,-0.052091,3,0.1497,0.9753,0.005138,6.917,0.2982,-0.1282,0.000736,6.947,0.1377,-0.3441,0.003266,6.941,4.004,1.7276,1.735,1.7335,0.4153,1.0,0.63408,0.5399,1.29246,0.18729,0.9434,1.0278,1.0895,0.4996,2.3076,2.4175,2.3736,22.8409,23.6624,10.2541,51,0.1519,-0.3995,55,0.1502,0.0766,-1.0
118,1223,214885,0.0,0.0014651775225188895,0.00029143635216911376,0.0014651775225188895,1.049408433304407,5.205544229819953,3.991916629216248,-88.72643528949419,78.31789549495144,-0.1634119561762813,88.72643528949419,0.00997000848099816,12.557165837110123,6.561879920485401,-2.4951440580624653,2.6112496133750676,-0.005377701079074495,2.6112496133750676,0.3702627424221246,3.410030091453252,1.5442081785175865,0.10557791723972955,1.5369920181531518,0.8256804617004108,0.0,1.5918175504682328,1.0355171272181813,1.0,1.0,1.0,1.2325035408148596e-05,-0.7536552538299546,0,0,0,0.0504606078469646,0.812711085705939,378,0.5619,0.01141,0.8200085221636716,3,3,0,0.5685,317,0.7595997939238155,0.026344,0.02634409199116239,621.5489296540626,289.8122593591429,0.609169657034375,0.6091701970922186,0.609170287691728,0.7614627463652732,5.055609192512465e-06,389,0.2704,0.2676,-0.09416,0.005029,376,0.5182,0.4934,-0.01785,0.050051,3,0.1521,0.898,-0.001656,6.911,0.2915,-0.1333,-0.000162,6.945,0.1404,-0.5559,-0.00153,6.946,4.0034,1.7263,1.7349,1.735,0.4117,1.0,0.63752,0.54626,1.29393,0.18729,0.9437,1.0272,1.0885,0.5004,2.3056,2.4154,2.3714,22.7733,23.751,10.3014,52,0.1427,-0.2034,54,0.0969,0.4527,-3.0
119,1223,214885,1.4032243037781722e-23,0.0015438182468794507,0.00029727486800681203,0.0015438182468794507,1.052725155473881,5.207899795437221,3.9920692633730903,-90.22778847121637,79.07778738329769,-0.21550071325869843,90.22778847121637,0.0015107715804101307,12.555161549938884,6.450016560693789,-2.520842082459592,2.5844037271822677,-0.004862163999823573,2.5844037271822677,0.3757525388280292,3.4255612488970644,1.548077006432484,0.07444444460420618,1.5573163788865498,0.8312579367008475,1.4142115624116159e-08,1.6033981022726402,1.0443485726342188,0.0025597301885043056,1.414133731689064,0.9365917824032314,6.373229168794041e-05,-0.7538131761161657,0,0,0,0.05121965587402532,0.8151018932218418,378,0.5586,0.00373,0.8252026530188632,2,2,0,0.5619,313,0.7586034780097007,-0.027626,-0.027625522673808467,621.5491835930012,289.8123777643304,0.6091696231852071,0.6091701963622799,0.609170287691728,0.7614627454528498,5.32695759507847e-06,389,0.2445,0.2632,-0.11565,0.133158,376,0.52,0.4995,-0.02101,-0.051263,3,0.1368,0.8449,-0.005605,6.922,0.2909,-0.1658,-0.000238,6.943,0.1276,-0.6677,-0.001304,6.983,4.0122,1.7252,1.7306,1.7403,0.4068,1.0,0.63438,0.55662,1.29503,0.18936,0.9445,1.0264,1.0868,0.5004,2.3041,2.3041,2.4358,22.7593,23.7364,10.3018,53,0.0281,-0.8446,54,0.0796,0.938,-1.0
120,1223,214885,6.518448886417971e-12,0.0015285673474016612,0.00029538399970947197,0.0015285673474016612,1.0562471645268414,5.210300256281282,3.9922176358609804,-78.80903902504897,79.79745679744352,-0.14950008257517913,79.79745679744352,0.0033619901492851767,12.562532512138164,6.3906796569590725,-2.5687576146455746,2.6241264189928946,-0.005815016612029961,2.6241264189928946,0.37826800993643644,3.4539930722228664,1.5508132448197984,0.09360150372298082,1.5843021679259046,0.8380010930615026,0.01258461257528459,1.6174676739253742,1.0537144903277145,0.0005350993760290246,1.4140617628935936,0.9565690097657719,0.00015531195449732522,-0.7539181131767508,0,0,0,0.05213197708543667,0.8174078563138282,378,0.5644,-0.00366,0.8254815640993742,3,4,-1,0.5687,311,0.7590751708212378,-0.045583,-0.04558280495515388,621.5480698565182,289.81185845769,0.6091696297482853,0.6091701995415539,0.6091702876917253,0.7614627494269424,5.2743436915809255e-06,389,0.197,0.2535,-0.13205,0.262927,376,0.5144,0.5002,-0.01693,-0.025988,3,0.1113,0.7732,-0.007577,6.944,0.2908,-0.2128,0.001321,6.942,0.1016,-0.7842,-0.000267,7.046,4.0285,1.7237,1.7233,1.7491,0.4051,1.0,0.6352,0.53483,1.29463,0.18972,0.9429,1.0279,1.0902,0.5004,2.3026,2.3026,2.3683,22.8376,23.6834,10.2855,55,0.2038,-0.2286,55,0.1736,0.1927,1.0
121,1223,214885,7.915623122895818e-11,0.0015261381432893882,0.0002933299657285187,0.0015261381432893882,1.0599763835530076,5.212702018717169,3.992362958688336,-80.03817082007309,67.96922421579774,-0.2779286612302092,80.03817082007309,0.0037949524741784316,12.562071673011488,6.396543497036021,-2.607601870777244,2.673835123818759,-0.005782395986225726,2.673835123818759,0.37987728446399016,3.4815879405588968,1.5532030772203085,0.11734114151011354,1.6049538071168383,0.8252217098430473,0.02299061607696875,1.631607349353978,1.0632801805399987,0.0014702215293052046,1.4141089905109003,0.9638878805651431,0.00029340205852142887,-0.7539497184226489,0,0,0,0.056373202301243146,0.8196348735550576,378,0.5772,-0.00652,0.826496359577971,2,3,-1,0.5753,311,0.7609603727562549,0.014492,0.014491895086101048,621.5492568830892,289.81241193761105,0.6091696307969161,0.6091701961513099,0.6091702876916939,0.7614627451891373,5.265951630870542e-06,389,0.1224,0.1951,-0.10783,0.155524,376,0.5138,0.4959,-0.00665,-0.080125,3,0.0707,0.5623,-0.007232,6.986,0.2969,-0.2569,0.000944,6.948,0.063,-0.9436,0.001245,7.12,4.052,1.7241,1.7147,1.7571,0.4101,1.0,0.63749,0.54316,1.29475,0.18995,0.9434,1.0274,1.0891,0.5004,2.301,2.301,2.3668,22.8694,23.6312,10.27,56,0.2388,-0.3724,57,0.2146,-0.3184,-2.0
122,1223,214885,1.7596037365271773e-10,0.0015451479881437202,0.00029644845847282166,0.0015451479881437202,1.0639112992517048,5.215091070009965,3.992503326944478,-81.24813929860905,68.745608234736,-0.1626130039584731,81.24813929860905,2.2178418070950556e-06,12.562439052276593,6.195910319066481,-2.6235629725179175,2.71884663256769,-0.0059320531469491036,2.71884663256769,0.38143103014877244,3.5084805135204076,1.5553479827438668,0.055575337626314995,1.6258331423009138,0.8374092469277804,0.03472370029981835,1.6453265539196946,1.072919059253889,0.004646689854012287,1.4139600453726202,0.9328544831811619,0.00048580583757325794,-0.7538707548433881,0,0,0,0.06312774836692736,0.8217266104174729,378,0.585,0.00201,0.8336594661389041,1,1,0,0.5891,306,0.7587517006979752,0.058235,0.058234650191863135,621.5532820396086,289.8142887644375,0.6091696226217712,0.6091701841789717,0.6091702876916524,0.7614627302237146,5.331510722715347e-06,389,0.0786,0.1238,-0.1373,-0.198695,376,0.5181,0.4998,-0.00441,0.012402,3,0.0477,-0.2325,0.000841,6.984,0.3034,-0.3286,-0.001907,6.956,0.0423,-0.8422,-0.001737,7.106,4.0504,1.7242,1.7173,1.7544,0.4429,1.0,0.64773,0.54628,1.29456,0.19035,0.9421,1.0286,1.0917,0.5004,2.2994,2.2994,2.2994,22.9004,23.6147,10.2699,56,0.2094,-0.1613,57,0.1677,-0.1009,-1.0
123,1223,214885,2.763617403907799e-10,0.001603249986748159,0.00030869889462083953,0.001603249986748159,1.0680477584046184,5.217371492919052,3.9926396970992784,-82.43652292346962,69.50110230125809,-0.2582755019527615,82.43652292346962,0.015470614651698966,12.554525156350527,6.100420971342469,-2.6510411660810775,2.759663254554804,-0.006630502747377181,2.759663254554804,0.3857058388524658,3.5346638008504057,1.5586754337778488,0.12004365027204522,1.6322172346658272,0.8409575938305128,0.043916283803388446,1.6584595520197998,1.0822476040345999,0.008534363902734543,1.4140855547110545,1.0090094490207893,0.0007408823978641838,-0.7537107278918265,0,0,0,0.06555924154555075,0.8238466011970557,378,0.585,-0.00505,0.8417475312213821,0,0,0,0.5922,305,0.7597663146066653,0.039501,0.039500782833268966,621.5542570291768,289.8147433769646,0.6091695976155466,0.6091701811685274,0.6091702876916091,0.7614627264606592,5.531982148550661e-06,389,0.1048,0.1067,-0.16787,-0.14063,376,0.5272,0.5059,-0.00456,-0.003011,3,0.0634,-0.9899,0.008914,6.851,0.3086,-0.3892,-0.000194,6.957,0.0572,0.2547,-0.012102,6.985,4.0017,1.712,1.7385,1.7455,0.4887,1.0,0.65291,0.5537,1.29463,0.18981,0.951,1.0196,1.0721,0.5004,2.626,2.1883,2.2978,22.837,23.6342,9.0001,51,0.1823,0.6461,51,0.1715,0.2543,0.0
124,1223,214885,1.1951566127618737e-10,0.0017032514206863979,0.00033254262201274856,0.0017032514206863979,1.0723892397288337,5.219622870654889,3.9927749776302055,-83.61123241364568,70.22114074882353,-0.13647754096242493,83.61123241364568,0.000916614039937258,12.556410928807397,6.10994252539339,-2.6885238456223006,2.795354115118838,-0.007198125686229027,2.795354115118838,0.3900027359151508,3.5604250033789193,1.5619657886156453,0.0556079323420058,1.6417725599155757,0.8282806624060853,0.05509582923824083,1.6707309350684567,1.0923376984895874,0.0004953779043673778,1.4139928257189882,0.8897892082501208,0.0010663691453599983,-0.7534970326512993,0,0,0,0.06564599107941502,0.82598361591235,378,0.5805,-0.0091,0.8510770338765878,2,2,0,0.5972,305,0.7615936328594395,-0.007865,-0.00786529928292623,621.5539569651896,289.8146034648548,0.6091695545709591,0.6091701820995031,0.6091702876916767,0.7614627276243788,5.877037941923266e-06,389,0.1569,0.1771,-0.12752,0.023996,376,0.5352,0.5161,-0.00344,0.04047,3,0.0911,-0.8367,0.001202,6.863,0.3108,-0.435,0.00085,6.953,0.084,0.8571,0.002984,6.988,4.0039,1.7142,1.7367,1.7452,0.4514,1.0,0.66079,0.53525,1.29467,0.19204,0.9454,1.0252,1.0844,0.5004,2.6241,2.1868,2.2961,22.9144,23.5444,8.9724,51,0.1339,0.3535,50,0.1539,-0.2779,-1.0
125,1223,214885,6.298567200263704e-11,0.0017043160155685206,0.0003455195247721442,0.0017043160155685206,1.0769401709205393,5.221643432045332,3.9929029942899112,-84.79283140231561,70.9306859553506,-0.2613738342706529,84.79283140231561,0.0035602108306385105,12.564375588452599,6.113517072142399,-2.708241863846198,2.804666308429116,-0.0070542234684936225,2.804666308429116,0.3921472424158839,3.585438628552722,1.5642860832071535,0.06485549647735378,1.6515744470375002,0.83464762653513,0.0653901234364285,1.6845641928040849,1.1012355906822946,6.197993810463931e-05,1.4141535063229067,0.9338702631015305,0.0014695497354223275,-0.753194581840691,0,0,0,0.06364915943389332,0.8281080251349934,378,0.5734,-0.01342,0.8580061008021191,2,2,0,0.6,304,0.7626197322189349,0.035125,0.03512505673197652,621.5538845435567,289.8145696965124,0.6091695541121381,0.6091701823235557,0.6091702876917009,0.7614627279044446,5.880711992337872e-06,389,0.1884,0.2135,-0.12117,-0.016402,376,0.541,0.5171,-0.00938,0.002743,3,0.1091,-0.4281,0.000914,6.892,0.3103,-0.457,0.000634,6.95,0.1029,0.9995,0.004755,6.998,4.0108,1.7184,1.7328,1.7449,0.4197,1.0,0.6601,0.54625,1.29516,0.1929,0.9439,1.0267,1.0877,0.5004,2.6216,2.1847,2.2939,22.9858,23.4487,8.9444,51,0.1149,-0.136,51,0.1798,-0.5189,-2.0
126,1223,214885,4.3409432519971307e-10,0.00177893745822425,0.0003499715793038605,0.00177893745822425,1.0817003144614035,5.223505299092158,3.993026447147603,-85.96177094161268,71.6672363819899,-0.14946615256727847,85.96177094161268,0.008697541174390006,12.563002653666064,6.152472816520401,-2.761557535736266,2.8499237722442605,-0.007265108827921482,2.8499237722442605,0.396926217715282,3.609679015242801,1.5669981617184645,0.12422173216763077,1.6790199310261045,0.8350969124082697,0.07849952464258805,1.6986317636197226,1.1105742931894749,0.0016475730575006287,1.414109801617011,0.9324357792024324,0.0019564413408333804,-0.7528704802286333,0,0,0,0.06346689314807902,0.8302885516416226,378,0.5575,-0.018,0.8684601758115998,4,3,1,0.5956,303,0.7635243740382561,0.003006,0.003005951971056575,621.5543155820598,289.81477067866604,0.6091695219942022,0.6091701809861629,0.6091702876915412,0.7614627262327036,6.1381876916020205e-06,389,0.2056,0.2249,-0.15599,-0.074014,376,0.5444,0.5193,-0.01879,0.038179,3,0.116,-0.0676,0.003111,6.918,0.3036,-0.4797,-0.001627,6.949,0.1132,0.9078,0.003995,6.982,4.0125,1.724,1.7319,1.7402,0.4173,1.0,0.66841,0.54952,1.29507,0.19321,0.9397,1.0308,1.0969,0.5004,2.6189,2.1824,2.2916,23.1027,23.3158,8.9029,52,0.1506,-0.0058,52,0.1413,-0.2744,-2.0
127,1223,214885,2.643902713033611e-10,0.0018550013527923433,0.00036075939168403215,0.0018550013527923433,1.0866665700534992,5.225159713178525,3.9931459407616683,-87.10345639395679,72.34775217099963,-0.27645582091376536,87.10345639395679,0.0020007901379415216,12.542029678363566,6.242259678193685,-2.811305651510452,2.8950478489726446,-0.008022295480710769,2.8950478489726446,0.40053684984413557,3.633141509244247,1.5703808277837603,0.05587566966487345,1.705670216595301,0.8377135746526677,0.09067449252839622,1.7126439135247256,1.1198986508264814,0.0008347966449890887,1.4141355268446385,0.9635920868972185,0.0025316910257428276,-0.7524927606767111,0,0,0,0.06307157777245068,0.8324108438927503,378,0.5521,-0.02381,0.8741678549304767,2,1,1,0.5946,301,0.7637819393627606,-0.010078,-0.010078193929287105,621.5543564325625,289.8147897262034,0.6091694892557674,0.6091701808591432,0.6091702876916143,0.761462726073929,6.4006441995069265e-06,389,0.2319,0.2359,-0.18392,0.007167,376,0.5473,0.5229,-0.02114,-0.046944,3,0.1284,0.1901,0.005765,6.915,0.3022,-0.5181,0.000125,6.943,0.1273,0.7412,0.003442,6.944,4.0033,1.7274,1.7342,1.7346,0.4138,1.0,0.66471,0.56106,1.2948,0.19458,0.9461,1.0244,1.0827,0.5004,2.6163,2.1803,2.2893,23.0799,23.2928,8.903,51,0.0876,-0.4864,51,0.0884,0.0609,0.0
128,1223,214885,3.161294393912234e-10,0.0019072139961360086,0.00038114994731973866,0.0019072139961360086,1.0918425581451001,5.2267545975756065,3.9932626663652604,-76.63862383065849,73.04521603883873,-0.1932836818427994,76.63862383065849,0.0012167014974551194,12.556217257279059,6.290890318219186,-2.8313501364108222,2.9201369101410237,-0.007860091498069616,2.9201369101410237,0.40392902716805196,3.6559411735926557,1.5732543274468853,0.05766829562002973,1.7281109989664054,0.837952961195715,0.10389872836358534,1.7259667626559423,1.1295345714946046,0.00045936077202268777,1.4139860367723558,0.9096624964016751,0.00320164244561377,-0.7520356214605376,0,0,0,0.06569816043706078,0.8345676134725846,378,0.56,-0.01812,0.8833255340970063,1,1,0,0.6012,300,0.7648445982888225,-0.077561,-0.07756069320988646,621.5561527849286,289.8156273190509,0.6091694667842597,0.6091701751912204,0.609170287691592,0.7614627189890255,6.580783837568578e-06,389,0.2514,0.2535,-0.17923,0.012528,376,0.5475,0.5273,-0.01973,-0.03207,3,0.1408,0.3271,0.002992,6.919,0.3067,-0.5672,0.000617,6.942,0.1377,0.5927,0.002284,6.931,4.0014,1.7291,1.7349,1.7322,0.4106,1.0,0.66533,0.54291,1.29443,0.19511,0.9405,1.0298,1.095,0.5004,2.6139,2.1782,2.3525,23.0115,23.2708,8.9027,51,0.0864,-0.8352,51,0.0684,0.8632,0.0
129,1223,214885,5.924006343709264e-10,0.0017830076562923179,0.00038383112131541757,0.0017830076562923179,1.09722550977537,5.228336960266723,3.99337319327982,-76.86450457305486,73.78975339625121,-0.32726511031473016,76.86450457305486,0.00137779653664781,12.56191272703792,6.348873294967186,-2.8842182336674584,2.9708818340775496,-0.007803500347715485,2.9708818340775496,0.4048588089591285,3.677903209207945,1.5754169720252287,0.10515916626000543,1.7443733221355526,0.8415846211839223,0.1155329617624933,1.7400284081892616,1.1386311963331932,0.0019835897660511748,1.414111582851075,0.9466538167021297,0.003961157179270571,-0.7514863285058135,0,0,0,0.07215413862956793,0.8366574613868742,378,0.5757,-0.0143,0.8916209833042331,2,3,-1,0.6101,299,0.7659341060077474,0.018273,0.01827342802506826,621.5585085299991,289.81672574231055,0.6091695202511485,0.6091701675369651,0.6091702876914731,0.7614627094212063,6.1521903255427445e-06,389,0.2428,0.2545,-0.15407,0.080294,376,0.5374,0.5232,-0.01627,-0.026641,3,0.1398,0.3921,0.000825,6.926,0.3095,-0.5957,0.001185,6.943,0.1305,0.5053,0.00179,6.938,4.0042,1.7297,1.7339,1.7326,0.4085,1.0,0.66644,0.55468,1.29454,0.19587,0.9438,1.0265,1.0877,0.5004,2.6115,2.1763,2.3504,23.0842,23.1775,8.8752,50,0.2037,-0.5294,51,0.1586,0.361,1.0
130,1223,214885,2.9162033818106094e-10,0.0017900871429876893,0.0003717027680381572,0.0017900871429876893,1.1027164415260915,5.229819918253247,3.993480725578534,-78.063327574326,74.49502285890799,-0.22408904801639484,78.063327574326,0.015938057827412214,12.56287809503579,6.462068023529631,-2.9216984240123334,3.043756361494443,-0.007827451304798748,3.043756361494443,0.40735785723445334,3.6991764141707186,1.5782241618633415,0.09474958036590775,1.7613864403801631,0.8451587075143104,0.12809643727966952,1.7541344343100322,1.148097734551136,0.0002830795291262067,1.414047069186057,0.9138613089468463,0.004830470082844377,-0.7509104889019866,0,0,0,0.08203958104547478,0.8388076688055254,378,0.5882,-0.00214,0.8989048643921298,1,2,-1,0.6215,298,0.7668655793704868,0.039098,0.039098066171159074,621.5610227881757,289.8178980761495,0.609169517211609,0.6091701590903892,0.6091702876916025,0.7614626988629865,6.176592801447151e-06,389,0.2038,0.2414,-0.16337,0.127073,376,0.5274,0.5198,-0.01279,-0.018185,3,0.1202,0.5075,-0.001657,6.943,0.3104,-0.622,-0.001618,6.952,0.1078,0.359,-0.000563,6.951,4.0118,1.7307,1.7328,1.7326,0.4123,1.0,0.67273,0.55254,1.29434,0.19604,0.9421,1.0281,1.0913,0.5004,2.6098,2.1748,2.3488,23.115,23.1254,8.861,50,0.2113,-0.5952,52,0.1594,-0.0811,0.0
131,1223,214885,4.899457725795424e-10,0.0017778936246136362,0.0003670409570263329,0.0017778936246136362,1.1084027002512842,5.231296314840747,3.993584148516098,-79.25647513777355,75.19271160929479,-0.31047830016704675,79.25647513777355,0.004185581765722257,12.553230825767844,6.520023440494331,-2.9268193008966117,3.079900600997983,-0.008634084807674589,3.079900600997983,0.4105479598791054,3.71811442094518,1.581401972703774,0.06394880706062633,1.7825458441821276,0.8434335507242136,0.14115491242863853,1.76747536534952,1.1572363478076184,0.002256489294980124,1.414123376251048,0.963291021121978,0.005815316436096053,-0.7502313244725367,0,0,0,0.08680297199699853,0.8408700074606679,378,0.5948,0.00868,0.9079585242989033,1,1,0,0.6251,297,0.7679194311632939,0.024933,0.02493293641576777,621.5625679303427,289.8186185361504,0.609169522462172,0.609170153756986,0.6091702876915172,0.7614626921962325,6.13450451732062e-06,389,0.1767,0.2074,-0.19666,0.051302,376,0.5213,0.5165,-0.00442,0.009345,3,0.1053,0.821,-0.003385,6.932,0.3102,-0.6522,0.000514,6.953,0.0923,-0.1026,-0.002978,6.969,4.0135,1.7272,1.7324,1.7365,0.4156,1.0,0.67043,0.55445,1.29407,0.19625,0.9526,1.0176,1.0682,0.5004,2.6083,2.1735,2.4778,23.0085,23.112,8.8609,51,0.1225,-0.8515,52,0.0928,-0.614,-2.0
132,1223,214885,3.2649497115072015e-10,0.0017745865196750032,0.00037112299322217084,0.0017745865196750032,1.1142881506814295,5.232763465654326,3.9936854221151843,-80.3974047079219,75.88619259472217,-0.19903701087612524,80.3974047079219,0.003590148014725958,12.566130159821437,6.570214978395626,-2.9621414499061793,3.1547016567568016,-0.008995989549272441,3.1547016567568016,0.4129899782025515,3.7305868349207802,1.5844132575229504,0.056614660702150266,1.8038456943220136,0.8415979586399557,0.15266013703767514,1.7813492406291822,1.1668692583956721,0.0032258948475886173,1.4140044279284183,0.9125615118880636,0.006925469268759847,-0.7494736011950902,0,0,0,0.08955827773257882,0.8430159448748968,378,0.5995,0.0167,0.9175128305762732,1,0,1,0.6333,297,0.7696315256244617,0.011784,0.011783816345511733,621.562887609265,289.8187675941993,0.6091695238878424,0.6091701526403477,0.6091702876915874,0.7614626908004346,6.123090420975627e-06,389,0.1734,0.2078,-0.22249,-0.38267,376,0.5123,0.5087,0.00952,0.059151,3,0.104,0.9934,-0.00153,6.921,0.3073,-0.6809,-2.2e-05,6.954,0.0889,-0.5925,-0.002256,6.974,4.0124,1.725,1.7332,1.738,0.4196,1.0,0.67292,0.53484,1.29315,0.19821,0.949,1.0212,1.076,0.5004,2.6067,2.1723,2.4764,22.9483,23.1345,8.875,49,0.0198,0.9999,49,0.0385,0.4223,-4.0
133,1223,214885,1.971443637989227e-11,0.0017593442804941378,0.0003809307048234109,0.0017593442804941378,1.1203744075857247,5.234072083725058,3.9937814985349465,-81.50097831188357,76.59261058567994,-0.3082078356991249,81.50097831188357,0.00890375896241933,12.560110759931963,6.545077524071031,-3.0219973001548452,3.1556713368996845,-0.008216181829508822,3.1556713368996845,0.41348944025680123,3.7500164232520583,1.5863792912461738,0.10967204905826444,1.8354897011456928,0.8387150693030664,0.15847604227958698,1.7952054264369668,1.1759948736298103,0.001647570055954617,1.4141348015267692,0.9460165772852145,0.007298955050541557,-0.7486822592537524,0,0,0,0.08815310735179938,0.8450397840958952,378,0.5916,0.01824,0.9264550086177405,2,2,0,0.6347,296,0.7706379659432312,0.052319,0.05231942472560003,621.5628851653792,289.81876645467827,0.6091695304470681,0.609170152648684,0.6091702876917195,0.7614626908108549,6.0704981323880675e-06,389,0.188,0.2028,-0.23562,-0.172906,376,0.513,0.5075,0.01561,0.016208,3,0.1112,0.9282,0.001998,6.901,0.3036,-0.6904,0.00106,6.95,0.0965,-0.9101,-0.000476,6.955,4.004,1.7234,1.7356,1.7371,0.4179,1.0,0.67528,0.54928,1.29347,0.19849,0.9497,1.0204,1.0745,0.5004,2.6053,2.1711,2.5401,22.8892,23.1218,8.8749,49,0.0997,1.0,48,0.1385,0.7392,-1.0
134,1224,214886,0.0,0.0018452616723602729,0.0003874077810752436,0.0018452616723602729,1.124101816749095,5.237067637949664,3.9934699325342007,-82.58198834910154,77.29249324998383,-0.18321072319482726,82.58198834910154,0.0048055982697370325,12.564842019262313,6.5700330603781225,-3.076967272157746,3.1680257435137262,-0.009147725662268225,3.1680257435137262,0.4160754789411609,3.7610296126675093,1.5881740085676068,0.08761648312038961,1.8575611916764396,0.8527945624207891,0.0,1.8091878541980608,1.1844865302271697,1.0,1.0,1.0,0.007464485297649665,-0.7477920064852623,0,0,0,0.08958422747087298,0.8471217944766686,378,0.5827,0.02228,0.9359840869880254,2,3,-1,0.6362,295,0.7715705006442944,0.003792,0.0037919368086030136,621.5642005180391,289.8193797697498,0.6091694934704197,0.6091701480047436,0.609170287691728,0.7614626850059294,6.366936792930347e-06,390,0.1865,0.1848,-0.18856,0.236529,376,0.5152,0.5067,0.01546,0.007626,3,0.1088,0.7402,-1.9e-05,6.893,0.3002,-0.7049,-0.000941,6.948,0.0962,-0.9987,-0.001236,6.945,4.0002,1.7231,1.7368,1.7362,0.4178,1.0,0.68419,0.55119,1.29337,0.1992,0.9458,1.0244,1.0831,0.5,2.604,2.17,2.5389,23.0176,23.0383,8.8473,49,0.0915,0.9864,48,0.1183,0.8357,-3.0
135,1224,214886,3.2478274509133094e-23,0.0020242850638604306,0.00040805679406276054,0.0020242850638604306,1.1260412816815946,5.238626480924295,3.9935610554570453,-84.11759558792357,77.97797745343208,-0.27206536759461075,84.11759558792357,0.006166042203780642,12.556729142170129,6.5326745149088925,-3.086749215750831,3.1650798243028357,-0.009463622328102437,3.1650798243028357,0.4197307295180834,3.7792117619084875,1.5918763957552557,0.07947778407530504,1.8880422526689455,0.8371405566035035,1.4142115624116159e-08,1.8213604717534275,1.1932844757840126,0.00017020333125006282,1.4141638917901482,0.9631395693073934,0.007605067638708363,-0.7468592718835665,0,0,0,0.08974749856781,0.8492430197012809,378,0.5799,0.02131,0.9451095585556317,0,2,-2,0.6303,294,0.7726469861739053,0.012352,0.012352306102235922,621.564423709601,289.8194838382273,0.609169416417807,0.609170147208642,0.609170287691728,0.7614626840108025,6.984641049841752e-06,390,0.1884,0.1926,-0.1461,0.138264,376,0.525,0.5121,0.01905,-0.016711,3,0.1101,0.4546,0.001156,6.894,0.3045,-0.7273,0.000106,6.943,0.0997,-0.9419,0.001312,6.937,3.9978,1.7243,1.7367,1.7351,0.4173,1.0,0.68633,0.55808,1.29445,0.20066,0.959,1.0111,1.0543,0.5,2.6025,2.1687,2.5374,23.0507,22.9887,8.8333,49,0.0303,0.2472,48,0.0458,0.9016,0.0
136,1224,214886,8.297705053045748e-12,0.0020815343804022877,0.00042507943797775625,0.0020815343804022877,1.123064608031643,5.240024109950257,3.993650579584659,-72.60241155174785,78.7244111678997,-0.1304391924969769,78.7244111678997,0.0029689992516477304,12.563775537991068,6.509222238030424,-3.1449832528457575,3.197119757605262,-0.009629604841124793,3.197119757605262,0.42253501016984013,3.797056997533538,1.5945876159205028,0.10495328137196569,1.898444695268406,0.8474197706132194,0.014141135828059833,1.8354916489998847,1.2029158711964132,0.009351233416045823,1.4141380144919278,0.9226270241040626,0.007740093084620345,-0.7457724475390417,0,0,0,0.09111976631730448,0.8514008160743752,378,0.5884,0.0154,0.9477761564649206,3,3,0,0.6283,293,0.7735913271826412,-0.059222,-0.05922177756645386,621.5649360132018,289.81972271220314,0.6091693917786271,0.6091701453733935,0.6091702876917244,0.7614626817167419,7.182169525671976e-06,390,0.1898,0.205,-0.11554,-0.038361,376,0.5307,0.5176,0.02462,-0.006308,3,0.1134,0.157,0.000922,6.897,0.3123,-0.7395,-6.1e-05,6.942,0.1023,-0.7809,0.000936,6.932,3.9976,1.7253,1.7367,1.7341,0.4123,1.0,0.68751,0.53469,1.29448,0.20167,0.9519,1.0182,1.0696,0.5,2.6009,2.1674,2.5359,23.0829,22.9384,8.8194,49,0.1164,-0.8815,48,0.0866,-0.9922,2.0
137,1224,214886,6.252818219695884e-12,0.002073131952144473,0.00042893875234698627,0.002073131952144473,1.1201928948786724,5.241364482829238,3.993736047080855,-74.09498944852311,66.84095692253591,-0.26847225950360454,74.09498944852311,0.002358179481994682,12.564726683365327,6.441233280274807,-3.154862638881142,3.2488340847418997,-0.009517067343559721,3.2488340847418997,0.4245020422155171,3.8141893626059398,1.5968504568721114,0.0696878286008662,1.9261202273484184,0.8524784236926773,0.026330079697196924,1.849373816733635,1.2121421414697153,6.812146919821238e-05,1.4141619487026398,0.9333046727455067,0.007867386408514669,-0.744698428960092,0,0,0,0.09674862768473025,0.8534509429324556,378,0.5993,0.01591,0.9539467454402355,2,2,0,0.628,292,0.7747090813469891,0.022065,0.02206489505701481,621.5668710037987,289.82062494848736,0.6091693953986994,0.6091701383341224,0.6091702876917253,0.7614626729176529,7.153155343975091e-06,390,0.1755,0.1814,-0.11701,-0.058666,376,0.5315,0.519,0.02268,-0.038927,3,0.1078,-0.15,0.003617,6.902,0.3186,-0.7518,0.000883,6.944,0.0956,-0.5392,0.002578,6.919,3.9962,1.727,1.7377,1.7314,0.4133,1.0,0.6903,0.55051,1.29484,0.20247,0.9469,1.0231,1.0805,0.5,2.5988,2.1657,2.5339,23.0648,22.9204,8.8196,49,0.1998,-0.2778,48,0.1341,-0.9222,-1.0
138,1224,214886,2.51045057672541e-10,0.002071389782556928,0.0004232297701411707,0.002071389782556928,1.1174508030124228,5.242628527152684,3.99381671857723,-74.87916006348601,67.51305359222104,-0.17507436986844735,74.87916006348601,0.009943938392440899,12.554674254040226,6.43082829410153,-3.191902575611546,3.2713564941836797,-0.009064259926323807,3.2713564941836797,0.42518732965497913,3.83064145582809,1.5984347687146339,0.09532883696800176,1.9502616614986292,0.844129326691437,0.040471144567693906,1.8633622875012943,1.221475188137609,0.004938539889696725,1.4140912158028938,0.9239675691022431,0.007982653761611154,-0.7435561283757066,0,0,0,0.1025781962359979,0.8554735611297747,378,0.5976,0.03049,0.9624005777873205,2,2,0,0.6233,291,0.775663076648014,0.060921,0.06092053702865674,621.5691339420899,289.8216800983359,0.6091693961552037,0.60917012988697,0.6091702876916201,0.7614626623587124,7.1471181239930355e-06,390,0.1796,0.1678,-0.14198,-0.158169,376,0.5276,0.5197,0.01299,0.014324,3,0.1084,-0.4601,0.005374,6.936,0.3154,-0.7671,-0.00041,6.949,0.0958,-0.2167,0.006162,6.904,4.0008,1.7336,1.7369,1.7256,0.4223,1.0,0.69615,0.55281,1.29492,0.20234,0.9419,1.0281,1.0915,0.5,2.5977,2.1648,2.5328,23.0083,22.9464,8.8334,50,0.1992,0.4186,48,0.148,-0.1954,-2.0
139,1224,214886,8.653685418753711e-10,0.002075287270270798,0.00042567991428835286,0.002075287270270798,1.11478510517542,5.243916395430039,3.9938948758639663,-75.78957325553831,68.23081020245012,-0.2489998534739668,75.78957325553831,0.005772170248897979,12.564940306196426,6.464405384146217,-3.236299265253803,3.310363919858061,-0.009578879565195432,3.310363919858061,0.4286734721116994,3.8460041600793935,1.601207332372581,0.0561966632759103,1.9711851923828076,0.8506763178301777,0.05446033501758327,1.8774396778576539,1.2307148640761005,0.00236876394932084,1.414145797239191,0.9920694318684816,0.007590518024494943,-0.7423191828363018,0,0,0,0.1027674984067222,0.857419726982399,378,0.5911,0.03275,0.9707584352194356,1,1,0,0.6176,290,0.7766459476502245,-0.017379,-0.017379363804722825,621.5700077335678,289.82208752479954,0.6091693944787059,0.6091701265628566,0.6091702876913556,0.7614626582035707,7.160555939661498e-06,390,0.1956,0.1762,-0.13821,-0.089803,376,0.5204,0.5232,0.00184,-0.010663,3,0.1157,-0.6282,0.003599,6.953,0.3079,-0.7774,-3e-06,6.95,0.102,-0.0011,0.003822,6.89,4.0016,1.7375,1.7367,1.7219,0.4265,1.0,0.69549,0.56238,1.29475,0.20386,0.943,1.0269,1.0889,0.5,2.5959,2.1633,2.531,22.9927,22.9309,8.8335,51,0.1653,0.1161,50,0.1435,-0.1416,-2.0
140,1224,214886,2.333824611959474e-10,0.002080874333151633,0.0004328992719044797,0.002080874333151633,1.112260381388087,5.245216839996888,3.9939732497764915,-76.86440720469885,68.92737347314562,-0.15728977546892697,76.86440720469885,0.003184637284160116,12.564114354604033,6.482568694752129,-3.30596776034795,3.308468235246873,-0.009464322637781453,3.308468235246873,0.4308218349123415,3.8608938418488528,1.6035694033832653,0.05695729658751647,1.9957280081653832,0.8531032392064498,0.06855296774359901,1.891313130981954,1.240635558341222,0.002770832040365545,1.4140828370458727,0.9121748269031686,0.008176180712524121,-0.7410333925724212,0,0,0,0.0981631376170448,0.8593626875616309,378,0.5831,0.02706,0.9797203973833568,2,3,-1,0.6154,289,0.7774809392391498,-0.109817,-0.10981701139245548,621.5683174544587,289.82129939118016,0.6091693920693573,0.6091701329613648,0.6091702876916276,0.761462666201706,7.179853025029112e-06,390,0.2032,0.1844,-0.12499,-0.014734,376,0.5155,0.522,0.00123,0.054742,3,0.1186,-0.7317,-0.000824,6.946,0.3008,-0.7965,0.000161,6.949,0.1049,0.1707,-0.001085,6.893,4.0006,1.7362,1.737,1.7229,0.4175,1.0,0.69176,0.54803,1.2948,0.20411,0.9392,1.0307,1.0974,0.5,2.593,2.1609,2.593,23.0596,22.7972,8.7918,51,0.2082,-0.304,49,0.1642,-0.5598,1.0
141,1224,214886,1.5449513361133371e-09,0.0019457166908070241,0.0004396628083442504,0.0019457166908070241,1.1098860228965814,5.2465425117274505,3.9940457207974633,-77.52739317850127,69.6475031620228,-0.3359298507133536,77.52739317850127,0.001056960701371068,12.55372192036932,6.523322183622043,-3.3402540098213516,3.3200647133810213,-0.009005408675144166,3.3402540098213516,0.43220210500140105,3.8748116095403757,1.6050241632838456,0.06874152350424045,2.022217832974779,0.8523347081424738,0.08259004697981334,1.895129998650885,1.249757306579998,0.0008194935879258791,1.4141800721337945,0.9296667534865782,0.00825832033235046,-0.7397046934889956,0,0,0,0.09812335100078448,0.8611848460435314,378,0.5798,0.02066,0.9842287038019341,0,1,-1,0.6133,286,0.7767895373119703,0.045213,0.04521329707206134,621.5682653455226,289.8212750941252,0.6091694502425826,0.6091701331566404,0.6091702876910632,0.7614626664458004,6.713505384223825e-06,390,0.1954,0.1878,-0.15451,0.043367,376,0.5105,0.5113,0.00068,0.030308,3,0.1138,-0.8405,-0.00147,6.935,0.2962,-0.8001,0.001046,6.949,0.1002,0.3474,-0.001574,6.903,4.0006,1.7336,1.7371,1.7255,0.4148,1.0,0.69317,0.55966,1.29454,0.20465,0.9396,1.0302,1.0964,0.5,2.59,2.1583,2.59,23.0789,22.7346,8.7778,49,0.2389,-0.3076,49,0.1847,-0.5946,1.0
142,1224,214886,1.5519193828006215e-09,0.0020490525006653082,0.00043396404463648966,0.0020490525006653082,1.1076669876406573,5.247834676031315,3.994113719556919,-78.294345827455,70.33122203777609,-0.2551974477028261,78.294345827455,0.0019398569807467791,12.547979798783476,6.493115845593249,-3.3869057646888954,3.3914216155218613,-0.009219972601432412,3.3914216155218613,0.4332702026010401,3.888621314880744,1.6063488013518,0.09358175021339854,2.0503784367514566,0.8521091774817972,0.09671725075187204,1.909015447932076,1.259053974250049,2.507900200732216e-06,1.4141461561793292,0.9225476264695271,0.008330770610882597,-0.7382188750891,0,0,0,0.10187254948810345,0.8629234517349916,378,0.5774,0.01871,0.9892722222920425,3,3,0,0.6103,283,0.7758818952489888,0.057985,0.0579849099590084,621.5692164854579,289.82171858618267,0.6091694057693399,0.6091701295741513,0.6091702876910601,0.7614626619676891,7.070044683542213e-06,390,0.1743,0.1746,-0.18983,0.084093,376,0.5042,0.4995,-0.00142,0.033417,3,0.1007,-0.9403,-0.002429,6.933,0.2913,-0.7959,-0.000492,6.948,0.088,0.5424,-0.00165,6.913,4.0017,1.7324,1.7363,1.7274,0.4135,1.0,0.69341,0.55301,1.29474,0.20662,0.9413,1.0285,1.0926,0.5,2.5886,2.1571,2.5886,23.1584,22.6499,8.7499,50,0.1634,-0.2033,50,0.133,-0.4877,-0.0
143,1224,214886,1.3890954217070438e-10,0.002046565619895662,0.0004361824846527434,0.002046565619895662,1.1056081266113265,5.249157942182377,3.9941780549607677,-79.06967663423438,71.03244290724845,-0.3839488704117216,79.06967663423438,0.0006541026117989901,12.490440033439695,6.493178364440087,-3.4405831990636786,3.4962524091042506,-0.009445092270381417,3.4962524091042506,0.4352234890582587,3.9016693889621274,1.607921115252109,0.10709112085587968,2.0785386039262534,0.8494369321605346,0.11081859444455958,1.9229124962289699,1.2682794506589092,0.0009182911817542383,1.4141985244767723,0.9053123735976164,0.008388996430615723,-0.736735032063098,0,0,0,0.1047116880239105,0.8645829047737523,378,0.5807,0.01724,0.9923252919640422,0,0,0,0.6112,284,0.7781485045445878,0.028362,0.028361951377742445,621.5701347512129,289.8221467498564,0.609169406843379,0.6091701260772453,0.6091702876916683,0.7614626575965566,7.061453525365124e-06,390,0.1572,0.174,-0.18088,0.114947,376,0.5042,0.4993,-0.00522,-0.011518,3,0.0914,-0.9688,-0.003294,6.943,0.293,-0.7986,0.000655,6.945,0.0794,0.6245,0.000271,6.94,4.0083,1.732,1.7327,1.7314,0.4145,1.0,0.69298,0.55765,1.2946,0.20572,0.9408,1.029,1.0937,0.5,2.5871,2.1559,2.5871,23.1917,22.6014,8.7362,50,0.0411,-0.8937,50,0.105,-0.9483,-2.0
144,1224,214886,1.4316270057799099e-09,0.0020685322984382534,0.000437701716643483,0.0020685322984382534,1.1037165495577543,5.25037864633893,3.9942374693426963,-79.5724002451724,71.71039196656227,-0.25689237195573855,79.5724002451724,0.010384130174663886,12.565668684656709,6.55353753472177,-3.4661711338523307,3.5383724613328553,-0.009972846026270125,3.5383724613328553,0.4368110508921069,3.914104605003995,1.6092270155567534,0.05623192340621393,2.106430773770815,0.8454207956961941,0.12489428984341053,1.9370544268818974,1.2773325746905093,0.000991397633212876,1.4141218646808427,0.9123994480822593,0.00843916405175019,-0.7351540381622798,0,0,0,0.10183396352464358,0.8661986013157204,378,0.5819,0.01609,1.0002130191869285,1,1,0,0.6148,283,0.7787583271788292,-0.143976,-0.14397632295639706,621.569393744057,289.82180123730257,0.6091693973856154,0.6091701289022949,0.6091702876911118,0.7614626611278686,7.137255684725264e-06,390,0.1339,0.16,-0.18951,0.072002,376,0.5083,0.4965,-0.00107,0.018407,3,0.0785,-0.9602,-0.003697,6.958,0.2959,-0.8046,0.000972,6.946,0.0686,0.6067,0.000446,6.976,4.0183,1.7315,1.7286,1.736,0.414,1.0,0.69005,0.54127,1.29436,0.20773,0.9402,1.0296,1.0951,0.5,2.586,2.155,2.5213,23.3662,22.4837,8.6944,50,0.1194,0.094,50,0.0865,-0.8284,0.0
145,1224,214886,5.927995699333204e-10,0.0019621528719633045,0.000439549668271725,0.0019621528719633045,1.1019987180120536,5.251648813885744,3.9942954455873303,-73.76117708243206,72.369340171083,-0.4188921705317592,73.76117708243206,0.017357148989083193,12.565119624178935,6.588685587725256,-3.4961817295284336,3.598303636346602,-0.010469205390423099,3.598303636346602,0.4380260701902438,3.9257208419304317,1.6110748626186882,0.10162272905629577,2.133420493136349,0.8502235351413403,0.13901286639919058,1.9511639225085584,1.28645656918597,6.557548362562393e-05,1.4141480182260202,0.9415032503153947,0.008480070135863351,-0.7334263946580999,0,0,0,0.10622384436669263,0.8678577989697149,378,0.5882,0.01463,1.0075657917681198,4,3,1,0.6182,282,0.7795261872183029,0.058469,0.058469475009966354,621.5715006596889,289.822783637803,0.6091694431760457,0.6091701208037084,0.609170287691473,0.7614626510046354,6.770181582464696e-06,390,0.1161,0.1293,-0.20087,-0.106238,376,0.5058,0.4971,-0.00269,-0.055902,3,0.0689,-0.9794,-0.001996,6.966,0.2976,-0.813,0.000941,6.948,0.0593,0.6785,0.000132,6.999,4.0247,1.7307,1.7264,1.739,0.4252,1.0,0.69344,0.56274,1.29408,0.20954,0.9461,1.0236,1.0819,0.5,2.5844,2.1537,2.5198,23.4445,22.3984,8.6668,50,0.237,0.3935,51,0.1063,-0.1484,1.0
146,1224,214886,8.837438329895879e-10,0.002182664309406776,0.00044510947346267283,0.002182664309406776,1.1004501209659685,5.252998915563937,3.9943522790493193,-74.52334735784679,73.02899187720503,-0.2799300655089563,74.52334735784679,0.002964322207500203,12.556656709424528,6.518476835716771,-3.515177727024442,3.6537476855667217,-0.011506546541401827,3.6537476855667217,0.4405930479342294,3.936767445520925,1.6130938404974184,0.08893965162219175,2.1588647660859515,0.8458730612501045,0.15314972084286985,1.965293357639028,1.2958716013147127,0.0032887202039885155,1.414094963313176,0.9227564369627649,0.008520917288128205,-0.7316892700676079,0,0,0,0.11592608757241785,0.8695229716467269,378,0.5926,0.02625,1.0116494837931038,2,3,-1,0.6244,281,0.7800259488771883,0.063336,0.06333577207241348,621.5742940677904,289.8240861320631,0.609169348275685,0.6091701097567673,0.6091702876913477,0.7614626371959591,7.53099695244863e-06,390,0.1055,0.1094,-0.17624,-0.118445,376,0.5082,0.5038,-0.00669,-0.000589,3,0.0634,-0.9929,0.002006,6.972,0.3012,-0.82,-0.000777,6.954,0.0544,0.8821,0.000667,6.988,4.025,1.7322,1.7278,1.7362,0.4391,1.0,0.69979,0.55483,1.29401,0.20662,0.9456,1.0241,1.0831,0.5,2.9054,2.0446,2.518,23.5201,22.3107,7.679,51,0.21,0.1771,52,0.0707,-0.4905,-0.0
147,1224,214886,1.3954745779213601e-09,0.0022359436977367883,0.0004582465596954309,0.0022359436977367883,1.099063637981539,5.254250289465929,3.9944063592826478,-75.3216024312143,73.74522647106713,-0.3761372844274591,75.3216024312143,0.002170401073104844,12.559165623624379,6.528084119227875,-3.5695694168898173,3.6914983607235565,-0.012394180826364107,3.6914983607235565,0.44419495789475827,3.9471342330191495,1.6151076255667198,0.056244116675022535,2.1827617899784912,0.8402278855003058,0.16728935956277685,1.979282605510402,1.305099165909432,0.00025876591683093864,1.4141691820357967,0.9430808424437813,0.008558014095509422,-0.7298937023548578,0,0,0,0.1176931674229598,0.8711432798192285,378,0.592,0.03035,1.0158769800765588,3,4,-1,0.627,278,0.7790112209722124,0.02526,0.02525951083550515,621.5750571346839,289.82444193050446,0.6091693253471635,0.6091701066777672,0.6091702876911275,0.7614626333472089,7.714821023524765e-06,390,0.1089,0.0772,-0.1709,0.296511,376,0.5165,0.5107,-0.00948,-0.054922,3,0.0653,-0.7711,0.006267,6.94,0.3058,-0.827,-0.000413,6.958,0.057,0.9957,-0.00148,6.934,4.0089,1.7311,1.7355,1.7295,0.4588,1.0,0.70272,0.56512,1.29399,0.20925,0.9436,1.0261,1.0875,0.5,2.9026,2.0426,2.5156,23.6355,22.1816,7.642,51,0.1183,0.7909,52,0.0455,0.8607,-1.0
148,1224,214886,1.3878485635788622e-09,0.0023505690682172975,0.00047461497592716145,0.0023505690682172975,1.0978741367779519,5.255415547024149,3.994459098583136,-76.08746670340842,74.45205489515436,-0.2244680056856756,76.08746670340842,0.009741291661708451,12.565899716248609,6.60154597043347,-3.5568351575533703,3.680540491567242,-0.012674582615553725,3.680540491567242,0.4452763433950076,3.9571739804092743,1.6168518276316701,0.06431060430914592,2.2098290716943922,0.8579597201584422,0.18142661363773804,1.9933915782253773,1.3145299742663556,0.002004870356986821,1.4141265028217151,0.9249343716192959,0.00859942346186608,-0.7278606042603056,0,0,0,0.11036329041389563,0.8727423320937319,378,0.5858,0.02391,1.0203428419359488,2,3,-1,0.6202,274,0.7769763028316373,-0.121473,-0.12147283398443731,621.5721916156751,289.82310581278546,0.6091692760056842,0.60917011810413,0.6091702876911307,0.7614626476301625,8.110357735713709e-06,390,0.1342,0.1084,-0.12982,-0.171595,376,0.5271,0.5177,-0.00934,-0.016959,3,0.0799,-0.4062,0.000595,6.907,0.3089,-0.8188,-0.000276,6.958,0.0719,0.8572,-0.004088,6.912,3.9987,1.7273,1.7402,1.7287,0.4555,1.0,0.69915,0.5459,1.29424,0.20938,0.9458,1.0239,1.0826,0.5,2.8999,2.0407,2.5133,23.7977,22.0178,7.5926,50,0.1824,0.933,52,0.1328,0.4964,1.0
149,1224,214886,1.4234485921386395e-09,0.002292994330137034,0.0004891122081677318,0.002292994330137034,1.096892768496372,5.256506074574076,3.994509594165396,-76.87364918653124,75.13290169717497,-0.3893533104225474,76.87364918653124,0.0010572701124137995,12.54220796579451,6.462218198771656,-3.612472714053325,3.7400392081593146,-0.012210356462512572,3.7400392081593146,0.44692807437485155,3.966626013320748,1.6183752743253954,0.10403324071473119,2.2382564392784445,0.8531100666719624,0.1955331015951474,2.007496015952772,1.3237793180851196,0.0009584666466734282,1.4141830653387992,0.9257341904562362,0.008650010968462697,-0.7258541605531222,0,0,0,0.10752130840135145,0.874290539359935,378,0.5769,0.01508,1.0255675984825499,1,2,-1,0.6081,275,0.7790503066545805,0.060792,0.06079239831006289,621.5726619305083,289.8233251084803,0.6091693007850071,0.6091701162543515,0.6091702876911155,0.7614626453179393,7.911696994293923e-06,390,0.1438,0.1156,-0.03266,-0.266865,376,0.537,0.5223,-0.01747,-0.002576,3,0.0853,-0.0618,0.000913,6.9,0.31,-0.8058,0.000445,6.956,0.0793,0.6408,6e-05,6.905,3.9955,1.7269,1.741,1.7282,0.4329,1.0,0.70593,0.56655,1.2941,0.21149,0.9435,1.0262,1.0876,0.5,2.8973,2.0388,2.511,23.8221,21.9621,7.5802,50,0.2045,0.9295,52,0.1337,0.6865,-2.0
150,1224,214886,2.5955877889061703e-09,0.0023954094982804046,0.0005016229658206616,0.0023954094982804046,1.0961241420699042,5.257649751821546,3.9945572992502774,-73.81471917247654,75.8067932025508,-0.2462877036802794,75.8067932025508,0.01283989515426072,12.565680790018236,6.531362653661687,-3.6295338546474034,3.831131787963675,-0.012568071159452895,3.831131787963675,0.44770728418690536,3.97552187504638,1.6196013321219267,0.07968408918906922,2.2627345902470113,0.8605598725611409,0.20965746426083645,2.0216305704325475,1.333036659988842,0.0007691038269569406,1.4140600562801096,0.920967579444587,0.008710389094534062,-0.7238119704371901,0,0,0,0.11530965177447489,0.8758180099907843,378,0.58,0.00402,1.021104950733056,0,1,-1,0.5964,276,0.7812152976656801,0.111929,0.11192933974190233,621.5754096911313,289.82460631849665,0.6091692567169504,0.609170105246515,0.6091702876906109,0.7614626315581438,8.265031491660235e-06,390,0.1568,0.1211,0.00591,-0.073562,376,0.5372,0.5247,-0.01685,0.053792,3,0.0927,0.1734,-0.000282,6.906,0.3117,-0.7819,6.6e-05,6.954,0.0858,0.4783,0.001016,6.909,3.997,1.7278,1.7397,1.7285,0.4324,1.0,0.71541,0.55737,1.29357,0.21165,0.95,1.0196,1.0733,0.5,2.8946,2.037,2.573,23.8002,21.9062,7.568,50,0.1309,0.8191,52,0.0911,0.7144,-1.0
151,1224,214886,1.5955778206793186e-09,0.0024282126016682685,0.000499361225584713,0.0024282126016682685,1.0955741624214288,5.258739276237497,3.994602748852033,-74.55365964565561,76.49115607189859,-0.37386589077128823,76.49115607189859,0.00751853612758852,12.535481715021273,6.54062558796803,-3.673712369888768,3.895720681204722,-0.01161037359881725,3.895720681204722,0.44883035532212917,3.983379520523367,1.620891129951203,0.09447037710719153,2.281305916177688,0.8497753076967328,0.2237287055573864,2.0357651359851836,1.3422463354499379,0.002641958887439899,1.4141424672443852,0.9448836640274343,0.008772977274565741,-0.72173838657632,0,0,0,0.10883471485064053,0.8773488525052715,378,0.5684,-0.00509,1.023874568043361,1,2,-1,0.5854,273,0.7800951729788584,0.029896,0.029895556839195425,621.574257788546,289.8240692159857,0.6091692425950883,0.609170109903109,0.6091702876910413,0.7614626373788863,8.378229621290325e-06,390,0.1568,0.1114,-0.00623,0.028397,376,0.5352,0.523,-0.0116,-0.022816,3,0.0903,0.3691,-0.001206,6.909,0.3043,-0.7629,0.000244,6.948,0.085,0.3193,0.000554,6.916,3.9979,1.7281,1.738,1.73,0.4313,1.0,0.71708,0.5649,1.29372,0.21322,0.9442,1.0254,1.0859,0.5,2.8919,2.0351,2.6349,23.7782,21.8502,7.5557,51,0.0581,0.9713,53,0.0797,0.9982,1.0
152,1224,214886,1.7521686522513425e-10,0.002405815160872674,0.0004965123112356515,0.002405815160872674,1.0952566508424972,5.259800416029464,3.9946471067197766,-75.27719859471746,77.18633655066614,-0.23511164699161993,77.18633655066614,0.007416568517640942,12.565538669851483,6.537523259967351,-3.6708657247485763,3.944266133140327,-0.012263194192675696,3.944266133140327,0.4510561798742075,3.9911747954860077,1.622257113340629,0.09222342593021127,2.303269492112246,0.8543205305178665,0.2378241227515,2.0499036582429673,1.351695171772589,0.006287194246404004,1.4141135731235432,0.9156374451829163,0.008850373027338045,-0.7194933703545338,0,0,0,0.10497788613606451,0.8788675811422065,378,0.5709,-0.01863,1.0256696948460513,2,2,0,0.5841,270,0.7787654533222106,-0.109708,-0.10970801838494437,621.5725486292878,289.823272279039,0.6091692522283126,0.6091701167012118,0.6091702876916525,0.7614626458765147,8.300973010049997e-06,390,0.149,0.1076,-0.01991,0.158557,376,0.5263,0.5219,-0.00323,-0.024695,3,0.0858,0.5289,-0.002171,6.916,0.3005,-0.7695,0.000139,6.948,0.0791,0.135,-0.000113,6.933,4.0024,1.7279,1.7359,1.7323,0.4257,1.0,0.70938,0.54355,1.29319,0.21405,0.945,1.0245,1.0841,0.5,3.2114,1.9268,2.6334,23.7645,21.8376,6.8,51,0.0338,0.5204,53,0.0733,0.9592,1.0
153,1224,214886,4.295896863832246e-13,0.0022338493710273915,0.00048368974420561465,0.0022338493710273915,1.095177644447923,5.260856060105032,3.9946892374457037,-76.02660193690373,77.8385930594727,-0.4027206887335593,77.8385930594727,0.006472094105879123,12.559603138482439,6.544097423641363,-3.708135781937911,3.9676643665100824,-0.012849467329690955,3.9676643665100824,0.45169381064201825,3.998421245503832,1.6234198381005642,0.09511076876938529,2.3269598685741775,0.8542680446487894,0.251916488083598,2.0639374090505553,1.3608515461317385,0.0009641396639333832,1.4141778392661009,0.9086444559864523,0.00894455867100002,-0.7172741696019426,0,0,0,0.11128698929120237,0.8803737136080712,378,0.5785,-0.02143,1.0319637617065227,3,4,-1,0.5916,270,0.7800992706973583,0.063145,0.06314480960394797,621.5748052805882,289.82432449742555,0.6091693262505464,0.6091701076974891,0.6091702876917279,0.7614626346218614,7.707597955765215e-06,390,0.1227,0.088,-0.03651,0.152522,376,0.5089,0.5127,-0.00053,0.002191,3,0.0723,0.7113,-0.000821,6.919,0.2945,-0.7733,0.000343,6.947,0.0636,-0.1044,0.000271,6.942,4.0046,1.7278,1.7349,1.7335,0.4288,1.0,0.7128,0.56558,1.29229,0.21528,0.9482,1.0214,1.0772,0.5,3.2102,1.9261,2.6966,23.8933,21.6869,6.7556,51,0.1212,-0.0677,53,0.0718,0.8363,2.0
154,1224,214886,1.264708834090966e-09,0.0022908651797726763,0.0004753279652967181,0.0022908651797726763,1.0953408320598481,5.261798331411138,3.9947291803324254,-79.38097518677317,65.95214808974052,-0.23059608559602093,79.38097518677317,0.005516378536910338,12.564733422627887,6.553314708131972,-3.721885468793563,4.036852299597854,-0.01277149897354263,4.036852299597854,0.4528978147431556,4.005136607288043,1.624793988206127,0.06791649062562588,2.346521136501468,0.8488424590600728,0.2660456211235172,2.0769728467785744,1.369937990324454,0.0009741472942100815,1.414110555485284,0.9199494726638355,0.009053335418731247,-0.7148833865820189,0,0,0,0.12538530669972545,0.8818820008620677,378,0.5852,-0.02044,1.0361224987591908,3,3,0,0.597,268,0.7796982451096602,0.069454,0.06945402654992328,621.5786108760718,289.82609894859536,0.6091693017215862,0.6091700919904395,0.6091702876911838,0.7614626149880493,7.904274970691969e-06,390,0.1083,0.0982,-0.13123,0.00014,376,0.4893,0.5062,-0.00193,0.062656,3,0.0671,0.9924,-0.000249,6.903,0.2864,-0.7757,-0.000172,6.951,0.0561,-0.6919,-0.002762,6.936,4.0011,1.7252,1.7374,1.7336,0.451,1.0,0.71851,0.55755,1.29173,0.21408,0.9479,1.0216,1.0777,0.5,3.2091,1.9255,2.6957,23.931,21.6438,6.7445,50,0.2233,-0.2843,52,0.1225,0.2459,-5.0
155,1224,214886,1.3558372482574042e-08,0.002246113748648901,0.00048474176895171986,0.002246113748648901,1.0957493051696165,5.262676428490422,3.994766038264832,-79.35308207927461,66.6744760316977,-0.38012066941686434,79.35308207927461,0.008057439729249438,12.562514886075984,6.508490336140752,-3.73695023478054,4.092165318039605,-0.012711709238170164,4.092165318039605,0.4560613829431639,4.010624887558554,1.6260113667210983,0.05631164129953415,2.359178109048327,0.863721404389742,0.28018650644487175,2.088093552358652,1.3791374848801707,0.00029341487514733533,1.4140917299787994,0.9804179548206176,0.009175268379613345,-0.7124021105223739,0,0,0,0.12935601837161906,0.8833292115430504,378,0.5886,-0.01504,1.0381451908328507,2,2,0,0.6026,267,0.78002560871166,0.023996,0.023996026487525413,621.5797430110596,289.8266268339847,0.609169320985385,0.6091700871912176,0.6091702876858927,0.761462608989022,7.749852983437216e-06,390,0.1581,0.1125,-0.16348,-0.514548,376,0.4794,0.4998,-0.00067,-0.020757,3,0.0931,0.7703,0.000479,6.889,0.2822,-0.7835,-8.2e-05,6.954,0.0758,-0.9998,-0.001803,6.927,3.9971,1.7235,1.7396,1.733,0.4673,1.0,0.71956,0.56999,1.29173,0.21546,0.9481,1.0215,1.0774,0.5,3.2081,1.9249,2.6948,23.9691,21.6012,6.7333,48,0.2375,-0.7079,51,0.1002,-0.246,-2.0
156,1224,214886,9.430952835672553e-10,0.002314261979701827,0.0005042986314962695,0.002314261979701827,1.0963456317122273,5.263574741261127,3.9948045642939465,-79.32773354193172,67.40055515785946,-0.23978486344773117,79.32773354193172,0.032839262515803824,12.559500139932016,6.465529297619981,-3.78927487539274,4.150741772126042,-0.012942874069614347,4.150741772126042,0.45887817992703733,4.016302724296874,1.6277802660427536,0.05639987872698482,2.378236822189263,0.8490017236476178,0.29429632268422695,2.1022335000780936,1.388941664470271,0.0008466180115781485,1.4140017618707914,0.9278850882537224,0.009316683533816155,-0.7099675007991828,0,0,0,0.12310242170002432,0.8848196491352295,378,0.5845,-0.02759,1.0458497851882669,4,3,1,0.6065,264,0.7785115082186584,-0.040481,-0.040481027456448215,621.5775924213804,289.82562406940065,0.6091692916508067,0.6091700962584965,0.6091702876913221,0.7614626203231206,7.985015083233847e-06,390,0.1917,0.1312,-0.17102,-0.25893,376,0.4783,0.4976,0.00527,-0.044674,3,0.1121,0.5619,-0.002637,6.898,0.2797,-0.7957,-0.000587,6.958,0.0917,-0.9481,-0.001045,6.946,4.0035,1.723,1.7381,1.735,0.4343,1.0,0.71541,0.54735,1.2919,0.21727,0.9459,1.0236,1.0822,0.5,3.2077,1.9246,2.6303,24.0116,21.5982,6.7332,48,0.1869,-0.8086,51,0.0698,-0.5846,-3.0
157,1224,214886,4.021235355089357e-09,0.00230749025037208,0.0005226253640872189,0.00230749025037208,1.0971988425279011,5.264440075148862,3.994841178327838,-79.21873645405924,68.09824154389246,-0.4341367699699075,79.21873645405924,0.009770703360434119,12.552926802523416,6.405656190978221,-3.8601750396368577,4.191609249472482,-0.0133266332049288,4.191609249472482,0.45968682366776487,4.021351701560572,1.6287964361378537,0.10271018091831896,2.4004279213277937,0.85288422102255,0.3083045079371069,2.1163538296436712,1.3982205156014125,0.0011814867374507765,1.4141476802933215,0.9509208672826405,0.00947222643921432,-0.7073170148018626,0,0,0,0.11527757448947001,0.8862917148994092,378,0.5679,-0.02641,1.0559036141557596,3,2,1,0.5975,262,0.7778630308546104,0.020912,0.020911501098956453,621.5762154719783,289.8249820333546,0.6091692945585838,0.6091701019534823,0.6091702876899974,0.7614626274418529,7.961667880329658e-06,390,0.2036,0.1506,-0.17438,0.033556,376,0.4884,0.4981,0.00186,-0.011303,3,0.1157,0.3723,-0.001016,6.908,0.2774,-0.7927,-0.001348,6.957,0.0995,-0.8609,0.000195,6.949,4.0056,1.7246,1.7369,1.7347,0.4185,1.0,0.71692,0.57076,1.29199,0.21803,0.951,1.0185,1.071,0.5,3.2073,1.9244,2.63,24.0092,21.5961,6.7334,48,0.1012,-0.771,51,0.0468,-0.2805,-3.0
158,1224,214886,1.4128084852870647e-09,0.0025772896562103057,0.000541207005168703,0.0025772896562103057,1.098283275022324,5.265352995654799,3.9948770376472305,-79.19673656322607,68.79558106576081,-0.24510159029314302,79.19673656322607,0.0013336903057847849,12.56067562850278,6.42304358149308,-3.8886315137108656,4.257085658879538,-0.013352864124626041,4.257085658879538,0.4616094343005359,4.026011283130237,1.6301062236375679,0.07815398880408453,2.4263794252601896,0.8548146727157978,0.3224165938283778,2.1304113118182757,1.4077297237051247,0.0022391420907971193,1.414110620219497,0.9164933663901365,0.009640441252294032,-0.7046602608972278,0,0,0,0.11492064730085906,0.8876994207499965,378,0.5527,-0.02882,1.0595687885663423,0,0,0,0.5842,261,0.7780708481585111,-0.008601,-0.008601249241517284,621.577694038434,289.82567145081583,0.6091691784423232,0.6091700958343598,0.60917028769112,0.7614626197929497,8.892551316482254e-06,390,0.1991,0.1595,-0.15745,0.389586,376,0.5035,0.502,-0.00773,0.010291,3,0.1101,0.2997,-0.000179,6.906,0.2784,-0.7883,-0.001016,6.953,0.1003,-0.8233,-0.000354,6.941,4.0031,1.7252,1.737,1.7339,0.4172,1.0,0.72631,0.55837,1.29169,0.21892,0.9497,1.0198,1.0738,0.5,3.2071,1.9243,2.6299,24.0077,21.5947,6.7334,48,0.0621,0.9648,51,0.0733,0.9014,-3.0
159,1224,214886,1.97992539560086e-09,0.002661108486336371,0.0005593648418580748,0.002661108486336371,1.0996373914638928,5.266236065869709,3.9949121348410017,-78.44387893482158,69.45380892176335,-0.42908690028084645,78.44387893482158,0.005665674723703162,12.561639078399454,6.4332268280299765,-3.8854936301274936,4.311917189271668,-0.01335121239530669,4.311917189271668,0.4646231361110685,4.030238957233718,1.63154986010281,0.09036954990375468,2.452673501037953,0.8508872435647991,0.3365107260950713,2.14428573816925,1.416894657344367,0.0003531924683713994,1.4141691749345529,0.9113334922371983,0.00981837718694046,-0.7019319644834785,0,0,0,0.1078724205831135,0.889124451456527,378,0.5389,-0.03098,1.0616713549159569,1,1,0,0.573,260,0.7782598447991661,0.01015,0.010150398105526426,621.5760329257058,289.8248969167288,0.6091691423629882,0.6091701027020326,0.6091702876908759,0.7614626283775408,9.181780152934719e-06,390,0.1974,0.1693,-0.16799,0.612166,376,0.5187,0.5042,-0.00921,-0.023559,3,0.1064,0.1763,-0.000175,6.896,0.2797,-0.7886,2.9e-05,6.952,0.1024,-0.7443,-0.001181,6.936,4.0,1.724,1.738,1.7341,0.4167,1.0,0.7273,0.57406,1.29143,0.22106,0.9501,1.0194,1.0729,0.5,3.2071,1.9242,2.7581,23.9156,21.5943,6.7333,48,0.2077,0.9817,51,0.1802,0.9855,-4.0
160,1224,214886,4.927110549583301e-10,0.0027431483646689022,0.0005766306796307925,0.0027431483646689022,1.1012804573109498,5.267061514917461,3.994945702598807,-77.66904511515723,70.13839695645669,-0.29036142975461093,77.66904511515723,0.004402493863993939,12.558203948299926,6.293721425427883,-3.91467325791429,4.350261813680253,-0.014554277312240125,4.350261813680253,0.46654796049164116,4.033996264143798,1.632920570934597,0.10462381127920739,2.477493696678754,0.8570735982851639,0.3506338897385763,2.1584153446687657,1.4260079922331068,2.426648248188279e-05,1.414139510798531,0.9021820112679876,0.010002157273097311,-0.6991631585937307,0,0,0,0.10629223028936716,0.890556250037412,378,0.5456,-0.03578,1.0645272282743876,1,1,0,0.5732,259,0.7785639200372575,-0.101345,-0.10134547249373127,621.5755644729984,289.82467848929525,0.6091691070512115,0.6091701046162563,0.609170287691516,0.7614626307703204,9.464854335274356e-06,390,0.1825,0.1801,-0.1904,0.0688,376,0.527,0.4994,0.00448,-0.035054,3,0.0997,0.1156,-0.000379,6.88,0.2877,-0.7884,0.001319,6.95,0.0963,-0.7021,-0.001207,6.937,3.9966,1.7215,1.7389,1.7358,0.4127,1.0,0.72409,0.5544,1.29136,0.22029,0.9501,1.0193,1.0728,0.5,3.2071,1.9243,2.7581,23.916,21.5946,6.7334,48,0.2251,0.9971,51,0.1996,0.9981,-2.0
161,1224,214886,1.2184553173942032e-09,0.0026522951706049514,0.0005829698134746727,0.0026522951706049514,1.1031848038016554,5.267918947607996,3.994976925903526,-77.01869974455062,70.81899776790932,-0.4287237071936139,77.01869974455062,0.012297449419817898,12.559325854565643,6.3197889958695175,-3.9716241641483614,4.426319700874595,-0.014850300162779403,4.426319700874595,0.46747546975856413,4.037322953000378,1.6341815133604793,0.07503545700799275,2.4816449667497418,0.8648237993867283,0.3647565664634741,2.1725036484180356,1.435029812530134,0.0028507219782997195,1.4141645454381726,0.9289868589903748,0.010189918264998266,-0.6962730529512889,0,0,0,0.11683057570543702,0.8919516562049753,378,0.5655,-0.03896,1.0721524425065687,2,2,0,0.5803,257,0.7781940486722084,0.043965,0.04396453884948581,621.5786839822006,289.82613303610054,0.6091691461648621,0.6091700916823528,0.6091702876912036,0.761462614602941,9.151332016959918e-06,390,0.1748,0.1689,-0.18359,0.149858,376,0.523,0.4937,0.01494,-0.019372,3,0.099,-0.0546,0.000894,6.859,0.2959,-0.7693,0.001958,6.951,0.0916,-0.596,-0.001422,6.934,3.9921,1.718,1.7412,1.7369,0.4138,1.0,0.72447,0.56036,1.29146,0.2215,0.9475,1.022,1.0786,0.5,2.8863,2.0311,2.758,23.9606,21.5579,7.469,49,0.1457,0.8796,50,0.1614,0.8844,-1.0
162,1224,214886,8.402038375745291e-10,0.002611489410942713,0.000575753106625538,0.002611489410942713,1.1053854130172378,5.268681583975833,3.995007073164869,-76.21989845026663,71.47885656916617,-0.2500334409605347,76.21989845026663,0.010759519331795057,12.565078305330099,6.316589416119328,-3.9945273113825275,4.454830536311603,-0.015458561704336928,4.454830536311603,0.4698172641504879,4.04025811668082,1.6351863118572751,0.07609457266799502,2.5063611535210732,0.8706847889667649,0.378896819729282,2.1862389210595317,1.4443196815457422,0.0006839259696136413,1.4140720455531484,0.9163576311419672,0.010393140919064259,-0.6933798609516901,0,0,0,0.1379039277730571,0.8933785007585721,378,0.58,-0.02173,1.0867895315864393,0,0,0,0.5835,254,0.7766115863264822,0.039675,0.03967469469523377,621.5838578878642,289.82854549506965,0.6091691637438436,0.6091700692586257,0.6091702876913665,0.7614625865732821,9.010463087691746e-06,390,0.161,0.1423,-0.19676,-0.088088,376,0.5115,0.4874,0.01756,0.053192,3,0.0934,-0.2935,0.000168,6.852,0.2969,-0.7627,0.000108,6.953,0.0824,-0.3944,-0.00092,6.932,3.9909,1.717,1.7422,1.7368,0.418,1.0,0.73302,0.54935,1.29114,0.22275,0.9465,1.0229,1.0808,0.5,2.8853,2.0304,2.8212,23.9527,21.5152,7.4568,49,0.0878,-0.9972,50,0.1182,-0.717,-3.0
163,1224,214886,8.21696984953647e-09,0.002570083133614787,0.0005687209915777435,0.002570083133614787,1.1078844273651134,5.269460932869391,3.9950355129546655,-75.62790341335379,72.1328304267341,-0.41619408931626756,75.62790341335379,0.00711568774251603,12.565439281187015,6.254073581231486,-4.0555596199742965,4.473511920705937,-0.016379865292019034,4.473511920705937,0.4726533859014478,4.042750910646334,1.636365789205244,0.05653672114277022,2.527597321870954,0.8613527391502948,0.39303572432246364,2.2000613364165984,1.4534832574084005,0.0002332048679533072,1.4140811896145076,0.9976008469496568,0.010611057053281919,-0.6904528704258254,0,0,0,0.13747662195682742,0.8947592709882392,378,0.5727,-0.01102,1.1014877446640718,1,1,0,0.5852,253,0.7767489500577899,0.003217,0.0032170573413532466,621.5836430049553,289.82844530070304,0.6091691815635476,0.6091700702140398,0.6091702876881917,0.7614625877675497,8.86760142175925e-06,390,0.1698,0.1338,-0.16427,-0.708671,376,0.502,0.485,0.02391,0.024338,3,0.0973,-0.5975,0.002855,6.866,0.2877,-0.7711,4.3e-05,6.957,0.0853,-0.0498,0.002607,6.923,3.9926,1.7196,1.7425,1.734,0.4239,1.0,0.73281,0.56941,1.29112,0.2224,0.9464,1.023,1.081,0.5,2.8823,2.0283,2.8183,24.0193,21.4217,7.4322,49,0.2066,0.1526,51,0.1715,-0.4187,0.0
164,1224,214886,5.183246692098648e-09,0.00250852382558411,0.0005714182902168682,0.00250852382558411,1.1107014273848028,5.270161839659636,3.9950664621581167,-76.4405656315576,72.78335023879029,-0.3151032872026441,76.4405656315576,0.003599232028705046,12.565700081466908,6.254069780646895,-4.074594947414976,4.517314744837394,-0.0166831991586079,4.517314744837394,0.4760602304427374,4.044762059586126,1.6383034270287464,0.06061949613091577,2.5451554524741025,0.8653418816226011,0.4071387766433325,2.214061363789746,1.4634592658458445,0.0005415973675044761,1.4138392971368596,0.9259381188461085,0.010845468800652127,-0.6873911250108602,0,0,0,0.12841834464826368,0.896230303373943,378,0.568,-0.01292,1.1117680047263079,5,4,1,0.5903,252,0.7768589969220848,-0.088221,-0.088220786474426,621.5824630743208,289.8278951294345,0.6091692080522467,0.609170075422736,0.6091702876894972,0.76146259427842,8.655218727182302e-06,390,0.1908,0.1493,-0.1604,-0.256752,376,0.4952,0.4825,0.03189,0.026039,3,0.1085,-0.8098,0.00149,6.881,0.2815,-0.7593,-6.9e-05,6.963,0.0946,0.2331,0.00188,6.925,3.997,1.7216,1.7421,1.7324,0.4203,1.0,0.7292,0.55346,1.29093,0.22432,0.9459,1.0235,1.082,0.5,2.8794,2.0263,2.8154,24.0866,21.3291,7.4075,49,0.2144,0.8165,51,0.1668,0.3561,-1.0
165,1224,214886,4.4647780718592e-09,0.002959985733507582,0.0005629260152227064,0.002959985733507582,1.1138358659281216,5.270881955593688,3.995096064990544,-74.92923986996495,73.45135535019416,-0.4221895750891059,74.92923986996495,0.022230883714977168,12.555735017481252,6.22764729133214,-4.100735565797304,4.562506629904853,-0.016741272219967088,4.562506629904853,0.4770855981469399,4.04577770123788,1.6392934019472538,0.07460435350579053,2.5611137928161027,0.8515477959564518,0.4201703973884947,2.228162645906059,1.4727186469333078,0.0017286573242109027,1.4140332492894563,0.9684067715542696,0.011098638804592047,-0.6842699699157851,0,0,0,0.11641872431682157,0.8975619047788763,378,0.552,-0.02527,1.1133768514824323,3,2,1,0.5965,250,0.7763213034913706,0.070028,0.07002755015533024,621.5804913844472,289.82697578122276,0.609169013741908,0.6091700839866203,0.6091702876898064,0.7614626049832753,1.0212940757253531e-05,390,0.1937,0.1634,-0.19168,-0.080188,376,0.4916,0.488,0.02553,0.002908,3,0.1075,-0.8915,0.001023,6.893,0.2717,-0.7615,0.000312,6.964,0.0956,0.3852,0.002036,6.927,3.9999,1.7233,1.7411,1.7317,0.4129,1.0,0.7285,0.57018,1.2909,0.2266,0.9481,1.0213,1.0772,0.5,2.8783,1.9189,2.8783,24.0773,21.3208,7.4074,49,0.1574,0.9941,51,0.0932,0.9662,-3.0
166,1225,214887,0.0,0.0029696853674800894,0.0005515147365880314,0.0029696853674800894,1.1146711459176988,5.273482038664706,3.9952361413306305,-74.57868676338279,79.31748176182873,-0.2155156872832465,79.31748176182873,0.03076549691163158,12.56620063566277,6.263357036711777,-4.076598823656709,4.6036917970681985,-0.017376568218666833,4.6036917970681985,0.4787591211391809,4.047115355998523,1.6398893019248184,0.09471204672515654,2.586488550544595,0.8682050329731034,0.0,2.2422878940412123,1.481192590179425,1.0,1.0,1.0,0.011368508209094495,-0.6809255325604122,0,0,0,0.11517826899051514,0.898865373597036,378,0.5341,-0.02502,1.1258553543092111,0,0,0,0.5889,249,0.7767716808632168,0.011792,0.011791518965350356,621.5808140755224,289.827126243761,0.6091690095695292,0.609170082597833,0.609170287691728,0.7614626032472912,1.02464024191525e-05,391,0.17,0.1546,-0.18296,-0.100586,376,0.4943,0.496,0.01416,0.048332,3,0.0918,-0.9357,-0.000107,6.9,0.2642,-0.77,0.000247,6.96,0.0849,0.4954,0.001421,6.93,4.001,1.7245,1.7396,1.7321,0.4126,1.0,0.73498,0.56673,1.29146,0.22416,0.9493,1.0201,1.0746,0.5004,2.8748,1.9166,2.8748,24.0939,21.2951,7.4075,49,0.1268,0.0924,51,0.0819,-0.4729,-2.0
167,1226,214888,0.0,0.0028619093413151473,0.0005382487882013694,0.0028619093413151473,1.115599293843431,5.275787322159951,3.9951945714323727,-74.40541522547466,78.49472838706077,-0.38880742894393766,78.49472838706077,0.006247535065891541,12.564514507208058,6.332662476836708,-4.06353286835721,4.622740241210845,-0.0185871628159439,4.622740241210845,0.48326832170014566,4.048020755880658,1.6420839068111504,0.15141905590364102,2.6114340498232815,0.8541624748089531,0.0,2.2561040004714434,1.4886541913884943,1.0,1.0,1.0,0.011634367110930662,-0.6776395456613001,0,0,0,0.10977323085371217,0.9002936413178199,378,0.5214,-0.02719,1.138444134911504,0,0,0,0.5772,248,0.7771805629694569,-0.011819,-0.011818810882698427,621.579860784062,289.8266817485028,0.6091690559523132,0.6091700866892191,0.609170287691728,0.7614626083615239,9.874554420074306e-06,392,0.1182,0.1114,-0.18008,-0.136915,376,0.5022,0.4994,0.00567,-0.117954,3,0.065,-0.9945,0.001729,6.896,0.2619,-0.7972,3.4e-05,6.958,0.0626,0.7299,0.000633,6.917,3.9975,1.7251,1.7406,1.7304,0.418,1.0,0.73804,0.57865,1.29298,0.2243,0.9469,1.0224,1.0798,0.5008,2.8714,2.0206,2.9352,24.0652,21.2343,7.3951,49,0.1925,-0.8348,50,0.1957,-0.958,0.0
168,1227,214889,0.0,0.002882662570091478,0.0005393268989196181,0.002882662570091478,1.1198419398391768,5.278458921967895,3.995357906372043,-74.32905486916215,81.54505746270776,-0.2755081026404699,81.54505746270776,0.006377737495627783,12.55983526378905,6.376271447852186,-4.0629281534313915,4.657141786910076,-0.019803299535614355,4.657141786910076,0.48735177567771,4.048475230317076,1.6438408127509456,0.13502694065110865,2.6363725066171555,0.8481411208081308,0.0,2.2686861831107703,1.496243825057147,1.0,1.0,1.0,0.011907517342617874,-0.6742321404155314,0,0,0,0.10984338912222535,0.8999908928601333,379,0.5253,-0.02886,1.1483692991586643,2,2,0,0.5791,248,0.7749743237373784,-0.063577,-0.06357748154947185,621.5779946946626,289.8258116390726,0.6091690470165247,0.6091700945791368,0.609170287691728,0.761462618223921,9.946189933149677e-06,392,0.0968,0.0708,-0.19503,0.153457,376,0.5066,0.5017,0.00026,-0.102218,3,0.0518,-0.5576,-0.005575,6.878,0.2662,-0.8041,-0.000602,6.962,0.05,0.9419,-0.005777,6.94,3.9993,1.7199,1.7409,1.7354,0.4336,1.0,0.73367,0.55932,1.2949,0.22571,0.9526,1.0168,1.0674,0.4996,2.8691,2.019,2.9966,24.0001,21.2525,7.4074,49,0.1991,-0.8171,50,0.2312,-0.7732,0.0
169,1227,214889,5.279318861269026e-23,0.003171260491438874,0.0006067995376720619,0.003171260491438874,1.1239751394522441,5.27920597399308,3.9953875610002636,-74.25932255916756,81.35331180226395,-0.40842523837174044,81.35331180226395,0.0003592993397978361,12.560582815355344,6.533106406350101,-4.116357462845545,4.6527868233618,-0.020845831783521205,4.6527868233618,0.49084591706812075,4.048544163427304,1.645150102853761,0.09951861896519376,2.65957967500782,0.8752589714318313,1.4142115624116159e-08,2.2718295549542815,1.5052107041947271,0.0004945093295226632,1.4141733642939711,0.9047459617898322,0.012199779965225858,-0.6706038968637519,0,0,0,0.1288194110267159,0.9013596530694921,379,0.5502,-0.03262,1.1471637440865463,3,4,-1,0.5932,247,0.7751568919877329,0.112197,0.11219655041450372,621.5830253636607,289.8281573104733,0.609168922824622,0.6091700729489862,0.609170287691728,0.7614625911862327,1.094186472724842e-05,392,0.1755,0.1257,-0.25518,0.43447,376,0.5104,0.5057,-0.00552,-0.076811,3,0.097,0.1835,-0.002912,6.879,0.2808,-0.8065,-0.000597,6.961,0.09,0.4332,-0.001539,6.954,4.0019,1.7189,1.7395,1.7377,0.487,1.0,0.73512,0.56526,1.29532,0.22662,0.9531,1.0162,1.0662,0.5004,2.868,2.0182,2.9955,23.991,21.2444,7.4074,50,0.1622,-0.4316,50,0.2024,-0.1214,-1.0
170,1228,214890,0.0,0.003589337109255431,0.0006494393007602073,0.003589337109255431,1.1273772946173348,5.280169386658214,3.993571517561823,-74.18833834825897,77.79792694460257,-0.23895150761470724,77.79792694460257,0.001958939841075317,12.564422531482135,6.630372476474946,-4.150174400325918,4.694888052935176,-0.022988113952656215,4.694888052935176,0.4945361251054589,4.04828064050198,1.6453854762537976,0.08467176062829429,2.68310111346506,0.8705600153868897,0.0,2.2859184846442484,1.513025054414299,1.0,1.0,1.0,0.012553007134215897,-0.6670758237634967,0,0,0,0.1604407767528664,0.902687716193398,379,0.5774,-0.02428,1.1556034808969797,3,3,0,0.6127,247,0.7763356148740643,0.028527,0.028527485621277826,621.5913613844939,289.8320441823131,0.6091687429297632,0.6091700345868614,0.609170287691728,0.7614625432335766,1.2384196921295665e-05,392,0.1925,0.1435,-0.18624,-0.05875,376,0.5106,0.505,-0.01212,-0.018141,3,0.1111,0.2421,0.001941,6.88,0.2948,-0.8176,0.00011,6.96,0.0983,0.3606,0.001226,6.943,3.9996,1.72,1.7402,1.7358,0.4258,1.0,0.74692,0.55969,1.29418,0.22892,0.9492,1.0196,1.0741,0.5,3.1869,2.0184,2.9319,24.0837,21.2104,6.6555,51,0.0981,0.5994,50,0.1427,0.6814,1.0
171,1228,214890,2.322513439551115e-23,0.00408599236838964,0.000677794844056978,0.00408599236838964,1.1321975708107808,5.28091138612967,3.993598703625927,-74.34605457069542,78.54011122423555,-0.42674747342054437,78.54011122423555,0.003120001196261022,12.564014854163984,6.637130045085589,-4.217497080674806,4.73573381605732,-0.023952876492673938,4.73573381605732,0.49921646980354156,4.047660079374633,1.6470829162282987,0.08124805414621772,2.703913008675192,0.8630771508603078,1.4142115624116159e-08,2.297417332426608,1.5218449769109845,0.002228607609319533,1.4141583129869026,0.9093714002389999,0.012937844834459764,-0.6635480218823603,0,0,0,0.17686132811891486,0.904072956035932,379,0.5916,-0.01592,1.168443208673338,3,3,0,0.6232,247,0.7776367734986843,0.05498,0.05498025610255253,621.5953834946491,289.83391958869845,0.6091685292003626,0.6091700149505903,0.609170287691728,0.7614625186882379,1.40977024848853e-05,392,0.1917,0.148,-0.12739,-0.829289,376,0.5151,0.5078,-0.02104,-0.024045,3,0.1135,0.2789,0.002368,6.873,0.3048,-0.8347,-9.5e-05,6.96,0.0988,0.296,0.000305,6.924,3.9947,1.7205,1.7422,1.7334,0.4261,1.0,0.74979,0.56796,1.29462,0.23125,0.9549,1.0139,1.0618,0.5,3.1869,1.9121,2.9956,24.0835,21.2103,6.6555,51,0.1974,0.8691,50,0.1742,0.9868,-0.0
172,1228,214890,6.315356724198517e-12,0.0044497337652218165,0.0006871550877407123,0.0044497337652218165,1.1373671072417468,5.281567689207057,3.9936258587510065,-75.10757588272195,82.0441566763423,-0.3449012354252787,82.0441566763423,0.0024326850082016446,12.563613933936539,6.763031920443844,-4.294365869553608,4.7836787353793,-0.024573003199379505,4.7836787353793,0.5026786357249401,4.0467125328471205,1.6487101186669195,0.09252046334605624,2.7253900441201138,0.8704072265355677,0.014112921589974261,2.3115443833790668,1.5309386906686038,0.0024762061249878897,1.4140202353589564,0.9353252135524605,0.012763213920686745,-0.6598755946832057,0,0,0,0.17561370550304972,0.9055772467388019,379,0.5955,-0.00916,1.1873801512598778,4,3,1,0.6403,246,0.777666437740068,0.000504,0.0005043411345639903,621.593700814735,289.83313499838795,0.6091683726490353,0.6091700232541783,0.6091702876917253,0.7614625290677229,1.5352743450974182e-05,392,0.1853,0.1593,-0.11795,0.027254,376,0.5178,0.5073,-0.01593,0.015795,3,0.1103,0.4743,0.002691,6.856,0.3084,-0.8571,-0.000462,6.965,0.096,0.047,-0.001617,6.9,3.9878,1.7193,1.7465,1.7303,0.4255,1.0,0.7465,0.55597,1.29406,0.23291,0.9585,1.0103,1.054,0.5,2.8661,2.0169,2.9298,24.1569,21.1594,7.3826,51,0.2434,0.6462,50,0.198,0.9235,-0.0
173,1228,214890,1.1708648622838122e-11,0.004543433696729119,0.0006897931092791803,0.004543433696729119,1.1428765969647616,5.282124050745958,3.993652743966278,-75.88596450035486,78.67638496659197,-0.44978476644184795,78.67638496659197,0.010927907445792175,12.55823416825548,6.822015861617263,-4.342435994210747,4.875589257845631,-0.02445356300191387,4.875589257845631,0.5051004768847336,4.045475448206818,1.6496238656609583,0.0564552412820766,2.7477314283052063,0.8688367784462466,0.028207781486007055,2.323643970340196,1.540291942961451,0.0011523048684504156,1.4141468160827213,0.9195013215098066,0.012704842237247535,-0.6562030465334455,0,0,0,0.17715098282850106,0.907064657350291,379,0.5964,-0.02431,1.1983019222906752,2,2,0,0.6477,246,0.7787155975383326,0.074212,0.07421217196426122,621.5942679546179,289.83339944111,0.6091683323253103,0.6091700204700535,0.609170287691723,0.7614625255875669,1.567601837983576e-05,392,0.1687,0.1477,-0.13939,0.047242,376,0.5218,0.5107,-0.01259,0.026818,3,0.1007,0.6997,-0.000338,6.857,0.3113,-0.8616,-0.00037,6.968,0.0881,-0.2403,-0.000688,6.902,3.9891,1.719,1.7468,1.7302,0.4263,1.0,0.74984,0.5642,1.29327,0.23091,0.9548,1.014,1.062,0.5,2.5461,2.1217,2.928,24.1877,21.1112,8.2916,51,0.1562,0.5394,50,0.0853,0.9981,1.0
174,1228,214890,3.9254480940660805e-11,0.004316964361945477,0.0006890687035241707,0.004316964361945477,1.148745373803373,5.282634175673756,3.99367860309646,-76.60568216867722,77.82819233514552,-0.23993421923333455,77.82819233514552,0.01056564963334819,12.55845303172044,6.82748823861273,-4.357933561664082,4.9333280522091885,-0.02417424741165568,4.9333280522091885,0.5076780936210086,4.043927333978353,1.650302230090802,0.08593916407069302,2.770716216731331,0.8771121311590699,0.04234371436819866,2.33769864377574,1.5494869562805798,0.0033354876709842385,1.4141000371835453,0.8936626942497248,0.013165899251023473,-0.6524559965932147,0,0,0,0.18143022290553582,0.9084825240229448,379,0.5901,-0.04755,1.201572472940308,1,1,0,0.6384,244,0.7781425774255422,-0.015443,-0.015443422360643,621.5965403906833,289.83445901952604,0.6091684298054366,0.6091700091671772,0.6091702876917111,0.7614625114589715,1.4894586297810241e-05,392,0.1628,0.1438,-0.13178,0.23454,376,0.5207,0.5059,-0.0186,0.08207,3,0.0961,0.8872,-0.001859,6.87,0.3074,-0.8503,-4.3e-05,6.967,0.0848,-0.5115,0.000861,6.919,3.9947,1.7199,1.7442,1.732,0.4298,1.0,0.75239,0.56047,1.29295,0.23353,0.9536,1.0152,1.0647,0.5,2.5458,2.1215,2.9277,24.1852,21.109,8.2917,51,0.0894,0.9976,50,0.1698,0.6188,1.0
175,1228,214890,2.0048829927924398e-10,0.004092632441891237,0.0006882913266355488,0.004092632441891237,1.1549665534176607,5.283119693865265,3.993701063603122,-77.36604191942956,77.03537858092994,-0.4133867443300872,77.36604191942956,0.0002341057379549056,12.53978735744065,6.8246619350628235,-4.377876719476018,4.9991345062174135,-0.024479061372336134,4.9991345062174135,0.5087334421809195,4.042081005260415,1.6503404801983743,0.08883690368215558,2.7937524690918245,0.8761162475439752,0.04511070069477179,2.3516707639353736,1.558423582600663,0.005560907720735142,1.4140928196914238,1.0174539623174794,0.014082998361348662,-0.6486092450426519,0,0,0,0.17598083405124376,0.9098497202091401,379,0.5884,-0.04741,1.197681658392387,0,0,0,0.6276,241,0.776362917699788,-0.015022,-0.01502210636790502,621.5964860720061,289.8344336921257,0.6091685263462444,0.6091700094398058,0.6091702876916417,0.7614625117997572,1.4120587363469045e-05,392,0.1516,0.1383,-0.1646,0.52221,376,0.5168,0.5009,-0.02152,-0.046468,3,0.0893,0.9953,-0.002646,6.9,0.3042,-0.8215,-0.000755,6.969,0.0784,-0.7626,0.001823,6.946,4.0059,1.7225,1.7397,1.7339,0.4361,1.0,0.75607,0.56873,1.29259,0.23306,0.9483,1.0204,1.076,0.5,2.5457,2.1214,3.0549,24.0936,21.1084,8.2918,51,0.0981,0.6869,50,0.1785,0.6167,2.0
176,1229,214891,0.0,0.004076817969912317,0.0007008500984007047,0.004076817969912317,1.1483668540987337,5.280589709765572,3.993579223811239,-78.09947170119842,80.9283358840192,-0.39802452016852397,80.9283358840192,0.002111499630684577,12.562047841406455,6.822981233334035,-4.324849674299851,5.0424601795549036,-0.023363281833996847,5.0424601795549036,0.5126655463458946,4.039930413766883,1.651224201766952,0.08547185982877026,2.8167146247985433,0.8768985028127015,0.0,2.3657925251426044,1.5673218013454762,1.0,1.0,1.0,0.015323756035452728,-0.6447080300940286,0,0,0,0.16797037000622422,0.9112520769063926,379,0.5922,-0.04658,1.1979638809745905,4,5,-1,0.6237,240,0.7763288778179676,-0.000181,-0.00018114071111252628,621.5949680528546,289.83372587888834,0.6091685331499219,0.6091700170143,0.609170287691728,0.761462521267875,1.4066057901128735e-05,392,0.1545,0.1564,-0.20668,0.051164,377,0.511,0.4954,-0.00819,-0.006166,3,0.0917,0.9181,0.001187,6.904,0.3026,-0.7984,-0.000463,6.969,0.0791,-0.9717,0.000783,6.938,4.0051,1.7238,1.7401,1.7322,0.44,1.0,0.75598,0.5618,1.29346,0.23132,0.9495,1.0194,1.0736,0.4996,2.5457,2.1214,3.0549,24.2299,21.0376,8.264,51,0.1347,0.4778,50,0.203,0.6607,1.0
177,1229,214891,6.475164392171663e-23,0.004217741048811122,0.0007199539596533101,0.004217741048811122,1.1423577051652376,5.281068402286853,3.993604967621299,-78.68055686772401,81.66163345236481,-0.4879682144259595,81.66163345236481,0.02148316641860787,12.559088846627608,6.748225268651574,-4.330901510300854,5.032215205323148,-0.02329027915596333,5.032215205323148,0.5172012496675649,4.037582963438761,1.6531340571416626,0.1155348984263257,2.8356680407969947,0.8576392155387748,1.4142115624116159e-08,2.3798485090888666,1.576203150748252,0.004728791760529316,1.4141536454525048,1.0006978076677862,0.015909934712179257,-0.6408149604067702,0,0,0,0.1786969045600457,0.912619787658422,379,0.6044,-0.05249,1.2023279685258252,3,2,1,0.6232,239,0.776608740313555,0.007138,0.007137916762595786,621.5964973586962,289.8344389548186,0.6091684725138752,0.6091700093848122,0.609170287691728,0.7614625117310153,1.4552242528599623e-05,392,0.1495,0.1304,-0.20464,-0.100454,377,0.5141,0.4969,0.00641,-0.06175,3,0.0904,0.6107,0.00346,6.889,0.3108,-0.772,0.000473,6.972,0.0769,-0.9748,-0.000269,6.914,3.998,1.723,1.7438,1.7293,0.4494,1.0,0.75918,0.56089,1.29332,0.23577,0.9513,1.0175,1.0696,0.5004,2.5459,2.1216,3.1187,24.2311,21.0033,8.2499,51,0.1232,0.5279,50,0.1557,0.8215,-1.0
178,1229,214891,4.546606081894656e-11,0.004394288020889233,0.0007339583737272609,0.004394288020889233,1.1363342598252757,5.281475014323564,3.993631581802076,-79.36010170986997,82.39131586382032,-0.3412638466060259,82.39131586382032,0.002108854276550054,12.534956323427771,6.757398556747553,-4.421635242464303,5.120188277566336,-0.023427629113385053,5.120188277566336,0.5189755548437242,4.035474692037153,1.6538259411971783,0.08807026846789068,2.8509925547386326,0.8834588387880385,0.014122714303480718,2.3934241437398165,1.5862101289035642,0.0029762907508397163,1.4141322478360157,0.9362929723979805,0.016550012221413942,-0.6366103282865507,0,0,0,0.19503008347633582,0.9140079686105597,379,0.6101,-0.05231,1.2049127002132691,2,2,0,0.6185,238,0.7767110896811628,-0.052675,-0.052675097529016224,621.6005334027981,289.83632085824445,0.6091683965511484,0.6091699887415698,0.6091702876917084,0.7614624859269622,1.5161274500991295e-05,392,0.1425,0.1106,-0.17002,0.065862,377,0.5155,0.4959,0.01401,0.026995,3,0.087,0.1721,0.000977,6.878,0.3145,-0.7579,-8.8e-05,6.971,0.0735,-0.7731,-0.000824,6.901,3.9934,1.7223,1.7456,1.7282,0.4502,1.0,0.76361,0.55511,1.29271,0.23879,0.948,1.0208,1.0768,0.5004,2.5461,2.1217,3.1826,24.1875,21.0049,8.2498,51,0.0387,-0.2174,50,0.02,0.8968,-3.0
179,1229,214891,5.705893036638178e-11,0.004566036847173138,0.0007638542107527605,0.004566036847173138,1.1303152753954355,5.281820993334935,3.993656194629517,-75.78353520231515,70.57985689111226,-0.4605371081842982,75.78353520231515,0.006856264786103683,12.565154519779554,6.719540582132923,-4.4805890071291214,5.1591356812528275,-0.02303919993581647,5.1591356812528275,0.5192408872193114,4.032895117631056,1.65382735326316,0.059280631077067936,2.8698849335405305,0.8841559639347842,0.027579136767627726,2.4075652542448935,1.595573058615452,0.0006364641810100435,1.4141058038373429,1.0229330873763658,0.01724326125494792,-0.6325879087660242,0,0,0,0.20581364077716857,0.9153927717983893,379,0.6146,-0.04034,1.2097719953691477,2,3,-1,0.6175,238,0.7776255416258069,0.004985,0.004985172206151134,621.6024218113682,289.8372013745292,0.6091683226523363,0.609169978830911,0.6091702876917034,0.7614624735386386,1.5753798427251858e-05,392,0.1427,0.1193,-0.11835,-0.050879,377,0.5174,0.4905,0.01397,-0.057039,3,0.0877,-0.2671,-0.001267,6.901,0.318,-0.7636,-0.000871,6.971,0.0738,-0.4183,0.001793,6.915,4.0006,1.725,1.7426,1.7286,0.4551,1.0,0.76971,0.56618,1.29236,0.2352,0.947,1.0217,1.0788,0.5004,2.5465,2.1221,3.2468,24.1466,21.0089,8.2501,51,0.1523,-0.5159,50,0.1423,-0.7883,0.0
180,1230,214892,0.0,0.004585382623029433,0.0007845021741995982,0.004585382623029433,1.1274258749839532,5.28392138059765,3.9943589598483578,-75.90278007566884,72.41327369824401,-0.44540899601922285,75.90278007566884,0.007795784681904718,12.563535094220178,6.551757190925769,-4.5082156876984305,5.2360930647120485,-0.023350070106670114,5.2360930647120485,0.5232035185860879,4.029885389761751,1.6543068370209242,0.0934109602997103,2.8890042478905738,0.8692046194550036,0.0,2.421517737762751,1.6044968588693618,1.0,1.0,1.0,0.017991544111934477,-0.6285459667731588,0,0,0,0.20626882225809026,0.916741141562623,379,0.6123,-0.0242,1.2308132233555824,2,3,-1,0.6199,238,0.778563963882539,-0.022406,-0.022405689939554385,621.6031903454223,289.83755972216676,0.6091683143233956,0.6091699747513896,0.609170287691728,0.7614624684392369,1.582052590915029e-05,393,0.1408,0.1523,-0.20876,-0.066581,377,0.5203,0.4916,0.01859,-0.011161,3,0.0864,-0.5822,-0.001372,6.93,0.3186,-0.7935,-0.000457,6.97,0.0734,-0.0328,0.003023,6.934,4.0096,1.7284,1.7382,1.7295,0.444,1.0,0.77093,0.56636,1.29258,0.23523,0.9489,1.0197,1.0746,0.5008,2.5459,2.1216,3.3097,24.0041,21.1096,8.2916,51,0.1979,-0.0115,50,0.193,-0.2136,2.0
