# RUN_PARAMS {"alfanat":0.0,"batch":true,"bussola":1,"calore_scal":false,"calore_vett":false,"chi_basc":false,"chi_core":false,"chi_da_spinore":false,"coppia":1.0,"costanti_effettive":{"CS_M":2.0,"GAMMA":0.05,"K_C":2.0,"LAM":0.8,"PHI_CRIT":6.283185307179586,"SCALA_B":1.0},"cs_dinamico":false,"csv":"csv/_seal_k2/cond_on.csv","da_libera":false,"db_cleanup":false,"db_ogni":100,"denoise":false,"deparam_orologio":true,"diaglog":"csv/_seal_k2/on.csv","diffres":0.0,"dpi":100,"dt":null,"elast_c":null,"fps":20,"frames":0,"gamma":0.05,"giri":1.0,"guscio_morbido":false,"ham":0.0,"kfrange":0.0,"kuramoto_su2":true,"lam":0.8,"leggi_attive":{"CHI_BASC":false,"CHI_CORE":false,"CS_DINAMICO":false,"LS_AZIM":false,"OLON_PART":false,"PAV_COM":false,"PLAST_DIN":false,"POLO_MATURO":false,"REGIME":"deterministico","SPINORE":true,"SPINORE_VIVO":true,"SPIN_FEEDBACK":false,"SPIN_LARMOR":false,"SYNC_UPDATE":true,"TAU_USA_D0":false,"VERLET":false,"VERSO_CHI":false,"VIRIALE":false,"ZETA_LOC":false,"ZETA_VIR":false},"ls_azim":false,"maxnodi":4000000,"mitmax":0,"mupsi":-0.05,"nmasse":2,"nmasse_effettive":2,"nodi":900,"ogni":10,"ogni_effettivo":10,"olon_part":false,"out":null,"passi":300,"passi_effettivi":300,"passi_per_frame":null,"pav_com":false,"plam":1.0,"plast_din":false,"plastmit":0.0,"polo_maturo":false,"regime":null,"scala":1.0,"scuotimento":false,"seed":1,"seed_effettivo":1,"sep":6.0,"sep_effettivo":6.0,"size":null,"solo_materia":false,"spin_feedback":false,"spin_larmor":false,"spin_positivi":false,"spinore_corretto":true,"spinore_vivo":true,"sync":true,"sync_db":"csv/_seal_k2/db_ond.pkl","sync_fase_orologio":false,"sync_spinore":false,"tau_d0":false,"tauloc":1.0,"tempo_proprio_orientato":false,"test":null,"tw_spinore":false,"verlet":false,"verso_chi":false,"viriale":false,"vista_rete":false,"zeta":0.75,"zeta_loc":false,"zeta_vir":false}
step,n,n_archi,I2_min,I2_max,I2_mean,I2_absmax,r_min,r_max,r_mean,tw_min,tw_max,tw_mean,tw_absmax,phi_min,phi_max,phi_mean,phivel_min,phivel_max,phivel_mean,phivel_absmax,d_min,d_max,d_mean,d0_min,d0_max,d0_mean,eta_min,eta_max,eta_mean,tau_min,tau_max,tau_mean,dmin_nodi,xi_termo,n_naninf,n_I2_grandi,n_lontani,m0_I2pesata,m0_raggio,m0_N,m0_coer,m0_spin,m0_spin_disp,m0_spin_core,m0_spin_core_disp,m0_spin_axis_R,m0_omega_axis_R,m0_spin_core_cv,m0_Mdyn,m0_Mcoh,m0_Rinerzia,m0_Jrot,m0_Jshell_frac,m0_Ncore,m0_Nshell,m0_vort_pos,m0_vort_neg,m0_carica,m0_coer_nucleo,m0_N_nucleo,m0_raggio_nucleo,m0_Lz,m0_Lz_norm,m0_picco_picco,m0_picco_n_dominio,m0_picco_chi,m0_picco_spin,m0_picco_spin_x,m0_picco_spin_y,m0_picco_spin_z,m0_picco_spinor_alpha_re,m0_picco_spinor_alpha_im,m0_picco_spinor_beta_re,m0_picco_spinor_beta_im,m0_picco_coerenza,m0_picco_verso_x,m0_picco_verso_y,m0_picco_verso_z,m1_picco_picco,m1_picco_n_dominio,m1_picco_chi,m1_picco_spin,m1_picco_spin_x,m1_picco_spin_y,m1_picco_spin_z,m1_picco_spinor_alpha_re,m1_picco_spinor_alpha_im,m1_picco_spinor_beta_re,m1_picco_spinor_beta_im,m1_picco_coerenza,m1_picco_verso_x,m1_picco_verso_y,m1_picco_verso_z,n_cicli_topologici,circolazione_topologica_max,circolazione_topologica_media_assoluta,circolazione_topologica_rms,corrente_arco_max,gradiente_rho_arco_media_assoluta,circolazione_topologica_media,olonomia_fase_max,olonomia_fase_media_assoluta,olonomia_fase_rms,berry_spin_max,berry_spin_media_assoluta,berry_spin_rms,berry_spin_media,spin_feedback_arco,spin_cluster_modulo,spin_cluster_omega,spin_neel_modulo,spin_neel_omega,spin_axis_R,segno_arco_coer,verso_arco_coer,segno_ov_absmedia,spin_overlap_arco,ncrit_adattivo,rho_critica,lambda_eff_min,lambda_eff_med,lambda_eff_max,lambda_eff_ratio_med,rho_su_rhoc_max,m1_N,m1_coer,m1_coer_nucleo,m1_spin,m1_Lz,n_masse,coer_01,cosphi_01,Lz_orb_01,dist_01,scala_com,rcom_01,tw_q,tw_disp,sync_rel,d0_disp,rchi_pos,rchi_neg,rchi_ratio,frac_chi_neg,dens_g0,dens_g1,dens_g2,dens_g3,dens_g4,guscio_idx,centro_N,centro_coer,centro_cosphi,guscio_N,guscio_coer,guscio_cosphi,guscio_circ,m0_picco_spin_plus,m0_picco_spin_minus,m0_picco_contrasto,m0_picco_q_x,m0_picco_q_y,m0_picco_q_z,m0_picco_q_modulo,m0_picco_n_plus,m0_picco_n_minus,m1_picco_spin_plus,m1_picco_spin_minus,m1_picco_contrasto,m1_picco_q_x,m1_picco_q_y,m1_picco_q_z,m1_picco_q_modulo,m1_picco_n_plus,m1_picco_n_minus
0,824,138571,0.0,3.813147643401862e-12,3.9036511954721744e-14,3.813147643401862e-12,0.4321400097600529,6.764603784988526,5.722251685432098,-9.220169508719083,9.230822106345324,-0.0002611741216963707,9.230822106345324,0.00016920300822390326,12.566347903676304,6.300495346094786,-1.0879596805795027,1.0019483028542497,0.00029984147990848217,1.0879596805795027,0.05713776769883193,2.3984126484537946,1.3530527368500778,0.05713776769883193,2.3982800318315003,1.3525064741491857,0.0,0.05790540906333573,0.0044020401377542024,1.0,1.0,1.0,0.019165553751225656,-0.1206532381567125,0,0,0,0.0,0.6122909156143452,372,0.9987,-0.02108,0.450489026714531,0.0,0.0,0.0,0.05838523794715927,0.0,3.6220752029495473e-13,2.0306672707667463e-13,0.0003622075202949547,3.3892594058116257e-12,0.0,373,0,0,0,0,0.9989,372,0.6122909156143452,0.0,0.0,80.0,372.0,-5.97e-05,1.0,0.0,0.0,1.0,1.0,0.0,0.0,0.0,0.0,0.0,0.0,1.0,452.0,372.0,0.0591168,1.0,0.0,0.0,1.0,1.0,0.0,0.0,0.0,0.0,0.0,0.0,1.0,256,1.0676167027727894e-18,4.429759644470159e-20,1.1427717707228635e-19,1.1048790681363539e-18,2.5619947763868715e-15,9.2542730152085e-21,24.727040524228038,7.493836985536149,9.175529011318591,3.137237433396621,1.052536222601408,1.455758377054281,-0.002122936598187644,0.0,0.8962689873592681,0.0,0.02213653050678093,0.0,0.0,0.0,0.0,0.0,0.0,621.4857873344093,289.7828177215713,0.6091702876917264,0.609170287691728,0.609170287691728,0.76146285961466,1.3158639540407827e-14,372,0.9988,0.9987,0.02718,0.0,2,0.9975,1.0,0.0,0.0,0.0,0.0,0.00224,1.0,1.25622,0.27246,0.9847,0.9663,0.9813,0.4915,4.1292,1.9748,0.8618,0.4104,14.183,3.4348,0,0.0,0.0,0,0.0,0.0,0.0,0.0,0.0,0.0,0.0,0.0,0.0,0.0,186.0,186.0,0.0,0.0,0.0,0.0,0.0,0.0,0.0,197.0,175.0
1,824,138571,5.899315119107869e-15,4.9376301616945977e-11,2.5005986896700812e-11,4.9376301616945977e-11,0.4251004578465641,6.763965028505641,5.722203017612884,-9.217264437473466,8.879432160188237,-0.02478724799413837,9.217264437473466,0.0002953497799621038,12.566320935318522,6.140473194470602,-1.0894848762410911,1.003352920351635,0.0003180418308155617,1.0894848762410911,0.05713776769883489,2.3984128549842745,1.3530527363623603,0.05713776769883196,2.398168503252268,1.351770223011407,0.01,0.06790540906333573,0.014402040137754198,0.008934672632987195,1.4142037587182128,0.9192735248351378,0.019194860375573268,-0.14018861992227066,0,0,0,1.0446552584415203e-08,0.6122953837563214,372,0.9957,-0.02189,0.45138022336458405,-0.02236029373272011,0.4542152838653764,0.9999833759160719,0.05838523794715929,1.1111790748592458,1.0489572952859109e-08,1.0446391270011894e-08,1.0041336459386865,3.741784225614976e-09,0.002103318205409649,372,1,0,0,0,0.9957,372,0.6122953837563214,0.518698,0.518697515618324,331.0,372.0,-0.0039009,0.9999834,5.21e-05,-0.0001839,0.9999834,1.0,0.0001561,2.6e-05,-9.19e-05,0.9959782,5.21e-05,-0.0001839,1.0,474.0,372.0,0.050768,0.9999861,-5.87e-05,-0.000175,0.999986,1.0,-0.0001462,-2.88e-05,-8.75e-05,0.9324733,-5.87e-05,-0.000175,1.0,256,2.0968959285929522e-18,1.3204976418115343e-19,2.527980099349313e-19,1.8795281802765666e-18,8.244153193785785e-12,3.095034135077294e-20,25.71424909119446,7.505056096362824,9.451658916394056,3.096236007501624,1.008048737358156,1.3030090171647737,0.01942511876340837,0.0,0.8986154728426489,0.0036463505125169586,0.030558874928761824,0.26434728820260533,0.9968028534511976,0.9576718861562926,0.9578786427307178,0.9771676799301162,0.9789393213653588,621.4858091593514,289.78282789797976,0.6091702876917067,0.6091702876917173,0.609170287691728,0.7614628596146467,1.7039070939817481e-13,372,0.9273,0.9273,0.03686,0.644613,2,0.9233,0.9999,3.140966,12.06,6.0299,2.0,0.25548,0.47917,1.25552,0.27246,0.9847,0.9663,0.9813,0.4915,4.1292,1.9748,0.8618,0.4104,14.183,3.4348,80,0.0641,0.5215,43,0.0519,0.9979,3.0,0.9999836,0.9999832,2e-07,-0.0001021,-0.0001156,-0.0039006,0.0039037,186.0,186.0,0.9999859,0.9999863,-2e-07,-0.0001072,3.2e-06,0.0507671,0.0507673,197.0,175.0
2,824,138571,5.600165752009954e-15,4.932172115493757e-11,2.3963142410778152e-11,4.932172115493757e-11,0.4251004401806426,6.7639650280458445,5.722203017900859,-9.22425373674248,9.206491861511838,-0.027382656068713634,9.22425373674248,0.000344356050692074,12.566215790410423,6.4847277547245525,-1.0894848816469502,1.0033529256435145,0.00031804628123234546,1.0894848816469502,0.05713776769883489,2.3984128549846955,1.3530527363601006,0.0757568128121989,2.3979588963533973,1.351762416043982,0.010000014142115625,0.06790605124154603,0.014402134308732528,0.006924934443405584,1.4136461181438293,0.6979851208566102,0.019222406630168925,-0.1401886468748922,0,0,0,1.0369646937773353e-08,0.6122960420336608,372,0.9918,-0.02315,0.4512116146190699,-0.021214650125483972,0.45429873535321447,0.9999833685010491,0.05838368341332536,1.1113832167820041,1.0447000186089238e-08,1.0369082494926779e-08,1.0075144248491206,3.726204163584147e-09,0.005946067001844225,371,2,0,0,0,0.9918,372,0.6122960420336608,0.001227,0.0012265806131273038,331.0,372.0,-0.0036843,0.9999834,5.45e-05,-0.000181,0.9999833,1.0,0.0001592,2.72e-05,-9.05e-05,0.9928584,5.45e-05,-0.000181,1.0,531.0,372.0,0.0857358,0.9999863,-6.61e-05,-0.0001475,0.9999863,1.0,-0.0001639,-3.25e-05,-7.37e-05,0.8706806,-6.61e-05,-0.0001475,1.0,256,1.3773392524470491e-18,1.0102036997059037e-19,2.0363420518675994e-19,1.3509150039377327e-18,8.03415215841232e-12,3.6320276134738103e-20,13.731898534402223,5.245697164848723,6.302266724180954,3.1004339691257474,1.0017314331777887,1.2933468345267594,-0.002997259257245248,0.0,0.8985070995041501,7.516092826953903e-05,0.030493452947674485,0.002822857523319168,0.9967630583151466,0.9580204494733985,0.9586612859086593,0.977111367348121,0.9793306429543298,621.485808750783,289.78282770747484,0.6091702876917068,0.6091702876917177,0.609170287691728,0.761462859614647,1.702023599711921e-13,372,0.8747,0.8747,0.06269,-0.001114,2,0.8676,0.9952,0.000546,12.062,6.0309,2.0,0.26867,0.93474,1.25552,0.2644,0.9847,0.9663,0.9813,0.4915,4.1292,1.9748,0.8618,0.4104,14.183,3.4348,80,0.0731,-0.9052,43,0.0664,-0.9411,-0.0,0.9999836,0.9999832,2e-07,-9.84e-05,-0.0001109,-0.0036841,0.003687,186.0,186.0,0.9999862,0.9999865,-2e-07,-0.00014,-2.43e-05,0.0857344,0.0857345,197.0,175.0
3,824,138571,1.0783874182885334e-15,7.747048152483816e-10,2.745512372573862e-10,7.747048152483816e-10,0.4251002666702423,6.7639650765056185,5.722203013490831,-9.34872981014642,9.401612235014976,-0.029087429310028275,9.401612235014976,7.777501343691855e-05,12.566055951880447,6.9398849917702625,-1.0944320234636327,1.0036167073630136,0.0007368057362159728,1.0944320234636327,0.05714068470725026,2.3984156726669017,1.353053088068132,0.08888693735131213,2.397534997553849,1.3524316150932587,0.010089360868445496,0.0820479641836034,0.023594869557083904,6.723200699165766e-05,1.4090607048124728,0.6066422989302999,0.019248349686179108,-0.15920655679181395,0,0,0,1.5109695539818213e-07,0.6146369831843618,372,0.9857,-0.02301,0.45307583248771305,-0.02621044100444885,0.4585427302245512,0.9913290797324816,0.07364040919630498,1.1145464539643941,1.530436600265768e-07,1.5109623411360418e-07,1.0128886462617488,5.32595737226256e-08,0.008758783925280091,370,3,0,0,0,0.9857,372,0.6146369831843618,0.061147,0.061147181409238804,111.0,372.0,-0.0143347,0.9913273,-0.0033318,0.0099832,0.9912714,0.9999752,-0.0046134,-0.0016601,0.0050554,0.9894594,-0.003361,0.0100705,0.9999436,566.0,372.0,0.3324718,0.9957234,0.0034298,0.0240475,0.9954271,0.9999144,-0.0047465,0.0018292,0.0120585,0.7860014,0.0034446,0.0241508,0.9997024,256,1.0348387715986955e-17,7.422432630764453e-19,1.5988141386856468e-18,8.617423315151478e-17,1.26403006652648e-10,2.0954718742452613e-19,20.509056194482007,5.456376965567561,6.658246135770883,3.0962257785256115,1.1199109194256864,1.431614732877834,-0.04890508985776078,0.0,0.9029290887030165,0.009350104238014013,0.01712659075945968,0.30566247378470723,0.9917965935661931,0.9806924823081136,0.9678283460670385,0.9760204961659222,0.9839141730335192,621.4858572003072,289.78285029824025,0.6091702876913945,0.609170287691617,0.609170287691728,0.7614628596145212,2.6733977336859887e-12,372,0.7738,0.7738,0.06274,0.229442,2,0.7633,0.97,-0.001528,12.117,6.0585,2.0,0.2745,0.74324,1.25393,0.24489,0.9847,0.9663,0.9813,0.4915,4.1292,1.9748,0.8618,0.4104,14.183,3.4348,80,0.1287,-0.9642,43,0.0998,-0.9998,-1.0,0.9931659,0.989596,0.0018005,-0.0029603,-0.0069563,-0.0123672,0.0144949,186.0,186.0,0.9948131,0.997776,-0.0014869,0.0003475,0.0197423,0.3294045,0.3299958,197.0,175.0
4,824,138571,3.670230531709367e-14,2.5205343002159242e-09,7.082491654502129e-10,2.5205343002159242e-09,0.42509962435513354,6.7639651241131356,5.722202998639858,-9.341749378729364,9.291641206221215,-0.030736908545234195,9.341749378729364,0.0002680662782432702,12.566306325783394,7.102281169643053,-1.0944992799260729,1.00857152214288,0.0008544488811243041,1.0944992799260729,0.05714095231022258,2.398424024818012,1.3530531570655513,0.08889028921493236,2.396697629615278,1.3529815941449108,0.010572541529844983,0.09612812005223001,0.029893813770168604,0.0041988508296794125,1.4133659359668094,0.6656766841559989,0.01927275147292921,-0.17775590980449654,0,0,0,1.5739510211145226e-07,0.6144230759005275,372,0.9813,-0.02243,0.45277975685862615,-0.02991084641611241,0.4587863548245807,0.9904697972216815,0.07807313165736117,1.1056018050523009,1.6049087587713343e-07,1.5739466659009632e-07,1.019671627724849,5.603545060321106e-08,0.014616244867595985,369,4,0,0,0,0.9813,372,0.6144230759005275,-0.031988,-0.03198768950778419,111.0,372.0,-0.0225841,0.9904691,-0.0030702,0.0093668,0.9904201,0.9999769,-0.0046155,-0.0015337,0.0047569,0.9870559,-0.0030997,0.0094569,0.9999505,566.0,372.0,0.2424668,0.7962191,-0.0419981,-0.485667,-0.6295464,0.3322395,-0.0030832,-0.1016504,-0.9376964,0.7631365,-0.0527469,-0.6099665,-0.7906698,256,3.7436662946930534e-17,2.521553383631806e-18,5.168716717956222e-18,1.0357921219142152e-15,2.959664542747728e-10,7.921848451075979e-19,16.887616196107935,5.251436190530644,6.455745186442921,3.1114752519431206,1.1181665830868264,1.507552397663456,0.030247092939649108,0.0,0.2538306767232569,0.8955484409854533,0.10468582952711018,2.267590611146913,0.35904036359047753,0.6352670946049247,0.7051331434321669,0.9633274185296217,0.8525665717160834,621.4858917888979,289.7828664260094,0.609170287690643,0.6091702876914799,0.609170287691728,0.7614628596143498,8.698010104263688e-12,372,0.7231,0.7231,0.05917,-0.067387,2,0.7102,0.9742,0.001347,12.112,6.0559,2.0,0.28564,0.61485,1.2527,0.20633,0.9847,0.9663,0.9813,0.4915,4.1292,1.9748,0.8618,0.4104,14.183,3.4348,80,0.0835,-0.8944,43,0.0417,-0.9141,1.0,0.9928753,0.9882211,0.0023493,-0.0032844,-0.0066227,-0.0199927,0.0213156,186.0,186.0,0.9554045,0.5399227,0.2778534,-0.0449872,-0.2687594,-0.2828032,0.3927253,197.0,175.0
5,824,138571,8.856784330590682e-14,9.901832111012991e-09,2.0729015923543744e-09,9.901832111012991e-09,0.4250980467426491,6.763965173562999,5.722202968030657,-9.213344330754369,9.431082103260692,-0.053495020013326754,9.431082103260692,0.0003286324272031305,12.566164892134369,7.223208607138968,-1.0945240886061351,1.013982197380067,0.0009297209846715084,1.0945240886061351,0.05714105932598756,2.3984367051543676,1.353053295705483,0.08889123953467784,2.3949933163823993,1.3518836558455647,0.011036236893301668,0.10889331371862013,0.03612141107234673,0.00011975659601970445,1.4139963920383187,0.7421117562698476,0.019295511836105086,-0.1958466935906475,0,0,0,1.6141240133416566e-07,0.6143776883329193,372,0.9803,-0.02252,0.45286807060019985,-0.028632493358839668,0.4591157372147867,0.9898709966859027,0.12855116016198662,1.1020802351064405,1.652971433526783e-07,1.6141263088017359e-07,1.0240657280122547,5.7823484258430913e-08,0.016701611198963358,370,3,0,0,0,0.9803,372,0.6143776883329193,-0.013226,-0.013226023354917071,178.0,372.0,-0.0195287,0.9898694,-0.0029971,0.0085321,0.9898281,0.9999788,-0.0046099,-0.0015015,0.0043436,0.9853875,-0.0030278,0.0086194,0.9999583,566.0,372.0,0.171554,0.1214314,0.0150696,0.0287481,-0.117013,0.5004735,-0.1612411,0.3504565,0.7750534,0.7524742,0.1240997,0.2367436,-0.9636139,256,1.0618436860700588e-16,4.472224806038981e-18,1.0715245032677846e-17,6.239123860135731e-15,8.553977735392902e-10,-1.1238328938117754e-18,17.3866763836432,5.4974246681916075,6.61171111643043,3.1322735038814065,1.275690155931418,1.5702408603315796,-0.07885009826230424,0.0,0.4163627565462558,0.9056926066448111,0.022595495744732706,1.6145770891014017,0.023198828243242084,0.1897082467672301,0.18950672922791634,0.9171678338010592,0.5947533646139581,621.485899858705,289.7828701887526,0.6091702876874653,0.60917028769144,0.609170287691728,0.7614628596142999,3.416983241474331e-11,372,0.723,0.723,0.05463,-0.047529,2,0.709,0.984,-0.000172,12.113,6.0565,2.0,0.29668,0.55221,1.25147,0.15348,0.9847,0.9663,0.9813,0.4915,4.1292,1.9748,0.8618,0.4104,14.183,3.4348,80,0.0273,0.384,43,0.0358,0.7934,4.0,0.9923541,0.9875386,0.0024322,-0.0034455,-0.0070014,-0.0168759,0.0185927,186.0,186.0,0.1544339,0.0830965,0.3003296,-0.0170912,0.0061066,-0.0605141,0.0631772,197.0,175.0
6,824,138571,1.117419898726543e-15,3.181361665175634e-08,6.416082991647059e-09,3.181361665175634e-08,0.4250941836080268,6.76396496848507,5.72220293628548,-9.39971082535115,9.374095722389121,-0.06662170573556521,9.39971082535115,0.0006032523200278916,12.566201240966466,7.400608607800856,-1.0961069542331272,1.0208657045211182,0.0008123526218318983,1.0961069542331272,0.05719362629785991,2.3984757477233365,1.3530610181782763,0.08889478569612119,2.3914953370619094,1.3423506067889173,0.019305637907721027,0.12296393479856835,0.04541434450352198,0.00019281390839887003,1.4139268438716959,0.7046436400771735,0.01931633357410593,-0.21339446944422122,0,0,0,4.1836144289093126e-07,0.6134157854426426,372,0.9822,-0.02322,0.45477375488646704,-0.04732221506431042,0.45896323450705245,0.5437110185852748,0.2963257337310179,1.0947006633187693,4.268192894629653e-07,4.1836534773195036e-07,1.020207079235519,1.5228384091019587e-07,0.01034177708009597,371,2,0,0,0,0.9822,372,0.6134157854426426,-0.146398,-0.14639757220148342,265.0,372.0,-0.0688448,0.5428303,0.0566181,-0.1620199,0.5149841,0.9900329,-0.0057575,0.0389652,-0.1352162,0.9849539,0.1043017,-0.2984724,0.9487019,566.0,372.0,0.1406015,0.0570329,-0.0108857,-0.052927,-0.0182477,0.3378023,-0.1146699,0.6888038,-0.631102,0.7428026,-0.1908675,-0.9280095,-0.31995,256,1.1472309648367436e-16,4.4282992097747134e-18,1.1223712609715108e-17,4.0977183625101865e-14,2.756218061503087e-09,4.230518973465352e-19,14.255489481160648,5.192191407439641,6.274493893441945,3.105617576308875,1.0424635379710485,1.3824305776854429,-0.20232529163008123,0.0,0.2299843174918082,0.3576703372312965,0.07498295491331437,1.794289247053951,0.02881785812106154,0.15653465501981967,0.059227363737052875,0.9147366298739618,0.5296136818685265,621.4859644762003,289.78290031822655,0.6091702876780323,0.6091702876910143,0.609170287691728,0.7614628596137679,1.0978431307306283e-10,372,0.744,0.744,0.05133,-0.124708,2,0.7307,0.9885,0.003445,12.043,6.0214,2.0,0.30454,0.60668,1.25,0.18459,0.9847,0.9663,0.9813,0.4915,4.1292,1.9748,0.8618,0.4104,14.183,3.4348,80,0.1501,0.9753,43,0.1443,0.9995,5.0,0.7011307,0.4160911,0.2551325,-0.06552,-0.0156901,0.1131624,0.1316996,186.0,186.0,0.0597165,0.081433,-0.1538544,0.0036977,-0.0122209,0.0367797,0.0389328,197.0,175.0
7,824,138571,4.346577147845661e-14,7.647871518023672e-08,1.563709529078956e-08,7.647871518023672e-08,0.42508577740420395,6.763964701175608,5.722203056172826,-9.228783640629779,9.193301628943393,-0.07753690718473265,9.228783640629779,0.00024895461931555204,12.566198515620416,7.425240305126743,-1.096216885837633,1.0280743492375517,0.000980325063809264,1.096216885837633,0.057216289509794814,2.3985589808512295,1.3530641846671954,0.08889844551318796,2.3864232308958067,1.2916639444052092,0.019655362728253137,0.13702644125962696,0.05261660072166209,0.0005119474627438558,1.414124195100407,0.7516896065503385,0.0193340865403657,-0.230324874924271,0,0,0,5.068237361517052e-07,0.614522491533102,372,0.9851,-0.02253,0.4551944652278152,-0.05269122385666025,0.4588455504541854,0.3791545166279583,0.10600210311098626,1.0867588633963539,5.157367871453949e-07,5.068304901033641e-07,1.0175725360173467,1.8492279726025746e-07,0.010365724081062079,371,2,0,0,0,0.9851,372,0.614522491533102,-0.08791,-0.0879096047732828,265.0,372.0,-0.0806607,0.3788741,-0.0090316,-0.0005567,0.378766,0.996514,-0.0015858,0.0308268,-0.0775052,0.9856561,-0.0238379,-0.0014694,0.9997148,485.0,372.0,0.1322843,0.0241367,-0.0093978,0.0209413,-0.0074648,-0.8332282,0.1089949,-0.3737009,-0.3926811,0.7679688,-0.389358,0.8676127,-0.3092709,256,8.273749715996559e-16,1.7137590115662853e-17,6.038367009541645e-17,1.7376271787103398e-13,6.729152499986484e-09,-4.2590362300548475e-18,12.536033373029468,5.676589612960696,6.711189307848411,3.1336474040673554,1.0458106871235002,1.330288933896057,0.15339526086305674,0.0,0.19427050643985924,0.40630457790098085,0.07277133384641837,0.13574497612840597,0.025341017315758094,0.08681546358380919,0.021710882366135664,0.9042104411553263,0.5108554411830679,621.4859819579037,289.78290846949466,0.609170287658804,0.6091702876908665,0.609170287691728,0.7614628596135831,2.639172737417935e-10,372,0.7733,0.7733,0.0452,0.002329,2,0.7619,0.9884,0.001602,12.018,6.0091,2.0,0.3119,0.6333,1.24865,0.21432,0.9847,0.9663,0.9813,0.4915,4.1292,1.9748,0.8617,0.4104,14.1829,3.4348,80,0.2155,0.9192,43,0.1768,0.9941,-1.0,0.622216,0.1921452,0.5281081,-0.0542595,-0.0634975,0.1861294,0.2040103,186.0,186.0,0.0541778,0.0333874,0.2374277,0.0138328,0.0347148,-0.0179499,0.0414567,197.0,175.0
8,846,138596,0.0,1.572600019045932e-07,3.1700911985745467e-08,1.572600019045932e-07,0.4704672483637316,6.81990954590403,5.72487905064895,-9.419241691579238,9.21887706831593,-0.08425267853450114,9.419241691579238,5.700097544768766e-05,12.566263720918746,7.289564630632582,-1.0970958153000385,1.0354656143285113,0.0016632441754089533,1.0970958153000385,0.0572202950016626,2.3987282536841645,1.3321296526768251,0.06478602310043291,2.3815353770708136,1.192242443763072,0.0,0.15116545130155642,0.05809924086626204,0.012236000356421917,1.414204327919227,0.9033610888388423,1.39108998426656e-13,-0.2463748147617212,0,0,0,5.791791436632619e-07,0.6108718938638904,379,0.9491,-0.02455,0.4560754917210764,-0.05110518987318481,0.4600151148561553,0.26939388587327684,0.16413628504299033,1.0958298352391609,5.908611712057518e-07,5.791892897974084e-07,1.0201521015908739,2.1354444280285135e-07,0.004839406606528223,372,8,0,0,0,0.9491,379,0.6108718938638904,-0.122815,-0.12281499743757407,93.0,372.0,-0.0805638,0.2701643,-0.022571,0.0261372,0.267948,0.9991922,0.0038439,0.0232928,-0.03252,0.9833379,-0.0835453,0.0967456,0.9917966,485.0,372.0,0.108706,0.0648803,-0.0043101,0.0320053,0.056272,0.225808,-0.0763724,0.0745511,0.9683079,0.8008815,-0.0664314,0.4932975,0.8673203,256,1.9955140809282822e-15,3.569219710839549e-17,1.373924978969053e-16,5.543057647877248e-13,1.3930071144381654e-08,7.75618123951772e-18,36.70405012652518,9.63635941571433,12.38639810943313,3.0936892637457327,1.142015512651167,1.4582158014512476,-0.10256264413653822,0.0,0.15805626381687263,0.08606283975773818,0.1501109781396047,0.04544355448533583,0.06291696142923386,0.05721030512364359,0.007008747610695424,0.8988736096705895,0.5035043738053477,621.4859893194856,289.7829119020107,0.6091702876240278,0.6091702876908001,0.609170287691728,0.7614628596135,5.426821094191028e-10,387,0.7311,0.7311,0.03766,0.002044,2,0.6947,0.9783,-0.000408,12.03,6.0151,2.0,0.31916,0.65841,1.27198,0.18216,0.9843,0.9679,0.9834,0.4929,4.265,1.8956,0.853,0.5331,14.3748,3.3704,80,0.2292,0.9147,43,0.1922,1.0,-2.0,0.6088427,0.0693323,0.7955326,-0.0727513,-0.0272251,0.2836674,0.2941108,186.0,186.0,0.0514629,0.0822014,-0.2299686,-0.003272,-0.0081608,-0.0049936,0.0101114,197.0,175.0
9,877,138634,0.0,2.8581113641631736e-07,5.6941142283960807e-08,2.8581113641631736e-07,0.6185820726743841,6.986834256366609,5.726082462116021,-9.412551911248794,9.3846139958575,-0.08823564651262988,9.412551911248794,0.00011775719307038912,12.564254566502392,7.335248326890004,-1.102657059063174,1.0435225021176286,0.0012933151809585907,1.102657059063174,0.05765039618467813,2.399053681700295,1.3143985846871384,0.05316963399107666,2.3716828169216164,1.1099452023987677,0.0,0.16529875880134337,0.06611050458813268,0.001433319356588858,1.4141926119787926,0.8984105109954544,5.452674642171736e-10,-0.260909506860732,0,0,0,1.7190354176948207e-06,0.6093002087957935,382,0.9373,-0.02813,0.4592763677748451,-0.04137335256645889,0.46412093266799276,0.0365533679238868,0.10039409898694356,1.1269078991694808,1.7662274823266918e-06,1.7190301637629546e-06,1.0274557826608595,6.39138681678703e-07,0.01517100925931218,370,13,0,0,0,0.9373,382,0.6093002087957935,-0.03182,-0.031820031996882214,265.0,372.0,-0.0639783,0.0337895,0.0198398,0.0137967,-0.023617,-0.7761069,0.1662686,0.5423183,-0.2755062,0.9778426,0.58716,0.4083143,-0.6989439,477.0,372.0,0.081506,0.0600885,0.0094802,0.0543574,0.0237914,-0.9330561,0.1991927,-0.1466544,0.2611918,0.8225592,0.1577703,0.9046216,0.3959397,256,1.2502662295824496e-15,3.3512531683010344e-17,9.395845961573826e-17,1.5590208209026996e-12,2.452696815848058e-08,1.2090025327639333e-17,49.351504754472735,11.938351132451587,16.643790723239388,3.1326888415791285,0.846766221552255,1.1624242617352316,0.03728023325626306,0.0,0.03420560432606493,0.959490784757076,0.04996297191565678,2.497433008960932,0.05989378032246876,0.007254312525601211,-0.0006636346638457523,0.9022830356545557,0.49966818266807717,621.4861285934899,289.78297684189226,0.6091702875686866,0.609170287689079,0.609170287691728,0.7614628596113487,9.862937413754916e-10,415,0.6694,0.6694,0.03513,0.034923,2,0.6289,0.9756,-0.002453,12.038,6.0192,2.0,0.32541,0.66867,1.29741,0.16127,0.9835,0.9695,0.9858,0.4949,4.4013,1.7492,0.7787,1.9104,13.1662,2.9914,80,0.0713,0.9407,43,0.0724,0.2156,1.0,0.0835302,0.0510314,0.2415166,0.0345267,-0.0383713,-0.0269146,0.0582138,186.0,186.0,0.0816131,0.1312319,-0.233122,-0.0007268,0.0070391,-0.0865972,0.0868859,197.0,175.0
10,906,138669,0.0,4.5080756728559237e-07,8.581227817050899e-08,4.5080756728559237e-07,0.7292988286567258,7.106552100950458,5.724773142568101,-12.4641697739429,9.386086181876031,-0.11858532412553426,12.4641697739429,0.00023057369667981361,12.565974412586353,7.356405761231655,-1.1086264106381047,1.0500192136166553,-0.0014417652556607818,1.1086264106381047,0.05796199020742571,2.399535153143986,1.3035531956658544,0.06623950436258785,2.352790053053515,1.0449309129453699,0.0,0.17944015774346952,0.07298291069858566,0.0008005515910651795,1.414167070848192,0.8010718595652753,1.2092320590730458e-11,-0.2738263425165826,0,0,0,3.655452829204511e-06,0.6068296423038518,387,0.9126,-0.03123,0.46178553560272184,-0.06867343831552303,0.4657771615780927,0.06441537674948922,0.09914620655632463,1.1515957198690887,3.7789299343911004e-06,3.6553846706598898e-06,1.0337981566544425,1.3475023978851477e-06,0.018326908718612183,371,17,0,0,0,0.9126,387,0.6068296423038518,0.056582,0.056582258743755665,413.0,372.0,-0.1336682,0.0558979,-0.0251266,-0.0345089,0.0360883,0.0823922,0.2615482,0.723071,-0.6340129,0.9732693,-0.449509,-0.6173561,0.6456107,485.0,372.0,0.0937771,0.0514312,0.0099878,0.018462,-0.0469528,0.971875,-0.2247205,-0.0681403,-0.0177955,0.8279517,0.1941975,0.358966,-0.9129243,256,8.532416784832359e-16,3.8726919469774245e-17,8.283784276598145e-17,3.141662317025768e-12,3.780544276744882e-08,-9.113876214619012e-18,49.42416133529986,11.344685534731827,15.670847313425478,3.0944940897268043,0.9205005117035714,1.278253653486902,0.0073985768108248,0.0,0.02803930180303219,2.511679126058234,0.03166889176166898,2.892718534193349,0.021848328282684792,0.002417226761097048,-0.0023131586323047364,0.8849829048145095,0.4988434206838476,621.4862795137806,289.7830472121372,0.6091702874976559,0.609170287686218,0.609170287691728,0.7614628596077724,1.5556726717542461e-09,439,0.6599,0.6599,0.03171,0.043777,2,0.6028,0.9757,-0.001664,12.051,6.0255,2.0,0.32965,0.66997,1.32257,0.16268,0.9825,0.9705,0.9877,0.4934,4.5788,1.6898,0.6868,4.4153,11.2291,2.4524,80,0.1499,-0.8856,43,0.2454,-0.8508,4.0,0.0693817,0.0805374,-0.0744109,-0.0339391,0.0326854,-0.0250954,0.0533852,186.0,186.0,0.0284717,0.1170079,-0.6085811,-9.13e-05,0.0088541,0.0581642,0.0588343,197.0,175.0
11,930,138698,0.0,7.442414830924708e-07,1.292575361211599e-07,7.442414830924708e-07,0.8448353680778127,7.228227149173377,5.716788048739157,-12.907725074097284,9.405890904464178,-0.15329527835399914,12.907725074097284,0.00013967688729010774,12.56569840695416,7.3754189614323025,-1.1097925055879088,1.058059930385345,-0.00032799280823958934,1.1097925055879088,0.05812511375210625,2.400218672209627,1.289024111437046,0.08489453926802171,2.3871252885545937,0.963024374293741,0.0,0.1935814577186999,0.07944358841774597,0.002325350864575526,1.4141439561381888,0.7865304219137758,4.769573735348952e-11,-0.2863801606218239,0,0,0,4.91432427415711e-06,0.6095129685123064,389,0.8931,-0.03245,0.4622538558028139,-0.07673313180989395,0.4651322335983262,0.04066218030702385,0.10631514824118457,1.168619474080825,5.158381395716572e-06,4.914291214160685e-06,1.0496694581005972,1.825035554049603e-06,0.013277122782277514,371,19,0,0,0,0.8931,389,0.6095129685123064,0.014192,0.014192453013816886,351.0,372.0,-0.1530589,0.0425756,0.032376,-0.0274615,-0.0032163,-0.1877836,-0.1509375,-0.1235679,-0.9626454,0.9619446,0.7604345,-0.6450059,-0.075543,485.0,372.0,0.0950709,0.0707002,6.51e-05,-0.0427041,-0.0563461,-0.8354243,-0.0357354,-0.3759266,0.399335,0.8284553,0.0009202,-0.6040158,-0.7969718,256,7.437368074343249e-15,1.240141769434827e-16,5.027644888336535e-16,5.398666073030995e-12,5.863472599243962e-08,4.0632387020511503e-17,36.9158659498835,7.825995027387997,10.300841720049572,3.0840266290155154,1.0318831735538083,1.3315843017552276,0.19700022562712033,0.0,0.03292233838080652,1.1403548359405342,0.02700967982732849,2.40587194777478,0.05320195658950626,0.002152488267119339,-0.0013221461967376283,0.8763546901740406,0.4993389269016311,621.4863615656934,289.7830854708311,0.6091702873713329,0.6091702876842278,0.609170287691728,0.7614628596052847,2.5682709599259355e-09,461,0.6426,0.6426,0.02951,-0.014394,2,0.5745,0.9754,-0.000475,12.059,6.0295,2.0,0.33092,0.65218,1.34413,0.18206,0.9814,0.9706,0.9891,0.4946,4.4251,1.6858,0.6322,6.2539,9.7282,2.1984,80,0.2732,-0.844,43,0.3213,-0.9018,-0.0,0.0709495,0.0576109,0.103754,-0.0100823,-0.0098248,0.0447318,0.0468947,186.0,186.0,0.1372009,0.019937,0.7462482,-0.0077205,-0.0362162,-0.0712723,0.0803179,197.0,175.0
12,953,138725,0.0,1.1013764345404909e-06,1.8041315855883375e-07,1.1013764345404909e-06,0.8814562924479594,7.328200032224269,5.710332602958614,-13.014131429957601,9.373496546039368,-0.1613748960564403,13.014131429957601,4.065375332270617e-06,12.566255055579473,7.409665710229588,-1.1116516956173312,1.0647213907080602,-0.0004243936401452346,1.1116516956173312,0.058257331467231284,2.4011720333439985,1.2699498945483267,0.05,2.381747818398358,0.8766936400913588,0.0,0.20772044550995744,0.08548896665652772,0.001077709463988441,1.4141514008609943,0.8257749134491227,1.3003181849019635e-10,-0.298402832960008,0,0,0,5.837483821619573e-06,0.6088557429953679,392,0.8648,-0.03212,0.4625391382200051,-0.06351940122822573,0.46792245542464883,0.08547782284847194,0.08881595323792042,1.1988622763948227,6.282738598178071e-06,5.837480180749162e-06,1.076275790862174,2.2340796319985572e-06,0.03764253472567138,365,28,0,0,0,0.8648,392,0.6088557429953679,0.010475,0.01047522428157932,383.0,372.0,-0.1237109,0.0887053,0.0677678,0.0431267,-0.0376328,0.6032237,-0.7902827,-0.0849559,-0.066007,0.9501364,0.7639663,0.4861802,-0.4242457,485.0,372.0,0.0908888,0.0320612,-0.0280634,-0.0143367,0.0059011,-0.5403524,0.5552634,-0.0568704,0.6296568,0.824999,-0.8753092,-0.4471654,0.184057,256,4.885602987425303e-15,2.0750310125095236e-16,4.616396251803217e-16,9.540205930974291e-12,8.305017668011547e-08,4.050773462303863e-18,37.15966243157469,7.6929673653741,10.189638429311993,3.103799534747415,0.8213886308443961,1.1528025306095468,0.1358932088798757,0.0,0.04334213837270798,1.247970099352319,0.027068084291894553,1.4842692934866477,0.034098179991202016,-0.001994177578820185,0.00028440958374678654,0.8633494298686283,0.5001422047918734,621.4864032664055,289.78310491479925,0.6091702872175868,0.6091702876830989,0.609170287691728,0.7614628596038736,3.800692365637785e-09,481,0.613,0.613,0.02999,-0.00396,2,0.5307,0.967,-0.00035,12.065,6.0323,2.0,0.33293,0.64363,1.36344,0.1752,0.9801,0.9708,0.9906,0.5005,3.8431,1.8959,0.5534,8.2792,8.1303,2.1156,80,0.2322,-0.7572,43,0.2356,-0.941,0.0,0.0984522,0.0866669,0.0636634,0.0100891,-0.010708,0.0194592,0.0243949,186.0,186.0,0.0264424,0.0429579,-0.2379751,0.0099064,-0.0072493,0.0001356,0.0122763,196.0,176.0
13,979,138757,0.0,1.4952033639967438e-06,2.40681058937092e-07,1.4952033639967438e-06,0.8040443094278348,7.415354207382759,5.702288472621837,-12.799923992013397,10.663358716341115,-0.1608987033389949,12.799923992013397,2.184379599867725e-06,12.565403501648532,7.3311972200434035,-1.111806729710424,1.0713748436224055,-0.0015976764868226893,1.111806729710424,0.058336463859288465,2.402396398573745,1.245844693569494,0.05199906551139066,2.3706327564085985,0.8365226329827589,0.0,0.22184010103648627,0.09021878345105493,0.004239790400295984,1.4141597274104867,0.9097415760738993,1.4114776585430852e-11,-0.30967809831735904,0,0,0,5.946778349647093e-06,0.6082563442429995,397,0.836,-0.03388,0.4624991568957515,-0.0628341422483756,0.4681990333570081,0.04590406855156774,0.08788280721586489,1.2104918444014092,6.56644119156915e-06,5.9467831475770195e-06,1.1042005448348333,2.3371019057665365e-06,0.0399893796921521,368,30,0,0,0,0.836,397,0.6082563442429995,0.026925,0.026925429877376894,383.0,372.0,-0.1290167,0.0398485,0.010912,0.0226665,-0.030904,0.3420824,-0.1257286,0.9203084,-0.1421425,0.9371521,0.2738381,0.5688162,-0.775539,485.0,372.0,0.078019,0.0208396,-0.003939,0.0021655,0.020349,0.9183108,0.0287511,-0.1158074,-0.3774485,0.8241082,-0.1890139,0.1039125,0.9764609,256,8.294468234045928e-15,4.919706986483798e-16,8.581601323940298e-16,1.8169555760243728e-11,1.1369378918488352e-07,6.511807712387468e-17,37.088543868252614,7.7637228027180845,10.069265854764131,3.0926116113146387,0.9366316611852052,1.2697913674053671,-0.14973735694882778,0.0,0.033201346630552867,1.627207068933025,0.031365804906619416,1.4328215522249705,0.03372504477812256,-9.808320334032203e-05,-0.002295626329312849,0.859105638394429,0.4988521868353436,621.4864112749397,289.7831086489725,0.6091702870480449,0.6091702876828728,0.609170287691728,0.7614628596035911,5.159732639240722e-09,502,0.5888,0.5888,0.02997,-0.005901,2,0.4927,0.964,-0.000414,12.065,6.0323,2.0,0.33633,0.64997,1.38753,0.16517,0.9796,0.9701,0.9903,0.5066,3.9034,1.8016,0.5405,9.8872,6.9728,1.7863,80,0.1207,-0.1198,43,0.0602,-0.3162,3.0,0.0937974,0.0197883,0.6515707,0.0010622,0.0397589,-0.0204177,0.0447077,186.0,186.0,0.0644958,0.0320118,0.336596,-0.0189752,0.0120841,0.043729,0.0491763,194.0,178.0
14,1017,138802,0.0,2.0259648207435865e-06,3.080256635248678e-07,2.0259648207435865e-06,0.7184599902619546,7.513536540138699,5.690754711685918,-12.880768493567755,11.4581112018562,-0.15832180026213416,12.880768493567755,0.00018131913412489098,12.565573013637673,7.316209122180177,-1.112624426204912,1.0779968655716885,-0.0017112457685349882,1.112624426204912,0.05850658540083146,2.4036480736352743,1.2186281514479875,0.05,2.383750752630708,0.7893482832375573,0.0,0.23597297654759639,0.09434638700080973,0.007425848496077747,1.4141295592472813,0.8956006302742491,2.287801687333781e-11,-0.32066435096884643,0,0,0,6.813769551501839e-06,0.6052799375096147,406,0.7916,-0.03459,0.4636343106988747,-0.05723663279423402,0.46997609192937884,0.06623863185394058,0.09675469346970915,1.234814593417589,7.64937484705766e-06,6.813910621163476e-06,1.1226115621915114,2.7219120477848454e-06,0.04307016011567263,368,39,0,0,0,0.7916,406,0.6052799375096147,-0.019901,-0.019900888898925828,383.0,372.0,-0.1186772,0.0668025,-0.0339651,0.0241205,0.0522221,0.7605555,-0.1836151,0.3491913,0.5156611,0.9215886,-0.5084399,0.3610715,0.7817392,485.0,372.0,0.0673773,0.0921266,0.0059138,-0.0413535,0.0821111,0.9560153,-0.1834115,0.2131429,0.0834573,0.8196093,0.0641917,-0.4488765,0.8912852,256,3.447843154259165e-14,9.269908239685162e-16,2.4768572712095027e-15,2.3651545435738652e-11,1.5217702180414084e-07,2.1908677189849498e-16,24.537525795744774,7.052138595545518,8.751729089968915,3.102087525965678,1.2723140285182464,1.5699917254083706,-0.09304253974040691,0.0,0.044229154647330175,2.14806144400706,0.01949834121594676,2.6692099511617595,0.06678898831899978,0.000873249965703667,0.0025069898545277054,0.8501066884776103,0.5012534949272638,621.4864445563995,289.78312416726015,0.6091702868195527,0.609170287681903,0.609170287691728,0.7614628596023787,6.991314026879696e-09,531,0.5371,0.5371,0.0287,-0.005122,2,0.426,0.9489,-0.001143,12.073,6.0364,2.0,0.34046,0.62887,1.4253,0.15664,0.98,0.9683,0.9881,0.5113,3.511,1.853,0.5267,10.9511,6.3719,1.8148,80,0.165,0.9771,43,0.1856,0.9893,3.0,0.0465571,0.0984737,-0.3579694,0.0216739,-0.0411067,-0.0169517,0.0494659,186.0,186.0,0.1059524,0.0971741,0.0432155,0.0214049,-0.0387927,-0.0071452,0.0448787,193.0,179.0
15,1048,138843,0.0,2.565251098895645e-06,3.8247245203466123e-07,2.565251098895645e-06,0.5903879025146823,7.671215953402929,5.66015513671921,-12.95877733221112,12.250513599409693,-0.16577444528956128,12.95877733221112,0.0019514881032005604,12.565846659846455,7.285271369078464,-1.11892544207051,1.0852585374207073,-0.001917763818066604,1.11892544207051,0.05862564408264698,2.404509802762429,1.1973111112439894,0.06602283625238925,2.373036834624131,0.787888726016995,0.0,0.2501125841412066,0.10060579717664622,0.002984519723400414,1.4141334118602042,0.907148888862218,2.264227282306416e-07,-0.33124962622166404,0,0,0,1.082074778008382e-05,0.6086864919572031,406,0.799,-0.03534,0.46534116439707995,-0.04779217659796228,0.4746488364347346,0.04197177883393505,0.10314295162833,1.2578962367418747,1.212355249308362e-05,1.0821717564653391e-05,1.1202983648993363,4.255472308549392e-06,0.05004058444120224,371,36,0,0,0,0.799,406,0.6086864919572031,0.07311,0.07311001461115585,383.0,372.0,-0.0903048,0.0350361,-0.0096699,-0.0280956,0.0185651,0.2259124,-0.0938085,-0.5146612,0.8217587,0.9103201,-0.2759973,-0.801903,0.5298839,485.0,372.0,0.0601148,0.0904442,0.0413207,0.0748737,-0.0294395,-0.4965365,-0.3140197,-0.3146691,-0.7455378,0.809535,0.4568643,0.8278439,-0.3254989,256,9.077278433502464e-15,4.300662471339684e-16,9.005336742837683e-16,3.68036736609989e-11,1.9693750376229348e-07,1.874086217119329e-17,24.978378426601527,7.069795137460599,8.702850863667079,3.0874959771979316,1.0871065562860696,1.4199762918402654,0.022296000356388304,0.0,0.02165009678887802,2.342310620155436,0.026466963663609042,1.1976179017729023,0.09203039157510956,-0.004354972407658746,0.0030679909226645824,0.8365386893764424,0.5015339954613323,621.4865907920401,289.7831923531734,0.6091702865873909,0.6091702876770444,0.609170287691728,0.7614628595963054,8.852311543898117e-09,562,0.4966,0.4966,0.02827,-0.002896,2,0.3978,0.9579,-0.001661,12.108,6.054,2.0,0.3438,0.62694,1.45304,0.16866,0.9781,0.9652,0.9869,0.5115,3.0882,1.9652,0.8703,10.9691,6.0048,1.9444,80,0.234,0.951,43,0.2788,0.9979,1.0,0.0478242,0.0994915,-0.3507252,0.0012511,0.0516407,-0.0541667,0.0748489,186.0,186.0,0.0654674,0.1398922,-0.3624122,-0.051764,-0.0088802,0.0106629,0.0535917,192.0,180.0
16,1076,138878,0.0,3.073737934678102e-06,4.3916890195081414e-07,3.073737934678102e-06,0.5263633437603514,7.761776843150679,5.642114585356362,-12.963234122392002,12.331344345790946,-0.15884052385628256,12.963234122392002,0.0005882239611448668,12.56611924256046,7.287683520120443,-1.1274620091248546,1.0891912984962635,-0.0012611558998656617,1.1274620091248546,0.05902485597409092,2.405069588746719,1.1781671056366918,0.05,2.3868878324794696,0.7721417925346293,0.0,0.26425392167046147,0.107196535981015,0.006074118057604161,1.4141047146760934,0.9148174468230508,2.4901597819239603e-10,-0.3417766181085932,0,0,0,2.059080248509334e-05,0.6092735868040666,410,0.7797,-0.03499,0.46967944658658684,-0.045611382983152246,0.48011927685986855,0.04079354632432997,0.08269625010471271,1.2735657659082,2.268679573535843e-05,2.05956487875261e-05,1.101533434047431,7.85650589411488e-06,0.04088099769395648,371,40,0,0,0,0.7797,410,0.6092735868040666,0.11886,0.11885958228186011,383.0,372.0,-0.0746504,0.0276786,0.0038567,0.0263309,-0.0076103,0.6467635,-0.7498178,0.1311919,-0.0475283,0.9208859,0.1393378,0.951308,-0.2749511,485.0,372.0,0.0501532,0.1130168,-0.0039849,-0.1010765,0.050403,0.8567462,0.1047044,0.3152169,0.3945392,0.805838,-0.0352597,-0.8943493,0.4459777,256,6.629159416772904e-15,7.2607564643291885e-16,1.1256472587542535e-15,4.385548878980903e-11,2.3450690079436918e-07,6.83611839216517e-17,37.179080604834894,10.814647546208354,14.247967319941578,3.1191655350400054,1.3321607859554156,1.6534342886073443,0.24509614550845268,0.0,0.01853691853815536,2.272653402442656,0.029507187584957253,1.0130488122054933,0.04946240851085591,0.00657717460089308,-0.0016104109937171373,0.8261919919409294,0.49919479450314147,621.4868596458879,289.78331771279886,0.6091702863684888,0.609170287665573,0.609170287691728,0.7614628595819662,1.0607021684127624e-08,586,0.4936,0.4936,0.02516,0.03223,2,0.3857,0.9506,-0.001469,12.125,6.0627,2.0,0.34732,0.63485,1.47179,0.17317,0.9772,0.9631,0.9856,0.5149,3.2928,1.7836,1.7287,10.5841,5.9149,1.7963,80,0.1832,0.9284,42,0.2391,0.966,1.0,0.0288791,0.0727225,-0.431522,0.008422,-0.0500577,0.0082503,0.0514273,186.0,186.0,0.1363803,0.0905789,0.2018046,-0.0190541,-0.0272498,0.0088729,0.0344142,191.0,181.0
17,1131,138947,0.0,3.79961953598576e-06,5.274454232051224e-07,3.79961953598576e-06,0.5071407212461486,7.796788552975287,5.6450727645747865,-12.383864320127739,11.324625013858705,-0.15886987408112024,12.383864320127739,0.0017671836052069868,12.565371981273849,7.257836113315368,-1.134166537596059,1.0967753135270404,-0.0033066999402798255,1.134166537596059,0.059477715461686016,2.4064344386262597,1.1415999258789522,0.05,2.376499766164994,0.7508701151889576,0.0,0.2783928118425479,0.11107907652369647,0.0021328576319243897,1.4141165754809462,0.9444002144290773,2.193176468357476e-10,-0.3520378010359813,0,0,0,2.9971978135523324e-05,0.6038908235776828,430,0.6915,-0.03912,0.4719294338043385,-0.05075412163794806,0.483534114435809,0.0678698495349953,0.06890143380141096,1.3495762194747614,3.2885065383412586e-05,2.9981224471627405e-05,1.096855314049405,1.1242150438237681e-05,0.030659939587871818,373,58,0,0,0,0.6915,430,0.6038908235776828,0.062042,0.062042209604526555,383.0,374.0,-0.0949946,0.0634104,0.0324157,0.0361086,0.04082,-0.6784378,-0.4081985,-0.0818732,-0.6053039,0.9235819,0.5112052,0.569443,0.6437422,485.0,373.0,0.0390908,0.0374911,0.0037552,-0.0293459,0.0230281,0.2213177,-0.1006522,-0.2589539,-0.934789,0.8019855,0.1001634,-0.7827443,0.6142301,256,4.882483508757688e-15,9.356026144566914e-16,1.296435618260253e-15,7.298894678316265e-11,2.9827427308611405e-07,1.6516408451865952e-16,37.21636793333751,10.298913041865035,13.65529947297402,3.1262887217788635,0.9885804686009605,1.305002903686718,0.11080618517683333,0.0,0.033779820799328314,1.578827254327059,0.040029627472614605,2.5596045395855445,0.053478253223307855,-0.0015566146822187633,-0.0009055362893911599,0.8142815568310584,0.4995472318553045,621.4869952017913,289.7833809190257,0.6091702860559984,0.6091702876585429,0.609170287691728,0.7614628595731785,1.3111930449343087e-08,621,0.4491,0.4491,0.02787,-0.009984,2,0.3115,0.9495,-0.000953,12.145,6.0727,2.0,0.34886,0.64325,1.52237,0.16709,0.9787,0.9618,0.9828,0.5181,3.2677,1.7246,2.0696,10.9508,6.1573,1.8843,80,0.0397,0.9944,42,0.1607,0.4972,1.0,0.1295885,0.0236438,0.6913991,0.0180109,0.0483052,0.0230991,0.0564921,186.0,188.0,0.1138194,0.1244354,-0.0445573,0.0006663,0.071343,0.0874444,0.1128574,190.0,183.0
18,1158,138981,0.0,4.669009844184618e-06,6.414788036770619e-07,4.669009844184618e-06,0.46160468552920697,7.874387670405087,5.627272954873738,-12.21338946742823,12.117706833179318,-0.13775101178471197,12.21338946742823,0.0006103776449180032,12.56604302549665,7.250208306311523,-1.139755916637188,1.103774535609237,-0.0030673868768467997,1.139755916637188,0.050997424387807265,2.4080265040431184,1.1264895825305863,0.0564542482124013,2.3538864314970787,0.734663308954271,0.0,0.2924504414722318,0.1186008707275708,0.0014953136947660761,1.4141690687363284,0.9048016014008188,9.350125163961622e-07,-0.3619420008791811,0,0,0,4.546121115311284e-05,0.6021546791178976,434,0.703,-0.04023,0.47179271707071285,-0.052836746051550594,0.48710587469397754,0.022226520164876723,0.053258077775668905,1.3622580520939276,5.039002943383521e-05,4.54712850393651e-05,1.1081725398833986,1.7309001218387726e-05,0.05288183405448988,373,62,1,1,0,0.703,434,0.6021546791178976,-0.00285,-0.002849928532703938,383.0,374.0,-0.104533,0.0316715,-0.0114712,0.0272018,0.0114697,-0.248638,-0.3863764,-0.8812393,-0.1109494,0.9153374,-0.362194,0.8588744,0.3621468,531.0,372.0,0.0637319,0.0292249,0.0276307,-0.0025736,0.0091659,0.368229,0.1511536,-0.305538,0.8649894,0.8006819,0.9454522,-0.0880614,0.3136324,256,1.2771184646791133e-14,1.01944600972281e-15,1.8841723881001007e-15,8.722330587463914e-11,3.705939173818308e-07,-7.304880436926337e-17,37.293341566727364,10.407393646257034,13.746641710309213,3.109596141091952,0.9418260403342553,1.3331428565643195,-0.08017899875426618,0.0,0.014668120485232665,1.6411428146547196,0.034680914139740344,0.18136978565698114,0.011620897475373147,-0.0029457117397285143,-0.004053273442712467,0.8123261552802772,0.49797336327864367,621.4872665929597,289.7835074617385,0.6091702856817287,0.6091702876419552,0.609170287691728,0.761462859552444,1.611206201857809e-08,644,0.4466,0.4466,0.02553,-0.003912,2,0.3147,0.952,0.000412,12.141,6.0707,2.0,0.34893,0.65905,1.54505,0.16082,0.9778,0.9596,0.9813,0.519,3.0709,1.6912,3.6317,10.0521,6.0826,1.9807,80,0.1144,-0.8105,42,0.0954,-0.6209,0.0,0.0639034,0.0309816,0.3469648,-0.0005643,0.0044928,0.0346292,0.034924,186.0,188.0,0.0596205,0.0923085,-0.2151533,-0.0241124,0.0655875,-0.0029211,0.0699404,197.0,175.0
19,1181,139008,0.0,5.814366608614341e-06,7.687051320411622e-07,5.814366608614341e-06,0.45152864321492214,7.898692408564333,5.623641019581357,-12.614062919524507,12.904819638054958,-0.1298594466670654,12.904819638054958,0.0004899479131879048,12.565377447837523,7.232235746412906,-1.141734501857695,1.1116621260744266,-0.003074918732930563,1.141734501857695,0.05124995727106847,2.409036195872405,1.1182095546919097,0.05812000829674324,2.307096486628372,0.733516894108288,0.0,0.3065923959154021,0.12491983996798714,0.00033553774537053993,1.4141873811170533,0.929413348704078,3.0023510360424505e-07,-0.37156642563069786,0,0,0,4.9566141681325105e-05,0.6007763436094266,441,0.668,-0.04156,0.472493679594924,-0.045098329906719206,0.4897601224012892,0.0746250842473422,0.06520916668005057,1.3968896207699244,5.5826637756861783e-05,4.95797815602231e-05,1.1259960411292012,1.9110594093556724e-05,0.05523906961142942,374,68,1,1,0,0.668,441,0.6007763436094266,0.019148,0.01914762271649839,262.0,372.0,-0.071216,0.0878061,0.021893,0.0392334,0.075441,-0.8634695,-0.1087853,0.2556554,0.4209828,0.9070974,0.2493332,0.4468188,0.8591775,531.0,372.0,0.068382,0.0292786,-0.0035032,-0.0018529,-0.0290092,-0.8430866,-0.4266786,0.0258624,-0.326315,0.7955718,-0.1196511,-0.0632843,-0.990797,256,3.7450721749336466e-14,1.6046613214030204e-15,3.4023478106958003e-15,1.2402785163206372e-10,4.5600070413750745e-07,-3.6454783923132464e-16,23.955524231511625,5.859455754505673,7.121105144700762,3.1386893108171052,1.307709238480905,1.6346468954842877,-0.19622935447328338,0.0,0.03164249401657483,1.657522213193793,0.03294145671730088,1.2554312828814658,0.04732901360489587,-0.0004593236602923679,0.0013215896182247528,0.8198439675694693,0.5006607948091124,621.4873037679878,289.78352479549676,0.609170285188655,0.6091702876394223,0.609170287691728,0.7614628595492778,2.00645175142983e-08,660,0.4494,0.4494,0.02415,-0.003608,2,0.301,0.9534,-0.000254,12.143,6.0714,2.0,0.34679,0.66452,1.56391,0.16489,0.9782,0.9585,0.9799,0.5191,3.0543,1.6821,4.276,9.8268,6.1528,2.0145,80,0.2074,-0.7917,42,0.1501,-0.9853,-1.0,0.1167549,0.1067591,0.0447212,-0.0672,0.0093993,0.0102409,0.0686226,186.0,186.0,0.0440231,0.0241576,0.2913651,0.0046007,0.0147823,-0.0161989,0.0224073,197.0,175.0
20,1196,139029,0.0,7.069963033853933e-06,8.929169839027271e-07,7.069963033853933e-06,0.4426843590070844,7.91914029964153,5.618373684026727,-12.891629763651919,10.164889642227394,-0.13623476490026615,12.891629763651919,0.00036881736430446183,12.56555863378649,7.2109277573745265,-1.1455036990921383,1.1176372205611473,-0.0033024195618392162,1.1455036990921383,0.05174011610694766,2.409625347637107,1.1140725857463547,0.055456055591339926,2.287976673888211,0.7306751078971774,0.0,0.31974445539322877,0.1330002880502314,0.002510359277241303,1.4141734412441747,0.8931097268548813,1.7410955612666636e-11,-0.3811266485786591,0,0,0,6.26204732567695e-05,0.5953780514779224,445,0.6555,-0.04427,0.47275983763075885,-0.05688486564501271,0.4908272535646475,0.06249159489151679,0.0678328978944493,1.4079472235399582,7.183511377087458e-05,6.263645023381922e-05,1.1468579956673333,2.466617118895034e-05,0.07294981651135521,373,73,2,2,0,0.6555,445,0.5953780514779224,-0.002765,-0.002764856921188219,333.0,372.0,-0.0944894,0.0700488,0.0260946,-0.063256,-0.0149862,-0.577594,-0.5618977,0.4613836,0.371189,0.8972476,0.3725209,-0.9030273,-0.213939,531.0,373.0,0.0664252,0.0386185,0.0088968,0.0220985,0.0303956,-0.8845776,0.1555089,-0.0090401,-0.439611,0.7914671,0.2303772,0.5722255,0.7870732,256,2.848719447093728e-14,1.6536459101509133e-15,3.5185867677096595e-15,1.733431853919107e-10,5.505846222910785e-07,-1.4558053643579624e-16,17.99602663900893,5.526405599218166,6.648187842529443,3.125082606563863,1.3280583377809616,1.622680408559661,-0.06381782021907426,0.0,0.017050324365264848,2.1122223978126478,0.026581503155752074,0.45249866158446,0.04316269186214871,0.0008778153483311215,-0.001786387196215037,0.7967057061118951,0.4991068064018925,621.4874880338606,289.7836107139279,0.6091702846481246,0.6091702876259383,0.609170287691728,0.7614628595324228,2.439738747279723e-08,671,0.4437,0.4437,0.02358,0.014531,2,0.2917,0.9534,0.000733,12.14,6.0702,2.0,0.34437,0.6859,1.57765,0.16975,0.9778,0.9581,0.9798,0.5192,3.0401,1.6742,4.8112,9.5922,6.1829,2.0338,80,0.1216,-0.8052,42,0.0986,-0.6904,0.0,0.0530954,0.1241425,-0.4008571,0.0213029,0.0674305,0.0218845,0.0740244,188.0,184.0,0.101096,0.0974312,0.01846,-0.0276822,-0.0500295,0.0720264,0.0919623,196.0,177.0
21,1216,139054,0.0,8.587300777596517e-06,1.0299852997066586e-06,8.587300777596517e-06,0.4118599113921285,8.00048161244943,5.592755026305166,-12.544320518674862,9.38171228994825,-0.12495521578906281,12.544320518674862,0.0009801830670986612,12.565957317113359,7.221387009329493,-1.1509370440222713,1.1260271656863203,-0.0033815320100791897,1.1509370440222713,0.05194399978432828,2.4098523993921415,1.1065096360026723,0.05503535137867066,2.288552684490858,0.7285403101201103,0.0,0.33388632416708325,0.13940806624597124,0.0022025942318241176,1.4141424059657945,0.8755940762577205,1.223298047600629e-06,-0.39056094686494897,0,0,0,6.56832457112351e-05,0.5961470632161735,445,0.6465,-0.04521,0.4727003662077824,-0.05489526024625499,0.49228584898891387,0.0777019545417474,0.07661229158614849,1.4455126792072088,7.697791319175094e-05,6.570090048188299e-05,1.171641676554762,2.6599329821703817e-05,0.0884836772714205,370,76,3,3,0,0.6465,445,0.5961470632161735,0.006926,0.006926430153095797,333.0,372.0,-0.0894131,0.068316,-0.0081278,0.0242673,-0.0633413,0.6793422,-0.3367308,0.3770038,0.5319536,0.8848349,-0.1189737,0.3552208,-0.9271804,531.0,373.0,0.0627673,0.051295,-0.0050231,-0.0409367,0.0304981,0.5914474,-0.6644066,0.1277611,-0.4386696,0.786183,-0.0979252,-0.7980639,0.5945626,256,5.841884513036869e-14,2.1857410634460155e-15,5.897506583260959e-15,2.116151433749776e-10,6.479301292170438e-07,1.5185385913669724e-16,18.30964623514182,5.997264347532568,7.150623576463273,3.1000116531326434,0.9288648051779751,1.264587616525115,0.06648851015369828,0.0,0.04851451354705293,2.5416406138248124,0.02936094576089893,1.5582746295549048,0.05689081611270264,-0.0021841196407793254,-0.001453861512411111,0.7912557439429125,0.4992730692437945,621.4875307604091,289.78363063621714,0.6091702839949145,0.6091702876225908,0.609170287691728,0.7614628595282386,2.963349157695064e-08,691,0.4155,0.4155,0.02241,-0.007934,2,0.2692,0.9411,-2.5e-05,12.149,6.0743,2.0,0.34091,0.70301,1.59169,0.16677,0.9765,0.9553,0.9782,0.5214,2.7198,1.7269,7.0197,8.1225,6.0441,2.2223,80,0.0485,0.9399,42,0.1266,0.5312,2.0,0.0776395,0.0616683,0.1146472,0.0049321,-0.0063063,-0.004962,0.0094189,188.0,184.0,0.1066664,0.0817259,0.1323859,0.0078847,-0.0721226,-0.038261,0.0820228,196.0,177.0
22,1228,139070,0.0,9.846589764602677e-06,1.1831482523569927e-06,9.846589764602677e-06,0.3997620623986814,8.047957526972098,5.576521674693612,-12.170297592268783,9.973620216544486,-0.11825311746841698,12.170297592268783,0.0005158570614973712,12.565999278030612,7.23630846070909,-1.1562638962181506,1.1343347685909657,-0.00438948225409991,1.1562638962181506,0.05208656408081289,2.4097805558994945,1.1025944249079958,0.0730552800107852,2.291729065425081,0.71410090689299,0.0,0.34800979503048823,0.1466188667278444,0.0015175523545587488,1.4141125766227403,0.9164590320413589,1.067587231967624e-06,-0.39982584279984323,0,0,0,6.671583587552284e-05,0.596850567085957,445,0.6259,-0.05027,0.47260967637823253,-0.05702139864772377,0.49361752204399073,0.05975977646347741,0.07858860543484446,1.4527558425480218,8.053135514570293e-05,6.67272245393136e-05,1.2068740413181185,2.78783261397823e-05,0.10835279953053514,363,83,4,4,0,0.6259,445,0.596850567085957,-0.008717,-0.008716802372982668,262.0,373.0,-0.1085116,0.0517242,0.0111995,0.0222606,0.0453259,-0.6583095,0.020097,-0.1980439,0.7259499,0.8665185,0.2165225,0.4303713,0.8762982,531.0,374.0,0.0519931,0.0872478,-0.0019793,-0.0810507,-0.0322341,-0.5070075,0.6437055,-0.2645644,-0.5085198,0.7849834,-0.0226863,-0.9289716,-0.3694551,256,5.3507944414464195e-14,3.621275767504811e-15,6.765999136589109e-15,2.7173406153902996e-10,7.521889755244384e-07,1.7435431890426626e-16,23.440559311844616,6.482555957689236,7.860384108750744,3.064371024783102,1.0328346855041928,1.3386882668530649,-0.06231722865287594,0.0,0.02078684111541381,2.366709620194361,0.03318294924284782,1.2786224675708533,0.07295498079944644,-0.0031641115126762815,0.005117331910477165,0.7933026669491875,0.5025586659552386,621.4875510693422,289.78364010574967,0.6091702834527934,0.6091702876209709,0.609170287691728,0.7614628595262136,3.397910855495292e-08,703,0.42,0.42,0.02148,-0.01869,2,0.2636,0.9446,-0.000775,12.151,6.0753,2.0,0.33927,0.70092,1.59972,0.16335,0.9756,0.9536,0.9775,0.522,2.6878,1.7065,8.217,7.3321,5.9729,2.2222,80,0.2317,0.9178,42,0.252,0.9694,1.0,0.1074679,0.0718706,0.1984921,-0.0649019,0.0051188,0.0291408,0.0713277,187.0,186.0,0.1172785,0.0736645,0.228414,-0.0039927,-0.0420037,0.0256289,0.0493669,195.0,179.0
23,1258,139108,0.0,1.1257866981732146e-05,1.3102117319834047e-06,1.1257866981732146e-05,0.39251802153585025,8.12416222895784,5.551565521367037,-12.490274563312123,10.560527621321022,-0.0934242641301965,12.490274563312123,0.00012664715345936817,12.564583393069737,7.208255882601275,-1.1573640907905993,1.1427763207393526,-0.00627413236553271,1.1573640907905993,0.05242765024761206,2.409479387642325,1.0863166211643887,0.05,2.2546394546976716,0.7165760930994092,0.0,0.3619802305551242,0.15161172587097366,4.165523913535196e-05,1.41406122461886,0.9496906830719132,1.8616297345388968e-07,-0.4088227008548687,0,0,0,6.545429856165076e-05,0.5948265693384167,449,0.5909,-0.0527,0.4730288916906948,-0.054362274613138514,0.49484567538005736,0.03972572768079448,0.08332616042269232,1.4831487532123306,8.253323702590661e-05,6.546163709610871e-05,1.2607878551025833,2.8618344873883655e-05,0.12012258261718588,361,89,6,6,0,0.5909,449,0.5948265693384167,0.016068,0.01606773766903613,333.0,373.0,-0.1064797,0.0470845,-0.0454505,0.0096743,0.0075905,0.8271459,-0.3496958,0.0292457,0.4389615,0.8449314,-0.9652951,0.2054662,0.161211,531.0,375.0,0.043802,0.0247283,0.0118178,0.0143278,0.0163261,-0.5419865,0.520687,-0.2055053,-0.6268199,0.7762421,0.4779071,0.5794082,0.6602204,256,6.552293651513353e-14,6.260612006927665e-15,9.7044845118168e-15,3.062609671580455e-10,8.542484989837306e-07,1.5298978713668874e-15,21.9501311925128,6.453224239476155,7.778202447311094,3.1386623245105336,1.2481884491332154,1.5557695101267828,-0.10933971367986325,0.0,0.013123843762816513,1.1775510358042633,0.03233033145546967,1.8743469313968046,0.01648027341883866,-0.00029853739360011624,-0.0029799620774442837,0.7908060212321772,0.49851001896127795,621.4875334229553,289.78363187769384,0.6091702828452418,0.6091702876223799,0.609170287691728,0.7614628595279749,3.8849216254159054e-08,729,0.3887,0.3887,0.01812,-0.012182,2,0.2301,0.9409,-0.000741,12.146,6.0731,2.0,0.33765,0.71135,1.62207,0.16471,0.9734,0.9516,0.9776,0.5231,2.3869,1.7588,11.0553,5.5277,5.9045,2.4737,80,0.3137,0.8884,42,0.292,0.9944,-1.0,0.0639483,0.0557225,0.0687367,-0.0027959,0.0013596,-0.036146,0.0362795,189.0,184.0,0.0403354,0.0847346,-0.3549949,-0.006685,-0.0560031,-0.0193943,0.0596421,195.0,180.0
24,1273,139125,0.0,1.2605398460680692e-05,1.4505437789811137e-06,1.2605398460680692e-05,0.39451431305344087,8.162481570630197,5.539270728123234,-12.726422645948569,11.189023489303269,-0.07589164169975797,12.726422645948569,3.503097877555206e-05,12.565636132545343,7.214246153357702,-1.1633336727449728,1.150326247591566,-0.005896941299953053,1.1633336727449728,0.053731048463392626,2.412547758194668,1.079755235943304,0.05,2.176753274995235,0.7187506297757872,0.0,0.3761219206640668,0.1601861962579724,0.008330659900568471,1.4140889791717488,0.9371265335823222,1.7042628290934787e-07,-0.4176723303267039,0,0,0,8.579317108214701e-05,0.5924916275200451,451,0.5831,-0.05372,0.47550009080647776,-0.050944209149810425,0.4988383226041449,0.021694100008313604,0.07323568803928808,1.4984784599431273,0.00011019806840170126,8.581554819108908e-05,1.2841270693315225,3.835013002159829e-05,0.1291110985806073,360,92,2,2,0,0.5831,451,0.5924916275200451,-0.005795,-0.005794601146714706,333.0,373.0,-0.0912965,0.0371663,0.0135261,-0.0314594,0.0144459,-0.3403308,0.1081712,0.6819044,0.6383419,0.838374,0.3639349,-0.8464498,0.3886824,531.0,375.0,0.0458337,0.017326,0.0160945,-0.001447,0.0062501,-0.7626561,0.1661177,-0.2481796,-0.5737312,0.77151,0.9289222,-0.083517,0.3607331,256,1.3625621403892876e-13,7.0573752519097435e-15,1.3136402889260096e-14,4.3652375158689825e-10,9.563228334544063e-07,2.922048738547118e-16,37.624168242970796,10.491760825099101,13.657849534469058,3.0250328496301786,1.0274681072285916,1.3032994440127308,-0.08161980640897568,0.0,0.029151932846883034,1.4935189860353963,0.025922977679997815,2.1852506892425883,0.02913817803409666,-0.0007393133357608565,-0.003331383219899999,0.7802149433307164,0.49833430839005,621.4877857898856,289.78374954989437,0.6091702822651355,0.6091702876008854,0.609170287691728,0.7614628595011067,4.349932831036932e-08,742,0.4007,0.4007,0.01575,-0.014866,2,0.2341,0.9433,-2.3e-05,12.142,6.0708,2.0,0.33615,0.70351,1.63417,0.16632,0.973,0.9499,0.9763,0.5247,2.4898,1.6599,12.5239,4.6062,5.8788,2.3612,80,0.2278,0.8313,42,0.1745,0.9997,-0.0,0.0759491,0.020288,0.5783744,-0.0083999,-0.0322921,0.0114881,0.035289,190.0,183.0,0.0540846,0.0627294,-0.0740053,-0.0233766,-0.0343754,0.0369142,0.0555949,195.0,180.0
25,1294,139153,0.0,1.3149343080308128e-05,1.619158065388517e-06,1.3149343080308128e-05,0.4070553900499072,8.240009561269536,5.509683955800386,-12.591762678185546,11.80228665587584,-0.07209009933294507,12.591762678185546,0.0003515689778699257,12.565543983750555,7.27597015466266,-1.169160894004018,1.1587661888244518,-0.006001565690557472,1.169160894004018,0.05542359187048645,2.4153583169683723,1.0730419323863394,0.060423697610022975,2.038271595708616,0.7147246267162684,0.0,0.3902541424321988,0.16783332099268813,0.000570394097959892,1.4141062181268864,0.9211657476462899,3.5004682781454226e-07,-0.42633408760395475,0,0,0,0.00010920133099211516,0.5916314544089896,451,0.5785,-0.05203,0.47973069531912055,-0.046692334467200655,0.502641851445191,0.02887766669530014,0.05894121908417392,1.5212224851152392,0.0001426288163969641,0.0001092375402832003,1.3056758329343219,4.9907325213208355e-05,0.13352692853921616,360,92,2,2,0,0.5785,451,0.5916314544089896,0.003763,0.003763006268011182,333.0,373.0,-0.0842518,0.0147593,-0.0018737,-0.0128155,0.0070772,0.2019972,-0.3106929,-0.7828605,-0.4997964,0.8313123,-0.1269493,-0.8683045,0.4795114,531.0,377.0,0.0307379,0.0993817,0.0038534,0.0584807,-0.0802613,-0.023371,0.0873418,-0.3113046,-0.9459993,0.7647411,0.0387738,0.5884452,-0.8076068,256,9.031204038487393e-14,2.0774912746301028e-14,3.276354330648247e-14,4.760776899383706e-10,1.0801454918347188e-06,-1.460495310916424e-15,37.654537509671115,11.241568082620944,15.049458889209731,3.0908179002126985,1.1332953150084686,1.424481208666428,0.06839178919319495,0.0,0.01899977216550709,0.3428299532659078,0.022350481463643674,0.328461135795103,0.06435409876323685,-0.00045032224888020883,-0.00014155406190618955,0.7832366203331093,0.4999292229690468,621.4880424116641,289.78386920602094,0.6091702820309718,0.6091702875760576,0.609170287691728,0.761462859470072,4.5376380391137796e-08,763,0.3781,0.3781,0.01526,-0.005441,2,0.2193,0.9435,0.000304,12.136,6.0682,2.0,0.33565,0.70714,1.64682,0.16662,0.9717,0.9465,0.9741,0.527,2.5661,1.5885,15.2988,2.7407,5.7703,2.2487,80,0.0456,0.3475,42,0.0225,-0.022,1.0,0.0824197,0.0640866,0.1251352,0.0322591,0.0125908,0.0620115,0.0710254,190.0,183.0,0.0903779,0.1231002,-0.1532817,0.0040101,-0.0381837,-0.0103159,0.0397555,194.0,183.0
26,1309,139171,0.0,1.4381813119177867e-05,1.8022411291377067e-06,1.4381813119177867e-05,0.4214192664445109,8.285880096693251,5.49247880442434,-12.72442116216948,12.437583156167266,-0.06163522197664601,12.72442116216948,0.0015124676539519481,12.565354531373405,7.310397210635374,-1.1749081270559667,1.1678779738384613,-0.007250991181090293,1.1749081270559667,0.057375530282667155,2.417776323204723,1.0667444678974685,0.05,1.7412349527455702,0.696680576963081,0.0,0.4039428922435976,0.17623541095584047,0.0008872906204598907,1.414113412132713,0.9097870877331314,6.172583611174771e-07,-0.43488569503538865,0,0,0,0.00013884270242150423,0.5908330220578523,452,0.5716,-0.0507,0.4844664910735813,-0.045095768551361576,0.5066255483227353,0.016833134225770353,0.06268236731258804,1.5326718732202262,0.00018378625454292655,0.0001388810554418054,1.3233356699246683,6.470487148822125e-05,0.13751746609243487,359,94,5,5,0,0.5716,452,0.5908330220578523,0.011019,0.011019458972634455,333.0,373.0,-0.082169,0.0465873,0.0003603,-0.0064282,-0.0461403,0.4788093,0.1241365,0.2785775,-0.8232414,0.8230305,0.0077338,-0.1379812,-0.9904047,531.0,377.0,0.0275377,0.0264117,-0.0242489,-0.0051627,-0.009106,0.5624805,-0.1238196,-0.4453375,0.6855355,0.7578882,-0.9181091,-0.195469,-0.3447719,256,1.781278189144693e-13,7.536242970823694e-15,1.6233858400867413e-14,5.736954581830798e-10,1.2186627009144363e-06,2.116011627950708e-15,37.63368492344947,11.332462919086563,14.978741787263283,3.1042454713563994,1.0367177884840073,1.3245793538144088,0.1489280176970354,0.0,0.025797183141793835,1.6030207767587723,0.009402193411623586,2.117678717370882,0.04586152640907164,-0.003629945952791185,-0.00017499605065229523,0.7773168421329772,0.49991250197467385,621.4883260472407,289.78400145798594,0.6091702815004009,0.6091702875451313,0.609170287691728,0.761462859431414,4.962942414632576e-08,777,0.3847,0.3847,0.01468,-0.005495,2,0.2206,0.948,0.000425,12.134,6.0668,2.0,0.33614,0.69764,1.65591,0.16448,0.9707,0.9446,0.9731,0.5294,2.4178,1.6119,16.3687,2.0724,5.7088,2.3612,80,0.1503,-0.891,42,0.1662,-0.9037,1.0,0.0391133,0.0825629,-0.3570926,0.0271772,-0.015341,0.03862,0.0496533,190.0,183.0,0.0276788,0.0533275,-0.3166256,0.0266893,-0.0146809,-0.0111219,0.0324275,193.0,184.0
27,1319,139181,0.0,1.5251185032970994e-05,1.996815618166797e-06,1.5251185032970994e-05,0.4280763236357579,8.304257270066874,5.486805844483391,-13.19269880010204,12.093149612439822,-0.05093325451500036,13.19269880010204,6.018968404819351e-05,12.565842145644144,7.287398931669635,-1.180184178175547,1.1771551161824272,-0.007308477026755026,1.180184178175547,0.05938119462066718,2.419822118356611,1.0637821791674507,0.0636127771319871,1.4844153934518938,0.7075647410608396,0.0,0.4180005664203537,0.18510889256764285,0.0023287787433736717,1.4141481130493871,0.9267893660939914,5.88540705358138e-06,-0.44318030014673326,0,0,0,0.00017471201894921952,0.5905695262269716,454,0.5632,-0.04878,0.48856764931414665,-0.04666495395846812,0.5104950056250177,0.06502397186304563,0.0543035796032922,1.538339778307705,0.00023203113270906314,0.00017475081061405753,1.3277828691822835,8.215052582066746e-05,0.1470941877491844,355,100,5,5,0,0.5632,454,0.5905695262269716,0.007259,0.007258950041534762,333.0,373.0,-0.0763276,0.0676695,0.0280623,0.0392339,0.0474592,-0.8229592,0.4069703,-0.2740061,0.2864158,0.8230511,0.4146968,0.5797868,0.7013372,456.0,374.0,0.0471478,0.0487088,-0.0222096,0.0421799,0.0100067,0.3408702,0.2961147,-0.4897473,0.7458359,0.7528503,-0.4559668,0.8659612,0.2054398,256,3.0830304537640707e-13,1.549164843765221e-14,3.313887853761127e-14,7.468525421535438e-10,1.3649455232046596e-06,4.081663161005555e-16,25.73132729372325,7.802794760591368,9.82254122810098,3.0057637886119286,0.705934516524061,0.9530118938735971,-0.0050587024322198346,0.0,0.022866299028343248,2.6814683700044584,0.04181954058213641,1.8897279704617935,0.03763420711441653,0.0024940876154140035,-0.0006708096256280178,0.7789462034768654,0.4996645951871859,621.4886447333504,289.7841500531119,0.6091702811261434,0.6091702875060174,0.609170287691728,0.7614628593825218,5.262946586338743e-08,785,0.3845,0.3845,0.01193,-0.001682,2,0.2171,0.9448,0.000261,12.131,6.0653,2.0,0.337,0.69773,1.66199,0.16461,0.9714,0.9431,0.9709,0.5299,2.2879,1.6457,16.8338,1.8234,5.713,2.497,80,0.2284,-0.8278,43,0.2,-0.9347,1.0,0.0551058,0.1323338,-0.4120153,0.0040644,-0.0180012,-0.0807431,0.0828252,191.0,182.0,0.0781729,0.1213654,-0.216462,0.0323388,-0.0394058,0.0711754,0.0875474,192.0,182.0
28,1330,139193,0.0,1.6737528422770038e-05,2.2092492514552345e-06,1.6737528422770038e-05,0.4230998676132638,8.296797909814186,5.492592863573224,-13.131292806798308,12.033558998593385,-0.04398868045441799,13.131292806798308,5.515747622285901e-06,12.56532533107049,7.343705619466712,-1.1842067342216922,1.1865097452806073,-0.007715028226598515,1.1865097452806073,0.06157849786120613,2.421608462982447,1.060686382520828,0.054864192398955125,1.4845128385212405,0.7158631579574902,0.0,0.4321419520690955,0.19352229374176008,0.002547050535197881,1.4141535565671766,0.914757561833649,4.098686307518541e-07,-0.45132035377553603,0,0,0,0.0002087819574091763,0.5900517237979416,459,0.543,-0.04884,0.49141682039259943,-0.05106566225565638,0.5139345175886326,0.09663712321474015,0.05365711519802992,1.5455953447965902,0.00027908879615406095,0.00020881512983565237,1.3365353189384186,9.909844707279024e-05,0.1389631713245439,357,103,4,4,0,0.543,459,0.5900517237979416,-0.00847,-0.00847025690703651,333.0,373.0,-0.08299,0.094384,-0.0203636,0.0287133,0.087574,0.8971793,-0.4251211,-0.0851095,0.0842478,0.8196067,-0.2157527,0.3042181,0.9278481,456.0,374.0,0.0488907,0.0130937,0.0088523,-0.0075834,-0.0059645,-0.9611602,0.0790929,-0.2574488,0.0602956,0.7489227,0.6760704,-0.5791601,-0.4555243,256,6.390487400602925e-13,2.7916450426507737e-14,5.978469710184125e-14,7.414924443736365e-10,1.5323987879333715e-06,5.828413743818331e-15,37.668098709085655,7.528681689702479,9.837685965207271,3.132913311739155,1.1403088186096517,1.4542616958993424,-0.08833261466049948,0.0,0.012116131231884554,1.542825202513137,0.03396441045811566,1.9550539675881398,0.02238415041802574,-0.0008379854768917162,0.0010158197812107775,0.7732560754564853,0.5005079098906053,621.4888735215595,289.7842567311619,0.6091702804862814,0.6091702874750882,0.609170287691728,0.7614628593438602,5.775858430535012e-08,791,0.3841,0.3841,0.01307,-0.010037,2,0.2092,0.9469,-0.000328,12.125,6.0623,2.0,0.33778,0.69236,1.66973,0.16451,0.9714,0.9438,0.9716,0.5308,2.2937,1.6499,16.7322,2.035,5.7947,2.5264,80,0.1776,-0.7902,43,0.0978,-0.8516,0.0,0.0285005,0.155507,-0.6902247,0.0307091,-0.0237312,-0.0640964,0.0749304,191.0,182.0,0.0524575,0.0618845,-0.082445,-0.0042864,0.0396771,-0.0384943,0.0554478,192.0,182.0
29,1339,139203,0.0,1.832838559013074e-05,2.431703813524247e-06,1.832838559013074e-05,0.4214378877480484,8.294309634573139,5.4965754214492835,-13.079929971208703,12.544750433947609,-0.04274939627496617,13.079929971208703,0.0007500246568715487,12.565289212901996,7.400273764960067,-1.1899426213181385,1.196612253165734,-0.008066289225735442,1.196612253165734,0.06356248792198203,2.4232907177608096,1.0589789418253888,0.07866507139033307,1.4608631577714841,0.7069991916019016,0.0,0.4462837582500946,0.20196302701336524,0.001515037090237259,1.4141348172739028,0.9071580240938534,1.4410255598578863e-06,-0.4593431618971059,0,0,0,0.0002481505742246968,0.5896003770815393,463,0.5405,-0.04808,0.49404315000147997,-0.0549676180885662,0.5175229231245406,0.05823791019748012,0.06599632927453458,1.5529102614463548,0.00033306429811859166,0.00024818848564064477,1.3419812658063421,0.00011852394648041132,0.15083541939947426,359,105,6,6,0,0.5405,463,0.5896003770815393,0.008338,0.008338390156114261,333.0,374.0,-0.0823604,0.065516,-0.0185211,-0.0613553,-0.0135954,-0.3210243,0.0375669,-0.7630906,0.559665,0.8156677,-0.2826965,-0.936494,-0.2075131,456.0,374.0,0.0483572,0.050378,-0.0155841,-0.0324546,-0.0352389,0.9987507,0.0347701,-0.0249203,-0.0258278,0.7452211,-0.3093438,-0.6442217,-0.699489,256,3.4828668229273954e-13,1.6067795377574326e-14,3.6920795642479015e-14,8.251263184936221e-10,1.72570344290816e-06,-1.1887392666630168e-15,18.37641850962293,5.956825733380822,7.094189153003752,3.0541764015415525,0.9600517500506939,1.249656349880285,-0.045034914731717175,0.0,0.043734120909887125,1.507647512053673,0.016952813824693273,1.923881470073503,0.03480241494102279,0.0027430475504610775,-0.0013784985846748115,0.7601650549909645,0.4993107507076626,621.4890670908763,289.78434698754944,0.609170279801427,0.609170287447061,0.609170287691728,0.7614628593088263,6.324836306951465e-08,796,0.3752,0.3752,0.01262,-0.005624,2,0.2034,0.9475,-0.000443,12.124,6.0618,2.0,0.33942,0.68644,1.67368,0.16469,0.971,0.9447,0.9729,0.5317,2.2968,1.6521,16.7306,2.1414,5.8563,2.5498,80,0.0648,0.0807,43,0.112,0.9179,1.0,0.1004386,0.0721395,0.1639786,-0.0541916,0.0073655,-0.0035104,0.0548024,192.0,182.0,0.0324338,0.1075562,-0.5366263,0.0206399,0.0040631,0.0532531,0.0572574,191.0,183.0
30,1346,139211,0.0,1.9099876296188866e-05,2.6442337655327253e-06,1.9099876296188866e-05,0.423284489881128,8.30264380643313,5.494329806004428,-13.040580107238377,11.99717503646688,-0.04667671405741353,13.040580107238377,0.0019856617165294665,12.565509826260318,7.427890558418717,-1.1951228359041233,1.2061099624540714,-0.008378272659896656,1.2061099624540714,0.0658200921043943,2.424864279906325,1.0578100617124262,0.0595352152589661,1.4639627523324419,0.7069566237307218,0.0,0.46042278669298087,0.2108150584748312,0.0022158581852450565,1.4141456746024124,0.8952104936334282,1.1796106353562426e-06,-0.46723667266818497,0,0,0,0.0003071807202139741,0.5903756122818699,465,0.5444,-0.04792,0.49635475599845336,-0.056982020825267016,0.5217135369254887,0.04770481407101332,0.054406967870744165,1.5545344653474877,0.00041177744215717144,0.00030723893814313895,1.3402514819437674,0.00014706314659930698,0.1418762744166486,365,101,6,6,0,0.5444,465,0.5903756122818699,-0.005032,-0.005032031706857509,333.0,374.0,-0.0795316,0.0537595,0.0093946,-0.0055956,0.0526357,-0.3790801,-0.8137278,-0.4357541,-0.0652971,0.8151389,0.1747524,-0.1040863,0.9790953,531.0,377.0,0.0370253,0.0641702,0.0156695,-0.0579443,-0.0226877,0.1885989,-0.1590443,-0.7441096,-0.6208351,0.7397659,0.2441873,-0.9029788,-0.3535561,256,3.661631603417692e-13,1.681503595414946e-14,3.277234801458605e-14,1.0069460378271341e-09,1.9120055032453006e-06,-1.5638040223043518e-15,23.73110997436946,6.326183215499173,7.621863145546706,3.1384523731860243,1.3352978828859188,1.6290454578658304,-0.022527350184037776,0.0,0.020708576386810236,1.087622177233011,0.020148940416145088,2.3617050943201314,0.040939801291239156,-0.004807971222795782,0.0006760549796839461,0.7623095551526584,0.500338027489842,621.4894184879804,289.78451083496964,0.6091702794693092,0.6091702873918261,0.609170287691728,0.7614628592397826,6.59106183458719e-08,801,0.3714,0.3714,0.01198,-0.009052,2,0.2031,0.9507,-0.000484,12.121,6.0606,2.0,0.33997,0.68319,1.67602,0.1643,0.9707,0.9448,0.9733,0.5334,2.2938,1.6499,16.8533,2.1213,5.8753,2.5614,80,0.1416,0.9994,43,0.2445,0.9893,1.0,0.0861915,0.0772793,0.0545185,0.0089173,0.0604537,0.0016742,0.0611307,192.0,182.0,0.1193744,0.0779054,0.2102037,-0.0115042,-0.0633619,0.0470286,0.0797419,191.0,186.0
31,1361,139230,0.0,2.091950569816844e-05,2.8636830119252214e-06,2.091950569816844e-05,0.4414015671123073,8.348389612491587,5.477445120332881,-13.005925144457054,12.466838730552332,-0.03463259273993824,13.005925144457054,0.0010791610591805029,12.565684237999806,7.41775020942867,-1.1986289149069131,1.2153357434502616,-0.008988811386220777,1.2153357434502616,0.06828848236828537,2.426262665646951,1.0581122649660384,0.057260034453059605,1.4381780510277697,0.7052642521646711,0.0,0.4745596803974288,0.2185324062331345,0.00010300126295348377,1.414144950492737,0.9078632967829641,9.563308114846281e-07,-0.47494045466473345,0,0,0,0.00036753486676945627,0.5915248378151813,466,0.5468,-0.04693,0.5000623517592603,-0.059190582507771275,0.5261970302878043,0.018343469349787495,0.06502414602437277,1.5808815145602753,0.0004942260817761859,0.00036760668171568773,1.3444425968253413,0.00017731421816472818,0.1417224472442945,367,100,10,10,0,0.5468,466,0.5915248378151813,-0.023425,-0.02342518314665698,333.0,374.0,-0.0757555,0.0440129,0.0403042,-0.0175521,-0.0021507,0.905923,0.0761942,0.1018554,0.4038854,0.8163145,0.915737,-0.3987956,-0.0488663,456.0,374.0,0.0482372,0.0437042,0.0414875,0.0006695,-0.0137257,0.8615089,-0.4740567,-0.0789833,-0.1638118,0.7348257,0.9492794,0.0153178,-0.3140604,256,5.704978999503074e-13,2.7013778188619793e-14,6.301705574280281e-14,1.142443389656233e-09,2.1078881389207834e-06,2.1852628624228914e-15,20.65867937890201,6.356561263738007,7.594248560868805,3.1381708935327084,0.7834073229720115,1.1239761640838828,-0.020838641543988144,0.0,0.033038959553444845,1.7169997877584944,0.0214819236567311,2.082796221619254,0.045012728570828206,0.006294929866616472,-0.0008941380493390674,0.7647469935697436,0.49955293097533043,621.489703925755,289.7846439272531,0.609170278685972,0.6091702873428252,0.609170287691728,0.7614628591785314,7.218983523302231e-08,815,0.356,0.356,0.00993,-0.011923,2,0.1954,0.9438,-0.000505,12.116,6.0578,2.0,0.33948,0.68179,1.68489,0.16388,0.97,0.9427,0.9719,0.5342,2.2704,1.6331,17.9718,1.4169,5.8153,2.5614,80,0.217,0.9478,43,0.2778,0.9961,-2.0,0.0827033,0.048163,0.2639355,0.0306854,0.0284204,-0.0240242,0.0482336,192.0,182.0,0.0659946,0.094384,-0.1770152,-0.038057,0.0079432,-0.0548282,0.0672128,190.0,184.0
32,1376,139248,0.0,2.214279678116449e-05,3.0584701530862373e-06,2.214279678116449e-05,0.4323949834256864,8.329626169363772,5.491038468358075,-12.979085898820156,12.236008550955543,-0.022998567969964225,12.979085898820156,0.001743762372070097,12.565012576123086,7.405294241399464,-1.199618028433474,1.225530556729156,-0.00962859754085322,1.225530556729156,0.06935718085116852,2.427007294984423,1.0557584809792306,0.0686632471205274,1.4476532765666787,0.7203732460885611,0.0,0.488701562092435,0.22516676820986034,0.0012356313998335144,1.414116259803077,0.8837764282170227,2.2785754040107187e-07,-0.48248816959395785,0,0,0,0.000389826173393239,0.5867164534572609,474,0.5229,-0.04549,0.5017463390691952,-0.06268351111901903,0.5273784569014545,0.07931683423797826,0.06507342736912845,1.5879589895843191,0.0005265257220577781,0.00038988822776007487,1.3504529877259739,0.0001900724052986706,0.14711397538413376,366,109,10,10,0,0.5229,474,0.5867164534572609,-0.027958,-0.027957767928066923,333.0,374.0,-0.0773192,0.0965881,0.0538571,0.0280195,-0.0751238,-0.5577978,0.0985387,-0.3803923,-0.7310632,0.8147121,0.557596,0.2900924,-0.7777744,496.0,378.0,0.0184762,0.0386867,0.0045812,0.0267972,-0.0275243,-0.3435614,0.7220737,-0.027552,-0.5998467,0.7254001,0.1184168,0.6926713,-0.711466,256,2.0579351848302848e-13,4.6704179346281536e-14,7.073683525602827e-14,1.2202012264905455e-09,2.2868401028317993e-06,5.100180689686699e-16,32.24762418823896,10.133896088322555,13.25484319284884,3.0422476269337952,0.9450669839927293,1.2495921843347653,-0.07153047153344776,0.0,0.04180319752170713,0.6454205152155141,0.008256496983984203,1.960847783642997,0.02886825905308593,-0.002743448884741615,-0.0009239725972949312,0.7608766375006784,0.4995380137013525,621.4897951549735,289.7846864650884,0.6091702781593522,0.6091702873263789,0.609170287691728,0.7614628591579736,7.641120395722543e-08,822,0.3674,0.3674,0.00947,-0.011357,2,0.1928,0.9381,5.4e-05,12.11,6.055,2.0,0.33967,0.68288,1.69378,0.16469,0.9703,0.9442,0.9732,0.5356,2.2825,1.6418,17.6595,1.8363,5.9532,2.6082,80,0.1536,0.7242,43,0.1103,0.9766,-2.0,0.1441172,0.070806,0.3411042,-0.0141661,0.009135,-0.0462283,0.0492055,192.0,182.0,0.1108211,0.0553509,0.3338122,0.0062938,0.078621,-0.0113097,0.0796792,184.0,194.0
33,1390,139266,0.0,2.3326988276323424e-05,3.3080629221950286e-06,2.3326988276323424e-05,0.43788703773978815,8.341827070094956,5.48757912164537,-12.952825219512926,12.625193429962035,-0.009615134059085048,12.952825219512926,0.0006062909449503322,12.563641198170918,7.358129711766786,-1.2007771328372676,1.2359120080044532,-0.010273768064938547,1.2359120080044532,0.07079128388259924,2.4275947302763554,1.0549871561552326,0.08222927464371399,1.5282564596685835,0.7162243532327005,0.0,0.502841143121968,0.23174073201805337,0.0029851687721534903,1.4141492382768042,0.9265334163981532,2.982995437993868e-07,-0.49008114441212974,0,0,0,0.00041694477790112143,0.5848869113974632,478,0.5183,-0.0433,0.5037126239108674,-0.06524957595301767,0.5286805548087468,0.09496111838308922,0.055528475897644966,1.6005158660581635,0.0005625702748625939,0.0004170217969071753,1.3490188739170779,0.00020426764980180758,0.14711579983996884,368,111,11,11,0,0.5183,478,0.5848869113974632,-0.028197,-0.02819658279404691,333.0,374.0,-0.0739287,0.1074708,0.0093648,-0.0879873,-0.0609959,0.5975832,-0.188792,-0.0996353,-0.7728678,0.8167298,0.0871377,-0.8187091,-0.5675583,456.0,374.0,0.0472275,0.0184931,-0.0086389,0.0120224,0.0110827,-0.9913323,0.0053558,-0.1296477,0.0205694,0.7199449,-0.4671429,0.6501033,0.5992856,256,2.4026883873426917e-13,5.708153116042585e-14,8.852757987239985e-14,1.261669934898556e-09,2.4824735758587804e-06,-2.4246171633868048e-17,37.254243030044655,10.178431329567545,13.496862803262967,3.124859384307348,1.1883274926357326,1.5552954438074025,-0.005970934380723256,0.0,0.036933375414256314,0.82968821943969,0.021385859341766813,0.40199653944904473,0.016429027562051342,-0.0034422876341177523,-0.0015523885945560294,0.7682237994186429,0.49922380570272196,621.4898791397715,289.7847256250368,0.6091702776495658,0.6091702873109106,0.609170287691728,0.7614628591386382,8.049764605780871e-08,832,0.3613,0.3613,0.00955,-0.005857,2,0.188,0.9338,0.000125,12.101,6.0504,2.0,0.34007,0.68234,1.7015,0.16414,0.9702,0.9437,0.9727,0.536,2.2771,1.6379,18.1211,1.6436,5.9924,2.6316,80,0.123,-0.4931,43,0.1515,-0.7723,-1.0,0.1813921,0.0485226,0.5779077,-0.0041107,-0.0391962,-0.0486156,0.0625837,192.0,182.0,0.0573932,0.0671008,-0.0779769,0.0314647,-0.0265274,0.0425927,0.0592273,189.0,185.0
34,1399,139277,0.0,2.60006949590122e-05,3.6141647556482426e-06,2.60006949590122e-05,0.4395322908609638,8.348175665976713,5.486392542904213,-12.930623326283953,12.4998433071905,0.003860536576117567,12.930623326283953,0.0013031043185681521,12.566112754030113,7.3874314147944595,-1.2028894269628918,1.2462376430628832,-0.01096727274856576,1.2462376430628832,0.07210743459451202,2.427963857394373,1.0550448489175093,0.06017812052500393,1.4061499307879624,0.7143432008740791,0.0,0.5169777316501362,0.23907187336672023,0.0005149232864923858,1.4141379051865526,0.9186757262989245,2.939631958295626e-07,-0.4974645272507604,0,0,0,0.00043225254913520795,0.5847472048618086,481,0.5142,-0.04007,0.50606643067508,-0.06788105853904691,0.5301054823502024,0.04229014987571235,0.058687709371803475,1.5981261401039786,0.0005860921037086731,0.0004323422408614977,1.355620728941056,0.00021388147137890024,0.14166342878801594,370,112,8,8,0,0.5142,481,0.5847472048618086,-0.029597,-0.0295967955755585,333.0,374.0,-0.0697275,0.044767,-0.0264207,0.0083201,0.0351683,0.2681857,0.0124903,-0.8680621,-0.4175986,0.8183687,-0.5901812,0.1858543,0.7855853,456.0,374.0,0.0509436,0.0431661,0.0290265,-0.0075818,0.031037,-0.2956613,0.0302813,0.3069842,0.9041173,0.7187409,0.6724367,-0.1756434,0.719012,256,3.705292250827156e-13,2.8036327680603893e-14,5.291706412782311e-14,1.8676901954789127e-09,2.7179425458051238e-06,4.928799233844529e-16,23.346142127683912,7.357028482225475,9.073825368043414,3.1240260396281894,1.0415505560336054,1.3887944657771387,-0.10714328183548805,0.0,0.02043439787939282,0.4148256542901789,0.017206853164929106,2.6573589376592515,0.01869753704251454,-0.001123980508421666,0.0006024309172560848,0.7520198548758636,0.500301215458628,621.4899482202792,289.78475783549857,0.6091702764985487,0.6091702872979442,0.609170287691728,0.7614628591224302,8.972416338671599e-08,838,0.3614,0.3614,0.00944,0.006968,2,0.187,0.9362,0.000421,12.092,6.0459,2.0,0.34087,0.68493,1.70466,0.16374,0.9701,0.9438,0.9729,0.5368,2.2746,1.6362,18.3887,1.5392,6.0258,2.6492,80,0.1566,-0.9526,43,0.2295,-0.931,-1.0,0.0422622,0.047545,-0.058824,0.0013391,-0.0059582,-0.004985,0.0078831,192.0,182.0,0.0801882,0.0508889,0.2235271,-0.0068043,0.0190657,0.0494384,0.0534224,189.0,185.0
35,1415,139296,0.0,2.855181898769178e-05,3.894830304260675e-06,2.855181898769178e-05,0.4426745829758528,8.357724451873871,5.483546049226803,-12.915419651274254,12.506066218086303,0.012626123888352873,12.915419651274254,0.0007128813835569278,12.564910513233974,7.36285673887725,-1.205551772769861,1.2565906267496472,-0.011076530060949637,1.2565906267496472,0.07314015408446142,2.427997038890235,1.052506319441467,0.06049348028519774,1.4556503129579357,0.7033900638666382,0.0,0.5311169175938653,0.24503315093608036,6.557379668625796e-05,1.4141360757109618,0.9099103892217866,1.7683445247898644e-07,-0.5047679887736567,0,0,0,0.00044017448384443255,0.5834103064957941,486,0.4916,-0.04095,0.5075903046658834,-0.0701900738049696,0.5317605664880666,0.03171382631189873,0.057249775570112,1.6223045831214453,0.0006070744730975135,0.0004402814063888847,1.3788328652727762,0.00022238529235993983,0.1480463012748356,366,121,8,8,0,0.4916,486,0.5834103064957941,-0.011125,-0.01112530861402039,396.0,372.0,-0.1090357,0.0272038,0.0006067,0.0271969,-9.07e-05,-0.1541132,0.4414931,0.8628413,0.1919319,0.8129875,0.0223017,0.9997457,-0.0033325,813.0,372.0,0.087762,0.1161437,0.0048259,-0.057592,-0.1007434,-0.6513062,0.2131423,-0.2244191,-0.6928251,0.7169714,0.0415509,-0.4958685,-0.867403,256,8.75069533076557e-13,4.5690191447678617e-14,9.72563125934745e-14,1.654911899137548e-09,2.951436561350337e-06,-6.388965179240853e-16,23.211096273879864,5.893580881303718,7.194722571636033,3.1133280219861286,0.9893900149406325,1.326284192736751,0.11563592495339,0.0,0.053206849796381135,0.5324541343952872,0.02558989147804863,1.3242075866516796,0.1305382852297468,0.001782766167141264,0.012891946940173635,0.7531375591023326,0.5064459734700868,621.4898980190335,289.78473442795047,0.6091702754003006,0.6091702873073886,0.609170287691728,0.7614628591342357,9.852768484873606e-08,849,0.3446,0.3446,0.00842,-0.002464,2,0.1708,0.9395,-0.000173,12.087,6.0433,2.0,0.34078,0.68373,1.71552,0.16395,0.9704,0.943,0.9718,0.535,2.2706,1.6333,18.7387,1.4512,6.0683,2.6726,80,0.1412,-0.9419,43,0.1582,-0.9948,1.0,0.0527498,0.0401162,0.1360414,-0.0365756,0.0029157,-0.0027901,0.0367976,186.0,186.0,0.1154348,0.1220053,-0.027672,-0.0025442,0.0162557,-0.0178012,0.0242405,197.0,175.0
36,1420,139301,0.0,3.1444212768874235e-05,4.2516349965811565e-06,3.1444212768874235e-05,0.44140862004121667,8.359319492166767,5.4840937377856545,-12.914434757406747,12.51170431986518,0.013861821517754546,12.914434757406747,5.449090372344756e-05,12.563803086805258,7.368864055298738,-1.2117645106437307,1.2657008028830685,-0.011556657130242197,1.2657008028830685,0.07538382160815693,2.427401032946617,1.0534104884699456,0.07954409681926944,1.4149539309867236,0.7148557063281894,0.0,0.5452470259671188,0.2542863329273045,0.003831475260645534,1.4141543701181059,0.9098110934343762,4.407620584384803e-05,-0.5118682969522841,0,0,0,0.000510297148341555,0.5837779300137561,488,0.4922,-0.04089,0.5096838485573274,-0.0715217272736681,0.5363127871286716,0.10162144892641005,0.057739490765076014,1.6243420644223578,0.0007113292721711848,0.0005104420869275321,1.3935552933200293,0.00026178317379398487,0.16070752435434085,366,123,11,11,0,0.4922,488,0.5837779300137561,-0.003047,-0.0030473179379248982,396.0,372.0,-0.1105243,0.1111953,-0.0098867,-0.0249677,0.1079039,-0.9894174,-0.1450941,0.0007768,-0.0006216,0.808262,-0.0889126,-0.2245393,0.9704002,813.0,372.0,0.0922677,0.0327641,-0.0140453,0.0285998,-0.0076333,-0.0171156,-0.2195592,-0.4026959,-0.8884463,0.7143568,-0.4286793,0.8729009,-0.2329765,256,8.445464570382274e-13,5.280536983728143e-14,1.0164147936076684e-13,2.0815721184090697e-09,3.2210066673531813e-06,6.820402978939941e-16,17.603442175874427,5.628996782908128,6.945583258355128,3.135636529073765,1.2335620667894376,1.5466711484234248,-0.024590392735172023,0.0,0.031558996388897746,2.8530101258309237,0.032612849401037765,2.256582486122181,0.029985264509612603,-0.001251813090491501,0.0009094037073033199,0.7619988577823991,0.5004547018536516,621.4902070104854,289.78487850270716,0.6091702741551489,0.6091702872474359,0.609170287691728,0.7614628590592949,1.0850881154097378e-07,852,0.3529,0.3529,0.01,0.005394,2,0.1751,0.9333,0.000294,12.082,6.0412,2.0,0.34044,0.68377,1.71639,0.16484,0.9705,0.9431,0.9717,0.5352,2.2705,1.6332,18.8097,1.4511,6.0946,2.6843,80,0.1225,-0.2883,43,0.0619,0.1514,1.0,0.1283985,0.1353865,-0.0264913,-0.0028083,-0.0637975,-0.0371728,0.0738906,186.0,186.0,0.0352731,0.0419571,-0.0865467,0.0124985,0.0023673,-0.0152366,0.0198487,197.0,175.0
37,1430,139313,0.0,3.507662408543115e-05,4.61145898436012e-06,3.507662408543115e-05,0.4337776614804787,8.344346940855992,5.493576516604938,-12.904682561780731,12.586849462807171,0.01990882757791084,12.904682561780731,0.0012217457355559037,12.565287161809604,7.364399708106388,-1.2161508255468647,1.2770616441489535,-0.012869355727298849,1.2770616441489535,0.07620311091652428,2.426618991243506,1.0523301310208104,0.080444594242841,1.4288117183575313,0.7101861396931161,0.0,0.5593859608734826,0.2619298439693658,0.0029483273118607878,1.4141482287997595,0.9100394458160797,5.251123393443788e-06,-0.518896122836868,0,0,0,0.0005478033166594737,0.5846779299346344,494,0.4753,-0.04306,0.5104640793046723,-0.0739926278117264,0.5397463697893261,0.05680306004474795,0.06550150461981638,1.6241194280987883,0.0007699813136950488,0.0005479879949906194,1.4051061715471147,0.00028381536862212976,0.16420698751067644,368,127,7,7,0,0.4753,494,0.5846779299346344,-0.000171,-0.00017088728064784675,396.0,372.0,-0.1168594,0.0536387,-0.0051945,-0.0525108,-0.0096308,0.8291318,-0.3650331,-0.2334282,0.3532741,0.8015345,-0.0968415,-0.9789707,-0.1795499,813.0,372.0,0.0944066,0.0507862,-0.0171775,0.0417288,-0.0232997,-0.2469656,0.3163741,-0.3857907,0.8307111,0.7104784,-0.3382323,0.8216566,-0.4587802,256,1.0795968443938922e-12,7.070514656958697e-14,1.3990398132418298e-13,2.369963742612706e-09,3.535750733910768e-06,-3.818419485841913e-15,20.765848285529515,6.046302535064218,7.565442978082028,3.1340144681904665,1.237346216131603,1.5993357663608312,-0.27405478251423127,0.0,0.012121293232105135,1.699100429856919,0.011952828526510917,0.9026780929787379,0.021610341520379436,0.0024790366305855968,-0.0029114703927347516,0.7593887364226164,0.4985442648036326,621.4902522341478,289.7848995893363,0.6091702725914143,0.6091702872382696,0.609170287691728,0.761462859047837,1.2104365733045228e-07,856,0.3501,0.3501,0.0115,-0.003505,2,0.1675,0.9241,-0.000384,12.08,6.04,2.0,0.34059,0.68564,1.71863,0.1649,0.9706,0.9444,0.973,0.5336,2.28,1.64,18.4321,1.8514,6.2,2.7193,80,0.1465,0.4958,43,0.1691,0.8629,0.0,0.0735461,0.0669098,0.0472478,0.0104881,0.0131201,-0.0417409,0.0449938,186.0,186.0,0.0901441,0.0464388,0.3199916,0.024766,0.0435153,-0.0257771,0.0563152,197.0,175.0
38,1436,139321,0.0,3.667653031966602e-05,4.793016303622137e-06,3.667653031966602e-05,0.4203743103067887,8.316393191662085,5.508290475045795,-12.91310441155774,12.51464211906868,0.02849118702057539,12.91310441155774,0.0025870884127953383,12.561736723378136,7.3427730256527,-1.2216449989820861,1.284866666330616,-0.012633241615397818,1.284866666330616,0.07829032573425122,2.425269279091462,1.0539022327467789,0.0883213922389603,1.4386064088051762,0.7184173054997679,0.0,0.5735264102230906,0.2700917805110457,0.001000357123776885,1.4141507158535118,0.9263133908281654,1.2310693765581786e-07,-0.5257679131359253,0,0,0,0.000650538275082297,0.5850236812642043,500,0.4802,-0.04709,0.5124333828499199,-0.07439821616407102,0.5448836097651222,0.07860201340481358,0.06259170396099571,1.6287722608133552,0.0009107456297107444,0.0006507593061695729,1.3995122637146353,0.00033652727058852325,0.1673321411914167,377,124,7,7,0,0.4802,500,0.5850236812642043,0.00693,0.006930369653783686,396.0,372.0,-0.1192774,0.0732846,0.0026524,0.0443278,0.0582978,0.6431179,-0.3853137,-0.3685275,-0.5496546,0.8032726,0.0361928,0.6048725,0.7954994,813.0,372.0,0.0972589,0.0590416,0.0075881,0.0490839,0.0319233,-0.8116595,0.0730196,-0.4308706,-0.387592,0.7077288,0.1285221,0.8313452,0.5406915,256,2.665257316960973e-12,8.757294722080426e-14,2.2599193010305055e-13,2.848892617400788e-09,3.6986116800739257e-06,-6.858584582915532e-15,22.846544162359365,6.557537337858644,8.267174108311462,3.1381908405794054,1.193755295318962,1.4955379559591637,-0.12805655648921854,0.0,0.025059350804946284,2.223975425071788,0.00633448525075802,1.4205369538136543,0.019913424865910204,-0.004167122681939759,-0.0013573825201510451,0.7522922145982224,0.4993213087399244,621.4905574346265,289.7850418964598,0.6091702719026744,0.6091702871741804,0.609170287691728,0.7614628589677255,1.2656460830290388e-07,856,0.3521,0.3521,0.01138,-0.028124,2,0.1703,0.9164,-0.000109,12.076,6.0379,2.0,0.34022,0.68675,1.71981,0.16448,0.9717,0.9458,0.9734,0.5334,2.4176,1.6117,17.8659,2.3658,6.326,2.6166,80,0.1412,0.9671,43,0.2146,0.9801,-2.0,0.0741722,0.0775322,-0.0221479,0.0181171,-0.0133605,-0.0046599,0.0229879,186.0,186.0,0.1208282,0.0651272,0.2995393,0.0081317,0.0176078,0.0815779,0.0838517,197.0,175.0
39,1447,139336,0.0,4.030164507057029e-05,5.165165455639088e-06,4.030164507057029e-05,0.4245906708260238,8.327496695418116,5.502720285082296,-12.928771860189114,12.519421962767703,0.03973432561033234,12.928771860189114,0.0015253924126100867,12.566285627281557,7.330531241058408,-1.227776815139425,1.2958564551827878,-0.013135357389614093,1.2958564551827878,0.07945417197961539,2.4237816693125156,1.0532873743945441,0.08176100733419944,1.4384026565265966,0.7106940339247981,0.0,0.587666965239267,0.2780695558146809,0.0009313702157240922,1.4141657733589101,0.9250611452919709,1.0282538160075279e-05,-0.5325510452024279,0,0,0,0.0007333377374227946,0.5858075814430702,503,0.4864,-0.04578,0.5127344046894298,-0.07622273976230577,0.5490085907804289,0.029648386429043473,0.0531615712152781,1.6388108071065717,0.0010280215048968744,0.0007335268881877228,1.401477602868438,0.000381275938294915,0.17389376708586385,385,119,9,9,0,0.4864,503,0.5858075814430702,0.008098,0.008097972179289759,396.0,372.0,-0.1251455,0.056206,-0.0044338,0.040601,-0.0386136,0.5123488,0.3345044,-0.6951463,0.377329,0.8047998,-0.0788849,0.7223613,-0.6870017,813.0,372.0,0.099767,0.1088877,0.0085043,-0.017052,0.1072075,0.0697858,0.1093413,0.0268519,0.9911879,0.7058421,0.0781019,-0.1566013,0.984569,256,6.5723056955260315e-12,1.601384766355574e-13,4.679311054392828e-13,3.1159941318974577e-09,4.036248882753152e-06,-5.495149592436927e-14,24.676917726418104,7.014640543225481,8.87067173009335,3.1344705405867543,1.1213649809644104,1.4190443955921292,0.05530936470934526,0.0,0.025668919018911822,0.9562085672936951,0.03383943816386221,2.523747896247688,0.08272363179902803,-0.0012445063618900234,0.000811012218938797,0.7455420295126023,0.5004055061094694,621.4906713865427,289.78509502930376,0.6091702703420868,0.6091702871491753,0.609170287691728,0.7614628589364691,1.3907425109802453e-07,864,0.3412,0.3412,0.01283,-0.013781,2,0.1668,0.9046,-0.000163,12.076,6.0379,2.0,0.34,0.68693,1.72469,0.16439,0.9713,0.9455,0.9735,0.5321,2.4125,1.6083,18.1418,2.2746,6.3528,2.6333,80,0.1881,0.8706,43,0.23,0.9764,0.0,0.0306384,0.0970515,-0.5201121,0.0101785,-0.0530616,0.0155877,0.0562327,186.0,186.0,0.0976701,0.2179619,-0.3811138,-0.032767,-0.0819438,-0.0733102,0.1147294,197.0,175.0
40,1462,139353,0.0,4.399216237655407e-05,5.421167226033994e-06,4.399216237655407e-05,0.4175642752184686,8.312705575027405,5.513430398257365,-12.950406848957039,12.526509510534838,0.03629765724075627,12.950406848957039,0.00035837389280281816,12.564286151431672,7.298264037387684,-1.2313013878587302,1.305943272175996,-0.012254712333704119,1.305943272175996,0.08064998752647337,2.4215052682215568,1.0518973944771461,0.11637324017294948,1.4488257463502578,0.7125307622853406,0.0,0.6018080189265588,0.2853335184581591,0.0014077286044603676,1.4141610958426296,0.926855662511476,7.385956790400924e-07,-0.5391805831855804,0,0,0,0.0008205322357702279,0.5824526208653662,511,0.4702,-0.04421,0.5150894339469888,-0.07761890984983175,0.5527897441203811,0.05233828439298206,0.04951462037509711,1.6633583236178202,0.0011603225924142532,0.0008206514962655005,1.413904194039099,0.0004337327364828463,0.17358507804625323,386,126,9,9,0,0.4702,511,0.5824526208653662,-0.001279,-0.0012787429348755097,396.0,372.0,-0.1303364,0.0636541,-0.0242331,0.0586566,-0.0048991,0.9092122,-0.1088595,0.2171723,-0.338111,0.8011786,-0.3806996,0.9214902,-0.0769651,813.0,372.0,0.1062101,0.0625274,0.0097982,0.0110935,0.0607504,0.538045,0.1667662,-0.7425969,0.3622796,0.6999313,0.1567021,0.1774182,0.9715798,256,1.3391623414973152e-12,1.5909484248505543e-13,2.21627863179408e-13,3.5469634626762685e-09,4.30449519268695e-06,1.1870152437261291e-14,35.60835016376004,10.158605588612776,13.424075523541276,3.1237191104845827,1.2477536115389558,1.5780229754188475,-0.09489175676305199,0.0,0.03428722256669916,0.7483505311856241,0.03256059936961491,0.9781944141709693,0.042879545544325444,0.0008137045530883054,-0.0003567670826807354,0.7570614840743655,0.49982161645865963,621.4908021566991,289.78515600406,0.6091702687533455,0.6091702871197227,0.609170287691728,0.7614628588996533,1.518095784586624e-07,871,0.3358,0.3358,0.0143,0.0026,2,0.1588,0.9037,0.000207,12.072,6.036,2.0,0.34014,0.68906,1.73247,0.16382,0.9714,0.9469,0.9748,0.5301,2.5438,1.5747,18.0975,2.4919,6.474,2.545,80,0.2178,0.6126,43,0.1951,0.816,-1.0,0.0493922,0.0752386,-0.2073837,0.0071316,-0.0203924,-0.0045075,0.0220687,186.0,186.0,0.1169522,0.1121281,0.0210584,-0.028852,-0.0803246,0.0468673,0.0973705,197.0,175.0
41,1468,139360,0.0,4.618985216653351e-05,5.596941688904939e-06,4.618985216653351e-05,0.4094592783693897,8.294083054640096,5.5236328416191744,-12.984897245036121,12.52250659678982,0.028106197827708825,12.984897245036121,1.4982609203737776e-05,12.563076926771437,7.297242303532035,-1.2356204571280232,1.3157929312292214,-0.01192954404125375,1.3157929312292214,0.08117071138167227,2.4188284560962816,1.0519997501551452,0.10797270143020243,1.5397342724066676,0.7168905422164552,0.0,0.6159498991664417,0.2934335038377955,0.0004101334273193258,1.4141538998114245,0.9151837995240847,7.80516748372588e-06,-0.5456561478627481,0,0,0,0.0008489214430346941,0.5816622692206729,516,0.4619,-0.0423,0.515896389135932,-0.0785640106669191,0.555821440660282,0.04039701043702665,0.053460997368330244,1.6601581414555109,0.0012237830788898506,0.0008490061023057291,1.4414302506970242,0.0004618742836835757,0.17447022673450302,388,129,10,10,0,0.4619,516,0.5816622692206729,0.01527,0.01527016836979933,396.0,372.0,-0.1265507,0.0444239,-0.0034399,0.0315657,-0.0310686,-0.8305644,0.3647173,-0.3537455,0.228053,0.791149,-0.0774332,0.7105563,-0.6993667,813.0,372.0,0.1139483,0.0227188,-0.0030775,-0.0154771,0.0163442,-0.162574,-0.54544,-0.1235639,-0.8128942,0.6972238,-0.1354614,-0.6812454,0.7194129,256,1.5171938984214037e-12,2.5473229051968874e-13,3.9280513660950033e-13,3.831360427368528e-09,4.507697029107542e-06,5.77539581073897e-14,37.6051440697757,11.25071240972743,14.714830468057372,3.132338360341715,1.2202930932301141,1.5043713963409227,-0.15029803052909335,0.0,0.025894023605296565,1.1160289308576063,0.02227510204790364,2.205586338674109,0.034592963100951404,-0.0014056193604367777,-0.0013055628621949113,0.7422661428625499,0.4993472185689025,621.4909458450891,289.7852230022559,0.6091702678072567,0.609170287086487,0.609170287691728,0.7614628588581087,1.5939340069860614e-07,872,0.3338,0.3338,0.0142,0.00296,2,0.155,0.8977,0.000357,12.075,6.0374,2.0,0.33973,0.68696,1.73103,0.16575,0.9717,0.9483,0.9759,0.53,2.5568,1.5828,17.5569,2.9743,6.5747,2.5715,80,0.1695,0.1825,43,0.1112,-0.0411,-2.0,0.0382966,0.0550981,-0.1798969,-0.0119774,-0.0187177,0.0043076,0.0226355,186.0,186.0,0.063165,0.0410415,0.2123046,0.0048904,-0.0501713,0.0089125,0.0511909,197.0,175.0
42,1480,139375,0.0,5.064529905124983e-05,5.857099724361077e-06,5.064529905124983e-05,0.4024127397786776,8.278906561563465,5.533997288675481,-12.428252365223601,12.531555657207555,0.02538534086219483,12.531555657207555,0.0005252407048180977,12.565198795989504,7.279346191163899,-1.2357353473457844,1.3263831954753558,-0.011638806899046414,1.3263831954753558,0.08192164055753,2.4156727663694118,1.0494772563698098,0.10613651485503384,1.441979441778701,0.721049033098986,0.0,0.6300909033315217,0.3000507791418357,0.0004604841105081414,1.414138279902935,0.9131593488162554,2.828104688362961e-06,-0.5520480580274857,0,0,0,0.0008413720856395905,0.5828208838910458,523,0.4428,-0.04216,0.5168790401988163,-0.079317435323952,0.5576643051807825,0.04029722685130059,0.050765340600017556,1.6602813704244577,0.0012359422339693826,0.0008414996288432708,1.4687377054085151,0.0004699673860912778,0.17526790532749448,387,137,8,8,0,0.4428,523,0.5828208838910458,-0.004146,-0.004145810702081754,396.0,372.0,-0.1302381,0.0560658,0.0117456,0.0486389,-0.0252918,0.1479868,0.3259964,0.9183485,0.1687078,0.7809218,0.2094969,0.8675323,-0.4511084,813.0,372.0,0.1120145,0.0417698,-0.0045424,-0.0294812,-0.0292394,0.5383131,0.1540332,0.2877899,0.7769619,0.6961601,-0.1087488,-0.7058017,-0.7000126,256,2.0669003895908357e-12,1.200869185385634e-13,2.3304171643962757e-13,3.953753374910116e-09,4.774900255292924e-06,-2.231786101035595e-14,35.585605977575334,8.030953760539573,10.355458366517453,3.1221320780720063,0.9228158027938713,1.2040459440286164,-0.04606697307814972,0.0,0.015819383768286364,2.4722787867533444,0.027417294999200554,1.7053188735558118,0.0603725198268672,-0.0014162180376050923,2.2925986380604896e-05,0.7345054367347723,0.5000114629931904,621.4904880234144,289.7850095317991,0.6091702658892012,0.6091702871891447,0.609170287691728,0.7614628589864308,1.747685262708261e-07,877,0.3279,0.3279,0.01438,0.000302,2,0.1457,0.8701,0.000116,12.074,6.0372,2.0,0.33912,0.68775,1.73208,0.16463,0.973,0.9486,0.975,0.5291,2.568,1.5897,17.0957,3.459,6.6986,2.6085,80,0.0689,-0.5056,43,0.0857,-0.9825,-1.0,0.0686723,0.0841625,-0.1013524,-0.0045965,0.0020724,0.0560287,0.0562551,186.0,186.0,0.0668965,0.0698123,-0.0213288,-0.006304,-0.0440931,0.0309805,0.0542562,197.0,175.0
43,1485,139381,0.0,5.5535489122865545e-05,6.318072622297396e-06,5.5535489122865545e-05,0.40115262504265525,8.281718596091109,5.534635342020535,-12.529478982445431,12.451036369387662,0.02702003651784041,12.529478982445431,0.000762883548960527,12.562852988111706,7.299135942919282,-1.2417254370527615,1.3374631114566031,-0.011432970825688015,1.3374631114566031,0.08325470269105605,2.4118119796569286,1.0513792480428412,0.09854025666081134,1.4461106405067645,0.724621113394349,0.0,0.6442290339631814,0.30910139238120493,0.0003222629135241073,1.4141534655457622,0.9131003970156263,3.987433647051223e-08,-0.5583656497742453,0,0,0,0.0009042662005850583,0.5823721905680806,525,0.4517,-0.03892,0.5186326035027886,-0.07870185312914502,0.5621236274172278,0.04457840681462765,0.058317543522488365,1.6645136348576,0.001351343389419403,0.0009043871609044648,1.4942089492601196,0.0005179630536037256,0.18008175273555202,392,134,9,9,0,0.4517,525,0.5823721905680806,-0.002861,-0.002860621613978598,396.0,372.0,-0.1286121,0.0482613,0.0304786,-0.0318048,0.0197145,-0.364544,-0.3214215,0.5955435,-0.6396279,0.7714813,0.6315339,-0.659012,0.4084949,813.0,372.0,0.1121068,0.0239357,0.0081027,0.0017668,0.0224531,-0.3545164,0.1814446,0.2464802,-0.8835403,0.697058,0.3385201,0.0738145,0.9380595,256,2.6424060181523836e-12,1.361424295004958e-13,3.0031984833868195e-13,4.398556296095915e-09,5.152948288194586e-06,9.001305757292479e-15,28.187778878039953,7.58466625012397,9.664530392186048,3.1303749810909354,0.97316729783336,1.2882179863251078,0.08502102150674314,0.0,0.02228671555113771,2.3331065403620292,0.01491731688070267,1.557547314056595,0.02631026172561946,-0.0029830229765509093,-0.002520255643098066,0.7506386515122548,0.49873987217845095,621.4906742376597,289.7850963587062,0.6091702637840031,0.6091702871485417,0.609170287691728,0.7614628589356771,1.9164370362967791e-07,880,0.3259,0.3259,0.01395,-0.005243,2,0.1479,0.8701,0.000236,12.074,6.0369,2.0,0.33819,0.69252,1.73258,0.16383,0.9731,0.9486,0.9748,0.5293,2.5676,1.5895,17.2153,3.4235,6.7247,2.6191,80,0.148,-0.7548,43,0.1505,-0.6844,0.0,0.0782502,0.069288,0.0607454,0.0152751,0.0443045,0.0292725,0.0552548,186.0,186.0,0.0666689,0.1214208,-0.2910944,-0.0054848,0.0546218,-0.0705223,0.0893701,197.0,175.0
44,1489,139386,0.0,6.19449939898583e-05,6.7927419685782855e-06,6.19449939898583e-05,0.39688220411506203,8.273748275157471,5.539888116579384,-12.696816520007618,12.272792685586161,0.02930279012913835,12.696816520007618,0.0019339082051726604,12.565328576295677,7.27840092567457,-1.244441714659897,1.348478181399066,-0.011220837485738273,1.348478181399066,0.08475747442125,2.4079818790069174,1.0532930028175056,0.10164572451209641,1.4174533737535342,0.7235265174435389,0.0,0.6583694915510601,0.31820858829345716,0.0024726144636793013,1.4141702181748061,0.921551150567701,2.712481732330846e-07,-0.5645831743864398,0,0,0,0.0009641663447146403,0.5820615095128745,528,0.4397,-0.03744,0.5221522369218632,-0.08044127034256326,0.5657060451984554,0.09204109282069352,0.04726078977479686,1.656310553119739,0.0014613700969813557,0.0009642675481984341,1.5155234661911738,0.0005633774156225872,0.18003157449483695,392,137,12,12,0,0.4397,528,0.5820615095128745,0.000189,0.00018933430955314634,396.0,372.0,-0.1275139,0.1042471,0.0340417,0.0274858,-0.0946211,-0.3632704,0.2513879,0.558495,0.7020841,0.7653182,0.326548,0.2636597,-0.9076618,813.0,372.0,0.1118203,0.0265842,0.0052381,-0.0241137,-0.0098899,0.696078,-0.3356817,0.1057875,0.6257812,0.6949664,0.1970364,-0.9070703,-0.3720216,256,1.238765832130822e-12,1.6872305434986648e-13,2.4975385652957743e-13,5.15730474082005e-09,5.568478830112013e-06,-5.770402112633573e-15,26.59865400989599,7.776008189166809,9.947513866496921,3.13455879443465,1.13925475815328,1.441226385177727,-0.0021027327129733986,0.0,0.022816106631000144,1.7275591240332546,0.04314406257307508,1.7551155801260212,0.05563012077213175,-0.0009736341659866803,-0.00010716121356360323,0.7508070248169586,0.49994641939321827,621.486670960812,289.78322973380716,0.6091702610245137,0.609170287673968,0.609170287691728,0.76146285959246,2.1376321206289453e-07,881,0.3229,0.3229,0.01278,-0.006135,2,0.1425,0.8596,0.000128,12.072,6.036,2.0,0.33775,0.70254,1.73194,0.16443,0.9731,0.9494,0.9756,0.5292,2.5741,1.5935,16.597,3.9225,6.7826,2.6349,80,0.2235,-0.4939,43,0.1668,-0.0987,1.0,0.1078156,0.103325,0.0212682,0.0097926,-0.0011018,0.0156834,0.0185224,186.0,186.0,0.088978,0.0598233,0.1959303,-0.0222355,-0.0640225,-0.0317004,0.0748212,197.0,175.0
45,1495,139393,0.0,6.575085852743232e-05,7.251260757688102e-06,6.575085852743232e-05,0.3963638754751156,8.279303901620926,5.53926977387046,-12.342331780973616,12.118049143575027,0.02948157136152003,12.342331780973616,4.558102566143418e-05,12.560217181538913,7.1982747351691705,-1.2447784388497178,1.3593195872313542,-0.011129435336003201,1.3593195872313542,0.08588358699974215,2.4045868736226645,1.053394229492081,0.08254623319355359,1.5141530180467928,0.7226329787845097,0.0,0.6725108159194977,0.3259159844443779,0.0010114065180697462,1.4141605872441458,0.8965068450669508,5.11308950465279e-06,-0.5706472434129892,0,0,0,0.000966964018682283,0.5817153234636118,530,0.4335,-0.03396,0.5235976805108289,-0.08354141273091402,0.5675755805824353,0.0832315152364442,0.05148129255070023,1.6436169863113266,0.0014882264608615191,0.0009670405211908337,1.5389494320557386,0.0005778930637220833,0.18307602572488071,393,138,10,10,0,0.4335,530,0.5817153234636118,-0.005021,-0.005020680588557758,396.0,372.0,-0.1284279,0.1200268,0.0248582,-0.013409,-0.1166564,-0.0748266,-0.0436717,0.0900055,0.9921657,0.7595154,0.2071051,-0.1117163,-0.9719192,813.0,373.0,0.1107339,0.0600013,-0.017785,-0.0497133,-0.0285032,-0.9162024,-0.1072316,0.262896,-0.2827723,0.6932417,-0.2964109,-0.8285376,-0.4750432,256,1.4572386223856873e-11,2.622469542999921e-13,9.85416604061281e-13,5.228569073883289e-09,5.967465246292968e-06,3.1467111645788434e-14,20.77640738025352,5.9019605523598,7.129189672943485,3.0738359357860428,0.7502234832157144,1.0666751177864717,0.0931477450284892,0.0,0.024800029838223228,0.4097591081813872,0.015249922558723676,1.3329077028459682,0.056969891318540335,-0.0017442059421890633,0.0009259261807154538,0.7426577522405657,0.5004629630903576,621.4866990086756,289.78324281180363,0.6091702593860914,0.6091702876728227,0.609170287691728,0.7614628595910283,2.2689668971001698e-07,885,0.317,0.317,0.01327,-0.004417,2,0.1378,0.843,0.000153,12.069,6.0343,2.0,0.33766,0.71367,1.73413,0.16485,0.9732,0.9493,0.9754,0.5298,2.5721,1.5923,16.7312,3.8845,6.8046,2.6455,80,0.1891,-0.2758,43,0.162,0.5047,-2.0,0.1568938,0.1054718,0.1959935,-0.032992,0.0236296,-0.0194626,0.0450069,186.0,186.0,0.0761028,0.0803287,-0.0270142,0.0005923,0.0166838,-0.0473835,0.0502384,197.0,176.0
46,1502,139401,0.0,7.330646008226896e-05,7.731341264244265e-06,7.330646008226896e-05,0.39640359003235165,8.288128697317102,5.537561772740296,-12.648535454860191,12.329845029497829,0.03275940649750184,12.648535454860191,0.0005639222860781131,12.566324028559318,7.143511816043336,-1.248936132437141,1.3705023742493638,-0.01083488227700607,1.3705023742493638,0.08694099293706714,2.4013973497097525,1.0539865863895745,0.07245906649519274,1.4184022124061935,0.7347907479502379,0.0,0.6866520130782006,0.33419263863151605,0.005736962362561382,1.414150831648339,0.8969889940623711,5.355851871408513e-07,-0.5765634271794094,0,0,0,0.001009696727120202,0.5825928907489071,532,0.4304,-0.03225,0.5258842844513926,-0.08565207817949111,0.5707919247961718,0.0900088125666351,0.05223595212497576,1.6408689559339238,0.0015779109299045623,0.001009762924665536,1.562654848341965,0.000616413594017953,0.1942852678673654,391,142,11,11,0,0.4304,532,0.5825928907489071,0.005569,0.005569068244319242,396.0,372.0,-0.1299222,0.1063936,0.0489717,0.0923696,-0.0197292,0.5028298,-0.2910058,0.2268219,-0.7816838,0.75365,0.4602878,0.8681871,-0.1854356,813.0,373.0,0.1125896,0.0719977,-0.0024869,0.0449989,-0.0561479,-0.6095447,0.1678634,0.2664154,0.7275301,0.6904071,-0.0345417,0.6250045,-0.7798565,256,6.9107784455717165e-12,1.2833640688984483e-13,4.652871462299061e-13,8.694163415638117e-09,6.419954882671708e-06,-3.3169164641243205e-14,22.59415769787601,6.4713457668258405,7.874197247272158,3.1403525037778297,1.18271378981375,1.4812003529098514,-0.07011434291461596,0.0,0.04581620952130679,1.0692110804685804,0.027758631240856337,1.0678640671808024,0.05080164128626552,0.001155951130200937,0.0027949526596360162,0.747743934973579,0.5013974763298179,621.486465991815,289.7831341620423,0.6091702561333987,0.6091702876812373,0.609170287691728,0.7614628596015466,2.529700712025466e-07,890,0.3114,0.3114,0.01317,-0.002349,2,0.1343,0.834,0.000135,12.069,6.0345,2.0,0.33745,0.71982,1.73527,0.16367,0.9731,0.949,0.9752,0.53,2.5683,1.5899,17.1953,3.6166,6.808,2.6508,80,0.1312,0.269,43,0.1807,0.7763,0.0,0.1186543,0.101694,0.0769706,-0.0214748,0.0066884,0.0102623,0.0247228,186.0,186.0,0.0777986,0.1193873,-0.2109116,0.0015021,-0.0574636,-0.0295021,0.0646119,197.0,176.0
47,1511,139413,0.0,7.302524053282963e-05,8.152536164461576e-06,7.302524053282963e-05,0.3973479096535855,8.295629206926689,5.53672264000656,-12.259621167965243,11.858792430273724,0.03654224296317956,12.259621167965243,0.0010969467117133078,12.564869584961025,7.107025416669799,-1.2551297262346939,1.379923377017309,-0.010448986469984484,1.379923377017309,0.08816564737938051,2.39845696748124,1.0537369151169562,0.08745573389022399,1.4091063215801687,0.7209248115491051,0.0,0.7007915326686901,0.3421624721436132,5.020215735218603e-05,1.4141502874261562,0.8996978160611293,2.5709410305631704e-07,-0.5824837980462949,0,0,0,0.001090134903013238,0.5823200701744453,535,0.4247,-0.03083,0.5295549705116029,-0.08840033552576072,0.575458352186598,0.05666592699309253,0.041703227856545295,1.6475822360313332,0.0017251271796852252,0.0010902007526157136,1.5823940458178327,0.0006787620386760722,0.20445018301002113,393,143,17,17,0,0.4247,535,0.5823200701744453,0.000182,0.00018163294230211235,111.0,372.0,-0.1347893,0.075297,0.0079161,-0.0458605,-0.0591928,0.389685,-0.7018831,-0.4786035,0.3555902,0.7481733,0.1051312,-0.6090618,-0.7861241,813.0,373.0,0.1128772,0.0438584,-0.0097999,0.031448,-0.0289576,0.5090532,-0.1422796,0.2475525,-0.811997,0.689312,-0.223445,0.7170352,-0.6602522,256,1.4475409774214384e-12,2.2225587045433703e-13,3.1391187927775767e-13,5.893643307201449e-09,6.806877455371769e-06,-1.6242314684322038e-14,21.618711337452893,7.294240561647328,8.702112118048806,3.1114409383482924,0.9758171648538647,1.2629714696213303,0.010874475805339352,0.0,0.005529656324401641,2.604786195510635,0.013438168336251244,1.5916479442543539,0.012450213437536453,-0.001765862982004577,-0.0007727330195172661,0.7522781313924524,0.49961363349024135,621.4864636321018,289.78313306176886,0.6091702562544661,0.6091702876813243,0.609170287691728,0.7614628596016554,2.5199962386100607e-07,896,0.3089,0.3083,0.01296,-0.018128,2,0.1315,0.8236,0.000188,12.071,6.0357,2.0,0.33676,0.72262,1.73589,0.16456,0.9726,0.9493,0.9761,0.5295,2.5661,1.5885,17.4491,3.5261,6.8428,2.6666,80,0.1385,0.9998,43,0.1704,0.9997,2.0,0.0517643,0.0934783,-0.2872022,-0.0057281,0.0211256,0.0219199,0.0309771,184.0,188.0,0.020885,0.0892918,-0.6208821,-0.0007718,-0.0374139,0.009137,0.0385212,197.0,176.0
48,1518,139422,0.0,7.325648153305124e-05,8.688529702571582e-06,7.325648153305124e-05,0.40300638918482723,8.3215192865593,5.528423744316363,-12.723193801060516,12.787389727865266,0.03762974260895755,12.787389727865266,0.004130750359036095,12.565402891816396,7.100811783202063,-1.2612140488284618,1.3913912682550234,-0.010582208540744428,1.3913912682550234,0.08911935996870729,2.3950833434931695,1.0537397357626217,0.1356752740609044,1.4136921215429017,0.7370528705726664,0.0,0.714932761004739,0.35081048503189355,0.0035243100622388557,1.4141549414185886,0.9347714565337097,5.792726664076396e-07,-0.5881993601334806,0,0,0,0.0011612432445817242,0.5838922148199828,535,0.4263,-0.03064,0.5324783847192919,-0.09025122788615303,0.5800078197070819,0.07471774133294397,0.0315057592513592,1.6536733856948378,0.0018643570002923977,0.0011613054400742256,1.6053976292173713,0.0007378597354207123,0.20962892176131875,392,144,17,17,0,0.4263,535,0.5838922148199828,-0.000608,-0.0006082260991921995,111.0,372.0,-0.1383995,0.0416361,0.0324655,-0.0204874,0.016119,0.8307634,-0.2379105,-0.4265231,0.2670369,0.7428827,0.7797443,-0.4920577,0.3871409,813.0,373.0,0.1145003,0.0379357,0.0033845,0.0232441,-0.0297889,0.6918426,0.0232563,-0.590775,-0.4144851,0.6890519,0.0892176,0.6127225,-0.785246,256,5.270134936396341e-12,2.5202388873337344e-13,4.939847089395029e-13,8.506405468738178e-09,7.305418351007105e-06,2.957711334856256e-14,23.745118859105606,7.183630860113286,8.803386245357622,3.137020893575991,0.8924377461709957,1.1830903895865934,0.055140838389804464,0.0,0.028692087748818495,1.868121591417055,0.023867853072686955,1.800697420140111,0.031133991850491205,-0.0015334303876940573,-0.0010961421514480616,0.7420181017321695,0.499451928924276,621.4864985250033,289.78314933143025,0.6091702561549144,0.6091702876802194,0.609170287691728,0.7614628596002743,2.5279758916991574e-07,903,0.303,0.3024,0.0123,-0.002703,2,0.1294,0.8208,-0.000174,12.073,6.0363,2.0,0.33662,0.72268,1.73721,0.16547,0.9718,0.9487,0.9762,0.529,2.5521,1.5799,18.205,3.0209,6.8056,2.6667,80,0.1535,0.5848,43,0.0978,0.2753,2.0,0.0638785,0.0890333,-0.1645048,-0.0270875,0.0614216,0.0202763,0.0701247,184.0,188.0,0.0473583,0.0268747,0.275937,-0.0034343,0.0087422,-0.0121956,0.0153933,197.0,176.0
49,1525,139431,0.0,7.791907767793144e-05,9.245956438438474e-06,7.791907767793144e-05,0.4024796599586453,8.331740942565997,5.527775069072304,-12.997543985598163,12.282822758322306,0.03686054073770084,12.997543985598163,0.0008136231204076694,12.563917798373804,7.0642775043174755,-1.2690608826007943,1.4020957709608424,-0.010878714459093896,1.4020957709608424,0.0894337354683243,2.391435317794882,1.0525600035712357,0.058999813085505615,1.4295311448539514,0.7304437097132076,0.0,0.7290741324840838,0.35893503108924985,0.0024324987073995885,1.4141567658031695,0.9223949173666364,2.7259685357806913e-06,-0.5938942226531448,0,0,0,0.0012170454227996889,0.5852308625192634,537,0.4218,-0.02948,0.5342611317815974,-0.09201053788063666,0.5843074351613838,0.05178921924786023,0.02705889282631222,1.655569120091079,0.0019744222199006138,0.0012170751010674,1.622268188848005,0.0007866077508210244,0.21546686415282312,388,150,13,13,0,0.4218,537,0.5852308625192634,-0.01871,-0.0187103440093761,316.0,378.0,-0.0595129,0.1111599,0.0096211,0.109594,-0.015909,0.5268767,-0.5387538,-0.6465856,0.118627,0.727269,0.0865523,0.9859137,-0.1431181,813.0,373.0,0.1151189,0.0208214,-0.0151806,-0.0126689,0.0065253,-0.9668976,-0.0049809,-0.0699663,-0.2453342,0.6891888,-0.7290864,-0.6084562,0.3133913,256,3.3771986011857167e-12,2.0719396001524563e-13,3.5096763039135544e-13,8.079003217296822e-09,7.858188977099233e-06,4.712224688073324e-14,41.28342939654387,10.964861490497285,14.518942697850436,3.130802775435318,1.0044021232422613,1.3178276813274192,-0.13066495951106183,0.0,0.008478184262643363,1.0199461276486,0.019473997200680177,0.7154012174711369,0.015962532310682367,-0.0006816407932323693,0.0013846196422307756,0.7512917173456791,0.5006923098211153,621.486446775949,289.7831252021789,0.6091702541476638,0.6091702876818366,0.609170287691728,0.7614628596022956,2.688875607355261e-07,908,0.296,0.2954,0.01152,0.000877,2,0.125,0.8062,9.4e-05,12.074,6.037,2.0,0.33762,0.72707,1.73747,0.1661,0.9718,0.9484,0.976,0.5292,2.5483,1.5775,18.3475,2.9816,6.8223,2.6772,80,0.1148,0.1857,43,0.1158,-0.8856,1.0,0.1121652,0.1377726,-0.1024549,-0.0501175,-0.0229821,-0.0286618,0.0621405,196.0,182.0,0.0347005,0.0711681,-0.3444615,0.0192281,0.0374685,0.0229011,0.0479382,197.0,176.0
50,1528,139434,0.0,8.199973246064734e-05,9.81570472087867e-06,8.199973246064734e-05,0.39924624782468904,8.329248540815845,5.531029090632438,-12.59832466119674,11.676349176815444,0.04072230306207551,12.59832466119674,0.002432596908052531,12.564353140456195,7.049412909614822,-1.2699482135308542,1.4130937947052054,-0.01117432699277006,1.4130937947052054,0.09000727220632194,2.387245414024181,1.0527290932808344,0.05399790911384772,1.4044545750500268,0.7215047367205233,0.0,0.7432154520112103,0.3677272175844569,0.0004855233475774545,1.4141548460843592,0.9236298994783518,8.616812795640736e-06,-0.5994112157822791,0,0,0,0.0012319767432566195,0.5861223426636945,539,0.4161,-0.02895,0.535526419714987,-0.09192781125598609,0.5873046716850266,0.04930286902473169,0.03371614960097795,1.645058252500122,0.0020293331334495387,0.001231978079493481,1.6472152932168116,0.000813398894790986,0.21772240262545534,388,152,17,17,0,0.4161,539,0.5861223426636945,-0.008961,-0.008960565479178229,316.0,378.0,-0.0551853,0.0640211,-0.05019,-0.0397257,0.0012381,0.3532898,-0.4394894,-0.6279207,-0.5364242,0.7198755,-0.78396,-0.62051,0.0193393,813.0,373.0,0.1137846,0.0443577,0.0208205,0.0188263,-0.0343465,-0.6723695,0.0714268,-0.3159308,0.6655864,0.6887075,0.4693776,0.424421,-0.7743071,256,4.206174386412712e-12,1.9381934970700076e-13,3.9115403471832e-13,8.41920423219986e-09,8.389317766091283e-06,3.34900079545534e-14,30.9250151899948,8.575253768210816,10.889647256504958,3.1244102932917595,1.251218565311115,1.579484521790266,0.048335685164060505,0.0,0.009398733977734722,2.5069890295176043,0.025190753867762334,2.283326154119873,0.03217702998876817,0.0018545630815231195,-0.0012933645679489528,0.7394267514883854,0.49935331771602554,621.4864166816208,289.78311116996866,0.609170252390943,0.6091702876827185,0.609170287691728,0.7614628596033981,2.8296932878380003e-07,909,0.3068,0.3062,0.00894,-0.00516,2,0.128,0.8049,-0.000138,12.072,6.0359,2.0,0.33802,0.72873,1.73408,0.16481,0.9721,0.9486,0.9758,0.5295,2.5517,1.5796,18.2263,3.1071,6.8585,2.6878,80,0.0863,-0.5997,42,0.1588,-0.9891,0.0,0.0764189,0.0717665,0.0313961,0.0189944,-0.0214497,-0.0235425,0.0370827,196.0,182.0,0.0506463,0.0891326,-0.2753372,-0.029454,-0.0396811,-0.01735,0.0523751,197.0,176.0
51,1536,139443,0.0,8.565455263408772e-05,1.0353776168034083e-05,8.565455263408772e-05,0.401526845004365,8.341491249835382,5.528091288430655,-13.13695429213722,11.233805676341337,0.040470066619378915,13.13695429213722,0.0017425529501638132,12.563450193397971,7.057810147471602,-1.277757855362773,1.4234278660484183,-0.010982372255373648,1.4234278660484183,0.09044692109284745,2.3814034286806507,1.052944867624446,0.11207615267065696,1.3681119895112133,0.7337707768085749,0.0,0.7573567430280125,0.3756058155975002,0.003756256123525925,1.414152302815862,0.9106795863006883,2.2606951137060846e-05,-0.6047964583907504,0,0,0,0.00126893932648336,0.5878663252705877,541,0.4082,-0.02825,0.5389437308642852,-0.09164637113443383,0.5905041890214121,0.039233731495468924,0.03713046581516353,1.646846075017125,0.00211889103283317,0.0012689402237291186,1.6698115429001412,0.0008536731735331042,0.21440423227824085,387,155,20,20,0,0.4082,541,0.5878663252705877,0.012921,0.012920563981054123,208.0,372.0,-0.1311176,0.0447563,0.0081486,-0.0419007,-0.0134558,-0.7472971,-0.0028636,0.3801053,-0.545031,0.7246561,0.1820664,-0.9361966,-0.3006454,813.0,373.0,0.1165215,0.0709315,0.0096287,-0.0692829,0.0117663,-0.0345927,0.4564211,0.1754593,0.8716061,0.6863714,0.1357461,-0.9767578,0.1658828,256,3.093710735920422e-12,2.0405294403296802e-13,3.716714248842865e-13,8.66303708859531e-09,8.904243542815306e-06,-1.0237747978283075e-14,31.001225720724975,7.167278558287142,9.346237681447763,3.135724324721749,1.0391512718895064,1.3304405475458365,-0.1442669472308682,0.0,0.02410865219764807,1.7065570271417025,0.03396931734973642,1.5443339584331304,0.04237807737663007,-0.002948921863695378,-0.0020082617322961373,0.7417309949070022,0.49899586913385197,621.486438197244,289.78312120214963,0.6091702508175515,0.6091702876820921,0.609170287691728,0.7614628596026152,2.955815793506345e-07,915,0.304,0.3034,0.00845,-0.001389,2,0.1243,0.7794,-2.3e-05,12.076,6.0382,2.0,0.33842,0.72524,1.73618,0.16462,0.9714,0.9488,0.9767,0.5299,2.5462,1.5762,18.5751,2.9273,6.8707,2.6984,80,0.0682,-0.9827,42,0.1316,-0.9726,-2.0,0.0478857,0.1014775,-0.3588019,-0.047762,0.0523288,0.0207483,0.0738242,186.0,186.0,0.0922752,0.0608918,0.2048962,-0.0039123,-0.0225176,0.0346513,0.0415098,197.0,176.0
52,1545,139456,0.0,8.942140217376839e-05,1.055544710870618e-05,8.942140217376839e-05,0.40510482100412815,8.356231263588235,5.52381783348654,-12.752920713148418,11.271859285709386,0.03784623520775442,12.752920713148418,0.0015944430487042638,12.565201553819703,7.074696556187159,-1.284369797240421,1.4328833820852596,-0.010929616606341631,1.4328833820852596,0.09106096405410069,2.3739828219260692,1.0541815068147873,0.12554112721459032,1.3824673548669069,0.7383528854218198,0.0,0.7714973456713123,0.3826751102891603,0.0030702517980274457,1.414149929174003,0.9109665743097924,3.4704014943636763e-07,-0.6101866781777893,0,0,0,0.0013372743568436899,0.5888451536835949,543,0.4,-0.02664,0.5428124711607776,-0.09403770208507117,0.5948494449149138,0.05850283708408457,0.04765931557543018,1.6541812353747207,0.0022549138131444063,0.0013372710282425393,1.686205537637233,0.0009128514514997953,0.22431572812788536,385,159,20,20,0,0.4,543,0.5888451536835949,0.002163,0.002163142464561396,208.0,372.0,-0.1273334,0.0518307,-0.0391648,0.0141422,-0.0308632,-0.4402097,-0.1910864,-0.1063311,0.8708588,0.7216102,-0.7556297,0.2728542,-0.5954614,813.0,373.0,0.1201867,0.0705337,0.0550414,0.040596,0.0172455,0.1409538,-0.6065904,0.3267297,0.7109345,0.682131,0.7803566,0.5755549,0.2444997,256,2.9097357002783366e-12,1.5161776346674026e-13,2.947844691987448e-13,8.60799999797592e-09,9.196061702553277e-06,2.7790902365774313e-14,25.104923326692123,6.184566429095108,7.601069715765199,2.9525469706180103,1.055490396671404,1.36589917585768,0.04131113666055122,0.0,0.007898004623716927,1.1739600337858396,0.00814262530491266,2.1712256041231988,0.03623534377855847,-0.0040093932276622415,-0.0018670230852853792,0.7400487804789161,0.4990664884573573,621.4864094838196,289.7831078138193,0.6091702491959222,0.6091702876829237,0.609170287691728,0.7614628596036546,3.085804512498365e-07,922,0.3034,0.3028,0.00709,-9.7e-05,2,0.1216,0.7682,-0.00029,12.079,6.0396,2.0,0.33894,0.72438,1.73775,0.16513,0.9709,0.9485,0.9769,0.5294,2.5392,1.5719,18.8625,2.7983,6.8786,2.709,80,0.1065,-0.5659,42,0.0912,0.2255,-1.0,0.0771172,0.0479072,0.2336343,-0.0185738,-0.0262521,-0.0015185,0.0321941,186.0,186.0,0.0811596,0.0888509,-0.0452399,-0.0014105,0.0304145,-0.035862,0.0470438,197.0,176.0
53,1549,139462,0.0,8.885529833659553e-05,1.0711853367208957e-05,8.885529833659553e-05,0.40346231393791115,8.357439453446482,5.526456970330175,-12.428686812581413,12.547871005786561,0.03633611770904888,12.547871005786561,0.0007551260669457485,12.56535304784873,7.081630598533852,-1.2902340172683384,1.4471802362137272,-0.011244150473571423,1.4471802362137272,0.09203894783427004,2.365736949326358,1.0559948867810396,0.1253676966727555,1.3706684328714527,0.7261083211802303,0.0,0.7856373238842238,0.3906907325328529,0.0006027725675638029,1.4141574627528148,0.9073592868547136,6.547071931615148e-06,-0.6154748959471055,0,0,0,0.0014288023173120589,0.5899174148876801,545,0.3954,-0.02451,0.5462765147878784,-0.09495585599104803,0.599607357433382,0.10747521741821085,0.045080713037566944,1.647671721271407,0.0024345341514604877,0.00142879760823871,1.7039041340932515,0.000989626882216155,0.2300071334138775,385,161,23,23,0,0.3954,545,0.5899174148876801,-0.001126,-0.0011262799199027729,219.0,372.0,-0.127196,0.1021128,0.0663087,-0.0422556,0.065151,-0.6051779,0.2333453,0.6825417,-0.3368183,0.7198456,0.6493667,-0.4138128,0.6380297,813.0,373.0,0.1188719,0.0861688,0.0387407,-0.0688432,0.0344215,0.6678118,0.1011462,0.3463484,0.6510296,0.678398,0.4495906,-0.798934,0.3994656,256,1.331190000838275e-12,1.1399566125126983e-13,2.1268868436701142e-13,1.0585144961838456e-08,9.385330684477406e-06,-2.4123187307979914e-14,25.103208955205382,6.402099019822353,7.818998005311961,3.1370027091925996,1.2795768700630799,1.641277441973476,-0.05316223206369103,0.0,0.055644477709258115,0.5744972472138504,0.03172260341629621,1.7559907857329875,0.07699209037297285,-0.0034090277575641367,0.001985733440582605,0.7455655370688948,0.5009928667202914,621.4863949762016,289.7831010492907,0.6091702494396265,0.6091702876833295,0.609170287691728,0.7614628596041618,3.066269151474146e-07,924,0.3074,0.3068,0.00634,0.0078,2,0.1217,0.7573,1.1e-05,12.083,6.0413,2.0,0.33871,0.72535,1.73663,0.16595,0.9711,0.9486,0.9769,0.5294,2.54,1.5724,18.7961,2.8856,6.9078,2.7196,80,0.0795,-0.2268,42,0.1492,0.8877,2.0,0.0740936,0.1367126,-0.2970455,-0.0048318,0.0379372,-0.0455537,0.0594787,187.0,185.0,0.1637688,0.1355463,0.0942901,-0.0311656,-0.1134345,-0.0515385,0.1284325,197.0,176.0
54,1558,139472,0.0,9.098301066352031e-05,1.09412536458386e-05,9.098301066352031e-05,0.4065686651269708,8.372333394589583,5.522210515464712,-12.380654518361153,12.527410333847694,0.04190470432567395,12.527410333847694,0.0012757408095751543,12.566040152790857,7.010717589907345,-1.2973266974785365,1.454701881235167,-0.011428693695513225,1.454701881235167,0.09345222930092834,2.3577117536703156,1.0555775938487644,0.07251670832328883,1.4318244380720893,0.7328504121782243,0.0,0.7997792946035939,0.39754910678162647,0.001011792594614258,1.4141595970554766,0.9179328472662677,9.099572686895517e-08,-0.6205797921683127,0,0,0,0.001527334278031808,0.590011261272709,547,0.3876,-0.02587,0.5516582792748431,-0.0967724832707257,0.6045703319402828,0.07064358616333045,0.03847364854736065,1.647098182363833,0.002628155013873551,0.0015273504495842737,1.7207282157077328,0.0010745281208362548,0.2418910131655078,384,164,23,23,0,0.3876,547,0.590011261272709,0.00161,0.0016097859817354454,219.0,372.0,-0.1337168,0.0729262,-0.0170049,-0.0512352,-0.0490308,-0.0533121,0.2343114,-0.346455,0.9067662,0.7141258,-0.23318,-0.702562,-0.6723346,813.0,373.0,0.1157297,0.0013396,-0.0004573,0.0012393,-0.0002229,-0.9186975,0.092963,-0.0780934,0.3758379,0.6755921,-0.3413586,0.9250918,-0.1663715,256,2.687304046491025e-12,1.5798384538160038e-13,3.1063367013238e-13,1.0274020677613617e-08,9.688778351008496e-06,1.111476162869539e-14,23.00323553795202,7.06114821441424,8.53989029073544,3.1157790940205428,1.1095151447047114,1.4360304253464735,0.034056823245797105,0.0,0.020362502375830396,1.499586924860105,0.005323605413672144,1.1723166783453296,0.01142528026219153,0.0015272516918813591,-0.004055062738554791,0.7350399026921351,0.49797246863072264,621.4864158731649,289.7831107930065,0.6091702485236501,0.6091702876827418,0.609170287691728,0.7614628596034273,3.1396933525401324e-07,931,0.2993,0.2987,0.00349,0.003,2,0.1163,0.7588,-0.000143,12.08,6.04,2.0,0.3395,0.72583,1.73941,0.1655,0.9707,0.9483,0.9769,0.5315,2.4121,1.608,19.1034,2.7394,6.9011,2.861,80,0.0742,0.7777,42,0.1985,0.9244,1.0,0.0574864,0.085462,-0.1957035,0.0041613,0.0118455,0.0213995,0.0248107,187.0,185.0,0.0870808,0.1126571,-0.1280493,-0.0042041,-0.0941497,0.0282534,0.0983875,197.0,176.0
55,1564,139480,0.0,9.651776463239585e-05,1.1473165674091122e-05,9.651776463239585e-05,0.40111084601934943,8.363443870052935,5.528521846521253,-12.591640189401858,12.511151707164892,0.03918279247820336,12.591640189401858,0.0008943074945002502,12.563268291916277,6.985785415334661,-1.2990009872552224,1.470831799838964,-0.01134362682105594,1.470831799838964,0.09382628426376816,2.35319109646487,1.0540737078569613,0.13889789376280015,1.4806228933955223,0.7305693094631698,0.0,0.813920422383886,0.4051475997418233,0.001928480136949129,1.4141612508742427,0.8918387144228754,1.1031990655839132e-05,-0.6256650364734327,0,0,0,0.0015016447087444881,0.5913243468346138,551,0.3733,-0.02444,0.5547073763206903,-0.09657120529007643,0.6061937780469437,0.04849751353473835,0.04376449154176405,1.642471325087287,0.0026241876372607915,0.00150166020169971,1.7475242630060428,0.001077280582604014,0.2505739593723583,382,170,22,22,0,0.3733,551,0.5913243468346138,-0.002003,-0.002002911177175548,219.0,372.0,-0.1284083,0.0510724,0.0491403,0.0109037,0.0086446,0.4194361,-0.2560867,0.7806989,0.386008,0.7087952,0.9621694,0.2134958,0.1692621,813.0,373.0,0.1134432,0.0384862,-0.0066948,0.0075322,0.0371434,0.8179958,0.0327926,-0.5691847,-0.0763963,0.6750851,-0.1739542,0.1957124,0.9651096,256,4.439290785957689e-12,3.227362983648816e-13,5.2116517861803e-13,1.2068393761315657e-08,1.0219342785302642e-05,-5.716798625581652e-14,24.707337616418698,6.692140696803313,8.201073233132208,3.112386950374515,1.1957792105398872,1.5132328382627982,-0.06140254021994744,0.0,0.016956416312998247,2.6297308941733957,0.014649551966843814,1.720365011962812,0.039679562800666805,-0.0004228023208417819,-0.0006679315214246239,0.7388637273333455,0.4996660342392877,621.4864224039248,289.78311383813167,0.609170246140949,0.6091702876825539,0.609170287691728,0.7614628596031923,3.33068974772316e-07,933,0.2997,0.2991,0.00117,-0.010303,2,0.1122,0.766,-0.000136,12.083,6.0413,2.0,0.33943,0.72649,1.73848,0.16541,0.9712,0.9489,0.9771,0.5313,2.5399,1.5723,18.9403,2.9373,6.9746,2.746,80,0.1033,0.9969,42,0.159,0.9887,-1.0,0.0326947,0.1004573,-0.5089121,-0.0501203,-0.0388271,-0.0142455,0.0649809,187.0,185.0,0.0278584,0.0772561,-0.469942,0.0034729,-0.031752,-0.0180336,0.0366805,197.0,176.0
56,1568,139485,0.0,9.744082702895114e-05,1.187793426867482e-05,9.744082702895114e-05,0.39578818947052574,8.356544380996965,5.533866642562071,-12.85009415598719,12.129696109052894,0.035392723864486476,12.85009415598719,0.0005730791765810039,12.560974137027841,6.9622240086015985,-1.3036360443945907,1.4859051854474619,-0.011666051064476986,1.4859051854474619,0.09500644090659696,2.348085712674978,1.0561343500541385,0.09671319587184812,1.3588147625723863,0.7471884482557642,0.0,0.8278264266874529,0.4134370800752154,0.002810289436445901,1.4141521412413929,0.89274444384582,8.860210088898932e-07,-0.6306375335529237,0,0,0,0.0016518680541338432,0.5908990496762287,554,0.3696,-0.02273,0.5582104773924528,-0.09615970313726446,0.6123574146210308,0.04942329045248172,0.04537542932161648,1.649077815383907,0.0028877562003667614,0.001651881517264944,1.7481618204361786,0.001189858952413716,0.25669833664357455,382,173,23,23,0,0.3696,554,0.5908990496762287,-0.012197,-0.01219690801059281,219.0,373.0,-0.1111416,0.0333828,0.0283968,-0.0126557,0.01216,0.7567259,-0.0477635,-0.6378154,-0.1351887,0.710411,0.8506418,-0.3791081,0.3642605,813.0,373.0,0.1107102,0.0602554,-0.0303327,0.0161582,0.0494929,-0.8990114,0.3052319,0.1905377,0.2496144,0.6732116,-0.5034025,0.2681624,0.8213859,256,2.623393237148943e-12,3.290697814719273e-13,4.6121471799176e-13,1.0912117695734173e-08,1.0656879878385274e-05,4.9435508780465926e-14,15.391568489881031,5.358061775265796,6.45285609310072,3.1141925758799593,0.9800600041399034,1.3072483090690628,-0.021323338425573598,0.0,0.024718193178560745,1.0484495657216089,0.018821732045194325,0.8291750762503604,0.0563529077070535,0.0036795525504652654,-0.0004372639906072891,0.7489899969329529,0.4997813680046964,621.4864476899471,289.78312562835265,0.6091702457435698,0.6091702876818073,0.609170287691728,0.761462859602259,3.3625431714722814e-07,934,0.2981,0.2963,0.00051,-0.008865,2,0.1106,0.7444,-0.000344,12.081,6.0407,2.0,0.3392,0.72542,1.73663,0.16607,0.9714,0.9496,0.9775,0.5319,2.5458,1.576,18.7421,3.1347,7.0313,2.7619,80,0.1119,0.6784,41,0.0392,0.5926,-0.0,0.0543665,0.0319429,0.2598057,0.0198941,0.0110162,-0.012882,0.0261358,188.0,185.0,0.0937112,0.0671223,0.1653195,0.0271092,0.0003611,0.0532232,0.0597306,197.0,176.0
57,1568,139485,9.329649325814116e-15,0.00010057085790236252,1.250068560088579e-05,0.00010057085790236252,0.39458463969334256,8.360878284516582,5.53386393238314,-13.549861383828883,12.117109798576418,0.03780273282910173,13.549861383828883,0.004043565839160143,12.561904548560298,6.933901270065713,-1.3105719669875713,1.513008300387293,-0.011850356955640363,1.513008300387293,0.09624386778445418,2.3423622167996143,1.0591075133803949,0.07086835801822589,1.386381243918649,0.7354150927515591,0.013096561389250104,0.8419674370395352,0.42332127355055005,0.0008032851768596805,1.4141667687543735,0.8990882506619285,1.7138016959903836e-05,-0.635563171179399,0,0,0,0.0018033537663419588,0.5920357590193793,554,0.3707,-0.023,0.5628065099639405,-0.09764716000789575,0.6179431588739452,0.05005634537735099,0.04855921809460229,1.6439349812395827,0.0031574842296258443,0.0018033820708673416,1.7508681497023222,0.001308251480194273,0.2587040478365921,382,173,28,28,0,0.3707,554,0.5920357590193793,0.002811,0.0028112608125856475,219.0,373.0,-0.1038998,0.0359899,0.0114621,0.0235924,-0.0246433,0.0904177,0.824093,0.3824404,-0.4079642,0.7117144,0.3184798,0.6555289,-0.684728,813.0,373.0,0.1071364,0.0179724,0.0149183,-0.0019874,-0.0098235,0.784901,-0.18861,-0.300828,-0.5077984,0.6707591,0.8300678,-0.1105804,-0.5465888,256,2.8388418021986863e-12,2.0627226872587445e-13,3.3594833048177266e-13,1.238158461375745e-08,1.1267554907604017e-05,1.3688683715918563e-14,23.696518890700446,5.695327796305651,6.932055261861714,3.088397177047842,1.0717574567508166,1.3936602111796499,-0.10175069366624175,0.0,0.027930111010825685,1.6161750137501676,0.023041870384534605,1.3662145780667987,0.04018401143640714,0.0015150521574479054,-0.00015269301946725764,0.7484225218297694,0.49992365349026635,621.486461783174,289.78313219966145,0.6091702443960976,0.6091702876813812,0.609170287691728,0.7614628596017264,3.4705559684912543e-07,934,0.2988,0.2975,-0.0001,-0.006766,2,0.1114,0.7546,8.5e-05,12.082,6.0412,2.0,0.34023,0.72106,1.73289,0.16569,0.9714,0.9496,0.9775,0.5319,2.5444,1.5751,18.7799,3.0982,7.0273,2.7619,80,0.0839,0.1614,41,0.1158,-0.7365,0.0,0.100928,0.0934615,0.0384102,-0.0872338,0.0218693,0.0053674,0.0900933,188.0,185.0,0.0466924,0.0329299,0.1728469,0.0058176,0.0017565,-0.0375297,0.0380186,197.0,176.0
58,1575,139492,0.0,0.00010556290462755076,1.3148861521462287e-05,0.00010556290462755076,0.3951711291333212,8.370959664887659,5.53325127792218,-12.565005655886,12.489893886353272,0.048972070156308334,12.565005655886,0.0011168343252837545,12.562604431415995,6.909890385681496,-1.3215587203671895,1.5311494868800233,-0.012069887573223755,1.5311494868800233,0.09737833121112735,2.336806812246104,1.0595775752037524,0.10664709608039982,1.3571456032935465,0.7263853249685908,0.0,0.8561046815662524,0.43033645582908264,0.007224155869793969,1.4141965287855431,0.969776224312352,1.7323770611951373e-05,-0.6403407052310839,0,0,0,0.0018929020688803746,0.5935996813916433,556,0.3673,-0.02306,0.5665872908555116,-0.09500691392475318,0.6235998807995995,0.03714186708347765,0.048738462621580034,1.6598157738439068,0.003362520491160628,0.0018929812859910364,1.7763094205129666,0.0014030512795333767,0.2582715263222011,381,176,28,28,0,0.3673,556,0.5935996813916433,-0.012174,-0.012173989593811552,219.0,373.0,-0.0985836,0.0386696,0.0179424,-0.0308743,-0.0148385,-0.9938849,0.0274713,-0.027449,-0.1033668,0.7046606,0.4639927,-0.7984149,-0.3837244,802.0,373.0,0.1131732,0.080821,0.0076474,0.0373406,-0.0712688,0.2596859,-0.2046975,0.4327027,0.8387077,0.6738024,0.0946209,0.4620156,-0.8818098,256,2.407319188569641e-12,4.432350676240171e-13,6.170776596323271e-13,1.3890976460874862e-08,1.1879595692689353e-05,-8.277656422537383e-15,15.23712184105851,5.55648829366948,6.625950121579437,3.123070760283037,0.9223993485474755,1.300807990615538,0.28133526677370513,0.0,0.03732962809699941,2.4871044195291008,0.022028926354599604,1.4159564825347297,0.06096463161129221,-0.0006582398233521335,-0.0007671539802802774,0.7397985663910666,0.49961642300985987,621.486517756647,289.78315829865045,0.6091702422470321,0.6091702876795926,0.609170287691728,0.7614628595994907,3.6428240083834567e-07,939,0.2964,0.295,0.00034,0.02359,2,0.1094,0.7392,-5.6e-05,12.089,6.0443,2.0,0.34154,0.71974,1.73556,0.1655,0.9717,0.949,0.9766,0.5308,2.5401,1.5724,19.0384,2.972,7.0423,2.7724,80,0.0629,-1.0,41,0.1435,-0.9981,-0.0,0.0811453,0.0618961,0.1345706,0.0179174,0.0280068,-0.0488494,0.0590904,189.0,184.0,0.1409158,0.0614734,0.3925231,-0.0027329,-0.0146735,-0.0838708,0.0851886,198.0,175.0
59,1584,139504,0.0,0.00010883286046339283,1.3775432743009517e-05,0.00010883286046339283,0.3874134039004401,8.356497189621015,5.541596663065909,-12.752129115996096,12.267088788335968,0.050816254096732606,12.752129115996096,0.001684567622546828,12.565837310120731,6.877542836286144,-1.3272698337620619,1.5465265257845806,-0.012444247801422639,1.5465265257845806,0.09864482857090698,2.329997780078943,1.0593797293246248,0.07014592140476394,1.3676503090212673,0.7475535077643145,0.0,0.8702431083647276,0.4369614868307569,0.0010566815055981227,1.4141660394950166,0.8824467343515978,9.51393923839524e-07,-0.644927868104024,0,0,0,0.0019560036540647225,0.5937820896121866,562,0.3541,-0.02079,0.5712709009968453,-0.09523066517541665,0.6281327581302592,0.04086127935824576,0.05767990245412847,1.6689052431189837,0.0035419064223962647,0.001956096157188782,1.8107015901951065,0.001491767516024734,0.2648092061446871,385,178,28,28,0,0.3541,562,0.5937820896121866,-0.013147,-0.013146690400674288,219.0,373.0,-0.0925186,0.0592402,-0.018636,-0.0448118,-0.0339707,-0.0132712,-0.458002,-0.3446189,-0.8193265,0.7010969,-0.314584,-0.7564418,-0.5734394,802.0,373.0,0.1136791,0.0761198,0.0185815,-0.0673575,-0.0301978,0.4695115,-0.3417491,-0.1599812,-0.7982309,0.673698,0.2441092,-0.8848888,-0.3967146,256,4.67703166349571e-12,6.603005807052796e-13,9.329582026091862e-13,1.7167210881530854e-08,1.2465234603566347e-05,-7.629996687375984e-15,15.335016788356718,5.761296491278959,6.899335969489421,3.13504972776543,1.0615847459635646,1.432638320049842,-0.0006037973508209102,0.0,0.018626654821774502,0.17861173399935118,0.05040105217966608,0.4576746017751824,0.0651629062548763,0.003834716469867274,6.39060746547015e-06,0.7388965286034658,0.5000031953037327,621.4865466728892,289.78317178154947,0.6091702408393264,0.6091702876786127,0.609170287691728,0.7614628595982659,3.7556653063841655e-07,942,0.2963,0.2949,-0.00072,0.022508,2,0.1055,0.7229,0.000388,12.088,6.0438,2.0,0.34212,0.72204,1.74111,0.16679,0.9729,0.9494,0.9759,0.5303,2.6727,1.5388,18.5634,3.4364,7.1543,2.6768,80,0.1255,-0.8604,41,0.1251,-0.9079,-1.0,0.1235969,0.0373761,0.5356229,0.0121716,-0.0258401,-0.0529017,0.0601203,190.0,183.0,0.0807392,0.0710451,0.0638677,0.0006661,-0.01518,0.0001601,0.0151954,198.0,175.0
60,1585,139505,0.0,0.00012055518912097736,1.4309792732195633e-05,0.00012055518912097736,0.3869796836875322,8.363885235230288,5.5405028128253955,-12.453323954169159,12.502090893656257,0.05322140886547558,12.502090893656257,0.007327274976362066,12.565437018086438,6.865855279477296,-1.3366023765840458,1.5668782377598953,-0.012462009336384017,1.5668782377598953,0.09986552895813754,2.3254305436534564,1.060898276666854,0.07628670291990658,1.4249658560614331,0.7469671349346505,0.0,0.8843847149454879,0.44600946249530776,0.0018444980071906647,1.4141579718711148,0.8901394093169951,2.054730470245351e-05,-0.6495422647649057,0,0,0,0.002060171564209974,0.5952973302380813,562,0.3619,-0.01758,0.5751469795045123,-0.09485228909348471,0.6337200888106322,0.05497230812741577,0.04771611767619845,1.665977421820457,0.0037785632065494624,0.0020601947000038834,1.8340806364283628,0.0016017508716379056,0.26594968924314283,390,173,32,32,0,0.3619,562,0.5952973302380813,0.007672,0.0076715294140985435,219.0,373.0,-0.0872735,0.0885787,-0.0195048,0.01384,-0.0852889,-0.2526049,-0.4294521,0.823104,0.2725095,0.6985294,-0.2201976,0.1562455,-0.9628605,813.0,374.0,0.1045165,0.0294605,0.0031547,-0.0090793,-0.0278484,0.7320747,0.1193808,-0.497823,-0.4494299,0.6680108,0.1070832,-0.3081851,-0.9452805,256,7.230506834187737e-12,6.571736972372012e-13,1.0534493560496383e-12,1.647920835334463e-08,1.3016468574006982e-05,7.541501268062767e-14,22.17801250028084,6.47055948825335,8.113047784514377,3.112864748329907,1.1994615071887917,1.5213246604174633,0.12109179794341898,0.0,0.02724801796537788,1.7084488256947563,0.014953672486390112,1.450912915590904,0.0311622863531825,-0.003496122387857568,0.0012686592973490411,0.7285250766647539,0.5006343296486745,621.4865626440896,289.78317922850897,0.6091702357928795,0.6091702876780553,0.609170287691728,0.761462859597569,4.160185882490901e-07,943,0.2967,0.2953,-0.00157,0.000504,2,0.1078,0.7078,0.000245,12.092,6.0459,2.0,0.34169,0.72153,1.73793,0.16626,0.9729,0.9492,0.9757,0.5306,2.6691,1.5368,18.684,3.3451,7.1447,2.6768,80,0.1311,-0.6681,41,0.0795,-0.2689,-1.0,0.1067447,0.0801256,0.1424467,0.0140071,0.0217014,-0.005259,0.0263592,190.0,183.0,0.0678274,0.0620595,0.0444071,0.0135733,0.0449308,-0.0357701,0.0590128,197.0,177.0
61,1590,139511,0.0,0.00012287159785177374,1.5027573882147827e-05,0.00012287159785177374,0.38015119689010285,8.352380265234917,5.548726031783621,-14.03236512744279,12.01697252772452,0.05175793548165795,14.03236512744279,0.0008875446373697582,12.565642962162766,6.818797554644946,-1.346384181460159,1.5949247964013749,-0.012621125556150073,1.5949247964013749,0.10045734838607942,2.3189392839029526,1.0608431879954663,0.1635669480429366,1.4553037471144021,0.7375724420607765,0.0,0.8985263768146105,0.4543083154425876,0.0018578510675376636,1.4141652434448904,0.8952866960970287,1.575474194128254e-06,-0.6540411117579672,0,0,0,0.0022356692062617256,0.5955748032722741,566,0.3496,-0.01658,0.5798568070885939,-0.0981356231897116,0.6399166574205439,0.010752361355698587,0.04736036199829575,1.677615732278697,0.004089067719783671,0.002235680003179423,1.8290040229230002,0.0017411372804379257,0.2621192307037613,390,177,35,35,0,0.3496,566,0.5955748032722741,-0.001074,-0.0010742456495576036,219.0,373.0,-0.0845296,0.0340244,-0.0102494,-0.0121011,0.0301027,0.9037743,0.1412002,0.3315177,0.2309773,0.6961958,-0.3012359,-0.3556611,0.8847384,813.0,374.0,0.1050185,0.1191703,-0.0330538,-0.0912641,0.0691367,-0.9803191,0.170475,0.0979622,0.0177786,0.6669224,-0.2773657,-0.7658291,0.58015,256,3.839847022011578e-12,4.235716146819365e-13,6.374098341637412e-13,1.5821218850666593e-08,1.3752724216387782e-05,-7.683302917497804e-14,22.907642497058546,6.318811124081266,7.783771459758484,3.0980957759757968,1.036762841419892,1.402910265967727,0.025141882223237655,0.0,0.027343190507640423,1.1421843139307626,0.015256496997542246,2.572191440914814,0.06398056301265832,0.002060456766397441,0.0028020834643736397,0.7339920207039077,0.5014010417321868,621.486544179013,289.7831706187192,0.6091702347956661,0.609170287678698,0.609170287691728,0.7614628595983725,4.24012193632326e-07,944,0.2982,0.2968,-0.00195,-0.007559,2,0.1047,0.7011,-3.4e-05,12.094,6.0471,2.0,0.34137,0.72081,1.73894,0.16569,0.9732,0.95,0.9761,0.5302,2.6785,1.5422,18.1895,3.7743,7.2238,2.697,80,0.0894,-0.5241,41,0.1121,0.85,0.0,0.0201394,0.0714023,-0.5599959,0.0026862,0.0036071,-0.0446138,0.0448399,190.0,183.0,0.0939413,0.1556982,-0.2473842,0.0091729,-0.0012043,-0.028453,0.0299193,197.0,177.0
62,1597,139520,0.0,0.00012729227755486918,1.5645905835710477e-05,0.00012729227755486918,0.3805940263549769,8.36225185749901,5.546458783871186,-12.686149227953418,12.496592762195364,0.050320844807110895,12.686149227953418,0.00023480355446814372,12.564057864547017,6.7975170240840646,-1.3653193644386452,1.608100213288146,-0.012678489417211494,1.608100213288146,0.10094312483884299,2.312258052473319,1.060374517294453,0.12953857749877162,1.4920531265432004,0.7403009534288978,0.0,0.9126681243003993,0.4617240702681791,0.0015958350778634278,1.4141661889113448,0.8776456356602681,3.1490950040159807e-06,-0.6584086376259549,0,0,0,0.0024539369169281483,0.5963421796980567,568,0.3478,-0.01581,0.5856039033723122,-0.10209021561308629,0.6460939015588031,0.05170869281878279,0.04911274616141205,1.6788867347497507,0.004450399728499815,0.002453950165982888,1.8135656502695454,0.0019043056644387454,0.2655490095961413,388,181,31,31,0,0.3478,568,0.5963421796980567,0.001788,0.0017880500060869498,219.0,373.0,-0.0818255,0.0746258,-0.0090616,-0.0648639,0.035771,0.9220914,0.0263068,0.3354047,0.1912044,0.6978845,-0.1214266,-0.8691893,0.4793386,813.0,374.0,0.1096096,0.0883003,0.0016571,0.007415,0.0879728,-0.4189629,-0.1751417,0.2716957,0.8485145,0.6666835,0.0187665,0.0839754,0.9962911,256,5.080808696230186e-12,8.814081254090832e-13,1.3116578958538233e-12,1.8265475404410045e-08,1.4487299207938731e-05,1.09695919693841e-15,24.498885098499358,6.6884510291408,8.434805469915023,3.126110268667364,1.4260861228062098,1.7055307961446313,-0.10179617928175916,0.0,0.02889066873746355,1.4300584683627962,0.010388298294306835,2.386613848521036,0.0771140863703256,-0.0020182951659780354,-0.0002980952622549683,0.7448898616794752,0.49985095236887256,621.4865975252487,289.78319549269514,0.6091702328925713,0.6091702876767973,0.609170287691728,0.7614628595959966,4.3926728511100974e-07,949,0.2918,0.2897,-0.00167,-0.007711,2,0.102,0.6861,-0.000108,12.094,6.0468,2.0,0.34155,0.72117,1.741,0.16652,0.973,0.9499,0.9763,0.5304,2.674,1.5396,18.4261,3.6637,7.2386,2.707,80,0.0505,-0.6582,41,0.1449,0.966,2.0,0.1417135,0.0608605,0.3991282,-0.0195289,-0.0619018,-0.0291645,0.0711602,190.0,183.0,0.1286638,0.0909903,0.1715132,-0.0189688,-0.0577618,0.0444954,0.0753398,197.0,177.0
63,1602,139526,0.0,0.0001286400093362388,1.6190523455266338e-05,0.0001286400093362388,0.3784759911354245,8.365327530008415,5.547538599492319,-12.295266922777527,11.942012059743986,0.0462751872640552,12.295266922777527,0.0009846949790104627,12.56542474259495,6.825582328849416,-1.3725643908656695,1.62202436213603,-0.013189222983021248,1.62202436213603,0.1022562850471414,2.3059292085924445,1.0616811754900073,0.1280781277317138,1.3710260661389846,0.7444981865507527,0.0,0.9268098531935455,0.4695984299357558,0.0003575369624981839,1.4141604494421773,0.8767705116316343,1.628489439896801e-05,-0.6626541146899847,0,0,0,0.002673639600078374,0.5966423712382642,570,0.3423,-0.01585,0.5916322612424496,-0.10586235878593006,0.6527020553574514,0.012274843746522459,0.0495853982860947,1.6889408351132715,0.0048259365974264844,0.0026736486173860406,1.8050003153161847,0.0020775635680044726,0.26208020165067486,390,181,28,28,0,0.3423,570,0.5966423712382642,-0.001175,-0.0011750396228578097,219.0,374.0,-0.0750325,0.0514147,0.0443873,-0.0026339,-0.0258129,-0.7591404,0.1977715,-0.1966568,0.5881483,0.6986478,0.8633185,-0.0512283,-0.5020526,813.0,374.0,0.108877,0.0744589,0.0205313,0.0678906,-0.0226597,0.0022552,-0.1768261,0.9842313,0.0040106,0.6653355,0.2757408,0.911786,-0.3043245,256,1.96631764602461e-11,5.92482966708679e-13,1.4367329627347034e-12,1.5565651222545618e-08,1.5100997729625256e-05,-1.1165494988175082e-13,17.54596342074479,5.71210031717126,7.006055605898084,3.0927292370407584,0.9648288832866458,1.2970019631939587,-0.05373203089622627,0.0,0.014869787224481273,1.7562022138367877,0.02739752865024341,1.2312149882457768,0.05097781319255123,-0.004540474840201166,-0.0002141830486251243,0.7502802940582073,0.49989290847568746,621.4865663200694,289.78318094252364,0.6091702323123768,0.609170287677925,0.609170287691728,0.7614628595974062,4.43918135337722e-07,952,0.2931,0.291,-0.00184,-0.00536,2,0.1007,0.6775,-0.000364,12.093,6.0463,2.0,0.34134,0.72072,1.74018,0.16735,0.9731,0.9499,0.9762,0.5306,2.6736,1.5394,18.4723,3.6806,7.2512,2.7121,80,0.1254,0.2343,41,0.183,0.7364,1.0,0.1036728,0.083588,0.1072559,-0.0335614,0.0075732,-0.0693399,0.0774063,191.0,183.0,0.0973004,0.0630508,0.2135906,-0.012063,0.023548,-0.0339832,0.0430684,197.0,177.0
64,1604,139529,0.0,0.00013074458932733608,1.6745137113340108e-05,0.00013074458932733608,0.37852334312096486,8.374988843160763,5.544619090001527,-12.49551348386963,11.916444583739683,0.050580109019146696,12.49551348386963,0.00019755027961210203,12.562942033983974,6.786319099839975,-1.3809412473096212,1.637532495353709,-0.013760262841518968,1.637532495353709,0.10365569482771937,2.2972431449860737,1.064442122514088,0.14428923443184327,1.4975580871274934,0.7497336967477545,0.0,0.9409518754364946,0.4779815145061005,0.0035410397940058846,1.4141756031754464,0.888389518812826,4.955576151071558e-06,-0.6668637985847184,0,0,0,0.0028560316717792314,0.5978218723676837,570,0.3444,-0.01624,0.5962253681862115,-0.10880895117522552,0.6588448509858682,0.022356012891001822,0.04622234710541868,1.682555286495369,0.0052074951592293705,0.0028560473042307725,1.8233224469060116,0.002256335844291855,0.2657779289160303,387,184,28,28,0,0.3444,570,0.5978218723676837,-0.00134,-0.0013399620021814496,219.0,374.0,-0.0763272,0.0092636,0.008405,0.0013458,-0.0036551,0.6307448,-0.0977047,-0.2285337,-0.7351103,0.6946586,0.9073122,0.1452768,-0.3945621,813.0,374.0,0.1097011,0.0740753,0.0040952,-0.0502274,0.0542917,0.806565,-0.3062126,-0.1204286,0.4911046,0.6643932,0.0552839,-0.6780588,0.7329256,256,7.223067436585105e-12,5.818673530350223e-13,9.338636129056918e-13,2.249663907683404e-08,1.5641561445343557e-05,-2.0462785553890264e-13,17.54730611516564,5.379034186776889,6.634782863492519,3.1172250718967405,1.0456309505272392,1.3587541757379213,0.017483095136820122,0.0,0.023676229546081708,2.380270433251005,0.01977527149566157,0.896695486100043,0.0177023112766769,0.0012078121198286858,-0.001301275239408376,0.7368964029497,0.49934936238029576,621.4865731524377,289.78318412828105,0.6091702314063543,0.6091702876776819,0.609170287691728,0.7614628595971024,4.5118073265927724e-07,954,0.2929,0.2901,-0.00103,-0.007721,2,0.1012,0.6729,5.8e-05,12.094,6.0471,2.0,0.34042,0.71841,1.73799,0.16673,0.9729,0.9497,0.9761,0.5305,2.6685,1.5364,18.7037,3.5175,7.2373,2.7121,80,0.1552,0.5599,41,0.1703,0.5702,1.0,0.0835325,0.0770296,0.0405011,-0.0247132,0.0687534,0.0314634,0.0795469,191.0,183.0,0.1143716,0.0615576,0.3002,-0.0034843,0.003245,0.0636088,0.0637868,197.0,177.0
65,1607,139532,0.0,0.0001310426020664945,1.6986005846569234e-05,0.0001310426020664945,0.3775880781776753,8.380571022772433,5.544906192745209,-12.955969624740538,12.237571801888308,0.054950063662880556,12.955969624740538,0.0020578946618048377,12.564377412414112,6.813639217836277,-1.3958177046711195,1.6556606054292033,-0.014143548211056173,1.6556606054292033,0.10545958559504087,2.288572454945449,1.0673245187130023,0.16924877975869299,1.3868668095889969,0.7362534787861283,0.0,0.9550890847648358,0.4854648039849923,0.0012403210825937538,1.41416153229544,0.8924532686283736,6.990577786917176e-05,-0.6709862689889806,0,0,0,0.003036337531797687,0.598426528084402,571,0.336,-0.01727,0.6034236753031154,-0.10886153109047561,0.6657511401564247,0.04156101712881982,0.04211767550707805,1.6695766582708913,0.005621383763563179,0.0030364983125015454,1.851271822025858,0.0024504594727147635,0.2694648690674083,384,188,29,29,0,0.336,571,0.598426528084402,0.000803,0.000803003787527512,219.0,374.0,-0.0761987,0.0346295,-0.0095736,1.85e-05,0.0332798,-0.4070383,-0.1005981,-0.0202461,-0.9076287,0.6854671,-0.2764585,0.0005329,0.9610257,813.0,374.0,0.1096455,0.0362318,0.0244954,0.003679,-0.0264421,0.5143134,-0.8156511,0.0791421,-0.2528468,0.6595259,0.6760732,0.1015403,-0.7298045,256,3.799673584677538e-12,3.1605575848968435e-13,5.40101657272897e-13,2.1978160976901843e-08,1.5983964207146915e-05,-3.7393466733085706e-14,23.913404198116645,7.1921891294474145,8.903995200005475,3.090625130632229,0.9609822201996199,1.2525908580630485,-0.02953059340027222,0.0,0.01534309085664584,1.7125697916992322,0.01384986847149891,2.5461029971418223,0.025728320010561752,-0.0019620916142750245,-0.0017594735268780285,0.7391141665776056,0.499120263236561,621.4865416652973,289.78316944663834,0.6091702312780592,0.609170287678785,0.609170287691728,0.7614628595984813,4.5220915457833424e-07,956,0.2908,0.2868,-0.00209,0.001807,2,0.098,0.6691,5.3e-05,12.093,6.0465,2.0,0.34087,0.71716,1.73656,0.16661,0.9727,0.9498,0.9765,0.5308,2.6661,1.535,18.8081,3.4625,7.2442,2.7172,80,0.0942,0.8213,41,0.0587,0.3468,1.0,0.1093499,0.157729,-0.1811416,0.0406237,0.0156596,-0.1281199,0.1353153,191.0,183.0,0.048289,0.1123392,-0.3987483,0.0039203,0.002601,0.0714346,0.0715893,197.0,177.0
66,1610,139535,0.0,0.00013779275892399418,1.7755123680419844e-05,0.00013779275892399418,0.3768501556890048,8.386127529661417,5.544924819545399,-12.593735394563732,12.051723702563283,0.05443405211222678,12.593735394563732,0.0016341952451004085,12.563093626723699,6.839001256455515,-1.4134167178153818,1.6677279647512955,-0.014607305164035694,1.6677279647512955,0.10689434620341835,2.2796598612034478,1.0690464708746226,0.06286258402267597,1.3279212065016959,0.7405471456911387,0.0,0.9690268695192571,0.4942257051673691,0.0007685689448225785,1.4141646674653832,0.8908056093304282,0.00012102259900173791,-0.6749578039421403,0,0,0,0.003134797660609364,0.5991112744277642,572,0.337,-0.0179,0.6062418018529632,-0.11176615560438748,0.6703813696975243,0.05849285220913766,0.046090898481840704,1.6676102602741765,0.0058358744640567665,0.0031349554165091657,1.8615494285258853,0.002563713811947709,0.27030546625132945,386,187,29,28,1,0.3414,570,0.5976919901410649,-0.000425,-0.0004246748199436823,219.0,374.0,-0.0700309,0.0447535,0.0400272,0.0128774,-0.0153254,0.7931754,-0.4326074,-0.3944636,-0.1676968,0.6821584,0.8943941,0.2877398,-0.3424398,802.0,373.0,0.1236089,0.0670239,0.0200044,-0.0073973,0.0635398,0.5155893,0.4250446,-0.2283008,-0.7080844,0.6629987,0.2984671,-0.1103675,0.9480171,256,4.712293470564958e-12,4.345468595076183e-13,7.427454360960286e-13,2.6032754317085904e-08,1.6780420264010108e-05,-2.4273187489730105e-14,24.700712981904132,6.5751431675287275,8.071230953290893,3.066596198918481,0.9609892885967903,1.2793787981335945,-0.07770765983345623,0.0,0.03148837352626706,1.9324457720876707,0.03362937364441185,1.5171694897968206,0.04626407504452972,-0.0008355527227671201,0.00035655073428462775,0.7442553535931867,0.5001782753671422,621.4865262864697,289.7831622758871,0.6091702283721272,0.6091702876793075,0.609170287691728,0.7614628595991343,4.755029858940149e-07,958,0.291,0.287,0.00056,-0.008538,2,0.0984,0.6606,-0.00013,12.092,6.0462,2.0,0.34127,0.71791,1.73386,0.16788,0.9728,0.9497,0.9763,0.5304,2.6637,1.5336,18.888,3.4247,7.2512,2.7222,80,0.0675,0.5888,41,0.0746,-0.2307,1.0,0.1461984,0.1175921,0.1084431,-0.0215284,-0.0231777,-0.1189758,0.1231094,192.0,182.0,0.1123513,0.0752275,0.1979105,-0.0181908,-0.0576905,0.0446108,0.0751614,198.0,175.0
67,1612,139537,0.0,0.0001431389878942465,1.8550100573681284e-05,0.0001431389878942465,0.3727613818053601,8.381002700690786,5.54959787445483,-12.306457683902886,12.522562466899654,0.051293538744798195,12.522562466899654,0.002670632647712168,12.564555185679962,6.8230245555180185,-1.4229682279091957,1.6894226742529508,-0.014808010207199795,1.6894226742529508,0.10834919260249604,2.271956755625473,1.0708509187066189,0.12354103885253889,1.3818667725147757,0.7396672849068672,0.0,0.9831226194397289,0.5034618458038338,0.004160058142076095,1.4141691996880006,0.8958058025667959,0.00019017196111013743,-0.67886528579843,0,0,0,0.0033538875019139868,0.5996336477061861,574,0.3357,-0.01755,0.6108793202469497,-0.11144782322559726,0.6765257288959782,0.02301337405524576,0.05081121154249513,1.6616795198850516,0.006241994876903195,0.0033540521728949034,1.8610309426152098,0.002757664667787486,0.27219257969571453,390,185,27,27,0,0.3401,572,0.5982019451432816,0.003338,0.0033376991954927604,219.0,374.0,-0.0563119,0.0333998,-0.0091434,-0.0294591,0.0128104,-0.1262448,-0.1361024,0.2639463,-0.9465045,0.6799094,-0.2737559,-0.8820143,0.3835472,802.0,373.0,0.1219157,0.0905215,0.0229214,0.0568044,0.0666484,0.860705,-0.2727532,-0.1223417,0.4120984,0.6608924,0.2532151,0.6275239,0.7362716,256,4.348116481104122e-12,1.1238207604239948e-12,1.4903884671705382e-12,2.746606826162783e-08,1.7578279004582072e-05,-2.521588517954052e-13,24.72656341113893,6.3301825752461856,8.187568206937225,3.1010946326352804,0.8693905398702421,1.20410632653599,0.028893729868146506,0.0,0.018629173962431796,2.3749473092707305,0.030796955156539012,0.678297866813926,0.02464095970822828,-0.0036004996963988093,-0.001349320673515586,0.7317552796659432,0.49932533966324216,621.4865937418379,289.7831937285881,0.6091702260705903,0.6091702876769363,0.609170287691728,0.7614628595961703,4.939519992602157e-07,958,0.2958,0.2924,0.00086,0.005264,2,0.0996,0.6334,-9e-05,12.095,6.0474,2.0,0.34124,0.72006,1.73151,0.1671,0.973,0.9501,0.9765,0.5304,2.6683,1.5363,18.5809,3.6732,7.2906,2.7323,80,0.1385,-0.2274,41,0.1556,-0.2476,0.0,0.0844838,0.0613869,0.158338,0.0208278,-0.0434105,-0.0429731,0.0645365,193.0,181.0,0.0751279,0.1323489,-0.2757946,-0.0229104,0.0208683,-0.033918,0.0459435,198.0,175.0
68,1617,139543,0.0,0.0001494092123793251,1.934883768709394e-05,0.0001494092123793251,0.373585069581058,8.392014719545113,5.547193522925045,-12.097843885991011,11.739859508927038,0.052417992076944,12.097843885991011,0.0017462638471954506,12.560403713424062,6.822785757865428,-1.4276572923640196,1.7076135321573853,-0.014940288425272053,1.7076135321573853,0.10987367293471967,2.2633207369678616,1.0718835815457926,0.16238011377841166,1.3380263077945824,0.7567324920397522,0.0,0.9972646761891484,0.5115316296312327,0.0016034301548240038,1.4141687112001762,0.8896318637915294,4.518827785703202e-06,-0.682698051895698,0,0,0,0.0035880579659713975,0.5998262632840483,575,0.3344,-0.01787,0.6160512800572618,-0.11227024022359759,0.683575130198522,0.048735156917871565,0.04579100293758582,1.667318307483093,0.0067076232927622366,0.003588329007042133,1.869288819280076,0.002982278530482691,0.27225539205598664,390,186,29,29,0,0.3388,573,0.5983851424587789,0.001097,0.0010969108637823854,219.0,374.0,-0.0487874,0.0630977,0.0101702,-0.0608619,-0.0131801,-0.1433436,0.2847601,0.7812813,-0.5366226,0.6751773,0.1611825,-0.9645659,-0.2088847,471.0,375.0,0.12171,0.0435016,0.0397919,-0.0017314,-0.0174928,0.9211714,0.1165586,-0.1666187,-0.3318066,0.665778,0.9147227,-0.0398006,-0.4021174,256,4.680086320120051e-12,9.16777143571744e-13,1.199808439849989e-12,2.557837937218194e-08,1.8433065506352578e-05,-3.2956067984481133e-13,24.74833049889895,6.292416392240865,8.232068106277685,3.130055756258191,0.9772066916850624,1.3493116878873763,-0.1505967084088733,0.0,0.012224013748408076,1.0136871118877095,0.035026828313421535,1.306167530479567,0.03161586478510904,0.0072579909986974014,-0.0012423496150258647,0.7355853838642421,0.49937882519248716,621.4866254743902,289.78320852466004,0.6091702233712655,0.6091702876757492,0.609170287691728,0.7614628595946865,5.155896131456169e-07,962,0.2904,0.2869,-0.00251,-0.005269,2,0.0973,0.6141,8.3e-05,12.095,6.0473,2.0,0.34154,0.72096,1.73099,0.1675,0.9727,0.95,0.9766,0.5312,2.6624,1.5329,18.9515,3.4404,7.288,2.7374,80,0.1801,-0.7662,41,0.1449,-0.6669,-2.0,0.1236806,0.071345,0.2683525,0.0182709,-0.0152261,-0.0719223,0.0757527,193.0,181.0,0.026683,0.1071852,-0.6013545,-0.0507333,-0.0203125,0.0004577,0.0546505,202.0,173.0
69,1622,139549,0.0,0.00016810482481810949,2.03340791857648e-05,0.00016810482481810949,0.3705601209997731,8.388022911203915,5.551813121246895,-12.63135866087695,11.682842020467548,0.05247601576899966,12.63135866087695,0.0006218595265501392,12.56636110283367,6.827268897587141,-1.4371549745537482,1.7321458432878898,-0.015074706733096301,1.7321458432878898,0.11116078796532218,2.256033881177646,1.0742187046779588,0.16779950017088974,1.4245438001855304,0.7426030737170857,0.0,1.0114060827676574,0.519865093783504,0.00027207394535733176,1.4141709803975333,0.8899609780820582,1.975514990996695e-05,-0.6864967781027334,0,0,0,0.0038230932260497072,0.599836526109249,578,0.3266,-0.01735,0.6220022931153474,-0.11474458765922915,0.6899861018598025,0.0767592847175427,0.04604614860380991,1.6640167497920946,0.007150874931754507,0.003823372405758298,1.8703056288696152,0.0031983232130795695,0.27566738286943915,387,192,31,31,0,0.3309,576,0.5983882652702973,-4.6e-05,-4.559920371138837e-05,219.0,375.0,-0.0392665,0.082548,-0.0795739,-0.0176718,0.0130334,-0.4263949,0.204878,-0.6888339,-0.5492906,0.6723977,-0.9639717,-0.2140787,0.1578891,471.0,375.0,0.1192324,0.0826828,-0.0080165,0.0822077,0.0037513,-0.1889366,0.0490259,-0.0222782,-0.9805117,0.6630434,-0.0969549,0.9942542,0.0453696,256,2.770370479700057e-12,6.236619316788635e-13,8.628654910358728e-13,3.8919490793037724e-08,1.950258881114375e-05,1.04395394647632e-14,22.104335895330575,5.851767175906687,7.169556093795329,3.1340765863419935,1.0516119008547424,1.3979683467208894,0.06467462006910127,0.0,0.031127571307556376,2.3222027853077183,0.02184287534178051,1.2921045730120242,0.03570505344788077,0.0018995311818274057,0.0018731091943094153,0.7334637432667814,0.5009365545971547,621.486608646211,289.7832006781135,0.6091702153228298,0.6091702876763845,0.609170287691728,0.7614628595954805,5.801054872219374e-07,964,0.2909,0.2871,-0.00409,0.008344,2,0.0954,0.6054,4.8e-05,12.096,6.0482,2.0,0.34183,0.72178,1.73139,0.16735,0.9734,0.95,0.976,0.5314,2.6664,1.5756,18.568,3.7572,7.3394,2.7526,80,0.1353,-0.9042,41,0.0203,-0.519,-1.0,0.1146428,0.0938502,0.099728,-0.0039417,-0.0488465,-0.0400802,0.0633083,195.0,180.0,0.1024215,0.0809024,0.1173829,0.0271647,0.0258261,0.0294581,0.0476728,202.0,173.0
70,1624,139551,0.0,0.00017334616922060604,2.1038359383280785e-05,0.00017334616922060604,0.36656010641811,8.382862753980255,5.556511991561641,-12.402755112108133,12.581429213841188,0.05265873838538082,12.581429213841188,0.0008081352466664526,12.56442762956743,6.798966267761825,-1.4575498836323564,1.7451111511595245,-0.01534593730607726,1.7451111511595245,0.11243037883484727,2.24727856364295,1.0772766938177802,0.174651842776664,1.3876721941439976,0.7519829730873627,0.0,1.025546768299201,0.5281739758059881,0.0007875342914445138,1.4141657500777431,0.8881407087815576,0.00010849939988163283,-0.6901470114034121,0,0,0,0.004130265313301197,0.6004603172945726,580,0.3205,-0.01593,0.6286165216473221,-0.11625620901675622,0.6974980323674767,0.06936219583623109,0.0409586885771695,1.6616788649308223,0.007716575283783809,0.0041305527143793265,1.868170149946466,0.0034723181688656574,0.27015215893309386,389,192,30,30,0,0.3247,578,0.599003911903556,0.002181,0.0021809954981752977,219.0,375.0,-0.0279685,0.0779936,-0.0147185,-0.0265807,0.071832,0.3802157,0.5429447,0.748597,0.0157974,0.6694674,-0.1887137,-0.3408058,0.9209987,456.0,374.0,0.0712843,0.1212215,0.0123209,-0.075372,-0.0941377,-0.1824765,-0.0513799,-0.5317983,-0.8253805,0.64635,0.1016395,-0.6217711,-0.7765759,256,5.429486405357691e-12,6.048370658164229e-13,9.650025805899813e-13,3.3681547255888714e-08,2.0277241194301347e-05,6.731211641948074e-14,23.088854826193405,6.490102715802879,7.957403362241809,3.1278042206079064,0.9682756727986906,1.255691078126243,0.09753075572943566,0.0,0.011661168543372348,1.7157386840197932,0.03171087498136532,1.5827065270359106,0.04630176760819426,-0.002782384070936603,0.0008738077626203155,0.7352921762155973,0.5004369038813101,621.4866001103117,289.7831966980434,0.6091702130664414,0.6091702876767018,0.609170287691728,0.7614628595958772,5.981926184672268e-07,964,0.2897,0.2848,-0.00553,0.013977,2,0.0933,0.59,6e-05,12.098,6.0492,2.0,0.342,0.7228,1.73021,0.16868,0.9741,0.9499,0.9751,0.5308,2.6711,1.5784,18.2361,4.0239,7.3792,2.7626,80,0.0386,-0.7899,42,0.1225,0.6876,-1.0,0.0892503,0.0734791,0.0969167,-0.0116813,0.0170633,0.0102578,0.0230832,197.0,178.0,0.1039708,0.1472651,-0.1723255,-0.0209604,-0.0067531,0.0193926,0.0293431,187.0,187.0
71,1628,139556,0.0,0.00018446359911131278,2.18165120678201e-05,0.00018446359911131278,0.3649911616467407,8.38421171799789,5.55833147942511,-14.12888879076117,12.127119373396305,0.050042071906434754,14.12888879076117,0.0006278561283241807,12.56431240227317,6.79350130330532,-1.4682137540810452,1.7509899704162497,-0.015551986931755368,1.7509899704162497,0.11373573025454099,2.239631636196089,1.0802147705970824,0.07515058231105742,1.4020156698838584,0.748607339165413,0.0,1.03968771325684,0.5360670773962832,0.00024489291825213755,1.41416496078225,0.8900882933011915,3.1101881452341982e-06,-0.6937368037650032,0,0,0,0.0044615108709890935,0.6012814832499358,582,0.321,-0.01503,0.6348279222041344,-0.11779984824778729,0.7055139795798272,0.05237731509777182,0.049767375629537536,1.6740474640335308,0.008344938760703103,0.004461883430004816,1.870272697979045,0.0037832698438405856,0.262886794920545,391,192,31,31,0,0.3251,580,0.5998192431871686,0.004215,0.004215197286267625,219.0,375.0,-0.0206664,0.0373858,0.0015785,-0.0002281,0.0373518,0.0387919,0.3558093,-0.4702743,0.8066828,0.6683278,0.042222,-0.0061001,0.9990896,456.0,374.0,0.0672215,0.0886654,0.0117445,-0.0700886,-0.0530208,-0.5851781,0.1158002,-0.1514289,-0.788179,0.6430886,0.1324588,-0.7904844,-0.5979876,256,3.9695558094731154e-12,5.701985430389295e-13,8.657644035312914e-13,3.184756730658982e-08,2.1142935936728962e-05,-4.049589778685419e-14,16.37515133869068,5.317510568157342,6.5421263364914015,3.1199668151860953,1.1512075593185895,1.508460285547832,-0.11415505292467365,0.0,0.016840655535552734,1.1546710131254514,0.015779862347666537,1.7033876235510774,0.07421174228017274,0.004306602567381344,0.0033152870315662523,0.7346238561497828,0.5016576435157831,621.4866248454244,289.78320823138955,0.6091702082804035,0.6091702876757734,0.609170287691728,0.7614628595947167,6.365572395900182e-07,966,0.289,0.2841,-0.00681,0.008594,2,0.0931,0.583,4.8e-05,12.099,6.0497,2.0,0.34203,0.72238,1.73027,0.16917,0.9742,0.9502,0.9754,0.5307,2.6715,1.6191,18.1664,4.094,7.4074,2.7727,80,0.1004,0.6998,42,0.1912,0.8513,-2.0,0.0888166,0.157945,-0.2801424,-0.0045846,-0.013477,-0.1231937,0.1240135,197.0,178.0,0.0984937,0.1058257,-0.0358849,-0.0381606,-0.0261166,0.0199174,0.0503489,187.0,187.0
72,1629,139557,0.0,0.00019257089815519844,2.2849222917167805e-05,0.00019257089815519844,0.36275842904233674,8.38368525030993,5.560739444219302,-12.322124112083147,12.16695676894855,0.0497771699391828,12.322124112083147,0.002141979655814401,12.563300175498304,6.832112852028124,-1.4871669688038165,1.7683377132743967,-0.01606076418552753,1.7683377132743967,0.11502974649431781,2.227822372512223,1.0826202190732268,0.16073827490535475,1.2851548315635817,0.7642238479939362,0.0,1.0538293066027398,0.5457005831905225,0.002378397755566475,1.4141644028003288,0.8811577013669477,1.6223125514741243e-05,-0.6971998218135906,0,0,0,0.004664687531259785,0.6021689602808803,583,0.3195,-0.01475,0.6401185304412366,-0.12140423980945739,0.71121393924699,0.05896762701319151,0.04373200194144116,1.6666786109501543,0.008771576986209492,0.004665269665801241,1.8801864875056498,0.004002288607113737,0.26408762077130565,391,193,32,32,0,0.3236,581,0.6006978985325546,0.006626,0.006626028818358609,219.0,375.0,-0.0213238,0.0445372,0.0017086,-0.0326872,-0.0302024,-0.0596479,-0.1684605,0.2041495,-0.9624896,0.6664497,0.0383642,-0.7339313,-0.6781394,456.0,374.0,0.0629348,0.0370041,0.0105524,0.0231477,0.0268726,-0.5135526,-0.3421976,0.7727944,0.1481667,0.6407928,0.2851675,0.6255432,0.726206,256,6.913618272605242e-12,6.911912920734968e-13,1.0279410973692886e-12,3.884151724904122e-08,2.2238642128844698e-05,-5.241171301737704e-14,23.862232556472776,5.53546093771603,7.016382991845097,3.132871720481972,1.074322323200053,1.3942634533967586,0.07945059967615459,0.0,0.018411333048173446,1.7556104654697764,0.035993028930179125,0.7192012700750962,0.026335647264813276,-0.002251508686872226,-0.0013767576656791842,0.7423483415069311,0.4993116211671603,621.486623023944,289.78320738208015,0.609170204790224,0.6091702876758426,0.609170287691728,0.7614628595948032,6.645343596507753e-07,966,0.2932,0.2876,-0.00883,0.009936,2,0.0941,0.5564,8.9e-05,12.101,6.0506,2.0,0.34255,0.7226,1.72759,0.16725,0.974,0.9506,0.9759,0.531,2.6731,1.62,18.0309,4.2005,7.4251,2.7777,80,0.1486,0.8867,42,0.1978,0.9648,-1.0,0.064147,0.0957997,-0.1978952,0.0421525,-0.005085,0.0545063,0.0690915,197.0,178.0,0.0346752,0.0719148,-0.3493722,0.0054914,-0.039319,0.0021025,0.0397562,187.0,187.0
73,1633,139561,0.0,0.00020391234897453015,2.3891437596272368e-05,0.00020391234897453015,0.3659342338353595,8.399358850405571,5.556216541461451,-12.495130495101815,12.100315234991413,0.05022793440977738,12.495130495101815,0.0006571843199694172,12.560498759349906,6.835818961060984,-1.499495874365696,1.7783208452353496,-0.01680737558839443,1.7783208452353496,0.11636713418830709,2.215593429145298,1.0853525697247346,0.15335948312254633,1.2990633633562616,0.7527935584644178,0.0,1.0679709200084444,0.5543324135277858,0.0015642759612494173,1.41416454013909,0.8830926041764261,4.431882710747774e-05,-0.7006389295451996,0,0,0,0.004908173721169914,0.6030921069777665,583,0.3149,-0.01441,0.6477300825197817,-0.12405077456792077,0.7175431593370258,0.023271657101434442,0.04416668002167913,1.661242744193595,0.009254574760215092,0.0049089805437043344,1.885233538373643,0.004248129742587154,0.26683297147468776,389,195,29,29,0,0.3181,580,0.6009193809601712,0.001682,0.0016816916132258442,219.0,375.0,-0.0175996,0.0438067,0.040104,-0.0168822,-0.0050682,-0.0687176,-0.2478709,0.9616015,0.0957106,0.6665221,0.9154767,-0.385379,-0.1156958,456.0,374.0,0.0556407,0.1361406,-0.0251783,0.0366495,-0.1286745,0.0770099,0.0070816,-0.1179141,-0.9900079,0.6372488,-0.1849437,0.2692035,-0.9451589,256,4.486630272356539e-12,6.681968054885122e-13,1.010504305870236e-12,4.8180178175330304e-08,2.3340468671414764e-05,-9.511298400037327e-14,24.9841852300588,7.014214683159266,8.870643954477961,3.072129201094277,0.8728328669655705,1.1575683199892572,-0.07891773199330457,0.0,0.0313886839644558,0.9209173225770771,0.028836395677803398,0.5858135143564349,0.07500122943498637,-0.004339893816683981,0.0018975427008932218,0.7350935495776443,0.5009487713504467,621.4866452953297,289.7832177666537,0.6091701999077492,0.6091702876749846,0.609170287691728,0.7614628595937307,7.036720433504518e-07,970,0.2904,0.2848,-0.00843,0.008648,2,0.0919,0.548,0.000107,12.102,6.0511,2.0,0.34295,0.72228,1.72643,0.16919,0.9736,0.9502,0.976,0.5309,2.6641,1.5743,18.6247,3.8059,7.4004,2.7778,80,0.1024,0.8575,42,0.0562,0.9625,0.0,0.0307382,0.0894415,-0.488462,-0.0362274,0.0126854,0.0347201,0.0517574,197.0,178.0,0.1534699,0.1278089,0.09123,0.0132035,-0.0253542,-0.0324962,0.0432801,186.0,188.0
74,1637,139566,0.0,0.00020372660603771501,2.473184232672065e-05,0.00020372660603771501,0.3613680919932673,8.385742280823512,5.564055853427821,-12.400377148067644,12.149991703917031,0.05074761258411587,12.400377148067644,5.252941307887227e-05,12.563970595439873,6.81266719861405,-1.5263900252639473,1.8081413077837942,-0.017286716562997302,1.8081413077837942,0.11782322704913507,2.2032303529004427,1.0883958664910907,0.12561363600712716,1.273303378909817,0.7596050592117494,0.0,1.0821126892105632,0.5627426298450596,0.0018027120199257674,1.414161079949994,0.8838012401181033,1.6335621965415609e-06,-0.703941093939911,0,0,0,0.005180787161943244,0.604163016659331,587,0.3051,-0.01578,0.6545099239301952,-0.1268416911178219,0.7240418343605178,0.04224174254296584,0.0447927223930098,1.6627901342905702,0.009802463130842471,0.0051818001741415825,1.8917099852207921,0.004528314492843689,0.26643428898286337,384,204,30,30,0,0.3082,584,0.6019890707331217,0.002162,0.002161618497894091,219.0,375.0,-0.0150701,0.0099333,-0.0027463,0.0007553,0.0095162,0.8635007,0.2321319,0.0771673,-0.4410516,0.6654536,-0.2764746,0.0760359,0.9580085,456.0,374.0,0.0522612,0.0201754,-0.0053935,-0.0189627,-0.0042866,-0.9360748,0.0963924,-0.1574507,-0.2994693,0.6351036,-0.2673297,-0.93989,-0.2124654,256,5.930956179912686e-12,1.0429026296297317e-12,1.366118277853028e-12,3.804295135015317e-08,2.427964738770676e-05,7.859090671812667e-14,25.33441098339074,7.664741451810832,9.381170925472263,3.114143187992109,1.064436568779287,1.4112662557642106,-0.03901265372577854,0.0,0.010818767177330725,2.3943222439596177,0.012381581490179379,1.5003101401897285,0.019047772415927856,0.0023830985601359764,-0.0036984587656578045,0.7288888669736496,0.49815077061717117,621.486677299815,289.783232689521,0.6091701999877179,0.6091702876737122,0.609170287691728,0.7614628595921402,7.030310351185549e-07,970,0.2915,0.2847,-0.01021,0.006813,2,0.0895,0.5222,-5.5e-05,12.105,6.0525,2.0,0.34319,0.72165,1.72509,0.16845,0.9742,0.951,0.9762,0.5308,2.6746,1.6209,17.9925,4.3071,7.4833,2.7979,80,0.0128,-0.0888,42,0.0891,-0.9873,-1.0,0.0801313,0.0697843,0.0690187,0.0507904,0.0318322,0.0439513,0.0743282,197.0,178.0,0.0891904,0.0657806,0.1510593,0.0200062,-0.0609009,-0.0427919,0.0770735,186.0,188.0
75,1639,139568,0.0,0.0002150202572887243,2.5729788251361346e-05,0.0002150202572887243,0.36081665710008043,8.388082422083507,5.564956127018436,-12.240832280622616,12.153722043219968,0.050279390676869956,12.240832280622616,0.0002701887539426906,12.56278081731346,6.823672854792742,-1.5437818855852932,1.82703324760038,-0.017623417817728217,1.82703324760038,0.11943009766402915,2.190289611182489,1.0914955473484778,0.05235828336208603,1.339937258997715,0.757782308274237,0.0,1.0962074716757195,0.5718202088577071,6.360066723276603e-06,1.4141621392373351,0.8936818388459555,1.4575685934421559e-05,-0.7071675332725255,0,0,0,0.0055111270061215,0.6043350847762965,588,0.3033,-0.01423,0.6612530572078064,-0.12833341744495166,0.731583664463853,0.01849085230697413,0.04051240647636954,1.6651702436360263,0.010448782658975388,0.005512283716491335,1.895545149048718,0.004855551927748083,0.2657334222979005,385,204,27,27,0,0.3064,585,0.6021422704444117,0.001955,0.001955124836687361,219.0,375.0,-0.0122929,0.0665775,-0.0445673,0.0345817,0.0353614,0.1914688,0.0909831,-0.8151606,0.5390501,0.6645018,-0.6694043,0.5194197,0.5311319,456.0,374.0,0.047003,0.0439137,0.0397759,-0.0157954,-0.0098385,-0.3491052,0.4407963,0.4176405,0.713723,0.6320554,0.905774,-0.359692,-0.2240426,256,5.392155391964996e-12,1.3070470000755514e-12,1.758636433464267e-12,4.743524201535483e-08,2.5366867095212828e-05,1.5218093611267657e-13,24.182297577703608,7.785598869836842,9.686168586651753,3.119301900190639,1.1373556479831133,1.5129385380779905,0.03818783501319229,0.0,0.030869287032782133,1.5350709837396639,0.03469529286286959,1.4178849260699842,0.04266271040700375,-0.0024663423883085956,-0.0025686241011107012,0.739247196114855,0.49871568794944465,621.4866960277731,289.7832414218856,0.6091701951258215,0.609170287672946,0.609170287691728,0.7614628595911824,7.420037688642029e-07,971,0.2918,0.285,-0.01113,-0.002281,2,0.0891,0.5189,-4.9e-05,12.106,6.0528,2.0,0.3434,0.72139,1.72426,0.16875,0.9743,0.951,0.976,0.5302,2.6743,1.6208,18.0148,4.3066,7.496,2.803,80,0.1277,-0.8057,42,0.2194,-0.8593,-1.0,0.1397378,0.0575949,0.4162657,-0.0605808,-0.0187525,0.0526319,0.0824124,197.0,178.0,0.1216052,0.1395895,-0.0688538,-0.0194325,0.04465,-0.1124897,0.1225772,186.0,188.0
76,1641,139570,0.0,0.00022391257494985177,2.674338084473524e-05,0.00022391257494985177,0.3601322537576647,8.390205465430169,5.566074126839455,-12.589382825986016,12.209763008989233,0.04930039625928293,12.589382825986016,0.0018333047610634805,12.56356815154263,6.7928020880083615,-1.5472091787083269,1.8313912122636689,-0.017966589300044224,1.8313912122636689,0.12128246550635624,2.176485599918514,1.0946084253080872,0.10252168227987758,1.427488419729746,0.7615573279303988,0.0,1.1103484997671529,0.5808109198838002,0.00048271439944524985,1.4141599831982323,0.8959547851719936,0.00011917194222687808,-0.7103000299869923,0,0,0,0.0057572493970843314,0.6044603050481092,589,0.3019,-0.01082,0.6678465000956376,-0.1311209725778796,0.7395549685510696,0.06477532175864813,0.04482779148914565,1.6700028495190784,0.011028991920618467,0.005758403943179323,1.9152862545674683,0.005158745464304414,0.26676516698697045,386,204,27,27,0,0.3066,585,0.6015600582065695,-0.0013,-0.0013004896662993648,219.0,375.0,-0.0112062,0.0999608,0.0364252,-0.0569643,0.0736235,0.8561353,-0.4976735,-0.1248946,-0.0612754,0.6594403,0.3643948,-0.5698669,0.7365243,456.0,374.0,0.0458667,0.0836128,0.0097852,-0.0498255,-0.0664287,0.7770847,-0.1796895,0.3309801,0.5042848,0.6289998,0.11703,-0.5959077,-0.7944797,256,6.12888225966441e-12,1.5351617795953186e-12,2.018571527353997e-12,5.3311881835538663e-08,2.6422381195378162e-05,8.005617318743362e-14,23.859774116272803,5.982481881299565,7.514069310644303,3.120568655871246,1.050832717222788,1.3819673244677788,-0.016588806285441793,0.0,0.00844251003578866,2.7905121943618094,0.03371296970501709,0.7880061909473727,0.049082417011781274,0.00567956065367882,0.0014715638984209728,0.731291533792863,0.5007357819492105,621.4866944869023,289.78324070341716,0.6091701912977002,0.6091702876730096,0.609170287691728,0.761462859591262,7.726898712511063e-07,972,0.2898,0.2829,-0.01206,-0.003185,2,0.0882,0.4945,-1.2e-05,12.106,6.0528,2.0,0.3433,0.72027,1.72286,0.16918,0.9747,0.9507,0.9754,0.5302,2.6741,1.6206,17.9891,4.341,7.509,2.808,80,0.1682,-0.7385,42,0.2016,-0.6533,-1.0,0.160499,0.0419543,0.5855406,0.0182001,-0.0275216,0.0491121,0.0591665,197.0,178.0,0.1819681,0.0293815,0.7219627,0.0031888,-0.0524392,-0.0935498,0.1072922,186.0,188.0
77,1643,139572,0.0,0.0002376992784633412,2.784879627202627e-05,0.0002376992784633412,0.35703341250720183,8.38521926317103,5.57004621360266,-11.957682074437612,12.40659202310859,0.04902667630349221,12.40659202310859,0.0019162286505309822,12.563732151482935,6.820237664170484,-1.5775528290534253,1.8384550465066372,-0.018450856617394703,1.8384550465066372,0.12298130962958083,2.168535929133227,1.0974048141160884,0.16826464097692662,1.3111421438242432,0.7674124358705663,0.0,1.1244893180308722,0.5898031871032239,0.0014841183683201864,1.414162409352151,0.8880039572161609,0.0002354564756240614,-0.713359483723907,0,0,0,0.005995411271834143,0.6054871859605286,591,0.3032,-0.00916,0.6730042750092733,-0.1330611350514126,0.7471275319216196,0.10653244925290987,0.05315325685974218,1.6717855360108869,0.011603025783858169,0.005996605834482854,1.934932210674276,0.005463704150959824,0.26675507295564677,388,204,29,29,0,0.3097,586,0.6018871424363078,0.005406,0.005406227784370055,219.0,375.0,-0.0118809,0.1069126,0.0365411,0.0375319,-0.0932009,-0.8540502,0.2422531,0.0450859,0.4581254,0.6557966,0.3417848,0.3510517,-0.8717487,456.0,374.0,0.0424045,0.0362889,0.0189135,-0.0184214,0.0248961,0.6488368,-0.7605667,-0.0144395,0.0184533,0.6265708,0.521194,-0.5076311,0.6860521,256,1.5390139359316354e-11,1.1753225579540558e-12,1.904187716876874e-12,5.709237218814557e-08,2.757688415646261e-05,-1.9925072765519082e-13,18.824650370416748,5.815445141590203,7.310131382406834,3.1153816823308773,1.129322238665698,1.4622993436251617,-0.04089158287211326,0.0,0.025557059992454265,0.5796369080395422,0.02666019705300671,0.21770962369794675,0.03261716487123712,-0.0039061512708355524,0.0017994007246700905,0.7229178787403522,0.500899700362335,621.4867705048814,289.7832761486432,0.6091701853625557,0.609170287669741,0.609170287691728,0.7614628595871762,8.202656882842827e-07,972,0.2907,0.2824,-0.01261,0.004021,2,0.089,0.4688,3.8e-05,12.106,6.053,2.0,0.34356,0.71971,1.72193,0.16988,0.9749,0.9512,0.9758,0.5301,2.6785,1.6233,17.7755,4.5221,7.5485,2.8182,80,0.1535,-0.7004,42,0.1306,-0.0611,1.0,0.1578142,0.087405,0.2871277,-0.0182944,-0.0239748,-0.0610725,0.0681126,197.0,178.0,0.0383986,0.0407685,-0.0299347,-0.0081591,0.0064465,0.0117522,0.0156922,186.0,188.0
78,1648,139578,0.0,0.0002586184776948023,2.9084599307166862e-05,0.0002586184776948023,0.36076278297270487,8.403149541469114,5.564373310947913,-12.673937511354247,11.991494867330076,0.04861782981454818,12.673937511354247,0.0005250719117189107,12.56627256495448,6.822120704664284,-1.5913918906463886,1.849372656963635,-0.018536228540436857,1.849372656963635,0.1242638642244011,2.1623916692051,1.0987368945330902,0.18315985408863966,1.3316637922626064,0.7644672333474687,0.0,1.138630456189018,0.5975083056828872,0.0005280563764531454,1.4141684033899684,0.8858326800365722,1.5127585574039535e-06,-0.7163226185956193,0,0,0,0.006091298542120297,0.6064370187702344,591,0.2968,-0.00741,0.6787460047482881,-0.13542484747699512,0.7532926582071907,0.018781708995405613,0.054796517423976995,1.6817703011806684,0.011943158616525361,0.006092397459556921,1.9603380599850004,0.00565908889942369,0.2703586655965056,387,205,28,28,0,0.3046,585,0.6021176023589295,0.010356,0.010355511202928103,219.0,375.0,-0.0147427,0.0225095,-0.0212059,0.0051814,-0.0054901,0.7888146,-0.0043383,0.5229669,0.3228906,0.6508196,-0.9420852,0.2301888,-0.2439029,456.0,374.0,0.0431367,0.1009084,0.0356837,0.0895455,-0.029846,-0.9743478,0.1667706,-0.0451799,-0.1441966,0.6262323,0.3536247,0.887394,-0.2957728,256,7.396414849204383e-12,1.7996899238126058e-12,2.4532705246771233e-12,7.967073671533259e-08,2.8892279268921885e-05,-2.3062109484377102e-14,24.495572541416266,6.361544998937374,8.030861526525904,3.1312740616760317,1.091735383704632,1.4207881107263178,0.06604839364892068,0.0,0.020646496994470433,1.4272413998490172,0.014299127922221632,2.11664384502075,0.05152645861197791,0.0003734546187475494,2.988422429966846e-05,0.727760707355318,0.5000149421121499,621.4867651065796,289.7832736315541,0.6091701763568743,0.6091702876699818,0.609170287691728,0.7614628595874773,8.924548144335743e-07,977,0.2851,0.2756,-0.01227,0.00804,2,0.0853,0.4764,0.000153,12.108,6.0539,2.0,0.34375,0.72116,1.72244,0.16965,0.9742,0.9509,0.9761,0.5291,2.7891,1.5765,18.2143,4.227,7.5186,2.6957,80,0.0716,-0.3095,42,0.1637,0.8093,-1.0,0.0816435,0.0516673,0.2248591,-0.039105,-0.0263852,-0.0433316,0.0640547,197.0,178.0,0.1395898,0.060608,0.3945187,0.0093543,0.0382761,-0.0234066,0.0458305,186.0,188.0
79,1652,139583,0.0,0.00027532553379752364,2.9676986623916408e-05,0.00027532553379752364,0.35729251670254764,8.39658899598128,5.568801682745777,-12.579316654812372,11.869194088954474,0.04115922377898642,12.579316654812372,0.0004182842288713573,12.565427204944761,6.836706831493149,-1.611423698590602,1.865157317098021,-0.01889695092047316,1.865157317098021,0.12549585787786538,2.156222754734505,1.1012270662808992,0.16421985535563766,1.3223087032715855,0.7581501763762913,0.0,1.1527722581231319,0.6051957236366903,0.003496072061564659,1.4141612703723736,0.8867075047820148,1.8638977561793842e-06,-0.7191807449621442,0,0,0,0.006248788079846965,0.6066652378134432,594,0.2948,-0.00793,0.6846953866874312,-0.13821421428353017,0.7609751060636415,0.05394755330347368,0.057355368173484286,1.6948742682664204,0.012420112610214494,0.006249980231079321,1.9872243032790586,0.005920265252984259,0.27299083464109697,393,202,31,31,0,0.3027,588,0.6023205527002815,0.009505,0.009505322669585148,219.0,375.0,-0.0148529,0.0364141,0.0237877,0.0182924,-0.0206282,0.854685,0.4667756,-0.1505797,-0.1701757,0.6475187,0.6532535,0.5023441,-0.5664894,456.0,374.0,0.0442808,0.0732628,0.017097,0.0671516,0.0237865,-0.1200137,0.4924124,0.5455879,0.6674284,0.6242437,0.2333648,0.916585,0.3246733,256,8.220349382491402e-12,1.2854842757510529e-12,1.8166887404995698e-12,6.92101226952663e-08,2.9624269943218972e-05,-4.6215716463677343e-14,24.204563945879197,7.1241841121014495,8.897273885246001,3.1381928117950597,1.1853671260283667,1.4802669745537418,0.05541778508723885,0.0,0.035900507307518696,0.31310579157809615,0.022184238710342235,1.3201584857347974,0.04360296234777822,-0.002220237752580787,0.0018909637117405984,0.7309538973961057,0.5009454818558703,621.4867433220102,289.78326347397035,0.6091701691645073,0.6091702876709401,0.609170287691728,0.761462859588675,9.501084724385907e-07,978,0.2873,0.2779,-0.01307,-0.008053,2,0.0852,0.4666,0.000102,12.108,6.0542,2.0,0.34374,0.72124,1.72054,0.1703,0.9742,0.9516,0.9769,0.5291,2.795,1.5798,18.1068,4.3574,7.5614,2.7053,80,0.0904,0.9927,42,0.25,0.9997,-2.0,0.1195867,0.0981739,0.0983321,-0.0570197,0.0491612,-0.0700634,0.1028443,197.0,178.0,0.0597524,0.1186941,-0.3303045,-0.0114131,-0.0119644,-0.0523454,0.0548949,186.0,188.0
80,1655,139587,0.0,0.0002998959467184173,3.069407425317737e-05,0.0002998959467184173,0.3572450672500513,8.401182136565145,5.568356435676648,-12.091697627274034,12.125170527972678,0.0390176039973689,12.125170527972678,0.0010217665783105578,12.565165846146483,6.832357400584854,-1.6224450943045239,1.8762972940032467,-0.019615271300244305,1.8762972940032467,0.1268370196827663,2.1501039598710974,1.1034197033999305,0.13504393940453363,1.32120474341518,0.7717437276266385,0.0,1.1669050884284475,0.61384055911797,0.0007231458120893208,1.414167607133509,0.885122125218852,1.918632359776455e-06,-0.7219471959887296,0,0,0,0.006383461007642381,0.6074196902497542,595,0.2808,-0.00764,0.694136021801177,-0.1414558338296474,0.7682116185556204,0.04167975201142735,0.05448713277847926,1.691945447529111,0.012849031493620298,0.006384807978919672,2.012438202690379,0.006160601076462422,0.2794243973310383,385,211,33,33,0,0.2902,588,0.602365324854972,0.006546,0.006546282597901909,219.0,375.0,-0.0191068,0.1003979,0.0633868,-0.0482415,0.0611114,0.4772189,0.2263511,-0.2952713,-0.796142,0.6450593,0.6313563,-0.4805034,0.6086917,456.0,375.0,0.0385072,0.0330346,0.0036104,-0.032689,0.0031114,0.8065218,-0.3003143,-0.0864637,-0.5018545,0.6226335,0.109291,-0.9895374,0.0941869,256,1.5967218662743612e-11,1.6325978970447916e-12,2.5757633826229325e-12,8.860596029154049e-08,3.085475244891465e-05,3.992742717221053e-13,19.05423420895277,5.79358428964957,7.098543033598132,3.079527989274282,1.1348834705490802,1.4386286846824055,0.0846921665624088,0.0,0.02012714413700457,2.2218154570183333,0.022014140255631812,2.38487429503064,0.023452395208534222,0.007005869734293522,-0.0017020066286017814,0.7246690077851665,0.4991489966856992,621.486754492791,289.78326868261775,0.609170158586978,0.6091702876704513,0.609170287691728,0.7614628595880641,1.0348973841097616e-06,980,0.2849,0.2768,-0.01627,-0.007759,2,0.0804,0.4537,4e-06,12.11,6.0552,2.0,0.34392,0.72099,1.7185,0.1699,0.9739,0.9518,0.9773,0.5293,2.7947,1.5796,18.1532,4.3569,7.574,2.7101,80,0.1656,0.7627,42,0.2301,0.9047,-2.0,0.1391218,0.0695289,0.3335378,0.0289283,0.0050835,0.0296501,0.041735,197.0,178.0,0.0368246,0.0348256,0.0278994,-0.0129527,-0.0043906,-0.0036768,0.0141622,186.0,189.0
81,1658,139591,0.0,0.00029498032548204184,3.1892533943117394e-05,0.00029498032548204184,0.3562907519388591,8.39755320354519,5.570310259445809,-12.551890652674228,12.263758475644499,0.0420738142220508,12.551890652674228,0.004428269487041162,12.565736091524188,6.819676449689009,-1.6504318816227097,1.9029551753636453,-0.019290017804777505,1.9029551753636453,0.12792011077049437,2.1440047089642036,1.104531499811585,0.10278710567044669,1.2935097702139609,0.7664529982648742,0.0,1.181046549715029,0.6220156049962947,9.125367145579322e-05,1.4141640184215039,0.8825150433195306,1.2367551767331842e-05,-0.7246586931537562,0,0,0,0.006438187402440839,0.6088291480760107,597,0.2713,-0.00752,0.6991304077476577,-0.1449509452949163,0.7740865595651271,0.07332845249857789,0.05344685325616143,1.6905555543311785,0.01310179095292665,0.006439343666675284,2.034646950236665,0.006314563667320652,0.2821601427550399,381,217,37,37,0,0.2825,589,0.6030684316446728,0.00509,0.0050895279180274144,219.0,375.0,-0.018901,0.1118648,-0.0220392,-0.0488854,-0.0981745,-0.0119547,-0.2006774,-0.9150955,0.3495511,0.6438623,-0.1970164,-0.4370043,-0.8776171,456.0,375.0,0.0366156,0.1017081,-0.0058068,-0.1011072,0.0093892,0.5103931,-0.6029286,-0.2757899,0.5476458,0.6215578,-0.0570924,-0.9940918,0.0923149,256,1.6004879528643183e-11,1.6536734689445627e-12,2.496526592870649e-12,6.54864157113717e-08,3.2202525479225557e-05,-1.1487305992164001e-14,24.55720442276462,6.773068382069222,8.20673971040995,3.1155299437231374,1.0444034858198534,1.3680379285775701,-0.23409314264073752,0.0,0.03650393246756116,0.225026931211723,0.030044133450670182,1.0127748532605094,0.036925819320553305,-0.0016703206528843537,0.0013073838243950486,0.7344040599327439,0.5006536919121976,621.4867872869856,289.7832839737062,0.609170160703147,0.609170287668984,0.609170287691728,0.76146285958623,1.0179342349809494e-06,981,0.2897,0.2823,-0.01883,0.000619,2,0.0792,0.4579,7.8e-05,12.113,6.0563,2.0,0.34429,0.71978,1.71682,0.16946,0.9744,0.9518,0.9768,0.5296,2.7998,1.6231,17.9432,4.5388,7.615,2.7198,80,0.1554,0.3721,43,0.1441,0.5181,0.0,0.0996539,0.1295746,-0.1305278,0.0080701,-0.0155372,0.0259689,0.0313196,197.0,178.0,0.0924379,0.113847,-0.1037841,0.0115977,0.0054608,-0.0098385,0.0161593,186.0,189.0
82,1659,139592,0.0,0.00030345070929897614,3.343920534590947e-05,0.00030345070929897614,0.3566299959184642,8.403762676245055,5.569225746942821,-12.415683185828088,12.247031837990598,0.040428249570763804,12.415683185828088,0.0028745402126057187,12.564431762908281,6.820575871203368,-1.6852879906583011,1.931531640162923,-0.019001388784789144,1.931531640162923,0.1285486341422989,2.1379079993339407,1.1068370331947868,0.1421667010836868,1.4420995720455025,0.7653352608137348,0.0,1.1951878824988618,0.6314232508155795,0.0003586461944229402,1.4141689271230833,0.8881911724668019,2.7628241419763538e-05,-0.7272767821580581,0,0,0,0.006653261591316828,0.6095590852728449,597,0.2702,-0.00656,0.7077564647364709,-0.14734932292650305,0.7818705461852206,0.031788518579308894,0.04391141894378224,1.692987900864822,0.013654812817411705,0.006654153480974781,2.0520736193496067,0.006609842091053542,0.28234780051455943,381,217,39,39,0,0.2832,588,0.6030650551669678,0.005827,0.005826895002793098,219.0,375.0,-0.0186401,0.0312812,0.0168994,0.0173295,0.0198145,0.3546872,-0.3586439,-0.6490352,0.5694953,0.6418707,0.5402417,0.5539906,0.6334298,456.0,375.0,0.0353674,0.0441471,-0.0083935,-0.0032455,-0.0432202,-0.2176758,0.7243323,-0.504272,-0.416737,0.6233228,-0.1901254,-0.0735155,-0.9790035,256,2.206942669299046e-11,4.747523425255597e-12,6.4107828750802275e-12,7.115039043154645e-08,3.380589367897528e-05,1.7608062158946663e-13,21.416513842524445,6.560061621031567,8.070591663757806,3.1383581410509973,1.134549930697464,1.4511642393429214,0.0961404621783023,0.0,0.013572564875649777,0.2602376306307599,0.022596459886523125,0.3966013550471104,0.04388733287154951,0.0016851661444230467,-8.754690430356811e-05,0.7243624819424133,0.49995622654784816,621.4868603416897,289.78331803723336,0.6091701570566809,0.6091702876655395,0.609170287691728,0.7614628595819243,1.0471641754753691e-06,982,0.292,0.284,-0.02265,-0.002996,2,0.0796,0.4391,9.8e-05,12.114,6.0569,2.0,0.34431,0.71896,1.71427,0.17115,0.9742,0.9518,0.977,0.5292,2.7977,1.6218,18.0998,4.4311,7.6092,2.7198,80,0.092,-0.6011,43,0.0687,-0.9969,-3.0,0.0970654,0.1049803,-0.039174,0.0437631,-0.0854571,0.0076156,0.0963126,197.0,178.0,0.0977095,0.0318361,0.5084957,0.0165834,-0.015969,-0.0557654,0.0603307,186.0,189.0
83,1661,139595,0.0,0.000311860133515808,3.4752448044625864e-05,0.000311860133515808,0.35418422020347756,8.397302995184159,5.574309085587015,-11.947403698826905,12.47511974408875,0.041278134775519074,12.47511974408875,0.000996236110094714,12.566183471965358,6.8555848539706945,-1.7039030216685462,1.9618546209771626,-0.019275593596300003,1.9618546209771626,0.13012550432590372,2.1318711025824504,1.1099675646704246,0.17529155148637032,1.360354059975866,0.7658766723278466,0.0,1.2093294016696765,0.6405053364744687,0.0017119436696291235,1.4141686911311082,0.8815831005259855,5.787859746955927e-05,-0.7297941940969707,0,0,0,0.006826340064129066,0.6100503386065164,599,0.2633,-0.00521,0.7153649481974307,-0.15118956505196274,0.7891296230392936,0.02889677490946543,0.047392293202867926,1.696051981540401,0.014174926081098002,0.006827096782052956,2.0762743716129806,0.006894009978345663,0.282853500851961,376,224,40,40,0,0.2762,590,0.6035314558963188,0.001096,0.001096342147810514,313.0,373.0,-0.0814662,0.0356917,0.0238197,-0.020635,0.0167544,-0.8997165,0.0704259,0.1340621,0.4093627,0.6454838,0.6673755,-0.5781472,0.4694207,456.0,375.0,0.035266,0.0702788,-0.0088037,-0.068848,-0.0110252,0.5140877,0.2990465,-0.1981146,-0.7791249,0.6226719,-0.1252686,-0.9796412,-0.1568784,256,1.6228771235966915e-11,3.488950624696762e-12,4.824946489870811e-12,6.202839819778441e-08,3.521909728387826e-05,-1.1169504746046731e-13,24.220224394640514,7.665204846790406,9.9038737782011,3.132783617589679,1.100035128552961,1.4882718964508435,-0.08118109378826158,0.0,0.024472591298961295,0.21862457810394878,0.030201682163417676,0.19355209751166016,0.07150457272422543,0.0025036632797771985,0.0009309483724642225,0.7240178722625125,0.5004654741862321,621.4869144361252,289.7833432600755,0.6091701534364353,0.6091702876628324,0.609170287691728,0.7614628595785405,1.0761837792585577e-06,982,0.2958,0.2883,-0.02237,0.002857,2,0.0786,0.4219,0.000116,12.114,6.0569,2.0,0.34428,0.71857,1.71333,0.1712,0.9745,0.9521,0.9771,0.5292,2.7976,1.6218,17.8314,4.6221,7.6359,2.7294,80,0.1711,-0.9521,43,0.2191,-0.8226,-1.0,0.061521,0.0350115,0.2746166,0.0304109,0.008018,-0.0071041,0.0322425,186.0,187.0,0.1102341,0.080834,0.1538726,0.0139814,-0.0359497,0.0559071,0.0679224,186.0,189.0
84,1661,139595,2.3084178866998115e-11,0.00032473303764269724,3.6265649137389545e-05,0.00032473303764269724,0.3541427983639517,8.400555222569402,5.574304459017379,-12.208974422322393,12.453362811306597,0.036586156654663464,12.453362811306597,7.517269875378929e-05,12.565670098322556,6.8546738752737335,-1.7203358874717662,1.992366546668293,-0.019515492590008527,1.992366546668293,0.1316751465100647,2.125864155979684,1.112857170083365,0.1895805812033308,1.3321651809450668,0.7740639766549482,0.014140094970349347,1.2234706127496233,0.6500705793992155,0.00012191091135949073,1.4141704658730294,0.8875939453238192,0.00010569992587142353,-0.7322065066952644,0,0,0,0.007058961771009883,0.6104431802261514,599,0.2617,-0.00356,0.7220073618764026,-0.1544640719483992,0.7971966751781863,0.04097852879281837,0.05044923823947779,1.681523616065014,0.014813170627020459,0.007059740942803615,2.098259801178731,0.007240950493899008,0.2858363478523135,377,223,44,43,1,0.2745,590,0.6038812953947967,-0.001683,-0.0016831517173283572,313.0,373.0,-0.0851724,0.0596179,-0.0265556,0.0474346,-0.0244756,-0.7268089,-0.2028556,0.2004952,-0.6248201,0.6406492,-0.4454308,0.795643,-0.4105405,456.0,375.0,0.0381575,0.052023,-0.0080791,0.0244951,0.0451787,0.1314128,0.0742136,-0.3278793,-0.9325868,0.6237635,-0.1552975,0.4708518,0.8684361,256,1.6802794730894418e-11,3.858031175188562e-12,4.987286015772162e-12,8.222015807032825e-08,3.674712021546879e-05,-1.2972171801105865e-13,24.873014094806834,7.771203350897746,10.142623141193882,3.1414250469122185,1.0205085971871979,1.3901805832704317,-0.12155781507659191,0.0,0.019547046662201854,1.885268669371105,0.03421051253608947,2.70784935096089,0.02268179860154505,-0.0022674400838544164,-0.0024314960111834626,0.7344177135662787,0.49878425199440823,621.4869805815955,289.7833741020049,0.6091701478947058,0.6091702876593413,0.6091702876917181,0.7614628595741766,1.1206061722795383e-06,982,0.2959,0.2884,-0.023,-0.00731,2,0.0783,0.3835,0.000166,12.114,6.0569,2.0,0.34415,0.71698,1.71119,0.17133,0.9744,0.9521,0.9771,0.5292,2.7962,1.6615,17.8711,4.5676,7.632,2.7294,80,0.2724,-0.7403,43,0.3448,-0.5746,-1.0,0.0545435,0.1045954,-0.3145167,0.0146535,-0.0583103,-0.0227459,0.0642821,186.0,187.0,0.0474778,0.1029124,-0.3686049,-0.0075152,-0.0567651,-0.011342,0.0583729,186.0,189.0
85,1664,139599,0.0,0.00033403856787100054,3.774076335407299e-05,0.00033403856787100054,0.35356812913992947,8.397756443473314,5.576427604069181,-11.874730442012984,12.473718460970723,0.03898078796393762,12.473718460970723,0.0006221825974002115,12.565763190228235,6.852887404418989,-1.7373867818054824,2.020611266544908,-0.019622836204688823,2.020611266544908,0.13287436212903353,2.1199102886876804,1.1163833900165363,0.1714811968715072,1.3562433433106904,0.7678458904454529,0.0,1.2376088818998896,0.6577712784648637,0.0016425733305244217,1.4141827708376453,0.9511858467239988,1.1240534856262884e-05,-0.7345659208592369,0,0,0,0.007265398424592387,0.6110233704084564,601,0.2616,-0.0034,0.7265640308767874,-0.15779789805369884,0.8048115444625471,0.041946349955504975,0.04690033805797075,1.6901078892218915,0.015424758534179493,0.0072663188810130576,2.1227747896509874,0.007584955425424778,0.2904445483997507,378,224,36,36,0,0.2744,592,0.6044518892775481,-0.029272,-0.02927205874303329,313.0,373.0,-0.0870534,0.054949,0.0188429,0.0356097,-0.0373669,0.887859,-0.3465586,0.2184445,-0.2094888,0.6371665,0.3429158,0.6480497,-0.6800296,456.0,375.0,0.041048,0.0356291,0.0068131,-0.0327059,-0.0123829,0.2432927,0.2177981,0.4074241,-0.8528647,0.6236011,0.1912216,-0.9179563,-0.3475492,256,1.7462252423565127e-11,3.5417367386586372e-12,4.7591535756761935e-12,7.712356505515339e-08,3.820748797690791e-05,-1.1664180876611836e-13,24.376619595461417,6.562204668707448,8.346718508630552,3.1045673172395585,1.095989716433789,1.4032857441695077,0.08987240072086486,0.0,0.012859187022987353,1.5182282916144696,0.02046826036983485,1.4008950453869735,0.034463559829816345,-0.001184261340919991,-0.0030184420191806003,0.7279889039426064,0.4984907789904098,621.4869548554493,289.7833621065655,0.6091701438886807,0.6091702876607228,0.609170287691728,0.7614628595759034,1.1527182424923365e-06,983,0.2958,0.2876,-0.02319,0.032198,2,0.0782,0.3868,0.000113,12.113,6.0567,2.0,0.34399,0.71756,1.71166,0.17149,0.9748,0.9523,0.9769,0.5294,2.7997,1.6636,17.7232,4.7125,7.6687,2.7391,80,0.2708,-0.5724,43,0.329,-0.4095,0.0,0.0715477,0.0980374,-0.1562028,-0.0154924,0.0244191,0.0628998,0.0692293,186.0,187.0,0.1113726,0.0568069,0.324449,-0.002617,-0.0580199,-0.0596884,0.0832818,186.0,189.0
86,1667,139602,0.0,0.0003459588519669159,3.92605172180612e-05,0.0003459588519669159,0.3542725846073824,8.402563831965727,5.576338065370674,-12.249854856141365,12.546414952738708,0.03904307537941605,12.546414952738708,0.0012501178140950074,12.565671522547511,6.84141748990573,-1.7735740787903624,2.030402574405722,-0.019778855060275213,2.030402574405722,0.1345135208698546,2.113984893173929,1.1202473745684638,0.19102253209713774,1.3811690843292848,0.7677650521970196,0.0,1.25174485787078,0.6654860159284798,0.000920248222446407,1.4141643991035258,0.8818872138082635,8.146026724306733e-05,-0.7368150748369204,0,0,0,0.007562349178755429,0.6102708967746182,602,0.2667,-0.00408,0.7301543150881933,-0.162023554702846,0.8120129529365928,0.04899992053164163,0.051740625637288325,1.6901567591342228,0.01615748656279733,0.007563759863562916,2.1361712764881897,0.007996344671084135,0.2844421791531672,385,218,38,38,0,0.2795,593,0.6037084586948086,-0.019397,-0.01939738834712701,313.0,373.0,-0.0918822,0.0389581,-0.0159929,-0.0283579,0.0213959,0.4354163,0.42497,-0.7915115,-0.0576427,0.6348722,-0.4105154,-0.7279092,0.5492043,500.0,372.0,0.0934892,0.0510406,-0.0115119,-0.0002066,-0.049725,0.5450423,-0.0683249,-0.516373,-0.6569775,0.6305874,-0.2255447,-0.0040479,-0.9742244,256,2.0099316172908914e-11,3.8690962235439654e-12,5.40481367332142e-12,7.359633012017703e-08,3.964270670362061e-05,1.1292202205474007e-12,13.167527370239668,4.950827749741105,6.0997020110171505,3.135752776050097,1.257469847662986,1.6039876713218169,-0.08003469892358663,0.0,0.024722034284404653,1.1812453460209404,0.031233344276776584,1.2150261541186282,0.033042226268460435,-0.0009462558598289885,-0.00054182974376548,0.7274832886774292,0.49972908512811726,621.4869237466685,289.78334760134214,0.6091701387569989,0.609170287662353,0.609170287691728,0.7614628595779412,1.193853459250029e-06,985,0.297,0.2881,-0.02374,0.036643,2,0.0801,0.3805,0.000397,12.109,6.0544,2.0,0.3438,0.71752,1.71295,0.17153,0.9749,0.9521,0.9766,0.5291,2.7986,1.6629,17.7649,4.7106,7.6792,2.7439,80,0.1263,-0.1452,43,0.1679,0.1217,0.0,0.0297231,0.0912938,-0.5087773,0.0406421,0.036724,-0.0285373,0.0617642,186.0,187.0,0.04224,0.0880014,-0.3513577,-0.0152307,0.0283295,0.0246779,0.0405405,199.0,173.0
87,1672,139609,0.0,0.0003507837647643065,4.0393731811890686e-05,0.0003507837647643065,0.3579894235532098,8.420043840235316,5.5711809246954935,-12.569695291576945,12.61378342762479,0.037141172099467844,12.61378342762479,0.0027203029279991853,12.565092611319654,6.808646368764832,-1.7985348180538157,2.046185583073905,-0.01995411241927516,2.046185583073905,0.13594400045926455,2.1080920044167146,1.1231946284625145,0.19204272098402583,1.3094338670143002,0.7667195483663146,0.0,1.2658865911529849,0.6731927659940177,0.00021422651726388242,1.4141705954957842,0.8998123329491702,5.207896252961086e-06,-0.7389749544254623,0,0,0,0.007925356108065178,0.6100249030438772,602,0.2649,-0.00749,0.7391818229125162,-0.16769602563015595,0.8186990266040156,0.022330339268991493,0.05237877757697226,1.69473022119594,0.016917160461107333,0.00792724859081377,2.1340519686377974,0.008416616757212227,0.28453162967863765,385,218,36,36,0,0.2777,593,0.6034403726645299,-0.004319,-0.004319296102866188,313.0,373.0,-0.0995098,0.0186764,0.0025058,-0.0182382,0.0031463,-0.2170723,0.2062314,0.1315744,0.945006,0.6360916,0.1341705,-0.9765334,0.1684662,500.0,373.0,0.1049548,0.0159063,-0.0093836,0.0113564,0.005999,0.9928614,0.0137608,0.0511091,0.1068865,0.6269825,-0.589934,0.7139603,0.3771452,256,4.2195204610434e-11,4.097970443817117e-12,7.137131504425003e-12,6.627721471355895e-08,4.091387753204374e-05,-5.1900797751816565e-14,20.51525932484526,5.265417944619018,6.627269379905776,3.0496778192053524,0.9156156751397024,1.230616197219212,0.08947043617471832,0.0,0.0077286192027189796,1.4978080988757456,0.0291657058625505,1.5290473358384653,0.014897441862442757,-0.002405786239655134,-0.002934467755913569,0.7296513970183992,0.49853276612204317,621.4869002411051,289.78333664130326,0.6091701366798905,0.6091702876635556,0.609170287691728,0.7614628595794445,1.2105035742566183e-06,990,0.2951,0.2856,-0.02379,-0.003204,2,0.079,0.381,0.000139,12.104,6.0521,2.0,0.34359,0.71565,1.71312,0.17274,0.9744,0.9516,0.9765,0.5287,2.7889,1.6168,18.237,4.4172,7.6527,2.744,80,0.1443,0.998,43,0.2048,0.9993,-1.0,0.0849598,0.076051,0.0553305,-0.0777327,0.0043161,-0.0035767,0.0779345,186.0,187.0,0.0743712,0.0841189,-0.0615031,0.0283301,0.064231,-0.0320873,0.0771869,200.0,173.0
88,1673,139610,0.0,0.00035535838458973425,4.137891560043461e-05,0.00035535838458973425,0.3572663666092701,8.418552814367857,5.572988789040561,-12.122335083783149,12.430172662676265,0.03259392679851439,12.430172662676265,0.0011165383517628413,12.561464572966639,6.82443685083649,-1.815185173091499,2.0761374011588623,-0.019982050663373,2.0761374011588623,0.13715615112642662,2.1022413286795483,1.1250947374261933,0.19036808676095618,1.3440344999296792,0.7742232405064156,0.0,1.2800284522054097,0.6818760094911316,0.005447083412434162,1.414168033672821,0.884604814837221,3.515323152959562e-05,-0.7410452843397534,0,0,0,0.008266812873181975,0.610437020474742,603,0.2596,-0.00388,0.7463996336130816,-0.16467657296404115,0.8259680595966297,0.04835817675161655,0.05445654137895002,1.6947360752295644,0.017627338826078216,0.008268388762016354,2.131895261995344,0.008803814228083611,0.28448432967954856,384,220,38,38,0,0.2723,594,0.6038054764709537,-0.005377,-0.005376905186831538,313.0,373.0,-0.0930136,0.0379843,0.0234027,-0.0091188,0.0284951,0.9056807,0.2486873,-0.223517,-0.2606479,0.6356749,0.616115,-0.2400674,0.75018,500.0,373.0,0.1091751,0.0528724,0.0043823,-0.0483288,0.0209907,0.6653344,-0.3219417,0.6264929,-0.2473666,0.625048,0.0828839,-0.9140658,0.3970062,256,3.5267729699256206e-11,4.231468790480572e-12,6.759593174704205e-12,7.662143576078869e-08,4.2101305904503885e-05,-8.28719489184348e-13,32.34185258122004,8.005997982837458,10.350313964319525,3.119501353715544,1.1775726254092145,1.5615816781274852,0.04100794929307395,0.0,0.016132021780618597,1.5473729611278104,0.017224575477499584,1.1525855378452592,0.04795831253094556,-5.9535209531029664e-05,-0.0005678455791137669,0.7233461648631498,0.49971607721044314,621.4869476773007,289.78335875957964,0.6091701347105306,0.6091702876611028,0.609170287691728,0.7614628595763785,1.2262898259956994e-06,990,0.3002,0.2908,-0.02587,-0.009076,2,0.0787,0.3864,1.4e-05,12.105,6.0527,2.0,0.34368,0.71554,1.70875,0.17207,0.9744,0.9519,0.9769,0.529,2.7922,1.6591,18.113,4.5092,7.6752,2.7488,80,0.196,0.7904,43,0.2728,0.776,-3.0,0.0984999,0.0776785,0.1181835,-0.0372678,-0.0671614,0.015894,0.0784357,186.0,187.0,0.0608735,0.0485212,0.1129146,0.0141838,-0.0142495,-0.0037244,0.0204474,200.0,173.0
89,1675,139613,0.0,0.0003709784538034321,4.2651492837509425e-05,0.0003709784538034321,0.3592033979933459,8.427287139678619,5.571115351518406,-12.5485957886079,12.290990008211041,0.03189177979617719,12.5485957886079,0.0006031814257632107,12.563080801159112,6.800302188836712,-1.821383183983827,2.097246845770776,-0.019900433221060655,2.097246845770776,0.1379184413864901,2.0964192790466156,1.1278852928603516,0.1939696376946268,1.3723074637202344,0.7711646837969028,0.0,1.2941700029325467,0.6905507779729718,6.38628414441067e-05,1.4141702142438093,0.8746588668620296,9.576105590765247e-08,-0.7430831092153455,0,0,0,0.008730559121407291,0.61069500499283,603,0.2628,-0.00558,0.7533467576854453,-0.16813287417896627,0.8351063451536686,0.09053525742430672,0.05482701077408492,1.6971929159467825,0.018602127423344307,0.008732376847819655,2.1302478978548645,0.009327938151925303,0.28681590281255676,385,219,37,37,0,0.2743,593,0.6033525144603015,0.005758,0.005758132744670741,313.0,373.0,-0.0940431,0.0943087,-0.0166024,-0.0158007,0.0914813,0.0179573,-0.501191,0.4260511,0.7529712,0.6352139,-0.1760429,-0.1675421,0.9700199,456.0,375.0,0.0512837,0.1256049,-0.0257924,-0.1119016,0.0508859,-0.1192933,0.6138368,-0.7480338,-0.2223036,0.6163559,-0.2053451,-0.8909017,0.4051266,256,4.552597490046505e-11,2.7953123944691133e-12,4.809696058626379e-12,9.621428044740398e-08,4.363935172218891e-05,7.253064470127647e-14,30.82456799273911,8.050939615609767,10.204962320579016,3.1201049089646076,1.0922088509862458,1.4115242143788627,-0.20629043985436207,0.0,0.029457357083002605,1.2560193938990976,0.04977037495321445,2.6534875453089537,0.1049694518423533,-0.0011044310575660397,0.005496311892015204,0.7249569913328244,0.5027481559460075,621.486900002919,289.7833365302432,0.6091701279860893,0.6091702876635677,0.609170287691728,0.7614628595794596,1.2801924991457022e-06,992,0.3015,0.2933,-0.02466,-0.003514,2,0.0801,0.3831,0.000115,12.105,6.0527,2.0,0.34369,0.71504,1.70701,0.17263,0.9743,0.9517,0.9769,0.529,2.7886,1.657,18.2109,4.4514,7.6654,2.7488,80,0.1731,0.2169,43,0.2705,0.2283,-3.0,0.109135,0.1304159,-0.0888364,0.0307648,-0.0636231,-0.0343246,0.0785656,186.0,187.0,0.1613752,0.0970765,0.2487841,0.0192007,-0.0498647,-0.0001934,0.053434,185.0,190.0
90,1677,139615,0.0,0.0003806895761437935,4.4002206992858356e-05,0.0003806895761437935,0.3612915291662522,8.435261497574036,5.568789354335204,-12.135944757048861,12.219741556818484,0.027447624809322346,12.219741556818484,0.0021146575775006227,12.566259138841358,6.80166244595313,-1.8491214541672598,2.1370619357443004,-0.020560425838385594,2.1370619357443004,0.13824233683966228,2.090614300318129,1.1300957637745883,0.1559264389557794,1.3335888650160332,0.7743474598084691,0.0,1.308311861050696,0.6991571863598504,0.0001697951652490648,1.414173005651796,0.8928104370207858,1.1063394245362699e-05,-0.745030955585715,0,0,0,0.008978653660547078,0.6106668896311298,603,0.2626,-0.00909,0.7584228477279059,-0.17233462385593198,0.8400075942697942,0.056232440883485904,0.05542413025597864,1.6810168087910222,0.01915073772548327,0.008981174887260687,2.1323198763947424,0.009641457725952915,0.29154941733974726,384,220,33,33,0,0.2733,592,0.6026117327812404,-0.000882,-0.0008823253154872646,130.0,373.0,-0.103322,0.0331324,-0.0145095,-0.0283235,-0.00922,0.1163987,-0.3539346,0.8703051,0.3221036,0.6364151,-0.4379263,-0.8548576,-0.2782789,456.0,375.0,0.0480764,0.0812982,0.0090959,0.0615788,0.0522945,0.6204964,-0.178541,0.1470909,0.7493141,0.6136524,0.1118829,0.7574432,0.6432434,256,1.8633464790845874e-11,3.365070533248864e-12,4.789086122957104e-12,1.224975199345892e-07,4.51368308354219e-05,1.03854741177515e-12,29.310042600261315,7.991948839117589,10.053135195230189,3.1203437485082954,1.0928579640393885,1.408253138317604,-0.08985923122943006,0.0,0.04338679928528662,1.0064505765246567,0.0324410000948845,2.535966477520344,0.050776747141153815,-0.002593170725069709,0.0029031031729322746,0.7339980096024504,0.5014515515864661,621.4869166765392,289.7833443047229,0.6091701238054685,0.6091702876627174,0.609170287691728,0.7614628595783968,1.3137041297427978e-06,994,0.2971,0.2888,-0.02717,-0.007376,2,0.0788,0.3667,0.000141,12.104,6.0521,2.0,0.34365,0.71531,1.70345,0.17284,0.9743,0.9513,0.9764,0.5295,2.7838,1.6541,18.3973,4.3227,7.6521,2.7488,80,0.1304,-0.8656,43,0.1965,-0.6179,-1.0,0.0752992,0.0808096,-0.0352987,0.0166364,-0.001331,0.0698411,0.0718076,184.0,189.0,0.0638942,0.103266,-0.2355331,-0.0090436,-0.0195602,-0.0001516,0.0215502,184.0,191.0
91,1678,139616,0.0,0.0003800182841638998,4.518374697779324e-05,0.0003800182841638998,0.36022540855348,8.433025366559281,5.570877691968398,-11.820523858217934,12.39141780989637,0.027230294081783093,12.39141780989637,0.0010504326174878287,12.564012212723092,6.769044175528383,-1.874433470435295,2.1471480657527824,-0.021210609045945236,2.1471480657527824,0.13856862112158808,2.0848322938353037,1.1315378145082127,0.16474476235649338,1.4621198716028332,0.7832180006256481,0.0,1.3224537109906271,0.7077747172532701,0.004513014902278845,1.414174689640908,0.8918088815870087,0.00011527574834531131,-0.7468834237380042,0,0,0,0.009035152926796075,0.6102882781231418,604,0.2582,-0.01052,0.760329648430033,-0.17762050754005443,0.8437618180057092,0.06547877649588844,0.04991620907482694,1.6715772264549222,0.01934258721644557,0.00903792462453564,2.1401580584037427,0.009767905703860519,0.29243378323171365,382,223,36,36,0,0.2719,591,0.6008417067401044,-0.000749,-0.0007494286149944962,130.0,373.0,-0.1071869,0.1069229,0.0242483,-0.0987643,0.0330173,0.8520059,-0.1388236,0.2945004,0.4099799,0.6356899,0.2267833,-0.9236964,0.3087949,456.0,375.0,0.0491307,0.0551359,0.0056729,0.0358054,0.0415422,-0.1770298,-0.0551555,0.4831681,0.8556675,0.6109467,0.1028899,0.6494034,0.7534514,256,8.844197121674287e-11,4.142482206392379e-12,8.140088553307866e-12,9.095006933646294e-08,4.652942116076652e-05,-5.799177018341503e-13,27.721478007726205,7.048108981131306,9.183976868202386,3.136630696083623,0.8597555989077187,1.1592890205832358,-0.05473459009023161,0.0,0.012595352118896458,1.3160382974481517,0.022805715476854907,1.9533521949806851,0.015216452512455443,-0.004535399611556399,0.0005196267856410362,0.7273823740112559,0.5002598133928206,621.4869700122457,289.7833691737893,0.6091701240944855,0.6091702876599123,0.609170287691728,0.7614628595748903,1.3113874866158889e-06,994,0.3024,0.2947,-0.02785,-0.00674,2,0.0789,0.3674,3e-06,12.103,6.0516,2.0,0.34361,0.71528,1.69804,0.17217,0.9742,0.9517,0.9769,0.5298,2.7852,1.655,18.3584,4.3768,7.656,2.7488,80,0.1673,-0.9563,43,0.1794,-0.8941,0.0,0.1124705,0.1281885,-0.0653124,-0.0597938,0.0093815,-0.0042,0.0606709,184.0,189.0,0.0477222,0.0764587,-0.231409,-0.0084545,0.0115474,-0.0255218,0.0292606,184.0,191.0
92,1681,139619,0.0,0.0003978878063900836,4.6615052408275616e-05,0.0003978878063900836,0.3634727957246228,8.443403209539964,5.567461807607554,-12.294682111685248,12.36752527558344,0.025697006144244118,12.36752527558344,2.949962202691836e-05,12.566280743024167,6.749244873015654,-1.8987658565600318,2.188809900116578,-0.021892715373525298,2.188809900116578,0.13984385392564067,2.0790774151912013,1.1335388224675438,0.19734735189869618,1.412524445455356,0.7866448110186416,0.0,1.336595489245833,0.7162634257625078,0.0003607113643298021,1.4141657839386232,0.896229980862266,0.0002673758526683662,-0.7487007959757978,0,0,0,0.009418787086761186,0.6102781188542831,604,0.2566,-0.00727,0.7673506427386932,-0.17661926043129456,0.8512378872881564,0.02113821070249603,0.047225931470780316,1.6649363853378074,0.02016428901284511,0.009422116576656755,2.1401018389861606,0.010215948618350585,0.2969074760409429,380,225,38,38,0,0.2705,591,0.600779253658393,0.000732,0.0007315511954817389,130.0,373.0,-0.1017153,0.0415553,-0.0028407,0.0351673,-0.0219553,0.0585894,-0.5527626,-0.209459,0.8044549,0.636392,-0.0683604,0.8462768,-0.5283394,456.0,375.0,0.0490377,0.0751813,-0.0284937,0.0065738,-0.0692613,-0.0492414,-0.1012452,-0.7914783,-0.6007385,0.6087096,-0.3789994,0.087439,-0.9212567,256,6.09728379698497e-11,4.12265889600669e-12,7.14969796152773e-12,1.006323318344165e-07,4.819270101405773e-05,-3.412870890947826e-13,36.30052741181275,8.212713777909011,10.598011967664112,3.1353108091614486,1.1720416662505144,1.5040903039403715,-0.03479134775225447,0.0,0.03706248420359854,1.9895024611839518,0.018827219234831084,1.6771965122326722,0.05158662643305818,-0.0030573310416636894,-0.0003696178063980657,0.7253689719962823,0.499815191096801,621.4869906268711,289.7833787858583,0.609170116401682,0.6091702876587939,0.609170287691728,0.7614628595734924,1.3730525472411977e-06,997,0.3034,0.2958,-0.03259,-0.006853,2,0.079,0.3397,4.1e-05,12.103,6.0515,2.0,0.34354,0.71477,1.69477,0.17342,0.974,0.9513,0.9767,0.53,2.7771,1.6501,18.6427,4.1742,7.6336,2.7488,80,0.1721,-0.7584,43,0.3046,-0.447,0.0,0.0562978,0.0386781,0.1855177,-0.0180188,0.0086589,0.0077556,0.021443,184.0,189.0,0.0250998,0.1402196,-0.6963474,0.0116505,0.0101385,0.0578459,0.0598722,184.0,191.0
93,1682,139620,0.0,0.00039726757295960443,4.739354352706681e-05,0.00039726757295960443,0.36257384028579465,8.44110275979926,5.569434861823107,-12.264566240766804,12.174078435847775,0.02372859281045478,12.264566240766804,0.00104604498026184,12.562789997613862,6.743440534761596,-1.9222780273339743,2.2186612077883288,-0.022864853402170565,2.2186612077883288,0.1410919673579921,2.0733440392666305,1.136145999178588,0.19777215764202818,1.2824118790624905,0.7817297461013467,0.0,1.3507374192873183,0.7248133732523991,0.003001375689577035,1.4141705617661158,0.8970437121036179,0.0004544202938786158,-0.7504300423023417,0,0,0,0.009719474279039289,0.6100162523294567,605,0.2501,-0.00632,0.7756486337653169,-0.18095882565896823,0.8578461981090642,0.06556671683028956,0.04081960006441297,1.6564919300791014,0.02086568536604493,0.009723587343843067,2.145883471623977,0.010608558223357732,0.29725433609943497,376,230,35,35,0,0.2639,592,0.6004878064507401,0.001736,0.0017363837356194622,130.0,373.0,-0.1039985,0.0549463,-0.0072425,0.0525263,0.0144094,-0.1434125,-0.1613855,-0.6729448,-0.7074835,0.636533,-0.1318106,0.9559568,0.2622452,456.0,375.0,0.0447795,0.0285403,-0.0096812,0.0236647,0.0126809,-0.6177003,0.0879377,0.5977087,0.5034458,0.6057869,-0.3392129,0.8291675,0.4443151,256,1.0034926282969628e-11,1.3784577470676182e-12,1.983848699658822e-12,1.0086143437073958e-07,4.921338137418668e-05,-2.0812926643870472e-13,24.997753291146445,7.7307512907605,9.752604714985075,3.1043158425794117,1.170185318480633,1.4653529988172294,-0.11438218976069252,0.0,0.03189699459007894,2.938550489805737,0.020936861330046536,2.151299420130014,0.01990739020418557,0.0016396203952927168,-0.0007433096269867058,0.724623243849257,0.4996283451865067,621.4869473257909,289.78335859567966,0.6091701166686732,0.6091702876611211,0.609170287691728,0.7614628595764014,1.3709123080248793e-06,997,0.3029,0.2954,-0.03399,0.009212,2,0.077,0.328,6.4e-05,12.102,6.0508,2.0,0.34357,0.71364,1.68927,0.17205,0.974,0.9517,0.9771,0.5303,2.778,1.6507,18.5281,4.2619,7.6496,2.7536,80,0.1394,-0.2555,43,0.329,-0.0835,-1.0,0.039548,0.1212237,-0.5080232,0.0302945,-0.0645327,-0.0384946,0.0810189,184.0,189.0,0.0532523,0.0230942,0.3950163,-0.0030911,0.0106382,0.0292196,0.0312491,184.0,191.0
94,1682,139620,1.740441164224272e-11,0.00041594894478268055,4.899946269510886e-05,0.00041594894478268055,0.3631522944640077,8.443003992252235,5.569434299467041,-12.330676470350447,12.165421955527064,0.024599102351147283,12.330676470350447,0.0009014604042975458,12.565200812866674,6.740969616272973,-1.9395436743372108,2.2448176965573667,-0.022975617594480306,2.2448176965573667,0.1413958453555131,2.0676368133409135,1.137745144795963,0.19831968726991597,1.334001866834596,0.7906137861177881,0.014130252950152505,1.364879014782392,0.7340471147988323,0.0012720328252143753,1.4141752718628615,0.8980575055417812,0.0006132157151097812,-0.7520803280471104,0,0,0,0.009977914655547803,0.6101390926893645,605,0.2478,-0.00419,0.781989722884677,-0.18046511257534506,0.864032976200379,0.02915419550737353,0.04183942833553928,1.6535120741506169,0.02140338087158699,0.009982125564206069,2.1441706712581623,0.01091225617266171,0.29678705501182173,375,231,35,35,0,0.2594,590,0.5991931421105109,-0.000892,-0.000891675616395915,130.0,373.0,-0.0999547,0.0278775,-0.0187403,-0.0202121,0.0041741,-0.2602141,-0.6859044,0.3842036,0.5605455,0.6364597,-0.6722404,-0.7250336,0.1497301,456.0,375.0,0.0409963,0.0467634,0.0186851,-0.0405111,-0.0140189,0.8172011,-0.2909623,0.2201068,0.4461797,0.6041072,0.3995661,-0.8663005,-0.2997839,256,1.1923618734159678e-11,1.9309988961393768e-12,3.09196687002617e-12,1.1431111514644275e-07,5.102922366490151e-05,3.2724804185927265e-13,24.941772689069822,7.650734217759628,9.592798282109557,3.0676113665822244,1.0680500773944843,1.3694240742165213,-0.16458235834387372,0.0,0.025214445103270568,1.161771354282292,0.011970887458324486,0.7071716144759904,0.023795691693784364,0.001587951949077375,0.0015879608772845822,0.7313755572067921,0.5007939804386424,621.4869812314453,289.78337440501315,0.609170108626388,0.6091702876593057,0.6091702876917205,0.7614628595741321,1.435378912391755e-06,997,0.3026,0.2955,-0.03733,-0.003152,2,0.0763,0.3195,-8.7e-05,12.102,6.0511,2.0,0.34356,0.7131,1.68644,0.17324,0.974,0.9517,0.9771,0.5303,2.7768,1.65,18.5926,4.2084,7.6463,2.7536,80,0.1074,0.4526,43,0.2828,0.3684,0.0,0.0824143,0.041823,0.3267242,-0.0281585,-0.0060797,0.0469279,0.0550644,184.0,189.0,0.0423398,0.1188205,-0.4745632,0.0100816,0.0718912,0.0025986,0.0726411,184.0,191.0
95,1687,139627,0.0,0.0004217567331684094,5.041864142985414e-05,0.0004217567331684094,0.3639976868129729,8.444162362660702,5.56949237831238,-12.49721305419432,12.187368549623132,0.023806931628300998,12.49721305419432,0.0017763775663071496,12.566141380294267,6.692424349728798,-1.9669556372716708,2.2745913166223914,-0.02391676490336012,2.2745913166223914,0.14319860372131493,2.0619462610459323,1.1409162085299631,0.19944016848430307,1.3922856769839052,0.7939641242605547,0.0,1.3790169541092687,0.7406496178942404,0.001269460302805836,1.4141965121813984,0.864986618584469,2.1803278892711797e-06,-0.7536636710216376,0,0,0,0.010403173928229877,0.6092228295507536,607,0.2409,-0.00335,0.7900931263294981,-0.18121609403639857,0.8734347264085781,0.04415702599501546,0.037464227632658297,1.6607167313537625,0.022384448484551324,0.010408119323038968,2.1506717774653166,0.011456594688866107,0.29763821242395194,375,233,37,37,0,0.2529,590,0.5968730160785801,-0.026994,-0.026994055874190126,130.0,373.0,-0.0982736,0.0510102,0.0434945,-0.0258258,0.0065805,-0.7546998,0.3018275,-0.2278446,-0.5361112,0.6345294,0.8526621,-0.5062858,0.1290038,456.0,375.0,0.0392293,0.0321241,-0.0102387,0.0288727,0.0096692,-0.7286164,0.4416799,-0.5093685,-0.1207511,0.5993247,-0.3187223,0.8987866,0.3009963,256,2.7637771973614746e-11,2.670374690086396e-12,4.2809219229924304e-12,1.1000460895669094e-07,5.2690296645363125e-05,-5.552322522532266e-14,24.88361284517251,7.226900122214952,9.419212355810137,3.1378718663062246,0.8544460474657236,1.1815146967407537,0.07125803502977823,0.0,0.017444340120215285,0.8732003181081491,0.02801138465215006,1.4198370141548409,0.02376758381280043,0.0054176411775252896,-0.001134262549023275,0.7254721804986263,0.49943286872548837,621.4870275796243,289.7833960159754,0.6091701061261545,0.60917028765674,0.609170287691728,0.761462859570925,1.4554206312951017e-06,1000,0.2974,0.2893,-0.0391,0.03157,2,0.0729,0.3031,-0.000119,12.102,6.0508,2.0,0.34377,0.71355,1.68731,0.17358,0.9742,0.9516,0.9769,0.5305,2.7772,1.6502,18.6194,4.2435,7.6742,2.7633,80,0.1567,0.9942,43,0.2561,0.9769,1.0,0.1407195,0.059061,0.4087411,0.0816651,0.0260473,0.0143057,0.086904,184.0,189.0,0.0772173,0.0691465,0.0551421,0.0254084,0.0061518,0.0609188,0.0662912,184.0,191.0
96,1688,139628,0.0,0.00042958311477974336,5.18722059740722e-05,0.00042958311477974336,0.36308030843631534,8.441963611382887,5.571248108945652,-11.675705512940809,12.212680664889035,0.025989746890421404,12.212680664889035,0.006247581851109236,12.56617921114647,6.680474219372894,-1.990878894101045,2.3191757886046527,-0.024076748671603775,2.3191757886046527,0.14492702320577,2.056286683344562,1.1438273053183352,0.16167345465026184,1.2841461084248837,0.7922360427548394,0.0,1.3931532449669208,0.749139537061022,0.00014919998961315795,1.4141708757236928,0.889396177273322,2.4185179329610016e-05,-0.7551659273560356,0,0,0,0.010753091971734186,0.6094217356342456,608,0.2452,-0.00237,0.7951453520715411,-0.18322906376210094,0.8812948513134302,0.07690115960959737,0.04292169878874275,1.6632652091290516,0.023255315528990537,0.010758361081341117,2.1616039239771987,0.011945986688056489,0.2984980208118008,377,232,36,36,0,0.2563,590,0.5963467818489147,-0.02375,-0.023750024968491434,130.0,373.0,-0.0968386,0.0752763,-0.0413603,0.0520967,0.0352389,0.2685831,0.6698022,0.4946904,0.4842618,0.6321421,-0.5494461,0.6920733,0.4681277,456.0,375.0,0.0380594,0.0506524,-0.0069811,0.0086115,0.0494244,-0.4478335,0.1310858,0.4251119,0.775591,0.5954723,-0.1378236,0.1700123,0.9757564,256,3.656584937192462e-11,3.325568304420155e-12,5.389393526987478e-12,1.0913944718243875e-07,5.4240208371794356e-05,-6.018766345733669e-14,21.540224441760067,5.799735822602502,7.441101423950234,3.1274135201814888,0.9102790323485315,1.1836238116072555,0.0033545825712886362,0.0,0.03428430370140924,1.2391309393600864,0.013560247186602708,2.379316532571039,0.048330662153503214,0.0032686313529037983,1.8949729121448524e-05,0.7274189610702245,0.5000094748645608,621.4870610418782,289.7834116185627,0.6091701027569217,0.6091702876548264,0.609170287691728,0.761462859568533,1.4824282466009366e-06,1000,0.3015,0.2925,-0.04415,0.033593,2,0.0753,0.2794,6.4e-05,12.1,6.0502,2.0,0.34386,0.713,1.68655,0.17354,0.9744,0.9517,0.9766,0.5302,2.7799,1.6518,18.5166,4.3339,7.6951,2.7681,80,0.2067,0.7694,43,0.316,0.8605,0.0,0.0350336,0.1213767,-0.5520291,0.0479922,-0.0363063,-0.0086337,0.0607943,184.0,189.0,0.041465,0.0617175,-0.1962787,0.0034678,0.0055749,-0.0089385,0.0110906,184.0,191.0
97,1688,139628,1.1668112998040299e-11,0.00044101554285047974,5.3150446490599936e-05,0.00044101554285047974,0.3637820580096932,8.443680245706357,5.571250453647462,-12.937371202537589,12.404886649506784,0.02666412070611369,12.937371202537589,0.0006374722722011228,12.561789207713115,6.6841386746669995,-1.9977434741792204,2.3457285101925303,-0.024378285114286337,2.3457285101925303,0.14532610405505494,2.0506257744082124,1.1448406782871112,0.20093318842659824,1.2975841629452003,0.7884698210976395,0.014138491348955548,1.4072947432803982,0.7578725371622447,0.0008830423456807068,1.4141717755013723,0.8868751985985134,9.15141549797214e-05,-0.7565854807256328,0,0,0,0.010752806665674988,0.6094485758389143,608,0.2457,-0.00174,0.7971657667082632,-0.18611675043850834,0.8837558725019378,0.04269870467792173,0.04053346147752142,1.6446122329687445,0.02338141519325734,0.010757650267848747,2.173468611741086,0.012041473033100228,0.29940340255720266,377,232,35,35,0,0.2566,590,0.5963036909846022,-0.002704,-0.002703801077225343,130.0,373.0,-0.0979299,0.0333278,0.0070935,0.022549,0.023494,0.8163958,0.1143619,-0.5410168,-0.1664933,0.6301363,0.2128406,0.6765818,0.7049368,783.0,374.0,0.1134902,0.0648915,-0.0287194,0.0412618,0.0410313,-0.283217,0.0362912,0.5441802,0.7888846,0.6005902,-0.4425753,0.6358581,0.6323066,256,2.3649029090158624e-11,3.2391746593874236e-12,4.53055832135895e-12,1.1252040505872215e-07,5.579614338946835e-05,-2.7008963344031494e-13,25.43119628702346,7.585658179915974,9.988680334641229,3.1295549776026106,1.1132245020652085,1.4660466628522006,0.023902236409778954,0.0,0.03877938842732902,0.9397295792055876,0.020970762523307235,0.8552038949353667,0.03852286582168125,0.00043617178843324714,0.0016388095775676688,0.7340498102925281,0.5008194047887837,621.4870848402858,289.78342271514725,0.6091700978353006,0.6091702876534346,0.609170287691723,0.7614628595667933,1.5218798187913992e-06,1000,0.3031,0.2947,-0.04969,-0.001377,2,0.0759,0.2731,-1.2e-05,12.101,6.0503,2.0,0.3441,0.7132,1.68229,0.17438,0.9744,0.9517,0.9766,0.5302,2.7798,1.6518,18.5159,4.3337,7.6948,2.7681,80,0.183,0.3235,43,0.2332,0.4852,-0.0,0.0667245,0.0680638,-0.0099363,-0.0513836,-0.0235587,0.0172518,0.0591009,184.0,189.0,0.0821731,0.0546464,0.20119,0.0053633,0.0325604,0.0077216,0.0338906,199.0,175.0
98,1690,139631,0.0,0.0004573560618556137,5.484954401497131e-05,0.0004573560618556137,0.3620427874704712,8.436920569616783,5.574983805333499,-12.56332992481604,12.277453662063083,0.027778770450075697,12.56332992481604,0.0035637434615971644,12.55482769122182,6.713827270333392,-2.022946698947021,2.3520264096896697,-0.024837454856232448,2.3520264096896697,0.147082395020547,2.0452408098530386,1.1476373959668023,0.20212532619156073,1.4319626993783166,0.7940899120268177,0.0,1.421432904677777,0.7658002371180971,0.00010611457249209977,1.4141978319295054,0.947788623348753,3.610884047967852e-06,-0.7579186062452008,0,0,0,0.011183292598650033,0.6084722452120866,610,0.2476,-0.00273,0.8029892541697092,-0.1872056563752834,0.8928563371317814,0.039639861906247034,0.038846819518334415,1.6550256470004603,0.024404801938583583,0.01118802701892744,2.1813320523177637,0.012613649446221705,0.3003202130477376,379,232,35,35,0,0.26,591,0.594592931555611,-0.020728,-0.020727924170620415,130.0,373.0,-0.0948781,0.0462956,-0.0207975,0.0135212,0.0390886,-0.8250675,-0.1748881,0.1628784,0.5120044,0.6274903,-0.4492339,0.2920621,0.8443273,783.0,374.0,0.1111904,0.0572555,0.0216234,-0.021797,-0.0483271,0.6855092,-0.3831487,0.4695361,-0.4034973,0.5967985,0.3776655,-0.3806976,-0.8440605,256,1.2299000109355822e-11,2.180712035313108e-12,3.075739624475489e-12,1.1755724143149084e-07,5.7743959118815476e-05,-7.73188834774561e-15,24.612960039361845,6.025697589461332,7.509536484649643,3.139046953062679,0.956695692840893,1.2582014528817391,-0.04438497465079457,0.0,0.018685369013902373,1.6917603371043108,0.031577509274731456,0.4533484358747227,0.017811557145925423,-0.0030301605965702607,-0.0023880278624697753,0.7241474013656428,0.4988059860687651,621.4870700744649,289.78341583022524,0.60917009080073,0.6091702876543011,0.609170287691728,0.7614628595678764,1.5782685856790503e-06,1000,0.3062,0.2981,-0.05143,0.039125,2,0.0775,0.238,-2.8e-05,12.1,6.0502,2.0,0.34417,0.71171,1.68303,0.17348,0.9747,0.952,0.9767,0.5302,2.7857,1.6552,18.3853,4.464,7.7379,2.7777,80,0.102,-0.58,43,0.1431,-0.5443,3.0,0.1721562,0.0602036,0.481807,-0.0301446,0.0223286,0.103741,0.1103152,184.0,189.0,0.0445173,0.0844243,-0.3094969,-0.0163013,-0.0153519,0.0160993,0.027579,199.0,175.0
99,1690,139631,8.851624352108963e-12,0.0004688675033321896,5.6465892761082e-05,0.0004688675033321896,0.36279591891744783,8.438686021677512,5.574995774399936,-12.565147940138297,12.096566377511573,0.02800404425704598,12.565147940138297,0.00147455130137488,12.551761829056014,6.735127395053935,-2.03365704093719,2.363911849896816,-0.025106943772116957,2.363911849896816,0.1491243710321458,2.039616468135305,1.150767782785974,0.20350088501134253,1.439905155425266,0.7917457167585993,0.014091172326660828,1.435569360721212,0.7747130549481762,0.0016149720318865413,1.414169358295238,0.8903887353372776,2.702651632500497e-05,-0.7591788518679624,0,0,0,0.011618887107936545,0.6082661770621309,610,0.2479,-0.00277,0.8087648272265863,-0.1895123734502637,0.9014772797466271,0.06952093291430508,0.03968026965653621,1.6565447797118609,0.025434760537689505,0.011623961307027638,2.1881318997777552,0.013192398426188606,0.29148136416839365,381,230,37,36,1,0.259,590,0.5936454589679492,-0.0174,-0.017399696058687963,130.0,373.0,-0.0930443,0.111844,0.0181932,0.0975287,0.0516357,0.6973888,-0.5462441,0.1588313,-0.4359344,0.6251655,0.1626659,0.8720063,0.4616761,783.0,374.0,0.1110641,0.0540308,0.0290854,0.035278,0.0287895,0.3992742,-0.3209032,0.6160186,0.5984332,0.5932115,0.5383107,0.6529238,0.532834,256,1.7826528721008143e-11,4.689730222922286e-12,6.376849264597607e-12,1.1672954032054677e-07,5.949693255006867e-05,-2.1407948856878282e-13,24.54246964839038,6.513975946988216,8.050673770442017,3.1357409751313217,1.0039336094309745,1.2973227106857137,-0.03042122897901986,0.0,0.018976731547714138,1.9132427122017541,0.012476906123701245,2.232469263816645,0.03867435954266845,-0.0007791785942354643,2.6576772268245888e-05,0.7281682362844571,0.5000132883861343,621.4871090994371,289.7834340265648,0.6091700858450865,0.6091702876519893,0.6091702876917242,0.7614628595649866,1.6179927776313396e-06,1000,0.3039,0.2952,-0.05314,0.042888,2,0.0769,0.258,0.000141,12.099,6.0496,2.0,0.34421,0.71121,1.68201,0.17434,0.9747,0.952,0.9767,0.5302,2.9067,1.6148,18.3847,4.4638,7.7377,2.662,80,0.1407,-0.9485,43,0.2161,-0.9972,2.0,0.1049294,0.1238234,-0.0825957,-0.0128552,-0.0286656,0.0138319,0.0343263,184.0,189.0,0.0492333,0.1285578,-0.4461667,-0.0165335,-0.0009838,-0.0695154,0.0714613,199.0,175.0
100,1690,139631,1.2250582654382398e-11,0.00048582710137456286,5.8291215497805217e-05,0.00048582710137456286,0.3635906979384449,8.440471214839734,5.575011401628106,-12.135203182488553,12.165294810975476,0.030380432244808086,12.165294810975476,0.0014639564455597,12.562908492177407,6.727707696203295,-2.0631136511863217,2.396387881100872,-0.025297786388558258,2.396387881100872,0.15106954586347957,2.034022078466,1.1537536825333574,0.20483441390103027,1.2962510683391786,0.7973782207949665,0.014091186468776452,1.4497074959968042,0.7835883569996343,0.01214479053677553,1.4142009540526348,0.9720466388996206,6.1023974820069205e-05,-0.7603485358605869,0,0,0,0.012086960412244777,0.6083497838757105,610,0.2496,0.00049,0.8138117867484039,-0.19146737995999885,0.9103311728158413,0.03863128146539565,0.04255473179823013,1.6599862989462277,0.026523740990418935,0.012092165564009228,2.193464921565698,0.013804099853937313,0.2922268656619485,382,229,35,35,0,0.2607,590,0.5936516861488447,-0.021516,-0.021516241736710073,130.0,373.0,-0.0898688,0.0498721,-0.0050815,0.0415585,0.0270978,0.8347808,-0.0330535,0.2181162,0.5044539,0.6230098,-0.1018901,0.8333025,0.5433464,783.0,374.0,0.1100659,0.1313281,-0.0349465,-0.1260553,0.0116569,-0.6993459,0.3266615,0.3158245,0.5517811,0.5899794,-0.2661003,-0.95985,0.0887615,256,2.6671253019175232e-11,4.590900519608885e-12,6.822101731055795e-12,1.409131397155841e-07,6.154319321956214e-05,9.615169556720554e-13,24.763886574426394,7.029038657570972,9.055124541351475,3.137756847119724,0.8682283132000626,1.1591115373003833,0.050634277584896935,0.0,0.03423460608020455,1.9954666732598434,0.04486251198612935,0.6094922335541093,0.04708533396460687,-0.00038804010498796063,0.0010383047354160743,0.7185831881208665,0.5005191523677079,621.487144088688,289.7834503411514,0.6091700785440208,0.6091702876498575,0.6091702876917228,0.7614628595623218,1.6765177611165042e-06,1000,0.2993,0.2916,-0.05187,0.042564,2,0.0762,0.2497,-7.8e-05,12.099,6.0495,2.0,0.34429,0.71024,1.68129,0.17434,0.9747,0.952,0.9767,0.5302,2.9068,1.6149,18.3611,4.4813,7.7379,2.662,80,0.1869,-0.6827,43,0.257,-0.7974,2.0,0.0534446,0.1111508,-0.3505944,-0.0029099,-0.0269354,-0.0727958,0.0776737,184.0,189.0,0.0949111,0.1792883,-0.3077219,0.0175651,0.0222011,-0.0151813,0.0321232,199.0,175.0
101,1690,139631,1.4929744219032442e-12,0.0005031221239777248,6.0069416073088225e-05,0.0005031221239777248,0.3644226456727282,8.442151421349498,5.575026289103716,-12.182776930068501,12.336366294700833,0.03144943891861287,12.336366294700833,0.005231621125490856,12.563574242863853,6.744147649397887,-2.0848032030052726,2.4193763860961788,-0.025710249221597543,2.4193763860961788,0.15196157733934368,2.028463112647042,1.155657208041218,0.2063089025591759,1.298939356246283,0.8001336742944154,0.028233056203441804,1.4638491333880135,0.7933082192194336,0.00014858988070654,1.4142019689951153,0.950538474888066,0.0001051808882930292,-0.7614423631865443,0,0,0,0.012467866147766939,0.6083886763834784,610,0.2532,0.00065,0.8176009187447548,-0.19357593201366324,0.916361356983141,0.04017145120951807,0.0342911908618211,1.6507102548142982,0.027340082489120086,0.012472963965148447,2.191947524703259,0.014269916224708629,0.29898371822171893,382,229,37,37,0,0.2645,590,0.5936249248869261,0.002506,0.002506022149838305,130.0,373.0,-0.0886138,0.0387995,0.0180891,-0.0182509,0.0290704,-0.8108322,-0.0356108,-0.0356926,0.583103,0.6220994,0.4662202,-0.4703898,0.7492477,783.0,374.0,0.1084583,0.0922493,-0.0195598,-0.0850826,-0.0298041,-0.927854,0.1935618,0.3110503,-0.0697746,0.5874495,-0.212032,-0.9223125,-0.3230822,256,1.953185632411165e-11,4.8300645913890995e-12,6.375674205004624e-12,2.244678148778904e-07,6.357736198306629e-05,7.194838869909179e-14,24.304675776804714,5.529794853366985,6.830835300034278,3.097779863962148,1.070909948766798,1.377437562926671,0.09902900126878188,0.0,0.02995446763516013,1.0679844810778387,0.027902875283609387,1.8393436411478763,0.04603674338049166,-0.0008106973031270284,-0.0012400748709390005,0.721455211708611,0.4993799625645305,621.487211910783,289.78348196484774,0.6091700710985646,0.6091702876455667,0.6091702876917274,0.7614628595569584,1.7362001469730294e-06,1000,0.299,0.2914,-0.0509,-0.00068,2,0.0771,0.2616,5e-06,12.098,6.0491,2.0,0.34454,0.70977,1.67764,0.17373,0.9747,0.952,0.9767,0.5302,2.907,1.615,18.3138,4.5162,7.7384,2.662,80,0.2069,-0.5273,43,0.2801,-0.4574,1.0,0.0300947,0.0511714,-0.2593544,-0.0190814,0.0061948,-0.0044543,0.0205503,184.0,189.0,0.1174022,0.096541,0.0975079,-0.000358,-0.0428708,0.0427049,0.0605123,199.0,175.0
102,1691,139632,0.0,0.0005204746104933303,6.189789541787217e-05,0.0005204746104933303,0.36423539624172313,8.439456679384133,5.576969138191989,-12.614176057391758,12.101382887549056,0.03128734687590943,12.614176057391758,0.0015325895368733067,12.56070403500397,6.7474103828650485,-2.121295561206069,2.4307943798404055,-0.025989955715938415,2.4307943798404055,0.1531249350940471,2.033054317526164,1.1576405592549948,0.206610244581293,1.4454087893580974,0.7967183288857566,0.0,1.4779907608630996,0.8025715681533695,0.001002509898455628,1.4142018464714814,0.94654704603508,0.00015208132440595174,-0.7624484259327167,0,0,0,0.012870039494844821,0.6085559603800687,611,0.2517,0.0018,0.8242388912757221,-0.19679989920266827,0.9237920666021274,0.04736299379233097,0.039421566628097704,1.650034272761992,0.028195910579677512,0.012874881959418352,2.18999371555802,0.014748439422190868,0.30217377939332984,380,232,36,36,0,0.2629,591,0.5937425855384164,0.000852,0.0008517256846611865,130.0,373.0,-0.086927,0.058722,-0.038571,-0.0055842,0.0439246,0.923561,0.3221358,-0.1648503,-0.1268384,0.6204038,-0.6568405,-0.0950954,0.748009,783.0,374.0,0.1067994,0.1130216,0.0123166,-0.0190574,0.1107204,-0.2519141,-0.2362999,0.3260808,0.8799846,0.585556,0.1089753,-0.1686172,0.979639,256,2.7553434265139423e-11,3.813685483884033e-12,5.33263990243175e-12,1.587651753779898e-07,6.587821974186517e-05,-4.164598866733012e-13,35.49486594542418,8.698137659752248,11.311569029700212,3.1405106329509835,0.9770232586737495,1.2887287572772324,-0.16925767055902874,0.0,0.03533645964876,2.2733047572006515,0.03413307991429462,0.9570403497739006,0.08816580827675771,-0.0007856206759472718,0.004452418867144017,0.731991925588156,0.502226209433572,621.487159992459,289.7834577566703,0.6091700636283337,0.6091702876488703,0.609170287691728,0.7614628595610878,1.7960811653036806e-06,1000,0.2984,0.2906,-0.0507,-0.002375,2,0.0764,0.2454,2.9e-05,12.099,6.0493,2.0,0.34481,0.71052,1.67562,0.17583,0.9746,0.9524,0.9771,0.5305,2.9103,1.6168,18.1894,4.6253,7.7608,2.6667,80,0.1154,-0.2824,43,0.2625,-0.0641,1.0,0.147703,0.0960576,0.2118693,0.0076781,0.0867585,0.0592478,0.1053389,184.0,189.0,0.1183225,0.107058,0.0499798,-0.0016413,0.003685,0.0188946,0.0193205,199.0,175.0
103,1692,139633,0.0,0.0005365557756692066,6.376247662629784e-05,0.0005365557756692066,0.3641311588514121,8.436965116154674,5.578657758717827,-12.708322806248837,12.096736281294723,0.03232302402005844,12.708322806248837,0.00610101730896163,12.565789984616348,6.752377847853583,-2.1656125338998535,2.4487357497468647,-0.026238744458173285,2.4487357497468647,0.15533304766954464,2.039087657997382,1.1606765207796008,0.20801224972631016,1.388392420783482,0.7955671431816821,0.0,1.4921273967688293,0.8108660537185591,0.0021591542892829274,1.4141640324946014,0.8887436417159736,0.00021396657099922406,-0.763373616763436,0,0,0,0.01337249432131471,0.6089177121893788,612,0.2535,0.00378,0.828966619439619,-0.19962049942654905,0.9327362932443228,0.06820600834077341,0.0387354632096249,1.6539612465182112,0.029327342738303886,0.013377744648317758,2.19224865695069,0.015388188782236278,0.302593559385357,384,229,35,35,0,0.2647,592,0.594082561602485,-0.021871,-0.021871267203657396,130.0,373.0,-0.0845286,0.0676946,-0.0499478,0.0280505,0.0360685,-0.7133784,0.5434214,0.2817737,-0.3411569,0.6182005,-0.7378412,0.4143684,0.5328125,475.0,374.0,0.1077937,0.0519167,0.0161718,-0.01066,-0.0481683,0.5028445,0.2971891,0.0264438,0.8112501,0.581414,0.3114948,-0.2053286,-0.9277991,256,2.5221781766845547e-11,5.466256001542925e-12,7.971139873522737e-12,1.5706233769418923e-07,6.798014973049535e-05,-3.5324113643901825e-13,36.10240932552176,8.564106324303118,11.254303063328319,3.104698865085533,1.0075723964313321,1.3002438044588613,0.26710946189473284,0.0,0.029696672870304267,2.392735463404657,0.014985392393862408,1.5109074349760425,0.056253929355155656,0.002869458708760607,0.0027602150974455008,0.7223345222404093,0.5013801075487226,621.4871883417953,289.78347097523573,0.6091700567054482,0.6091702876470817,0.609170287691728,0.7614628595588521,1.851574811577364e-06,1000,0.3003,0.2915,-0.05337,0.045213,2,0.0773,0.2302,9.6e-05,12.097,6.0487,2.0,0.345,0.7105,1.67583,0.17525,0.9749,0.9524,0.9769,0.5301,2.9114,1.6175,18.0751,4.7311,7.7638,2.6667,80,0.0707,0.8416,43,0.1474,0.6096,1.0,0.1115077,0.1108692,0.0028712,-0.0009514,0.0533426,-0.0707843,0.0886384,184.0,189.0,0.0876199,0.083514,0.0239922,-0.0361712,0.0419508,-0.0415116,0.0692202,201.0,173.0
104,1694,139636,0.0,0.0005552515609812353,6.56799277854552e-05,0.0005552515609812353,0.3627784113928526,8.42949572353168,5.582994293557727,-13.479748200453049,12.061446382574834,0.03123098365554854,13.479748200453049,0.007543715809379847,12.564339414425683,6.740686112609829,-2.196234208668033,2.490852905219053,-0.026266231920760014,2.490852905219053,0.15690867773463402,2.0448618980392292,1.1627931215122704,0.2095476954666192,1.4416089545035005,0.7990110526899961,0.0,1.506269003529472,0.81983004888285,0.0012383002372431395,1.414175309054297,0.8939533192780407,4.040162164070484e-06,-0.7642158378882269,0,0,0,0.0138353713304924,0.6078597120606509,614,0.249,0.00556,0.8349514324334166,-0.20256219010954166,0.9406604029756732,0.07463146629186987,0.04264984742999729,1.6540022514540225,0.03036784828554536,0.01384114332185376,2.19402744263168,0.01597460760364309,0.30064546355276495,389,226,38,38,0,0.2599,594,0.592968525658677,-0.001802,-0.0018021693979028974,130.0,373.0,-0.0846219,0.0709864,-0.0502867,-0.0271167,-0.0421307,-0.0313488,-0.3014602,-0.4493908,-0.8403493,0.6184406,-0.7083996,-0.381998,-0.5935045,475.0,374.0,0.1067767,0.0367301,-0.0084767,-0.0119554,0.0336796,0.7545236,-0.5850366,0.2861903,-0.080755,0.5797474,-0.2307837,-0.3254922,0.9169481,256,2.7910716603783625e-11,5.5348720533959866e-12,8.331391509416054e-12,1.5621485440250436e-07,7.032312443598041e-05,-1.5458552684921173e-14,22.170477764834274,5.776319393024269,7.227976527858294,3.1220952747477106,1.004768363661959,1.2939927927792907,0.018720770078379256,0.0,0.018315920018259144,1.6406804962412858,0.01834313227213096,1.68239484394963,0.029672253785142814,0.00494938784211827,-0.0024103141660794295,0.7304909037300386,0.4987948429169602,621.4872179204895,289.7834847670191,0.6091700486569557,0.6091702876451766,0.609170287691728,0.7614628595564706,1.9160911168821367e-06,1000,0.301,0.2925,-0.05517,-0.003478,2,0.0759,0.2249,6.3e-05,12.097,6.0485,2.0,0.34527,0.70892,1.6751,0.17535,0.9752,0.9528,0.977,0.5301,2.918,1.6211,17.9212,4.8807,7.8083,2.6759,80,0.1374,0.5879,43,0.1286,0.9231,-1.0,0.0685364,0.0901891,-0.1364162,-0.0113508,0.0255214,0.0305479,0.0413928,184.0,189.0,0.084755,0.0558519,0.20556,4.45e-05,-0.0604098,0.0254097,0.0655362,201.0,173.0
105,1695,139637,0.0,0.0005748705130745063,6.755936391736316e-05,0.0005748705130745063,0.3626591580024592,8.426517388468994,5.58497932162092,-12.283270829714871,11.93614538946222,0.0322955108711056,12.283270829714871,0.0022893610880643377,12.5611331476832,6.69495268600984,-2.2172071214182796,2.5222504096858276,-0.026727107438785137,2.5222504096858276,0.15794161804818216,2.0503562838673957,1.164590267929257,0.2098748483519738,1.2812188624144778,0.8027983888012196,0.0,1.5204107021028794,0.8284712096533408,0.0016103174578572244,1.4141759579874886,0.8952236413674456,2.2340470926433198e-05,-0.7649762283373289,0,0,0,0.014142172001190691,0.6070278019158154,615,0.2436,0.00351,0.8416651613356225,-0.206119775171055,0.945764008818055,0.027221276575357937,0.044969928296706554,1.645685878526217,0.031079798982098446,0.014148456056902282,2.1966919116193075,0.016405753160973893,0.3057987483682064,386,230,40,40,0,0.2561,594,0.5914309370100943,-0.013191,-0.013191372631712994,130.0,373.0,-0.0899964,0.0008901,0.0008761,-0.0001414,-6.77e-05,0.0565032,-0.9601426,-0.128817,-0.2415364,0.6181516,0.9843551,-0.1589145,-0.0760998,475.0,374.0,0.1056631,0.0392606,0.0095667,-0.0338734,0.0173916,-0.8645331,-0.388938,0.1263615,-0.2921346,0.5782645,0.2436721,-0.8627823,0.4429792,256,2.5024381389633062e-11,3.94046437252818e-12,5.634016741526747e-12,2.7118215339296537e-07,7.244588047326597e-05,-1.0846187195335926e-12,23.64047190145739,5.891904500137385,7.224290055819191,3.1368289884424865,1.150761306499196,1.4794474458888196,0.07758736856351917,0.0,0.013263958853117645,1.0290706769445903,0.016765943275478163,2.132171968203811,0.024601448699600414,-0.002621088044364392,-0.0012935475818385935,0.7261329113394074,0.49935322620908074,621.4872305909175,289.78349067491337,0.6091700402110249,0.6091702876443486,0.609170287691728,0.7614628595554357,1.983793182060226e-06,1000,0.3032,0.2946,-0.05959,-0.00248,2,0.0751,0.2053,0.000206,12.094,6.0472,2.0,0.34551,0.70885,1.67238,0.17609,0.9751,0.9531,0.9775,0.5304,2.9214,1.623,17.7717,5.0081,7.8309,2.6805,80,0.1617,0.3255,43,0.2574,0.2418,1.0,0.0537256,0.0452032,0.0861472,-0.0059329,0.0061785,0.0483198,0.0490732,184.0,189.0,0.0234522,0.0720849,-0.5090445,0.0084088,0.0283187,0.0004522,0.0295443,201.0,173.0
106,1695,139637,2.028986169460984e-11,0.0005928752586864043,6.986003163660922e-05,0.0005928752586864043,0.36355367518871373,8.42782362381177,5.585002582759958,-12.418659183249657,12.056240666338786,0.03179827905135443,12.418659183249657,0.0021700348033466435,12.565164923721747,6.692475065443174,-2.241560488023376,2.565066831592489,-0.026953097306591532,2.565066831592489,0.15941124632297968,2.0545476961067277,1.1669705720284478,0.21102450605282333,1.3512864603750598,0.8044871609290684,0.01414012618208773,1.534552374128944,0.8383036839815898,7.251630578941626e-05,1.4141754902856907,0.8911954064273935,4.966270805125066e-05,-0.7656650164600298,0,0,0,0.015012073634653221,0.6065302426685302,615,0.2459,-0.0002,0.8473450028686178,-0.20950239342052002,0.9551044956369754,0.07918551028678593,0.05087960662496566,1.6453089167644337,0.032722556062403485,0.015019131841384013,2.1787248695852783,0.01732677179417488,0.3017755311554437,388,229,38,38,0,0.2561,592,0.5895155982663828,-0.01851,-0.018509819048249776,130.0,373.0,-0.0929746,0.0496955,-0.017397,0.0331595,-0.0326717,0.7082425,0.129604,-0.6360012,-0.2776649,0.6204131,-0.3500722,0.6672529,-0.6574367,475.0,374.0,0.1040292,0.0117525,-0.0079354,-0.0005551,-0.0086512,0.9381763,0.0636782,-0.0432592,-0.3374893,0.5764522,-0.6752093,-0.0472339,-0.7361123,256,7.434311725900893e-11,4.008059500392063e-12,7.682305745838583e-12,2.23480345072933e-07,7.486364647032801e-05,3.236428083222797e-13,19.361679012076834,5.744093054316622,7.070879358613303,3.11079651060271,1.138532459934945,1.4461269972669955,0.08397606138036515,0.0,0.01701224989721003,0.5837502839394524,0.02645010724565366,2.2200355081216796,0.041706125365044304,0.000559999034208637,-0.0005571514363887393,0.7262084701508353,0.4997214242818056,621.4873017937537,289.7835238749622,0.6091700324600411,0.6091702876395583,0.6091702876917193,0.7614628595494478,2.045924663895737e-06,1000,0.3029,0.2953,-0.06309,-0.006293,2,0.0757,0.1968,0.000194,12.09,6.045,2.0,0.34598,0.70866,1.66996,0.17567,0.9751,0.9531,0.9775,0.5304,2.9218,1.6232,17.774,5.0087,7.8319,2.6805,80,0.1099,-0.3093,43,0.3267,-0.2105,2.0,0.0526189,0.0958945,-0.2913914,0.0230495,-0.0599083,-0.0064485,0.0645126,184.0,189.0,0.0283978,0.0610561,-0.3650854,0.0295605,0.0065819,0.0305368,0.0430075,201.0,173.0
107,1697,139639,0.0,0.0006096165007468332,7.207098304743793e-05,0.0006096165007468332,0.3643185934030367,8.427803171139761,5.586302080654777,-12.549099521192717,10.753758557757784,0.035842338914700615,12.549099521192717,0.0013427073444685078,12.565745436130834,6.69991870337673,-2.267912571485448,2.5860036168487768,-0.02708909148147999,2.5860036168487768,0.16185460878201569,2.0595362583805676,1.1696997946922019,0.2123291140123775,1.4237628517911949,0.8093997951724038,0.0,1.5486906806987588,0.8461922261405418,0.0015281113717912076,1.4142055202773751,0.9171960956853951,8.654119122864944e-05,-0.7662701909735806,0,0,0,0.015859635429344775,0.6063533078023778,616,0.2476,-0.00377,0.8560373444125543,-0.2111998215005256,0.9647883501015133,0.06428974696221598,0.046051846569780876,1.6406233645273856,0.03446265867963828,0.015867402811806416,2.1719155357923947,0.018312480684341055,0.3026852713732978,386,232,37,38,-1,0.2578,593,0.5893177067431912,-0.035933,-0.03593332615407485,130.0,373.0,-0.0984478,0.07492,0.0381429,-0.0626668,0.0151986,-0.2384856,0.5765896,0.1401301,0.7687864,0.6224676,0.5091151,-0.8364494,0.2028649,475.0,374.0,0.1028679,0.1088258,-0.0137872,-0.0986671,-0.0437924,0.5059356,-0.2605966,0.0403918,-0.8212716,0.5732625,-0.1266901,-0.9066515,-0.4024087,256,3.825150065692695e-11,4.600336312542556e-12,6.671935766303776e-12,1.958447125555533e-07,7.732469423406666e-05,-1.1264740022005648e-12,21.38395455901931,5.355955188866518,6.507107097695811,3.1262854428446794,1.0304845288173643,1.3514515095835602,-0.004510023555160378,0.0,0.039575752541716996,1.1528405208113122,0.005805938980134296,1.539288315787958,0.07534633595090914,-0.002799054113301558,0.001409189255780015,0.7320789198013768,0.50070459462789,621.4873046140555,289.78352518999634,0.609170025252987,0.6091702876393638,0.609170287691728,0.7614628595492047,2.1036961999380006e-06,1001,0.3058,0.2969,-0.06617,0.054531,2,0.077,0.1912,0.000144,12.087,6.0436,2.0,0.34613,0.70906,1.67082,0.1756,0.9749,0.9534,0.978,0.5303,2.9236,1.6242,17.7363,5.064,7.8503,2.6851,80,0.1009,-1.0,43,0.2275,-0.569,1.0,0.1210206,0.0805765,0.2006183,-0.0366288,-0.0272268,0.046616,0.0652382,184.0,189.0,0.1513811,0.0636284,0.4081339,-0.0020329,-0.0428084,-0.0434304,0.0610155,201.0,173.0
108,1698,139640,0.0,0.000629308416019147,7.43150984590768e-05,0.000629308416019147,0.36420506833218785,8.424833153023613,5.588190859427086,-12.639552003421613,12.159562232800583,0.039139569811627424,12.639552003421613,0.0016342191010512153,12.563259325036679,6.7027159351094,-2.296140771418455,2.606179353678513,-0.027760244956795906,2.606179353678513,0.1643129691305925,2.0642587974196975,1.1727812104940685,0.213739604121261,1.2699710649228373,0.8076176039526333,0.0,1.5628272103398135,0.8545522565040579,0.0009137377432369975,1.4141671567531926,0.8982295978595388,0.00013452792151423429,-0.7668015336328464,0,0,0,0.016667464084161934,0.6054267719032528,617,0.2542,-0.00495,0.8619545199365268,-0.21379428134439285,0.9739179457581069,0.08168566945711071,0.0409484944500196,1.647753901739585,0.03607575545929816,0.01667832524462528,2.1630322547477516,0.019234747599662268,0.3036486049294748,388,231,42,43,-1,0.2645,594,0.5883476203389654,-0.022033,-0.022032943558701668,130.0,373.0,-0.1030374,0.0471817,-0.0032675,0.0053117,0.0467678,-0.8984339,-0.3791295,0.1540174,-0.1592355,0.6249843,-0.0692527,0.1125799,0.9912264,475.0,374.0,0.1020152,0.0572544,-0.0452535,-0.0134665,0.0323858,0.7822841,-0.5307496,-0.1288066,0.2995751,0.5714502,-0.7903939,-0.2352045,0.5656468,256,3.1313283406867055e-11,6.324695684469986e-12,8.557950007817608e-12,1.5698927064567316e-07,7.976020485117614e-05,1.4637290702784358e-12,21.4818629627597,5.645933423902544,6.950837370121748,3.1150970689331516,1.3494930851530158,1.615751469630351,-0.025476895954501873,0.0,0.010763094162203907,1.775628083054036,0.01597862044273964,2.2287866413056068,0.025418299825013396,-0.004103277966665258,0.0003430577714483323,0.7207160610534634,0.500171528885724,621.4872919075019,289.7835192652576,0.6091700167756362,0.6091702876402372,0.609170287691728,0.7614628595502965,2.1716501256343024e-06,1001,0.3034,0.2932,-0.06406,0.044067,2,0.0782,0.2047,0.000213,12.085,6.0423,2.0,0.34658,0.70861,1.67009,0.17684,0.9752,0.9534,0.9776,0.53,2.9274,1.6263,17.6375,5.1578,7.8741,2.6898,80,0.093,-0.9376,43,0.0783,-0.9999,-1.0,0.0436067,0.1190286,-0.463749,-0.0034677,0.0025084,-0.0844951,0.0846034,184.0,189.0,0.1012223,0.059858,0.2567932,-0.0028134,-0.0109306,0.0652739,0.0662426,201.0,173.0
109,1702,139644,0.0,0.0006474455145140654,7.553131268760924e-05,0.0006474455145140654,0.3630701373217058,8.415955487905114,5.5931186900992,-12.349103631564589,11.51757622319756,0.04542224665704468,12.349103631564589,0.001263398656375953,12.557690906390555,6.702218509016973,-2.3110218698489797,2.6371673909775053,-0.028428645233939075,2.6371673909775053,0.16480036194649378,2.068692998060513,1.1742904830662988,0.21473648225219683,1.3180295475127455,0.8086994341637794,0.0,1.5769689452358213,0.8617469870903174,0.000688168252936161,1.41416893662236,0.8999829004015967,0.0001926525285969103,-0.7672502654336543,0,0,0,0.01661552891359343,0.6048062787063431,620,0.2533,-0.00544,0.8629541068769134,-0.2168886547055249,0.9793379558719201,0.11185837682907207,0.03827125280465497,1.6370836182911885,0.03626050061823481,0.016626833798918106,2.180842189003793,0.01935352679348837,0.30457049413970266,392,230,39,39,0,0.2637,597,0.5877045216343413,0.008132,0.008132110392217617,130.0,373.0,-0.1078841,0.1164505,0.0798902,-0.0460694,-0.0711047,0.6216751,0.0063604,-0.726904,-0.2917021,0.6224903,0.6860444,-0.3956137,-0.6106004,475.0,374.0,0.1022594,0.0384816,-0.013606,0.0324272,0.0156266,-0.6126488,0.1089296,-0.1345786,-0.7711578,0.5688401,-0.3535699,0.8426671,0.4060794,256,3.732064391480482e-11,5.559159862346274e-12,8.70939567226185e-12,2.0654074078012844e-07,8.158837286776609e-05,-4.2843354161582015e-13,23.659340078805208,6.143228143526198,7.716566161087633,3.130606540412501,1.0376360838515117,1.35200231326255,-0.21340627546809435,0.0,0.036651322576763186,1.2878904409686747,0.04930483296171594,0.9039333787700683,0.024015149952996806,0.0016436341395251405,0.00305488713290739,0.7245510410939612,0.5015274435664536,621.4873332389477,289.7835385370464,0.6091700089676536,0.609170287637369,0.609170287691728,0.7614628595467112,2.234238417346453e-06,1002,0.3014,0.291,-0.06369,0.003623,2,0.0773,0.1945,-6.3e-05,12.085,6.0427,2.0,0.34637,0.70775,1.66843,0.17661,0.9749,0.9545,0.979,0.5306,2.9358,1.631,17.2479,5.5047,7.924,2.6991,80,0.0504,-0.436,43,0.1471,0.3645,3.0,0.1290486,0.1715707,-0.1414481,-0.0544694,-0.0658364,0.061889,0.1055064,183.0,190.0,0.0218435,0.062328,-0.4809772,-0.0016224,-0.0139175,-0.0133468,0.0193511,201.0,173.0
110,1702,139644,8.177387674235221e-12,0.0006617596149915418,7.714870109750133e-05,0.0006617596149915418,0.36398086429219473,8.41711068074896,5.593146990759397,-12.21650724383628,11.929489854749754,0.0480317307272704,12.21650724383628,0.0013376151128792202,12.553857709209002,6.680001779508438,-2.3312599115573143,2.6651460574926857,-0.028338378341825333,2.6651460574926857,0.1671240663916043,2.0728336030811745,1.1772243224379737,0.21615499131533825,1.3236674079103665,0.8159667946782516,0.014138312593554478,1.5911105027215817,0.8711770188473574,0.0012333580344318085,1.4141699592068475,0.9007642332542694,0.00026005787250865697,-0.7676329659880412,0,0,0,0.017076364998544223,0.6050213547657745,620,0.2579,-0.00333,0.8682744869116669,-0.21598499703563953,0.9901745253114587,0.038567624602181896,0.04409755370380368,1.6354410165469329,0.03737697160161765,0.017088276253916842,2.1872874154319923,0.019973714679854346,0.3083563465844659,392,230,38,38,0,0.2683,597,0.5878445920668984,0.018623,0.01862278115950966,130.0,373.0,-0.1010685,0.0532021,0.0205207,-0.0198788,0.0448798,0.5141357,-0.1972984,-0.7302041,-0.4044004,0.6207794,0.385713,-0.3736463,0.8435721,475.0,374.0,0.1031827,0.0628839,-0.0430443,0.028465,0.035935,0.5915557,-0.2755791,-0.2453953,-0.7168676,0.566684,-0.6845034,0.4526589,0.5714499,256,3.4851169625136944e-11,6.604238126260053e-12,9.250833463861741e-12,3.0394256861793145e-07,8.37222086265772e-05,-3.5690436364323693e-13,16.286091118327008,5.815517565767937,6.848405908707493,3.1353473752743066,1.091357122075725,1.4037577663299483,-0.11012547281016075,0.0,0.030553261730590555,2.371495005846862,0.031028842539346596,1.1837432801208458,0.06168654048796224,-0.001733284796593247,0.00025195179402358146,0.728793141703562,0.5001259758970119,621.4873894791161,289.78356476038863,0.6091700028055017,0.6091702876333416,0.6091702876917245,0.7614628595416769,2.2836340478409343e-06,1002,0.3041,0.2932,-0.06431,0.002343,2,0.0793,0.1948,4.1e-05,12.086,6.0429,2.0,0.34657,0.70608,1.66626,0.17498,0.9749,0.9544,0.979,0.5306,2.9361,1.5904,17.2496,5.5227,7.9248,2.6991,80,0.0671,0.5895,43,0.2714,0.6243,2.0,0.0886538,0.0399122,0.3791176,-0.0144311,-0.027068,0.0192295,0.0362037,183.0,190.0,0.0940913,0.0856439,0.0469989,-0.0026617,0.0632466,-0.0193713,0.0662002,201.0,173.0
111,1703,139645,0.0,0.0006814784589310445,7.924558726981416e-05,0.0006814784589310445,0.36410588062288224,8.413934393350715,5.595106619637921,-12.57850800597095,12.228051132352524,0.049419112579865934,12.57850800597095,0.0006003237964904429,12.553665682932138,6.682213045417995,-2.362687588820903,2.6943015199377762,-0.02891171782964359,2.6943015199377762,0.16951391748982256,2.076635152911653,1.1803189733613624,0.21766805044454288,1.3046367129536884,0.8067437356850753,0.0,1.6052485417201274,0.8795800015848094,0.0004333845117586721,1.4142027913507966,0.9689771088180622,0.0003360213816181012,-0.7679454176788705,0,0,0,0.017494747432232186,0.6049245241359518,621,0.2538,-0.00271,0.8765052768633474,-0.21596784290811336,1.00051229704263,0.0754099504717443,0.0462880312146484,1.6366493963153088,0.03840916905578029,0.017507561841416296,2.1938616812375704,0.02056982268826659,0.30727736234190917,391,232,41,41,0,0.263,597,0.5869879924510146,0.008055,0.008055317412477558,130.0,373.0,-0.1016289,0.0672892,-0.0334065,-0.0009059,-0.058404,-0.5911038,-0.5798518,-0.3666436,-0.4241942,0.6194888,-0.4964611,-0.0134628,-0.8679546,475.0,374.0,0.1014655,0.0724957,-0.0112069,0.0370498,0.0612972,-0.0260925,-0.3729133,0.9183977,-0.1296165,0.5654366,-0.1545867,0.5110621,0.8455285,256,2.877966582909625e-11,5.439143829700708e-12,8.034629885950868e-12,1.8879912353605384e-07,8.61767669744383e-05,-5.74118820225733e-13,21.426408721928826,6.483583949543046,7.684237533876356,3.0929183565189033,0.9548470740649807,1.2226710144093027,-0.05902104613845624,0.0,0.05343213773438717,1.9978434338685604,0.039515103904309894,2.3536555799014205,0.040542277934274666,0.00028354462181346893,0.00035112105664567977,0.7244602170306007,0.5001755605283228,621.4874097176514,289.7835741970964,0.6091699943166162,0.609170287631858,0.609170287691728,0.7614628595398224,2.3516807701030587e-06,1002,0.305,0.2948,-0.0706,0.034707,2,0.0781,0.2041,-0.000121,12.088,6.0439,2.0,0.34649,0.70635,1.66658,0.17667,0.9748,0.9548,0.9795,0.5308,2.9395,1.5922,17.1469,5.6165,7.9474,2.7037,80,0.0712,0.9915,43,0.2283,0.7433,-1.0,0.1470262,0.0318725,0.6436814,-0.0427125,-0.0317651,-0.044478,0.0693662,182.0,191.0,0.0318909,0.1912002,-0.7140996,0.0075868,-0.0303814,-0.0955947,0.1005929,201.0,173.0
112,1703,139645,1.7110951875783967e-11,0.0007022134270304299,8.130528145836648e-05,0.0007022134270304299,0.36503054483449926,8.415057614086546,5.595140255216946,-12.366979437088391,10.437858936509354,0.050568643670975806,12.366979437088391,0.0008136742042879064,12.56185367395148,6.679280438881582,-2.3866480209916077,2.7447489224349226,-0.02915931649526851,2.7447489224349226,0.17164819773441647,2.0801940918159487,1.1831715696483298,0.21909397475992765,1.370543490273102,0.8150899561053048,0.014085357577940051,1.61938493103297,0.8884195105635997,0.0010663578618107517,1.414174902766096,0.9045872153163305,0.00042037185092055933,-0.7681552448279952,0,0,0,0.017950128704624285,0.6050845303123424,621,0.2513,0.00107,0.8851641516396224,-0.21755078908786635,1.00933776934545,0.06452259590745761,0.04870993156043475,1.6405615836329643,0.03954567046866178,0.017965163145208067,2.201241934126826,0.021248491009379013,0.30686717000222724,391,232,48,48,0,0.2604,597,0.5870819053998424,-0.000304,-0.00030441294548189113,130.0,373.0,-0.099578,0.0482358,-0.0344216,-0.0258772,0.0217306,-0.3893758,0.8038359,0.0829083,0.4419962,0.6172836,-0.7136104,-0.5364729,0.4505075,475.0,374.0,0.1006041,0.065519,-0.0425985,0.0348833,0.0355142,0.9960791,-0.0725181,-0.004303,0.0504887,0.5637072,-0.6501708,0.5324146,0.5420449,256,4.9691639173391313e-11,8.678678921304967e-12,1.2398816965800183e-11,4.170185601981615e-07,8.863867943612744e-05,-6.660781913151134e-13,21.639359767299187,6.381055618699833,7.779049675402936,3.136109800687678,1.1219604917720907,1.494866313164439,0.0657120247947499,0.0,0.025774026382289875,1.4814620941243741,0.03923100871680625,0.5982455589191695,0.03246790863221963,-0.0002485707119002193,-0.0025368141744728733,0.7229697551735186,0.4987315929127636,621.4874406020523,289.7835885976972,0.6091699853902218,0.6091702876295568,0.6091702876917208,0.761462859536946,2.423233939604854e-06,1002,0.3061,0.2963,-0.07047,0.044422,2,0.0775,0.1932,9.5e-05,12.089,6.0443,2.0,0.34615,0.70565,1.66577,0.17713,0.9748,0.9548,0.9794,0.5308,2.9397,1.5923,17.1482,5.6169,7.9481,2.7037,80,0.1309,0.8095,43,0.0941,0.9535,-2.0,0.0905445,0.1449628,-0.2310685,0.0477566,0.0321377,-0.1019169,0.1170494,182.0,191.0,0.049723,0.1130691,-0.3891225,0.0428289,0.0164234,-0.0164765,0.0487393,201.0,173.0
113,1704,139646,0.0,0.000721810921499966,8.35862998719561e-05,0.000721810921499966,0.36668844997317007,8.419070881601023,5.594208300859506,-13.968177189379993,11.989375743222094,0.051714814447477234,13.968177189379993,0.0008064133179175315,12.561025817105588,6.661631026857477,-2.4048285102891946,2.770491161668593,-0.028937305446225414,2.770491161668593,0.17375428770442777,2.083455093424587,1.186070423964381,0.2205686319878947,1.314294125820299,0.8153901020749927,0.0,1.6335230569816053,0.8967937874382105,0.00036538425042831335,1.414195419288522,0.969314253403547,0.0005125766512273649,-0.7682913391804272,0,0,0,0.018534858386921864,0.6052205408714146,621,0.2448,0.004,0.8959352447327736,-0.21915981178362345,1.0190724679957277,0.018538560642079725,0.05123417251707588,1.6431384720522595,0.040973613502166314,0.01855197464022254,2.2085850318774916,0.02208072978113029,0.30078657214301563,392,231,46,46,0,0.2535,597,0.5871525741047067,-0.013192,-0.013191755453743292,130.0,373.0,-0.0991129,0.0422702,-0.0197541,-0.0212334,-0.030752,0.9204284,-0.10242,0.3129748,0.2106383,0.6155245,-0.4673307,-0.5023256,-0.7275101,475.0,374.0,0.1001178,0.0291874,0.009685,0.0122561,-0.0246554,-0.2771796,0.62403,-0.1246937,-0.7198677,0.5623733,0.3318212,0.4199116,-0.8447301,256,4.2320872029821213e-11,1.0746942986533835e-11,1.3963567275589834e-11,1.7057533508790378e-07,9.12806835593281e-05,2.0090502478151793e-12,25.900130806170363,6.676613212942,8.274955198549579,3.140467101910061,1.0436657375007932,1.3774517644712847,0.06946875921713769,0.0,0.013154235114798513,1.8086033758518338,0.023866564745118286,0.5288136385934032,0.024686242031687237,-0.003234576977886117,-0.0037816264476465858,0.7246044517586725,0.49810918677617677,621.487474081358,289.78360420823526,0.6091699769535704,0.6091702876270133,0.609170287691728,0.7614628595337666,2.490861839723964e-06,1003,0.3044,0.295,-0.07069,0.040497,2,0.0751,0.1661,4e-06,12.089,6.0446,2.0,0.34614,0.70494,1.66488,0.17724,0.9747,0.9547,0.9795,0.5305,2.9378,1.5913,17.2352,5.5609,7.943,2.7037,80,0.0992,0.6502,43,0.1115,-0.3663,2.0,0.0636295,0.0338991,0.3048377,0.0035683,0.0065491,-0.0222416,0.0234587,182.0,191.0,0.052195,0.0838522,-0.2326933,0.0031303,-0.060123,-0.0043558,0.0603618,201.0,173.0
114,1704,139646,3.4441054645002575e-11,0.0007429288756948294,8.569778181085916e-05,0.0007429288756948294,0.36764501915270165,8.42012367079449,5.594247358061743,-12.537918235208048,12.15094884396919,0.05209977606801111,12.537918235208048,0.0003518925767558301,12.564529954224408,6.694800866244027,-2.422088454671881,2.8145061304593835,-0.02915757764634646,2.8145061304593835,0.17618190453580834,2.0864904383188527,1.1890889334179418,0.22210922011361892,1.3952872666065324,0.8193032117959784,0.014138183268902428,1.6476593692959862,0.9056969148405417,0.0006126440505607178,1.4141661010134348,0.8978353965315314,0.0006123983061057664,-0.7683437685962581,0,0,0,0.01901411707587683,0.6050598766676,621,0.244,0.00265,0.9027225419978562,-0.22149420917885962,1.0284599449284753,0.061200698729056716,0.050952794991186955,1.6379204888334606,0.04233994448280355,0.019034061391867335,2.2244303835698513,0.02289657313152579,0.3016589608630643,393,230,39,39,0,0.2526,597,0.5869473838826716,-0.005033,-0.0050328152514067526,130.0,373.0,-0.0995276,0.0787195,0.0058409,-0.0190585,0.0761539,-0.0630762,-0.1013798,-0.779112,0.6154088,0.612954,0.0741985,-0.242107,0.9674083,475.0,374.0,0.099166,0.0792902,-0.0178379,-0.0743421,0.0210239,0.0681276,0.0260436,-0.8244615,-0.5611983,0.5603898,-0.2249692,-0.9375948,0.2651508,256,5.281325280825716e-11,1.6336998564959083e-11,2.0693349245377037e-11,2.848348612860272e-07,9.373092863503291e-05,2.6018494669535036e-12,20.865956784017914,5.925238783958805,7.055242906982978,3.1347117066302026,1.1427202688148428,1.5586936701525667,-0.08551708960340093,0.0,0.027888192432480027,1.4042078588342086,0.028014982155973093,0.7577907742424267,0.03583487033336866,-0.0033393214864938987,0.0016941367007956268,0.7316153679932852,0.5008470683503978,621.4875381818763,289.78363409665616,0.6091699678623961,0.6091702876220013,0.6091702876917132,0.7614628595275016,2.5637364857086043e-06,1003,0.3014,0.2921,-0.07533,0.050325,2,0.0742,0.1646,0.000226,12.087,6.0437,2.0,0.34627,0.70317,1.66405,0.17668,0.9747,0.9547,0.9795,0.5305,2.938,1.6322,17.212,5.5613,7.9436,2.7037,80,0.0489,-0.1723,43,0.2058,-0.8442,4.0,0.0532816,0.1062839,-0.332167,-0.0225531,0.0173101,-0.031214,0.0422208,182.0,191.0,0.0984336,0.0942133,0.0219069,0.0136297,-0.0029942,0.0545243,0.0562817,201.0,173.0
115,1704,139646,2.7336889383490887e-11,0.0007630636686726934,8.806539431431624e-05,0.0007630636686726934,0.3686118898376783,8.42115751031605,5.594287890106122,-12.625368357727679,11.888337608731524,0.05139375834989117,12.625368357727679,0.0004455184526133138,12.557420301966461,6.665592520598956,-2.4645488861475235,2.8573344877477544,-0.029414237922285178,2.8573344877477544,0.17840277249416098,2.0892765458670923,1.1918768622919398,0.22339477681331174,1.4143592046459033,0.8130221716300619,0.014138197411018053,1.661797170302782,0.914546025629586,0.003551222816767785,1.414200600793611,0.9771192044296825,0.0007190278352697276,-0.7683170695016681,0,0,0,0.019587326761435528,0.6051614607686937,621,0.2432,0.00212,0.9093729789577898,-0.22378559677102813,1.0384025645104757,0.05605690726606322,0.048566883301171926,1.6247127790670257,0.043831232866584836,0.019609132893338585,2.2352458471774006,0.023775648605006708,0.30229355974984345,392,231,39,39,0,0.2518,597,0.5869876952573091,-0.014507,-0.014507387785680947,130.0,373.0,-0.0997199,0.0536803,0.020528,-0.0246016,0.0430689,0.285148,0.0894593,0.1849348,-0.9362087,0.6106492,0.3824128,-0.458299,0.8023231,475.0,374.0,0.0988276,0.0265889,-0.0228628,0.0123569,-0.0056186,0.62658,-0.3189481,-0.5208231,-0.4841621,0.5591511,-0.859862,0.4647398,-0.2113155,256,6.54389933769631e-11,1.0494307601830784e-11,1.4560066747087178e-11,4.0391620822700837e-07,9.6494767718533e-05,-1.7895446871349508e-12,19.432311130318485,5.653981546038359,6.85090228955441,3.0980226768585966,0.8836021543366531,1.2028996486077532,-0.1326777983249644,0.0,0.009322909149214777,1.17393553995645,0.030077987245045266,0.7576303568552288,0.03860409901697381,-0.0016373826302619274,5.487356559300269e-05,0.7233740988196276,0.5000274367827966,621.487600414092,289.7836631139357,0.609169959194447,0.6091702876169564,0.6091702876917162,0.7614628595211954,2.6332183825444842e-06,1003,0.3025,0.2937,-0.08066,0.047236,2,0.0743,0.1706,2.3e-05,12.087,6.0437,2.0,0.34643,0.70134,1.66326,0.177,0.9747,0.9547,0.9795,0.5305,2.9383,1.6324,17.2378,5.5442,7.9442,2.7037,80,0.1166,-0.9989,43,0.2362,-0.9688,4.0,0.0619674,0.1125264,-0.289747,-0.0728936,0.0207714,-0.024215,0.0795695,182.0,191.0,0.0370286,0.0871112,-0.4034368,0.0378659,-0.0329851,-0.0260816,0.056587,201.0,173.0
116,1704,139646,1.0794832285185687e-10,0.0007858070951420161,9.01585055569983e-05,0.0007858070951420161,0.3695853245978453,8.422129659127535,5.594327152305777,-12.488997096370497,11.953260168458232,0.05339026542187996,12.488997096370497,0.0006694192950558175,12.562871070138689,6.673707343511742,-2.5005731847994377,2.895923143635447,-0.02963139206718141,2.895923143635447,0.1798824050843766,2.091824722506952,1.1938840085872404,0.22423545469659711,1.328943239614917,0.8151379758203079,0.028280200785949478,1.675938867460224,0.9242372376632976,0.0043239962504588725,1.414197756352009,0.9472458815322772,0.0008324495436668236,-0.7681951857071061,0,0,0,0.01986610695947902,0.6054064460320417,621,0.243,0.00111,0.9168980758681453,-0.22651289420180873,1.045680093137309,0.04201803714531702,0.04098084626858808,1.6251272307717022,0.04474693178724492,0.019888728003297943,2.24986393196312,0.024337535040832126,0.2999409200405903,393,230,35,36,-1,0.2515,597,0.5871731204258118,-0.00802,-0.008019670111149235,130.0,373.0,-0.1019179,0.0836332,-0.0061927,-0.0031944,-0.0833424,-0.9738579,0.210658,0.0793235,-0.0305259,0.608305,-0.0740461,-0.0381954,-0.9965231,475.0,374.0,0.0970574,0.0641259,-0.0278841,0.0520189,-0.0250727,-0.8339935,0.4570913,-0.0153677,0.3086847,0.5573161,-0.434834,0.8111998,-0.3909913,256,1.351038294011261e-10,1.6375560034696183e-11,2.581164604010129e-11,2.5907568405424757e-07,9.893280240589984e-05,-7.779543746897592e-13,15.799981744279087,5.737683584516603,6.915254301738063,3.1365013235691235,1.002161032356648,1.3442730148449538,0.022669221408573782,0.0,0.011545231471121194,0.9526206614603114,0.01474095826531954,0.9529430883915927,0.038821861783462704,-0.0016757848295651412,-0.0005468088109449674,0.7229957168284724,0.4997265955945275,621.4876673399119,289.78369431972203,0.6091699494035132,0.6091702876113347,0.6091702876916816,0.7614628595141684,2.711702247383958e-06,1003,0.3033,0.2938,-0.08445,0.019639,2,0.0744,0.1651,9.7e-05,12.088,6.0439,2.0,0.34686,0.69933,1.66007,0.17678,0.9747,0.9547,0.9795,0.5305,2.9384,1.6324,17.3121,5.492,7.9446,2.7037,80,0.1747,-0.9832,43,0.1618,-0.9743,1.0,0.0603787,0.1165988,-0.3176677,0.0292318,0.0212837,0.0377098,0.0522448,182.0,191.0,0.0335429,0.1075488,-0.5245236,0.0025232,-0.0354436,0.0041871,0.0357791,201.0,173.0
117,1705,139647,0.0,0.0008096263438496467,9.242970275508941e-05,0.0008096263438496467,0.3714643703567525,8.426096493261362,5.593516817652895,-11.985636902760007,12.030937435812925,0.05434339446073957,12.030937435812925,0.00014017208053651586,12.56611398818567,6.700157193735738,-2.5174644337177288,2.9264625405936613,-0.02978060219282409,2.9264625405936613,0.18138580111359076,2.094108111626396,1.1960171365835712,0.22547784032984666,1.3415815204336732,0.8157283489960258,0.0,1.6900803506088347,0.9334301805699213,0.0001388018965180482,1.4142020185606579,0.9397218851205333,0.0009519566527176783,-0.7679900419279552,0,0,0,0.02019004490429208,0.6055832244303244,621,0.2434,-0.00015,0.9234851165949995,-0.2290944809462686,1.0536242495012191,0.07248036454473396,0.03332001662962151,1.6203173713716277,0.045757644621154385,0.020213683716304706,2.2636964772653227,0.02495235778553102,0.3038825204503178,390,233,39,40,-1,0.2519,597,0.587295400709987,-0.005502,-0.005502389649202133,130.0,373.0,-0.1032632,0.1056201,-0.0722179,0.0403497,-0.0656665,-0.7248309,-0.5567289,-0.1347171,-0.3827852,0.6060778,-0.6837516,0.3820265,-0.6217231,475.0,374.0,0.0970385,0.07209,0.0014648,0.0263899,0.06707,-0.2840112,-0.6250071,-0.2203997,0.6929125,0.5544867,0.0203191,0.3660684,0.9303661,256,1.0666182827105909e-10,2.2514040737546527e-11,3.285346190440628e-11,2.5418395970346936e-07,0.0001014207623062017,-5.7028843918642874e-12,23.525228139218477,6.102651628398359,7.406962884497774,3.1377319702021924,1.2231372752166694,1.5286866337463114,0.1762491772907523,0.0,0.018206023192747847,2.253045708073676,0.03753726281502276,2.1235529904422275,0.008710924191295242,-0.0025512763994424625,-0.001956253650767432,0.7211441640785881,0.49902187317461627,621.4876591420257,289.7836904972588,0.609169939149341,0.6091702876120343,0.609170287691728,0.7614628595150428,2.7938989335816515e-06,1004,0.3026,0.2925,-0.08872,0.025197,2,0.0743,0.1633,0.000154,12.087,6.0435,2.0,0.34721,0.69734,1.65835,0.17877,0.9746,0.9546,0.9796,0.5302,2.936,1.6311,17.3959,5.4351,7.9381,2.7037,80,0.1425,-0.9314,43,0.1354,-0.2248,2.0,0.0713035,0.1806239,-0.4339362,0.0136635,-0.0544851,0.087113,0.1036532,182.0,191.0,0.0792574,0.0922835,-0.0759359,-0.0350393,-0.0255871,0.0131305,0.0453306,201.0,173.0
118,1707,139649,0.0,0.0008375482463260032,9.510590401482874e-05,0.0008375482463260032,0.37088309279333675,8.418295299333593,5.597444554639445,-12.317514237663227,10.435225083327058,0.05509854603043848,12.317514237663227,0.0015055448003149507,12.56517916108023,6.680270469729876,-2.5482060447314168,2.962727031547774,-0.02982817541892305,2.962727031547774,0.18380520954372828,2.0961188596036915,1.1989653512597762,0.22664909041118306,1.296921101832804,0.8107161218890876,0.0,1.7042165846930253,0.9411473495287069,0.00037130126749918,1.4141635768698047,0.8983722509493833,0.000961953394564453,-0.7677119422274675,0,0,0,0.02063268919970136,0.6055492395729861,623,0.2433,-0.0001,0.9286936652887663,-0.23060194557139563,1.0638300276492416,0.043044773760284524,0.0360238868656723,1.6172861496006095,0.04713327271108238,0.02065935595382307,2.2814492773362685,0.025784970555218063,0.3050295830590354,393,232,40,40,0,0.2518,599,0.5872850024703915,-0.013888,-0.013887738217006396,130.0,373.0,-0.1028167,0.0548749,-0.0344938,-0.0195792,0.0379221,-0.2924228,-0.3048098,-0.190991,-0.88606,0.6037489,-0.62859,-0.3567968,0.6910648,475.0,374.0,0.0962209,0.0889,0.0095128,-0.0777683,-0.0420096,-0.3135233,-0.5650508,-0.3397194,-0.6833824,0.5528013,0.1070053,-0.8747841,-0.472549,256,1.1083864504838494e-10,2.3689670358043223e-11,3.3098129490730695e-11,2.7027736432404964e-07,0.00010439042463733092,-1.1191885343708308e-12,17.509119937586146,5.662828560573558,6.696526077794256,3.1414312375360947,1.1902024744524655,1.5237802557179452,0.015077083897540464,0.0,0.03663417184638264,2.2383875335109646,0.026217119041207427,0.9549656262643781,0.07056978187157119,-0.003986058036997813,0.001620081361497047,0.7272813598465085,0.5008100406807485,621.487629815222,289.7836768229255,0.6091699271290367,0.609170287614512,0.609170287691728,0.76146285951814,2.890253362468699e-06,1004,0.306,0.2953,-0.0891,0.061923,2,0.075,0.1757,0.000283,12.086,6.043,2.0,0.34755,0.69577,1.65959,0.1774,0.9748,0.955,0.9797,0.5302,3.0648,1.5937,17.1874,5.6217,7.9821,2.6044,80,0.062,-0.1964,43,0.2051,0.764,0.0,0.0837122,0.0472704,0.2782184,0.015572,-0.0078151,0.0294002,0.0341751,182.0,191.0,0.1459752,0.0531339,0.4662833,-0.0122609,-0.0414642,-0.0646806,0.0778022,201.0,173.0
119,1709,139652,0.0,0.0008914369425872736,9.744010649141577e-05,0.0008914369425872736,0.373397658302051,8.42513265731656,5.595739197810757,-12.602382964905143,11.914947416358407,0.05451373007045373,12.602382964905143,0.0009265083818910114,12.565423767424457,6.689556238925964,-2.6123842408135385,3.008552839424605,-0.02959999554692217,3.008552839424605,0.18548419258041396,2.097909844436868,1.2005944792361487,0.22792150522821888,1.3111424835360816,0.8125086146611495,0.0,1.718358041650678,0.9496710938333024,0.0026049587248169193,1.4141649022260887,0.8942993676825016,5.136095605840822e-06,-0.7673536889171833,0,0,0,0.02087071777596778,0.6056030071039389,623,0.2447,-0.00124,0.9371142707347678,-0.23360058777590476,1.0708782254039768,0.07760518083645623,0.036768478341542385,1.6185781426779333,0.04809977605479415,0.02089941713727787,2.301488875926571,0.02640255365424666,0.30582347744508465,397,228,43,43,0,0.2532,599,0.5872910302569849,-0.005934,-0.00593390067588051,130.0,373.0,-0.104506,0.0886425,-0.0016319,-0.0444475,0.0766763,0.2913117,0.3342287,0.0623535,-0.8941704,0.6015338,-0.0184104,-0.5014237,0.865006,485.0,381.0,-0.0047416,0.0584553,0.0105991,-0.0474353,-0.0324742,-0.5907291,0.5182647,0.0372923,0.6172926,0.5414307,0.1813204,-0.8114793,-0.5555395,256,6.145312574957488e-11,1.0294326443219286e-11,1.4605417402366928e-11,5.995344028615069e-07,0.0001069587465691979,-2.4740820988125417e-12,18.033084088233966,5.323196436377442,6.4162025627923756,3.1381429850014837,1.0196123694356676,1.3467343855979217,-0.02372470315548476,0.0,0.03175962557088703,1.6024276584505568,0.014954814326594732,1.3018400484315875,0.04687018965585389,-0.00171454088327268,0.0032980204085074757,0.7216824241439226,0.5016490102042537,621.4876301416659,289.7836769751379,0.609169903930029,0.6091702876144846,0.609170287691728,0.7614628595181057,3.0762151681295523e-06,1006,0.3047,0.2943,-0.08909,0.024798,2,0.0751,0.1652,0.000247,12.084,6.0422,2.0,0.34805,0.69423,1.65706,0.17801,0.9746,0.9548,0.9797,0.5301,3.0601,1.5913,17.4304,5.4557,7.9699,2.6045,80,0.1228,0.9863,43,0.3058,0.9987,-2.0,0.1939312,0.0698648,0.470312,-0.06978,-0.0587062,0.0434026,0.1009923,182.0,191.0,0.0882568,0.071756,0.1031217,0.0117747,-0.037263,0.0388911,0.0551334,187.0,194.0
120,1709,139652,2.6566032261841685e-12,0.0009561598133865646,9.947322793485941e-05,0.0009561598133865646,0.3743770509248092,8.425807878006088,5.595779584611555,-12.307172952727205,11.84327283141273,0.05291508144512943,12.307172952727205,0.000626491640648652,12.563924661048443,6.682365834130993,-2.6518984548862,3.0699019326333583,-0.029845545646440243,3.0699019326333583,0.18608350119520425,2.099469280771112,1.2019964423194913,0.2286247086355504,1.2884681303946,0.8134024742179462,0.014141988199108273,1.7324998324723244,0.958709628008611,0.0009584549558948607,1.4141642638152763,0.88952123022439,5.013535052354094e-05,-0.7669122517237663,0,0,0,0.02078160502702288,0.605593407927196,623,0.245,-0.00033,0.9402181807451999,-0.23895513263154008,1.0763222220489637,0.09206119491973569,0.03866054149591542,1.6118915855087435,0.04820608870058131,0.02081085140088383,2.3163919520627596,0.026530278657354755,0.30864942694117403,397,228,46,47,-1,0.2563,597,0.5858506193829391,-0.0048,-0.00479950505415494,130.0,373.0,-0.1072965,0.1234664,-0.1006036,0.002357,-0.0715354,-0.139968,-0.0114615,-0.2621013,-0.9547672,0.6003847,-0.8148259,0.01909,-0.5793914,485.0,381.0,-0.0009556,0.0637088,-0.0026645,-0.0084023,-0.0630961,-0.241139,-0.3320946,-0.676851,-0.6110956,0.5421825,-0.0418231,-0.1318858,-0.9903822,256,4.9288714005691125e-11,5.865723468905437e-12,8.276549254480664e-12,4.433256258577844e-07,0.00010923294042051188,3.811904446850309e-13,23.33348560657103,5.597034770204909,6.789211391050311,3.0672883332339684,1.1408672062281875,1.4601358270124531,0.0123589139194361,0.0,0.02337225033649934,1.0256814740597378,0.026588777733331716,2.1797966715940325,0.05288525475990348,-0.0016222816668152319,0.00010464490860663405,0.71415086382882,0.5000523224543033,621.4876446665065,289.783683747697,0.6091698760669949,0.6091702876132623,0.609170287691727,0.7614628595165779,3.29956400933551e-06,1006,0.3081,0.2992,-0.08531,0.012578,2,0.076,0.1891,0.000187,12.083,6.0415,2.0,0.34871,0.69296,1.65253,0.17722,0.9746,0.9548,0.9797,0.5301,3.0599,1.5912,17.4293,5.4554,7.9694,2.6045,80,0.1951,1.0,43,0.3286,0.9451,-0.0,0.1323175,0.1257237,0.0255535,-0.0091671,0.016951,0.0324202,0.0377153,182.0,191.0,0.0318207,0.1002951,-0.5182905,0.0028198,0.0193133,0.0332372,0.0385444,187.0,194.0
121,1709,139652,3.7599965077644525e-12,0.000982851392389469,0.0001020265012512103,0.000982851392389469,0.37535554795551107,8.426476061784037,5.595821128308621,-12.540029416510011,11.818430526149713,0.04613812833372147,12.540029416510011,0.0005815909214008591,12.564580294820109,6.656390960589507,-2.68985021274392,3.1193484921015666,-0.030162586803979576,3.1193484921015666,0.18841283640709833,2.100807529101805,1.2047379684948987,0.22974784666574488,1.2967618528033242,0.8169450696916285,0.014142002341223897,1.7466371306370465,0.9674766215971966,0.0008540192081647469,1.4142085154213473,0.9032757109004094,0.00011534372504824438,-0.7663905074138606,0,0,0,0.02132528416349816,0.6054837048486351,623,0.2469,0.00173,0.9478957543269206,-0.24032984905664978,1.0875570857988928,0.04207869376713107,0.033657445579831975,1.6122526569309383,0.04976212559197598,0.02135765060982253,2.3299437986446896,0.02747351547241425,0.30597198746607285,400,225,46,46,0,0.2572,596,0.5849990467689195,-0.012021,-0.012020995511969002,130.0,373.0,-0.106353,0.0562259,0.0185448,0.0454528,-0.0274132,-0.7762422,-0.0769315,0.0796875,-0.6206282,0.598287,0.3298263,0.8083964,-0.487555,485.0,381.0,0.0026191,0.0356659,0.0211458,0.0253689,0.0134661,0.1304596,0.6560637,0.7376132,-0.0921272,0.5413027,0.5928847,0.7112912,0.3775612,256,5.273286646602495e-11,1.055294153387105e-11,1.4112907049550909e-11,3.4157727901562945e-07,0.00011206867048265092,-1.2770114666821513e-12,23.228469520832515,5.518148915541921,6.795986751477221,3.0976209634475285,0.8476613416756672,1.160832690582717,-0.0477858654707185,0.0,0.01694620656754232,2.4751098736384654,0.0314799487397288,1.3167836623073987,0.05277092676585137,-0.0005305889932995303,-0.0005234422201600568,0.7114720959347285,0.49973827888992006,621.4876881598371,289.783704027517,0.6091698645763782,0.6091702876095444,0.6091702876917264,0.7614628595119305,3.3916724050712683e-06,1006,0.3063,0.2971,-0.08122,0.018736,2,0.0761,0.1815,7.7e-05,12.082,6.0408,2.0,0.34861,0.69073,1.65192,0.17866,0.9746,0.9548,0.9796,0.5301,3.0598,1.5911,17.4284,5.4551,7.969,2.6044,80,0.1262,0.9806,43,0.2178,0.7398,2.0,0.0981662,0.1346417,-0.1566763,-0.0939202,-0.00904,0.0536522,0.1085417,182.0,191.0,0.0587079,0.0250668,0.4015661,-0.0019993,0.018862,0.0203235,0.0277996,187.0,194.0
122,1709,139652,9.361596065870413e-11,0.0009738167588631101,0.00010285360858684537,0.0009738167588631101,0.3763300569940024,8.427009706836522,5.595864566026342,-13.381814096300445,11.889284523237109,0.04108992276709067,13.381814096300445,0.0001671042549542534,12.564740425694415,6.648762362745999,-2.725905497557315,3.1370449939080727,-0.03013575077904552,3.1370449939080727,0.18934884219066975,2.101904703192541,1.2063576405277026,0.23098262779579415,1.324302902477081,0.8254841756066302,0.028282041353301094,1.7607791148069984,0.9764687682212003,0.0012560965508158217,1.4142081432589122,0.9250023908458112,0.00019259153862859107,-0.7657847913394864,0,0,0,0.021369488024357442,0.6053782977573392,623,0.2457,0.00042,0.952703251461522,-0.23981993431157264,1.0921466616313158,0.0190776565357904,0.04128039183864043,1.6083647249750792,0.05027810408896208,0.021403824705468366,2.349024287987032,0.027826603509119707,0.3072012456271708,399,226,43,44,-1,0.256,596,0.5848398862708514,0.002347,0.002346711140336799,130.0,373.0,-0.1060091,0.0396311,0.024817,-0.0102467,0.0291504,0.252663,-0.2955233,0.4228224,-0.818565,0.5961283,0.6261997,-0.258552,0.7355439,485.0,381.0,0.0050195,0.0543548,0.0099541,0.0490034,0.0213079,0.9686074,-0.0797911,0.2101004,0.1062588,0.5392974,0.1831316,0.901547,0.3920152,256,7.334348622572685e-11,1.0378680954236286e-11,1.4236531075618963e-11,3.8928067767410177e-07,0.00011326673276017723,2.0855718408419052e-12,27.72704783578073,6.856154530693538,8.67478598506853,3.123356530343376,1.032601875629309,1.3340692229004525,-0.01849633128122785,0.0,0.009683013625259163,1.0911937180164637,0.019787744933402462,1.5383611467688167,0.03001879009578124,-0.0030447052226839247,-0.0025059668737705083,0.7154907708752899,0.49874701656311476,621.4877687811996,289.7837416191821,0.609169868465851,0.6091702876024251,0.6091702876916878,0.7614628595030313,3.3604948069959242e-06,1006,0.3056,0.2952,-0.08452,-0.019495,2,0.0757,0.1598,4.9e-05,12.08,6.0398,2.0,0.34893,0.68923,1.64659,0.17763,0.9746,0.9548,0.9796,0.5301,3.0596,1.591,17.4275,5.4549,7.9686,2.6045,80,0.0458,-0.5349,43,0.1171,-0.6018,-1.0,0.1188385,0.0450689,0.4500686,0.0481273,0.0307382,0.0453229,0.0729057,182.0,191.0,0.0483027,0.1126157,-0.3996621,-0.0318016,-0.0216731,-0.0549587,0.0670934,187.0,194.0
123,1709,139652,4.159610524534247e-12,0.0010181040225198767,0.00010409273185441002,0.0010181040225198767,0.37730103699270534,8.42749962060599,5.595908968542071,-12.48812089452378,11.900303466571245,0.03834037649997346,12.48812089452378,0.000559729450632318,12.565174046048012,6.664303437549763,-2.7530554066720407,3.1785842497973285,-0.03021304334751401,3.1785842497973285,0.19100154422438,2.1027433685493975,1.208347980230843,0.2322588640104504,1.29676504581492,0.8208865054471033,0.040127749110326544,1.7749209856784136,0.9859028870843061,0.003842809501380162,1.414208622762437,0.868706223231638,0.0003034073105703166,-0.765124654575833,0,0,0,0.021625191932041578,0.6054512638401106,623,0.2452,-0.00643,0.958456302116745,-0.24347795515555207,1.099336633118647,0.02218345687083139,0.04962974919950514,1.6016976723582914,0.05115142910250968,0.021662320617167774,2.3613088369660296,0.028375189497318442,0.31123966799207325,396,229,41,42,-1,0.2556,596,0.5848670378696099,-0.00136,-0.001360484372281201,130.0,373.0,-0.1092846,0.0364999,0.0177121,-0.0242328,0.0207676,0.5336962,0.0080955,0.3181338,-0.7835137,0.5945753,0.485265,-0.6639151,0.5689768,485.0,381.0,0.0067595,0.1248351,-0.013028,-0.1167104,0.042341,0.8300289,-0.0041378,0.0442572,0.5559463,0.5372294,-0.1043618,-0.9349165,0.3391752,256,5.5761869707710835e-11,1.3954744444331082e-11,1.890511938214814e-11,3.418327398482155e-07,0.00011519903210582033,-4.0559828395125495e-13,27.59379805407534,6.432023988999429,8.203791486048155,3.1390491801759763,1.0649094802182013,1.3836433524312397,-0.11720552883623311,0.0,0.02255861048490685,2.3487207970999546,0.006066931066807785,0.6863304074036136,0.06821367761598603,0.004305584127139235,0.0032714032855871308,0.7236416227850994,0.5016357016427936,621.4877795190691,289.7837466259741,0.6091698494003015,0.6091702876014545,0.6091702876917263,0.7614628595018181,3.5133234157330107e-06,1006,0.303,0.2926,-0.09337,-0.011668,2,0.0749,0.1715,9.4e-05,12.079,6.0394,2.0,0.349,0.68739,1.64243,0.17757,0.9746,0.9548,0.9796,0.5301,3.0595,1.5909,17.4269,5.4546,7.9683,2.6044,80,0.1864,-0.9985,43,0.2698,-0.9989,0.0,0.085535,0.049321,0.2685382,0.0359379,-0.0289601,-0.0306014,0.0553775,182.0,191.0,0.2077269,0.0462446,0.6358281,-0.0170492,-0.0710194,0.0447719,0.0856677,187.0,194.0
124,1711,139654,0.0,0.0010057449016940914,0.00010451281826909138,0.0010057449016940914,0.37985457418103885,8.433281019470732,5.5937078894086225,-12.408695545658976,11.64875970063882,0.035093341630495635,12.408695545658976,0.0013599747526615857,12.564441380469825,6.677630695328523,-2.7740983664945653,3.253736366394576,-0.030557881355596728,3.253736366394576,0.19238262059266362,2.1033401660287723,1.2102411093518872,0.23347128450688548,1.2962596648570828,0.819382756609091,0.0,1.789062945865767,0.9938444461287768,0.0003239429366549418,1.4142071742102988,0.9221258510237699,0.00045154991821219376,-0.7643839345054109,0,0,0,0.021822846786652386,0.6055601718612285,623,0.2453,-0.00741,0.9629437570442693,-0.24380407677681887,1.1046547461619425,0.043045779694198746,0.05253292759366783,1.5858039864529154,0.05184049854151531,0.021860107057944597,2.3714659038083243,0.02881891921720376,0.3085421841340462,398,227,47,48,-1,0.2561,596,0.5849153478238595,3.7e-05,3.683573105450755e-05,130.0,373.0,-0.1090217,0.0439912,0.029529,-0.0192176,-0.026343,-0.8551605,0.1508269,-0.4053895,0.2856766,0.5929989,0.6712464,-0.4368508,-0.5988236,485.0,381.0,0.0053809,0.0815763,0.009938,0.0362386,0.0724064,-0.7952696,0.2736908,-0.2350092,-0.4872476,0.5332992,0.1218241,0.4442294,0.8875918,256,6.221389843804135e-11,1.3617093484202603e-11,1.767556312545413e-11,8.175991386976763e-07,0.0001163801777177599,-3.7393875562547966e-14,27.485499462690285,7.307602067293205,9.313581532048671,3.1186299899512027,1.017023932051416,1.3050691145591218,-0.08524825468770326,0.0,0.009855169061487501,1.0879901068173752,0.02245945638765051,1.6034387429241637,0.05283138319375191,0.004014348313655188,0.0002753464577858703,0.7172201353619856,0.5001376732288929,621.4877907386002,289.7837518573525,0.6091698547208892,0.609170287600435,0.609170287691728,0.7614628595005437,3.4706738912993795e-06,1008,0.2974,0.2877,-0.09658,-0.002354,2,0.0736,0.1722,-7e-06,12.079,6.0396,2.0,0.34931,0.68625,1.63868,0.17723,0.9747,0.9544,0.9792,0.5307,3.0554,1.5888,17.6234,5.3251,7.9576,2.6044,80,0.228,-0.9546,43,0.3012,-0.8717,-1.0,0.0596739,0.0361106,0.2460032,0.001408,0.007001,-0.015136,0.0167361,182.0,191.0,0.1211911,0.0699416,0.2681354,0.0092335,-0.0287832,0.0476879,0.0564611,186.0,195.0
125,1711,139654,1.0396138855227151e-11,0.001019736259719478,0.00010657326227958405,0.001019736259719478,0.38083349558893637,8.433682004303142,5.593753143640795,-12.51358666053092,12.151021032922916,0.03359156165638814,12.51358666053092,0.00035818076502991403,12.565218221568454,6.657252039461533,-2.8029132454175465,3.3176518805148674,-0.03081172924510814,3.3176518805148674,0.19457321324139437,2.103695957810667,1.2128215109240192,0.2344685203549961,1.3445828528769155,0.8198951166557368,0.014138698191131813,1.803197380285789,1.002592258559911,0.003739416243480842,1.414168823820709,0.9009603544991954,0.0006350787248304738,-0.7635855568169578,0,0,0,0.0225117034860276,0.6056264488066994,623,0.2482,-0.00675,0.9685528901810668,-0.24500398356316883,1.115129061015775,0.050423886433758607,0.049106887273821,1.5881795796111429,0.05354360144792025,0.02255172284564581,2.374257692611641,0.029827861591379075,0.3087932429847673,401,224,51,52,-1,0.2591,596,0.5849301613072581,-0.018993,-0.0189931209799985,130.0,373.0,-0.1086526,0.0351895,0.0324204,0.0099368,0.0094063,-0.9007085,0.2051394,-0.369744,-0.099657,0.5913646,0.9213091,0.2823798,0.2673036,485.0,381.0,0.0031628,0.0625573,0.0103079,-0.029679,-0.0540955,0.6852076,-0.1338042,0.3000848,0.6500278,0.5309779,0.1647754,-0.4744288,-0.8647349,256,1.0898413523152518e-10,1.818342894864957e-11,2.5513466075400332e-11,3.7223859771016687e-07,0.00011880849525724509,5.242962787735204e-13,21.49351602439009,6.057011854217779,7.234147874407217,3.1387299587581903,1.4104551010919488,1.7085470521942498,0.09901718559827635,0.0,0.01661121263107446,0.1856386954575183,0.03346939798006913,2.474001043270089,0.03939307744872848,-0.004263164368002442,-0.001536301052504179,0.7104103707883443,0.49923184947374794,621.4879852790403,289.7838425665498,0.6091698486977033,0.6091702875818443,0.6091702876917235,0.7614628594773054,3.5189548550668147e-06,1008,0.293,0.2829,-0.09722,0.028137,2,0.0733,0.1818,-2.9e-05,12.079,6.0395,2.0,0.34925,0.68586,1.63774,0.1789,0.9747,0.9544,0.9792,0.5307,3.0553,1.5888,17.623,5.325,7.9574,2.6045,80,0.1656,-0.9625,43,0.2163,-0.6592,1.0,0.071677,0.089138,-0.1085784,-0.0584995,0.0029044,0.0474866,0.075403,182.0,191.0,0.1234736,0.1301236,-0.0262228,0.0028082,0.0996364,-0.0472763,0.1103193,186.0,195.0
126,1712,139655,0.0,0.0010499558367643924,0.00010915315353317354,0.0010499558367643924,0.3805466326953021,8.42948465907724,5.59607754166296,-12.574565112298245,11.864248927427704,0.03169751751127269,12.574565112298245,0.00019622008059613403,12.566187173704709,6.672282754247134,-2.810797940953487,3.341261701142071,-0.03134994398361446,3.341261701142071,0.1970842998237806,2.1038145473403187,1.2156283883729333,0.23592721686625134,1.3407012807767729,0.8224534910191227,0.0,1.817335215182426,1.0107910211222442,0.000768081750698757,1.414203445971997,0.9564654194485247,0.0006949101634190127,-0.7626913359700558,0,0,0,0.02334528335658699,0.6056462612317364,624,0.2495,-0.00702,0.9744176559573479,-0.24820730515911998,1.126928158153188,0.045057727331944124,0.04672514276067358,1.5964337063552183,0.05558956586647564,0.023390188766601903,2.3766189499868506,0.031022986190110787,0.30435194324442894,405,221,52,53,-1,0.2605,597,0.5849320393244658,-0.02127,-0.02126986230939565,130.0,373.0,-0.1093314,0.0451866,0.0362605,-0.0162654,-0.0215045,-0.1250024,-0.7507073,0.5735429,0.3030867,0.5893272,0.8024609,-0.3599604,-0.4759045,485.0,381.0,0.0005891,0.0750746,0.0229181,-0.027875,0.0658327,0.2431262,0.3446662,-0.5788071,0.6979092,0.5288621,0.3052705,-0.3712971,0.876897,256,1.7879083785345634e-10,3.650734799357929e-11,5.332252107636764e-11,4.479816637492696e-07,0.00012202786226771342,-2.035675423741463e-12,20.146370142205168,6.30707300654428,7.5343929605878275,3.110714718775214,0.9578275099810489,1.2987222049996978,-0.05899066384600658,0.0,0.007744024034649635,2.5558539092177703,0.035383492250141264,1.6688533177042753,0.029695688204616686,0.00021910787817285755,-0.0010555614376540016,0.7169853592100828,0.4994722192811729,621.4879602711783,289.7838309060278,0.609169835688243,0.6091702875843306,0.609170287691728,0.7614628594804131,3.6232381685397627e-06,1008,0.2934,0.2836,-0.1001,0.018416,2,0.0738,0.1896,-2.4e-05,12.079,6.0397,2.0,0.34948,0.68528,1.63888,0.17873,0.9746,0.9548,0.9797,0.531,3.0588,1.5906,17.4227,5.4883,7.9799,2.6088,80,0.0353,-0.1096,44,0.1134,0.6411,-2.0,0.1003178,0.0728679,0.1584997,-0.0077779,-0.0684227,0.0217908,0.0722288,182.0,191.0,0.1420209,0.0680495,0.3521266,-0.0032864,0.0342444,0.0747651,0.0823001,186.0,195.0
127,1714,139658,0.0,0.001032304380537128,0.00011103256075154621,0.001032304380537128,0.38320524764113456,8.43561076757508,5.594175352689636,-11.642261193721717,11.102534010817436,0.030572276726618032,11.642261193721717,0.0027310869069767226,12.563861400100896,6.6651097002966395,-2.838718642788967,3.3986897912078144,-0.031237439006015687,3.3986897912078144,0.19949399044627764,2.103723061190808,1.2183287366989697,0.19200910041485708,1.3366853977855788,0.8189520134051091,0.0,1.8314700213255426,1.0184746440708432,0.00024310000874616655,1.41415874430317,0.9019068689207924,4.6050048626979793e-07,-0.7617143679209559,0,0,0,0.02405145716301771,0.6056296933949517,624,0.2466,-0.00571,0.9846798962141212,-0.25108123046388364,1.137178303928613,0.030287890463274014,0.043404107343152094,1.6000263766577671,0.05752311977994425,0.02410005839351301,2.386845659902123,0.03219603642547439,0.30540201070179185,404,222,51,52,-1,0.2573,597,0.5848758383938609,-0.013978,-0.013977827564299439,130.0,373.0,-0.109982,0.0394264,0.0014056,-0.0285696,0.0271337,-0.9781857,0.1715873,0.0409807,-0.1096864,0.5867122,0.0356523,-0.7246325,0.6882127,485.0,381.0,0.0006835,0.0386548,0.0077764,-0.0363178,-0.0107119,0.8262069,-0.0916582,0.2149146,0.5126331,0.5246842,0.2011765,-0.9395397,-0.2771158,256,1.9096688443537964e-10,3.467399336238997e-11,5.0184121809102104e-11,4.81278159015552e-07,0.0001244434811723554,1.0032787245596467e-11,22.116809737016133,6.368800881010486,7.648229279069284,3.053748889325702,0.9661662614689777,1.2620379838480755,-0.024025561911128875,0.0,0.009801939067636973,2.1435058517690027,0.015689606265851423,1.3265138277991757,0.0376909936638791,-0.0009881407865892828,-0.0010578543485723509,0.7218098435273138,0.4994710728257139,621.4879384083823,289.78382071196904,0.6091698432871792,0.6091702875864803,0.609170287691728,0.7614628594831003,3.562325798593111e-06,1010,0.2938,0.2836,-0.09991,0.0135,2,0.0729,0.1839,-7e-06,12.078,6.0389,2.0,0.3495,0.68462,1.63931,0.17857,0.9744,0.9546,0.9796,0.5309,3.0544,1.5883,17.6667,5.3234,7.9686,2.6089,80,0.1959,0.9188,45,0.2736,0.9639,-3.0,0.0553695,0.0815906,-0.1914511,0.0195111,-0.0036286,-0.0580249,0.0613249,182.0,191.0,0.1211429,0.0470569,0.4404637,0.0104666,-0.0826932,-0.0034036,0.0834224,186.0,195.0
128,1714,139658,1.5464554369754984e-11,0.0010524110493258742,0.00011275469920256069,0.0010524110493258742,0.38416948540436807,8.435911410440562,5.594225995566484,-12.458045249214031,11.775828648785797,0.030544346449323353,12.458045249214031,0.0019294149904212077,12.56420091439762,6.684469661608656,-2.8910574171325814,3.427525947717956,-0.031551469470764586,3.427525947717956,0.2008355572159015,2.103417282867674,1.219734007684867,0.23854452321509964,1.3002821996115546,0.8160434999843588,0.014141949088152733,1.8456116419915058,1.0277696784043986,0.0007963847797101131,1.4141646263604324,0.8995876123365659,4.335764000669825e-06,-0.7606660246059993,0,0,0,0.024225513946933997,0.6057436597694872,624,0.2477,-0.00352,0.9892232758802793,-0.2554015775588462,1.1424838190301856,0.056358159157114104,0.04777389653100494,1.5880124552994452,0.05825942338340556,0.02427559734376746,2.3999171908477526,0.03268856216572287,0.3005178703297775,408,218,54,55,-1,0.2572,596,0.5842480781614813,-0.002408,-0.0024081678485488034,130.0,373.0,-0.1114666,0.0876504,-0.0247816,0.0466272,0.0699597,-0.7805966,0.1255469,-0.3085614,-0.5288636,0.5844672,-0.2827326,0.5319682,0.798168,475.0,374.0,0.1069803,0.0784294,-0.0364561,-0.0504709,0.047695,-0.0179384,-0.102142,0.2154912,0.9709834,0.5326777,-0.4648269,-0.6435207,0.6081259,256,1.4353642680045546e-10,3.6152359252849413e-11,4.929048139931433e-11,3.505975313413735e-07,0.0001266295094099248,2.0659964923578608e-12,34.36751978730662,8.249726301806781,11.053673928843251,3.1391203466799107,1.310458747652111,1.634444303447346,-0.04552935286847486,0.0,0.026570179436805407,1.0042103876588027,0.022814972556566643,0.5652731625617581,0.03678466375013705,0.0007969061424587656,-0.0009843498958112993,0.7236970245163923,0.4995078250520944,621.4879678695577,289.7838344489564,0.6091698346313277,0.6091702875835783,0.6091702876917213,0.7614628594794728,3.6317106898909842e-06,1010,0.2941,0.2837,-0.09642,-0.005784,2,0.0731,0.1744,-2.8e-05,12.077,6.0387,2.0,0.34967,0.68422,1.63582,0.17811,0.9744,0.9546,0.9796,0.5309,3.1766,1.5476,17.6422,5.3408,7.9686,2.5085,80,0.3128,0.9333,45,0.3636,0.8053,-5.0,0.0947463,0.1701757,-0.2847232,-0.005496,0.017112,-0.1158698,0.1172554,182.0,191.0,0.1123543,0.0649685,0.2672293,0.0176658,-0.0471384,0.0270597,0.0571518,201.0,173.0
129,1714,139658,1.5839438478280892e-11,0.0010886070098459434,0.00011539513314180826,0.0010886070098459434,0.3851282062662055,8.436209025574895,5.594278812409816,-12.00671477704056,11.413862715427525,0.03213990827949998,12.00671477704056,0.000609764982074237,12.564459944289853,6.692866411383483,-2.927729327974211,3.4762229176448174,-0.031836757248570005,3.4762229176448174,0.20317722179846542,2.1028811271073566,1.222401564781939,0.2401709747340699,1.3764314296377254,0.8137827496841226,0.014141963230268357,1.859749020631567,1.0365731936338574,0.0012170353703068182,1.4142022912380987,0.9368670875236543,6.429639910483894e-06,-0.7595348413341191,0,0,0,0.025068930725256056,0.6058425280047145,624,0.2464,0.00152,0.9984447894871704,-0.25833711406997795,1.1536514572760816,0.05564855625892522,0.04816653253990573,1.5975595789405939,0.06034676611170689,0.025123863270444326,2.4019700100302144,0.033937562062552204,0.300706484324821,409,217,52,53,-1,0.2558,596,0.5843090358052384,-0.012134,-0.012134201698922098,130.0,373.0,-0.109346,0.0702428,0.0216499,0.0411512,0.0526489,-0.7239196,-0.6329615,0.2492025,0.1148842,0.5832967,0.3082156,0.5858427,0.7495275,485.0,381.0,-6.6e-05,0.0255143,-0.011978,-0.0091271,0.0205962,-0.8658659,0.459058,0.0814339,0.1814126,0.5193511,-0.4694632,-0.3577241,0.8072409,256,1.2336379449182508e-10,3.179087901874863e-11,4.417498875792633e-11,4.741681748774756e-07,0.00012976549682032173,-7.880312366193801e-12,23.54858238580588,6.50264935185479,7.854871817392807,3.088336828835293,0.8998084566042701,1.2232818362598918,0.18120934968904587,0.0,0.04183227781568309,0.7246658469363123,0.02560578974273566,0.7498161286095355,0.04134640908641194,-0.0026827885734282994,-0.0005457830921030926,0.7168851081368466,0.4997271084539484,621.4880156076606,289.7838567080044,0.609169819049032,0.609170287578791,0.6091702876917213,0.7614628594734887,3.7566171636084583e-06,1010,0.2931,0.2832,-0.09923,0.011321,2,0.0725,0.1791,-3.1e-05,12.077,6.0386,2.0,0.34969,0.68314,1.63558,0.17784,0.9745,0.9546,0.9796,0.5309,3.1766,1.5476,17.6665,5.3233,7.9685,2.5085,80,0.2001,0.9966,45,0.1826,0.5879,-3.0,0.1261744,0.0882266,0.1769945,0.074238,0.0098109,-0.0237158,0.0785492,182.0,191.0,0.0884536,0.0526134,0.254065,0.0176358,-0.0202103,0.0626524,0.0681527,186.0,195.0
130,1714,139658,2.1980817973407092e-11,0.001109744031330816,0.00011703654955748452,0.001109744031330816,0.3860747411576278,8.43644326077523,5.594331409075259,-12.550860828750187,12.04567467377322,0.029835098593796263,12.550860828750187,0.0033888654725252416,12.566113121914828,6.707067013015514,-2.9738859072359602,3.5379062741642,-0.031964997152115114,3.5379062741642,0.2040495009837077,2.1021365485109516,1.223461337277452,0.20026030764517255,1.2922926276303768,0.8204439981892441,0.028284056402030005,1.8738908350998247,1.045707654223856,0.0006088659775892458,1.414202122207963,0.9294648641136225,1.4676395750385919e-05,-0.7583108298465798,0,0,0,0.025141456255672077,0.606037791006334,624,0.245,0.00062,1.003696482035979,-0.2599631788266199,1.1585012225999374,0.05856156239362813,0.04648956750013769,1.587953801881164,0.060896159950289824,0.025197223534850065,2.416780557828717,0.034316514225209906,0.3014228925028455,407,219,51,51,0,0.2545,596,0.5844590201842165,-0.003818,-0.0038181889277075776,130.0,373.0,-0.1082805,0.0389995,-0.0322741,0.0119341,0.0183552,0.7251171,0.4103984,0.2638435,0.485968,0.5815521,-0.8275534,0.3060073,0.4706537,485.0,381.0,-0.0002872,0.0628539,0.037204,-0.0160865,0.0480385,-0.0306285,0.4171387,0.0937816,0.9034723,0.515984,0.5919128,-0.2559344,0.7642884,256,1.7316107101366816e-10,2.7066598120309262e-11,4.14697455566218e-11,5.085850308646553e-07,0.00013210190171983476,-8.04191946576667e-12,17.900682286028605,5.869357005718709,7.0003171922763014,3.124471607240012,1.324495803506391,1.6339807541390006,-0.10383290606631239,0.0,0.014177177094103778,1.7393381457469115,0.0341294059946101,1.430368889807773,0.017151500019382124,-0.00042025531647804285,0.0006279695549412804,0.7222123250952273,0.5003139847774707,621.4879781396451,289.7838392376337,0.6091698099495715,0.6091702875825569,0.6091702876917187,0.761462859478196,3.829558039711055e-06,1010,0.293,0.2833,-0.10239,-0.008366,2,0.0722,0.1936,2.5e-05,12.077,6.0387,2.0,0.35006,0.68192,1.6316,0.17931,0.9745,0.9546,0.9796,0.5309,3.1766,1.5476,17.6665,5.3233,7.9685,2.5085,80,0.0499,-0.5268,45,0.1505,-0.8647,-1.0,0.0648429,0.1123597,-0.2681495,0.0449591,-0.0188804,-0.0743391,0.0889049,182.0,191.0,0.0576843,0.0725242,-0.1139703,0.0011186,-0.0112258,-0.0147071,0.0185356,186.0,195.0
131,1715,139659,0.0,0.001128455974903901,0.00011885324557467764,0.001128455974903901,0.3858710671521996,8.432403514902608,5.596210675568312,-10.384450347164101,11.993172506085322,0.030873569752303407,11.993172506085322,0.0004817072010985281,12.562368056606775,6.682495689029834,-3.0274717974444707,3.583009720725399,-0.03221353567325402,3.583009720725399,0.20585076514311912,2.101197560248674,1.2253749111333774,0.2459818343596585,1.4732021909436854,0.8249524246326287,0.0,1.8880324217898463,1.0546607656740723,0.0003524433431779661,1.4142038263397005,0.8952064477574533,2.758430432581441e-05,-0.7570048054323137,0,0,0,0.025339452949921668,0.6057548043172974,625,0.2412,-0.0012,1.0104870938750408,-0.26441792566878053,1.1664224081222987,0.046146560800388856,0.04318875585257737,1.5819073840336,0.06172571112677302,0.02539782675632443,2.430354050328437,0.03483194899986495,0.30160679977810395,406,221,50,50,0,0.2522,596,0.5834551469791588,-0.001654,-0.0016537800771871947,130.0,373.0,-0.1100717,0.0684888,-0.0239809,0.0401533,0.0500335,0.5000821,-0.3717013,-0.7738813,-0.1134184,0.5797641,-0.3501428,0.5862754,0.7305349,475.0,374.0,0.1057834,0.0778733,-0.0049017,0.053027,-0.0568187,0.0098654,-0.168158,-0.2530826,-0.9526672,0.5243514,-0.0629444,0.6809392,-0.7296299,256,1.634278881615463e-10,3.114828448874414e-11,4.106681873610302e-11,5.049788521123672e-07,0.0001344764480744119,-4.422952286262929e-12,18.78297469590028,5.996815960207042,7.168686419749681,3.1414398521461657,1.3136598653775242,1.6598603827005016,-0.12250501392466462,0.0,0.007778769723558733,2.239802904938362,0.04472109115596349,0.7181227142954544,0.055879157136848774,-0.002456836087734337,-0.0006672613573380511,0.7150023399721918,0.499666369321331,621.4881184378507,289.7839046550739,0.6091698018943303,0.6091702875681272,0.609170287691728,0.7614628594601589,3.894129234841693e-06,1010,0.2892,0.279,-0.10548,-0.006548,2,0.0702,0.1823,8e-06,12.077,6.0384,2.0,0.35014,0.6806,1.62956,0.17944,0.9744,0.9549,0.98,0.5312,3.1799,1.5492,17.6119,5.3814,7.9906,2.5128,80,0.2406,-0.9667,45,0.2638,-0.9993,-1.0,0.0771243,0.0858856,-0.0537471,-0.0350458,-0.0254683,-0.0182376,0.0470048,182.0,191.0,0.1629378,0.1074272,0.2053175,0.0312455,-0.0127257,-0.1168029,0.1215777,201.0,173.0
132,1717,139661,0.0,0.0011537155674248851,0.00012117227046174244,0.0011537155674248851,0.3845705461557084,8.424142947211603,5.599908359357578,-12.020731263271633,12.023560583533005,0.030700908317044688,12.023560583533005,0.002238675183544685,12.565313519787898,6.704986833974498,-3.0396369895432422,3.6279669303662376,-0.032509573627623446,3.6279669303662376,0.2080794179311673,2.100082037521129,1.2279402545969067,0.19726831397342726,1.2999068524064619,0.8223276452159001,0.0,1.9021670739120207,1.0622052891149292,0.0015862845068767006,1.4141591577609338,0.8932319043647227,3.924809410728457e-05,-0.7556493533121535,0,0,0,0.02633545913414933,0.6054377696447905,627,0.2426,0.00388,1.0158795143407113,-0.26681071102481063,1.1771762579102039,0.06978389336424826,0.0443423536053123,1.5786435060169852,0.06406003345256521,0.026395736365864973,2.4269083674971004,0.03622745772131275,0.3019749551376739,404,225,50,51,-1,0.2535,598,0.5831563490180757,-0.007196,-0.007195662496621624,130.0,373.0,-0.1059435,0.0513395,0.0182864,-0.0080436,-0.0472933,0.2405395,0.8065754,0.2379268,-0.4847348,0.5791366,0.3561846,-0.1566748,-0.921187,475.0,374.0,0.1035976,0.0502869,0.0348445,0.0352527,-0.0084783,0.8435971,-0.5138001,0.1474176,0.0511996,0.5210985,0.6929137,0.7010313,-0.1685991,256,1.9273699230032614e-10,4.628836892013614e-11,5.953152643416215e-11,4.13277819445552e-07,0.00013740258947361622,5.7681472060994075e-12,36.04222916971931,7.074532254442206,8.86663905970502,3.111526447387521,1.255751160599532,1.5459234559598556,0.0868063961963425,0.0,0.024528107775099162,1.275584938960057,0.016336530295346142,0.7973834213157893,0.038097510112875745,-0.0012478136876400022,0.0005928595068135944,0.7201480753810793,0.5002964297534067,621.4882155133608,289.78394991888433,0.6091697910202489,0.6091702875576186,0.609170287691728,0.7614628594470232,3.981295609186881e-06,1010,0.2853,0.2742,-0.1066,0.022025,2,0.0695,0.1744,5.7e-05,12.077,6.0384,2.0,0.35025,0.67919,1.63104,0.17883,0.9747,0.9552,0.98,0.5312,3.1867,1.5525,17.2081,5.708,8.0348,2.5214,80,0.3456,-0.9866,44,0.334,-0.9466,-4.0,0.1367428,0.0262868,0.6775207,0.014833,0.009278,-0.0703845,0.0725264,182.0,191.0,0.1110155,0.0696458,0.2289903,0.002537,0.0633306,-0.0539255,0.0832175,201.0,173.0
133,1717,139661,1.683531350771829e-11,0.0011768260918817316,0.0001233856704635009,0.0011768260918817316,0.38545314105593415,8.424305000099237,5.599964543678307,-11.612615726740376,11.620962783867844,0.028760381761966224,11.620962783867844,0.0030870396937938693,12.562985732204247,6.703803272115834,-3.0632621888026,3.6657956487650396,-0.03279838586249236,3.6657956487650396,0.21010866421244256,2.0987892889711888,1.2303024143482675,0.20212031835012567,1.3513563560274728,0.8239435489614886,0.014132878395631716,1.9163085129226853,1.0721455280930527,0.0018895337392881295,1.4141601487388928,0.8922053144736376,4.988557293784889e-05,-0.7541913533680518,0,0,0,0.02703296372864512,0.6055456757480175,627,0.2476,0.00795,1.021896254913247,-0.26953065616143185,1.1873285449961444,0.0411991480152824,0.046599892845790164,1.5737674996115767,0.06601369114539496,0.027097053563753443,2.4361944367891946,0.03739944451098119,0.3022226498354149,407,222,50,51,-1,0.2586,598,0.58322409899152,0.001128,0.001127923566613065,130.0,373.0,-0.1051773,0.0456496,-0.0246896,-0.0230447,0.0307124,0.7349953,-0.19336,-0.6165684,-0.2055167,0.5771219,-0.5408495,-0.5048172,0.6727863,475.0,374.0,0.101916,0.0238252,0.0064371,-0.0030622,-0.0227339,-0.6617333,0.2489607,0.4408631,0.5529623,0.5176687,0.2701805,-0.1285282,-0.9541923,256,2.201672403528027e-10,5.237218081278712e-11,6.816513062700892e-11,4.383061655225627e-07,0.00014025214529005234,-3.0776331457690086e-12,20.325827480650062,5.7595704722643895,6.910651749138508,3.1269082260986,1.0724226899365599,1.3531347094745616,-0.16864146471965308,0.0,0.03212414691730108,1.4393608358379533,0.016549486489229732,1.7861979949981477,0.010430952419557247,0.0014574084838140974,-0.0022965049232872396,0.7196826347871842,0.4988517475383563,621.4882373074773,289.7839600809196,0.6091697810712318,0.6091702875552004,0.6091702876917208,0.7614628594440005,4.061046344846393e-06,1010,0.2824,0.2721,-0.10898,-0.009212,2,0.0702,0.1742,-4e-06,12.076,6.0379,2.0,0.35025,0.67769,1.62873,0.17836,0.9747,0.9552,0.98,0.5312,3.1867,1.5525,17.2573,5.6731,8.0349,2.5214,80,0.2518,-0.9991,45,0.2592,-0.9285,1.0,0.077713,0.0493029,0.2236733,0.0109302,-0.0406948,-0.0065529,0.0426436,182.0,191.0,0.0888916,0.071157,0.1108076,0.0020152,0.0438237,-0.0659311,0.0791927,201.0,173.0
134,1717,139661,2.8881518971979327e-11,0.0011932682527067543,0.00012568787385267385,0.0011932682527067543,0.38632906637147746,8.42445640970313,5.600022432121293,-10.702964530079182,12.06289335917718,0.026396869953158843,12.06289335917718,0.0014254878924884196,12.563470192730263,6.686731285801086,-3.105586713869838,3.7042380124365115,-0.033187717082542936,3.7042380124365115,0.21263205368116989,2.0983813005754355,1.2328777852135968,0.2456647857778573,1.3112617208151391,0.8089731254409713,0.01413289253774734,1.9304454364302137,1.0809416369714964,0.0005979256163072266,1.4142007027093164,0.9829544717494554,5.335753578887754e-05,-0.7526858946606356,0,0,0,0.027967321526777247,0.6057433426800064,627,0.2513,0.01115,1.028380853748192,-0.27319664248663833,1.1988149696490964,0.05784726290605302,0.04526916500833765,1.579863767250316,0.06835376532024309,0.0280333992005293,2.4382974334040983,0.03880678219236053,0.3025347285591953,408,221,48,48,0,0.2624,598,0.5833851555418734,-0.010643,-0.010643134501638674,130.0,373.0,-0.101036,0.0819596,-0.0681058,0.0026441,-0.0455191,-0.4432103,-0.5348304,-0.1148376,0.7101643,0.5755285,-0.830968,0.0322616,-0.5553839,475.0,374.0,0.1018215,0.0288905,-0.0038369,0.0271592,0.0090731,-0.4580066,-0.533867,0.4922466,0.5127468,0.5146653,-0.1328077,0.9400718,0.3140495,256,2.2124514719156509e-10,4.416125608781377e-11,6.012367003680215e-11,3.858354261632195e-07,0.00014284709373821953,-5.1812947450569e-12,17.155520044114258,5.45424584488064,6.680743907675386,3.1261917480092576,1.2244411048580948,1.5562176849882148,-0.09237939708640472,0.0,0.02528511148602704,2.245766886604186,0.03814813183714857,1.1471270940705969,0.028151049606493315,-0.0026553909792428184,-0.001964277345890365,0.7214810949460129,0.4990178613270548,621.4882159482603,289.78395012166675,0.6091697739927829,0.6091702875575705,0.6091702876917156,0.7614628594469631,4.117785861521167e-06,1010,0.277,0.2665,-0.11537,0.01114,2,0.07,0.1784,-0.000112,12.076,6.0381,2.0,0.35024,0.67629,1.62853,0.17935,0.9747,0.9552,0.98,0.5312,3.1868,1.5525,17.2577,5.6732,8.035,2.5213,80,0.0781,0.107,45,0.0227,-0.8423,-0.0,0.0482693,0.1215855,-0.4316402,0.0538829,0.0145672,0.0083118,0.0564328,182.0,191.0,0.1419362,0.1110534,0.1220715,0.0066712,0.1232861,0.0335357,0.1279398,201.0,173.0
135,1718,139662,0.0,0.0012163307074054017,0.00012740813687587877,0.0012163307074054017,0.38618888608962065,8.420094973814647,5.6021805314862245,-12.42805752242478,10.904040997326325,0.020129924668729635,12.42805752242478,0.001618156415519628,12.565427511471695,6.683950280464125,-3.1431009019819443,3.728416519633,-0.033549167801376144,3.728416519633,0.21441595353955778,2.099034373659824,1.234406001454678,0.22198698143877538,1.410017001575197,0.8245977590249457,0.0,1.9445871055202457,1.0897663891358114,0.0010917212159442524,1.4141999283758104,0.9812026342569721,5.931228222479851e-05,-0.7510412640667886,0,0,0,0.02822658662942144,0.6057912596350288,628,0.2485,0.0149,1.0347629703356207,-0.2776919043644823,1.2066462117249486,0.05425882857438343,0.04073292757584927,1.5761316425280791,0.06940901134672482,0.028291855489807453,2.453321287878429,0.039487632867040476,0.3005062274114104,410,220,50,50,0,0.2613,598,0.5827317708388524,0.000261,0.00026119200023089206,130.0,373.0,-0.0990898,0.0741128,0.0433475,-0.0363814,-0.0478549,-0.6062757,0.6981183,0.1548423,-0.3479719,0.5728418,0.5848852,-0.4908926,-0.6457041,475.0,374.0,0.1011241,0.0848105,0.0119054,-0.0809314,0.0223872,0.6525947,-0.3161209,-0.4813268,-0.4924553,0.5113641,0.1403769,-0.9542619,0.2639668,256,3.117265879032301e-10,5.2473760869306724e-11,8.035691646505981e-11,4.311422766234596e-07,0.00014535221621135805,6.2841409592337025e-12,13.995003509298662,5.2521155363786445,6.377528557095612,3.1377045633312535,1.01233785467861,1.3892007056302638,-0.12738166954829028,0.0,0.026995572950396892,2.4076555820474015,0.02300581044546074,2.319545425909883,0.06068768237087044,-0.002138833271871425,0.005782666475614367,0.7194900385323965,0.5028913332378071,621.488261526217,289.7839713734942,0.6091697640645446,0.6091702875524879,0.609170287691728,0.7614628594406099,4.197370550345962e-06,1010,0.2758,0.2652,-0.11508,-0.007832,2,0.0688,0.1498,-9e-06,12.076,6.0378,2.0,0.35034,0.67586,1.6261,0.1794,0.9751,0.9552,0.9796,0.5308,3.1904,1.5543,17.1056,5.8024,8.0579,2.5257,80,0.2402,0.892,45,0.2135,0.7284,-1.0,0.0613308,0.1026648,-0.2520432,-0.006237,-0.0045514,0.0483771,0.0489894,182.0,191.0,0.0734006,0.1016932,-0.1615853,-0.0062079,0.008078,0.0121426,0.0158504,201.0,173.0
136,1718,139662,1.9156092244133373e-11,0.0012405094873349175,0.0001293365799159578,0.0012405094873349175,0.3870265960193282,8.420149802718159,5.602242160473691,-12.466961281468446,11.542786143080265,0.02043146592291655,12.466961281468446,0.0010294151451670785,12.565967881952874,6.679801897631146,-3.177705377392174,3.7979793976572194,-0.033864044703885085,3.7979793976572194,0.2169160591527754,2.0994960526813613,1.2370215215632359,0.22698969357492005,1.3245729269797146,0.8158957474911719,0.014125652957283743,1.958720908754007,1.0986068453436637,0.0010591745158169408,1.4141573583350584,0.8916786214707098,6.644711788792563e-05,-0.7493676685711522,0,0,0,0.028827438873732177,0.6057233795026572,628,0.252,0.01842,1.0421385104743386,-0.2818136844853697,1.21721791417172,0.03788439972574435,0.040134646125157,1.5744675938906891,0.0713072988118065,0.028900679776929235,2.4673225461198154,0.04066059924538442,0.30097319055868726,411,219,50,51,-1,0.2617,598,0.5826542794023155,-0.002775,-0.0027746470477938434,130.0,373.0,-0.099139,0.0528904,0.0214395,0.0481922,0.0039057,-0.4633011,-0.2521121,-0.824824,0.2036099,0.56991,0.4053567,0.9111712,0.0738449,475.0,374.0,0.1002455,0.0449991,-0.022493,-0.0387156,0.0044815,0.4017112,0.0026281,-0.2366299,-0.8846624,0.5079211,-0.4998548,-0.8603642,0.0995919,256,1.5211057109275502e-10,2.9936626323614465e-11,4.127312441213785e-11,4.3888890683919915e-07,0.00014729863329510638,8.067980098775105e-12,18.494662638048307,5.241150907636833,6.34149416391829,3.0826299572626907,0.9369061273586516,1.264646360853256,-0.229131264230821,0.0,0.02057732332627925,2.562028478097492,0.006825029813661771,1.1420838301128704,0.03387520351600264,-0.002389338551797987,-0.0007004763851114101,0.7079178712444933,0.49964976180744436,621.4882640703391,289.78397255975284,0.6091697536556135,0.6091702875522005,0.6091702876917199,0.7614628594402506,4.280807790634891e-06,1010,0.2741,0.2635,-0.10864,0.027741,2,0.0693,0.1568,0.000122,12.073,6.0367,2.0,0.35027,0.67427,1.62547,0.17955,0.9751,0.9552,0.9796,0.5308,3.1905,1.5544,17.1061,5.8025,8.0581,2.5257,80,0.2744,0.9583,45,0.2474,0.6982,-2.0,0.0722208,0.0404958,0.2814581,-0.0008735,0.0130259,-0.0117993,0.0175972,182.0,191.0,0.0782045,0.0128011,0.7186741,-0.0139643,-0.0392134,-0.0032433,0.0417517,201.0,173.0
137,1718,139662,3.110164592950503e-11,0.0012589319593953438,0.000131782762571229,0.0012589319593953438,0.38785445075243224,8.420190550517939,5.60230466092741,-12.835217001841219,11.428768067378117,0.017457892756736877,12.835217001841219,7.425770290581113e-05,12.56591542996796,6.676808114015545,-3.2141612187648176,3.8232171397028947,-0.03420467516638517,3.8232171397028947,0.2193509070841745,2.1001796164744335,1.2395621012370444,0.13426438747360692,1.3064838804393955,0.8137854910015463,0.014125667099399367,1.9728577546423076,1.107426240170508,0.002266513446755436,1.4142004034225522,0.9383202432590996,8.750671097768697e-05,-0.7475696509788955,0,0,0,0.02959850619138672,0.6057321929726333,628,0.2504,0.02201,1.0501170539221545,-0.2856111597383233,1.2292575668453858,0.03463273595827713,0.04158354034442358,1.5814974239282125,0.07356146962020181,0.029677641669596973,2.478683125807846,0.042059119968123705,0.2982270835942942,412,218,47,48,-1,0.2618,597,0.5819399598973642,-0.002645,-0.002644710106253667,130.0,373.0,-0.0976565,0.0382491,-0.001911,-0.037548,-0.0070348,0.7442332,-0.5758803,-0.3379552,-0.0162792,0.5671239,-0.0499621,-0.9816707,-0.1839194,475.0,374.0,0.1005958,0.0467671,-0.0061221,-0.0152945,0.0437694,0.99001,-0.0246596,0.0409931,-0.1326336,0.5051668,-0.1309072,-0.3270361,0.935901,256,1.81144911368832e-10,2.8900250859985753e-11,4.605886499882942e-11,6.741295880649506e-07,0.00015041662372788556,4.305504341251363e-12,23.991333047950057,5.357648479138119,6.689202468522835,3.1102402420136124,1.293015981411981,1.6149013051879537,0.05748363409585805,0.0,0.020530025657040925,2.263585838821217,0.006989312834053851,0.9899923871547419,0.009116960560157603,-0.0019617964681062213,-0.002748076894042126,0.722528506139936,0.498625961552979,621.4881748861159,289.78393097544625,0.6091697457247665,0.6091702875620658,0.6091702876917147,0.7614628594525822,4.344381536814803e-06,1010,0.2738,0.2635,-0.11132,0.014512,2,0.0689,0.1575,5e-06,12.072,6.036,2.0,0.35059,0.67296,1.62504,0.17958,0.9751,0.9552,0.9796,0.5308,3.1906,1.5544,17.1066,5.8027,8.0584,2.5257,80,0.1787,0.9961,45,0.1687,0.84,-2.0,0.1182774,0.0777019,0.2070396,0.02108,-0.0125061,-0.0852569,0.0887102,182.0,191.0,0.055066,0.0842703,-0.2095954,-0.0371784,-0.0227141,-0.0249696,0.050216,201.0,173.0
138,1718,139662,5.7986130492439256e-11,0.0012823252203096737,0.00013307190055072136,0.0012823252203096737,0.38866624185485216,8.42016884811664,5.602366873300337,-13.888437124895292,11.752050071359143,0.014602285767696316,13.888437124895292,0.0027358751559153167,12.558596458370676,6.660243358943065,-3.2194626035217175,3.867498649347433,-0.03457018877104142,3.867498649347433,0.22142868341424551,2.1019002220419045,1.2410186555149596,0.23112099592074176,1.294001769720658,0.8138539024860956,0.028262503400726516,1.986999372087601,1.116617754026054,0.00019770208602554185,1.4142023607128709,0.8954612291320557,0.00013766532518579962,-0.7456922744898157,0,0,0,0.02944459094456415,0.6058603548531313,628,0.2474,0.01818,1.0568228455715727,-0.2921597921687696,1.2349447228684205,0.08202041708552461,0.03800122773614392,1.5693810002581192,0.07396124663157477,0.029530192002279555,2.5045975531031224,0.04235874849419693,0.30490732249472174,407,223,50,51,-1,0.2564,595,0.5806335646887906,-0.003842,-0.0038423083961738325,130.0,373.0,-0.1011396,0.0552617,-0.0170149,-0.0504031,0.0149625,0.8965401,0.2627309,-0.3063988,-0.1825049,0.5638198,-0.3078974,-0.9120797,0.2707577,475.0,374.0,0.1007743,0.0691444,0.0090144,0.03925,-0.0562061,-0.7478316,0.4719381,-0.3500182,-0.3090463,0.5016781,0.130371,0.5676527,-0.81288,256,1.206110179566046e-10,2.6735940423301218e-11,3.689979574866021e-11,4.3077581674637723e-07,0.00015222982720812243,3.78534365962812e-14,29.929073561561957,7.231309281527519,9.497985530798859,3.135289727404691,0.9602767878599856,1.2751983679717318,0.06016440312121354,0.0,0.011477453698807908,2.2907191197446832,0.02781972529331836,2.3972198920937524,0.045820305045608765,-0.0014022219966531699,0.004676193121623746,0.7220339894856384,0.5023380965608119,621.4882487810175,289.7839654307359,0.6091697356540594,0.6091702875539187,0.609170287691703,0.7614628594423983,4.425107574201426e-06,1010,0.2698,0.2592,-0.11391,-0.00886,2,0.067,0.134,3.6e-05,12.071,6.0356,2.0,0.35101,0.67156,1.6212,0.17958,0.9751,0.9552,0.9795,0.5308,3.1907,1.5545,17.0828,5.8205,8.0587,2.5257,80,0.0666,-0.178,45,0.0097,-0.9409,-3.0,0.1022268,0.0705043,0.1836528,0.0471618,-0.0356724,-0.0261659,0.0646638,182.0,191.0,0.0612539,0.1288922,-0.3557174,-0.0236504,0.0265406,0.0542703,0.0648769,201.0,173.0
139,1718,139662,5.346176611504098e-11,0.0013075375211176919,0.00013450460809445603,0.0013075375211176919,0.38946167748674554,8.42008597274926,5.602430540899498,-11.808221513273928,11.891465579443143,0.012460582002891846,11.891465579443143,0.0042229722515099155,12.553215868154119,6.679426737088381,-3.282622888249569,3.8984919739331976,-0.03504948774756922,3.8984919739331976,0.223548252498001,2.103389716451635,1.2428552046623007,0.25254389405919414,1.3333313477877575,0.8227872825674678,0.0422563638429993,2.0011409794653945,1.126088596848941,3.87203533056546e-05,1.4142020294312547,0.8798186146246916,0.00021890754931675488,-0.7437270700346896,0,0,0,0.029557410832510594,0.6059410134160358,628,0.2407,0.01636,1.0660183892177608,-0.29764557695703747,1.2423249167318176,0.03665741581472706,0.041036131206780624,1.5627233262460634,0.07467869176920479,0.029647118516398147,2.5189190554184613,0.04282765419073163,0.3049230383010029,406,224,47,47,0,0.2491,594,0.5799783592362955,0.004002,0.004001778669607159,130.0,373.0,-0.1029248,0.0551154,-0.0206371,0.0325961,-0.0393612,-0.0474161,0.2791378,-0.2120367,0.9353471,0.5614236,-0.3744337,0.5914166,-0.7141609,475.0,374.0,0.1005391,0.0792803,0.0260524,0.034571,0.066419,0.0926082,-0.0922596,0.6831366,-0.7184959,0.4980175,0.3286112,0.4360611,0.8377741,256,2.1752103674727597e-10,4.402540555325898e-11,5.932297777220333e-11,5.247097793416124e-07,0.0001544170738097905,-6.379127103335308e-12,26.618560306697496,7.231449980859326,9.152110677148174,3.1303232112400745,1.1923163677833406,1.5292013364636015,0.05574834891544046,0.0,0.03846155139150564,2.8334824777343175,0.0243232525693255,1.9537671511155348,0.05036253073099055,-0.003263545504629246,0.0023801075501055677,0.719986922053891,0.5011900537750528,621.4884195403858,289.78404505143186,0.609169724800434,0.6091702875341347,0.6091702876917051,0.7614628594176683,4.5121101159507444e-06,1010,0.2667,0.2561,-0.11997,0.002791,2,0.0644,0.1224,4.1e-05,12.07,6.0351,2.0,0.35122,0.67042,1.61793,0.17912,0.9751,0.9551,0.9795,0.5308,3.1911,1.5546,17.1582,5.7685,8.0595,2.5256,80,0.214,-0.8805,45,0.1511,-0.841,1.0,0.1061009,0.0200333,0.68235,-0.0036669,0.0329658,-0.0252164,0.0416661,182.0,191.0,0.1116297,0.0857752,0.1309717,-0.0427053,0.0376504,0.0315585,0.065094,201.0,173.0
140,1718,139662,5.822959781770157e-11,0.0013284781432885305,0.00013536055496136533,0.0013284781432885305,0.390238241181049,8.419935792980906,5.602495327295036,-11.156889347274532,12.400107034540007,0.009847891472315325,12.400107034540007,0.006806698169432891,12.555994185642058,6.657372777868805,-3.310654803455918,3.9152728857268753,-0.03495132516220019,3.9152728857268753,0.2246768568950621,2.104665436970544,1.244118604695279,0.2531689615998242,1.4308831442826122,0.8259471467538622,0.05626016992977943,2.015282668173028,1.1349290428690997,9.268131866180251e-05,1.4142022460721366,0.8867029927460546,0.00031973816502162816,-0.7416861063221569,0,0,0,0.029340162033982178,0.6059946445280685,628,0.2379,0.018,1.0707621285704392,-0.2983802671195683,1.2455254509109246,0.007926102431503233,0.047650566232168796,1.5560107975130553,0.07461274872249647,0.029431617007044743,2.535122304175037,0.04285748659134745,0.3053367466168891,404,226,43,43,0,0.2462,594,0.5800031355500561,0.004859,0.00485915621987143,130.0,373.0,-0.1023692,0.0251899,0.0106986,-0.0227978,-0.0005751,-0.1132607,0.4173196,0.8884996,0.1535735,0.5590532,0.4247185,-0.9050375,-0.022832,475.0,374.0,0.1019537,0.031386,-0.0136563,-0.0211537,0.0187379,0.0050625,-0.219664,0.2819704,0.9339244,0.4945457,-0.4351074,-0.6739861,0.5970129,256,1.6842675203427903e-10,4.1946453029137245e-11,5.7061657522478425e-11,4.343396035616331e-07,0.00015582857309049425,-1.2070395999263242e-12,23.442341088163456,5.883793365206475,7.255707951224718,3.130349234546116,1.1683476404854631,1.5216604489057892,0.08077455494088778,0.0,0.021583391238939455,1.1878964117145476,0.03645824140799975,2.532934191991983,0.01673705906560243,-0.003722329193128202,-0.00198518233996964,0.707668936153039,0.4990074088300152,621.4883364913666,289.7840063278129,0.6091697157854501,0.6091702875439222,0.609170287691703,0.7614628594299028,4.584373582666649e-06,1010,0.2633,0.2519,-0.12134,-0.011332,2,0.0629,0.1128,4e-06,12.069,6.0346,2.0,0.35157,0.67004,1.61364,0.17887,0.9751,0.9551,0.9795,0.5308,3.1915,1.5548,17.1603,5.7692,8.0605,2.5256,80,0.2494,-0.9575,45,0.1914,-0.7741,0.0,0.0930341,0.0801697,0.0742729,-0.045108,-0.0136947,0.0673453,0.082205,182.0,191.0,0.023523,0.0544152,-0.3963682,-0.0067901,0.0054889,-0.0216483,0.0233427,201.0,173.0
141,1718,139662,9.114240754899108e-11,0.0013514536407439404,0.00013620537716592263,0.0013514536407439404,0.390995725501018,8.419732048063773,5.602559705751225,-12.360780044811515,12.37735511607981,0.007442796606070641,12.37735511607981,0.007321406335055802,12.557147207449404,6.65023986830605,-3.361700889311721,3.9587967839725327,-0.03500946182368625,3.9587967839725327,0.22620290431552925,2.1057510289145074,1.2455149361175302,0.13824261270680327,1.322044859586506,0.8288312857939615,0.07023940919128184,2.029424261556261,1.1437803106708655,0.00028388077086982655,1.414203785414228,0.8798977281533903,0.00043692350194111815,-0.7395833932500411,0,0,0,0.029039506659209798,0.6060290039274061,628,0.2382,0.02152,1.0746439190986206,-0.30155296614857446,1.2498249008753637,0.04045502701939627,0.04773030761694428,1.5482330722011568,0.07445717979084644,0.029132737161557565,2.5557907373392044,0.04281564903402063,0.3057785525986325,404,226,42,42,0,0.2465,594,0.5800096557790566,-0.000888,-0.0008883593830102399,130.0,373.0,-0.1039282,0.0772158,-0.07542,0.0161109,0.0038132,0.5212566,-0.2625799,0.2324313,0.7780226,0.5563747,-0.9767431,0.2086482,0.0493837,475.0,374.0,0.1031584,0.0461711,-0.0126608,-0.034889,0.0274633,-0.1621785,0.3633673,0.5428526,0.7395764,0.4910476,-0.2742147,-0.7556456,0.594816,256,1.509375674816689e-10,3.8957846743630005e-11,5.26084824394952e-11,6.57644675722726e-07,0.00015728043409997974,-2.043180612568352e-12,20.888650263776405,5.48647789662321,6.806205317603459,3.1347230264245973,1.0397299261810207,1.3645040795967194,-0.037993827355793944,0.0,0.021299369993171093,0.7727920542515238,0.017527513289112496,0.3259986353110021,0.040326482649776264,-0.002573993262757347,-0.0006779212220665743,0.7283846334426913,0.49966103938896667,621.4883478792082,289.7840116376702,0.609169705894594,0.6091702875425966,0.6091702876916888,0.7614628594282458,4.663658402361145e-06,1010,0.2601,0.2481,-0.12274,0.004856,2,0.0622,0.1238,-1.3e-05,12.068,6.034,2.0,0.35185,0.66995,1.60994,0.17907,0.9751,0.9551,0.9795,0.5308,3.1919,1.5141,17.1871,5.77,8.0616,2.5256,80,0.1687,-0.9987,45,0.1342,-0.8418,2.0,0.1254979,0.0630861,0.3309499,-0.0252783,0.0131551,-0.0444274,0.0527811,182.0,191.0,0.0497754,0.0910675,-0.2931788,0.0325767,-0.0152594,-0.0376424,0.0520676,201.0,173.0
142,1721,139666,0.0,0.0013710463285000372,0.0001367945039163532,0.0013710463285000372,0.38953549617780353,8.413333997953995,5.605217333006704,-12.53148620269758,12.323555689270972,0.005326961446647428,12.53148620269758,0.00764026859608578,12.566013089477915,6.618621454174889,-3.385519299270442,3.9912381661587992,-0.03516198136760723,3.9912381661587992,0.22759920311373605,2.1066229883406185,1.2467395671766506,0.25458303236903523,1.3767323800815572,0.829173686743893,0.0,2.0435660018091735,1.1507594486453465,0.0012129018168910433,1.4142064173340083,0.8959636215569979,9.953806659821121e-07,-0.7374098428212658,0,0,0,0.029137975341800928,0.605394641418837,630,0.2395,0.01846,1.0763963558555558,-0.3054116361397534,1.2546364150061609,0.040674178349524207,0.046634446741053694,1.5543179068833863,0.07501063164795678,0.02923736231897081,2.565574514883162,0.04321206842956147,0.3087660337837583,407,225,43,43,0,0.2493,595,0.5786981962774452,0.006292,0.006292419825858042,130.0,373.0,-0.1031537,0.0436627,-0.0426149,-0.002372,0.0092072,-0.2603809,0.1494661,0.9365793,-0.1807787,0.5539631,-0.976003,-0.0543251,0.210872,475.0,374.0,0.1054019,0.0539184,0.0057184,0.0322402,0.0428377,0.9484519,-0.2988511,-0.0790661,-0.0698248,0.4876968,0.1060571,0.5979431,0.794491,256,1.1320857421629835e-10,2.675938344610096e-11,3.466648305128034e-11,7.099858195350744e-07,0.00015864675624180166,-1.4232483834852344e-12,24.30311016222085,6.969648897473887,8.870268196975085,3.0755460129577505,1.0280678327027484,1.3246077601142927,0.12286990750926184,0.0,0.019525642333534023,1.4446221913827448,0.02836883514534403,0.8323499717372178,0.04514120378591999,0.001405856838959132,0.0010555209429239302,0.7224507219063738,0.500527760471462,621.4883415598354,289.78400869110936,0.6091696974599814,0.6091702875433344,0.609170287691728,0.7614628594291679,4.731269798815856e-06,1011,0.2525,0.2404,-0.11896,0.004321,2,0.0607,0.1187,5.1e-05,12.067,6.0333,2.0,0.35222,0.66881,1.60767,0.17923,0.9752,0.9555,0.9798,0.5305,3.1973,1.5576,16.7242,6.131,8.1025,2.5342,80,0.0349,-0.3567,44,0.0454,-0.1151,2.0,0.0990059,0.0358498,0.4683237,-0.0401706,-0.0273441,-0.0213615,0.0530819,182.0,191.0,0.0412415,0.098268,-0.4087646,0.0223797,0.0033989,-0.0385184,0.0446774,201.0,173.0
143,1721,139666,2.169919139548826e-11,0.0013904011704697827,0.00013870639752587864,0.0013904011704697827,0.39024117392176744,8.413109396703007,5.6052822269058895,-11.288658842334941,12.285558430401094,0.0028621754901170257,12.285558430401094,0.0015251065804296414,12.562512061918149,6.617737877998216,-3.4296078564294343,4.0167930402830985,-0.03562360193444224,4.0167930402830985,0.23004598774742632,2.1072775625219,1.2490988601613253,0.25611169041761217,1.3762286000701542,0.8330924103370702,0.014120678303720269,2.057699315512821,1.1596197765537652,0.0024411744312869965,1.4141564633498491,0.8942687368964758,5.047525017792723e-06,-0.7351693811961958,0,0,0,0.02985811026932597,0.6053286469587253,630,0.2402,0.0217,1.0838161683510223,-0.3094799987509746,1.2660145107021565,0.06197237537090414,0.04571253013070276,1.5519623555643929,0.07720176132407941,0.029965470936988158,2.576357350979747,0.04454495166020825,0.30349540324769786,408,224,42,43,-1,0.2498,595,0.5786160921707939,-0.003621,-0.0036210922311086247,130.0,373.0,-0.1039376,0.0341181,-0.0195452,0.0155867,-0.0232181,-0.7308147,-0.2606204,0.1052037,-0.6220282,0.5507552,-0.5728701,0.456846,-0.680523,475.0,374.0,0.1034821,0.0639167,-0.0013276,0.0326306,0.0549439,0.1647072,-0.1909299,-0.3131144,-0.9156291,0.4839132,-0.0207712,0.510518,0.8596162,256,2.4450416089884853e-10,5.6435439778288795e-11,7.939631723498439e-11,5.385456155915079e-07,0.00016097563762865097,-1.1570351036467706e-11,14.121180556718041,5.148870135533922,6.279008336325756,3.10887911609578,1.1955468676701164,1.5234451250484344,0.10927185710439054,0.0,0.0157065710502478,1.0886458175534497,0.015510288397314404,2.8173348147038784,0.040853092385741675,0.00522892422811164,-0.001041389204303264,0.7168586070144886,0.4994793053978484,621.4883725020997,289.78402311869036,0.6091696891277625,0.6091702875397172,0.6091702876917187,0.7614628594246465,4.798060139776233e-06,1011,0.2504,0.2389,-0.12416,0.017153,2,0.0603,0.108,1.7e-05,12.065,6.0326,2.0,0.35192,0.66763,1.60692,0.17913,0.9752,0.9555,0.9798,0.5305,3.1977,1.5168,16.7509,6.1318,8.1035,2.5342,80,0.1215,0.9775,44,0.1142,0.9125,2.0,0.0479034,0.0508208,-0.0295507,0.0175828,0.026882,0.0172969,0.0364826,182.0,191.0,0.1109201,0.0200039,0.6944194,-0.0125422,0.018641,0.0553295,0.0597172,201.0,173.0
144,1721,139666,2.335766471316972e-11,0.0014037303564345307,0.00014118072994760028,0.0014037303564345307,0.39092869315784656,8.412897807591088,5.605347463728443,-12.453029668707018,12.23985790638247,-0.0017869864564741477,12.453029668707018,0.0030392803311846345,12.565373870480396,6.60741385239551,-3.468404954378401,4.059071528331934,-0.035881305277974625,4.059071528331934,0.23237004481988066,2.1077340155565243,1.2514962535432665,0.2577618035777361,1.3051233200019996,0.8288309793827103,0.014120692445835893,2.0718363839879532,1.168535236941782,0.0015291062663571608,1.4141981120687195,0.9465380375685539,1.2519576177394904e-05,-0.7328440464880439,0,0,0,0.03071571545374581,0.6053081948695762,630,0.2393,0.02446,1.0936060555602816,-0.31393614736196795,1.2780912270318676,0.06043316798239218,0.04581689051001194,1.553024931018235,0.07977544061110245,0.030831146780933055,2.5874950801518053,0.046116292197373766,0.3014560964514017,408,224,43,43,0,0.2488,595,0.5785743643422971,-0.004521,-0.004520824962245262,130.0,373.0,-0.1049207,0.077106,0.0355161,-0.0277681,-0.0625529,0.827241,-0.4028669,0.0496027,-0.3884716,0.5473865,0.4606145,-0.3601295,-0.8112589,475.0,374.0,0.1028509,0.0328374,-0.0184529,0.018996,-0.0194148,0.2380308,-0.1597674,-0.234387,-0.9289125,0.4811716,-0.561949,0.5784869,-0.5912412,256,2.3477475335033705e-10,5.7687862783991054e-11,7.53738135953587e-11,6.962116884351711e-07,0.00016395904011469667,-3.8861846633251286e-12,22.564404322984807,5.788700264567295,7.462982656751125,3.1266166062170693,1.0593210667824275,1.369605474639534,-0.17968977832810187,0.0,0.028635880302308164,1.6275301519670933,0.029038826598448555,0.6979859931168128,0.031565062925003266,0.0019212019715500492,-0.0017213237343422208,0.7052635786429058,0.4991393381328288,621.4884413348741,289.78405521364044,0.6091696833898331,0.6091702875315148,0.609170287691718,0.7614628594143935,4.844056569639914e-06,1011,0.2486,0.2379,-0.11637,0.018953,2,0.0597,0.1162,-9e-06,12.064,6.032,2.0,0.35206,0.66714,1.60679,0.17931,0.9752,0.9555,0.9798,0.5305,3.1979,1.517,16.7767,6.1147,8.1041,2.5342,80,0.1311,0.9733,44,0.1169,0.9997,-1.0,0.0362836,0.1430749,-0.5954065,-0.0396757,-0.0022806,0.0741507,0.084129,182.0,191.0,0.0606575,0.0140507,0.6238513,-0.0080435,0.0236921,-0.0247525,0.0351952,201.0,173.0
145,1722,139667,0.0,0.001417154845874154,0.00014246746692741908,0.001417154845874154,0.3904323333584137,8.408550838421496,5.607089097450173,-11.961433729364943,12.197844283786063,-0.002733352315160385,12.197844283786063,0.0010093335530125813,12.55924352600682,6.584613768433984,-3.4983229650497973,4.094871334253524,-0.036388100415303874,4.094871334253524,0.23448635079873167,2.1079961416116997,1.2532045544204788,0.17674881259047204,1.3343914665367569,0.8265513290676917,0.0,2.0859778960894673,1.1773172467127417,2.407052687358746e-05,1.4142009028566405,0.9394561850507809,2.2473785443455176e-05,-0.7304245911755332,0,0,0,0.03089037859901123,0.6048617490971947,631,0.2293,0.03025,1.102655208869414,-0.31674384800948463,1.284440887205714,0.021904644293065927,0.049539342595108685,1.5519659231591731,0.0809250586289236,0.03100992969313047,2.609649858279126,0.0468839098036406,0.30002896371878834,409,224,43,43,0,0.2381,596,0.5781281937161855,0.008891,0.008890932654119554,130.0,373.0,-0.1033738,0.056744,-0.0406538,-0.0099607,0.0383137,-0.6370888,0.4831626,0.527086,-0.2878404,0.5434369,-0.7164425,-0.1755372,0.6752013,475.0,374.0,0.1041377,0.0575848,0.0187138,0.005006,-0.0542286,0.1460128,-0.5697708,-0.411388,-0.6962768,0.478044,0.3249775,0.0869331,-0.9417177,256,2.731180550764349e-10,5.1170113729422414e-11,6.965304394574891e-11,1.007486007303894e-06,0.0001659528907029362,3.676655776525912e-12,35.2523345244385,8.16942578136866,11.389679919473616,3.0583543119399748,1.1057666291907977,1.4407225165046653,0.10296100032968225,0.0,0.018350534981312602,2.5052640776741075,0.03198295529514522,1.5655617327741858,0.028871227128083696,-0.0023363204378631353,-0.0008451104306064011,0.7210564164915161,0.4995774447846968,621.4885909227186,289.78412496260006,0.6091696776107721,0.6091702875129459,0.609170287691728,0.7614628593911823,4.890381231397869e-06,1011,0.2527,0.2428,-0.11572,-0.000841,2,0.0582,0.1286,0.000112,12.063,6.0313,2.0,0.35247,0.66686,1.60403,0.1805,0.9752,0.9558,0.9801,0.5308,3.2013,1.5186,16.5978,6.262,8.1265,2.5385,80,0.0456,0.7233,44,0.0517,0.993,-3.0,0.1080514,0.0495574,0.3711345,-0.0504337,0.0194801,-0.0067144,0.0544804,181.0,192.0,0.1314519,0.0911748,0.1809176,-0.0334138,-0.0511095,-0.0826081,0.1027266,201.0,173.0
146,1722,139667,1.373657398047398e-10,0.001432937266166771,0.00014412008302988036,0.001432937266166771,0.39106653851154866,8.408300710406026,5.607156156124594,-12.273341607521305,12.156810083230958,-0.002947952101837917,12.273341607521305,0.009883279849744745,12.56198879393414,6.57449491460877,-3.5484109678276883,4.163439192685753,-0.03684742288982863,4.163439192685753,0.23705747528358062,2.1080578184890784,1.25554801502959,0.2607933689883657,1.318169145074194,0.8355618373141497,0.01393659035012483,2.1001108957910044,1.1862835989980813,0.002122251399696684,1.4141516240104508,0.8962046493332627,3.797225770987032e-05,-0.7279051301801933,0,0,0,0.03171514271464545,0.6047052274219187,631,0.2302,0.028,1.109232000024438,-0.3208630509358664,1.2958934062574818,0.05992994347645874,0.046079416872108744,1.5497110334289486,0.08340672649900044,0.03184916357579382,2.618804299224727,0.04843122839231399,0.30038951898215127,408,225,47,48,-1,0.2389,596,0.5779658635209292,0.003804,0.0038040940263965872,130.0,373.0,-0.1036723,0.0803184,-0.0244645,-0.0484812,-0.0591787,-0.4780209,0.3513001,-0.4843392,0.6430394,0.5400044,-0.3045935,-0.603612,-0.7368007,475.0,374.0,0.1047374,0.0851839,-0.0585621,-0.0321188,0.0528694,0.2119817,0.7718728,-0.3590124,-0.4799857,0.474358,-0.6874777,-0.3770527,0.6206494,256,3.611373351044306e-10,3.792123013836366e-11,5.598785332878637e-11,6.871223543676444e-07,0.00016781045572540358,6.345429888049972e-12,20.596626673708244,5.644937992403335,6.925187290663929,3.1245981373043348,1.065733223305926,1.4436717757510495,0.09015170529026917,0.0,0.027576070742992065,0.9807390789473052,0.020223006767856242,0.8688104549650916,0.040223931474743985,-0.0023193648163239468,-0.0011952614672861475,0.7159910170870397,0.49940236926635706,621.4885875935977,289.78412341031674,0.6091696708165173,0.6091702875133697,0.6091702876916689,0.761462859391712,4.9448439386647095e-06,1011,0.2496,0.2395,-0.12117,0.024196,2,0.0578,0.1302,5e-06,12.06,6.0298,2.0,0.35265,0.66582,1.60284,0.17823,0.9752,0.9558,0.9801,0.5308,3.2015,1.5186,16.623,6.2446,8.1268,2.5384,80,0.0577,-0.9154,44,0.0633,0.5555,-0.0,0.0583882,0.1085874,-0.3006376,0.0250402,0.0004623,0.0383745,0.0458239,181.0,192.0,0.0949421,0.1250674,-0.136927,0.017576,0.0492738,0.0421409,0.0671765,201.0,173.0
147,1722,139667,1.8197294298098068e-10,0.0014443556423581127,0.0001462165359412967,0.0014443556423581127,0.391683558157453,8.408047436632655,5.607223051819032,-12.48131308872053,12.112826080653582,-0.004420367429529107,12.48131308872053,0.010734214153531613,12.556900157842911,6.553180359590056,-3.586621815320074,4.2159072890056954,-0.03692887857848575,4.2159072890056954,0.23947044802312,2.1079186151788525,1.257903274257862,0.26267122904744683,1.3721046205309277,0.8327205977980592,0.013936604492240455,2.1142475175607953,1.195126729078602,0.0018599672597098271,1.4141957652366017,0.9293055733074873,5.884238078947645e-05,-0.7253094238706147,0,0,0,0.03248166458770854,0.6046691060047538,631,0.2277,0.03378,1.1161178997730135,-0.32433768215504727,1.3090314002092338,0.06174460621680772,0.04619700709645186,1.550395380447921,0.08597930719404932,0.032627056373623786,2.635214964214679,0.0500054543316371,0.3011793053995252,409,224,47,48,-1,0.2359,596,0.5779167648674145,-0.001216,-0.001215593796487724,130.0,373.0,-0.101113,0.1107312,0.0427519,-0.0748212,-0.0695375,0.6232395,-0.4112144,0.4706589,0.470059,0.5352024,0.3860871,-0.6757015,-0.6279843,475.0,374.0,0.1050761,0.0403644,-0.018797,-0.0007075,0.0357136,0.2470553,-0.571602,-0.5780412,0.5273549,0.4711887,-0.4656826,-0.0175273,0.8847782,256,2.3207612936049795e-10,2.9933136681753945e-11,4.3486728204114236e-11,4.557512288729665e-07,0.00017048575825467664,-1.3547340280086548e-11,23.621447589708932,5.467658090446923,6.539752474199195,3.1034198434905234,1.1493947426644917,1.4303835467503345,0.05017352740380293,0.0,0.02174083923349994,1.7433728963563349,0.022851403416965513,1.4639916619269908,0.009800770896138613,0.0023437591938187865,-0.0009669740172708726,0.7244907472312335,0.4995165129913646,621.4885875430955,289.78412338676884,0.6091696659009084,0.6091702875133767,0.6091702876916497,0.7614628593917208,4.984246981779472e-06,1011,0.2474,0.2367,-0.12554,0.006558,2,0.0567,0.1208,-1.5e-05,12.058,6.0291,2.0,0.35299,0.66432,1.60266,0.18023,0.9752,0.9558,0.9801,0.5308,3.2016,1.5187,16.6236,6.2449,8.1271,2.5384,80,0.1016,-0.9934,44,0.0828,0.4838,0.0,0.100073,0.124002,-0.1067905,-0.0205102,-0.0007847,0.0261691,0.0332582,181.0,192.0,0.1049275,0.0664406,0.2245861,0.0202374,0.0055291,0.0801301,0.0828309,201.0,173.0
148,1723,139668,0.0,0.0014553088726576794,0.00014722809469071543,0.0014553088726576794,0.39113641240513636,8.403319086683618,5.609358630071904,-10.9635619685676,12.075308403194365,-0.003512449947281856,12.075308403194365,0.004045298273590944,12.555996662558586,6.526209732446783,-3.6401465065940997,4.246451391272768,-0.03702558503859269,4.246451391272768,0.24117729429309812,2.107571356726186,1.259497169122561,0.26414715649953796,1.3385185776955206,0.8325168260924629,0.0,2.128388974889188,1.203706607842183,0.0023161540638055866,1.4141987745162037,0.8744315564137352,8.5730570540862e-05,-0.7226294866975045,0,0,0,0.032511431760479256,0.6043299286207364,632,0.2288,0.03259,1.116450789508912,-0.327140499030915,1.314878922014339,0.08975213389112514,0.04147752382977278,1.5400934348063615,0.08687030626562268,0.032663596918931594,2.659545012180617,0.050626936162352296,0.30204802242759143,412,222,45,45,0,0.2371,597,0.5775959202827909,0.008007,0.00800661682043291,130.0,373.0,-0.1014655,0.1019686,0.0075494,-0.0103963,0.1011559,0.2480756,-0.1923879,-0.3239618,-0.8924652,0.5316104,0.0740365,-0.1019556,0.9920301,475.0,374.0,0.1056808,0.1263534,-0.0036848,-0.0335074,0.1217738,-0.7703355,0.2133993,0.3656055,0.4768402,0.4683159,-0.0291628,-0.2651876,0.9637557,256,1.8004450891583232e-10,3.645680227599342e-11,5.012462975506187e-11,1.028423003620883e-06,0.00017226175492773965,-1.6121069166280347e-12,13.20299016377625,5.567385118551256,6.651926012636364,3.1269214218393357,1.005417178367538,1.3163814107726823,-0.08441561561705982,0.0,0.039594210721495195,2.088682066780553,0.022006021001707145,1.901957936282076,0.07342455977526748,0.00458638582876104,0.0023099556760435226,0.7192862224401368,0.5011549778380217,621.4886588348766,289.7841566282904,0.6091696611855473,0.60917028750418,0.609170287691728,0.761462859380225,5.022044302181852e-06,1011,0.2436,0.2322,-0.12566,0.001978,2,0.056,0.0847,1.7e-05,12.056,6.0279,2.0,0.35359,0.66334,1.5996,0.17894,0.9755,0.9557,0.9797,0.5305,3.2052,1.5204,16.4698,6.3928,8.1363,2.5385,80,0.114,-0.9827,44,0.0675,0.2589,-2.0,0.1085901,0.1048704,0.0174255,0.029562,0.0062239,-0.0110138,0.0321551,181.0,192.0,0.1777631,0.0999791,0.2800581,-0.0061651,-0.0743244,0.0422594,0.0857204,201.0,173.0
149,1723,139668,3.5759990264559574e-12,0.0014667111364433027,0.0001489922639645901,0.0014667111364433027,0.391699610886758,8.403009160248503,5.609427547510625,-12.454533348398645,12.035204988177021,-0.003800930117400425,12.454533348398645,0.01108784652355476,12.565347990821834,6.5603911567652355,-3.681510522874994,4.280369102623748,-0.03764631763719037,4.280369102623748,0.24344369316060988,2.1070293843523644,1.2617445020603568,0.14767725017928335,1.330254645118596,0.8355438381788975,0.014130346584060474,2.1425215990707387,1.2126159356382906,0.0029751856015282074,1.4141536168541495,0.8944649535867814,0.00012036550093528506,-0.7198917273652233,0,0,0,0.03336366021964598,0.604294513467789,632,0.2253,0.03656,1.1265168660805616,-0.3291687317266361,1.3274154912739713,0.09563069201147313,0.04170373101177638,1.5398936239764736,0.08932816698062367,0.03352511999075256,2.66451445976222,0.0521289467193764,0.29898090958952545,407,227,47,48,-1,0.2332,597,0.5775427626821361,-0.001868,-0.0018681045827548814,130.0,373.0,-0.1027123,0.1177664,-0.0691275,0.0872939,0.0383416,0.0854407,-0.1224073,-0.8379039,-0.525008,0.5294471,-0.5869885,0.7412465,0.3255735,475.0,374.0,0.1059093,0.0426612,-0.0425367,-0.0027516,-0.0017408,0.5170143,-0.003199,-0.1381044,-0.8447563,0.4645023,-0.9970832,-0.0644989,-0.040805,256,1.8898428033370802e-10,3.016071704790114e-11,4.218960423594368e-11,6.650450311143729e-07,0.00017465158003307396,1.9881911211545606e-12,22.614542474223825,5.789769642344698,7.060141161475804,3.1397759980646938,0.8479013408852678,1.171113331966936,-0.044283855956021884,0.0,0.027563661041753413,1.6803583058410554,0.028679250365219622,0.7284752623560624,0.052389804484146194,-0.00023748159315246044,0.001997698268618559,0.7098302441871349,0.5009988491343093,621.4886436672346,289.78414955600954,0.6091696562768106,0.609170287506156,0.6091702876917265,0.761462859382695,5.0613918624966636e-06,1011,0.2402,0.2285,-0.12167,0.021668,2,0.0544,0.069,3.8e-05,12.055,6.0273,2.0,0.35373,0.66254,1.59928,0.17996,0.9756,0.9557,0.9797,0.5305,3.2055,1.5206,16.4713,6.3934,8.137,2.5384,80,0.0592,-0.982,44,0.0828,-0.6177,-2.0,0.1069883,0.128861,-0.0927402,0.0008955,-0.0283806,-0.0053346,0.0288915,181.0,192.0,0.0405516,0.0969559,-0.4101908,0.0312151,0.0348498,-0.0274607,0.0542492,201.0,173.0
150,1723,139668,3.072466967061166e-11,0.0014764216955857462,0.00015111131827661882,0.0014764216955857462,0.3922445077259311,8.402692686950328,5.609496337797915,-12.389612428896415,11.99260227320252,-0.005174180276953464,12.389612428896415,0.00040289367827853846,12.563076708233856,6.54048581304791,-3.7178088497137227,4.343532684927273,-0.037976549415884214,4.343532684927273,0.2459708040274592,2.1063159590960625,1.2640197766175476,0.2330464004215801,1.3746790401953541,0.8334149162419432,0.014130360726176098,2.156658173994464,1.2214985179855098,0.0015148737423714698,1.4141957683520654,0.9197313464017979,0.0001592122578603265,-0.7170525504125058,0,0,0,0.03443720380614132,0.604275736493243,632,0.2297,0.03294,1.1342344026263915,-0.3326901187073127,1.340469704544982,0.03356830294124261,0.04283547872754504,1.5434292224079966,0.09234680188024996,0.03460695209458633,2.668446548770068,0.053973739540077594,0.2980508052727438,408,226,44,45,-1,0.2377,597,0.5775023984688047,0.000114,0.00011354675904207134,130.0,373.0,-0.1046453,0.0194539,-0.0137381,0.010873,-0.0084555,0.2736604,-0.1887833,0.9162545,0.2234917,0.5272069,-0.7061904,0.5589112,-0.4346416,475.0,374.0,0.1065074,0.0310912,-0.0234728,-0.0094019,-0.0180913,0.6545003,-0.5357888,-0.1128488,0.5213683,0.4607968,-0.754966,-0.3023986,-0.5818775,256,2.3899753485773e-10,4.4161337294268904e-11,6.231052047282223e-11,7.166603139238048e-07,0.00017715285870580929,-2.4029630361108372e-12,22.78225202032926,5.628174289252531,6.92510019587951,3.130993320625227,1.086006750411102,1.419589409640418,0.04078253008104788,0.0,0.02242086399438347,1.2778247472688868,0.013426799336769029,2.5699131436496074,0.060193958383172014,-0.001474730725176324,0.002143664024107067,0.7115508551765946,0.5010718320120535,621.4886844906916,289.78416859093625,0.6091696520966199,0.6091702875008136,0.6091702876917148,0.761462859376017,5.094901156142472e-06,1011,0.2373,0.2252,-0.11832,0.008796,2,0.0548,0.0729,-4e-05,12.053,6.0266,2.0,0.35381,0.66142,1.59907,0.17875,0.9756,0.9557,0.9796,0.5305,3.2059,1.5207,16.3993,6.447,8.138,2.5384,80,0.0499,0.6419,44,0.1312,-0.7279,1.0,0.0627777,0.0822416,-0.1342164,0.0265919,-0.041898,0.0535288,0.0729924,181.0,192.0,0.0790984,0.0674974,0.0791357,0.0027411,0.0146732,-0.0667773,0.0684253,201.0,173.0
151,1723,139668,1.1489321202328125e-10,0.001486376778368482,0.0001519913165892671,0.001486376778368482,0.392765697144469,8.402337233927076,5.6095666896671155,-11.332971949406703,11.95682807817765,-0.009081875588526439,11.95682807817765,0.00010466785184465007,12.565222622596972,6.565629149726535,-3.783180788329903,4.406685140326413,-0.03829799136257941,4.406685140326413,0.24699891719638584,2.1053963691044113,1.2654836311414885,0.26907842473420635,1.4717023122136963,0.8345937573632104,0.028272434876179406,2.1707995916758662,1.2307880738622672,4.6941653078724777e-05,1.4141957515214278,0.8731526830471198,0.00020066811791284053,-0.7141261554603625,0,0,0,0.03476303271529414,0.6042293982164505,632,0.2308,0.03417,1.138778622039305,-0.3355646713334138,1.3464381487002017,0.029764698458266507,0.04775642660150685,1.5336858679711871,0.09353793994732325,0.034937158748546755,2.677319601761092,0.05474601239765172,0.2982277602207564,410,224,42,43,-1,0.2387,597,0.5774400892149798,0.005851,0.005851484327176193,130.0,373.0,-0.1063207,0.042185,0.0373855,-0.0165218,0.0104371,0.7695932,-0.1645827,-0.6151119,0.0477091,0.5258286,0.8862257,-0.3916514,0.247413,475.0,374.0,0.1073075,0.1057366,0.0164888,0.0855679,0.0598873,-0.5514921,0.307388,-0.1252728,-0.7652946,0.456812,0.1559426,0.809255,0.5663816,256,2.2416173279437313e-10,4.3344240492561e-11,5.948446194615168e-11,5.58471569198477e-07,0.0001786444848729217,1.0037025511864633e-11,24.500830529501002,5.78465434417566,7.110152890131078,3.121310338229366,1.1164314610784078,1.4144967141123093,-0.0293396288437038,0.0,0.013528982563812655,1.1158570051398284,0.02418657672478524,2.111222157197239,0.06893779549894286,0.0014985779622313407,0.0012284256913361376,0.7222181759709496,0.500614212845668,621.4887635921879,289.7842054739269,0.6091696478111923,0.6091702874902465,0.6091702876916787,0.7614628593628081,5.129253942386511e-06,1011,0.2354,0.2231,-0.11878,0.017475,2,0.0548,0.0882,1.5e-05,12.052,6.0258,2.0,0.35434,0.66106,1.59612,0.17973,0.9756,0.9557,0.9796,0.5305,3.2063,1.5209,16.426,6.4302,8.139,2.5384,80,0.0922,0.8633,44,0.1824,-0.3713,2.0,0.0731585,0.1028902,-0.1688836,-0.0461891,-0.0153569,-0.0668359,0.0826819,181.0,192.0,0.0983201,0.1162747,-0.0836671,-0.0013046,0.0086609,-0.0075118,0.0115386,201.0,173.0
152,1724,139669,0.0,0.0014951965844893897,0.00015192732824750112,0.0014951965844893897,0.3921701033110145,8.397690191239326,5.611512429624512,-12.359047258830282,11.913906426236315,-0.009671621043349976,12.359047258830282,0.00702098746224579,12.564780991180731,6.526636377376689,-3.8354760067953872,4.441123980125668,-0.03866328814928805,4.441123980125668,0.2479941538844459,2.1042801994999327,1.2667545729900793,0.2704152242126441,1.2872589633315141,0.8363827644660752,0.0,2.1849410322976457,1.2393293961049778,9.310015014007966e-05,1.414198818842562,0.8665348494184034,0.0002424083794667643,-0.7111093726286611,0,0,0,0.0345088423339926,0.603993783167648,633,0.2371,0.03444,1.1410486527979022,-0.33746376108777154,1.3527632793495872,0.07758101064377036,0.04656954953107096,1.5263444631439351,0.09365893959877093,0.03468874298713415,2.6999807872400705,0.05488698100688723,0.30638745789150285,413,222,42,42,0,0.2457,598,0.5772332216633328,0.006792,0.00679154081624711,130.0,373.0,-0.1072684,0.0643468,-0.0503263,0.0296354,0.0270097,0.6799819,0.2254845,0.1446425,-0.6825393,0.5240591,-0.78211,0.4605569,0.4197515,475.0,374.0,0.1090222,0.1394245,0.0039724,0.1393147,-0.0038517,-0.963011,-0.1154435,0.0838839,-0.2285743,0.4522927,0.0284914,0.9992122,-0.0276259,256,2.796454559838677e-10,3.849291276639703e-11,5.779847787888904e-11,6.586600595468904e-07,0.00017918665141704025,-8.485799200609026e-12,18.251298131476723,5.622465014936437,6.886899098447408,3.1300025804674423,1.144532577258175,1.490783134738398,0.10034283943088049,0.0,0.03743855497471166,0.9699317600991078,0.009675364834778958,0.9722515810344451,0.06309504001158305,0.0008046686268718553,0.004625086696797843,0.7220561537129992,0.5023125433483989,621.4888096260842,289.7842269383472,0.609169644014275,0.6091702874839656,0.609170287691728,0.761462859354957,5.159689332599524e-06,1011,0.2337,0.2217,-0.12204,0.003238,2,0.0559,0.1172,7.3e-05,12.05,6.0251,2.0,0.35475,0.66132,1.59317,0.1804,0.9759,0.9557,0.9793,0.5302,3.2102,1.5228,16.1248,6.6672,8.1626,2.5427,80,0.0564,0.9413,44,0.1467,-0.142,1.0,0.0780966,0.0571686,0.1547178,-0.0111059,-0.0129616,0.0014308,0.0171287,181.0,192.0,0.2166734,0.046251,0.6481801,-0.0101213,0.1006801,-0.006476,0.1013946,201.0,173.0
153,1724,139669,2.1200946441775567e-11,0.001503762568466152,0.00015344179240579523,0.001503762568466152,0.3926351938645273,8.397305294347925,5.611582053612684,-12.714429701378897,11.875018063634018,-0.01260874146069765,12.714429701378897,0.0027314638147496934,12.566196195179444,6.530669223466341,-3.8430547980317487,4.486751467761452,-0.0392188859322884,4.486751467761452,0.25008542169603193,2.1029795000280274,1.268885016384017,0.2718654807598494,1.2826619607150715,0.8327901370424468,0.014131148664079123,2.1990741899934396,1.2483639241598607,0.002519919371499202,1.4141446979900234,0.8923231727091272,0.0002873069898026918,-0.7080161483483206,0,0,0,0.03538802221106311,0.6039064105396879,633,0.2384,0.03822,1.1500576628385284,-0.33978440800667525,1.365039834596215,0.1117098520676175,0.040983583342235994,1.5289192829643419,0.09624651916890953,0.0355765917068266,2.7053327638027027,0.05648679600393483,0.30376738436340883,414,221,40,40,0,0.2468,598,0.577140361336318,-0.001451,-0.0014506945799348525,130.0,373.0,-0.1064578,0.1264315,-0.0133927,-0.0339634,-0.1210456,-0.4575765,0.1210947,-0.780698,-0.4080078,0.5220696,-0.1059283,-0.2686309,-0.957401,475.0,374.0,0.1074543,0.0778333,-0.023374,-0.0051683,-0.0740606,-0.481744,0.1274053,-0.1756966,-0.849012,0.4483403,-0.3003087,-0.0664017,-0.951528,256,2.5280426307372747e-10,4.783422873421699e-11,6.61269359655411e-11,9.90459593715443e-07,0.00018141862336937538,-1.5169391788810035e-12,17.883700971276816,5.488980922044503,6.711436033744581,3.097059430801641,1.2189923386495698,1.4974920919679016,-0.014256055282481653,0.0,0.043361303532017836,2.5847177964793193,0.033381038997406125,2.67466282870873,0.07431910398253734,-0.001269115929983126,0.006312311400647155,0.7188206094343439,0.5031561557003236,621.4888373153148,289.7842398491224,0.6091696403266359,0.6091702874801401,0.6091702876917189,0.7614628593501751,5.189248971058928e-06,1011,0.2306,0.2194,-0.12319,0.008092,2,0.0555,0.128,0.000111,12.049,6.0245,2.0,0.35483,0.66082,1.59275,0.178,0.9759,0.9557,0.9792,0.5302,3.2106,1.523,16.1271,6.6682,8.1637,2.5427,80,0.0388,0.677,44,0.1043,0.9917,-4.0,0.1284594,0.1298228,-0.0052784,0.0230967,0.0180383,0.0077867,0.0303228,181.0,192.0,0.0608044,0.1049171,-0.2661858,-0.0037649,0.0194962,0.0141223,0.0243662,201.0,173.0
154,1724,139669,4.383064225017983e-11,0.0015028969792914239,0.0001549896511820125,0.0015028969792914239,0.3930757412139968,8.396909065650108,5.6116514848894745,-13.503880731395848,11.829836333154027,-0.017406456888410332,13.503880731395848,0.004240378190868277,12.561965264921094,6.549635185304103,-3.9049724235095096,4.521448620206529,-0.039423230665225,4.521448620206529,0.2527398845325709,2.1015139746249516,1.2711344294003495,0.17939477390432668,1.3787927072259838,0.8346866314887165,0.014131162806194747,2.2132102012409947,1.2571742388651463,0.0030139756365588077,1.4141940671957374,0.9128442382360861,0.0003338902041962969,-0.7048155645933952,0,0,0,0.0364135998679702,0.6037971729464173,633,0.2372,0.03544,1.1610512220052522,-0.34257437022803217,1.376367912106627,0.06778006837594774,0.04652990349611917,1.5290857272651774,0.0992945919114296,0.03661599223127801,2.7117820892099287,0.058392718260105766,0.29658322945129895,415,220,41,41,0,0.2454,599,0.5777411978395011,0.000982,0.0009817351276966146,130.0,373.0,-0.1065721,0.1036942,0.0087195,0.0330479,0.0978994,-0.1720909,0.0184288,-0.6058259,-0.7765437,0.5197522,0.0840889,0.3187056,0.9441164,475.0,374.0,0.1088763,0.0348912,0.0306041,0.0162438,-0.0041135,0.3156091,-0.3062768,0.5099911,0.7392527,0.4442043,0.8771306,0.4655563,-0.1178949,256,2.64500191975493e-10,4.4879902603838725e-11,6.418227523464929e-11,6.034443376091681e-07,0.0001829932989111984,-8.888976556170934e-13,22.93337287395939,6.517109432980794,7.877896426256997,3.132627689116125,1.1010288772844872,1.417121921178788,-0.1202251522704053,0.0,0.036852394669340156,2.9094294224018498,0.0405894148142626,1.693531329817025,0.042867907610021454,-0.0010130788845007061,-0.0003734866726059731,0.7247492819355221,0.4998132566636969,621.4889536596598,289.78429409749435,0.6091696406994953,0.6091702874636913,0.6091702876917092,0.7614628593296141,5.18626098758062e-06,1011,0.2247,0.2137,-0.12372,0.021024,2,0.0538,0.1327,-3.7e-05,12.047,6.0233,2.0,0.355,0.65954,1.59261,0.17957,0.9759,0.9557,0.9792,0.5302,3.2111,1.5232,16.1541,6.6515,8.1649,2.5427,80,0.0804,-0.7015,44,0.1506,0.5823,-1.0,0.1501025,0.0845954,0.2791128,-0.0425823,-0.0028003,0.028286,0.0511976,181.0,192.0,0.0203992,0.0550082,-0.4589593,-0.0149952,-0.0017327,-0.0034671,0.015488,201.0,173.0
155,1724,139669,1.8073667163217657e-10,0.0014986606658068365,0.00015478134321434916,0.0014986606658068365,0.3934916695400063,8.396489533624887,5.611719693759592,-12.478032273064457,11.79192653652415,-0.022684129432945236,12.478032273064457,0.00036892594474385035,12.562694895078593,6.561568885667468,-3.9283735388933274,4.573021549080011,-0.03969811509905351,4.573021549080011,0.25386239357329476,2.0998622443897785,1.2722410374269957,0.2750146521131416,1.4088176244285113,0.8343949606189274,0.028273222613782296,2.2273515953546164,1.2663460217503708,0.0009677093873201592,1.4141935238066818,0.8589640360802939,0.0003833833490647989,-0.701537849636177,0,0,0,0.03644817068526949,0.6037242099463217,633,0.2359,0.03123,1.1668427947228992,-0.34629302206222934,1.3820581473052442,0.060262532056072037,0.046377219093274,1.5257682042896918,0.10007693674745927,0.03666645336652871,2.7293868798015617,0.058940451284178394,0.30069963593320376,415,220,34,35,-1,0.2439,599,0.5776740957509078,-0.000562,-0.0005622753266500968,130.0,373.0,-0.1068769,0.0530466,-0.0209925,0.0397253,-0.0281985,-0.9302226,0.1239712,0.2843746,-0.1960821,0.5176587,-0.3957368,0.7488756,-0.5315804,475.0,374.0,0.1090054,0.0486679,-0.0155041,-0.0122597,0.0444734,-0.033799,-0.7696437,-0.3898609,0.5044946,0.4394167,-0.31857,-0.2519061,0.9138142,256,2.928394071784442e-10,5.864208016498847e-11,7.862997249555522e-11,7.449759270931803e-07,0.00018349480121464075,-1.374867538413649e-12,23.03264588550327,6.443232741537097,7.836612801456102,3.1410698159102037,0.9666105995556804,1.3046542135844847,0.03159424737873229,0.0,0.0099295854031867,2.6254832412887334,0.02483462669577353,2.737876251851737,0.027338506522483638,-0.001521508790188226,-0.0019607792449010176,0.718977982209748,0.4990196103775495,621.4889844105714,289.7843084358525,0.6091696425232113,0.609170287459241,0.6091702876916503,0.7614628593240511,5.17164188045946e-06,1011,0.2205,0.2097,-0.13035,0.019235,2,0.0525,0.1108,4.7e-05,12.045,6.0223,2.0,0.35556,0.65818,1.58924,0.18007,0.976,0.9556,0.9792,0.5302,3.2116,1.5234,16.206,6.6172,8.1661,2.5427,80,0.1844,-0.9206,44,0.227,-0.3483,-1.0,0.1239135,0.0895001,0.1612523,0.0257448,0.0676531,0.0545641,0.0906476,181.0,192.0,0.0806258,0.1302303,-0.235253,-0.0075143,-0.0736506,-0.0536659,0.091438,201.0,173.0
156,1726,139672,0.0,0.0015113981372374564,0.00015413542598686678,0.0015113981372374564,0.39591356789539284,8.401797072764326,5.6099107029039885,-12.521977764218231,11.747991781091832,-0.023987373498049542,12.521977764218231,0.0052888694856240235,12.558057939115987,6.564951484323987,-3.960144501094566,4.633943812394289,-0.03930189354827596,4.633943812394289,0.2549505227707199,2.098035195194224,1.2732575008774683,0.27604308989048865,1.3390497491574442,0.8345931939506822,0.0,2.241492851247507,1.2739362534845105,0.0007164268777228866,1.4141937041802612,0.85702029231314,6.228438795066118e-06,-0.6981821073628702,0,0,0,0.03629260994730634,0.603658989648465,633,0.234,0.02349,1.1759187920542382,-0.35032968710471724,1.3871650973374177,0.04390365628650287,0.04381923551672304,1.5173281598982435,0.10036417136814674,0.03652134445506047,2.7480962945283927,0.05918801031999536,0.2968630053360112,417,218,35,36,-1,0.2419,599,0.5776077590727322,6e-05,5.9662014575412314e-05,130.0,373.0,-0.1073083,0.0547914,0.0441846,-0.0009614,0.0323866,0.5196727,-0.2671498,0.7738045,0.2445358,0.5159746,0.8064154,-0.0175466,0.5910891,475.0,374.0,0.1087945,0.0695884,0.0261355,0.061018,0.0208875,0.3518408,-0.199392,0.4226592,0.8110549,0.4335665,0.375572,0.8768413,0.3001584,256,2.2652347665574345e-10,2.8254196325008127e-11,4.125514221269276e-11,8.523672862684276e-07,0.00018368348226152577,-1.8250183298908092e-13,23.387086412532472,6.342275481732402,7.822600669070493,3.098787383765732,1.1165473070714615,1.4391945098590688,0.15754059185235322,0.0,0.016139688034198237,1.2858588299429985,0.010450895936957517,1.9585163266871608,0.0332239828367328,-0.0017733233414236568,-0.0007277444481894533,0.7174123852561752,0.4996361277759053,621.4889610780413,289.78429755649455,0.6091696370398103,0.6091702874626217,0.609170287691728,0.7614628593282771,5.215597083699139e-06,1013,0.2192,0.2084,-0.13069,0.000783,2,0.0517,0.1012,5.4e-05,12.043,6.0214,2.0,0.35583,0.65711,1.58735,0.17896,0.9758,0.9554,0.9791,0.5301,3.2071,1.5213,16.4303,6.4671,8.1549,2.5428,80,0.1944,-0.9183,44,0.2952,-0.6483,1.0,0.0498494,0.1122419,-0.3849218,-0.0743135,0.0135797,-0.0021658,0.0755751,181.0,192.0,0.0905442,0.1061478,-0.0793301,0.0172866,-0.0238826,0.0616632,0.0683488,201.0,173.0
157,1727,139673,0.0,0.001518280766746033,0.0001548778938785989,0.001518280766746033,0.39699813441241516,8.404014864404264,5.608886112880885,-12.286092912151812,11.699918882624614,-0.025886545811831314,12.286092912151812,0.007383658877250672,12.562691577213764,6.556544696676884,-4.015402121732247,4.708217754847649,-0.03971460357476065,4.708217754847649,0.25676783270548365,2.096060439497382,1.2753428753866913,0.277888839509749,1.3594830608677584,0.8405074631170902,0.0,2.2556246457649607,1.2821445701820184,0.000267609474739694,1.4141441192381117,0.8908847240182303,6.385973338557704e-05,-0.6947421549289645,0,0,0,0.03695249669528881,0.6036236238216323,633,0.2304,0.0244,1.1852428015097842,-0.3523505631773432,1.3991478876606767,0.013812641697879862,0.04161323944546655,1.5220845880217402,0.10254724148411845,0.037191100940882287,2.757305884736353,0.060556053015610484,0.2976436587188435,412,223,39,40,-1,0.2378,599,0.5775647041109587,-0.006542,-0.006541844601871238,130.0,373.0,-0.1041438,0.0413298,-0.0326008,-0.0243447,0.0072584,0.6932082,0.1373673,0.3973708,-0.5853965,0.5138047,-0.7887947,-0.5890334,0.1756207,475.0,374.0,0.1080427,0.0579218,0.0199536,0.0502178,-0.0208556,0.8431383,-0.2453524,-0.2870336,0.3827946,0.4287549,0.3444923,0.8669938,-0.3600651,256,2.103620640808348e-10,4.7763089173659155e-11,6.670474076920713e-11,7.7904691681888e-07,0.00018516380777725545,-1.0140396110674397e-11,23.32373292172628,6.219991852769841,7.606238390877534,3.1148526918730486,1.2338392977297563,1.5440770561406914,-0.1397299953213025,0.0,0.010747635949884387,1.6647812544467173,0.01542925227796974,0.65663017559979,0.03606192386811861,0.0009964570189787691,0.0005837775769316766,0.7149935595922913,0.5002918887884659,621.4888807523376,289.78426010268754,0.6091696340767467,0.6091702874740721,0.609170287691728,0.7614628593425901,5.2393486320065046e-06,1014,0.2172,0.2056,-0.13925,0.020328,2,0.0505,0.088,6.1e-05,12.042,6.021,2.0,0.35585,0.65543,1.58739,0.17815,0.9759,0.9553,0.9789,0.5304,3.2051,1.5204,16.5928,6.3574,8.1498,2.5428,80,0.0894,-0.9,44,0.227,-0.8354,-2.0,0.1138968,0.030818,0.5740863,-0.0621831,-0.0081933,0.0119369,0.0638464,181.0,192.0,0.0621746,0.0865605,-0.1639555,-0.0410392,0.0029993,-0.0174779,0.0447067,201.0,173.0
158,1727,139673,3.4039569791721797e-12,0.0015282549301076913,0.00015428461828663538,0.0015282549301076913,0.3973462127554455,8.403545334374934,5.608954722858971,-12.357289633670288,11.91787109485828,-0.03013686093986893,12.357289633670288,0.00672379885655405,12.56467346902071,6.545247296122356,-4.056462254266403,4.78835524016936,-0.04007628668730316,4.78835524016936,0.25755578123899736,2.0939530456901045,1.2766404203051607,0.1827008371868566,1.4005172618122192,0.8418904980067494,0.014141463300816448,2.2697657664965645,1.2911821102198433,0.0035751835440883672,1.414142333819426,0.8870135301308443,0.0001842844360431902,-0.6912522359217542,0,0,0,0.03700112793777983,0.6035564256497205,633,0.2297,0.02374,1.1904334955038807,-0.35592829001470516,1.4048540054050644,0.01931335020611758,0.04192558935867098,1.5157563191360004,0.10317242005552288,0.03724528657838817,2.770079908994159,0.06099954360553449,0.30147630549575,406,229,37,37,0,0.2371,599,0.5774905817455206,-0.000458,-0.0004578461077833218,130.0,373.0,-0.1032356,0.0781761,0.0258293,0.0587799,0.0446013,-0.800923,0.3677956,-0.3169501,-0.350416,0.5119639,0.3303994,0.7518907,0.5705232,475.0,374.0,0.117714,0.073464,-0.0158949,0.0265191,0.0666413,-0.361734,0.5203991,-0.4393119,-0.6366619,0.4229145,-0.2163628,0.3609804,0.9071275,256,3.972496012828951e-10,6.966708507829654e-11,9.376845559645577e-11,1.0977835429614113e-06,0.000185574272330829,-9.479123727337447e-12,23.49391955837516,6.021304819821742,7.547153115997,3.1284800590370403,1.2796797419369033,1.6080538892682537,-0.16312201000434987,0.0,0.020324373835534586,0.9397023728084768,0.007022234508522034,1.8847407727231207,0.03848509565757737,-0.0008062773853451313,-2.374121980075767e-05,0.7199471344364169,0.4999881293900996,621.489113194002,289.7843684842496,0.6091696297832909,0.6091702874401344,0.6091702876917265,0.7614628593001679,5.273765931894133e-06,1014,0.2176,0.2051,-0.14027,0.012389,2,0.0506,0.1118,5e-06,12.041,6.0205,2.0,0.3562,0.65395,1.58433,0.17968,0.9759,0.9552,0.9789,0.5304,3.2053,1.5205,16.5937,6.3578,8.1503,2.5428,80,0.0791,0.9694,44,0.0829,-0.9859,-2.0,0.1200265,0.109667,0.0451013,-0.0765536,0.0309284,-0.0135389,0.0836679,181.0,192.0,0.1024886,0.0433367,0.4056354,0.008513,0.019191,0.0381369,0.0435338,201.0,173.0
159,1727,139673,5.846352670466635e-12,0.0015308613549631753,0.00015493151970498383,0.0015308613549631753,0.3976689267719639,8.403068836003925,5.609022651480975,-12.01259907136555,11.618740541024787,-0.03587265628202969,12.01259907136555,0.0035971262322605753,12.56262519777991,6.503677195771895,-4.078674025631454,4.809113587215886,-0.040611847751925244,4.809113587215886,0.2600857207260536,2.0917196512410112,1.2787514914494431,0.2371580066768918,1.3728676180626134,0.8312108438913852,0.014141477442932072,2.283901237607951,1.2999032784846756,0.000539459767480821,1.4141906411223062,0.8838061026022739,0.0002420670543774448,-0.6877145393738956,0,0,0,0.037824354866589985,0.6035122202010349,633,0.2337,0.03156,1.1957973245633509,-0.3602560737598161,1.4182763590138685,0.04218042017425475,0.04132762688657853,1.5191972387397423,0.1059221192392372,0.03808539495627665,2.7811742364977294,0.06266402426353403,0.29719317772450016,411,224,33,33,0,0.2411,599,0.5774373156441704,-0.00983,-0.00982953572476819,130.0,373.0,-0.101606,0.0378914,0.030611,0.0217445,-0.0050895,-0.7388511,-0.37876,0.3282432,-0.4504401,0.509002,0.8078615,0.5738629,-0.1343174,475.0,374.0,0.1230701,0.082354,-0.0464274,-0.0161967,-0.0660632,-0.931735,0.3288987,-0.1328606,-0.0777411,0.4179465,-0.5637538,-0.196672,-0.8021856,256,3.5389716878869646e-10,8.456889406572327e-11,1.0694688875510299e-10,1.3269864614917523e-06,0.0001865594888152039,1.798035951334217e-11,24.83972769732368,6.122900577948442,7.769306422921922,3.116330631883541,1.2527662120799161,1.5414297257888343,-0.04034396998245617,0.0,0.014923309144189862,0.9114451201064385,0.007240124192490658,2.8731573976235723,0.08319962094262903,-0.0018278505942257342,0.003098205645891861,0.7217418732763727,0.5015491028229461,621.489244040911,289.78442949479364,0.6091696286613324,0.6091702874199489,0.6091702876917254,0.7614628592749362,5.282759179408151e-06,1014,0.2114,0.1994,-0.15138,0.013396,2,0.05,0.108,-7.4e-05,12.04,6.0202,2.0,0.35634,0.65259,1.58438,0.17884,0.9759,0.9552,0.9788,0.5304,3.2054,1.5205,16.5695,6.3756,8.1505,2.5427,80,0.1713,0.8025,44,0.092,0.3607,0.0,0.0552197,0.0991604,-0.284627,-0.0421692,-0.0376808,0.0506251,0.0759012,181.0,192.0,0.088201,0.0873177,0.0050326,0.0164221,-0.0169446,-0.0223303,0.0324876,201.0,173.0
160,1727,139673,2.0408274228416022e-11,0.0014838881675682644,0.0001533562070394988,0.0014838881675682644,0.3979577913569646,8.40257929577638,5.60909214817219,-12.515111131875315,11.887936073156261,-0.04181449152799722,12.515111131875315,0.00035528894139300374,12.560773817041477,6.532906336666558,-4.1140416469141625,4.866368201905968,-0.04022517094315853,4.866368201905968,0.2619108939562275,2.0893615522481213,1.279749114954114,0.14579175362672392,1.3328853873331017,0.8321485254939393,0.028283485517443037,2.298042640577794,1.308537409464682,0.002922627476224071,1.4141885834339147,0.8880152607230775,0.000314305399185077,-0.6840012158447412,0,0,0,0.03754287842623023,0.6034636205757465,633,0.2309,0.03786,1.1998327835538118,-0.361924332652347,1.4210226753708703,0.039586309492570686,0.04473682699111157,1.5158374135048958,0.10590022634988794,0.03779052700169232,2.8022955685467306,0.06272459065858926,0.2979002977610173,408,227,32,32,0,0.2382,599,0.5773729961006692,0.001257,0.00125682168475727,130.0,373.0,-0.0988239,0.0599574,-0.0508984,-0.029731,0.0109687,-0.8424775,0.1484413,-0.3304317,-0.3987626,0.5069423,-0.8489092,-0.4958686,0.1829414,475.0,374.0,0.1255675,0.0692375,-0.0361819,0.0556985,0.0195545,0.4379953,-0.2397437,0.5766716,0.646632,0.4129717,-0.5225761,0.804456,0.2824264,256,2.395606287892623e-10,5.4166698033857904e-11,7.610396815274599e-11,7.50964426275484e-07,0.00018547693306850417,3.262884537693814e-13,12.545352335276755,5.376703998425329,6.4619011796216865,3.139898162006298,1.2503592520085633,1.5385484673284988,0.17679271608569216,0.0,0.018404345367931403,0.9377902074952305,0.0365013771780257,1.4678451930482146,0.03775984540508647,-0.00033726455684861273,1.802282528339105e-05,0.7224021895184486,0.5000090114126418,621.4892069713281,289.7844122102018,0.6091696488831153,0.6091702874257465,0.6091702876917193,0.7614628592821832,5.1206624823280415e-06,1014,0.2046,0.1936,-0.15931,0.021821,2,0.0478,0.1206,-5.6e-05,12.04,6.0198,2.0,0.35697,0.65167,1.58063,0.17897,0.9759,0.9552,0.9788,0.5304,3.2053,1.5204,16.6674,6.3049,8.1501,2.5427,80,0.1822,0.7068,44,0.1007,0.7802,1.0,0.0940716,0.1457439,-0.2154668,0.1003757,0.0026974,0.0523401,0.1132344,181.0,192.0,0.1153395,0.0904624,0.120879,-0.0277804,0.0023567,0.0773592,0.0822299,201.0,173.0
161,1727,139673,3.965685952114722e-11,0.0014950710136422821,0.0001526231040183355,0.0014950710136422821,0.3982166557010775,8.402074772373865,5.609161181117639,-12.876984339931152,11.532002642646079,-0.0431607491978355,12.876984339931152,0.002844147705675865,12.563274553327874,6.51995780122728,-4.149752219272524,4.919171931450713,-0.04042274931413493,4.919171931450713,0.2624671919879319,2.0868923249596496,1.2808762057697263,0.2545144693112289,1.3759315071219058,0.832657172681564,0.04237999917756487,2.312183570635512,1.3176451862954544,0.0007996455483569864,1.4141899771564073,0.8647485516617137,0.0004182673963827033,-0.6802779638573477,0,0,0,0.03765794852993072,0.6033558903382681,633,0.2322,0.03992,1.205732392218387,-0.36579058872409503,1.4267756232694333,0.03119235514029924,0.048316130594847184,1.5047884867206798,0.10648403271298922,0.03791527447302149,2.808473212788098,0.06311045921872206,0.29731893529778686,409,226,36,36,0,0.2395,599,0.5772649201898339,-0.000272,-0.000272253095109809,130.0,373.0,-0.0985334,0.0587876,0.0097838,-0.0494425,0.0302606,0.2798945,0.4308228,0.721541,0.4641438,0.5055278,0.1664267,-0.8410356,0.5147439,475.0,374.0,0.1267667,0.0446733,-0.0057065,-0.0080735,0.0435655,-0.1214036,0.1455522,0.5361288,0.8225823,0.4093922,-0.1277377,-0.1807224,0.9752038,256,2.8404020199088145e-10,5.808957557290583e-11,7.855453305007659e-11,7.278565109294605e-07,0.0001853588002987746,-1.7903147637929668e-11,22.787283765576717,7.442586413908927,9.182007444274856,3.0938925065647074,1.0473656176464243,1.3475870663668272,-0.15315867007835562,0.0,0.013171330846223102,0.7816776453832366,0.007481460696404369,2.509901174149063,0.030681821678200445,-0.001028190654768885,-0.0003005150320472135,0.7149716775852154,0.49984974248397646,621.4891107402286,289.7843673401183,0.6091696440688764,0.6091702874405054,0.609170287691711,0.7614628593006317,5.159253507583194e-06,1014,0.1995,0.1891,-0.16124,0.022744,2,0.0469,0.1108,-3.9e-05,12.038,6.0189,2.0,0.35707,0.6508,1.57769,0.17953,0.9759,0.9552,0.9788,0.5304,3.2051,1.5204,16.6667,6.3046,8.1498,2.5428,80,0.1227,0.8471,44,0.131,0.8806,2.0,0.0911468,0.0400073,0.3899188,0.0223707,-0.0094045,0.0172192,0.0297555,181.0,192.0,0.0700539,0.0436468,0.232251,-0.0319786,0.0129146,0.0256229,0.0429645,201.0,173.0
162,1728,139674,0.0,0.0014802467718576433,0.00015136938892786164,0.0014802467718576433,0.39952159642145196,8.40391347695106,5.607890547030473,-11.449308313090226,12.388719996423003,-0.04765776260463955,12.388719996423003,0.008566885779178773,12.563876673351972,6.45246760521004,-4.172895527813748,4.967307110761627,-0.039519398542667915,4.967307110761627,0.26342182513294465,2.0843053721594273,1.2817126060013606,0.284484974921379,1.3469867191638571,0.8398200355616046,0.0,2.3263248244487906,1.3257342979891529,0.00011034721188074581,1.414180317578221,0.8487723950226476,0.000551062902753512,-0.6764078014134658,0,0,0,0.03768619146750976,0.6032816951618136,633,0.2304,0.03909,1.2111730563197187,-0.36881810608826393,1.432227673046765,0.02691963536890131,0.04987546920595144,1.4970086806476945,0.10690298145222799,0.037946212140936936,2.8172240500626797,0.06341726936074661,0.293197096935826,413,223,37,37,0,0.2376,599,0.5771801204255103,-0.001563,-0.001563032190065483,130.0,373.0,-0.0958074,0.0959044,-0.0705335,-0.0447611,0.0471076,-0.1936741,-0.6509498,-0.4737141,-0.5606689,0.5039031,-0.7354561,-0.4667266,0.491193,475.0,374.0,0.1277804,0.0739666,-0.0082218,-0.0711073,-0.0186339,0.4808727,-0.1391419,0.7823216,0.3706398,0.4046771,-0.1111549,-0.9613426,-0.2519226,256,3.283197413542964e-10,1.0549556814650914e-10,1.3757918049019082e-10,1.101100009433212e-06,0.00018538261674868125,-1.4497312462724942e-11,12.652788883300765,5.418635720818329,6.388542848959311,3.126346392056254,1.2123749116840132,1.5835515435938712,-0.02750906332465886,0.0,0.013862405427381675,1.2654243566609338,0.024076246144920464,1.3087102666184984,0.03244712568728897,-0.000294511909372541,-0.0004053212731035128,0.7354795329301644,0.4997973393634482,621.4892457818206,289.784430306535,0.6091696504506764,0.6091702874196752,0.609170287691728,0.7614628592745939,5.108096284855031e-06,1015,0.1983,0.1879,-0.16831,0.016341,2,0.0463,0.1094,-1.9e-05,12.037,6.0184,2.0,0.35733,0.65055,1.57463,0.17837,0.9757,0.9552,0.9791,0.5301,3.2032,1.5195,16.7307,6.2657,8.145,2.5428,80,0.042,0.183,44,0.2264,0.3432,-2.0,0.052904,0.1321313,-0.4281742,0.0306535,0.0271625,-0.0274073,0.0492808,181.0,192.0,0.0705524,0.0927186,-0.1357631,-0.0306442,0.0047341,-0.0017391,0.0310564,201.0,173.0
163,1729,139675,0.0,0.0014368798982549637,0.00015205252864999302,0.0014368798982549637,0.4008756843520314,8.406237033713477,5.606995936400025,-12.408678808042142,11.442775926953773,-0.04742986486891714,12.408678808042142,0.0003446246714444712,12.5652378289121,6.472863421169529,-4.196185814409533,4.982547444740463,-0.03990359027694187,4.982547444740463,0.2651096833970107,2.081593624121836,1.283599978743818,0.27152133107214127,1.4277537681065127,0.8409595970258102,0.0,2.3404549669992356,1.3338677162810237,0.0011000353906142069,1.4141172929848944,0.8819376828033522,0.0007339458806467823,-0.6724803658077535,0,0,0,0.03863342167552531,0.6031523566749406,633,0.2326,0.04026,1.2181908778374952,-0.3719395354999775,1.4452418976280255,0.04679284103358799,0.04577171982794173,1.4924719149125418,0.10976677460663625,0.03890929259790015,2.8210940697636873,0.06522155825594754,0.2930963678483066,415,221,38,38,0,0.2397,599,0.5770565157688418,-0.002513,-0.0025132889130368152,130.0,373.0,-0.0911562,0.0395863,-0.0303925,-0.002757,0.0252144,-0.80665,-0.5048532,-0.2868033,0.110376,0.5017147,-0.7677534,-0.0696443,0.6369493,475.0,374.0,0.129622,0.1063773,0.0224265,-0.1037199,0.0074405,-0.3519926,-0.16922,0.6715016,0.6297233,0.4009507,0.2108206,-0.9750192,0.0699446,256,4.70270280172052e-10,1.187973624616526e-10,1.564078960243755e-10,8.545655899321861e-07,0.00018722982765039718,-3.63483527377838e-11,28.022028357965947,8.027078248193778,9.90741777297156,3.1157368277937825,0.843028131826133,1.1378836568510786,-0.1241467429686873,0.0,0.02224794018648229,1.6653238900720488,0.02225311305441176,1.2534990858281119,0.023593914020732396,-0.002099863521090106,-0.00042640210278316657,0.7244359446578975,0.4997867989486085,621.4893025012532,289.7844567533457,0.6091696691199925,0.6091702874106789,0.609170287691728,0.7614628592633486,4.9584436458508375e-06,1016,0.1975,0.1865,-0.1734,0.026683,2,0.0465,0.077,-1.2e-05,12.035,6.0173,2.0,0.35731,0.64974,1.57426,0.17902,0.9757,0.9551,0.9789,0.5304,3.2009,1.5184,16.8665,6.1733,8.1392,2.5428,80,0.084,-0.5524,44,0.2204,-0.0037,1.0,0.1073536,0.1055217,0.0086055,0.0656301,-0.0655552,0.0348788,0.0991026,181.0,192.0,0.0912147,0.1335426,-0.1883268,-0.0168349,0.0048389,0.0209874,0.0273368,201.0,173.0
164,1730,139676,0.0,0.0014355232540358084,0.00015176671575852055,0.0014355232540358084,0.40215402400564804,8.408475510698231,5.606038108939218,-10.99474709040431,11.405778926799616,-0.04792675393109256,11.405778926799616,0.0038681242597249366,12.566080770346096,6.461681075958554,-4.276635335423145,5.0499345921447745,-0.03972131148558124,5.0499345921447745,0.26530950099306105,2.078753246574701,1.284491643855416,0.2871573221139241,1.36651503103881,0.8402270621360657,0.0,2.3545950316370385,1.3419350211836858,0.0012150242208620599,1.4141215681137005,0.8795236458390616,0.0009289718121901176,-0.6684369843565262,0,0,0,0.03864456480443193,0.603058392005067,633,0.2298,0.03984,1.222272166946553,-0.37594543369116923,1.4498984680971398,0.0920055383426114,0.04694014299326351,1.4943044126597582,0.11042886005642528,0.03892517251097889,2.8369523609761442,0.06566700521002722,0.2936545484837892,413,223,34,35,-1,0.2367,599,0.5769592116845653,-0.004454,-0.004453517195103895,130.0,373.0,-0.0902555,0.0683538,0.0642996,0.0229014,-0.0036507,-0.5150608,-0.4531035,-0.0727193,-0.7239624,0.4999138,0.9406883,0.3350418,-0.0534085,475.0,374.0,0.1346206,0.0367019,-0.0279685,-0.0222334,0.0083949,0.0075309,-0.7694512,-0.2468626,0.589022,0.3955499,-0.762043,-0.6057824,0.2287318,256,2.150096730935543e-10,5.919241664423148e-11,7.638315602615374e-11,1.450703951006668e-06,0.00018820597561056788,9.954266508500521e-12,23.253728278061693,5.895126110427007,7.2418857466563535,3.1146017648035165,1.181763627944596,1.4997547701809255,-0.11895618400094116,0.0,0.021627515939309498,2.2489209640558205,0.026318464286879426,1.8401731595109938,0.025251002317111824,-0.004251119867318853,0.0011616584437117038,0.7156304239614427,0.5005808292218559,621.4892899594979,289.7844509054482,0.6091696697040271,0.6091702874126806,0.609170287691728,0.7614628592658508,4.95376218272041e-06,1017,0.1976,0.1862,-0.174,0.02237,2,0.0459,0.0557,-1e-05,12.032,6.0162,2.0,0.3575,0.65031,1.57221,0.1781,0.9757,0.9549,0.9787,0.5306,3.1988,1.5174,17.0518,6.046,8.1336,2.5427,80,0.058,-0.2422,44,0.1268,-0.0888,1.0,0.0310157,0.1077194,-0.5528789,-0.0411528,-0.0281786,-0.0115984,0.0512065,181.0,192.0,0.0250217,0.0581862,-0.3985745,0.0114068,0.0090781,0.0105431,0.0179913,201.0,173.0
165,1734,139681,0.0,0.001440269821381342,0.00015036701865794966,0.001440269821381342,0.3989289518950261,8.397797718021002,5.6114209810654065,-11.18210798242203,11.69637140603683,-0.04801804006154353,11.69637140603683,0.0014926394340366359,12.564022259800316,6.459938479413583,-4.311104427388675,5.086035494669349,-0.041284583549718396,5.086035494669349,0.26638300363818457,2.0758010434928704,1.2851163459566974,0.2891399324611487,1.3507648166344732,0.8416337762633165,0.0,2.368735423106952,1.3472004030074933,0.0004010460321824949,1.4141162881082001,0.8827980016220598,3.95585887657865e-06,-0.6643401465278388,0,0,0,0.03772195635067496,0.6015907924823005,636,0.2313,0.03837,1.2229659298469688,-0.3800645074486258,1.4546007750054148,0.08654624860436301,0.05137753337335118,1.4910211027954217,0.10897409161995845,0.03800641652423456,2.8672551002137174,0.06482673070404565,0.28818540870455595,423,216,37,37,0,0.2402,601,0.5748367641999705,0.002338,0.00233753392052094,130.0,373.0,-0.0934982,0.094592,-0.0217678,-0.0475755,0.078806,-0.6056794,-0.0020727,0.7947244,0.039512,0.4990505,-0.2301228,-0.5029551,0.8331144,783.0,374.0,0.1206991,0.090603,-0.0370373,-0.0455629,0.0690012,-0.404358,-0.0457054,0.058804,-0.9115633,0.3979377,-0.4087867,-0.502885,0.7615774,256,2.5637351997976363e-10,5.1272162716768805e-11,6.760126255781825e-11,1.3785315163275722e-06,0.00018854182575127166,-2.8657225672473296e-13,19.95109303753839,5.990827201364376,7.242902993351139,3.125479969100241,1.297706595323577,1.638074352968495,0.10240505493800416,0.0,0.032226739168199826,2.2400022869432146,0.03839463337964662,2.4721491247284004,0.08798682747036188,-0.001581458420125485,0.004932583318730762,0.7153725196366487,0.5024662916593654,621.4892996053024,289.78445540303846,0.6091696676608475,0.6091702874111401,0.609170287691728,0.7614628592639251,4.970141753732731e-06,1018,0.2003,0.1889,-0.16941,0.050849,2,0.0468,0.0735,2.4e-05,12.03,6.0148,2.0,0.35763,0.6504,1.57101,0.17907,0.9763,0.9551,0.9782,0.5306,3.2072,1.5213,16.5293,6.4848,8.1961,2.5555,80,0.0682,0.7448,44,0.06,0.0878,2.0,0.0620681,0.1277208,-0.3459249,0.0253743,0.0057287,-0.0413685,0.0488674,181.0,192.0,0.0931559,0.0983798,-0.0272736,0.0135946,-0.0282215,0.0010389,0.0313424,199.0,175.0
166,1735,139682,0.0,0.0014516456537917576,0.00015004949098504103,0.0014516456537917576,0.39988798888211624,8.400163477018738,5.610538949316502,-11.387605654430672,11.460623739551469,-0.05157623836090795,11.460623739551469,0.003686168474241292,12.555491913790625,6.466017637210173,-4.330718498171312,5.128748627172755,-0.04099714870789009,5.128748627172755,0.2682542920854182,2.0727377991749596,1.2856874509321208,0.1779171896001489,1.3904069099797156,0.8443609590093184,0.0,2.382875811447704,1.355088875714971,0.000819089972295739,1.4141298050292144,0.8939881056501334,1.9614216757060813e-05,-0.6601877357790062,0,0,0,0.03786642060263954,0.6015248289492824,636,0.2343,0.03515,1.2254382348257395,-0.3787407077627704,1.459602092048321,0.046130103799125494,0.04992839074002829,1.4913916219358054,0.10931134842807483,0.03815132846444799,2.8652042491767644,0.06508080190029031,0.2867363613038869,424,215,35,35,0,0.2433,601,0.5747546323150242,0.008609,0.008609273633842784,130.0,373.0,-0.0880523,0.0444175,-0.0392074,0.013179,0.0161865,0.9037109,-0.216534,-0.3194009,0.1854796,0.4983972,-0.8827031,0.296708,0.3644168,783.0,374.0,0.1364422,0.0471124,-0.0135443,-0.0320974,-0.0317156,0.6610302,0.0615939,0.3464695,0.6627248,0.3923311,-0.2874903,-0.6812947,-0.6731916,256,3.8780838326753346e-10,6.3395381113962e-11,9.074886271182349e-11,7.142227415732011e-07,0.00018918503672304282,-2.375341243957729e-12,23.17883655231548,6.540192383625395,8.067342167878143,3.0649496482926133,1.0278717117093756,1.3202527403737019,-0.08736488595407187,0.0,0.03394671725502389,2.1247938312845256,0.023188477911743242,0.8296288426352414,0.04125390540460406,-0.0019995895284035327,-0.003145261984239467,0.7077615715172362,0.49842736900788026,621.4894531422802,289.7845269933772,0.609169662763707,0.6091702873860747,0.609170287691728,0.7614628592325934,5.009396701932722e-06,1019,0.1942,0.1827,-0.16759,0.069992,2,0.0459,0.0338,1.7e-05,12.028,6.0141,2.0,0.35763,0.65149,1.56974,0.17868,0.9762,0.955,0.9783,0.5303,3.205,1.5203,16.6411,6.4099,8.1905,2.5555,80,0.1467,0.4958,44,0.2356,0.0931,-1.0,0.0446203,0.0639072,-0.1777145,0.0013117,-0.0236866,-0.0266406,0.0356721,181.0,192.0,0.0904548,0.0848849,0.0317666,-0.02274,-0.0640641,0.0336059,0.0758332,199.0,175.0
167,1736,139683,0.0,0.001460018542153419,0.0001501921348217301,0.001460018542153419,0.40058053424501106,8.401993868995781,5.6092350630981525,-11.865011243032049,11.273444321822044,-0.0526438567845849,11.865011243032049,0.0036625217355470436,12.562231851766375,6.4732799436104544,-4.353611211326847,5.2022417051622885,-0.040607201909440484,5.2022417051622885,0.26906156233817335,2.069555865150319,1.287137931419152,0.28972967950340117,1.350157355685007,0.8479383530907961,0.0,2.397016913257696,1.3637587118163916,0.0010330463980345872,1.4141208423618605,0.8902340326763922,4.777480085979733e-05,-0.6559522153218984,0,0,0,0.03830909097527405,0.6014420870248885,636,0.2369,0.03877,1.2292326718611053,-0.38243537470852046,1.4671512345917332,0.057008184958496536,0.04632858636105986,1.4953385566525168,0.11077991531489698,0.03860053961043844,2.869905872635512,0.0660122663823603,0.28664548068639306,422,217,33,33,0,0.246,601,0.5746629738400877,0.001214,0.001214231358345197,130.0,373.0,-0.0856515,0.1037582,0.0387701,0.0913008,0.0304435,0.5313792,-0.0439941,-0.7637244,0.3639034,0.496982,0.3736578,0.8799383,0.2934082,783.0,374.0,0.1481029,0.0769597,-0.0226623,0.0269313,-0.0684392,0.6987933,-0.3838656,0.2259338,0.5597223,0.3881005,-0.2944692,0.3499397,-0.8892863,256,3.4822028939347464e-10,8.38782582075988e-11,1.1205604778870473e-10,8.146660852932582e-07,0.00019113280986319265,-2.2452949694120242e-11,22.190051367032286,5.406154627840344,6.665700339798728,3.1327656044648995,1.2218181431601336,1.5497795513595873,0.05632518167389747,0.0,0.02259387938428914,1.8648365935605615,0.022098216272103722,0.9863403595958167,0.01371688237243398,0.0010287107966894605,-0.001956209097029614,0.7221885353150712,0.4990218954514852,621.4896897157847,289.78463730151,0.6091696591595755,0.6091702873453523,0.609170287691728,0.7614628591816903,5.038288281080701e-06,1020,0.1881,0.1769,-0.16979,0.053944,2,0.0449,0.0107,9.4e-05,12.027,6.0136,2.0,0.35777,0.65126,1.56897,0.17805,0.9759,0.955,0.9786,0.53,3.2032,1.5195,16.7797,6.3184,8.1859,2.5555,80,0.1386,0.3707,44,0.2344,0.1809,-2.0,0.1244645,0.1568454,-0.1151075,-0.0384359,0.0035235,-0.0933687,0.1010319,181.0,192.0,0.0455753,0.1194352,-0.4476072,0.0042227,-0.0094691,0.0226902,0.0249467,199.0,175.0
168,1736,139683,5.464839421280864e-11,0.0014719165279951838,0.00014982039779185143,0.0014719165279951838,0.40065839444880963,8.401476638984326,5.60929078903028,-12.000277628675315,11.233987822569349,-0.0537089282516701,12.000277628675315,0.00017753566213409285,12.552702126204727,6.447602778293079,-4.429038448247647,5.233949899242607,-0.0405484695828128,5.233949899242607,0.27047248644225846,2.0662561315708063,1.2883783725277538,0.2911764018608128,1.3292350481133244,0.8387920471949787,0.014141820000615195,2.411157841552449,1.3726706531208404,0.0011775821038999545,1.4141281942857051,0.8849262716576836,8.512070663830126e-05,-0.6516571311367594,0,0,0,0.03837456542287648,0.6013471518039392,636,0.2373,0.03513,1.2328243084506625,-0.3863480155903156,1.472165840414064,0.03466163393911388,0.05070695413909039,1.4842404497590203,0.11123501368216293,0.03867587957771761,2.8760823256427996,0.06632351527091593,0.28618321329762886,422,217,34,34,0,0.2464,601,0.5745612728417236,0.003036,0.0030358165553627803,130.0,373.0,-0.0843427,0.0553489,0.0049397,-0.0231536,-0.0500301,-0.9451751,-0.064457,0.0963366,0.3053007,0.4957231,0.0892472,-0.4183206,-0.9039042,783.0,374.0,0.1607711,0.0777922,-0.0028264,-0.0133212,-0.076591,-0.8350907,0.4716652,0.254384,0.1242747,0.3831531,-0.0363326,-0.1712408,-0.9845591,256,3.594053866862268e-10,7.860718159278911e-11,1.0482616322081447e-10,9.31759072550649e-07,0.00019243495798389385,3.7004913661499374e-11,20.01228606229924,5.462234938329865,6.715306438116069,3.035780078342425,1.0394551533546676,1.3360143239129358,-0.16575709152448712,0.0,0.015692862290638872,1.5883514584888434,0.022693726562582697,1.5120353162682585,0.027521359486155337,-0.0039966452244294915,-0.003624493101824612,0.7194568146440263,0.49818775344908767,621.4894907291186,289.784544519152,0.6091696540373079,0.6091702873797732,0.6091702876917044,0.7614628592247165,5.079347935679517e-06,1020,0.1811,0.1689,-0.17104,0.106424,2,0.0434,0.0359,6e-05,12.025,6.0125,2.0,0.35806,0.6517,1.56675,0.17972,0.976,0.955,0.9785,0.53,3.2032,1.5195,16.7797,6.3184,8.1859,2.5555,80,0.0904,0.0461,44,0.1442,0.2104,-2.0,0.1040355,0.0875564,0.0860112,-0.0488149,-0.0562242,0.0208966,0.0773352,181.0,192.0,0.129524,0.0190446,0.743626,-0.0101985,0.0002935,-0.0726238,0.073337,199.0,175.0
169,1736,139683,8.801245660819965e-12,0.0014777379768225634,0.00015062132202666134,0.0014777379768225634,0.4007259663411341,8.400952941202089,5.609346396572128,-12.086508266258999,12.171511810469957,-0.05456277172888883,12.171511810469957,0.004535618815907315,12.56513956569284,6.459889603725076,-4.466040683924889,5.2725943307591425,-0.04070099743468706,5.2725943307591425,0.27297539044695923,2.062858332575211,1.2903778824497476,0.13424576664194976,1.3625469813435473,0.8401139547946076,0.01414183414273082,2.4252928662838795,1.381472450287827,0.00023000946402340627,1.4141798390071223,0.8595101191481677,0.00013331874792943987,-0.6472222427240045,0,0,0,0.03952679012771434,0.6012582265832943,636,0.2376,0.04423,1.2415375143608722,-0.38932008380674027,1.4861829220505522,0.04247851357880256,0.05246346829398479,1.4877619830724644,0.1145112394034457,0.03984288915912168,2.8740696726615105,0.06830762022710031,0.28594194753638885,422,217,35,35,0,0.2465,601,0.5744701611451981,-0.009038,-0.009038266615490897,130.0,373.0,-0.0818093,0.0613765,0.0380497,0.0377085,-0.0299561,-0.7113244,-0.3927006,-0.2821645,-0.5100854,0.4937689,0.6199387,0.6143801,-0.4880708,783.0,374.0,0.1695952,0.0446577,-0.0356483,0.0203056,-0.0176406,0.8970495,-0.2385068,0.0129045,0.3718202,0.3782023,-0.798257,0.4546937,-0.3950184,256,1.9495780953271092e-10,4.193684522162088e-11,5.7518704902103815e-11,1.2867081710456036e-06,0.0001942959620255696,2.362506775567739e-12,28.455356562223564,7.781396145307959,10.00742473661122,3.06728748736637,1.1084843491016176,1.4020277759255386,-0.10281135101854387,0.0,0.01887824376741678,2.401324757458677,0.03859864714706881,0.42761129791589036,0.022255791809651145,-0.0018888666849525078,-0.0011211429357376936,0.7193076218294358,0.49943942853213114,621.4894524191675,289.78452665620836,0.6091696515311338,0.6091702873861886,0.6091702876917242,0.7614628592327357,5.099437136530437e-06,1020,0.1729,0.1605,-0.16808,0.036824,2,0.0415,0.0422,5.6e-05,12.024,6.0119,2.0,0.35786,0.65168,1.56693,0.17811,0.976,0.955,0.9785,0.53,3.2032,1.5194,16.8289,6.2831,8.1859,2.5555,80,0.0211,-0.9465,44,0.0515,0.8184,1.0,0.0512808,0.0990938,-0.3179594,-0.0385636,0.0084788,0.0390946,0.0555647,181.0,192.0,0.0566894,0.1547315,-0.4637297,0.0211796,-0.0831121,0.0332023,0.0919706,199.0,175.0
170,1737,139684,0.0,0.0014772181092010392,0.00014917279536681244,0.0014772181092010392,0.4018204702143998,8.403213963778608,5.608408557426914,-12.558195059648902,11.697960507905204,-0.053716709956892865,12.558195059648902,0.002950907868293143,12.564076959896399,6.425634941412905,-4.507753921598115,5.338289214715145,-0.041381849454136865,5.338289214715145,0.27500590479724474,2.059364605320077,1.2911575005090175,0.23029737892136953,1.392384922292331,0.8450694697903257,0.0,2.4394337089815323,1.3891341447447263,0.00011960960454293623,1.4141761556109584,0.8667854259696313,0.0001915882193576669,-0.6426829490134103,0,0,0,0.039343271038799435,0.6011655443126134,636,0.2367,0.04565,1.2473880790152954,-0.3914000442515341,1.489794809740472,0.03908374892266946,0.05367966404622944,1.48169733929118,0.11475346751132846,0.039658645961513785,2.8935296384725153,0.06850540451982383,0.28665898469235407,422,217,33,33,0,0.2455,601,0.5743726900819248,-0.002838,-0.002838109939307998,130.0,373.0,-0.0802977,0.0607964,0.0493196,0.0006534,0.0355436,0.223629,0.1375475,-0.7984696,-0.5417721,0.4918627,0.8112263,0.0107476,0.5846336,783.0,374.0,0.1824168,0.0493212,-0.0049773,0.0218027,-0.0439596,-0.7226908,0.6046514,0.107464,-0.3171216,0.3733111,-0.1009154,0.4420566,-0.8912923,256,3.091117402523931e-10,6.730061811098747e-11,9.756674376860148e-11,1.2729047327874816e-06,0.00019422790462322395,8.501320554472457e-12,24.1770258969973,6.368818124990709,7.836181880231171,3.131732128237898,1.3259039018433287,1.6332748118018876,-0.025763070999072157,0.0,0.022248493323297425,1.375398574774845,0.03862324018547625,2.406171767790339,0.018011926927293417,0.0016774096276489195,-0.0009008949384084877,0.7165273317819645,0.4995495525307957,621.4895767487562,289.78458462789376,0.6091696517549486,0.6091702873651155,0.609170287691728,0.7614628592063943,5.097642136823474e-06,1021,0.1689,0.156,-0.17339,0.02562,2,0.0404,0.0502,4.7e-05,12.022,6.0112,2.0,0.35814,0.65243,1.56382,0.17817,0.976,0.9548,0.9783,0.5302,3.2011,1.5184,16.941,6.2086,8.1805,2.5555,80,0.1005,-0.0081,44,0.1973,0.4165,-1.0,0.0940863,0.1010025,-0.0354519,0.0222748,-0.0419218,-0.0612114,0.0774625,181.0,192.0,0.125511,0.0679648,0.2974338,-0.0275935,0.0633115,-0.0731692,0.1006155,199.0,175.0
171,1737,139684,2.367037466399771e-11,0.0014665529028606843,0.00014929847304045245,0.0014665529028606843,0.40184355930419396,8.402672979255852,5.60846315741874,-12.081600707601018,11.873057147683683,-0.053861676348737,12.081600707601018,0.004475746815656945,12.565600273556159,6.451258118352683,-4.564619794041531,5.4002787574617885,-0.04160547336880558,5.4002787574617885,0.2766923068230988,2.055777741157441,1.2930350002153472,0.29584033835211027,1.3912472462556567,0.8481494595369932,0.014136282120047177,2.453561622918892,1.3979249588872358,0.0004171621048754126,1.4141161859205316,0.885655018501795,0.00025970514116503327,-0.6381132385651246,0,0,0,0.04024837114822243,0.6010358446672532,636,0.2359,0.05234,1.2537602483484522,-0.3920646337113357,1.500242997128527,0.04304056793990893,0.052493379424327635,1.4818103551306891,0.11763981241549698,0.040585348679196734,2.8985783353833026,0.07034679938779058,0.2864705508483884,423,216,35,35,0,0.2429,602,0.5749617268100445,-0.001354,-0.0013537745052341066,130.0,373.0,-0.0750107,0.0626077,0.0067155,0.0616164,0.0088342,-0.0022054,-0.9441194,-0.2740208,-0.1831564,0.4897172,0.1072639,0.9841668,0.1411037,783.0,374.0,0.1953549,0.0375771,0.0329402,-0.0180821,0.0001428,0.4376477,-0.6442922,-0.1487247,-0.609289,0.3684893,0.8766034,-0.4811986,0.0038009,256,3.084304407583911e-10,7.68688608784504e-11,1.005551779085264e-10,1.095462123497615e-06,0.00019551828710649789,9.576315804824542e-12,22.08562079186818,5.821732088553459,7.226785677149827,3.1412168158714,1.0213974405802548,1.3606666381891661,0.07616526063553111,0.0,0.017678008031646104,1.771136944866692,0.02579055518953775,1.5011477900108026,0.029526982896484037,-0.0005358815681448799,-0.0007314538060562244,0.7145956201053638,0.4996342730969719,621.4897908101933,289.78468443922924,0.6091696563466797,0.609170287327174,0.6091702876917178,0.7614628591589675,5.060836481743862e-06,1021,0.1677,0.155,-0.16466,0.033482,2,0.0399,0.0067,0.000134,12.02,6.0099,2.0,0.35826,0.65132,1.56345,0.17836,0.976,0.9548,0.9783,0.5302,3.2011,1.5185,16.9659,6.1912,8.1806,2.5556,80,0.0973,0.2299,44,0.2121,0.5111,-1.0,0.0490563,0.0745982,-0.206559,-0.002504,-0.017751,0.0019879,0.0180366,181.0,192.0,0.0914265,0.1749283,-0.3134987,-0.0353315,0.0452581,0.1056844,0.1202739,199.0,175.0
172,1741,139689,0.0,0.0014646095679572138,0.00015008726584845667,0.0014646095679572138,0.4037025022593535,8.406253662032137,5.607268723734328,-12.421810471179175,12.148903058853534,-0.054254169774026854,12.421810471179175,0.0031621790541542794,12.555427674856249,6.435113254179579,-4.603859032828593,5.453812988427981,-0.04142772869525337,5.453812988427981,0.27927343309348346,2.052095751908031,1.2951575065818164,0.23487198193540038,1.3689629404125538,0.8366865396294385,0.0,2.467695356858559,1.403450269704579,0.0016609545920275304,1.4141651502790324,0.8745283502616019,2.490149489431075e-06,-0.633503244651757,0,0,0,0.041247293567590146,0.6007965423804802,637,0.2307,0.05349,1.2621349589165756,-0.3953898312843306,1.5133874916459698,0.07595235688261236,0.05289437927356299,1.481330319509278,0.12091944574434987,0.041602270895924,2.9065587800928676,0.07236111605464814,0.28674682074519176,424,216,35,35,0,0.2372,603,0.5747603075762129,-0.009913,-0.009913474660193655,111.0,372.0,-0.0704223,0.0869177,-0.0545804,-0.0603849,-0.0304851,0.1785063,0.3929867,-0.0314248,-0.901504,0.4873058,-0.6279544,-0.6947363,-0.3507346,783.0,374.0,0.201758,0.1369724,0.0147634,-0.0827271,-0.1081652,-0.3261306,-0.0716316,-0.4196867,-0.8440206,0.3651213,0.1077841,-0.6039693,-0.7896858,256,4.062887584003373e-10,9.449237938363922e-11,1.2740863749277533e-10,1.2422913709885645e-06,0.0001973783721882829,-1.819878654674974e-11,21.16000593180927,5.759315224528875,7.029554073650716,3.131156461210815,0.764854581506032,1.0609279980465547,0.06201795141884238,0.0,0.011604813656891786,2.3987470956126855,0.0262085291116753,3.0954517300223725,0.04520339334238395,-0.005768444709409023,-0.00014322980546163053,0.7161940759155346,0.4999283850972692,621.4898232320107,289.78469955668777,0.6091696571833176,0.6091702873212459,0.609170287691728,0.7614628591515573,5.0541300841547935e-06,1024,0.1666,0.1539,-0.16576,0.035022,2,0.0388,0.0192,0.000146,12.018,6.0092,2.0,0.35827,0.65094,1.56641,0.17919,0.9757,0.955,0.9788,0.5302,3.1983,1.5171,17.1725,6.0803,8.1871,2.5598,80,0.0723,0.6312,44,0.1598,0.4879,0.0,0.0974828,0.1113482,-0.0663951,0.0447078,-0.0296552,0.0278562,0.0604498,184.0,188.0,0.1970695,0.0551522,0.5626692,-0.0050016,-0.0485287,-0.0887232,0.1012514,199.0,175.0
173,1743,139691,0.0,0.0014529007423211991,0.00015020767693791563,0.0014529007423211991,0.4008583847840084,8.39713567559674,5.611162330065564,-12.0876662002555,11.024105522888927,-0.05466875415682636,12.0876662002555,0.0038852389480425135,12.559140385629288,6.470662059246553,-4.648263218642452,5.539742874110664,-0.042606865832860684,5.539742874110664,0.2809967945295999,2.0483399560426103,1.2970728517350765,0.1905112880381057,1.3171341573718518,0.8405762516524576,0.0,2.4818210858404743,1.4106706146875014,0.00015537690184697084,1.4141089006691425,0.879331160124625,2.601241817095536e-05,-0.6287878079374207,0,0,0,0.04208456666041181,0.6003779389087932,639,0.2326,0.05679,1.2633324711314446,-0.39782463143940905,1.5252963782175304,0.019238715436750233,0.055985526714784704,1.492597651410824,0.12407755471441957,0.0424621846871551,2.9220718535462757,0.0743208469113931,0.288110800480959,425,217,39,39,0,0.2391,605,0.5744232635666219,-0.008828,-0.008827590093392512,111.0,372.0,-0.0690516,0.0277875,-0.025896,-0.0005236,0.0100632,0.2786711,-0.2188553,-0.1908437,-0.9154362,0.4842081,-0.9319304,-0.0188445,0.3621472,783.0,374.0,0.212193,0.0245504,0.0146596,0.0112302,-0.0161771,0.9217398,-0.0104726,0.2386479,-0.3055051,0.3607867,0.5971241,0.4574368,-0.6589342,256,4.057706978795022e-10,7.628375545739536e-11,1.0989253968595788e-10,7.593952237351616e-07,0.00019872590402637255,3.6006043939563066e-12,21.49693620494148,5.785166788286556,7.008637126568927,3.137818222335696,1.1558096688157609,1.4746402043581444,0.03549305253264598,0.0,0.02473924419300617,0.32978374026046736,0.030219607689147984,0.6348620101878425,0.03768730063222145,0.0015323487118038175,-0.0016067668296980964,0.7213295637933635,0.4991966165851509,621.4897622684101,289.78467113093075,0.6091696622238775,0.6091702873323538,0.609170287691728,0.7614628591654422,5.01372531766785e-06,1024,0.1643,0.1517,-0.1672,0.028962,2,0.0385,0.0082,0.000177,12.016,6.0081,2.0,0.35862,0.64847,1.56698,0.17732,0.9755,0.9557,0.9796,0.5307,3.2054,1.5205,16.8407,6.358,8.2327,2.5684,80,0.0408,0.9657,44,0.0141,-0.1979,1.0,0.0334836,0.0417769,-0.110195,-0.0004931,0.0005519,-0.0266547,0.026665,184.0,188.0,0.0813928,0.0899679,-0.0500412,-0.0062732,0.0784928,-0.0239972,0.0823185,199.0,175.0
174,1745,139694,0.0,0.0014342029692362935,0.00014809159515804144,0.0014342029692362935,0.40302618496367226,8.402114676694339,5.609281475687732,-10.690309715632011,12.1256112244406,-0.053863850466481324,12.1256112244406,0.0038072017066615484,12.565081225618144,6.439864262750461,-4.668439637754979,5.597595531054567,-0.04118843141286922,5.597595531054567,0.2831359645483692,2.0445207286702543,1.2980237465921338,0.2751299009097168,1.3438444863051093,0.8460406486524056,0.0,2.495961336161565,1.4180050957977148,0.0027726682927334823,1.414108568550393,0.8918614031667196,6.768385226546285e-07,-0.6239798328304879,0,0,0,0.042240316067944914,0.6002851576167962,639,0.2341,0.05378,1.264360037847497,-0.3997553012461241,1.5301740395816468,0.04473533418260409,0.05795056539328804,1.4873300290124605,0.12516322527976873,0.04263089436893308,2.9359746524806765,0.07504148091360702,0.2826976738538684,425,217,37,37,0,0.2406,605,0.5743329433249503,-0.000496,-0.0004963963507929048,111.0,372.0,-0.0688981,0.0239842,-0.0152654,-0.0013062,-0.0184528,0.2052452,-0.2736063,0.3402956,0.8759069,0.4827404,-0.6364755,-0.0544597,-0.7693718,783.0,374.0,0.2296283,0.1367754,0.0019076,0.1352386,0.0203567,-0.5303435,0.6379744,-0.3087875,0.465161,0.354522,0.0139468,0.9887639,0.1488333,256,4.097401159903969e-10,9.505311135999964e-11,1.2660703014546684e-10,7.406140261196924e-07,0.00019791097813651296,1.52679183453192e-11,21.56999253401153,6.156116618572675,7.408054448589974,3.139331597550111,1.0634106127885745,1.3802611597138823,0.1469774529314336,0.0,0.015317544656866309,2.203853666565409,0.008831228053580982,0.41947455996273847,0.03940434276210658,-0.0008889043106413163,-0.00133579443649645,0.7174396791011187,0.49933210278175183,621.4898987777408,289.78473478171617,0.6091696702733098,0.6091702873072468,0.609170287691728,0.7614628591340584,4.949201241799794e-06,1026,0.1565,0.1441,-0.17068,0.063649,2,0.0368,-0.0354,0.000112,12.014,6.0071,2.0,0.35899,0.64887,1.56452,0.17887,0.9754,0.9555,0.9796,0.5307,3.2012,1.5185,17.0896,6.1914,8.222,2.5684,80,0.0722,0.6598,44,0.0744,-0.242,-2.0,0.0848819,0.0646703,0.1351475,0.0092684,0.0618973,-0.0319364,0.0702646,184.0,188.0,0.2011719,0.0881145,0.3908145,0.0165692,0.1105586,-0.0411556,0.1191282,199.0,175.0
175,1745,139694,4.059192594400746e-11,0.0014309955189993578,0.00014607884703851613,0.0014309955189993578,0.4029718568842133,8.40154181346855,5.609332204795159,-10.679154315404473,11.376972751413996,-0.05286065537018559,11.376972751413996,0.0034278672530325092,12.54725955405322,6.409689713071395,-4.683044529231038,5.623159928438696,-0.040822315175505344,5.623159928438696,0.28565423416598007,2.0406018427172516,1.2986097587697585,0.24012529037653818,1.3327450142984951,0.8426088730827718,0.014141807603645425,2.5101017143034103,1.4263289299700752,0.0014538300438755591,1.4140893873959557,0.8798051873083604,5.6386050199163055e-05,-0.6191168155525919,0,0,0,0.041939818686741535,0.6001975663460393,639,0.2292,0.05706,1.266512474926922,-0.4014715368088329,1.5313190036282902,0.06482178748326187,0.06048119495713662,1.478504037921959,0.12477571188458032,0.042329510857607285,2.9477239249070166,0.0748887209228828,0.28480000370258013,425,217,37,37,0,0.2354,605,0.5742445007502003,0.003199,0.00319940756080217,111.0,372.0,-0.06708,0.0828951,-0.0243497,-0.019641,0.0767653,-0.7131942,0.1977178,0.6236368,0.2516719,0.4815743,-0.293741,-0.2369379,0.9260544,783.0,374.0,0.2546367,0.0802051,-0.0189219,-0.0305925,0.0716862,-0.5663908,0.3369974,-0.2823348,-0.6970806,0.3488013,-0.2359194,-0.3814286,0.8937865,256,1.1597212148833302e-09,1.5899753704320986e-10,2.2271357249019301e-10,8.247306595731098e-07,0.00019756297140004805,-5.578089597243302e-12,24.420734205444653,7.121736933946162,8.738552414278276,3.123479073872024,1.0221294026356098,1.3204799579332753,-0.05340470609970932,0.0,0.00978488322157071,2.011359335693442,0.01144712982890853,0.8083253202011729,0.03627820747484775,-0.0002205179362923009,-0.0012040493873238356,0.7164043516667306,0.49939797530633806,621.4900800842893,289.7848193202906,0.6091696716543721,0.6091702872725904,0.6091702876917106,0.761462859090738,4.938131411976143e-06,1026,0.1526,0.1416,-0.14747,0.138387,2,0.0351,-0.0205,0.000141,12.013,6.0064,2.0,0.35958,0.64744,1.56188,0.17804,0.9754,0.9554,0.9795,0.5307,3.2013,1.5186,17.0901,6.1916,8.2222,2.5684,80,0.085,0.6823,44,0.1025,0.3232,-3.0,0.0715679,0.1250466,-0.2719981,-0.0348296,0.0286336,-0.0471886,0.0652667,184.0,188.0,0.1011629,0.0602268,0.2536472,0.0146818,-0.0245965,0.042531,0.0512779,199.0,175.0
176,1745,139694,2.4865907403292764e-11,0.0014315340470663087,0.00014614341576740802,0.0014315340470663087,0.4028986040146225,8.400955623760392,5.609383244300861,-12.618613298068222,12.055128228896708,-0.05309605540496748,12.618613298068222,0.0009187856933205577,12.560141776832392,6.409716586429814,-4.712660541485244,5.653588736518378,-0.041222082904504846,5.653588736518378,0.2883308389939209,2.0366106911232995,1.3004169990028842,0.21237576369309252,1.3390072965080528,0.8451488042851055,0.014141821745761049,2.524235274493376,1.4351131843075242,0.0001751755830153856,1.4141505193281003,0.8309706967749865,0.00011028750768324701,-0.6142089606635859,0,0,0,0.04284762973494175,0.6001169585202032,639,0.2271,0.05654,1.2750706818262119,-0.4070634859953698,1.5415454674133422,0.027532411190181016,0.06210762240519755,1.4786671646007694,0.12774738287959397,0.043267170703985176,2.952524530748382,0.07671870896734168,0.28473148384568153,422,220,37,37,0,0.2331,606,0.5748691288343688,-0.003998,-0.003997853398895357,111.0,372.0,-0.0647048,0.0265706,0.0003815,-0.0231116,0.0131036,0.2469274,-0.871476,-0.3786852,-0.1901422,0.4797828,0.0143591,-0.8698199,0.4931603,783.0,374.0,0.2728611,0.0991204,-0.0507398,-0.0825769,0.0207695,-0.6320285,0.5155118,-0.1998546,-0.542997,0.3435517,-0.5119007,-0.8330976,0.2095378,256,8.515797231588561e-10,1.0693494165250818e-10,1.4779730781160136e-10,1.212017523642112e-06,0.00019942210164092275,7.384123287732839e-12,21.590667166482326,6.559213284603573,8.111752999693994,3.1379430372162522,1.002203760483723,1.3213334049233925,0.008567529597615683,0.0,0.02576894851359251,2.5159497699565776,0.029487620932986937,2.011692168711928,0.026519968497680024,-0.003936554744544697,-0.0012116064703393528,0.7082137401095658,0.4993941967648304,621.49002720816,289.78479466551323,0.6091696714224931,0.6091702872828519,0.6091702876917173,0.7614628591035649,4.939990204519427e-06,1026,0.1496,0.1387,-0.14734,0.075663,2,0.034,-0.0796,0.000136,12.011,6.0055,2.0,0.35962,0.64509,1.56197,0.17771,0.9754,0.9554,0.9795,0.5307,3.2014,1.5186,17.0905,6.1917,8.2224,2.5684,80,0.0179,0.8834,44,0.0869,0.8456,-4.0,0.0869648,0.0302948,0.4832864,-0.0184164,-0.0450688,0.0274181,0.0558759,184.0,188.0,0.1568698,0.1854534,-0.0834988,0.0311398,-0.0536147,0.1239273,0.138572,199.0,175.0
177,1746,139695,0.0,0.0014324401763436301,0.00014415804631623372,0.0014324401763436301,0.4038507731938632,8.403001325232635,5.608324169659653,-12.216848894208011,12.155139453691442,-0.05267372321389743,12.216848894208011,0.0019231315492220236,12.56151820705557,6.377840824516204,-4.73103378431779,5.724287001103499,-0.04188877321169989,5.724287001103499,0.2904376706995537,2.032552584638775,1.3010495988392645,0.2611726252501647,1.3164705068367795,0.833666855104073,0.0,2.53837491002003,1.4424178154608083,0.0010277899117063782,1.4141300202294131,0.8225691507938955,0.00014475434031522956,-0.6092672447261599,0,0,0,0.0424731528996152,0.6000453612779721,639,0.2275,0.05923,1.2776990668424066,-0.4090900213870097,1.543889948859049,0.02363824113961997,0.060596037313430384,1.4705384072165373,0.127336246607676,0.04290014824088469,2.9682006200230804,0.0765026608961409,0.28494509173443006,422,220,34,34,0,0.2335,606,0.5747971659022987,0.001947,0.0019465098012871884,111.0,372.0,-0.0631684,0.0403533,-0.0399173,-0.0054163,0.0023804,0.5543578,-0.6052948,-0.1710263,-0.545028,0.4785566,-0.9891939,-0.1342231,0.058988,783.0,374.0,0.3040584,0.0197119,-0.0041592,0.0170765,0.0089248,-0.1876017,-0.0437684,-0.3843322,-0.9028725,0.3372514,-0.210999,0.8663057,0.4527624,256,5.670210441377871e-10,1.1887606449521818e-10,1.9517059438732497e-10,1.2095609547095267e-06,0.00019958162827721937,-1.9126566082593846e-11,23.288505832352392,6.285249207176382,7.73290321118586,3.051813125204577,1.018153263749949,1.2947298617209853,0.04630809092057519,0.0,0.015734815325451096,2.2417693133387955,0.016370502384423426,1.5516541412694473,0.04500430535745876,-0.0021938939301975363,0.0010892998747850306,0.7223991091022481,0.5005446499373926,621.4900310204478,289.7847964430848,0.6091696710322847,0.6091702872821163,0.609170287691728,0.7614628591026453,4.943117078348755e-06,1027,0.1485,0.1386,-0.14248,0.123141,2,0.0338,-0.104,0.00016,12.011,6.0053,2.0,0.36026,0.64559,1.55939,0.1793,0.9755,0.9553,0.9793,0.5309,3.1995,1.5177,17.1543,6.1529,8.2175,2.5684,80,0.069,0.0373,44,0.1385,0.8724,2.0,0.0745879,0.044333,0.2544126,-0.0122374,-0.0154167,0.0391958,0.0438604,184.0,188.0,0.0330293,0.0932015,-0.4766842,0.0457222,-0.0131028,-0.0195048,0.0514066,199.0,175.0
178,1747,139696,0.0,0.0014210012881160756,0.00014361156442583753,0.0014210012881160756,0.40418324983311293,8.40513433572054,5.607395320752982,-11.974584251576093,12.056525790712689,-0.05167659585768006,12.056525790712689,0.0018187596639302858,12.558908725036126,6.353523622944089,-4.75843032168102,5.7722532434896925,-0.042107274020958534,5.7722532434896925,0.2918224649423339,2.0285823543289854,1.3027915968278625,0.13944347215988961,1.3303389981088438,0.8332576708526,0.0,2.5525004191482785,1.4503700227706202,0.0015626659200375093,1.41409189096457,0.887388041790432,0.00017679342814691358,-0.6041673648984373,0,0,0,0.04314459384326036,0.5999784723330273,639,0.2279,0.06579,1.2869537964980315,-0.4109602920828427,1.5555871378758517,0.07799471302312144,0.05814818567876436,1.4727672539051078,0.1298713547652628,0.043591956046933014,2.9792504522035577,0.0780898183255218,0.28697601642103804,423,219,36,35,1,0.2337,606,0.5747360025092167,-0.007483,-0.007483365510210893,111.0,372.0,-0.0597725,0.1045069,0.05759,-0.0283684,0.0824641,0.8298084,-0.4408698,0.3030845,-0.1587187,0.4765719,0.5510638,-0.2714499,0.7890777,783.0,374.0,0.324071,0.0871274,-0.0154706,-0.0138228,0.0846214,0.8197474,-0.2502975,-0.2754058,-0.4353355,0.3312648,-0.1775631,-0.158651,0.971237,256,6.107680963678472e-10,8.424660423369708e-11,1.182848944734892e-10,1.045926033853775e-06,0.00020113200003216085,4.984210808444925e-13,24.272311523733137,6.3641420230650185,7.832492092999999,3.136448920826519,1.0293324490052012,1.3647403050807925,0.0506590912689331,0.0,0.01467791200219074,1.7167748625657802,0.035423879240349176,0.29927968981212877,0.03634831478700216,-4.290603946077266e-05,0.00024662511378801123,0.7201960437535643,0.500123312556894,621.4899898500164,289.7847772463729,0.609169675956748,0.6091702872900253,0.609170287691728,0.7614628591125316,4.903643668307499e-06,1028,0.1438,0.1359,-0.14197,0.101511,2,0.0328,-0.1796,0.000268,12.01,6.0051,2.0,0.36036,0.64438,1.55978,0.17801,0.9755,0.9551,0.9791,0.5312,3.1975,1.5168,17.3651,6.0086,8.2125,2.5684,80,0.1403,0.3015,44,0.2555,0.6479,1.0,0.136174,0.1360842,0.0003301,-0.073443,0.01814,0.0441728,0.0876024,184.0,188.0,0.1479676,0.0859578,0.2650838,0.0073163,-0.066456,0.0939097,0.1152777,199.0,175.0
179,1749,139699,0.0,0.0014040783290877213,0.00014138457643284028,0.0014040783290877213,0.4059482697633326,8.40975190518657,5.605216600789516,-11.579942774694414,11.344007912131294,-0.05297451522952204,11.579942774694414,0.0017522912473580156,12.559961920677576,6.34711589383546,-4.802853810955287,5.831198002137841,-0.04204023741313387,5.831198002137841,0.292914851656242,2.0244286469351964,1.3034874340213793,0.2812539814079903,1.3717340952706487,0.8442221841718243,0.0,2.566638093740724,1.4570536936652898,0.0008324374127979262,1.414097561298419,0.8864159384202619,6.568427019575777e-06,-0.5989517807339485,0,0,0,0.042889021225905835,0.5999142673041805,639,0.232,0.07384,1.2872519354540048,-0.41235278549581045,1.5593679565269385,0.055540666849917986,0.056433587965302213,1.477909403393126,0.12999724704991567,0.043343421219391325,2.999238255603055,0.07822157233458624,0.2932799605366847,421,221,37,37,0,0.238,606,0.5746781318351132,-0.000828,-0.0008280238010431873,111.0,372.0,-0.0589862,0.0163563,-0.0038093,-0.0106111,-0.01185,0.4012773,-0.5890227,-0.6067831,-0.3519135,0.4749497,-0.2328945,-0.6487463,-0.7244918,783.0,374.0,0.3623781,0.1050195,-0.0305926,-0.0845571,0.054252,0.9098883,-0.3598211,-0.0278029,-0.204595,0.3243817,-0.2913036,-0.8051565,0.5165901,256,6.682369550768028e-10,1.6966404222459337e-10,2.2911526604362664e-10,8.966152304939006e-07,0.00020030137264588082,-4.520003195411222e-11,21.793665797594404,6.229748600421386,7.712914841222285,3.060416057783971,1.1516397262159996,1.4760917621703984,0.07694793939041067,0.0,0.01767190268696781,2.3785004551065825,0.018795901665870206,1.6096069070979675,0.02403450913268573,0.00033885239527874523,-0.001613672246106033,0.7147547516282579,0.49919316387694695,621.4901176593072,289.7848368405538,0.6091696832421046,0.6091702872652212,0.609170287691728,0.7614628590815264,4.845244300550747e-06,1030,0.1389,0.1302,-0.12453,0.084692,2,0.0323,-0.1824,0.00024,12.009,6.0044,2.0,0.36091,0.64542,1.55905,0.17836,0.9754,0.9549,0.979,0.5312,3.1937,1.515,17.5161,5.9136,8.2026,2.5684,80,0.1336,0.4395,44,0.2528,0.4261,-1.0,0.1038434,0.0741544,0.1667945,-0.0772539,-0.0384055,-0.0121284,0.087122,184.0,188.0,0.0802929,0.1658531,-0.3475995,-0.020749,0.0089693,0.0058856,0.0233583,199.0,175.0
180,1750,139700,0.0,0.0013992615656761146,0.00013924502301426923,0.0013992615656761146,0.40681059925551694,8.411812247391385,5.604165594246717,-11.9795131221223,11.894492320925302,-0.053622351479132045,11.9795131221223,0.0019838064592196413,12.553107346288083,6.380116423023517,-4.813838200589251,5.880484933417334,-0.04155424433149885,5.880484933417334,0.29413530843122027,2.0201802765099792,1.3039203980745666,0.25090956076377713,1.3144670582376103,0.8429678512105578,0.0,2.580777417073947,1.464350480689762,2.3659596279923534e-06,1.4140918499264474,0.8789389187522758,6.498803312161485e-05,-0.5936910483148118,0,0,0,0.04243133801405996,0.5998664625309813,639,0.2318,0.07601,1.2886599073758311,-0.41379484182412873,1.5614616631824423,0.10215630993336793,0.05690214513681342,1.4685616300708562,0.1293985253113635,0.04289332792295847,3.0167518254535692,0.07786548242987104,0.2984629170296631,423,219,36,36,0,0.2378,606,0.5746337490895537,-0.002054,-0.002054086886743356,111.0,372.0,-0.0587783,0.0472545,0.0214506,-0.0395615,0.0144133,0.4703941,-0.695894,-0.3244389,0.4349717,0.4734204,0.4539381,-0.8372018,0.3050137,783.0,374.0,0.3951202,0.0354903,-0.0041874,0.0150777,0.0318542,-0.9352215,0.0725536,0.259943,0.2291864,0.3183094,-0.1179877,0.4248393,0.8975469,256,6.134201074122062e-10,1.333592466776508e-10,1.764900354389011e-10,9.94756333852014e-07,0.00020008679454642495,-1.155936190062185e-11,22.32345237677162,6.0672801558203,7.35533166300489,3.1374975841301893,1.2091551477477225,1.5307703791292904,-0.2307466390087104,0.0,0.015208674554960526,2.071511783753168,0.004390078771106022,1.1848973780178567,0.04487119011922523,-0.0007216531297646654,-0.00048795207666374896,0.7217009098477107,0.49975602396166824,621.4901048076376,289.7848308481513,0.6091696853156926,0.6091702872677477,0.609170287691728,0.7614628590846846,4.828622538939365e-06,1031,0.1375,0.1293,-0.10994,0.055477,2,0.0321,-0.1849,0.000152,12.008,6.0041,2.0,0.36138,0.64474,1.55754,0.17734,0.9752,0.9549,0.9792,0.5309,3.1918,1.5141,17.604,5.8575,8.1977,2.5684,80,0.0568,0.8909,44,0.1457,-0.043,1.0,0.0388315,0.0840363,-0.3679142,-0.046354,0.0137136,-0.0075183,0.0489212,184.0,188.0,0.0748926,0.0960922,-0.1239854,-0.0156726,-0.0272467,0.0700007,0.0767341,199.0,175.0
181,1750,139700,6.286816843741333e-11,0.0013871421129852451,0.0001365236127962063,0.0013871421129852451,0.4066429135494308,8.411253554395484,5.604208806753986,-10.637789953104237,12.08001916942758,-0.051995274152566814,12.08001916942758,0.0007352489050589384,12.55899004203804,6.409712230769701,-4.838231216984287,5.964464410304853,-0.04203199423931046,5.964464410304853,0.2954077092069251,2.0159835378115325,1.3043099199147967,0.25194858836811906,1.329754715715839,0.8426474055152643,0.014141318504931576,2.594915678166351,1.4724438634123262,0.0012824128149786507,1.41406050755855,0.8788108444692198,0.00012761282587124125,-0.5883871017924021,0,0,0,0.042034626651380184,0.59983100947794,639,0.2321,0.07579,1.2878213818597877,-0.4158445825443854,1.5638237202199456,0.046084896404313465,0.05416086554597278,1.4670321943158127,0.12880271197989993,0.042505811910332314,3.0302376590668194,0.07751554484083605,0.3004817799328257,424,218,41,41,0,0.2382,606,0.5746052811179275,0.001907,0.0019068575370728702,111.0,372.0,-0.0579473,0.0813961,-0.0322464,0.0112465,0.0738852,0.4998989,-0.5235412,0.6898363,-0.0114709,0.4722898,-0.3961662,0.1381701,0.9077232,783.0,374.0,0.4447669,0.0429996,-0.0265182,0.0228384,-0.0249831,0.2754792,0.1810697,-0.7758054,-0.5380065,0.3101591,-0.6167085,0.5311307,-0.5810084,256,4.692905241795445e-10,1.0332043650421655e-10,1.380343260327787e-10,6.044278810366808e-07,0.0002000009457563904,-9.399933192013455e-12,22.338372432090573,6.220862133707133,7.488254454200052,3.1369388665822937,1.1270695874136103,1.4373431053932646,0.18863027060731055,0.0,0.011084756835775094,0.7807971332299698,0.023577395573841337,0.6286731745890437,0.04384233648388465,-0.004375525776411991,-0.0021686409259388142,0.7208016596456406,0.4989156795370306,621.4901036885497,289.7848303263493,0.609169690533085,0.6091702872679685,0.6091702876917009,0.7614628590849606,4.786800300840717e-06,1031,0.1304,0.1224,-0.08822,0.040216,2,0.0306,-0.1888,0.000175,12.007,6.0034,2.0,0.36217,0.64368,1.55598,0.17816,0.9752,0.9549,0.9791,0.5309,3.1919,1.4732,17.6046,5.8752,8.198,2.5684,80,0.0945,0.3956,44,0.1115,-0.9999,0.0,0.0869256,0.0822848,0.0274262,0.0217288,-0.0006844,0.0066353,0.0227296,184.0,188.0,0.0320359,0.1766696,-0.6930036,-0.0044613,-0.0221211,0.0593634,0.0635079,199.0,175.0
182,1751,139701,0.0,0.0013828739674105488,0.00013662957385359272,0.0013828739674105488,0.404880360468481,8.406443632661052,5.606150025083292,-12.484922805214588,11.88356982598932,-0.05143604221501298,12.484922805214588,0.007225206092607003,12.566135691006892,6.420307380823894,-4.8832669779652464,5.99426923373713,-0.04240741197474658,5.99426923373713,0.29810424204538166,2.0129371086190893,1.3060537325270496,0.2406706848740756,1.3682296740584232,0.8336340627008737,0.0,2.6090495906084894,1.480447177027715,4.376790206983561e-05,1.4141035482009008,0.8413576178805119,0.00021070442736110682,-0.5830264066889685,0,0,0,0.04304042017492291,0.5991739682699873,640,0.233,0.07664,1.2921514177217432,-0.4195790314226676,1.576513685186028,0.05611741004565865,0.05683858534966642,1.464518318218024,0.1321716726604556,0.04354143330646441,3.0355379376276215,0.07962062295388414,0.29657400787624066,427,216,41,41,0,0.2375,606,0.573262750145086,-0.004592,-0.004591687532887967,111.0,372.0,-0.0550302,0.0390903,-0.0164941,0.0080967,0.0345028,0.8136781,-0.0205175,-0.4269741,0.3939545,0.4705062,-0.4219491,0.2071284,0.8826419,783.0,374.0,0.4889577,0.0708022,-0.0055163,-0.0401903,0.0580281,-0.588242,0.6842622,-0.0484844,-0.4282591,0.3040246,-0.0779116,-0.5676424,0.8195803,256,8.906524392358084e-10,8.242652301162761e-11,1.2698746334316485e-10,8.761499200814642e-07,0.00020303685214099194,-7.320682491852948e-12,18.79125205385981,5.670276133731057,6.85368821325158,3.1056914676185694,0.7205990375511253,1.0312531018957722,-0.10674721055598943,0.0,0.036030994402364694,0.502118278154582,0.013232159801392694,1.180290299319782,0.08321494414280937,-0.0022349425723085185,0.001791965853670548,0.718776873517619,0.5008959829268352,621.4901724671739,289.7848623960506,0.6091696923706295,0.6091702872543567,0.609170287691728,0.7614628590679459,4.772071101217728e-06,1031,0.1216,0.1137,-0.07373,0.003296,2,0.029,-0.2366,0.00026,12.005,6.0027,2.0,0.36255,0.64083,1.55728,0.17741,0.9751,0.9552,0.9795,0.5311,3.1955,1.4748,17.5012,5.9695,8.2071,2.5683,80,0.1554,0.2126,44,0.1658,-0.7086,1.0,0.0573825,0.0772983,-0.1478742,-0.0188721,-0.0480006,-0.0246425,0.0571618,184.0,188.0,0.0835702,0.05732,0.1863162,-0.0092993,-0.0467672,0.0297348,0.0561943,199.0,175.0
183,1751,139701,4.1994610733080346e-11,0.001368841712938882,0.0001358656364362633,0.001368841712938882,0.40466639943178034,8.405847398724204,5.606193835864218,-13.014964286255891,11.155820925798535,-0.052499434079684694,13.014964286255891,0.009784983863498044,12.566189755139039,6.413741357950885,-4.927521352420457,6.046822231194964,-0.04238714194260087,6.046822231194964,0.30006756919766525,2.0097401017691343,1.307681818132704,0.16126323653734687,1.3272441265833184,0.8416780190837887,0.014101561458269076,2.6231685702226115,1.4894421793719512,0.0006958446071372304,1.414058333359617,0.8903265379681259,0.00018230294033636996,-0.5775731032051311,0,0,0,0.04368637366575806,0.599167281964896,640,0.2305,0.08231,1.299547211905575,-0.4234028174032244,1.586491944773649,0.07809377901313597,0.061335715521986515,1.4708932696664947,0.13502417218865037,0.044209561340654305,3.054184843595917,0.08140181700869446,0.2938936580866857,426,217,37,37,0,0.2346,606,0.5732689707196063,-0.005826,-0.005826226575026183,111.0,372.0,-0.0529616,0.0643079,-0.05043,-0.0176801,-0.0357735,0.8501177,-0.1848304,-0.4529894,0.1947774,0.4678012,-0.784195,-0.2749281,-0.5562848,783.0,374.0,0.5643508,0.0815276,0.0423264,0.0660391,-0.0222274,0.713605,-0.2060586,0.3774511,0.5530265,0.2995754,0.5191672,0.8100216,-0.2726362,256,1.106711194661711e-09,1.6456947117127658e-10,2.2984739616652315e-10,8.071901064752406e-07,0.0002050991780990089,-2.4836702868076e-12,24.20846904137131,6.479202271376124,8.048014504497473,3.119487869747127,1.27848222400922,1.586706447551318,0.003810653587155953,0.0,0.011588769115399316,2.7972217694870105,0.01790258065663852,1.3005233569652168,0.05573496961566399,-0.0008386868155347344,0.0009106907558297893,0.7120601214921819,0.5004553453779148,621.4904109897333,289.78497361297747,0.609169698411707,0.609170287205484,0.60917028769171,0.7614628590068551,4.723646281145825e-06,1031,0.1094,0.1015,-0.03332,0.037262,2,0.0266,-0.2837,0.000283,12.004,6.0021,2.0,0.36311,0.63907,1.55685,0.17821,0.9752,0.9552,0.9795,0.5311,3.1955,1.4749,17.5018,5.9697,8.2074,2.5684,80,0.1167,0.3008,44,0.1454,-0.5482,2.0,0.0941469,0.1026629,-0.0432699,-0.0220553,-0.0226935,0.0684156,0.0753799,184.0,188.0,0.0966118,0.1647641,-0.2607447,-0.010664,0.050846,-0.0681997,0.0857335,199.0,175.0
184,1752,139702,0.0,0.0013622557632825107,0.0001360948941333015,0.0013622557632825107,0.4054249238906332,8.408191986679926,5.6054232423102865,-11.508465300026261,11.843077000903284,-0.0547415995301745,11.843077000903284,7.864589647701287e-05,12.563440779802244,6.402040761182052,-4.945739139067634,6.0886211465500715,-0.04255561376336174,6.0886211465500715,0.3029152406215643,2.0064924168899227,1.309370497390879,0.22691804476574717,1.3555246435381951,0.8357057209478059,0.0,2.6373016174410964,1.4974255346236724,0.006023729706348235,1.4140677251301474,0.8642694430105705,0.0001780106706526396,-0.5721202705754145,0,0,0,0.04444829219409967,0.5991713809573629,640,0.2309,0.08925,1.3058709866506366,-0.42807382549646184,1.5984115724789574,0.05208051579793911,0.0622638037390298,1.476973330654684,0.1382849470435384,0.04499152897303875,3.0735774089030374,0.08342120023084458,0.2990402797873918,424,219,37,37,0,0.2348,606,0.5732866807329622,-0.008829,-0.008828721361967107,111.0,372.0,-0.0519579,0.1049258,-0.0582849,-0.0848166,-0.0204557,-0.3782465,0.1063348,0.0075234,0.9195466,0.4648818,-0.5554872,-0.8083484,-0.1949537,783.0,374.0,0.6341759,0.0202043,0.0181731,-0.0078832,-0.0039755,-0.2002376,0.2850575,-0.4756772,-0.8076994,0.2991394,0.8994706,-0.3901751,-0.1967638,256,7.561398333809054e-10,1.7791408352523197e-10,2.413762659356497e-10,5.482818782341667e-07,0.00020860640707259253,-5.308034986063043e-12,24.22697885551423,7.067133579679545,8.91515475887421,3.1312656694694727,0.9881519752301746,1.3274501093070608,0.17472374885198716,0.0,0.03497416346952576,0.3051300397749712,0.027073714738454286,2.8825771083871943,0.011193301346977703,-0.002820856458517108,-0.0007539288438857997,0.7234104121298793,0.49962303557805715,621.4902347687299,289.78489144566174,0.6091697012468406,0.6091702872418343,0.609170287691728,0.7614628590522928,4.7009205914310085e-06,1032,0.0978,0.0911,0.00518,0.000876,2,0.0255,-0.3601,0.000393,12.003,6.0017,2.0,0.3637,0.63858,1.55824,0.17718,0.9751,0.9551,0.9794,0.5314,3.1934,1.4739,17.5393,5.9482,8.2019,2.5684,80,0.043,0.9813,44,0.0295,0.906,1.0,0.1329521,0.1143354,0.0752838,-0.0193456,0.0228951,-0.0571741,0.0645547,184.0,188.0,0.0417499,0.2096596,-0.6678734,0.0046064,0.063679,-0.0280058,0.0697177,199.0,175.0
185,1752,139702,1.2615440948326895e-10,0.001363749939617992,0.00013714324312021276,0.001363749939617992,0.4051648572174389,8.407552598522557,5.6054682573144765,-11.959914804361533,11.920550976723593,-0.05725899370312918,11.959914804361533,0.0035857598969682583,12.564680377290415,6.3932508915831825,-5.013864281530563,6.193292730911212,-0.04246874641900519,6.193292730911212,0.3051561493228014,2.0031766044195987,1.310956279540415,0.21107999126069754,1.3705597491705288,0.8333888385200374,0.014134997700027012,2.6514157406237864,1.5064718511759447,0.0009281661061607549,1.4140256302254497,0.9036521521315342,0.0001525454233276261,-0.5666001830384912,0,0,0,0.04499918235919533,0.5991856502558488,640,0.2289,0.09395,1.3122242506626758,-0.43128011355668805,1.608431870240971,0.02605382491488072,0.06109189190868695,1.4708137212294172,0.14077210151197958,0.045566114041027735,3.089403265444764,0.0849848122527352,0.3001634064532292,422,221,39,39,0,0.2325,606,0.573318877592271,-0.002886,-0.0028861097651862178,111.0,372.0,-0.0502222,0.0536808,-0.0257331,0.0406538,0.0238054,0.9009353,-0.0623543,0.4018443,-0.1514883,0.4625489,-0.479373,0.7573256,0.443463,783.0,374.0,0.7282167,0.0680879,-0.0155423,0.009036,-0.0656716,0.6556947,-0.1697138,0.0106923,-0.7356272,0.3038667,-0.2282678,0.1327108,-0.9645111,256,8.213560317180447e-10,2.029966385485539e-10,3.1690970515693955e-10,8.903465787912192e-07,0.000214650842388709,3.3176972543294164e-11,24.841708324255357,6.653044390352035,8.42667599970658,3.064744521127885,0.9435529091773832,1.2608072224289288,-0.06682877578788023,0.0,0.023998862936192536,1.1344562673718488,0.0414949752032187,1.2740899955720872,0.03774201648181418,-0.0036269709218380223,-0.0025422483327774198,0.7100591657752696,0.49872887583361125,621.4901859632108,289.7848686889051,0.609169700603298,0.6091702872516582,0.6091702876916738,0.7614628590645728,4.7060771177877775e-06,1032,0.0842,0.0786,0.06456,-0.333168,2,0.0242,-0.4011,0.000559,12.003,6.0013,2.0,0.36437,0.63647,1.55846,0.17773,0.9752,0.955,0.9794,0.5314,3.1935,1.4739,17.5399,5.9484,8.2022,2.5684,80,0.1087,0.2296,44,0.1412,0.7776,2.0,0.1400966,0.1440104,-0.0137759,-0.0413254,0.0149043,-0.1244115,0.1319399,184.0,188.0,0.0682018,0.2168648,-0.5215027,-0.0300852,0.0498242,-0.0256868,0.063619,199.0,175.0
186,1755,139706,0.0,0.0013826057145343016,0.00013824509676452562,0.0013826057145343016,0.4025749065042676,8.401452960772176,5.608209104315807,-11.000966032984769,11.946785683766182,-0.05799142459129935,11.946785683766182,0.016943996082728778,12.565742723143066,6.432807710221029,-5.074242741002361,6.239526911533575,-0.043332314222259506,6.239526911533575,0.3078445803614668,2.002304689604059,1.3123771562095747,0.25115430591393084,1.374964271922034,0.8236552490455915,0.0,2.66554704911967,1.5126144360410874,0.001584154754458167,1.4140546267695977,0.8567679551349464,2.94085780704427e-06,-0.5610139667141829,0,0,0,0.04535869769854631,0.5984975525959879,642,0.2315,0.09437,1.3178319489846155,-0.4332274560342555,1.6202764749677359,0.09815550361081977,0.06413178260979653,1.4771236942942025,0.14299998213122322,0.045960907381987263,3.1113394029132455,0.086420797094947,0.30306680393231694,426,219,47,47,0,0.2354,608,0.5726911537587067,-0.002422,-0.0024220959961818167,214.0,382.0,0.0660353,0.0990089,0.0270248,0.0033074,0.0951918,-0.7650621,0.0568089,-0.5845143,0.2641888,0.4490544,0.2729528,0.033405,0.9614473,783.0,374.0,0.8028336,0.1727343,0.0060873,0.0619103,-0.1611434,0.9822455,0.1067726,-0.090216,-0.1251181,0.3128016,0.0352408,0.3584136,-0.9328975,256,7.487112909619894e-10,1.0269176421713388e-10,1.4839024949846953e-10,8.198902225365704e-07,0.0002203035877282839,6.086794328659511e-12,24.15404364843456,5.9186658740594815,7.409488006280818,3.135221478446009,1.1635506116240828,1.466118892436399,-0.12292941472652981,0.0,0.03131263019878311,1.851504451199686,0.03523180588005658,0.31666115502779024,0.04676801727607173,-0.0013190045649693226,0.00015924624627506982,0.720952212450316,0.5000796231231375,621.4902631606202,289.78490468406903,0.6091696924861236,0.6091702872360787,0.609170287691728,0.7614628590450984,4.77114470831962e-06,1033,0.0714,0.0687,0.11441,-0.340695,2,0.0244,-0.4535,0.000486,11.999,5.9997,2.0,0.36515,0.63613,1.56088,0.17911,0.9754,0.9552,0.9793,0.5316,3.1984,1.4762,17.3945,6.0981,8.2421,2.5769,80,0.156,0.1367,44,0.213,0.7157,3.0,0.0527651,0.1764677,-0.5396377,-0.0045936,-0.0412917,-0.0602915,0.07322,205.0,177.0,0.1802254,0.2441402,-0.1506126,-0.0108714,0.017447,-0.1538966,0.1552635,199.0,175.0
187,1755,139706,3.8799979256891155e-11,0.0014040428568479117,0.00014016545112910267,0.0014040428568479117,0.4022840811705825,8.40078228042904,5.608254051341107,-10.860685016478138,12.30895306625957,-0.05785136668356899,12.30895306625957,0.002057793755003502,12.563078270160185,6.377504632739899,-5.1129461589731875,6.289345183361225,-0.04330224761364245,6.289345183361225,0.30953369976230277,2.001811760297707,1.3137757856325172,0.19660626984870866,1.3212423869662229,0.8396142057696386,0.01410280437097079,2.67964890099342,1.521603913519887,0.00014421795622154843,1.4140303021266711,0.8995052721675529,1.4734308009427291e-05,-0.5551875606697538,0,0,0,0.04579299067152606,0.5985145324352641,642,0.2274,0.10476,1.3241335612952285,-0.43533324586849204,1.629728785988904,0.06083327330242292,0.06314857475141618,1.474106013173144,0.14496885761150033,0.046421283051561575,3.1228963975527964,0.08766704424639278,0.3021907923304055,423,222,42,41,1,0.2308,608,0.5727221092565916,-0.005988,-0.005987943964028686,214.0,382.0,0.068563,0.0844106,-0.0729963,-0.0256177,0.0337703,-0.8000568,0.3662567,0.4713201,0.0601869,0.4473113,-0.8647759,-0.3034893,0.4000711,783.0,374.0,0.8635899,0.0504893,-0.0379647,-0.0149763,0.0297247,-0.9185514,0.3856793,-0.0647532,0.0576349,0.3398589,-0.751937,-0.296623,0.5887322,256,3.6139932482999335e-10,7.720598421582912e-11,1.054398845389445e-10,1.2349435464226957e-06,0.0002268310066845178,6.649693773758091e-13,24.726186078273308,5.956723748193012,7.337406358474981,3.0793718434980644,1.1500747280851606,1.5242236006705234,0.019002858476406002,0.0,0.01940779607725116,0.995181289454974,0.01840735245884241,0.3043238777969592,0.03653033325069623,-0.0003403841177807203,0.0016949208387468664,0.719065880117191,0.5008474604193734,621.4903856014141,289.78496177505804,0.6091696832577227,0.6091702872108091,0.6091702876917113,0.7614628590135114,4.845119802792881e-06,1033,0.0442,0.044,0.19222,-0.131129,2,0.023,-0.5731,0.000517,11.997,5.9986,2.0,0.36579,0.63513,1.56091,0.17723,0.9754,0.9552,0.9793,0.5316,3.1985,1.4762,17.4197,6.0807,8.2424,2.577,80,0.1059,-0.0462,44,0.1209,0.5722,4.0,0.0941784,0.1880302,-0.3325616,0.0039171,0.0793939,-0.0834061,0.1152185,205.0,177.0,0.050253,0.1475827,-0.4919722,-0.0238526,-0.0286798,0.0254413,0.0451524,199.0,175.0
188,1755,139706,6.852429049903014e-11,0.0014340331188286643,0.00014330829835820596,0.0014340331188286643,0.40197572719629576,8.400100778286504,5.608299036691542,-11.861616272835853,12.193643045643775,-0.055399437642056064,12.193643045643775,0.004905313372660303,12.566129048366507,6.38071820469563,-5.153252437597997,6.365855489688508,-0.04327613893444293,6.365855489688508,0.3123637131248903,2.0010119327890554,1.315308561423708,0.15250337532087022,1.3465490017959973,0.834003554320391,0.014102818513086415,2.6937800540574672,1.5303809111501603,0.0009738456736735346,1.4140382754900842,0.8730925209173839,3.535123492111356e-05,-0.5493589308432838,0,0,0,0.04651305307633571,0.5985387231244259,642,0.2239,0.1136,1.3291742806477718,-0.43896722882552636,1.6414813797563794,0.03168907738836103,0.06480615248922715,1.470678712547526,0.14804567299018534,0.047173596484137714,3.138316431734566,0.08957630421456951,0.2963187613178284,423,222,37,37,0,0.2268,608,0.5727624229145957,-0.009242,-0.00924171382287442,214.0,382.0,0.0708172,0.0346758,-0.009329,-0.0242736,0.0229385,0.2152459,-0.6964536,-0.0172815,0.6843412,0.4448996,-0.2690338,-0.7000157,0.6615126,783.0,374.0,0.8931021,0.0626502,0.0023897,0.0451866,0.0433302,-0.8933131,-0.2672198,0.2174167,-0.2886439,0.3813849,0.0381431,0.7212522,0.6916216,256,5.603847604817743e-10,9.854482946111466e-11,1.362859577079707e-10,8.129687945424184e-07,0.00023391326252089135,-3.915323071649209e-12,23.638114323991545,5.910597064547499,7.296604001886788,3.137234944629481,1.253013294193933,1.6427029205386985,-0.07761586748384469,0.0,0.036639789508287765,0.5643837686488091,0.02246748920944564,2.694008769956546,0.026383980622101337,0.001377624939767114,-0.0019547466513302266,0.7188452654749355,0.49902262667433483,621.4904180721962,289.78497691534756,0.6091696703469918,0.6091702872039932,0.6091702876916985,0.7614628590049916,4.948610980781024e-06,1033,0.0215,0.0246,0.26568,-0.088534,2,0.0214,-0.5879,0.000416,11.996,5.9981,2.0,0.36684,0.63368,1.56176,0.17833,0.9754,0.9552,0.9793,0.5316,3.1987,1.4763,17.4204,6.081,8.2427,2.5769,80,0.0659,-0.7275,44,0.0505,-0.902,3.0,0.0827498,0.0246549,0.5408976,-0.0008709,-0.0383838,0.0388816,0.0546429,205.0,177.0,0.0925104,0.4854837,-0.6798915,-0.0071043,0.0719789,0.0867509,0.1129476,199.0,175.0
189,1755,139706,2.229440345484343e-10,0.0014635486435101723,0.00014481903268169995,0.0014635486435101723,0.4016466212846055,8.399434082303193,5.6083408214418835,-11.197135286686514,12.048021900978215,-0.05416349450358249,12.048021900978215,0.0004345603992277347,12.564587769052677,6.357998348753168,-5.184140164376827,6.408710622619775,-0.04329410499405264,6.408710622619775,0.3129050909159483,2.0002607181493626,1.315831530824138,0.20506330177567078,1.3427477560870198,0.8337879450856497,0.028244392849405393,2.7079132416422973,1.5388886264603943,0.00070892243683085,1.4140492548705161,0.8640480956350658,6.29112726936598e-05,-0.5434783431498005,0,0,0,0.046197731578893925,0.5985634504545211,642,0.2232,0.11442,1.3294469840960035,-0.4416896804604082,1.6442144243882633,0.038648865067389064,0.06515278360246719,1.4642221209468362,0.14822456223143718,0.0468660716960264,3.1627264003013207,0.08971588177351014,0.29784186068745727,421,224,35,35,0,0.226,608,0.5728033878834179,-0.002388,-0.0023879359636169717,214.0,382.0,0.0718808,0.0690289,-0.0484445,0.0186562,-0.045498,-0.338966,0.4187194,0.0902391,0.8376354,0.4429617,-0.7017996,0.270267,-0.6591154,565.0,372.0,0.9047522,0.0808947,0.0028329,-0.0781767,-0.0205992,-0.397125,0.1126949,0.4941346,0.7651291,0.4216709,0.0350199,-0.9664011,-0.254642,256,1.1053296080221444e-09,2.001141279480836e-10,2.6943103659551185e-10,1.2058455257161865e-06,0.0002383980322658368,-1.8513523390440333e-11,16.85711862528821,5.766260083397214,7.00149003382308,3.1088071682069027,0.9072048469024023,1.210021925911016,0.005288686104911636,0.0,0.009224740478132386,2.969121570768925,0.033774570368891046,1.3361216044158375,0.011645161316712846,-0.0026694942222963355,-0.0022158555678337554,0.7206006826514227,0.49889207221608317,621.4906564733213,289.7850880756527,0.6091696576412406,0.6091702871524832,0.6091702876916321,0.761462858940604,5.050462234716823e-06,1033,-0.0128,-0.0042,0.34311,-0.119094,2,0.021,-0.6385,0.000265,11.996,5.9979,2.0,0.36818,0.63173,1.56075,0.17675,0.9755,0.9552,0.9792,0.5316,3.1988,1.4764,17.421,6.0812,8.243,2.5769,80,0.1776,-0.1327,44,0.1857,-0.5812,0.0,0.1000717,0.0964336,0.018514,-0.0047551,-0.0591339,-0.0383896,0.0706625,205.0,177.0,0.0669301,0.3602991,-0.6866783,0.002329,-0.0451248,-0.0113784,0.0465955,197.0,175.0
190,1756,139707,0.0,0.0014970909004113396,0.00014745000802069742,0.0014970909004113396,0.402374462591847,8.401390550799473,5.60728241943556,-12.356501722895102,11.920218377513462,-0.05617800610094348,12.356501722895102,0.003071114737528191,12.559373575289905,6.347883110238287,-5.219654009016857,6.462223787730721,-0.044272342256107336,6.462223787730721,0.31351888222543994,1.999214823908019,1.3163927045591133,0.22034066158463717,1.3850296277717986,0.839412424195912,0.0,2.722048606377093,1.5469066009673202,0.0014380045366081395,1.4140096212907876,0.8371007559556679,9.846232791139864e-05,-0.5374886548764388,0,0,0,0.04592124940326101,0.5986062740617295,642,0.2262,0.11228,1.327341193807037,-0.44552785471571754,1.6503910428361204,0.040841807106018445,0.06371691822090846,1.4639248628265955,0.14854272227153084,0.046602936359071395,3.1874112207656324,0.08993518753842075,0.29783401132967546,421,224,38,38,0,0.2305,607,0.5721626774387816,-0.001516,-0.0015159707547096613,214.0,382.0,0.0710534,0.0751222,-0.0062382,-0.0292522,-0.0689111,-0.5182718,-0.0907473,0.619384,-0.5826858,0.441138,-0.0830402,-0.3893948,-0.91732,565.0,372.0,0.8983318,0.1054231,-0.0359565,-0.0350955,-0.0926794,-0.3509739,0.1385847,-0.3146234,-0.8709901,0.465053,-0.3410685,-0.3329013,-0.8791183,256,2.0903317476440952e-09,2.8560159280975633e-10,4.125994815082684e-10,7.80476793284708e-07,0.0002440209607788292,-2.3888569512030113e-11,17.769280943162443,5.732970565515348,6.9636789095835585,3.1351630653518807,1.2581825218313585,1.5754931438169308,0.015333407272772534,0.0,0.023414796227222142,1.4551352074849835,0.02972262316072721,1.5651201970997473,0.05823849929546323,0.004166512264773321,0.00036426460476614867,0.7127364813433521,0.5001821323023831,621.4908610172707,289.7851834492287,0.6091696432015753,0.6091702871062272,0.609170287691728,0.761462858882784,5.166209267816602e-06,1034,-0.0604,-0.0458,0.47304,-0.078694,2,0.0197,-0.6946,0.000297,11.995,5.9977,2.0,0.36956,0.63099,1.55974,0.17749,0.9755,0.955,0.979,0.5319,3.197,1.4755,17.5343,6.0075,8.2384,2.5769,80,0.1489,0.4485,44,0.1192,-0.1546,0.0,0.0398938,0.1252209,-0.5167749,0.0152969,0.0325088,0.0272813,0.0451119,205.0,177.0,0.1102692,0.2194171,-0.3310659,-0.0367935,-0.054609,-0.0819017,0.1050894,197.0,175.0
191,1758,139710,0.0,0.0015338216481877915,0.0001516959009390869,0.0015338216481877915,0.3994209637004268,8.392429749995658,5.610895811934549,-12.611509297491509,11.70538186133029,-0.05624732595887623,12.611509297491509,0.007890959604267469,12.565609323407962,6.331123421779474,-5.249700120952551,6.492634704361792,-0.04428198700900525,6.492634704361792,0.3154038361552164,1.9980457318535854,1.3175940157810666,0.21099457920994746,1.3461589423560978,0.8395132978729374,0.0,2.736149916590143,1.5541998587781356,0.0004221716212883253,1.4140183906112878,0.9065741170445069,2.439888151081251e-06,-0.531435994384097,0,0,0,0.0461480362900939,0.5981439689168351,644,0.2321,0.11073,1.3270409359954847,-0.44923048426176565,1.6571100197568465,0.11161407461051018,0.06125677456447457,1.4692787037392707,0.15047504610624066,0.04686676784749293,3.2106981773502032,0.09117135032827868,0.2980718989767873,423,224,30,30,0,0.2345,610,0.5724803545572866,-0.003651,-0.00365065010283927,214.0,382.0,0.0729308,0.1184627,0.0895757,0.0770013,-0.0089673,-0.4280535,0.8840467,0.0476478,-0.1815526,0.4388055,0.7561512,0.6500041,-0.0756971,565.0,372.0,0.7784316,0.0185513,-0.0071969,0.0004926,0.0170914,0.6003041,-0.6410661,0.4652017,0.1107099,0.4087657,-0.3879437,0.026551,0.9213006,256,2.356448906747429e-09,3.7873748084298805e-10,5.352010800790854e-10,7.710225333746792e-07,0.0002512375679962104,6.261484602299639e-11,25.02942254146685,7.595676847894973,9.643858782149715,3.098096803214569,0.8516665311410798,1.173078434390239,0.0018567422104808096,0.0,0.024214455750969855,2.4415119478984106,0.044372904925780526,0.5018203047615487,0.06949459902760793,-0.0017800364151025008,0.004026726522036876,0.7124348778485221,0.5020133632610185,621.490797118165,289.78515365472134,0.6091696273889718,0.609170287120882,0.609170287691728,0.7614628589011024,5.2929614538339605e-06,1034,-0.0776,-0.0632,0.4403,-0.057252,2,0.0181,-0.7617,0.000165,11.994,5.9972,2.0,0.37078,0.62861,1.56189,0.17719,0.9758,0.9554,0.9791,0.5319,3.204,1.4788,17.2279,6.2672,8.2839,2.5855,80,0.131,0.9986,44,0.107,0.9973,-1.0,0.1198326,0.1263279,-0.0263866,0.0193246,-0.0158528,-0.0215673,0.0330136,205.0,177.0,0.0396221,0.2139979,-0.6875473,0.0069816,-0.0360842,0.0437243,0.0571194,197.0,175.0
192,1758,139710,2.8205506180475393e-11,0.001595582740480531,0.00015665622614322852,0.001595582740480531,0.3990377370770026,8.391763826964466,5.610930758843839,-11.879145205317224,11.52959052043925,-0.05797603871111242,11.879145205317224,0.0015395695590589452,12.562615441915105,6.272623218910494,-5.301982531615508,6.537281704181588,-0.044343033306850986,6.537281704181588,0.3159120303037994,1.9967598446059367,1.3182552263618865,0.1569008626642988,1.4167765155207301,0.8474811167091333,0.0141294364836125,2.750283758710598,1.5631346730123192,5.0291376876065996e-05,1.4140213964233288,0.9059261800156312,1.3388621123378279e-05,-0.5253885495467049,0,0,0,0.045831482452427984,0.5981899023237891,644,0.2285,0.11442,1.3328763236884944,-0.45401600697013067,1.6600974256767913,0.04949370286776359,0.06275225993698956,1.4598927211831847,0.15074650342023585,0.046577938507761985,3.2364357086158866,0.09134311410311778,0.29841277802477645,424,223,31,31,0,0.2306,610,0.572543221685745,-0.000467,-0.00046713774218032356,111.0,372.0,-0.0451271,0.0549705,-0.0388097,-0.0218018,0.0322528,-0.0272945,-0.3101356,0.5139,0.7993609,0.4470859,-0.7060095,-0.39661,0.5867292,565.0,372.0,0.4032623,0.1084708,-0.0054834,0.0386641,-0.1011975,-0.6670518,0.5083958,-0.155956,0.521779,0.3257217,-0.050552,0.3564468,-0.932947,256,1.2560487598244074e-09,1.4712396721153492e-10,2.348139958955981e-10,8.912541366784142e-07,0.00025804940874360965,1.5141681508529528e-11,24.12619155983632,6.4121710686152005,7.8169372502544565,3.1309570486042992,1.1254942996896837,1.482634350735051,-0.10155900041950613,0.0,0.018353307410835042,0.8658255499366029,0.048291626211963194,1.4230480729941808,0.016952549620633688,-6.455305367740993e-05,0.000968773402132901,0.7177329415415041,0.5004843867010664,621.4907380739766,289.7851261239368,0.6091696008009491,0.609170287134258,0.6091702876917159,0.7614628589178225,5.506089155860001e-06,1034,-0.0504,-0.0425,0.08369,-0.034527,2,0.0162,-0.8277,2e-06,11.995,5.9975,2.0,0.37247,0.62691,1.56172,0.17832,0.9758,0.9553,0.9791,0.5319,3.2042,1.4789,17.2287,6.2675,8.2843,2.5855,80,0.1494,0.6825,44,0.1802,0.7589,3.0,0.0613088,0.085997,-0.1675983,0.0061794,0.0515179,0.0062102,0.0522575,184.0,188.0,0.1577411,0.0886588,0.2803667,-0.0378775,-0.0015606,-0.1126715,0.1188781,197.0,175.0
193,1759,139711,0.0,0.0017006008768053465,0.00016462486914831117,0.0017006008768053465,0.39766371513722054,8.38689097719371,5.612833659136964,-11.72735323703061,11.352370151211094,-0.05625392679060631,11.72735323703061,0.004760628364588015,12.563817389428287,6.2641105734220925,-5.364575659939828,6.571386315866967,-0.044286655807172885,6.571386315866967,0.3186696030086338,1.9953641435224572,1.3196456475607414,0.22455047274946127,1.3603830329186282,0.8238922400103111,0.0,2.7644135798271634,1.5709586986257857,0.003955499650773797,1.4140560838159648,0.881258906929231,2.8954657225940873e-05,-0.5194079092704845,0,0,0,0.04621539269282936,0.598739546582103,645,0.2255,0.12114,1.3388069699797063,-0.4587284295925168,1.6693368310040657,0.04222951207768956,0.06417422567030874,1.4611194406164654,0.15301872961118423,0.04700720743816005,3.2552184643703153,0.09278341188368047,0.29585130858163616,422,226,33,33,0,0.2271,611,0.5731801703261342,-0.00334,-0.0033400701549133327,214.0,382.0,0.076083,0.0207688,0.0144082,0.0148265,-0.0019805,0.2689233,-0.2858851,-0.6677347,-0.632519,0.4348915,0.693741,0.7138838,-0.0953592,565.0,372.0,0.1894876,0.1210492,0.0312137,0.1122476,0.0328496,0.1587616,0.0918983,0.06714,-0.9807353,0.3186789,0.2578596,0.9272888,0.2713741,256,1.0216997535928222e-09,2.3710490715193225e-10,3.3576648019019757e-10,8.019200292283636e-07,0.00026914130310109737,4.773179711967512e-11,24.058949759436516,6.5783204679700455,7.908919644546604,3.1286380586169216,1.011224765208894,1.3905076554351175,-0.07753257369041257,0.0,0.01827354679817716,0.3183867185923679,0.02349913527656901,1.322239701239432,0.04299142337601253,-0.0009055732617872976,-0.0025792328859452645,0.711861644065414,0.49871038355702735,621.4907915681362,289.7851510668858,0.6091695555913129,0.6091702871221468,0.609170287691728,0.7614628589026835,5.868488673571917e-06,1034,-0.0337,-0.0303,-0.0927,-0.02372,2,0.0144,-0.8229,2.3e-05,11.998,5.999,2.0,0.37395,0.62421,1.56316,0.17665,0.9757,0.9557,0.9794,0.5321,3.2079,1.4805,16.9276,6.5038,8.3075,2.5897,80,0.1571,0.1325,44,0.1625,0.482,1.0,0.0689562,0.0575277,0.0903556,-0.012334,0.0587312,0.0115192,0.0611079,205.0,177.0,0.1195754,0.1416925,-0.0846529,-0.0352692,0.0275917,-0.0071809,0.0453518,197.0,175.0
194,1759,139711,7.173131821200875e-11,0.001862875457167514,0.00017589732607494499,0.001862875457167514,0.39725056887696325,8.386192352983763,5.612868727675214,-11.626677603736425,12.018475312794703,-0.05338078624876737,12.018475312794703,0.011491223586464703,12.55600207183208,6.217227407201148,-5.434979991186137,6.616441357415792,-0.04490663666269183,6.616441357415792,0.3209484763063627,1.9939657730723377,1.3210219256804496,0.17172980209498612,1.351413242534498,0.8415049766529663,0.014080120454832264,2.778509611659862,1.5800239492767287,0.007239237558595568,1.4140322318448693,0.8971622572779124,6.545467101229484e-05,-0.5130915439570075,0,0,0,0.04612031996986179,0.5988138312416816,645,0.2275,0.12407,1.3359319384853532,-0.4598254542327028,1.677094984746471,0.08208929950430029,0.06187145287634885,1.4554612208677626,0.15423895614692978,0.046954876847051415,3.28483357861507,0.09355878386619998,0.2958879269220449,424,224,36,36,0,0.2275,612,0.5739728271335807,-0.003318,-0.0033184661990466324,214.0,382.0,0.0802859,0.0203228,-0.0082694,-9.81e-05,0.0185641,-0.054601,0.9287755,-0.3562846,0.0863484,0.4322903,-0.4069016,-0.0048255,0.9134592,565.0,372.0,-0.0063969,0.1635971,-0.0470227,-0.1564944,-0.0078983,0.4885649,-0.1946805,-0.2509876,-0.8126555,0.3235478,-0.2874299,-0.9565841,-0.0482791,256,8.825534746473095e-10,1.691328451053748e-10,2.4337274688205813e-10,8.311669301945249e-07,0.00028333407707421945,-1.4391433622964558e-11,17.690514721963737,6.267992685072469,7.482394064482385,3.127697499841753,1.0935959100528847,1.449610935780402,-0.2188538794937609,0.0,0.03451763502207143,1.8273203706282535,0.022994278207839607,0.6204261825709722,0.05510805045868998,-0.0011772214534233583,0.0035243300333644726,0.7254521372611394,0.5017621650166822,621.4908733735493,289.78518921064324,0.6091694857330937,0.6091702871033728,0.6091702876916971,0.761462858879216,6.428470213546353e-06,1034,-0.0171,-0.0187,-0.24971,-0.012792,2,0.015,-0.8569,-8.1e-05,12.003,6.0013,2.0,0.37531,0.62367,1.56384,0.17636,0.9758,0.9557,0.9794,0.5321,3.208,1.4806,16.9531,6.4865,8.3079,2.5897,80,0.1271,-0.2875,44,0.0924,0.2437,-0.0,0.0544424,0.0659419,-0.0955234,-0.0464027,0.0212052,-0.0235092,0.0561743,205.0,177.0,0.1456301,0.1866102,-0.1233447,0.001878,0.0237355,-0.0278046,0.0366059,197.0,175.0
195,1760,139712,0.0,0.0019869093373998652,0.00018628027158693562,0.0019869093373998652,0.3976869061779928,8.388319378984098,5.6119857675555025,-12.481719048712648,11.714360494829677,-0.053238388657894986,12.481719048712648,0.009425133535547303,12.565803374222773,6.22473585863921,-5.470068431386197,6.689907473328834,-0.04620956312922614,6.689907473328834,0.32376468254304974,1.992379635266085,1.3223414808257443,0.2225691489839463,1.3158207555999302,0.8371469180589659,0.0,2.7926415382531227,1.5878343700349113,6.584793060815386e-05,1.414058439842737,0.8909144227954624,0.00011261373684882038,-0.5067718643696703,0,0,0,0.04608530762255678,0.598872350354295,645,0.2265,0.12544,1.3396471816898308,-0.4642556849878457,1.6868154805157123,0.09078719357964517,0.06263257924481892,1.4551977207695561,0.15578321656796523,0.04695741265445791,3.3175425936329974,0.09454385841441645,0.29701842022200203,424,224,34,34,0,0.2262,612,0.5740525082768615,-0.004435,-0.004434887116372632,214.0,382.0,0.083783,0.0565742,0.0458733,-0.0329013,0.0037128,0.3431867,0.4215576,-0.5106742,0.6661261,0.4296973,0.8108515,-0.5815608,0.0656272,565.0,372.0,-0.073279,0.1212883,-0.001116,-0.0441443,0.1129641,-0.4012006,0.0682639,-0.3578359,-0.8404354,0.3322878,-0.0092016,-0.3639617,0.9313685,256,6.853211223663945e-10,2.1010495656791992e-10,2.772808647874738e-10,1.7771342712080624e-06,0.00029539062010557835,2.1720025502045846e-11,21.3157778570529,6.310062865053877,7.526606377748393,3.133117526601807,1.2204499770806536,1.5468910182258526,-0.16431198659136442,0.0,0.03864561212963143,0.6384339108073818,0.006976559254322423,2.544160427408168,0.06924924495588046,-0.0031025730294971764,0.0042380146174574845,0.7149897029804702,0.5021190073087287,621.4908166210963,289.78516274843594,0.6091694323367465,0.6091702871164295,0.609170287691728,0.7614628588955369,6.856490920912717e-06,1035,-0.0034,-0.0071,-0.30629,-0.015732,2,0.0147,-0.917,-9.4e-05,12.007,6.0037,2.0,0.377,0.62265,1.5638,0.17666,0.9758,0.9555,0.9793,0.5324,3.2061,1.4797,17.1156,6.3769,8.303,2.5898,80,0.0302,-0.4102,44,0.021,0.5114,0.0,0.0679526,0.0492332,0.1597411,0.0095569,-0.0103773,0.0181541,0.0229912,205.0,177.0,0.0169476,0.2208466,-0.8574603,-0.010025,0.0332703,-0.1108904,0.1162071,197.0,175.0
196,1760,139712,1.1940745597964935e-10,0.0021177065028431374,0.00019881662262159546,0.0021177065028431374,0.3972494310870482,8.38758690295692,5.612022106689045,-12.462955873146257,11.824130570359047,-0.05160693325008862,12.462955873146257,0.012638977064833912,12.547439087124356,6.237112503291207,-5.519012476686301,6.7257831623827835,-0.04659603744432914,6.7257831623827835,0.3261896115379489,1.9907041192514219,1.323711791535631,0.265436697066992,1.3350071157774843,0.8432277816828939,0.014140170501399176,2.806743184549844,1.5968524874377243,0.00018091674998277352,1.4140611315839708,0.8911648278035728,0.00017917331500746396,-0.5002880265474554,0,0,0,0.045700159745750785,0.5989604716541786,645,0.2246,0.13089,1.3446245290197678,-0.4675668405147704,1.6967227584062743,0.05358588934509683,0.06869114935678845,1.4632524933461513,0.15647186084743578,0.04660067309975308,3.3577167547020874,0.09501643273994873,0.2971223975515015,424,224,36,36,0,0.2258,611,0.5734677373691274,-0.001309,-0.0013093392913263724,214.0,382.0,0.0884335,0.1009861,0.0352358,0.0714022,-0.0621158,-0.3877459,-0.3285533,-0.2416014,0.8266406,0.427136,0.3489168,0.7070493,-0.6150922,565.0,372.0,-0.1056578,0.1215735,-0.0250985,-0.1082376,-0.0493436,0.6264905,0.0877154,-0.3892271,-0.6695655,0.3481463,-0.2064475,-0.8903062,-0.4058747,256,7.628874514855816e-10,1.1134064400924543e-10,1.5835698453038487e-10,1.465965892178969e-06,0.0003075663726216418,-2.416428573944998e-11,23.47059976490535,5.718378517932996,6.917002369418082,3.1244305504413656,1.0175502719318943,1.3127056383936488,0.06032835153536487,0.0,0.01860048111328475,1.021951400832034,0.02628806134748638,1.1918779731606095,0.020782415562077664,-0.0024477916844665806,-0.0006491229650665638,0.7049037314024731,0.49967543851746676,621.4908558287574,289.7851810299586,0.6091693760292568,0.6091702871074247,0.6091702876916767,0.7614628588842809,7.307849543293949e-06,1035,0.0132,0.0084,-0.32896,-0.007053,2,0.0142,-0.9833,-0.000188,12.01,6.0049,2.0,0.3783,0.62104,1.56454,0.17727,0.9758,0.9555,0.9792,0.5324,3.2063,1.4798,17.1165,6.3773,8.3034,2.5897,80,0.0917,0.8751,44,0.1161,0.4647,2.0,0.1526442,0.0669176,0.3904442,0.0544286,0.0492688,-0.0086113,0.0739192,205.0,177.0,0.1373573,0.1150682,0.0882998,-0.0113497,0.0153086,-0.0222558,0.0293,197.0,175.0
197,1760,139712,2.2528189368486863e-10,0.002260889880073258,0.00021241298503102413,0.002260889880073258,0.3968039648629111,8.386839629347747,5.612056589397904,-11.689432376922657,11.132333545594063,-0.052016056855977794,11.689432376922657,0.007375188579319249,12.564611022025934,6.232816553848395,-5.552710422646775,6.752382591145014,-0.046872061564441354,6.752382591145014,0.3290711890772163,1.9889527239035327,1.3251044887381773,0.24145459667913138,1.3451186698692246,0.8437086710001916,0.0141401846435148,2.8208764526219503,1.6055290404320826,0.003097634749899547,1.4140949888856467,0.9023977728256156,0.00024375015174106485,-0.49376711536862233,0,0,0,0.04547042613951986,0.5990425155796092,645,0.2221,0.13561,1.3511170600565834,-0.471570425457253,1.708705314831914,0.07865907672352282,0.06739072320751886,1.4625145038657108,0.15777045106175805,0.046400509809607256,3.4001878795972105,0.09583555452112279,0.30028343653703427,422,226,33,32,1,0.2239,610,0.5728750129740691,-0.007435,-0.007434698486431968,214.0,382.0,0.090538,0.0688411,0.021181,-0.045907,0.0467227,0.7033442,0.3146865,-0.1830914,0.6105382,0.4240725,0.3076796,-0.6668548,0.6787031,565.0,372.0,-0.116217,0.0979618,-0.0046003,-0.042347,-0.0882161,0.4343466,-0.2115863,-0.6388459,-0.5987071,0.3611394,-0.0469605,-0.4322803,-0.9005157,256,1.321226757655379e-09,2.5904904012070604e-10,3.5562107855311533e-10,1.6420677135581555e-06,0.00032120031111563136,9.253299488993923e-12,21.869222598552323,6.0116423538392585,7.170686688770754,3.122701195346958,0.947176777916342,1.263657612805969,-0.023410444263714497,0.0,0.01726044176491681,2.145730987424643,0.04252474838660085,0.10590487869166104,0.015621069935911093,-0.001749293723460748,-0.002867080436961931,0.7182073689515311,0.49856645978151903,621.4909394233407,289.78522000796,0.6091693143898791,0.6091702870879916,0.6091702876916311,0.7614628588599894,7.801950285839819e-06,1035,0.0223,0.018,-0.34026,-0.009942,2,0.014,-0.999,-5.2e-05,12.014,6.007,2.0,0.37988,0.61993,1.56496,0.17629,0.9758,0.9555,0.9792,0.5324,3.2064,1.4799,17.1174,6.3776,8.3038,2.5898,80,0.1763,0.8716,45,0.1205,0.6912,-1.0,0.1020582,0.0779758,0.1337659,0.0406744,-0.0430883,-0.0214033,0.0630008,205.0,177.0,0.0433276,0.1729379,-0.5993113,-0.0101414,0.0711936,0.0677994,0.0988338,197.0,175.0
198,1761,139713,0.0,0.0024360228981903506,0.00022956625038138279,0.0024360228981903506,0.39466988907356515,8.381868756179434,5.614011079910384,-12.335984488455091,11.468115377482546,-0.05387119807769304,12.335984488455091,0.002141114343381648,12.551704626830887,6.275984692224745,-5.599203922585404,6.811005363763544,-0.04691170754665017,6.811005363763544,0.32985490063563033,1.9870827659180517,1.3257417171259713,0.2197688103321389,1.397227858069688,0.8472684106952855,0.0,2.835012354847168,1.6136252880856197,0.00022801688672424714,1.414106843719697,0.8749956259965164,0.0003116724835006162,-0.48707971045378684,0,0,0,0.04463918000727712,0.5989052856038032,646,0.2168,0.1421,1.352268103009821,-0.4732457561905321,1.7122020257840895,0.03893176793725025,0.0693303982932216,1.4574881396410333,0.15657215221869805,0.04555671044824942,3.4368625539053723,0.0951184066866067,0.3004527513526811,421,228,37,36,1,0.2196,612,0.5734914882525962,0.003187,0.0031873592749693813,214.0,382.0,0.0893816,0.0306742,0.0087748,-0.0264125,-0.0128953,0.1443088,-0.2862343,-0.8597039,-0.3976859,0.4224687,0.2860645,-0.8610656,-0.4203965,565.0,372.0,-0.1263318,0.0900811,-0.0239353,-0.0391821,-0.0775014,0.3815357,0.0320501,-0.1792675,0.9062375,0.3801363,-0.265708,-0.434965,-0.8603515,256,1.6478753012324408e-09,3.797445952854749e-10,5.109741556876092e-10,1.8181830981107808e-06,0.0003365793069565179,-1.940296653064707e-11,16.963344688071075,6.092975536967588,7.144138798446469,3.128802966277392,1.0204129196738467,1.4179021361741324,0.013451642145101708,0.0,0.011518447602391041,1.1496546757336672,0.029228151006638177,2.6429799645729597,0.051958724983761626,-0.0029633962833574387,8.602375712001017e-05,0.7129601440860431,0.50004301187856,621.4912483493446,289.78536405219995,0.6091692389964303,0.6091702870134247,0.609170287691728,0.7614628587667808,8.406300663795919e-06,1035,0.0279,0.0243,-0.3593,-0.009251,2,0.014,-1.0,-0.000217,12.016,6.008,2.0,0.38152,0.61988,1.56528,0.17573,0.9757,0.9558,0.9796,0.5327,3.2102,1.4816,16.9399,6.5262,8.3273,2.594,80,0.1546,-0.8723,45,0.0521,-0.8818,-4.0,0.1304521,0.1265836,0.0150503,0.0557149,-0.0837091,0.0754266,0.1257001,205.0,177.0,0.174843,0.0878584,0.3311159,0.0110001,-0.0912515,-0.0009447,0.0919169,197.0,175.0
199,1761,139713,1.817453708875864e-11,0.0026193777581700003,0.00024850136264953663,0.0026193777581700003,0.39420854965389907,8.381116794486548,5.614047611565779,-11.727059031722813,11.694255445854791,-0.048520013928744665,11.727059031722813,0.004145894138560688,12.561117292940152,6.267431026833458,-5.625610024293379,6.841428179418784,-0.04664849032512217,6.841428179418784,0.33226491354627924,1.985149751163498,1.3270869917399102,0.25997465609196113,1.317506749617907,0.8438072180431074,0.014090352335106346,2.8491191675739147,1.622736918693487,7.12040685475479e-05,1.4140640416888517,0.8924335335525855,0.00038108282877092427,-0.48038790826362593,0,0,0,0.04388455761753246,0.5990265670332816,646,0.2166,0.14976,1.3545857718565808,-0.4776700257558281,1.7208508158892981,0.04901251970898514,0.06535380201812302,1.4600879783369363,0.1564346111138617,0.044839142395804554,3.4887957876843503,0.09505518031741322,0.30077646232311517,423,226,36,36,0,0.2192,612,0.5736372754922269,-0.005894,-0.005894134161717135,111.0,372.0,-0.0289763,0.0597674,-0.0255864,0.0222679,0.0492099,0.1112708,0.6266853,-0.3489466,0.6878376,0.4273238,-0.4280995,0.3725763,0.8233576,565.0,372.0,-0.1243558,0.0740407,-0.0600259,0.0228302,-0.036847,-0.5431533,0.0829796,-0.8150296,0.1839175,0.3979783,-0.8107148,0.3083468,-0.4976583,256,1.1208314784628614e-09,2.1648782384932246e-10,2.9198804171294076e-10,2.0173630230144514e-06,0.00035248331148281156,-1.8092401396397682e-11,24.76142390884145,8.196661931279245,10.074906231744821,3.1285259879614298,1.2141378765796849,1.5215451776879911,-0.1575458258090821,0.0,0.02044319135697894,1.5766269179250119,0.020936201477579186,1.850776780411454,0.043966130807405454,0.0007212516579646479,-0.0015119011716137577,0.7180564933602516,0.49924404941419315,621.491183226919,289.78533368729,0.6091691600627063,0.6091702870295042,0.6091702876917202,0.7614628587868801,9.039028044796065e-06,1035,0.035,0.0331,-0.35247,-0.014411,2,0.0136,-0.9854,-0.000161,12.017,6.0087,2.0,0.3828,0.61878,1.56586,0.17623,0.9757,0.9558,0.9796,0.5327,3.2104,1.4817,16.9655,6.5089,8.3277,2.594,80,0.0204,-0.8344,45,0.1204,0.786,-2.0,0.0735626,0.1144926,-0.217649,0.030019,-0.0707692,0.003043,0.0769329,184.0,188.0,0.096903,0.0850739,0.0650032,0.0350112,0.0120001,-0.0363723,0.0518916,197.0,175.0
200,1761,139713,2.9887296769675814e-11,0.002790589247581595,0.0002662693038952157,0.002790589247581595,0.3937448456943248,8.380342777698235,5.614083078732951,-11.554258558735475,11.293129627442806,-0.045562557133403826,11.554258558735475,0.02576205278449147,12.555976351658561,6.241482484958487,-5.682154432050164,6.886075119779847,-0.04671049899460243,6.886075119779847,0.33533726074134634,1.9838103532068343,1.3285292617733524,0.2812162171336612,1.3385101234921555,0.8515129605408107,0.01409036647722197,2.8632544422818995,1.6314616044211265,0.0006589517244419696,1.4141060141883484,0.8585577243956838,0.0004546412683554053,-0.4735489499090879,0,0,0,0.043490946270228634,0.5991498133365385,646,0.2155,0.15091,1.3602107618247752,-0.4801044029333804,1.7327745482424894,0.026871640118603247,0.06197275999322012,1.4573702407886941,0.1572696355410756,0.044473367857410934,3.5362654801702536,0.09562247816953859,0.2984528981799488,425,224,39,39,0,0.2178,612,0.5737892035774573,-0.003129,-0.0031286428720360693,214.0,382.0,0.0906216,0.0214863,0.0094913,0.0051215,-0.0185835,0.2727078,0.2016948,0.6689488,-0.6614055,0.4163003,0.4417387,0.2383596,-0.8648998,565.0,372.0,-0.1187773,0.0777608,-0.0229863,0.0412979,-0.0617484,-0.1754276,-0.2905351,0.3269702,0.8819892,0.4115126,-0.2956023,0.5310882,-0.794081,256,1.4039266494653333e-09,2.1957829468875715e-10,3.414121121772473e-10,1.7878392039765395e-06,0.00036822136743882796,-6.308607611050538e-12,24.689113541629332,8.151008475660447,9.968705489599085,3.124358595443313,1.0060716152794935,1.3332776433901457,-0.1339678250022663,0.0,0.0264159271248809,0.8341898683707801,0.023515779472688132,0.4518001093113976,0.058134324253712594,0.0015234625724847844,0.0009300892733901288,0.7111306591162773,0.5004650446366952,621.4910867271067,289.7852886919126,0.6091690863569166,0.6091702870529778,0.6091702876917151,0.7614628588162222,9.629851329507726e-06,1035,0.0451,0.0442,-0.34757,-0.004437,2,0.0133,-0.915,-7.4e-05,12.02,6.0098,2.0,0.38436,0.61707,1.56633,0.1755,0.9758,0.9558,0.9796,0.5327,3.2105,1.4818,17.0157,6.4739,8.3281,2.594,80,0.1387,0.8974,45,0.2168,0.9195,-3.0,0.0420207,0.0296057,0.1733304,-0.0036855,0.0278526,-0.0127098,0.0308365,205.0,177.0,0.0320596,0.1382304,-0.6234709,-0.0014707,-0.0547881,0.057503,0.0794386,197.0,175.0
201,1761,139713,1.2473716968301189e-10,0.002989584043727455,0.0002888793604721542,0.002989584043727455,0.3932766100835236,8.379592905568106,5.6141190182735725,-12.597784513970952,11.293333891051926,-0.04482600866031711,12.597784513970952,0.0017134367328719969,12.566307957222739,6.262955968650388,-5.758464177352856,6.935817505182486,-0.04677035883230562,6.935817505182486,0.33601608736664046,1.9817092963488394,1.3290920377185207,0.23487834595963364,1.3665336853536898,0.8493602744959482,0.028216301833939306,2.877390154509748,1.6401120261177582,0.0005515773242724675,1.4141153705973537,0.8554937944784461,0.000528123061580816,-0.466687584167625,0,0,0,0.042160197990970885,0.5992360157786771,646,0.2167,0.15622,1.361946183457971,-0.4781604689408347,1.7344557419109792,0.07711827409520108,0.06117227317593648,1.452333660612652,0.1548679995088215,0.04315686067262674,3.588490846996436,0.09415836550848701,0.2987641562543236,428,221,41,41,0,0.218,613,0.5745903966396899,0.002885,0.002884857855281364,214.0,382.0,0.0899259,0.0346123,-0.0303913,-0.0135918,0.0094683,0.3185354,-0.2516352,0.9048434,-0.1283485,0.4132386,-0.8780469,-0.3926869,0.2735517,565.0,372.0,-0.119487,0.0250093,-0.0075637,-0.0118228,-0.0206997,0.5681371,0.2119923,-0.785168,-0.1256612,0.4283532,-0.3024333,-0.4727361,-0.8276803,256,1.0512206298548142e-09,2.135722054127408e-10,2.9711874820966116e-10,2.3844989979100677e-06,0.0003852380011485705,-4.589572368048336e-11,21.246215243380668,6.283859388242066,7.541153299102937,3.139502882064383,1.2650534002621514,1.604658381862293,0.029158909114762748,0.0,0.028913991259374522,1.8430929651739762,0.011771003390640227,1.8076791449712566,0.01838398541632424,-0.002461613860147176,-0.0015245055335295352,0.7238253752283919,0.4992377472332352,621.4911985049358,289.7853408110358,0.6091690006907773,0.609170287025749,0.6091702876916744,0.7614628587821862,1.0316546845883806e-05,1035,0.0534,0.0524,-0.34356,-0.014007,2,0.0145,-0.8682,-0.000206,12.02,6.01,2.0,0.38593,0.61605,1.56556,0.17617,0.9758,0.9558,0.9795,0.5327,3.2107,1.4818,17.0412,6.4566,8.3285,2.594,80,0.1917,0.9406,45,0.1763,0.9693,-1.0,0.0452114,0.0727797,-0.2336474,-0.008933,0.0352716,-0.0297614,0.0470067,205.0,177.0,0.0287888,0.0606707,-0.3563832,-0.0024106,0.0088027,0.0438073,0.044748,197.0,175.0
202,1764,139717,0.0,0.0032134910245692023,0.0003122011303822749,0.0032134910245692023,0.3881867765187768,8.366275579525968,5.619740873496114,-12.416722534305455,10.779302828924667,-0.04175306145731162,12.416722534305455,0.008002422834124879,12.56427468890181,6.2658559827949905,-5.806316890550279,6.981414906569394,-0.046937260697722666,6.981414906569394,0.3377427760019111,1.9795337720700734,1.329547146699313,0.26494472418788684,1.3283717376340864,0.8502652980690123,0.0,2.8915265287147176,1.645768923916379,0.0010755090520246924,1.4140901644503847,0.8609898843332372,3.85676278025697e-06,-0.4597607285789984,0,0,0,0.040591893015634914,0.5985303241233948,649,0.2097,0.16275,1.3662589467437143,-0.4801178995345117,1.7369076992314674,0.041395645295700466,0.06565372351518434,1.4547126729374853,0.1519982086999657,0.041610333004027104,3.6528957527269754,0.09235627814407757,0.30011420629250934,426,226,38,38,0,0.2111,616,0.5739729324766174,-0.0035,-0.0034997280895883165,111.0,372.0,-0.0321134,0.0271387,0.0159262,-0.0219669,-0.0005655,-0.0264224,0.0032566,0.8410253,0.5403403,0.4176087,0.5868442,-0.8094317,-0.0208365,565.0,372.0,-0.1145237,0.0325696,-0.0047307,0.0281051,0.0157638,0.591205,0.4504247,0.1894842,0.6416307,0.4435602,-0.1452483,0.862927,0.4840041,256,1.2481495541866853e-09,3.7992657253220336e-10,5.062692179092231e-10,2.5946438075284227e-06,0.0004025480471908196,9.848281246476871e-11,23.424939912565637,6.102568767374557,7.346236279137008,3.035595850541006,0.7487906710337386,1.027536626893609,0.12253927064825523,0.0,0.014289753140227792,2.4667993495183262,0.018432504289106484,2.3027160619489675,0.01269532096874854,-0.0029318037417308453,-0.0017812021535681926,0.7188103863061842,0.499109398923216,621.4913244308839,289.78539952706245,0.6091689042999673,0.6091702869943901,0.609170287691728,0.7614628587429876,1.1089209566160703e-05,1035,0.0598,0.0599,-0.3369,-0.008357,2,0.0148,-0.8207,-0.00021,12.021,6.0104,2.0,0.38777,0.61574,1.56708,0.17567,0.976,0.9565,0.98,0.5329,3.2215,1.4869,16.2068,7.1157,8.398,2.6069,80,0.1303,0.9247,45,0.0138,0.3594,0.0,0.0664724,0.0280749,0.4061192,0.025361,-0.0184522,-0.0277365,0.0418686,184.0,188.0,0.0386733,0.0525717,-0.1523201,-0.0181903,-0.0285942,0.0096735,0.0352434,197.0,175.0
203,1764,139717,2.6216050633325723e-11,0.0034179962291621038,0.0003376870390756798,0.0034179962291621038,0.38771587974413785,8.365545917992,5.619776545474975,-11.560217142030414,11.709931088243355,-0.041384302006818814,11.709931088243355,0.0007772192448456394,12.55906085452603,6.281837230713494,-5.82400151964182,7.004882986814802,-0.0466650086018964,7.004882986814802,0.3393261635403404,1.977365044212842,1.3305886869526147,0.313664373872754,1.3489986983908793,0.8602700480546583,0.014101730226193085,2.9056256898261243,1.6546919338735528,0.0005603349523028989,1.4140873646430114,0.891669280422881,6.051973343729681e-05,-0.452841860956645,0,0,0,0.0404639559696848,0.5985556360249259,649,0.2149,0.17069,1.362880898153344,-0.4834509988671743,1.7461504043818017,0.08263232874278247,0.06475213655378881,1.4589682652181128,0.1532353698022868,0.04153985191110215,3.688876169568923,0.09313499078827514,0.30004844798366376,429,223,35,36,-1,0.2157,616,0.5740059797979182,-0.010487,-0.01048726497772634,111.0,372.0,-0.030318,0.0496059,-0.0358639,-0.0041767,0.0340158,-0.8204858,0.2047093,0.4921544,-0.2065942,0.4147803,-0.7229769,-0.0841975,0.6857224,565.0,372.0,-0.1096622,0.0258333,-0.0030331,-0.0246165,-0.0072242,-0.1526902,0.4513768,0.0348113,-0.8784833,0.4570555,-0.117412,-0.9528973,-0.2796447,256,1.941745067890963e-09,4.5795378731056646e-10,6.66742301298446e-10,3.1426355646108777e-06,0.00042200948167961616,-3.230591581831461e-11,22.91347294336171,5.716999548307738,6.849036056451597,3.116238431396738,0.8737306457777867,1.2217831496550935,0.0486108189956045,0.0,0.029404243864816555,0.9081980659065754,0.022268974941704125,0.2722975973262992,0.04855397450427182,-0.0012859347324669123,-0.0003098615047773874,0.7197389589373466,0.49984506924761113,621.4912194584365,289.7853505811135,0.6091688162612718,0.6091702870205802,0.6091702876917169,0.7614628587757252,1.1794924147504054e-05,1035,0.0653,0.0655,-0.32782,-0.009417,2,0.0164,-0.788,-0.000296,12.021,6.0105,2.0,0.38927,0.61507,1.56743,0.17377,0.976,0.9565,0.98,0.5329,3.2217,1.4869,16.2076,7.1161,8.3984,2.6068,80,0.0271,-0.8279,45,0.1833,-0.9621,-0.0,0.0912795,0.1021397,-0.0561483,-0.0181783,-0.0638772,-0.0508238,0.083629,184.0,188.0,0.0860376,0.0299495,0.4835722,0.0076481,-0.051835,0.0085731,0.0530929,197.0,175.0
204,1764,139717,4.46683143732514e-13,0.003604027137537832,0.00035933094389707713,0.003604027137537832,0.387243207226394,8.364788452684632,5.619812413599891,-10.299217912810754,11.819336457077604,-0.041829337051630486,11.819336457077604,0.01914396198548829,12.56198226813194,6.287245683286213,-5.879709033548567,7.05280599575315,-0.046564334301329245,7.05280599575315,0.3425178054623828,1.9750559860234203,1.3319935602975732,0.22503996821337202,1.3049056325065886,0.8559011495215314,0.01410174436830871,2.919761674717135,1.663466450207374,0.0004343257370162945,1.4141261843630193,0.9127863653429273,5.845304476220743e-05,-0.4459599431538267,0,0,0,0.03973284650970545,0.5986326070123011,649,0.2086,0.18565,1.3643293985455494,-0.48882294204080723,1.7551021090385537,0.07251133762567287,0.06477892332109787,1.460438768220221,0.15398762662847554,0.04087815137817473,3.7669909581745697,0.09367125639476481,0.3007732450148043,428,224,34,34,0,0.208,616,0.5741007324062598,-0.00326,-0.0032599181384558307,111.0,372.0,-0.0268114,0.058015,-0.0207029,-0.0027448,0.0541258,-0.0655369,0.6449541,-0.1664386,0.7429921,0.4105362,-0.3568545,-0.0473121,0.9329611,565.0,372.0,-0.1028946,0.0270639,-0.020142,0.0128805,0.0126825,0.8974024,-0.3959626,0.115891,0.1563706,0.4673859,-0.7442403,0.475929,0.4686129,256,1.335098108609541e-09,1.9656685212969772e-10,2.807889385848779e-10,2.661396727973083e-06,0.0004393950949011952,1.823399795336075e-11,22.86667244276969,5.742799745970203,6.853779909125876,3.1234876778550547,1.198169215595042,1.5115999551791581,-0.19426962532729933,0.0,0.017152174645532696,0.6950025105064227,0.024499631450021125,2.1423482555775264,0.04536587600746711,-0.0005811401923096905,-0.00032011513036221234,0.7092396847388119,0.4998399424348189,621.4912989673778,289.7853876540853,0.609168736176073,0.6091702870007913,0.6091702876917279,0.7614628587509892,1.2436883607947593e-05,1035,0.0714,0.0708,-0.32522,-0.003016,2,0.0163,-0.6915,-5.6e-05,12.022,6.0111,2.0,0.39075,0.61204,1.56777,0.17445,0.976,0.9565,0.98,0.5329,3.2219,1.487,16.2084,7.1164,8.3988,2.6068,80,0.1434,-0.9991,45,0.2693,-0.9979,-1.0,0.1136584,0.060591,0.3045485,-0.0310581,-0.0561332,0.0239062,0.0684621,184.0,188.0,0.1070997,0.0575844,0.3006688,0.0033086,0.0631984,0.043531,0.076811,197.0,175.0
205,1764,139717,1.4800137826366492e-10,0.003824677475775853,0.00038630152670011774,0.003824677475775853,0.38676976581637823,8.364038189819487,5.6198510807987905,-12.859646389270058,12.022416502821077,-0.04294208982481432,12.859646389270058,0.020799157460377415,12.5656273845373,6.26868904384525,-5.906784826977437,7.119269353431658,-0.04660625969270073,7.119269353431658,0.34383972193318685,1.972662763444893,1.3328675654009747,0.27261195335031874,1.3774234793128468,0.8534497692621456,0.02821835387178398,2.9338976750180565,1.6722994233953747,0.005392328175767069,1.4141210796308266,0.8988428478758681,9.884564720984792e-05,-0.439046465263662,0,0,0,0.03723079526343073,0.5987268823390074,649,0.2038,0.19048,1.3590508029267685,-0.4973009876974213,1.7578397553912501,0.06515426844825067,0.06441939304800486,1.4563355989285,0.14902283437203698,0.03844452755902841,3.8763081206609877,0.09059960521260703,0.30534011900178865,425,227,33,33,0,0.2023,616,0.5742183284489452,-0.002872,-0.0028721678559704422,214.0,382.0,0.090502,0.0850048,0.0479402,0.0537068,0.045201,0.6869804,0.5745292,-0.4381041,0.0777106,0.3965784,0.5639708,0.6318087,0.5317468,565.0,372.0,-0.0991672,0.0198769,-0.0180721,0.0024505,-0.0079048,-0.2414914,-0.1967256,-0.3527287,-0.8823624,0.4820725,-0.9092016,0.1232831,-0.3976854,256,1.204487123784895e-09,3.79228814182658e-10,5.005293275628894e-10,3.8118750285897945e-06,0.00045874924239480144,6.558606264525138e-11,18.30614022521536,5.828109012739646,6.842788196843802,3.141575453587649,1.0704033149344707,1.428266055923029,0.08470324597408094,0.0,0.015122524628408587,0.7821752437348305,0.018921732375005714,2.265103265322552,0.023064305566962196,-0.0019669114863023543,-0.0007693177986379111,0.7031443802405809,0.499615341100681,621.4914589857246,289.7854622665195,0.6091686411875654,0.6091702869600886,0.6091702876916643,0.7614628587001107,1.3198306933210633e-05,1035,0.0763,0.0758,-0.31611,0.000265,2,0.0165,-0.6189,-4.4e-05,12.023,6.0114,2.0,0.39229,0.61279,1.56733,0.17485,0.976,0.9565,0.9799,0.5329,3.222,1.4871,16.1596,7.1522,8.3993,2.6069,80,0.1548,-0.9978,45,0.1981,-0.893,-1.0,0.1057584,0.0737731,0.1781602,0.0123391,0.0378757,-0.0094238,0.0409345,205.0,177.0,0.138297,0.0974628,0.1732024,-0.0040764,0.0182501,-0.1129328,0.1144705,197.0,175.0
206,1765,139718,0.0,0.004076164163343949,0.0004138267017700524,0.004076164163343949,0.38513328382358086,8.359275031260532,5.621536283458062,-10.361087630684228,10.706304850122889,-0.04507105060339086,10.706304850122889,0.0024693231653252212,12.56421701289004,6.244613895043599,-5.968513260063518,7.2069137262894,-0.04720772117906466,7.2069137262894,0.3451195996212839,1.9701988149758578,1.3338355374694708,0.28030441689336405,1.3645545323302501,0.8565766914746725,0.0,2.9480342465322003,1.6804652513466987,0.00060798349630653,1.414123280909734,0.8976275979477163,0.00016291771917685208,-0.4320171528598862,0,0,0,0.034642015206113895,0.5991055925960588,650,0.1951,0.1854,1.3654786089667696,-0.5030550522468273,1.7620279537453982,0.059117158226138604,0.06594632088606739,1.452608349858901,0.14338693990078807,0.035922583365808114,3.9915542387540768,0.08718383538714816,0.30824362826052387,424,229,28,28,0,0.1933,617,0.5746737206138075,0.003328,0.003327790064224123,214.0,382.0,0.0889248,0.0502493,-0.0044767,-0.0480991,-0.0138357,-0.4402642,0.4010077,0.7732758,0.2177262,0.3900847,-0.0890893,-0.9572095,-0.2753416,565.0,372.0,-0.0934152,0.0711291,-0.0691839,-0.0107373,-0.0125557,0.3071363,-0.3696871,-0.3728623,0.7937081,0.4943123,-0.9726526,-0.1509548,-0.1765206,256,1.1354758994191073e-09,3.408213021353049e-10,4.640095469001485e-10,4.4890524339831194e-06,0.0004776973611900827,5.4582465967101065e-11,18.494358806279678,5.722980211156351,6.723168748148301,3.135111423204888,0.9608065985165009,1.2860396505476401,0.03645140168931047,0.0,0.013815588358940123,2.3709682916842905,0.020421982164833725,1.0585826078255605,0.0327850735739586,-0.0009369684368425659,-0.0019033880640805774,0.7149271656660942,0.4990483059679598,621.4914066857473,289.78543788038695,0.6091685329234839,0.6091702869735233,0.609170287691728,0.761462858716904,1.406614560468854e-05,1035,0.0809,0.0804,-0.31273,-0.003432,2,0.0164,-0.5368,-5.7e-05,12.022,6.0112,2.0,0.39369,0.61295,1.56762,0.17366,0.976,0.9568,0.9803,0.5331,3.2256,1.4887,16.0287,7.2665,8.4224,2.6111,80,0.0391,-0.9896,45,0.1456,0.5349,-1.0,0.1106468,0.0985101,0.0580268,0.0256883,-0.0102551,-0.08942,0.0936002,205.0,177.0,0.0570301,0.0989539,-0.2687702,0.0244177,0.0082142,0.0383003,0.0461585,197.0,175.0
207,1765,139718,1.359695431075889e-10,0.004317183686622647,0.00044081056928142243,0.004317183686622647,0.3846651627240633,8.358506397207774,5.621582677801319,-12.530194110967088,11.410874940835772,-0.04206989657127007,12.530194110967088,0.006736795225176468,12.54893276819907,6.220979882492631,-5.975606134301258,7.2686546719076786,-0.04728153591934362,7.2686546719076786,0.34704292488369975,1.9677063973246034,1.3351381375290972,0.26612395980727355,1.3257581143383597,0.8615003768328998,0.014111966893089928,2.962131041928801,1.6895000441342363,0.0008095224450750393,1.4141156558774874,0.9026191089547664,0.0002244770897988931,-0.42500783172581774,0,0,0,0.03214420059123376,0.5993198448303654,650,0.1888,0.19665,1.370459083929612,-0.5086483358927687,1.7701124680247982,0.048909784377522185,0.06853261016148371,1.4572077311997287,0.13827713004843564,0.03351518626124056,4.125805208737555,0.08414185036971013,0.3210014505679432,418,235,30,30,0,0.1871,617,0.574919575761725,0.008199,0.00819861020402124,214.0,382.0,0.0931904,0.1104456,0.0544768,-0.0350008,-0.0894733,0.283916,0.3290014,0.746265,0.5042205,0.3848644,0.4932455,-0.3169049,-0.8101112,565.0,372.0,-0.0881604,0.0622595,-0.0479874,-0.0309143,0.0248548,-0.9018319,0.2723573,-0.3306229,-0.0566502,0.5054072,-0.7707644,-0.4965396,0.3992125,256,6.550039575385685e-10,1.6428402738893836e-10,2.2276295697518904e-10,4.919442511445413e-06,0.0004979176340168004,-2.932518244611425e-11,24.600469425228145,7.380591944995853,9.170434277108269,3.112041099696655,1.1610596799358328,1.4503097734455375,0.030496605691491638,0.0,0.014176385703532392,0.6413498073134103,0.03914844393355439,0.7671414940966077,0.03319603777364708,0.00903880360958264,-0.0013532915199879207,0.6978664187217938,0.49932335424000596,621.491449468045,289.7854578286706,0.6091684291653667,0.6091702869625448,0.6091702876916694,0.761462858703181,1.4897861745619717e-05,1035,0.0876,0.0871,-0.30806,-0.00025,2,0.017,-0.4531,-4.3e-05,12.02,6.0102,2.0,0.39522,0.61379,1.56749,0.17455,0.976,0.9567,0.9803,0.5331,3.2258,1.4888,16.0543,7.2491,8.4228,2.6111,80,0.0672,0.9236,45,0.2332,0.9777,-1.0,0.1588588,0.0533021,0.4975312,0.0372086,-0.0133245,-0.0498726,0.0636341,205.0,177.0,0.0862427,0.0823184,0.023281,0.0269215,-0.0448065,-0.0222563,0.0568132,197.0,175.0
208,1765,139718,1.628469374876326e-11,0.004536313187722666,0.0004662767033276627,0.004536313187722666,0.38419783925394335,8.357712695200846,5.621628784151913,-12.356270823604628,11.6664106050404,-0.04270535769300528,12.356270823604628,0.01712907494371746,12.566177492269986,6.223634912624354,-6.02851676045269,7.323270574590322,-0.0472921770320538,7.323270574590322,0.3502181991403205,1.9652412999463953,1.3364928039595998,0.31163774119784976,1.3039178541535719,0.8594813425499542,0.014111981035205553,2.9762678874388757,1.698398417331564,0.007119767251019815,1.4141125414040614,0.9141603964737774,0.00031614281654256544,-0.4180325673230028,0,0,0,0.030267198114255257,0.5994248884207356,650,0.1867,0.20306,1.3746689498660354,-0.5180805258991737,1.7794810462236847,0.06471948173671536,0.06279556721377412,1.4569659851248216,0.1351752176312273,0.031693325353087984,4.265100494355565,0.08232754119072201,0.3218732640539596,418,235,26,26,0,0.1854,617,0.5750524651503386,-0.001135,-0.0011347880328944626,214.0,382.0,0.0923908,0.0714707,0.0574244,-0.0348502,-0.0244123,-0.8715273,-0.0200764,0.2080089,0.443587,0.3789981,0.8034682,-0.487615,-0.3415706,565.0,372.0,-0.0845523,0.1521467,-0.0256703,-0.1402938,0.0529838,-0.4988341,0.0179801,0.5784617,0.6451537,0.5139919,-0.1687206,-0.922096,0.3482418,256,3.3588795888093865e-10,1.0616324726438562e-10,1.363775797331558e-10,5.870845329663176e-06,0.0005191064201104662,-9.46446311114449e-12,31.35726216349962,7.516754067358237,9.47276590320472,3.131058853596068,1.3004074472329643,1.6027032660305023,-0.11115288277570713,0.0,0.031224339204127056,2.1662395377949752,0.04537894401801148,0.457421089769909,0.07000388020668313,0.0023292224834164437,0.0012117312434952023,0.705980291008655,0.5006058656217476,621.4914443638436,289.7854554487129,0.6091683348310499,0.6091702869638587,0.609170287691721,0.7614628587048233,1.56540402647141e-05,1035,0.0974,0.0971,-0.29254,0.003288,2,0.0186,-0.3833,-1.8e-05,12.02,6.0102,2.0,0.39657,0.61663,1.56757,0.17462,0.976,0.9567,0.9802,0.5331,3.1018,1.5302,16.0551,7.2494,8.4232,2.7156,80,0.1426,0.8736,45,0.249,0.9513,-1.0,0.1229908,0.1417963,-0.0710211,0.0146139,0.0714847,-0.0829162,0.1104479,205.0,177.0,0.1683626,0.1548253,0.0418867,-0.0024042,-0.011251,-0.0519089,0.0531686,197.0,175.0
209,1770,139725,0.0,0.004771005465932795,0.0004950568519602313,0.004771005465932795,0.37836041360133293,8.335688602203335,5.631223927351318,-10.298067508974484,10.780945328369196,-0.04617534196483796,10.780945328369196,0.0010004939972532156,12.56617067978562,6.1983035275515785,-6.046171762720088,7.3404427329568005,-0.046875395871738515,7.3404427329568005,0.35189447389536116,1.9626001492252094,1.3377019755105197,0.26764190231107643,1.3623137535698333,0.8597144089509093,0.0,2.9904040226747224,1.7027339345767283,0.0025515878088936406,1.414138402168927,0.9199671846979683,1.9318460069933247e-07,-0.41107859667051416,0,0,0,0.028203433316445654,0.6002526695326057,655,0.1759,0.19982,1.3751869195289552,-0.5258197431678123,1.7879976800848874,0.06996502554758956,0.050975653785536736,1.4644751804458362,0.13095527298286852,0.029686945420642805,4.411207388544893,0.07981661769292578,0.3222141602330386,418,240,31,31,0,0.1743,622,0.57614403666384,-0.003543,-0.003542627395299869,214.0,382.0,0.0859056,0.0768378,-0.0500756,0.0184298,0.0552886,0.2279787,-0.7948726,0.5555222,-0.0871689,0.3731964,-0.6517053,0.2398531,0.719549,565.0,372.0,-0.0805558,0.0648306,-0.0036737,0.0571238,0.0304365,0.6647117,0.4401357,-0.2378958,0.5548374,0.5243777,-0.0566654,0.8811238,0.4694783,256,6.139107087802839e-10,1.2721362891405822e-10,1.7544484016435525e-10,4.364755295936197e-06,0.0005405698634367573,-1.415606906453049e-11,20.2700251468192,5.840749595651484,7.087760471072506,3.1259413965001457,0.986970039358675,1.335770971074274,0.01352151342634711,0.0,0.015142078471408221,2.064775232010131,0.02625399685838213,0.9552543284986836,0.05360462218208553,-0.0020139105134229997,0.0013213945463627147,0.7218271431121418,0.5006606972731813,621.4915132983085,289.7854875910787,0.6091682337970444,0.6091702869460147,0.609170287691728,0.7614628586825184,1.6463921315015067e-05,1035,0.0975,0.0968,-0.28192,0.003576,2,0.0175,-0.368,-0.000152,12.019,6.0093,2.0,0.39761,0.61782,1.57134,0.17258,0.9765,0.9577,0.9808,0.5333,3.1195,1.5389,14.9985,8.1107,8.5405,2.7378,80,0.1655,0.582,45,0.2425,0.2784,2.0,0.0500539,0.2059284,-0.6089268,0.0640344,0.0166291,-0.0944084,0.1152817,205.0,177.0,0.1200672,0.0413409,0.4877474,0.0065018,0.0183262,0.0501016,0.0537428,197.0,175.0
210,1771,139726,0.0,0.005012854723064976,0.000520837569199039,0.005012854723064976,0.3767381741610381,8.33039794973571,5.633449152900656,-12.409022106441038,11.281427435359209,-0.045506322841955486,12.409022106441038,0.00743850162216475,12.563747702561892,6.145555919769818,-6.075476819037004,7.442345807009702,-0.04689256188167869,7.442345807009702,0.3546831351870994,1.959902916996794,1.3390561224090294,0.2447915213779147,1.2892545257684427,0.8722415296186502,0.0,3.0045096397510767,1.710968348935667,0.0006850733728935854,1.414133845829976,0.915152382734658,2.873334806781278e-05,-0.4042259707777673,0,0,0,0.0256292195972651,0.6006031885944666,656,0.1795,0.19912,1.3733852223193155,-0.5365507135301859,1.7949556215692746,0.1093946990510094,0.054721516451870414,1.4642612270359128,0.1252420686672351,0.02722837556589744,4.599689333802796,0.07627631097724065,0.32844323147088733,421,238,32,32,0,0.1784,623,0.5765776545575632,0.003353,0.003352878176395624,214.0,382.0,0.0810964,0.1250133,0.0861309,-0.0349762,0.083585,-0.6925748,0.5378561,-0.3914104,0.2790142,0.3670442,0.6889741,-0.27978,0.6686089,565.0,372.0,-0.0749601,0.070506,-0.0336937,-0.0387709,-0.0482974,0.3594743,0.0660982,-0.1416098,-0.919976,0.532859,-0.4778838,-0.549896,-0.685012,256,7.365033038797415e-10,1.4360628919398213e-10,1.910218914944719e-10,6.860618365919299e-06,0.000559672126461344,2.368340473797994e-11,21.856390309713873,5.724752211021956,6.9487471236086575,3.138428349201121,1.1441140361317335,1.4444917506526085,0.0017869787034446652,0.0,0.021095869620128733,1.7847992816194869,0.03315601842559508,1.798010729657078,0.03348200520057574,-0.00042298773853334114,0.0022082640939748753,0.7186803506568512,0.5011041320469874,621.4917689018929,289.78560677244764,0.6091681296830532,0.6091702868779559,0.609170287691728,0.7614628585974449,1.729849449355602e-05,1035,0.1016,0.1011,-0.27415,0.002447,2,0.0187,-0.333,-3.6e-05,12.017,6.0083,2.0,0.39904,0.61791,1.57229,0.17499,0.9764,0.9581,0.9813,0.5336,3.1234,1.5409,14.6923,8.3527,8.5649,2.7422,80,0.0867,0.3551,45,0.1941,-0.7309,0.0,0.1111463,0.1784952,-0.2325249,0.0299381,0.0371699,-0.0525759,0.0710079,205.0,177.0,0.0653741,0.0860065,-0.1362952,0.0316013,-0.007162,0.0090183,0.0336343,197.0,175.0
211,1773,139729,0.0,0.005277583896246019,0.0005505950717187733,0.005277583896246019,0.3745816765645857,8.3213618090886,5.636957811304098,-11.903489330257868,10.836945742594203,-0.042651680017842274,11.903489330257868,0.017657627688954312,12.520959722057565,6.16716499379492,-6.116041799607454,7.5190373227176055,-0.047486980016669,7.5190373227176055,0.35787852571907014,1.9572281896327188,1.3400796313284804,0.28237950454610805,1.3824844879344762,0.8698820629152395,0.0,3.0186475775409694,1.718249563196552,2.137921696954148e-05,1.4141271482689406,0.9060478269499488,3.2356282964968332e-06,-0.3974601563424521,0,0,0,0.02323720529876677,0.5993702263242537,658,0.1712,0.19554,1.377471811457789,-0.5452428773266111,1.798057477955269,0.07146977147126324,0.059408210831372786,1.4540060907507792,0.11748177577142276,0.024906412050795745,4.716928939094994,0.07147421650595483,0.32441238966266844,423,238,31,31,0,0.1693,626,0.5760522467420787,0.018113,0.018112904621609305,214.0,382.0,0.0697837,0.0767097,0.039437,0.0216182,-0.062143,0.3013875,-0.681638,-0.6650174,0.0478226,0.3636642,0.5141076,0.2818178,-0.8101062,565.0,372.0,-0.0706919,0.0390902,-0.0363756,0.0124245,0.0071053,0.5678707,-0.6586641,0.4529679,-0.1962261,0.5425387,-0.9305571,0.3178427,0.1817675,256,1.3555924704851713e-09,1.8526448999992264e-10,2.7320607685738156e-10,6.949724807902651e-06,0.0005814794221481843,1.712053639251896e-11,28.642175017998255,8.38013049883533,10.39625262036003,3.126641281165111,1.2652438668136115,1.5859108551153072,0.1542385957508275,0.0,0.013120540121444568,1.3697944676639775,0.02750517483448924,1.5825415221932868,0.02464547887532325,-0.003744528914384841,-0.001361645178204819,0.70688413560669,0.4993191774108977,621.4918015666294,289.78562200317305,0.6091680157183512,0.6091702868690456,0.609170287691728,0.761462858586307,1.8212028118455895e-05,1035,0.1107,0.1101,-0.26009,0.003049,2,0.0194,-0.2798,-0.000128,12.013,6.0067,2.0,0.40049,0.61967,1.57304,0.17161,0.9766,0.9584,0.9813,0.5336,3.0052,1.5861,14.0241,8.8724,8.612,2.8657,80,0.0109,-0.5303,45,0.2256,-0.9717,-1.0,0.0973237,0.0584022,0.2499362,-0.0018746,0.0162468,-0.0272735,0.0318012,205.0,177.0,0.0600949,0.1028065,-0.2621928,0.038302,-0.035877,-0.0577524,0.0780355,197.0,175.0
212,1773,139729,2.5739380729827636e-11,0.005564994928729054,0.0005807548662859824,0.005564994928729054,0.37414563870938244,8.320543601635157,5.637012951211943,-12.399350309730288,11.781498333257858,-0.0394042272625101,12.399350309730288,0.004882664396404463,12.55122799014274,6.185021585047373,-6.184964195376899,7.612271092017455,-0.04697670491444149,7.612271092017455,0.3600998726192423,1.9544455428735057,1.3410404104445581,0.32549977608074365,1.3085704980762665,0.8744906457525049,0.014139987330782849,3.032789165132908,1.7275212240715103,0.003273532292635273,1.414144650409938,0.9182377047939457,3.652451623664329e-05,-0.39072965410079447,0,0,0,0.020399042835546003,0.5994115369681206,658,0.1582,0.20085,1.3857365244997284,-0.5529074134122847,1.8011169372911708,0.09394355591174529,0.06465193634801378,1.4567211051652575,0.10850915274180974,0.022146717536162194,4.899559158806759,0.0659233452954952,0.34112775552980756,407,254,28,29,-1,0.1569,626,0.5761146503922168,0.019664,0.019664220627479967,214.0,382.0,0.0618148,0.086047,0.061594,-0.0059295,0.0597922,0.7147043,0.1246299,-0.4958352,-0.4772972,0.3590299,0.7158182,-0.06891,0.6948782,565.0,372.0,-0.0634447,0.0864465,-0.0221335,0.00128,-0.0835551,0.6864157,-0.7241333,0.0303159,0.0595429,0.5518532,-0.2560369,0.0148072,-0.9665536,256,1.048557124542483e-09,1.7862883892231566e-10,2.6504915801315524e-10,6.333955621375916e-06,0.000603702674412659,2.5573590486181744e-11,23.920880844878994,7.60947240032875,9.390293366272754,3.131092817070763,1.2301604158857082,1.5424651938452563,0.0973603080424343,0.0,0.02281582268465236,2.45219041096943,0.02513678224420117,0.8831864843839884,0.045194251868073326,-0.000786807425838969,0.0020382707971776243,0.7092482252696974,0.5010191353985889,621.4917286152512,289.7855879878241,0.6091678919879865,0.6091702868888771,0.609170287691717,0.7614628586110963,1.920383607539129e-05,1035,0.1199,0.1171,-0.24119,0.002049,2,0.0195,-0.2655,-0.000123,12.013,6.0064,2.0,0.40214,0.621,1.57224,0.17304,0.9766,0.9584,0.9813,0.5336,3.0053,1.5861,13.9997,8.8907,8.6124,2.8657,80,0.0424,-0.4951,45,0.2324,-0.6787,-1.0,0.1279821,0.0598003,0.3630895,0.0520165,0.0231225,0.0127615,0.0583372,205.0,177.0,0.0366206,0.1418791,-0.5896844,0.0297829,0.0190277,0.0569961,0.0670643,197.0,175.0
213,1773,139729,8.370356428024304e-11,0.005786368623661595,0.0006039472904323175,0.005786368623661595,0.37371575882653746,8.319698809099744,5.637068180067462,-11.69343527934172,11.61061169308265,-0.037928069251740824,11.69343527934172,0.005728932088320704,12.557031504664684,6.148816078672479,-6.255599799649785,7.655280135551208,-0.047250352507802414,7.655280135551208,0.3622791157292532,1.9516268408260076,1.3422673699142353,0.27329294928526804,1.3393771601282074,0.8657340277165596,0.014140001472898473,3.0469262185913757,1.736313124292549,0.0032280761060462515,1.4141478783602859,0.9085918373366851,7.514857703471033e-05,-0.38401196881301586,0,0,0,0.01735367141833918,0.5998043544732936,658,0.1507,0.20364,1.3921643922051727,-0.5717497530911984,1.8079171710469035,0.033962815523734896,0.06459351420541598,1.4455131681760067,0.10028793115940578,0.019252313552363676,5.209136599953883,0.06087125312936748,0.35117545965585145,406,255,28,29,-1,0.1502,626,0.5765412489026,0.040639,0.040638642562931926,214.0,382.0,0.0581203,0.0366967,-0.0135974,0.0335565,0.0059767,0.7692236,-0.6035209,0.0322238,0.2074108,0.3491159,-0.3705338,0.9144283,0.1628666,565.0,372.0,-0.0586074,0.0890275,0.0083045,0.0846978,-0.0261384,0.2995444,-0.5597422,0.295717,-0.713802,0.5582929,0.09328,0.9513666,-0.2935991,256,1.01267316373171e-09,1.2884345142218283e-10,2.0059376094802937e-10,7.422994250494805e-06,0.0006231068635613504,-1.614684074961299e-11,25.376374424374376,7.99809455802002,9.826400009356178,3.10563439122086,1.2624801650153552,1.5303022378080577,-0.2733889180714599,0.0,0.028761057234443544,2.7830707399611505,0.014289950523356652,2.04024430127291,0.03655376988824507,0.0010306824085015126,-0.0029094811874036492,0.7162933870088113,0.4985452594062982,621.4917402827392,289.7855934280733,0.6091677966869544,0.6091702868857207,0.609170287691692,0.7614628586071509,1.9967758076620223e-05,1035,0.1238,0.1202,-0.23529,0.008751,2,0.0194,-0.1989,0.000193,12.01,6.0048,2.0,0.40335,0.6213,1.57235,0.17417,0.9766,0.9584,0.9813,0.5336,3.0055,1.5862,13.9253,8.9448,8.6128,2.8657,80,0.0325,0.2336,45,0.1843,0.1319,1.0,0.0883862,0.149374,-0.25651,-0.0421623,-0.089385,-0.0561824,0.1136829,205.0,177.0,0.1147493,0.0761848,0.2019781,-0.0075255,0.0058899,-0.0327044,0.034072,197.0,175.0
214,1773,139729,1.645797902919247e-10,0.006010693778209135,0.000629172268495649,0.006010693778209135,0.37329616077490657,8.318826503313794,5.637126078421347,-12.551173395950176,11.30731148651813,-0.03645882527190742,12.551173395950176,0.006127147630229146,12.561346557195122,6.162234873613058,-6.258054532790393,7.665141889515867,-0.04711884977357792,7.665141889515867,0.3644320130651781,1.948781909453448,1.3433126646725502,0.25695869496927104,1.3362819395220598,0.870101591922195,0.028281964695790307,3.061065459891017,1.7455214089006288,0.00082211005270727,1.4141548304979716,0.9202280259866755,0.0001241648279132052,-0.37724602676765884,0,0,0,0.014281844072115728,0.5999711113501539,658,0.134,0.20536,1.3987721850527797,-0.5939676279418421,1.8073486677133836,0.02304849106493676,0.06843630315191826,1.4421704977265588,0.0896151283858884,0.016197930888294992,5.53250467630075,0.054394060881547544,0.38056409325911256,388,273,44,43,1,0.1354,627,0.5774173232628085,0.052169,0.05216852740246747,214.0,382.0,0.0420455,0.0435369,0.0078971,-0.0422809,0.0067392,-0.8090791,0.4541427,0.283929,0.2419291,0.3416994,0.1813891,-0.9711526,0.1547923,565.0,372.0,-0.0524339,0.0972667,-0.0717829,-0.0645145,-0.0120791,0.2946939,-0.3990521,-0.5656098,-0.6587855,0.5653923,-0.7380012,-0.6632738,-0.1241858,256,1.4702342468905504e-09,4.005512203996204e-10,5.250506239818261e-10,8.06525233707564e-06,0.000642195938187757,-7.681654705182664e-11,22.70644460409831,6.422787786154558,7.649396658237075,3.136606884033448,1.0701685044105351,1.4023533606318601,-0.0030064732795400204,0.0,0.015169785214560735,1.3734943328194975,0.03363664901685963,2.9299727775481568,0.06774625928343053,-0.001609938583033146,0.001219283140126185,0.7082596999357762,0.500609641570063,621.4920203470864,289.785724014866,0.6091677001182269,0.6091702868081016,0.6091702876916572,0.761462858510127,2.0741856068454176e-05,1035,0.1314,0.1272,-0.21313,0.004709,2,0.0186,-0.1526,2.2e-05,12.008,6.0041,2.0,0.40476,0.62233,1.57098,0.17312,0.9767,0.9583,0.9812,0.5336,3.0056,1.5863,13.9009,8.9631,8.6133,2.8658,80,0.0899,0.0819,45,0.1331,0.9693,3.0,0.2011697,0.1642559,0.1010158,0.1285767,-0.1013955,-0.0751195,0.1801553,205.0,177.0,0.0556357,0.1531427,-0.4670358,0.0380868,0.052503,-0.0266447,0.0701221,197.0,175.0
215,1774,139730,0.0,0.006255007945823726,0.0006545226852334796,0.006255007945823726,0.3719297465372279,8.31408530679705,5.638653668529768,-10.364628376936613,10.950037703256871,-0.03399206941386801,10.950037703256871,0.003968502863991849,12.560939656835066,6.19175915744755,-6.246107450744102,7.698867012610516,-0.04816327172134529,7.698867012610516,0.3666579027497243,1.9469781992212214,1.344458996817431,0.3082748846023714,1.297729682315031,0.8704393170703034,0.0,3.075204965888484,1.753808694822853,0.00042070642294134153,1.4141531414641182,0.9144243369157147,0.0001915367139030849,-0.3705040673355053,0,0,0,0.012142526275003613,0.6008063237164275,659,0.1223,0.19928,1.4122878425375727,-0.6176541650895677,1.8072225353046776,0.09082826727603284,0.0700960643704257,1.4354248460887875,0.08161349967875431,0.014100298325957272,5.788069003370788,0.04962999520642935,0.40461300485970936,378,284,42,41,1,0.1243,628,0.5783402566935858,0.051425,0.051425451620860096,214.0,382.0,0.008347,0.0678753,-0.0164855,-0.0038415,0.0657307,-0.3644349,0.2401676,-0.6672595,-0.603549,0.3363893,-0.2428789,-0.0565958,0.9684042,565.0,372.0,-0.0461065,0.0675705,-0.0482277,0.0473066,0.0013932,0.2840604,0.1581786,0.4902336,0.8086781,0.5725405,-0.7137396,0.7001076,0.020618,256,2.196951241975604e-09,5.927122572836705e-10,7.520040622912385e-10,6.8937323520713754e-06,0.0006621037252176212,5.4402443654896206e-11,14.72848478089,5.889680985719285,6.966373490428553,3.1384925602131646,1.036936624188563,1.3585549850046,0.025111244017439586,0.0,0.028348841901896835,2.481940655296931,0.013938814944524496,2.2432754906394288,0.07319415055851777,-0.0019772825048066127,0.002348256609627134,0.7153637471212041,0.5011741283048136,621.4923782394351,289.7858908908515,0.6091675949430654,0.6091702867037198,0.609170287691728,0.7614628583796497,2.1584929226867326e-05,1035,0.1366,0.1327,-0.20022,0.003258,2,0.0178,-0.1446,-3.7e-05,12.004,6.0019,2.0,0.4058,0.6239,1.57011,0.17277,0.9767,0.9586,0.9815,0.5338,3.0089,1.588,13.6154,9.188,8.6367,2.8704,80,0.2039,0.0315,45,0.2395,0.6687,-0.0,0.0993445,0.0386643,0.4396832,-0.0116894,0.0097865,0.0302151,0.0338433,205.0,177.0,0.0960589,0.0728801,0.1372021,0.0258607,0.0394988,0.017596,0.050384,197.0,175.0
216,1776,139733,0.0,0.006455161742013863,0.0006738900368624322,0.006455161742013863,0.36963252423240145,8.304884696893287,5.642245355257607,-12.144158914554946,10.976602682899694,-0.030685871945128607,12.144158914554946,0.006603783833478261,12.550804021195114,6.187257951867632,-6.296416283800864,7.686123126102172,-0.04815683718843273,7.686123126102172,0.3689731494018731,1.946198766526008,1.3457423961529726,0.29760690967683745,1.3534934792896869,0.8695925930197062,0.0,3.089336692073901,1.7607173752902343,0.0001491192772650196,1.4141419653815852,0.9147632455755053,1.216309809431207e-06,-0.36376020347503857,0,0,0,0.01066052962011968,0.6005505391614543,661,0.12,0.17528,1.4167108840958358,-0.6473188121772313,1.8004995293703496,0.06115224410743472,0.06607123025352817,1.421891741655099,0.0775627111718775,0.012826215861864986,6.047201451091091,0.04723411171992618,0.422378333442181,367,297,40,40,0,0.1203,630,0.5781367127163062,0.03141,0.03140968759220497,214.0,382.0,-0.021378,0.0794622,-0.0532825,-0.0053863,0.0587044,0.0159432,0.0338608,0.6449651,0.763295,0.3307442,-0.6705385,-0.067784,0.7387716,565.0,372.0,-0.0419301,0.0693139,-0.0259379,0.0275343,-0.0580818,-0.0454966,0.2371126,0.8602447,0.4490955,0.5776294,-0.3742099,0.3972411,-0.8379537,256,2.182273188622959e-09,3.5870572605810765e-10,4.734958721945656e-10,7.259359548815568e-06,0.0006803251445612398,-5.6485217157546973e-11,28.0736505093167,8.85025836015048,11.163572655060879,3.099331204799461,0.9486881611762246,1.2678760221968037,-0.06481107964450034,0.0,0.016015549696462957,0.4204863855160738,0.02820378289522675,2.7185056764278563,0.06690349458421316,-0.0029278716136250677,0.000565171835713118,0.7211127301303654,0.5002825859178566,621.4921332335157,289.7857766509008,0.6091675087772895,0.60917028677581,0.609170287691728,0.7614628584697625,2.2275633457988066e-05,1035,0.1387,0.1354,-0.19748,-0.004447,2,0.0183,-0.0539,6.1e-05,11.997,5.9985,2.0,0.40744,0.62614,1.57097,0.17176,0.9769,0.9589,0.9816,0.5338,3.0159,1.5917,13.119,9.5861,8.6845,2.8796,80,0.2009,-0.0112,45,0.2783,0.4048,-1.0,0.0889484,0.0847675,0.0240674,-0.0039403,0.0347395,-4.35e-05,0.0349623,205.0,177.0,0.0478452,0.0954654,-0.3322865,-0.0028831,-0.0008842,0.0344103,0.0345422,197.0,175.0
217,1778,139736,0.0,0.006685717312813959,0.0006998105676343086,0.006685717312813959,0.37030945796611237,8.308828184488906,5.639898666669292,-12.507855977832138,11.62976845142353,-0.03066334308331888,12.507855977832138,0.013575416715315924,12.558005070380998,6.126600738569478,-6.288464052769087,7.749558597885436,-0.04758602696543858,7.749558597885436,0.3711829244983911,1.945019701396003,1.3469542867429993,0.2647117940611998,1.3214388904391265,0.8707508967280001,0.0,3.103476172565641,1.768031831392095,0.00029291338902592834,1.4141573582755458,0.9230688789185416,1.3232942082259224e-08,-0.35685705011325597,0,0,0,0.009489374711148149,0.6015569826826646,661,0.1073,0.11683,1.431556979650898,-0.6771496792957704,1.8073026339731242,0.008739430949234748,0.06138173686064352,1.425041327996968,0.07321004334920883,0.011980389034475191,6.110823541584253,0.044553506292705616,0.44300642605771595,348,316,43,43,0,0.1084,629,0.5784976516247038,0.013402,0.013402481937174082,214.0,382.0,-0.0855132,0.0490899,0.0374406,0.0307306,0.0079783,-0.6698789,0.2287686,-0.5541827,0.4379597,0.3258185,0.7626939,0.626006,0.1625252,565.0,372.0,-0.0370181,0.028007,-0.0157254,0.0230444,0.0024629,-0.8822079,0.3618333,-0.0988916,-0.284616,0.5837555,-0.5614785,0.8228054,0.0879389,256,1.0106913314266151e-09,2.2490302608336403e-10,3.277913928549971e-10,8.577644632994768e-06,0.0007018247537127157,-4.000484004321328e-11,24.146111248671215,7.198771654657582,9.124068197140732,3.1252946542623468,1.1989338759786414,1.539787362535315,0.13070960308632223,0.0,0.019079193723430716,1.5342097653403737,0.022806560478434715,0.7967723342189339,0.053468306340214204,0.0035917591362349117,-0.0009976641780138195,0.7052431333629444,0.4995011679109931,621.4918557430142,289.7856472642261,0.6091674095227132,0.6091702868541469,0.609170287691728,0.7614628585676836,2.3071250684537635e-05,1037,0.1432,0.1403,-0.19126,0.000843,2,0.0185,0.1104,0.000271,11.989,5.9945,2.0,0.40856,0.62848,1.57092,0.17206,0.9768,0.9587,0.9815,0.5337,3.0128,1.5901,13.4573,9.3613,8.6758,2.8796,80,0.1143,0.0642,45,0.2234,0.1514,-1.0,0.1284708,0.0878907,0.1875571,-0.0359351,0.0672744,0.056794,0.0950933,205.0,177.0,0.0769995,0.0796526,-0.0169364,0.0042858,-0.003635,-0.0731064,0.0733221,197.0,175.0
218,1781,139740,0.0,0.006974539782192177,0.0007205229940107975,0.006974539782192177,0.36974447023624474,8.30924201474885,5.6393336426428995,-12.804125198967004,11.025373393480278,-0.029386870703680897,12.804125198967004,0.001564172094884242,12.563849261041835,6.149515385841894,-6.305483672783425,7.80881832235133,-0.04715399910698949,7.80881832235133,0.3735234472945526,1.943900203186555,1.3480575664239858,0.3330274276188589,1.2768145978083436,0.871567077424853,0.0,3.117615353602098,1.7743539638309267,0.0002555275193510953,1.4141547539804111,0.9021919649605773,1.1070758116976392e-06,-0.349897499566359,0,0,0,0.008209595163361005,0.6022392920511147,662,0.0847,0.03417,1.4325272588544729,-0.7060672243155579,1.80965526423392,0.06390305292517476,0.05964087909645353,1.4239358450186486,0.06371609083185722,0.010707997288364067,5.950327509056697,0.038770593316628986,0.4545261191422766,333,332,49,49,0,0.088,630,0.5792465519530792,0.046162,0.04616178872054655,214.0,382.0,-0.1735887,0.0913184,-0.026268,0.0670543,-0.0561495,0.1602341,-0.0922406,0.5094826,0.8403833,0.3256367,-0.2876532,0.7342909,-0.614876,823.0,373.0,-0.0217312,0.0774513,-0.0020007,0.0668176,0.0391165,0.0331203,-0.5783263,-0.814691,0.0268382,0.5913593,-0.0258313,0.8627053,0.5050468,256,1.3828937164853484e-09,2.504678042946904e-10,3.3254806940002986e-10,7.988481899748434e-06,0.000717559094662971,-1.1345037252649949e-12,20.91058606356687,4.950512080944603,6.039715287560987,3.089910870803658,0.9745712874633831,1.2813874325171646,-0.025001387035175085,0.0,0.015997464069683755,1.748619386903641,0.004809071633675564,0.9837512983806417,0.04682709915085236,-0.0006834101249612289,8.742551125578518e-05,0.7103599239873589,0.500043712755628,621.4919933635919,289.78571143315736,0.6091672851863779,0.609170286815739,0.609170287691728,0.7614628585196738,2.4067921595233448e-05,1039,0.1417,0.1384,-0.19309,0.004096,2,0.0167,0.2261,8.6e-05,11.984,5.992,2.0,0.41007,0.6298,1.5722,0.17101,0.9766,0.9588,0.9818,0.534,3.0127,1.59,13.5821,9.307,8.6893,2.8842,80,0.0464,0.1146,46,0.0647,-0.0941,-2.0,0.0837321,0.1018355,-0.0975573,0.0067837,-0.0046001,0.033609,0.034594,205.0,177.0,0.1067973,0.1070117,-0.0010026,-0.020176,0.0324288,-0.0630681,0.0737311,198.0,175.0
219,1783,139742,0.0,0.007204955972493539,0.0007327731865652877,0.007204955972493539,0.3682605740618977,8.30038274967898,5.642452793513616,-12.222459212719633,12.003654301066295,-0.026383482560569386,12.222459212719633,0.0026666239269363956,12.551287075430908,6.128883040707868,-6.360011815984998,7.84189309961972,-0.046937649428292545,7.84189309961972,0.3758308982684493,1.9428700906338334,1.3491384474508326,0.24339232811015288,1.3291923068984117,0.8740965579061929,0.0,3.1317547261901564,1.7811240429257529,0.000832801283197182,1.414152099282957,0.8965369428055878,9.239971236029651e-06,-0.3430640167460971,0,0,0,0.007146510228403157,0.6027226908095448,664,0.0497,-0.14484,1.4338406432340471,-0.7498129798625391,1.806732202332513,0.06110398370868494,0.05801291326765946,1.4142102360033184,0.0512743158608699,0.009264327384883602,5.534596709582291,0.031163124238498537,0.4702635648944191,315,352,52,52,0,0.0542,631,0.5791814459227155,0.071479,0.0714793448069937,229.0,372.0,-0.4424594,0.1296912,-0.1208835,0.0373925,-0.0284391,0.2003242,-0.5635587,0.344878,0.7234162,0.3484043,-0.9320873,0.2883194,-0.2192834,823.0,373.0,-0.0163735,0.086195,0.0060898,0.0253832,-0.0821474,0.2643769,-0.5843282,0.0704233,-0.7640065,0.5955151,0.0706508,0.2944853,-0.9530409,256,2.5325020966857325e-09,7.261178981424406e-10,1.0374158838737654e-09,8.63759780348488e-06,0.0007280874759493706,-1.2961127107617035e-10,19.517093215916233,5.073763068320171,6.17938262741879,3.1391435095329667,1.061911974456017,1.4044720581285215,-0.06146792953289139,0.0,0.014859649757630142,2.7207608209638114,0.01844462359595632,1.518500681615557,0.09299584203771241,2.671809671666752e-05,0.002748893501971914,0.7172308430922532,0.501374446750986,621.4923012518095,289.7858549935043,0.6091671859930056,0.6091702867266688,0.609170287691728,0.761462858408336,2.48630354047303e-05,1039,0.1506,0.1477,-0.17625,0.000291,2,0.0144,0.3434,0.000256,11.98,5.9901,2.0,0.41204,0.63161,1.57205,0.17087,0.9771,0.9589,0.9813,0.5334,3.0192,1.5935,12.9576,9.7946,8.7363,2.8936,80,0.1495,-0.119,46,0.0627,-0.5081,-1.0,0.1276251,0.1352507,-0.0290083,0.0684851,0.004857,0.0053612,0.0688662,185.0,187.0,0.1610128,0.0416598,0.5888954,-0.0224781,-0.0047962,-0.0740278,0.0775138,198.0,175.0
220,1783,139742,2.368184382584055e-11,0.007399454087305035,0.00073863369263599,0.007399454087305035,0.36791016204052807,8.29935948029131,5.642521305365271,-12.540218798326567,11.918025758766797,-0.02864810516471482,12.540218798326567,0.0029475484365576697,12.565531440694949,6.152143046029835,-6.430231939894346,7.920869273324963,-0.04765264598240423,7.920869273324963,0.37818713843169843,1.9419140986546932,1.3503144076516056,0.28284453977545854,1.3032084538722923,0.8628050769142961,0.014059708137964186,3.145893591904593,1.7896683551530603,0.002968537518076797,1.4141308966454675,0.8984256974071665,2.6643031158504744e-05,-0.3363582765185364,0,0,0,0.006919770260243242,0.6047913509235201,664,-0.002,-0.47786,1.447510271626324,-0.8460584812726493,1.789788012461455,0.05818098146401726,0.055597459839781684,1.3985464077565346,0.03698630467405962,0.007854157097394357,4.709137367054951,0.022424468824237227,0.4563930483954836,308,359,66,66,0,0.0045,629,0.5799517908357222,0.153025,0.1530253096586931,229.0,372.0,-0.7225623,0.1267006,0.0260597,0.0669887,0.1043381,-0.5632557,-0.4657998,-0.0212547,-0.682145,0.4194489,0.2056792,0.5287166,0.8235016,823.0,373.0,-0.0133738,0.0710291,-0.0030942,0.0231911,-0.0670652,0.6849009,-0.4468937,0.2768035,0.5045559,0.5984786,-0.0435622,0.3265007,-0.9441926,256,2.510102470514183e-09,5.538295691869206e-10,7.662605010351343e-10,8.058771841615911e-06,0.0007330118582491207,1.7099265447584418e-11,18.14384694029379,5.308659229464929,6.333812229093515,3.1050778801076775,1.0939764372290992,1.4554455707016172,0.1633984602476817,0.0,0.0068346756423006754,1.39033869989125,0.030908811379055514,0.5864514622538008,0.058515164827381595,0.0010601303409537859,-0.00047957767716042254,0.7030165415718355,0.4997602111614197,621.4920495444342,289.78573762883735,0.6091671022624701,0.6091702867998045,0.6091702876917178,0.7614628584997555,2.5534224519987888e-05,1039,0.1544,0.1513,-0.16927,0.003118,2,0.0111,0.4839,5.4e-05,11.969,5.9843,2.0,0.4141,0.63006,1.57001,0.17299,0.9772,0.9589,0.9813,0.5334,3.0195,1.5936,12.9838,9.7774,8.7369,2.8935,80,0.1489,-0.1477,46,0.1164,-0.4771,-1.0,0.2048883,0.1187368,0.2662079,0.0087041,-0.0494185,-0.0629379,0.080493,185.0,187.0,0.1584868,0.0211204,0.7648158,-0.004149,0.0433183,-0.0742668,0.086077,198.0,175.0
221,1785,139745,0.0,0.007606305438559885,0.0007519209716914843,0.007606305438559885,0.36625589670436015,8.29045254436528,5.645639087932817,-12.441437833679858,12.04227996284684,-0.031103313173545064,12.441437833679858,0.005788583423311261,12.563690747140399,6.194367545617403,-6.431944145472383,7.92333348961051,-0.048327129963036175,7.92333348961051,0.3801047220567216,1.941051419078513,1.3512287306231037,0.3003086307118882,1.287831304133062,0.8690927456563151,0.0,3.160031580927245,1.7965707880420603,0.0007316693519987538,1.4141204288866611,0.8821488965299651,1.2195817615578353e-06,-0.32946291344841017,0,0,0,0.005721270170179188,0.6069816231187818,666,-0.0232,-0.69307,1.451440567571446,-0.9352152779501564,1.8086038374483737,0.04602995242423638,0.057415970343386094,1.4174586991335625,0.022382115030711115,0.0058019556893043325,3.8576845859012034,0.013472015953957379,0.42835702605444825,315,354,76,76,0,-0.0066,625,0.578022806024431,0.133057,0.13305707104054343,229.0,372.0,-0.844296,0.0615907,-0.0550856,0.0044317,0.027191,-0.8573894,-0.2512972,0.4357253,0.1089794,0.495962,-0.8943818,0.0719539,0.4414791,783.0,374.0,-0.0020287,0.055563,0.0044026,-0.0540646,-0.0120371,0.1064137,0.0305127,-0.6809916,-0.7238754,0.6002035,0.079236,-0.9730309,-0.2166391,256,1.4437500249877483e-09,4.0681280147672566e-10,5.329175890687378e-10,7.84810748797816e-06,0.0007401213889816796,5.7179587825592985e-11,24.690106741064778,7.388361806711384,9.21187636612819,3.1300079236476095,1.0267870655826092,1.3581724976886347,0.01236757939802012,0.0,0.0150652582462717,1.3533834315573734,0.01938704585804566,1.748623102732293,0.045055018760687154,-0.0006276566306798675,-0.0014233726096551896,0.7078726409238881,0.49928831369517246,621.4916876953439,289.7855689079251,0.6091670132103939,0.6091702868999009,0.609170287691728,0.7614628586248762,2.6248047710673513e-05,1039,0.1546,0.151,-0.17093,0.003696,2,0.0069,0.5486,-0.000933,11.951,5.9753,2.0,0.41526,0.62695,1.57051,0.16912,0.9774,0.9592,0.9813,0.5333,3.0261,1.5971,12.5835,10.105,8.7841,2.9028,80,0.0684,0.3552,46,0.0719,-0.284,-2.0,0.1318973,0.0713439,0.2979386,0.0526835,-0.0072336,-0.0473936,0.0712322,185.0,187.0,0.0474185,0.0789941,-0.249782,-0.0302741,0.0153227,0.0037223,0.0341344,199.0,175.0
222,1785,139745,3.7605266699883204e-11,0.007860421343246202,0.000763240505142266,0.007860421343246202,0.36592802126638485,8.289380416093103,5.645706036023862,-12.4416701310654,11.719727593981819,-0.032027675420285555,12.4416701310654,0.014565853609052338,12.546101255480037,6.214823791502934,-6.485288726728576,7.975237336178397,-0.04865609823775744,7.975237336178397,0.3824147374909107,1.940541783249425,1.352380347065942,0.2729929166622339,1.3180448198352936,0.8731185454281808,0.014129358096974623,3.17415927586359,1.805307326305371,0.0021164086180538444,1.4140657520746631,0.8906211319958449,6.569824716796535e-06,-0.3226655102276849,0,0,0,0.003425821927139116,0.6050150576261314,666,-0.0189,-0.71819,1.4266322553058532,-0.8258962736355036,1.9648732202364796,0.11444364082766896,0.05134075862516422,1.5270983166504652,0.014912998782372296,0.0034447432545558826,4.329204727420236,0.009270979740132206,0.42759813165404703,319,350,132,131,1,-0.0054,624,0.5751761852953745,-0.578868,-0.5788677395176499,127.0,373.0,-0.8281063,0.0975783,-0.0519772,-0.0605745,0.0561305,0.1620211,-0.8855969,0.3463751,0.2636127,0.4793155,-0.5326713,-0.620778,0.5752356,823.0,373.0,-0.0081453,0.0605135,-0.0079857,-0.059984,0.000151,-0.4643955,0.0053865,0.3869542,0.7966017,0.6052157,-0.1319652,-0.9912512,0.0024946,256,5.095237707680203e-09,1.5199507648993107e-09,2.4101008774895432e-09,9.360382409432415e-06,0.000745411804373919,3.793646157076681e-10,24.17788511231883,7.823185131398003,9.596874681016534,3.121206029112442,0.7797534499242968,1.1188224040038945,-0.1105603110021311,0.0,0.026624497190076056,0.21838935336385695,0.024970736154460108,1.906204501072536,0.07581723022235193,0.001183117206379079,0.0031481354513019223,0.7058483081933392,0.5015740677256509,621.49153556479,289.7854979733656,0.60916690381305,0.6091702869402017,0.6091702876917119,0.7614628586752521,2.7124964493456672e-05,1039,0.1576,0.1537,-0.16792,0.000184,2,0.003,0.9914,-0.000923,11.95,5.9749,2.0,0.4184,0.6263,1.56895,0.16828,0.9774,0.9592,0.9813,0.5333,3.0263,1.5972,12.5844,10.1057,8.7847,2.9028,80,0.0911,0.9986,46,0.0649,0.851,-1.0,0.2128685,0.1183728,0.2852774,0.0633792,0.0505068,-0.0894099,0.1206731,182.0,191.0,0.0731963,0.08307,-0.0631847,0.0060866,0.0065762,0.0489894,0.0498022,198.0,175.0
223,1787,139747,0.0,0.0080442778592564,0.0007929059622347825,0.0080442778592564,0.3655034801327857,8.286879632586071,5.645991917987528,-12.211958389377232,11.609247615454498,-0.04004292007517652,12.211958389377232,0.028255462465399006,12.558225367631769,6.255544517232444,-6.544146847220189,8.0100894471075,-0.04840232675155011,8.0100894471075,0.3846476940275267,1.9398213698370257,1.3533922338645012,0.3345673461189441,1.3151817683582578,0.8702113806824232,0.0,3.188293607287556,1.8120509991550429,0.0029761517773566615,1.414118914335342,0.8982684752667475,2.762612678428682e-05,-0.3159726439628496,0,0,0,0.0015439059541658372,0.6012894653161034,667,0.0513,-0.43088,1.3427770875096707,-0.44269273944556664,2.004498891142061,0.05006398671495547,0.04228950723069593,1.5592292219196464,0.03233012237284304,0.0023551158101627156,13.727614681763502,0.020598994422811212,0.4466082021362794,369,301,79,79,0,0.0554,637,0.5794854126439759,-0.27261,-0.2726095256249761,127.0,373.0,-0.2319666,0.0509523,-0.0270305,0.0003913,-0.0431896,0.3998723,-0.9117794,0.0586022,0.0729808,0.2971385,-0.5305053,0.0076789,-0.8476468,823.0,373.0,-0.0066154,0.1110836,-0.0308695,-0.1007963,-0.0350248,-0.1457302,-0.1300145,-0.0866609,-0.9769078,0.6084555,-0.2778941,-0.9073918,-0.3153013,256,6.14214127758866e-09,1.8200510203092797e-09,2.60381939566327e-09,1.2015537233953963e-05,0.0007696291834331879,2.2158397789497033e-10,29.041551721525465,6.532078859706134,8.108086630771814,3.1397561559683473,1.041166167477262,1.3535055200385866,-0.22454214002014722,0.0,0.020592641807086136,0.2702252213996541,0.03166354675726955,1.3252285115643867,0.08195739558815061,-0.0019120933650527893,-2.1386743769663295e-05,0.71219546153312,0.49998930662811525,621.4922659920167,289.78583855277094,0.6091668246674727,0.6091702867370845,0.609170287691728,0.7614628584213556,2.7759389138650095e-05,1040,0.1684,0.1648,-0.16789,0.000143,2,0.0087,0.3498,0.002093,12.01,6.0051,2.0,0.42363,0.63064,1.56833,0.16761,0.9775,0.9592,0.9813,0.5339,3.028,1.5981,12.5661,10.1473,8.8035,2.9074,80,0.1785,0.9995,45,0.1421,0.8748,-1.0,0.1155951,0.1232746,-0.0321493,0.1033351,0.0405355,0.0235772,0.1134776,182.0,191.0,0.1289706,0.1153373,0.055804,0.0325162,-0.0036156,-0.0392013,0.0510599,198.0,175.0
224,1788,139748,0.0,0.008189524107515323,0.0008198182500032038,0.008189524107515323,0.3645638682982013,8.281500711425885,5.64793602344548,-11.811234181699753,11.238592432590508,-0.05066329512263407,11.811234181699753,0.014103645651061817,12.549251854593514,6.267027139940317,-6.5556837413957325,7.985052581571632,-0.04905231580604452,7.985052581571632,0.38703363085476866,1.9392003116180574,1.3545097131905115,0.34075659095450894,1.309922259377163,0.8668193616466564,0.0,3.202410595039824,1.8197555719859533,0.0006467042349808105,1.4140846403984833,0.8922710503211374,5.0390836143228606e-05,-0.3092487190262944,0,0,0,0.006781499515517795,0.6015247247165189,668,0.0682,-0.32812,1.3781135205006125,-0.4349929718169882,1.9576792611348042,0.0858148134432448,0.04066953794410366,1.520247588268125,0.05598342156844753,0.0071011082889263135,7.883758322028379,0.035620348341712724,0.46263709658252994,351,320,66,66,0,0.0714,635,0.5778814728287505,0.009962,0.009961828731026134,127.0,373.0,-0.0968892,0.0789831,0.0644329,-0.0445938,0.0099057,-0.8188194,0.0396266,0.1379183,0.5558265,0.3338071,0.8157808,-0.5645995,0.1254153,823.0,373.0,-0.0037619,0.1031921,-0.0505351,-0.0340078,-0.0832964,-0.6354466,0.2592362,0.2308953,0.6897039,0.611212,-0.4897181,-0.3295584,-0.8071972,256,1.5959560323603363e-08,2.3113399412099594e-09,3.3710974732185657e-09,1.798618181959173e-05,0.0007937783919727258,-5.602267892533779e-10,30.517870406385192,6.124577978327332,7.686901614453263,3.141322598194289,1.2146673797563285,1.591323006142409,-0.15962444835984124,0.0,0.0027779544224690246,2.2858795385333144,0.02554012642577102,0.3202693784791586,0.04649979508945926,-0.0024117893675158807,0.0001581685257925257,0.707653573921089,0.5000790842628963,621.4923209295282,289.7858641687178,0.6091667621396639,0.6091702867208257,0.609170287691728,0.7614628584010321,2.826060591674429e-05,1040,0.1701,0.1663,-0.15648,-0.002195,2,0.0116,0.4466,0.000994,12.023,6.0114,2.0,0.43187,0.64544,1.56844,0.18039,0.9774,0.9595,0.9817,0.5341,3.0316,1.6,12.2275,10.4121,8.8282,2.9121,80,0.2572,0.9906,45,0.2635,1.0,-1.0,0.1780042,0.1853546,-0.0202292,-0.1124203,-0.051144,0.1099878,0.1653824,182.0,191.0,0.1061074,0.1152976,-0.0415087,0.0178946,-0.0348495,0.0100332,0.0404397,198.0,175.0
225,1790,139751,0.0,0.008344947483242032,0.0008521603666219795,0.008344947483242032,0.3627801926993197,8.271399873361911,5.652310329501668,-12.55276827291758,11.184659211679126,-0.056190562259819776,12.55276827291758,0.002442475467031212,12.559134878841293,6.2699537193225465,-6.600900540284373,8.0950731346228,-0.048762602212442815,8.0950731346228,0.3894343291060792,1.9386855953202031,1.3554952220992154,0.31193447429098076,1.3217185642566607,0.8706229344092931,0.0,3.2165480560353417,1.8267113246830153,0.00028331574568107865,1.4141181034884807,0.8848419240729062,1.0328009563970284e-05,-0.30254516177752994,0,0,0,0.014331394076081241,0.6018711177003527,670,0.0842,-0.32937,1.4161649366502593,-0.44493337055228804,1.947955012786386,0.05476200305131482,0.047118204619760636,1.5123615734344815,0.08521085633815206,0.014668291844661258,5.809187411904803,0.053979757011747856,0.4080124512979933,360,313,68,68,0,0.0804,639,0.5797481048400251,-0.009177,-0.00917656549554291,127.0,373.0,-0.1251079,0.0918251,0.0205968,0.0477555,0.0756772,0.9168023,0.1652318,0.2634708,-0.2505099,0.3587105,0.2243048,0.5200701,0.8241447,823.0,373.0,-0.0006048,0.0350761,0.0176752,-0.0254805,0.0163909,0.4933847,-0.5612261,-0.4598441,-0.4797294,0.6139905,0.5039116,-0.7264351,0.4672956,256,6.197603398201613e-09,1.7066983991470939e-09,2.357602138021072e-09,1.729449586121741e-05,0.0008237448486364666,-2.105557593537207e-10,23.841686379790772,5.613314258687129,7.036755385593134,3.1384942587385782,1.1811623436305123,1.5496028598313947,0.06218861799124604,0.0,0.018093289869766428,1.500431793245201,0.03541395878709103,1.4086777098661907,0.03132878088029388,0.005779942417352405,-0.0006283447290778056,0.7064914858188247,0.4996858276354611,621.4923159598294,289.7858618514752,0.6091666952310225,0.6091702867222876,0.609170287691728,0.7614628584028594,2.879694485412505e-05,1040,0.168,0.1643,-0.15344,0.001321,2,0.0143,0.5579,0.000163,12.026,6.013,2.0,0.43506,0.64743,1.56993,0.16374,0.9777,0.9598,0.9818,0.5341,3.1552,1.5566,11.8635,10.6555,8.8485,2.8044,80,0.177,0.9617,45,0.2416,0.9961,1.0,0.0482404,0.1732827,-0.564466,0.0059281,-0.0802021,-0.0706846,0.1070692,182.0,191.0,0.0749136,0.0904346,-0.0938688,-0.0324173,-0.0347115,-0.0584011,0.0752758,198.0,175.0
226,1790,139751,9.813400566591952e-11,0.008509914466102334,0.0008915193938737423,0.008509914466102334,0.36250012836310236,8.270171556278973,5.652380493878416,-11.856740360440925,12.701546749558533,-0.05626515613526611,12.701546749558533,0.013354090514203332,12.56510834632528,6.250316664887512,-6.5964385580950715,8.091517430143986,-0.048794829349573035,8.091517430143986,0.3918377482933703,1.9383742119980274,1.3565533421006404,0.30579844415104385,1.3207076469932968,0.8661947214310993,0.014141867270602099,3.230686428454543,1.8356007467863995,0.0005518881575016232,1.4141329434609013,0.8808260800947361,9.730390909929415e-05,-0.29566592167507927,0,0,0,0.02499707719161856,0.601092689579372,670,0.1081,-0.29803,1.4474171202238852,-0.4523196234838884,1.9503038827031485,0.10159499559447459,0.05094182872990658,1.512919031327156,0.1234547792069646,0.02550317436977625,4.840761287868171,0.0781023419533517,0.3823111822104911,363,310,71,71,0,0.1046,641,0.5803512281923257,0.0009,0.000899663745643986,127.0,373.0,-0.1155057,0.0912674,-0.0300641,-0.0565212,0.065048,-0.7596442,0.5612273,0.2316666,0.2330133,0.3812007,-0.3294069,-0.6192919,0.7127192,823.0,373.0,0.0033345,0.0711968,0.0359384,0.0470865,-0.0395005,-0.6641416,-0.3716873,-0.4135841,0.4997126,0.6172201,0.5047748,0.6613565,-0.5548062,256,3.4297516243148076e-09,1.012406680998383e-09,1.4791240823608964e-09,1.0003595092041939e-05,0.0008602293209791962,1.8419510928598124e-10,27.932563636605877,7.7060087360763285,9.888600943444816,3.129710417041162,1.1456601464836131,1.488723283884735,-0.014507954650173405,0.0,0.02329141743247389,1.2719236970554642,0.02922489190398681,0.9352035736518185,0.042447121595340025,0.0006851780865758403,-0.00016300484177854424,0.7099200358897676,0.4999184975791108,621.4922307226682,289.785822107582,0.6091666242124814,0.6091702867474497,0.6091702876916858,0.761462858434312,2.9366220901390604e-05,1040,0.1719,0.169,-0.14779,0.001341,2,0.0189,0.6007,-0.000246,12.023,6.0115,2.0,0.4374,0.64947,1.57042,0.17106,0.9777,0.9598,0.9817,0.5341,3.1553,1.5566,11.8389,10.6741,8.849,2.8045,80,0.104,0.96,45,0.2254,0.9717,-1.0,0.0720749,0.1384824,-0.3153893,-0.0204592,0.0667591,-0.0275431,0.0750599,182.0,191.0,0.0276727,0.1701672,-0.7202517,-0.0457965,-0.0640702,0.0591286,0.098481,198.0,175.0
227,1791,139752,0.0,0.008838100675938135,0.0009338383131746932,0.008838100675938135,0.3619579656619236,8.264796741190336,5.654203600156322,-12.032202294914565,11.933569116280625,-0.05606007670383678,12.032202294914565,0.0042371134595242665,12.55932549533924,6.245863682814198,-6.697672544443518,8.150462226312106,-0.04937238925365007,8.150462226312106,0.39415173423999533,1.9380258053128376,1.3573349060998474,0.2794009675996435,1.3278049184002418,0.8658026118667752,0.0,3.2448242631440403,1.843426898402647,0.000621265124886694,1.4141457771805603,0.8653910825523494,0.00012762353124483281,-0.2887599952656265,0,0,0,0.037368155704595125,0.6001453880916987,671,0.1256,-0.27661,1.474025391078438,-0.4514714961464486,1.9617402389342298,0.07219122882405289,0.038621579943793616,1.5131857672508435,0.16235089861361918,0.037989264663696655,4.27359939843124,0.10253656659609486,0.36782221264994536,374,300,62,62,0,0.1214,642,0.5794488536480942,-0.0011,-0.0010995306381331726,127.0,373.0,-0.1049241,0.0832255,-0.0360785,0.0256454,-0.0704779,0.5572433,0.7989942,-0.1565511,-0.1630334,0.4000563,-0.4335034,0.3081434,-0.8468308,823.0,373.0,0.006996,0.0660972,-0.017459,0.0573493,-0.0278403,0.6260584,-0.1846352,-0.5344234,0.5369845,0.6206926,-0.2641414,0.8676508,-0.4212023,256,2.7853829637792283e-09,7.886358143672223e-10,1.1991050801008056e-09,1.0189169967859537e-05,0.0008976941179558432,-1.493847038647898e-10,23.782189800958953,5.817103776599417,7.039010711947573,3.1155793780787238,1.0625591075653706,1.3774593709843193,0.01842371531894724,0.0,0.018211068674425956,2.0196849766614515,0.03076256458423068,1.2496413858314663,0.07565516490904449,-0.00068829804854209,0.002004354540321469,0.7004659053510551,0.5010021772701606,621.4920245679266,289.78572598293505,0.6091664829289729,0.6091702868069048,0.609170287691728,0.7614628585086309,3.049874401494363e-05,1040,0.175,0.1719,-0.16541,0.007381,2,0.0223,0.5866,-0.000295,12.024,6.0118,2.0,0.43906,0.652,1.571,0.17365,0.9776,0.9601,0.9821,0.5343,3.1588,1.5583,11.6244,10.8483,8.8728,2.8089,80,0.0898,0.1565,45,0.1762,0.906,-1.0,0.0677525,0.1256777,-0.2994628,0.0627356,0.0037,0.0245877,0.0674833,182.0,191.0,0.1386855,0.0457055,0.5042543,0.0209593,0.0762291,-0.0127588,0.0800809,198.0,175.0
228,1796,139759,0.0,0.008988142573893068,0.0009665240776268244,0.008988142573893068,0.3605638907525989,8.256629545458381,5.6576936275754655,-12.311586620383856,11.829691086419185,-0.05626722323154158,12.311586620383856,0.001277382121499776,12.562448061964007,6.261401029925391,-6.773336344779714,8.121803392965436,-0.048767810401767954,8.121803392965436,0.39600021003969915,1.9377754254092536,1.3578484844375764,0.3115982290816801,1.3160296877064295,0.8654753743092998,0.0,3.258953805402825,1.8470319737133047,0.007180527711182272,1.4141547522643634,0.8992040590271525,1.4028877804552864e-07,-0.2819330640732425,0,0,0,0.04957954903354901,0.5993887275273436,674,0.1439,-0.24661,1.4899857981139875,-0.4384991276985937,1.9714052803395485,0.05915590371456527,0.034396017349011127,1.5093413811000638,0.1992618903174012,0.05017215655050216,3.971563193956566,0.12565645227482558,0.30938857246551194,401,276,50,50,0,0.1413,646,0.5794576313421697,0.006485,0.006485446512266568,127.0,373.0,-0.0956783,0.0830962,0.0764228,0.0164712,0.0281646,-0.158005,-0.0206685,-0.8817943,-0.4438986,0.4114669,0.91969,0.1982188,0.3389391,823.0,373.0,0.0082425,0.0857767,-0.0203592,-0.0474905,0.0684674,0.8623111,0.1264638,0.3928367,-0.293438,0.6221267,-0.2373508,-0.5536534,0.7982058,256,4.7220302233327515e-09,4.984862440604469e-10,7.49286134222245e-10,8.497112495890675e-06,0.0009281178618417638,-6.808363124630812e-11,24.08927442301501,6.169570743397291,7.44257833253401,3.12611573929483,1.1247794550280092,1.458570102235884,0.04919286613952968,0.0,0.02641675467815525,2.216989527486922,0.03228350071802535,1.054791402983653,0.04503628875608435,-0.0025243149480475417,-0.0004571874150846406,0.7088403339060928,0.4997714062924577,621.4924178012335,289.7859093374993,0.609166418338536,0.6091702866918246,0.609170287691728,0.7614628583647807,3.101649281168128e-05,1042,0.1783,0.1753,-0.16503,-0.000768,2,0.0259,0.5459,-0.000377,12.026,6.0132,2.0,0.44101,0.65546,1.57017,0.16938,0.9777,0.9606,0.9825,0.5345,3.1647,1.5613,11.2157,11.2121,8.9315,2.8222,80,0.085,-0.5321,45,0.0947,0.9175,1.0,0.115232,0.0794938,0.183531,-0.0002342,-0.0222448,0.0426947,0.0481427,182.0,191.0,0.0825993,0.0994681,-0.0926516,0.0131807,0.0258269,0.0116246,0.0312393,198.0,175.0
229,1796,139759,9.659028179595978e-11,0.009135872026725956,0.0010095090292974028,0.009135872026725956,0.3603045241991823,8.255358144522813,5.6577653300680035,-12.528467129440546,12.218590490767303,-0.05583485417167988,12.528467129440546,0.00751597303153595,12.544960586027162,6.241437028100877,-6.746999749355473,8.090601290040633,-0.04895413962645282,8.090601290040633,0.39776425192690673,1.9376347551405113,1.3586831961580905,0.291197979010242,1.3594198170931886,0.8748592855803354,0.014141905104752262,3.273093159491062,1.8558960297892926,0.004157838029605232,1.4141644852490454,0.8905323980738379,2.2906778119689342e-05,-0.2751676788122445,0,0,0,0.06623376933181174,0.5991121704745542,674,0.1674,-0.24275,1.5053023280099789,-0.4309418658899907,1.979577797139395,0.07338246402928907,0.033866039625318305,1.5108934990490226,0.2428014210760471,0.06681280878732558,3.634054988601327,0.152929237159289,0.29288648866504186,412,265,50,50,0,0.1662,646,0.5792007106671184,0.012306,0.012306444423458185,127.0,373.0,-0.094181,0.0578428,-0.0397904,0.0404268,-0.0113223,-0.8039345,0.0257266,0.5933246,-0.0315187,0.4286573,-0.6879046,0.6989076,-0.1957431,823.0,373.0,0.0116751,0.0570604,-0.0101526,0.0232872,-0.0510933,0.6363475,-0.4962358,0.011774,0.5904857,0.6250816,-0.1779278,0.4081145,-0.8954241,256,1.164915213325479e-08,3.2716147373994464e-09,5.400656385247454e-09,1.0635816349315902e-05,0.0009644064006624423,-4.647864960821663e-10,36.43668221496157,9.417271287597845,12.198204494178723,3.129324298637563,0.9983788250515019,1.3226626393513203,0.05640996307825663,0.0,0.01983698755584553,1.3740312262576735,0.013872575608027422,1.3661871232822207,0.03702590039715192,-0.0016956699108570737,-0.0002792495792900507,0.7095409854106514,0.49986037521035487,621.4923163705529,289.785862042985,0.6091663547409868,0.6091702867221811,0.6091702876916865,0.7614628584027263,3.152628621119825e-05,1042,0.1803,0.1775,-0.15577,0.00024,2,0.0302,0.4746,-0.000177,12.028,6.0138,2.0,0.44228,0.65767,1.5702,0.17046,0.9777,0.9605,0.9825,0.5345,3.1648,1.5613,11.2161,11.2125,8.9318,2.8222,80,0.0382,-0.9842,45,0.0418,-0.7798,-1.0,0.0841252,0.0734782,0.0675556,-0.0034221,-0.020974,-0.0483521,0.0528161,182.0,191.0,0.0255852,0.1002868,-0.5934729,-0.0112063,-0.0231349,0.036473,0.0446216,198.0,175.0
230,1796,139759,1.8270038262390736e-10,0.00937745154196984,0.0010562808926568633,0.00937745154196984,0.360046444849313,8.25409751538364,5.657835844452044,-12.254951250424362,11.298735635873754,-0.05058783315388356,12.254951250424362,0.00302711318497176,12.551946848409774,6.2438923442759,-6.729814346335326,8.13747164227396,-0.0492078057240489,8.13747164227396,0.40001729914225453,1.9376126424319486,1.3595437898356422,0.23266160333313568,1.3144095147664858,0.8750833820998953,0.014141919246867887,3.2872322317844733,1.864743464767739,0.0005559091116539294,1.414179255498858,0.8867398437727092,4.125992748511637e-05,-0.268622562259298,0,0,0,0.08361445049477396,0.5990314211544732,674,0.177,-0.23873,1.5231884479655464,-0.42361230654513005,1.9899383027536754,0.08776912099457197,0.034629054189298236,1.512754281665873,0.2846742788060815,0.08420209133765806,3.380845704467264,0.17895514948078828,0.27898330035663355,419,258,51,51,0,0.1767,646,0.5791476174473786,0.002572,0.002571722386238706,127.0,373.0,-0.0921774,0.1028999,0.079297,0.0396883,-0.0522035,-0.7910308,0.0528171,0.5694066,-0.2173861,0.446088,0.770623,0.3856982,-0.5073235,823.0,373.0,0.0144921,0.0869118,-0.0107139,0.0830623,-0.0232277,-0.8800534,-0.0540774,0.43392,-0.1851897,0.6280942,-0.1232733,0.955708,-0.2672563,256,1.0402591533805375e-08,2.698222814069594e-09,4.2875748551266225e-09,1.3393010670265685e-05,0.001005081686981993,-3.9648810517005337e-10,21.347358346901196,5.772366675259073,7.188172190342727,3.0998179053348007,1.0747086527699365,1.4472893083018903,0.05313042134507363,0.0,0.028923074449820584,1.2095863934826734,0.012977961188779308,2.2683721100140195,0.0695902090633824,-0.0005006580764479919,0.0027865476160376513,0.705303983781945,0.5013932738080189,621.4921179576074,289.7857695281382,0.6091662507413651,0.6091702867802093,0.6091702876916494,0.7614628584752616,3.235994492496737e-05,1042,0.189,0.1844,-0.14272,0.004084,2,0.0335,0.4458,8e-06,12.028,6.0141,2.0,0.44291,0.66097,1.57045,0.17181,0.9777,0.9605,0.9825,0.5345,3.1649,1.5614,11.2419,11.1949,8.9322,2.8223,80,0.07,0.792,45,0.124,-0.766,-2.0,0.1118345,0.0971013,0.0705153,0.0067013,-0.0092406,0.0076532,0.0137429,182.0,191.0,0.1265277,0.0701535,0.2866268,0.005954,0.0218147,-0.0506288,0.0554491,198.0,175.0
231,1796,139759,1.1692807232269265e-10,0.00952799107466481,0.0010973568074816272,0.00952799107466481,0.35979238018529863,8.252881123038428,5.657909800682203,-12.40332284701852,11.30921716230221,-0.051867962305499095,12.40332284701852,0.025844431145833624,12.558918762132487,6.260960982822116,-6.77896073098003,8.209791663332041,-0.04930127377316261,8.209791663332041,0.4022583945640314,1.9376899445459745,1.3603313043461003,0.3357660849611317,1.3509798212362836,0.8792246099776718,0.028283926170222788,3.3013725156545894,1.8734843572907525,0.001283225603477045,1.4141845289955162,0.8832812977875036,6.260987985310687e-05,-0.2620210208552047,0,0,0,0.1017754971600357,0.598848511030797,674,0.1843,-0.24193,1.5411634543000428,-0.41379512725764533,1.999287534179941,0.03574520062836756,0.038100184325701024,1.514420835127293,0.3268161048442636,0.10233749999233652,3.193512689568702,0.20513990127787185,0.2742493880833958,423,254,51,51,0,0.1839,646,0.5790062305102479,-0.003245,-0.0032448017814414865,127.0,373.0,-0.0913955,0.0679896,0.063987,0.0191725,0.0126756,-0.7865695,-0.3844494,0.4655571,-0.1294747,0.4595808,0.9411287,0.2819909,0.1864349,823.0,373.0,0.0183927,0.0366569,-0.0138537,0.0194487,0.0278128,0.7997759,-0.3471113,-0.2731721,-0.4065086,0.6306025,-0.3779281,0.5305606,0.758733,256,4.248025679656792e-09,1.3406139516084635e-09,1.717874408027485e-09,1.095365859922885e-05,0.001040661133887222,-3.249407483899421e-10,24.05234579160664,6.867874675996637,8.561794318883075,3.100948389724412,1.143720441897584,1.41058329735658,-0.05640652954328451,0.0,0.02873923436032626,2.1180531807761147,0.0406307887441384,0.47919121072522153,0.06224726316504232,0.0019232430260571482,0.00046020507839991003,0.7148316961853445,0.5002301025392,621.4927023981036,289.78604203769066,0.6091661859381031,0.6091702866041395,0.6091702876916777,0.7614628582551743,3.287939960001788e-05,1042,0.1952,0.1913,-0.14652,0.002383,2,0.036,0.4402,-9e-05,12.029,6.0143,2.0,0.44402,0.66249,1.57015,0.17086,0.9777,0.9605,0.9824,0.5345,3.1651,1.5614,11.217,11.2134,8.9325,2.8222,80,0.1911,0.904,45,0.123,-0.7404,-1.0,0.0984402,0.1241399,-0.1154626,-0.0517304,0.0647556,-0.041065,0.0924967,182.0,191.0,0.0413639,0.0417073,-0.0041344,0.0025874,0.0168204,-0.0095889,0.0195337,198.0,175.0
232,1796,139759,7.310480870315834e-10,0.009711360029569098,0.0011427339366696172,0.009711360029569098,0.35953879790237236,8.25170002176916,5.657985276740027,-12.555291938522062,11.9413965625818,-0.054522750520564815,12.555291938522062,0.003645874516217597,12.56063320080331,6.266106792804675,-6.836771306857653,8.25164159335633,-0.04903329935711479,8.25164159335633,0.4041263615644509,1.9378538908693133,1.3610051015567068,0.2873239821465584,1.3490271574339607,0.8657025324120716,0.042109711112555216,3.3155127858236066,1.8825320570542052,0.0007071084386948145,1.4141863463577264,0.8562867413038476,5.315387364770264e-05,-0.2555504927001528,0,0,0,0.12110588131159558,0.598755203927276,674,0.1844,-0.23968,1.5555583820646113,-0.40686891052540997,2.002027117503747,0.04471618870418363,0.04286173695434303,1.5154316162530812,0.36858419217949046,0.12162043554264955,3.0306106908344055,0.2312272301305477,0.2677420626003615,424,253,45,45,0,0.1804,646,0.5789430057327978,-0.006877,-0.006877476022612017,127.0,373.0,-0.094004,0.0328702,-0.0041755,-0.0324133,-0.0035203,0.7653097,-0.3365224,-0.354585,-0.4187161,0.4714375,-0.1270306,-0.9861003,-0.1070958,823.0,373.0,0.0229804,0.0761218,-0.0268578,0.0483019,0.052346,0.3399596,0.3116411,-0.1102102,-0.8804323,0.6336941,-0.3528269,0.6345347,0.6876619,256,9.963615200910265e-09,2.623502992623889e-09,3.5809918035705597e-09,1.3681115925150377e-05,0.00107811718821376,-1.0591360652612812e-09,23.945236506928772,6.073068673120338,7.694712143998809,3.1391951215686813,1.0639650866393628,1.3965758651181583,-0.0009942754887219685,0.0,0.01300758837675503,0.9245519206991782,0.024363408831211037,2.7031035990608285,0.05134533358982642,-8.235509355419524e-05,-0.0005558180016562496,0.7109682622252123,0.4997220909991718,621.4927070731615,289.7860442175498,0.6091661069978203,0.6091702866026723,0.6091702876914132,0.7614628582533403,3.351217294052481e-05,1042,0.1995,0.1959,-0.1391,0.003827,2,0.0368,0.4415,-3.8e-05,12.03,6.0152,2.0,0.44532,0.66578,1.56959,0.17015,0.9777,0.9605,0.9824,0.5345,3.1652,1.5615,11.2174,11.2138,8.9329,2.8222,80,0.2265,0.9431,45,0.0282,0.7473,-1.0,0.0997239,0.0916735,0.0420615,0.0748271,-0.000376,0.049305,0.0896115,182.0,191.0,0.09287,0.1111606,-0.0896463,0.0244573,-0.046921,0.0426178,0.0679412,198.0,175.0
233,1796,139759,7.39731795023647e-10,0.00986251457116379,0.001183025197827596,0.00986251457116379,0.3592877755500599,8.250522222981886,5.658063039379115,-12.023560612884737,11.352790494886884,-0.05264916625303875,12.023560612884737,0.0034594036170361164,12.562330385759388,6.279567336279645,-6.839540899888465,8.256060630327378,-0.04933382564893804,8.256060630327378,0.40567332671425654,1.9381157730140988,1.3617249563137364,0.29763121234602563,1.3133613782051412,0.8676451946946295,0.05564947912134717,3.329653276232321,1.8911083124491188,0.0015044682658915676,1.4141896992467353,0.8659987643906154,6.149079419449547e-05,-0.2486876479074268,0,0,0,0.1441199390752637,0.598648880093278,674,0.1952,-0.24983,1.5679046751875305,-0.4058497540139612,2.003391513495957,0.08690164001470045,0.04525727194460339,1.5077002043221277,0.41600019198416505,0.14463034730887797,2.8762994746582438,0.260814055232722,0.2538909141514172,427,250,38,38,0,0.1925,647,0.5795116757883595,0.002147,0.0021470417517897022,127.0,373.0,-0.1006764,0.0792252,0.0033859,0.0323218,0.0722528,0.3174669,-0.0411582,0.9370494,0.1394964,0.4834302,0.0427375,0.4079738,0.9119928,823.0,373.0,0.0258311,0.0134416,-0.0086289,-0.0077518,0.0067918,0.2537513,-0.4985756,-0.6951365,-0.4514621,0.6360122,-0.641952,-0.5767036,0.5052827,256,6.6273622310786886e-09,1.5720509144415176e-09,2.0878556526410464e-09,1.5710291057697092e-05,0.0011120852790158686,5.228640433203469e-10,22.07617004279655,5.565984379573789,6.830353277069052,3.1390031079524614,1.1703395539613313,1.5176674185707029,0.06009296440594559,0.0,0.029813352729232974,1.1969025612455602,0.025154950825612973,1.8029327051260486,0.033227789286629464,-0.004276182329369407,0.0017969284876702086,0.714589175400325,0.5008984642438351,621.4925101140957,289.7859523806096,0.6091660419261329,0.6091702866637891,0.6091702876914096,0.7614628583297364,3.403379111424353e-05,1042,0.1924,0.1883,-0.14159,0.005652,2,0.0376,0.4581,-0.000103,12.032,6.0158,2.0,0.44648,0.66787,1.56813,0.16976,0.9777,0.9605,0.9824,0.5345,3.1653,1.5615,11.2178,11.2142,8.9332,2.8222,80,0.143,0.9021,45,0.1475,0.8307,-1.0,0.1096098,0.0663426,0.2459034,0.0326592,0.0004071,0.0134592,0.0353262,182.0,191.0,0.0403066,0.0354545,0.0640447,-0.0084202,-0.0266625,-0.0221091,0.0356455,198.0,175.0
234,1796,139759,8.020925396324341e-10,0.010001585504342292,0.0012254773136943335,0.010001585504342292,0.35903945063762893,8.249387365014096,5.658143109838523,-12.303608800831137,12.37986253639041,-0.05764707193829878,12.37986253639041,0.013857875399752976,12.565330885742576,6.321089576815538,-6.815566170096419,8.23998883793257,-0.050108019459398356,8.23998883793257,0.40790732348052267,1.938495216364229,1.362451028077974,0.32402269356295865,1.3022996267461515,0.8774837842484279,0.06778169437888298,3.3437938101546845,1.8997765409935565,0.01173337356817028,1.4141915155938451,0.9014476311624622,0.00010752056175206235,-0.24182803498307123,0,0,0,0.16869076416190543,0.5985520122711507,674,0.2121,-0.26831,1.5799934824556787,-0.40304376246865553,2.01019325844628,0.025078452922120697,0.041388913415623486,1.509715970130376,0.4642372438727959,0.16918511934435143,2.7439602588683303,0.2905974439622791,0.24999893118861208,432,245,36,36,0,0.2108,648,0.5800843270258143,0.005932,0.005931980528139702,127.0,373.0,-0.1059268,0.0611582,-0.0133609,0.0550696,-0.0230034,0.2578282,0.1821596,-0.946747,0.0633453,0.4951163,-0.2184652,0.900444,-0.3761298,823.0,373.0,0.0283333,0.1112379,-0.0467138,-0.0948535,0.0345615,-0.1116468,-0.109593,0.2062672,0.965908,0.638182,-0.4199452,-0.8527087,0.3106992,256,3.3906130818055605e-09,6.443121200396625e-10,8.971503419334531e-10,1.6188309357728546e-05,0.0011486444587919479,9.105223948077426e-11,20.23971461373931,5.644403731655654,6.836727949612515,3.136384729322978,0.9835200080367672,1.3245756004502078,0.008482916408434214,0.0,0.018055773228233866,1.7233849912326504,0.02572794268140433,0.6305502208909081,0.08994578148384634,0.000918789983618747,0.0068414527075712096,0.709940762247328,0.5034207263537857,621.4925398367319,289.78596623950943,0.6091659820566341,0.6091702866546786,0.6091702876913827,0.7614628583183483,3.4513698624301e-05,1042,0.1968,0.1922,-0.1351,0.00431,2,0.0417,0.4623,-0.00011,12.032,6.0162,2.0,0.44758,0.66996,1.56714,0.17086,0.9778,0.9605,0.9823,0.5345,3.1656,1.5617,11.2444,11.1973,8.9341,2.8222,80,0.0523,-0.424,45,0.1624,0.8647,-2.0,0.0701085,0.0903911,-0.1263714,-0.0392444,-0.0402666,-0.0076984,0.056752,182.0,191.0,0.0576996,0.1690723,-0.4911221,0.0278433,0.0451397,-0.0082364,0.053672,198.0,175.0
235,1798,139762,0.0,0.010150929627131551,0.0012687621372097838,0.010150929627131551,0.3597452556693251,8.253673258632599,5.656373203207569,-12.484862579411942,12.186730666015704,-0.06017484526103723,12.484862579411942,0.005632769113523711,12.5593687519229,6.280298550280503,-6.801627471151373,8.290457544669863,-0.05003202288822379,8.290457544669863,0.4098450691203982,1.9389818831813284,1.3630904360573264,0.3153236396205458,1.2983425390096301,0.8752072049237895,0.0,3.357934728080207,1.9065452548314932,0.0008095810485989618,1.4141926959129971,0.9454270261980985,3.5537231893350413e-07,-0.23521530969577797,0,0,0,0.19697669207252952,0.5985231889519832,674,0.2283,-0.27057,1.5856579085118179,-0.40088687636790765,2.0193859763584667,0.050373556567237715,0.039101249340201455,1.5098401691823957,0.5178042797218805,0.19746915502077148,2.622203349517617,0.32373119131797945,0.23175064899245024,440,237,36,36,0,0.2274,648,0.5800780250688439,0.000103,0.00010316040045510455,127.0,373.0,-0.1088719,0.0470768,-0.0064505,-0.0056063,-0.0462945,-0.831799,0.2248445,-0.4302832,-0.2690943,0.5064617,-0.1370205,-0.1190887,-0.9833836,823.0,373.0,0.0310346,0.0926738,-0.0267519,-0.0696585,-0.0549587,-0.3257209,-0.1981947,-0.0894685,-0.9201196,0.6405337,-0.2886678,-0.7516526,-0.593034,256,3.1507290248365438e-09,9.059849025171749e-10,1.1872920086235115e-09,1.741714702489673e-05,0.0011839694686339836,1.998327423842207e-11,21.352866934202645,6.62612866263351,7.902744902635893,3.139492912866288,1.333085551100813,1.6641056581173466,-0.09229283434155196,0.0,0.015841306372487783,2.03110555519696,0.024419101553841072,1.1370041876660173,0.030968852287820037,0.0002875060012104772,-0.001600134957427613,0.7060479272192327,0.4991999325212862,621.4926829253842,289.78603295806306,0.6091659177650596,0.6091702866102551,0.609170287691728,0.7614628582628188,3.5029050653385227e-05,1044,0.1988,0.1933,-0.13021,0.002313,2,0.0454,0.4174,-4.7e-05,12.033,6.0166,2.0,0.44809,0.67181,1.56849,0.17008,0.9776,0.9603,0.9823,0.5345,3.1617,1.5598,11.534,11.0029,8.9231,2.8222,80,0.1272,-0.986,45,0.1199,0.711,-0.0,0.0227966,0.0859563,-0.580764,-0.012616,0.0125748,0.0470666,0.0503244,182.0,191.0,0.1380246,0.0654285,0.3568201,-0.0094134,-0.0087612,-0.0581521,0.059557,198.0,175.0
236,1798,139762,1.0850287048611739e-10,0.010279688148435525,0.0013122795220158665,0.010279688148435525,0.3594959485860247,8.252566369622942,5.656455438143798,-12.281265886964574,11.812723926858117,-0.06388017795397012,12.281265886964574,0.013720645375808527,12.562916929735922,6.266269295117645,-6.823545363879872,8.27618142134024,-0.05054941732814729,8.27618142134024,0.4108371534658612,1.9393447078215338,1.3637463526981448,0.2576606990942705,1.2901833390802484,0.8756485486349518,0.014141793206023517,3.3720643887302875,1.915403195212489,0.002192246578691326,1.4141853876020356,0.9245325067415631,1.2955981156884563e-05,-0.22848654428692722,0,0,0,0.22313479543140174,0.5985131561714075,674,0.2393,-0.26794,1.5981690197503844,-0.3994285628846152,2.0264286216607155,0.027546063835490513,0.03905592113678998,1.5158339085246701,0.5657495045201555,0.22364033976583544,2.529729230033045,0.3534358098381998,0.2241609310202231,445,232,35,35,0,0.2386,648,0.5800937381240538,-0.002398,-0.002398372722030473,127.0,373.0,-0.1099181,0.0592189,0.0353657,-0.0163902,-0.0445815,-0.578403,0.4918699,0.6122124,-0.2207032,0.5155324,0.597202,-0.2767725,-0.7528258,823.0,373.0,0.0331583,0.0359567,0.0230727,-0.0251624,0.0112864,-0.4988747,0.0154547,-0.0098274,-0.8664806,0.6422759,0.641682,-0.6997984,0.3138892,256,5.0181703912360905e-09,8.76078694078041e-10,1.2416688988369137e-09,1.5493367145646563e-05,0.001220060140072624,-6.576349222940767e-11,21.589721605871553,6.498137823409293,7.8513232099753045,3.0944346953589505,1.148639491410722,1.480191573162043,-0.04863598775252116,0.0,0.017080117911712496,2.941209613508442,0.024350555461042773,0.7947480511709183,0.023049626167656264,-0.0008691269488081533,-0.0021235589622610744,0.7082333115465647,0.49893822051886944,621.4928196561556,289.7860967121006,0.6091658623368641,0.6091702865669538,0.6091702876916814,0.7614628582086922,3.5473365579192316e-05,1044,0.2069,0.201,-0.11952,0.000655,2,0.0496,0.4171,-3.8e-05,12.034,6.017,2.0,0.44939,0.67348,1.56728,0.16874,0.9776,0.9603,0.9823,0.5345,3.1621,1.56,11.5355,11.0042,8.9242,2.8222,80,0.1144,-0.9878,45,0.0325,0.9289,1.0,0.0699755,0.0980107,-0.16689,0.0204989,-0.0045026,0.062524,0.0659525,182.0,191.0,0.0905577,0.0654789,0.1607239,-0.0258072,-0.0653862,0.0121021,0.071329,198.0,175.0
237,1798,139762,1.771646703122926e-10,0.010465323142083153,0.001369765618649646,0.010465323142083153,0.35924033609815137,8.25151036769224,5.656537730783874,-12.091954721940535,11.430336107835876,-0.06522032725343511,12.091954721940535,0.009153361487370764,12.566352014071775,6.232885761230398,-6.857524467785184,8.346121749445631,-0.051121249281562496,8.346121749445631,0.4131820652204836,1.9399753206904518,1.364550227937147,0.3008961683732201,1.3018021629799978,0.8739453153430481,0.014141807348139142,3.3862043734315246,1.924357047348867,0.001310960142744122,1.4141935199383944,0.9381946031627048,3.5043699353739894e-05,-0.22181074301760073,0,0,0,0.2572384224096681,0.598552009189503,674,0.2456,-0.26008,1.612392498186194,-0.3984655099758255,2.0329747586886944,0.03276619286576924,0.03647669226517315,1.521795921059638,0.6246802506426191,0.2577096673245906,2.423969023466324,0.39001934998716026,0.20759651282137986,445,232,35,35,0,0.2448,648,0.5801579087823484,-0.00536,-0.005359655381353967,127.0,373.0,-0.1122831,0.06006,0.0477866,0.0361855,0.0037754,0.4309899,0.402722,-0.7441553,0.3135212,0.5274657,0.7956478,0.6024891,0.0628604,823.0,373.0,0.0349253,0.070197,-0.0022984,0.0691618,0.0117895,0.3480704,-0.4740968,0.6813745,0.4356696,0.6448625,-0.0327416,0.9852519,0.1679482,256,7.195530787079388e-09,1.9252370690853705e-09,3.0270573872509763e-09,1.908823137918876e-05,0.0012670276701073513,-1.3922720544841634e-10,18.71440378937615,5.828619129608002,6.932708202695983,3.131996543595922,1.218014002680243,1.5542370641389271,-0.11116566022960138,0.0,0.013174736904636223,2.0611469804773592,0.008370063621624175,1.2667056354737232,0.019022936751718594,-0.0012834800205872496,-0.0018038953442179888,0.6980672273580948,0.499098052327891,621.4925402067308,289.7859664120304,0.6091657824197638,0.6091702866545671,0.6091702876916517,0.7614628583182088,3.6113974985258935e-05,1044,0.2096,0.2035,-0.1106,0.001817,2,0.0515,0.4121,2.3e-05,12.035,6.0175,2.0,0.44998,0.67454,1.56677,0.17041,0.9777,0.9603,0.9822,0.5345,3.036,1.6023,11.5369,11.0056,8.9254,2.9399,80,0.0203,-0.2476,45,0.109,0.1989,1.0,0.0870777,0.0701032,0.1079936,-0.0202133,0.029496,-0.0337919,0.0491984,182.0,191.0,0.0760679,0.0862042,-0.0624647,-0.0092403,0.00375,-0.0391445,0.0403948,198.0,175.0
238,1800,139765,0.0,0.010708688438498919,0.001425343665319053,0.010708688438498919,0.35749260842681635,8.242740644110103,5.659643463769253,-12.31938894990891,11.430317389873691,-0.06720642432181523,12.31938894990891,0.000262797012183188,12.563861320033592,6.248521454451287,-6.900674765514308,8.355332525630754,-0.05143358694556122,8.355332525630754,0.41539911728857115,1.9406921993508939,1.3650457489755423,0.300662496614307,1.2846283580447575,0.8748390192588228,0.0,3.4003450020780748,1.931746837180933,0.0034435780496275825,1.4141913870429021,0.9261003594643551,6.685326663511566e-05,-0.21512286673501463,0,0,0,0.28380534105777827,0.5997140897390891,676,0.2444,-0.26668,1.6277729184868681,-0.3967602386473516,2.0359259288492306,0.06205385051738782,0.03942147344497212,1.5147683623196955,0.6706475829121181,0.2842394637481709,2.359445708447773,0.41858643375686033,0.19829197586553718,447,232,37,37,0,0.2445,651,0.5820870273343248,0.000771,0.0007710601462038724,127.0,373.0,-0.1179112,0.0441227,0.0308164,-0.0292345,-0.0119373,-0.3092045,0.2319227,-0.0904704,-0.9178341,0.5342968,0.6984264,-0.6625739,-0.2705482,823.0,373.0,0.0380594,0.0744931,-0.0241269,-0.0412801,-0.0571232,0.687576,-0.4986719,0.2904487,0.4406871,0.6481235,-0.323881,-0.5541467,-0.7668263,256,8.027926606673601e-09,1.9799577328050467e-09,2.87480500001019e-09,1.336954098519692e-05,0.0013115153843347225,-4.932718126344811e-10,24.977135768724665,6.307220041227004,7.802166584103371,3.117291510574216,1.2196574567584424,1.5631137536392936,-0.04421655911914642,0.0,0.011420375738045302,2.275694789856194,0.019265022562210434,2.5443235765099166,0.04678445774497183,6.395845500778972e-05,0.000600500862409451,0.7035975445056483,0.5003002504312047,621.4925792249585,289.7859846052251,0.6091656776502264,0.6091702866425492,0.609170287691728,0.7614628583031865,3.695378316203713e-05,1044,0.2128,0.207,-0.12339,0.002548,2,0.052,0.4246,3e-06,12.035,6.0177,2.0,0.45145,0.67497,1.56668,0.16899,0.9779,0.9606,0.9823,0.5344,3.1691,1.5634,10.9779,11.4451,8.9722,2.8312,80,0.1515,0.9895,45,0.1247,0.4565,1.0,0.0557951,0.0723763,-0.1293674,0.0143619,0.0385208,0.0291107,0.050374,182.0,191.0,0.0591486,0.0994704,-0.2542055,0.0156302,0.0258142,-0.0016861,0.0302245,198.0,175.0
239,1801,139766,0.0,0.01080539296466043,0.0014748023800267309,0.01080539296466043,0.35718050669592705,8.237514276806246,5.661612883793066,-12.056437838194496,11.462502334893143,-0.0700315603472784,12.056437838194496,0.0009062541028467637,12.56519406973953,6.2591266120195295,-6.897994375380953,8.281262193567832,-0.05195281070862808,8.281262193567832,0.41757757938300266,1.9414961470655945,1.3655694318952105,0.3018692618310913,1.2841336869229774,0.8757757725239544,0.0,3.4144137639257663,1.9396915434090756,0.0014411419422953875,1.4141855631331213,0.9331779138630742,0.00010583150972653635,-0.2086829220249853,0,0,0,0.31575018986036424,0.5999477929155189,677,0.251,-0.26569,1.63220356061173,-0.40043789604368607,2.0383862951301377,0.038454302498343355,0.039053606117287906,1.5237746729394654,0.7239249178856242,0.31621553242001543,2.2893401609509363,0.4517720952251461,0.1852666981951537,455,225,40,40,0,0.2511,652,0.5823836595479723,-0.001268,-0.0012683135784135047,127.0,373.0,-0.1178759,0.046401,-0.0297174,0.0129035,-0.0332179,-0.0432727,-0.5585836,0.7213453,0.4071521,0.5436873,-0.6404482,0.2780874,-0.7158865,823.0,373.0,0.0400529,0.0449495,-0.0245814,-0.0147229,0.0346331,0.5255128,0.2723067,0.0181145,0.8058271,0.6500463,-0.5468675,-0.3275435,0.7704876,256,1.0571595949039016e-08,2.0353680155359764e-09,2.896381890802436e-09,1.8248387716484046e-05,0.001352167382912198,-4.767251187724625e-10,36.02092119035488,8.782804457207266,11.42879434369673,3.1335104272649463,0.9910364329045016,1.3146353141203255,-0.05500905508140683,0.0,0.036973004879447144,1.5472035478862287,0.014320015294737488,1.5087909775743809,0.06348014626427934,-0.0023561297243228606,0.0018872685367419056,0.7107610928039862,0.500943634268371,621.4933365684468,289.7863377349901,0.6091656360244512,0.6091702863955418,0.609170287691728,0.7614628579944273,3.7287447880106657e-05,1044,0.2187,0.2136,-0.13395,0.001879,2,0.0549,0.4061,2.7e-05,12.035,6.0173,2.0,0.45293,0.67645,1.56589,0.16909,0.9778,0.9609,0.9827,0.5347,3.046,1.6076,10.788,11.6039,8.9829,2.9491,80,0.2184,0.9827,45,0.1169,0.3866,0.0,0.0789661,0.1253878,-0.2271631,0.0612663,0.0365791,0.070746,0.1004818,182.0,191.0,0.0733235,0.0405471,0.2878391,0.0107628,0.0009588,0.0390909,0.0405569,198.0,175.0
240,1806,139773,0.0,0.01110293660429371,0.0015322098655310753,0.01110293660429371,0.35638023424338294,8.215561061897606,5.6708765311359635,-11.510912471771608,12.170635965535345,-0.06943453319167958,12.170635965535345,0.015011489150017555,12.561630891270495,6.240355589987022,-6.867505272502508,8.352987933776763,-0.052209217447362836,8.352987933776763,0.41952142198702624,1.9423824751059786,1.365780646205723,0.31292467217307307,1.3246187097344349,0.8729871190227954,0.0,3.4285546397945654,1.9440867973210945,0.0032556493716243695,1.4141854707060624,0.9408122907043369,1.1740661261246808e-07,-0.2022751913808395,0,0,0,0.3516530695910199,0.5994783081833844,682,0.258,-0.27064,1.6315058332366053,-0.4032525257931132,2.0434492222231353,0.04758199179599832,0.03360922491923238,1.529288827669707,0.7824612929988831,0.3522283546731385,2.221460261837787,0.4880477461397281,0.17927233558954364,466,219,35,35,0,0.2581,657,0.5820468535751606,-0.000962,-0.0009621846986851423,127.0,373.0,-0.1135442,0.047351,0.0036734,0.047034,0.004053,-0.3760427,-0.3356683,-0.5290691,-0.6826453,0.5538538,0.0775777,0.9933053,0.0855942,565.0,372.0,0.0314926,0.0965378,0.0173189,-0.0028544,0.0949287,0.7706551,-0.1076789,0.1477667,-0.6104596,0.6510702,0.1794002,-0.029568,0.9833317,256,8.738456827428135e-09,1.8109170886495692e-09,2.557761279190094e-09,1.4955446746059252e-05,0.0014000387870398065,8.645337416199406e-11,24.23253654251107,6.493202751581027,8.192608606959373,3.0972222212585074,0.9876212134708788,1.33058712846441,0.009479065654879812,0.0,0.023099926835456,0.31114474761998345,0.02273174069680378,1.0658067705942647,0.044747944636661714,-0.0032068462124029713,3.0800977784771624e-05,0.7053602399605845,0.5000154004888924,621.4930280741536,289.78619389204573,0.609165507931677,0.6091702864992227,0.609170287691728,0.7614628581240283,3.8314235937789e-05,1044,0.2238,0.2179,-0.1219,0.00058,2,0.0578,0.3998,-6e-05,12.033,6.0167,2.0,0.4533,0.6778,1.56822,0.16811,0.9782,0.9617,0.9831,0.5349,3.1905,1.5315,9.5971,12.5798,9.1037,2.8534,80,0.1726,0.967,45,0.1005,0.2157,0.0,0.1065477,0.0166036,0.7303546,-0.0146367,0.046185,0.006473,0.0488793,182.0,191.0,0.114534,0.0797819,0.1788434,-0.0071452,0.0090623,0.0226096,0.0253845,197.0,175.0
241,1808,139776,0.0,0.011582855177790823,0.0015867167081348923,0.011582855177790823,0.35608695950747704,8.219451491877598,5.668664936883921,-12.249793955735823,10.946312920262242,-0.07206057112225737,12.249793955735823,0.020967828534485707,12.558310500656733,6.2321162180104555,-6.831263141474606,8.34366763003051,-0.05140662342722631,8.34366763003051,0.42079709787887387,1.9433656861247997,1.36599386597816,0.3006493800741049,1.3090606427323497,0.8794917144544776,0.0,3.442695124696379,1.9511135045049393,0.004660832100345957,1.4141902915578488,0.9206130759814645,2.583432498931104e-07,-0.1957837741884846,0,0,0,0.3859984184193871,0.5996167229640269,682,0.2812,-0.26542,1.6361788541984748,-0.4039241472255118,2.0452491311795318,0.05199693811391033,0.0303677432706632,1.5257275817700753,0.8370316086137717,0.3866131701634453,2.1650364581731827,0.5221324246558912,0.17394889074094785,476,209,35,35,0,0.2819,657,0.5822099367879522,0.003629,0.0036287699331345458,127.0,373.0,-0.1084523,0.0972572,0.0729173,-0.0554833,-0.0326135,-0.5049278,0.0115756,0.7986775,-0.3271515,0.5630636,0.7497368,-0.5704794,-0.3353326,565.0,372.0,0.0360033,0.1352048,0.0051553,-0.1080524,0.0811076,-0.3064625,0.6813017,-0.6288904,-0.2154198,0.6530533,0.0381298,-0.7991756,0.599887,256,1.142358056126556e-08,1.4173039649250341e-09,2.358952069929981e-09,1.3870078560203139e-05,0.0014481517997417277,2.991701495888682e-11,24.390034177868273,6.576158161763865,8.269005366435909,3.0807898982028723,1.05829282620691,1.3699444047523426,-0.13281997986055352,0.0,0.03157030362593568,0.6100906284727676,0.014263973671673596,1.2569339564444628,0.06431183911411299,0.0006283778324905685,0.0033258869497570036,0.7055018329813711,0.5016629434748785,621.4929621411967,289.7861631492059,0.6091653013252097,0.6091702865209094,0.609170287691728,0.7614628581511368,3.997035280054766e-05,1046,0.2232,0.2154,-0.09944,0.003534,2,0.0628,0.4008,-2.5e-05,12.033,6.0163,2.0,0.45523,0.6795,1.56799,0.16963,0.9781,0.9616,0.9831,0.5348,3.0597,1.5723,9.9439,12.3479,9.094,2.9722,80,0.0619,0.8158,45,0.0983,0.0155,-2.0,0.1427552,0.113114,0.1158448,0.0305962,-0.005664,0.0743794,0.0806257,182.0,191.0,0.085888,0.1901026,-0.3776018,-0.0136666,0.0428383,-0.021173,0.049701,197.0,175.0
242,1810,139778,0.0,0.012044133158663444,0.001627214675146759,0.012044133158663444,0.3559892320673516,8.210800047141813,5.671619639903124,-11.283642178548579,12.808126367980957,-0.06939408931792133,12.808126367980957,0.026351946481717566,12.562968465570908,6.21888812107361,-6.772736714028724,8.349550591554056,-0.05261109005547941,8.349550591554056,0.4221664128239083,1.944460632408619,1.3662474778167706,0.2993991709192927,1.2848732301785488,0.8715713625796965,0.0,3.4568361472223494,1.957921915059267,0.002231589597610051,1.414183014256128,0.9323447453542411,5.88986836933527e-06,-0.18951371315565424,0,0,0,0.4156705982933198,0.5994313213833262,684,0.2783,-0.25755,1.645276391626072,-0.4002022332579534,2.0490644119321972,0.05939840628593056,0.030360412192929256,1.5139346784600634,0.8835249083692412,0.4163039893862825,2.122307090238886,0.5508812015035572,0.1758173389200266,474,213,42,42,0,0.2786,659,0.5820908567431661,0.000103,0.00010304769405866665,127.0,373.0,-0.1071518,0.0455815,-0.0361505,0.0236235,0.0145857,0.6119957,-0.0923443,-0.7817533,0.0761287,0.5708603,-0.7930965,0.5182695,0.3199918,565.0,372.0,0.0361287,0.0472968,0.0112521,0.0171592,0.0426138,-0.4556035,-0.4808498,0.443548,-0.6037169,0.654943,0.2379043,0.3627995,0.9009873,256,4.3485435200130524e-09,9.734996324148626e-10,1.368281177023879e-09,1.9982022297535776e-05,0.0014799731046402655,5.83317678282039e-11,24.062491867933073,7.165234992897469,8.832224911838702,3.093506032598439,0.7721849549627445,1.0865094062153509,-0.02577908747475649,0.0,0.01273811344727441,0.7913352245028382,0.017306415584838485,0.33052432285926575,0.02526115625302588,0.0015374759753136915,-0.0013793651976536751,0.7138562969743737,0.4993103174011731,621.4925319799395,289.78596257608945,0.6091651027454317,0.6091702866571045,0.609170287691728,0.7614628583213806,4.1562169028463555e-05,1046,0.2215,0.2138,-0.1058,0.008132,2,0.0618,0.3898,-1.5e-05,12.033,6.0163,2.0,0.45678,0.68155,1.5678,0.16977,0.9783,0.9619,0.9832,0.5348,3.1938,1.533,9.4793,12.7206,9.1415,2.8623,80,0.0271,-0.9491,45,0.0792,0.607,-1.0,0.0704072,0.1149724,-0.2403997,0.0639759,0.0066224,-0.0621534,0.0894417,182.0,191.0,0.0677058,0.044391,0.2079875,-0.0013902,-0.0205181,0.0267602,0.0337496,197.0,175.0
243,1810,139778,7.700106810481296e-11,0.012520071099491773,0.0016803963412061304,0.012520071099491773,0.35572220834920026,8.20988882254764,5.6717038272130855,-12.207840135189791,11.031676189971044,-0.06729449758668087,12.207840135189791,0.00536054136797616,12.565549493432409,6.196845627160836,-6.8268172067723,8.36992825838612,-0.05280971827549232,8.36992825838612,0.4235698249102231,1.9456671358144724,1.3665805915058216,0.3311103294218313,1.3189811582120454,0.8751489109162666,0.014142008445091468,3.470976583346279,1.9672431266364052,0.0028403635423708273,1.4141884162877016,0.9301598265729183,9.861209952149995e-06,-0.18316096140922716,0,0,0,0.44034527389196637,0.5995473163252719,684,0.2793,-0.25424,1.650908647266631,-0.3973701435378463,2.051313432339758,0.02635353395972311,0.030326711174433765,1.518530278144154,0.9220835799784055,0.44094470478881465,2.0911546730559487,0.5749096145739269,0.1739777408477563,474,213,37,36,1,0.2786,658,0.5815890976156536,-0.005584,-0.005583528871814236,127.0,373.0,-0.1027551,0.0555298,-0.0015781,0.0114149,-0.054321,-0.0606236,-0.4030652,0.0728329,0.9102519,0.5762481,-0.0284184,0.2055631,-0.9782312,565.0,372.0,0.0380616,0.0362727,0.0280643,0.022923,0.0016245,0.1996965,-0.1505031,0.4324349,0.8662968,0.6568137,0.7737035,0.6319629,0.0447861,256,4.198976209580678e-09,7.476680230134897e-10,1.0414931854761881e-09,1.883003374873759e-05,0.0015136089613863183,1.6762836272688545e-10,16.157091045796406,5.794526908845656,6.83998874726833,3.114446276356844,1.022886632491244,1.3355492909655644,0.04498774761735381,0.0,0.01944644691239042,1.4544715179927312,0.014826032594681376,0.6715490538521964,0.013244847127355318,-0.0024587416240427666,-0.0023267869767628797,0.7133762123584826,0.49883660651161854,621.4929131780408,289.7861403189472,0.609164897855973,0.6091702865368409,0.6091702876916949,0.7614628581710511,4.3204520015042164e-05,1046,0.2248,0.2175,-0.10728,-0.000508,2,0.0629,0.3673,-2e-05,12.033,6.0165,2.0,0.45723,0.6827,1.56715,0.16881,0.9783,0.9619,0.9832,0.5348,3.1942,1.5332,9.4802,12.7219,9.1424,2.8622,80,0.0764,-0.9998,45,0.0978,0.9999,-1.0,0.0550822,0.0789036,-0.1777904,0.0234497,0.024255,0.028018,0.0438544,182.0,191.0,0.0868422,0.1340211,-0.2136115,-0.0272141,-0.0648561,0.0781719,0.1051559,197.0,175.0
244,1812,139781,0.0,0.013360467292098216,0.0017430098240189245,0.013360467292098216,0.35585434509926733,8.201606538470223,5.674293247166075,-12.478456176818575,11.864662304877172,-0.06437794944794782,12.478456176818575,0.013823648237513874,12.556404142357517,6.225565286246157,-6.861811340828729,8.338134273800632,-0.05348626362355435,8.338134273800632,0.42611320758745813,1.9469672079730942,1.3670822270051697,0.3297302740997251,1.3285933314957905,0.8847048403293053,0.0,3.4851169910269117,1.9742570139577524,0.0036327212632477623,1.4141888857920175,0.920899813650695,9.919399804287888e-06,-0.176937711794045,0,0,0,0.47738627428453867,0.5995905993612526,686,0.2824,-0.24901,1.6618716641586726,-0.39605153203991145,2.053776310695013,0.03192451553087445,0.027975211122556597,1.5133014281348707,0.9778680551712742,0.4779682286000617,2.0458850539823263,0.6097831245220914,0.16579878325755826,475,214,35,34,1,0.2798,661,0.5823175386108973,-0.009016,-0.009015947635874877,127.0,373.0,-0.1025208,0.0717706,0.0639712,-0.0298104,-0.0130405,-0.3606173,0.2826593,0.3879463,-0.7997228,0.5843373,0.891328,-0.4153563,-0.1816965,565.0,372.0,0.0403558,0.089416,-0.0128923,-0.0842108,0.0271581,0.5675807,0.2099272,0.7688015,0.2067051,0.6590668,-0.1441832,-0.9417861,0.303727,256,4.152839494825806e-09,9.280832897817713e-10,1.266364299747344e-09,1.7435013115590064e-05,0.0015621711175671724,-2.5159870104955225e-11,18.908467267286007,5.766592160239876,7.0111716437811,3.1356584559494487,1.1545613606412606,1.4936850882976394,-0.1304464431930047,0.0,0.022528748672636094,0.9582524286376711,0.027479067345311328,1.9129383845159307,0.049234918079071315,-0.0013669244456862427,0.0010043288108423437,0.7084297563650663,0.5005021644054213,621.4930537887685,289.78620588210845,0.6091645360661122,0.6091702864908177,0.609170287691728,0.7614628581135221,4.610456612808394e-05,1046,0.2322,0.2271,-0.10946,0.002994,2,0.0657,0.3402,-4e-06,12.034,6.017,2.0,0.45855,0.6825,1.56745,0.16945,0.9785,0.9622,0.9833,0.5348,3.2006,1.579,9.0641,13.0402,9.1893,2.8711,80,0.0797,-0.8127,45,0.2032,0.5976,2.0,0.0433229,0.1348445,-0.5136829,-0.0642694,0.0135987,0.0483797,0.0815848,182.0,191.0,0.0640012,0.1224508,-0.3134831,0.0110701,0.0176573,-0.026294,0.0335514,197.0,175.0
245,1816,139786,0.0,0.013757845704802084,0.0017876867850648017,0.013757845704802084,0.35619623869374517,8.191072434798127,5.679073100770819,-12.209810785002288,12.138244104284658,-0.06357934309430875,12.209810785002288,0.001800200985174652,12.544740209004667,6.229706098506867,-6.874830649629709,8.35485038645667,-0.05403727007381173,8.35485038645667,0.42819586375666685,1.948320950131834,1.3673548391692207,0.3101235982948074,1.299116005904109,0.8808794279591584,0.0,3.4992546505697955,1.978996007246863,0.000326856760329286,1.414189705206354,0.9360475008612293,5.9843371491840725e-06,-0.17102732917164648,0,0,0,0.5058962687518168,0.6008168253329684,689,0.2862,-0.24914,1.6599942734697006,-0.39660097366862007,2.0599422849723616,0.06426819003172496,0.033158041875965535,1.5167369571621776,1.0226231311153686,0.5064510052528121,2.0191945923868624,0.6370065941498846,0.16285052017245133,478,214,35,34,1,0.2834,664,0.583663656198724,-0.006689,-0.006689274829261294,127.0,373.0,-0.1049172,0.0544865,-0.0270665,-0.0258329,0.0396087,0.546094,-0.4958308,0.2223544,0.637567,0.5886499,-0.4967555,-0.4741156,0.7269445,565.0,372.0,0.0439462,0.0485271,0.0090309,0.0223273,0.0421286,0.4614413,-0.0418678,0.5040476,0.7288724,0.6604542,0.1860991,0.4600993,0.868145,256,5.0228189464584865e-09,1.413106045926395e-09,2.0169628476885237e-09,1.719382750100617e-05,0.0015991525029810825,1.9312781281542714e-10,17.917739093222814,6.234974331957719,7.511409295357685,3.1261010008426395,1.3150201229159628,1.595929454155139,-0.05618204064595863,0.0,0.03939805846181632,0.6470175427138976,0.017395416167964972,1.0246523680037747,0.047610798822831604,-0.0034010445319491,0.001126444062526193,0.7072334038302921,0.500563222031263,621.4930154751967,289.7861880174766,0.6091643649946993,0.6091702865034521,0.609170287691728,0.761462858129315,4.7475850381013906e-05,1047,0.2324,0.2277,-0.09272,0.003307,2,0.0666,0.3349,-4.3e-05,12.034,6.0171,2.0,0.45975,0.68303,1.56977,0.16795,0.9786,0.9626,0.9836,0.5352,3.209,1.5831,8.6258,13.4228,9.2562,2.8844,80,0.0529,-0.0668,45,0.2674,0.3243,-1.0,0.0569759,0.0944194,-0.247323,-0.0110957,-0.0008437,-0.0604129,0.0614291,182.0,191.0,0.0530555,0.0505645,0.02404,-0.0165517,-0.0011541,0.0084961,0.0186407,197.0,175.0
246,1816,139786,7.497460260389905e-11,0.01411744960268088,0.0018391488223985693,0.01411744960268088,0.35591539234510716,8.190217033360668,5.679158953554691,-12.386639909755687,12.820819812428455,-0.0652387372509253,12.820819812428455,0.016291540329893408,12.56204260847898,6.263721488249627,-6.885548401908747,8.405776635357483,-0.05402980272095252,8.405776635357483,0.43025138646288336,1.9498135422151215,1.367842363641988,0.3198008882765464,1.320850507456929,0.8924696602416664,0.014142021683940112,3.513395690232464,1.9886136239954844,0.0003539587276789602,1.414193894783503,0.9417499027893055,1.1432924944937272e-05,-0.16496524545148877,0,0,0,0.5312342421717932,0.6009604848080825,689,0.301,-0.24637,1.6648665108644098,-0.3951986911491877,2.0640219452936353,0.03019811282024754,0.031648267073720725,1.5087995573662658,1.062946276644264,0.5317615636197752,1.9989152081783428,0.6616060313302365,0.1600519960458453,487,205,38,38,0,0.2995,665,0.5844358261443083,-0.002996,-0.0029961279657322315,127.0,373.0,-0.1063963,0.0469612,0.0254577,-0.0237225,-0.0315357,0.341756,-0.3256926,0.4345044,-0.7670287,0.5928278,0.5421008,-0.5051511,-0.6715274,565.0,372.0,0.0469816,0.0687639,0.0078353,-0.0537035,0.0422258,0.0925671,0.2239793,-0.5944316,-0.7667566,0.6619142,0.1139443,-0.7809837,0.6140694,256,6.83623860082415e-09,1.9184886470655652e-09,2.820395439961263e-09,1.7667501446322225e-05,0.0016370636617411619,-3.520012878979883e-10,23.936850827373238,6.468343762452877,7.907946957801491,3.0902477521229246,1.046749191438841,1.3504736859198454,0.05411965736295565,0.0,0.024743947976015406,0.7144201106958796,0.015843739779933107,1.4082352101232245,0.04497615595419011,0.0025851466390926104,0.0005552807246711509,0.7057597939672183,0.5002776403623356,621.492837453981,289.78610501076827,0.6091642101869406,0.6091702865612552,0.6091702876916958,0.7614628582015689,4.871679269147941e-05,1047,0.2358,0.2308,-0.10053,0.003865,2,0.0712,0.3107,-3e-05,12.034,6.0169,2.0,0.46008,0.68282,1.56797,0.16983,0.9787,0.9626,0.9836,0.5352,3.2093,1.5833,8.5753,13.4607,9.2571,2.8845,80,0.085,0.3539,45,0.2111,-0.0187,1.0,0.0320119,0.0656085,-0.3441549,-0.0194662,-0.0023126,0.0213095,0.0289547,182.0,191.0,0.0390486,0.1045098,-0.4559907,-0.0161966,0.0232427,-0.0162709,0.0326695,197.0,175.0
247,1816,139786,1.4709758540352267e-10,0.014483331061359286,0.0018987106899697194,0.014483331061359286,0.3556247243530918,8.189396994263632,5.679243628074065,-12.307901264888475,11.768685895557718,-0.07517620511154559,12.307901264888475,0.005992637667104829,12.547672044147834,6.226036963601836,-6.875299859378553,8.422202429768292,-0.05430146337236442,8.422202429768292,0.43285995181710735,1.9513895865375972,1.368440486365555,0.30456443128049515,1.3162073188577006,0.8888240954703535,0.014142035826055737,3.527536324284208,1.9977631427923057,0.006078610466141776,1.414193097485776,0.9395246218243818,2.4428474492779805e-05,-0.15931755469327563,0,0,0,0.5669071156826843,0.6011263984812032,689,0.303,-0.24416,1.6745838934897919,-0.39637379641858295,2.0697288834714462,0.030344042696481194,0.03215907457465072,1.5150860657195613,1.1156285851592593,0.5674263829259312,1.9661203968108187,0.6940657412086841,0.15643817975379273,483,209,35,35,0,0.3033,664,0.5839742101799509,-0.000656,-0.0006560667927408836,127.0,373.0,-0.1048002,0.0368181,0.0247222,-0.0065184,0.0264933,-0.0252409,-0.500177,-0.7153496,0.4872995,0.6006698,0.6714699,-0.1770441,0.7195718,565.0,372.0,0.0496994,0.0807442,-0.0084832,-0.0433613,-0.067583,-0.9397253,0.1719656,0.1733957,-0.2393284,0.6629232,-0.1050621,-0.5370208,-0.837001,256,8.104410865964325e-09,2.1166190854646994e-09,2.848688527236472e-09,1.9625636492877263e-05,0.0016851852532209907,-4.167008300049483e-10,36.16998458185664,9.181617918397965,11.833336576407236,3.101152026403608,0.9487799394136892,1.2563167224402059,0.004073339866101604,0.0,0.018999601387904425,2.426476842246487,0.02688656887765239,2.264956986513991,0.029261332613668582,-0.0024673997433220063,-0.000583805167887469,0.7077563011936882,0.49970809741605626,621.4933713118164,289.7863539349286,0.6091640526816859,0.6091702863835775,0.6091702876916647,0.7614628579794719,4.997934121015067e-05,1047,0.2397,0.2341,-0.09044,0.003625,2,0.073,0.2939,-1.3e-05,12.034,6.0169,2.0,0.4604,0.68264,1.56814,0.16902,0.9787,0.9626,0.9836,0.5352,3.2096,1.5834,8.5504,13.4803,9.2579,2.8844,80,0.1348,0.7047,45,0.1223,-0.3892,1.0,0.0788311,0.0216619,0.5688877,0.014497,-0.0275211,0.0212899,0.0376939,182.0,191.0,0.1072213,0.0592577,0.2881059,0.0088347,0.0001812,-0.0363539,0.0374125,197.0,175.0
248,1817,139787,0.0,0.014902051365304949,0.0019416808972648315,0.014902051365304949,0.3553173440908703,8.191306929109414,5.678427651674936,-12.335403690851967,12.318640914825295,-0.07845489249294162,12.335403690851967,0.0046700170240452366,12.557995392589415,6.249842850635149,-6.952329612398892,8.372836073140023,-0.05586557946917018,8.372836073140023,0.434079131062289,1.9529902438769997,1.3687140502820103,0.31969995366993076,1.2845011847530483,0.8836709902297387,0.0,3.5416777086165663,2.005671531881121,0.0002604935295751343,1.4141936350064601,0.9336961292949565,3.701849409428395e-05,-0.1535536316305065,0,0,0,0.5880950239443052,0.6013171638170202,689,0.3042,-0.23804,1.675933165598368,-0.39760942877729777,2.0736213851269603,0.06724641759559818,0.033115052364334506,1.5070350152021117,1.1490104943631954,0.588677190758341,1.9518515621150978,0.7142667160104641,0.15877582125780904,483,209,43,43,0,0.3045,664,0.5841483493269638,0.004503,0.004503279147764161,127.0,373.0,-0.1030047,0.0819341,-0.0500171,-0.0400825,0.051038,-0.8421709,0.1280665,0.5124515,-0.1083539,0.6039084,-0.6104552,-0.4892041,0.6229155,565.0,372.0,0.0537633,0.0833905,-0.0603387,-0.0496404,0.0291384,-0.6014231,0.0846676,0.1042691,-0.7875593,0.6634309,-0.7235681,-0.5952765,0.349421,256,1.5312636521557225e-08,3.6639628269073307e-09,5.17268118976951e-09,1.9690706394977607e-05,0.001721459029963998,4.106951409338706e-10,20.91755795473134,5.633677877903051,6.845537520619223,3.1312172065802235,1.0419016563665202,1.3695238065901156,0.10454717618507936,0.0,0.020039888770302893,2.7550363307300763,0.009516993284327842,1.9263190917580273,0.06684826020738326,-0.00426744141607676,0.00129317173625896,0.702954731833541,0.5006465858681294,621.4934198852322,289.78637658346156,0.6091638724195895,0.6091702863667708,0.609170287691728,0.7614628579584635,5.14242648015339e-05,1048,0.2446,0.2388,-0.07545,0.000628,2,0.0746,0.32,-4.2e-05,12.033,6.0163,2.0,0.46121,0.68286,1.56638,0.16778,0.9787,0.9625,0.9834,0.5355,3.2077,1.5825,8.7764,13.3259,9.2526,2.8845,80,0.1653,0.8044,45,0.0599,-0.6617,5.0,0.0564217,0.1088387,-0.3171782,0.0206902,0.001426,-0.0366514,0.0421123,182.0,191.0,0.1216311,0.1170234,0.0193071,0.0261524,-0.0047811,0.0817546,0.0859687,197.0,175.0
249,1817,139787,2.8545829985910265e-10,0.015161772498647658,0.001991799535780693,0.015161772498647658,0.3550104151866327,8.190518432628538,5.678515733666693,-11.625839439059279,11.323491108016226,-0.08269657545865748,11.625839439059279,0.016438546207487525,12.564275244566991,6.281736158110121,-6.985971832727982,8.467009971844869,-0.057187732326558695,8.467009971844869,0.4365745536331054,1.9546488582200368,1.3693808252325732,0.3086603157900124,1.3298908759875128,0.8857135704564693,0.014141855916382715,3.55581658193945,2.0147233290301934,0.004696550810131317,1.414183424391444,0.9228055096669309,4.200354524264854e-05,-0.14786426608792172,0,0,0,0.6243262703159134,0.6015604171296445,689,0.3095,-0.24332,1.682446019619155,-0.3995399035242286,2.078289902238962,0.019130215245809823,0.03750921140265554,1.50074270880476,1.2026647395754018,0.6249533616497226,1.9244071852028506,0.7474750290582484,0.16466505219892652,481,211,40,40,0,0.3098,664,0.5843734997433501,0.001387,0.0013871959761466712,127.0,373.0,-0.1029045,0.0473032,-0.0192901,0.000304,0.0431902,0.1634972,0.7119074,0.5584164,0.3932272,0.6099855,-0.4077968,0.0064258,0.9130501,565.0,372.0,0.0545139,0.0287727,0.0100158,0.022986,0.0141137,0.5558908,-0.5575896,0.3812999,-0.4844478,0.664056,0.3480996,0.7988827,0.4905233,256,9.182240318259004e-09,1.7387292660455532e-09,2.471539834707052e-09,1.8858421291837026e-05,0.0017619328335558727,1.657595802813146e-10,24.634385039553614,5.07962480711091,6.433328792689092,3.141351917818206,1.2180892037019782,1.5123740918697188,0.07774051227849522,0.0,0.013078142422975848,0.5870215946850038,0.003293951130681533,1.2564408464905603,0.020460745770142015,0.0005728124140434737,-0.0029224228208104097,0.703136272275641,0.49853878858959466,621.4932422641306,289.78629376331605,0.6091637606088802,0.6091702864277144,0.6091702876916052,0.761462858034643,5.232053007666086e-05,1048,0.2472,0.241,-0.07254,0.004195,2,0.0766,0.3389,-0.0,12.031,6.0156,2.0,0.46123,0.68376,1.56563,0.16857,0.9787,0.9624,0.9834,0.5355,3.2077,1.5825,8.7762,13.3256,9.2524,2.8844,80,0.1148,0.9923,45,0.0656,0.0805,4.0,0.0430612,0.0573486,-0.1422905,0.0148332,-0.0151049,-0.0077876,0.0225572,182.0,191.0,0.0296201,0.0734191,-0.4250715,0.0155883,-0.0408167,-0.0126604,0.0454893,197.0,175.0
250,1818,139788,0.0,0.015368499886360864,0.002048911033650347,0.015368499886360864,0.3545978136913859,8.1921689290885,5.6774515483006,-12.177431564834038,12.117968643299044,-0.08473826212633813,12.177431564834038,0.01990728498288802,12.559909846176105,6.259521123469034,-6.981551363191744,8.47145898337817,-0.057295364469011574,8.47145898337817,0.4387574075838336,1.9563757728390392,1.3696571738666903,0.26892983733707077,1.3163152678636016,0.8934713500651358,0.0,3.56995725274259,2.0227434671938296,0.0034589563634523923,1.4141890472495058,0.9426594579923729,5.04495879989564e-05,-0.14208433579517618,0,0,0,0.6652634484810925,0.6017502535192821,689,0.3139,-0.23897,1.687238319820376,-0.39972724119619246,2.0823880791292324,0.030941132771110602,0.03589320512635623,1.5095322584101702,1.2609888246049783,0.6659225556954895,1.8935968061451254,0.7837087119856404,0.15656688751982745,484,208,41,41,0,0.3145,664,0.5845412777868937,-0.00152,-0.0015199915482113635,127.0,373.0,-0.100674,0.0346626,0.0108376,-0.0321168,0.0072497,0.0719127,0.2710367,-0.7517002,-0.5969208,0.6168161,0.3126592,-0.9265532,0.2091491,565.0,372.0,0.0552714,0.0289684,0.0062801,-0.0260991,-0.010889,0.8448469,-0.3660006,-0.0441219,-0.3877249,0.663984,0.2167904,-0.9009482,-0.3758912,256,3.5026726137349083e-09,7.854283756903587e-10,1.0390165783106243e-09,3.167510810966144e-05,0.001802785970467463,1.459611238589173e-10,21.745589987443317,5.528034734424665,6.771596091656967,3.0943550640858226,1.0339945339073493,1.324581999593389,-0.06382093171356082,0.0,0.04234876142555498,1.8495690197208057,0.03600386614983216,2.329697514126182,0.042458271445550165,0.0016354302349277448,-0.0011086724477262558,0.7097281286964632,0.4994456637761369,621.4929919054454,289.78617702750853,0.609163671609966,0.6091702865111915,0.609170287691728,0.7614628581389894,5.30339302033098e-05,1049,0.2511,0.2438,-0.07631,0.006631,2,0.0789,0.3567,0.0,12.031,6.0157,2.0,0.46125,0.68377,1.56635,0.16923,0.9788,0.9622,0.9831,0.5358,3.2047,1.581,8.9733,13.1853,9.2439,2.8845,80,0.1047,0.6108,45,0.1612,0.4683,1.0,0.1502756,0.106351,0.1711615,0.033442,0.0021541,0.1168721,0.1215816,182.0,191.0,0.0600702,0.0457493,0.1353336,0.0414046,-0.0024631,-0.0195859,0.0458695,197.0,175.0
251,1819,139789,0.0,0.015608226576553256,0.002105676380143117,0.015608226576553256,0.3542827447323579,8.194162015219481,5.6766922226629575,-12.169174227285911,12.524264081541732,-0.08940894577460815,12.524264081541732,0.0033732723948389776,12.546685054620912,6.270071767145452,-7.017251345613235,8.44744993809029,-0.057033937051237736,8.44744993809029,0.4413867745818075,1.9581651385428496,1.370022184934625,0.2883570362904252,1.3212202080801445,0.8947005809013853,0.0,3.5840829702877883,2.030792780779472,0.000169742575526044,1.4141909124110275,0.9248768871418208,5.941433401311621e-05,-0.13649637180596483,0,0,0,0.7059940854037337,0.601985521298701,689,0.3205,-0.23247,1.6907736349557532,-0.39592039975250487,2.0868174177198537,0.031299548151737966,0.03471037366295597,1.502918336288997,1.319680146449182,0.7066481872111317,1.8675207413429469,0.8200712329723046,0.15422062390374106,484,208,38,38,0,0.3203,666,0.5859984366066493,-0.001098,-0.0010979782076880884,127.0,373.0,-0.0992007,0.0635303,-0.0396006,-0.0323957,0.0376618,0.4965742,0.3228053,-0.2327528,0.7713863,0.6229882,-0.6233331,-0.5099256,0.5928168,565.0,372.0,0.0583227,0.0138068,-0.0108016,-0.0030203,0.0080517,0.0140515,0.5193246,0.3599733,0.7749347,0.6654702,-0.7823407,-0.2187533,0.5831724,256,5.797358189357875e-09,1.1447702863827229e-09,1.6095321685896557e-09,2.0467002414349857e-05,0.0018466769588348561,3.780836916068842e-10,24.11548436217936,5.813887915463075,7.36872100363962,3.104343127356491,0.9580251284991649,1.29593141712255,0.017184156807669777,0.0,0.018824044274820467,0.8488378014394198,0.021689227194319233,2.562252076578595,0.015835239200547184,-0.002578044506928907,-0.002422805030512305,0.6950484582326184,0.4987885974847438,621.4930864490477,289.78622111075555,0.6091635684117565,0.609170286480012,0.609170287691728,0.761462858100015,5.386117572024873e-05,1050,0.2549,0.2482,-0.07422,-0.004625,2,0.0818,0.3455,-1.1e-05,12.031,6.0154,2.0,0.46221,0.68344,1.56665,0.16776,0.9787,0.9622,0.9832,0.5355,3.203,1.5374,9.1733,13.0681,9.2387,2.8844,80,0.1589,0.1088,45,0.2018,0.452,-1.0,0.0250823,0.1284589,-0.6732829,0.0381688,0.0545401,-0.0419128,0.0786649,182.0,191.0,0.0535071,0.0804649,-0.2012196,0.0079277,0.034197,-0.055237,0.0654478,197.0,175.0
252,1819,139789,1.0640528097005294e-10,0.015774761381513933,0.0021581559173504882,0.015774761381513933,0.35394320023819137,8.193398663052418,5.676779193724315,-11.015103086664993,11.576636068224687,-0.09504307527116822,11.576636068224687,0.0021575102123716217,12.550827315113832,6.259306502064846,-7.1095362907427875,8.341212409451838,-0.05719348996988118,8.341212409451838,0.4433993196032831,1.9598268310477807,1.3704004096481015,0.3282908664045508,1.2892904316053615,0.8942249469315234,0.014142032861569414,3.598223265794425,2.0401022429440268,0.0005380094594289453,1.4141947609814591,0.9318926046707849,7.047264016643343e-05,-0.13110302408976213,0,0,0,0.7408926488755001,0.6022183115676464,689,0.3216,-0.22951,1.6996430391798245,-0.39789398239512835,2.0906757225059756,0.08702117573695894,0.037487103262085056,1.4993576927885748,1.3694636510327343,0.7415761106574179,1.8466933216317944,0.8512240486002369,0.14782927321424613,487,205,38,38,0,0.3214,666,0.5862029520980293,-0.003615,-0.0036150337424663004,127.0,373.0,-0.0961339,0.0857228,0.0665541,0.0026733,-0.0539611,0.3846541,-0.075197,0.0835546,-0.9161906,0.6281191,0.7763876,0.0311857,-0.6294837,565.0,372.0,0.0602619,0.0345982,0.016776,0.0302462,0.0008759,0.3378309,-0.5757365,-0.5481869,-0.5038739,0.6656727,0.484881,0.8742137,0.0253156,256,8.050694305116341e-09,1.0654728912729068e-09,1.7342622113389948e-09,2.33327849927834e-05,0.0018871983055691417,1.864146167976981e-10,21.560626500130915,6.469910779548309,8.028126256653882,3.0769367398186294,1.1540193256255953,1.4654410864295377,0.054597150982217416,0.0,0.024839123404065487,0.10042227153158907,0.0251279014061073,1.26731379325613,0.023675108412006526,-0.0028591673756807505,0.0010119704179685789,0.7025428177466608,0.5005059852089843,621.4933232559542,289.78633152771766,0.6091634967174033,0.6091702864001017,0.6091702876916822,0.7614628580001271,5.44358365639654e-05,1050,0.258,0.2521,-0.08057,-0.001865,2,0.0832,0.3321,2e-06,12.031,6.0153,2.0,0.46273,0.68452,1.56522,0.1688,0.9787,0.9622,0.9832,0.5355,3.2034,1.5376,9.1745,13.0698,9.24,2.8844,80,0.11,0.0783,45,0.1266,0.6667,2.0,0.1583628,0.060196,0.4491548,0.0490005,0.0503186,-0.011824,0.0712237,182.0,191.0,0.0830134,0.058166,0.1759993,-0.0117095,0.0445188,0.0452906,0.0645777,197.0,175.0
253,1819,139789,1.4287213633236278e-10,0.01592497576017378,0.002218632968270391,0.01592497576017378,0.35358902447192964,8.192675749299617,5.676864289806258,-10.543998658667842,11.77076354349414,-0.09717157294471906,11.77076354349414,0.013927616800015166,12.558130619790209,6.250689467532664,-7.057745188658155,8.371141378264886,-0.05775246500338962,8.371141378264886,0.4450459250330488,1.9613486927390795,1.370845832667451,0.3324574915456789,1.2832517140245998,0.8854461704386684,0.014142047003685038,3.612364055043703,2.0493279072386876,0.004417849446676003,1.4141971273844651,0.9270636823708883,8.316572215157295e-05,-0.12574488337272402,0,0,0,0.7843599139194805,0.6024291006649285,689,0.323,-0.2215,1.7073480291304053,-0.3968315524490905,2.094953805292248,0.04633877771229652,0.04333724876918172,1.4948419415373337,1.4284179314805974,0.7850117052318486,1.819613544563291,0.8881305119231703,0.1423058042835472,486,206,38,38,0,0.3236,666,0.5863788021400173,-0.007914,-0.007913911370137638,127.0,373.0,-0.0937527,0.0379486,0.0150009,0.0204857,-0.0282029,-0.837087,-0.0576387,-0.4440445,0.314305,0.6351914,0.3952962,0.5398265,-0.7431879,565.0,372.0,0.0617956,0.0647832,-0.0216951,0.0568412,-0.0222545,0.4409535,0.5206695,-0.2881073,0.6719059,0.6658895,-0.334887,0.8774068,-0.343523,256,5.315326411609536e-09,7.289469074962466e-10,1.1834048179575937e-09,2.0320907406203045e-05,0.0019285110612555648,6.068808724933797e-11,15.835615929281792,5.147488973904084,6.3216551135767896,3.054998132665468,1.0794028507311686,1.4022853516541056,0.08664445359068797,0.0,0.0168736826164587,0.9104777082859867,0.0143195554748912,2.1965806267505297,0.05750348351441803,0.00793738985419451,-8.751245395601373e-06,0.7025453783144933,0.49999562437730216,621.4931446096471,289.78624822954527,0.6091634320529089,0.609170286460612,0.6091702876916666,0.761462858075765,5.49542148996639e-05,1050,0.2624,0.2568,-0.08026,0.00198,2,0.085,0.3286,1.4e-05,12.031,6.0156,2.0,0.46321,0.68576,1.56502,0.16881,0.9787,0.9622,0.9831,0.5355,3.2038,1.5378,9.1501,13.0898,9.2412,2.8844,80,0.0274,0.9751,45,0.0909,0.7514,3.0,0.1425117,0.0786124,0.2889752,-0.0383567,0.0107453,-0.0949193,0.1029387,182.0,191.0,0.0761922,0.06744,0.060935,0.0061901,0.000926,-0.0322197,0.0328221,197.0,175.0
254,1819,139789,2.549996439366128e-10,0.016022866586932433,0.0022631573845472938,0.016022866586932433,0.35322359651105395,8.191979663269564,5.676950794506758,-12.383712176000296,12.643653613935045,-0.10177298950971254,12.643653613935045,0.005893372381436373,12.540082494774998,6.2349423563146615,-6.994141846527132,8.397009913094239,-0.05862023471578973,8.397009913094239,0.4461780815320142,1.9631787579918556,1.3711208060496012,0.3399483319739362,1.2825196446585232,0.8963555884762417,0.028283942714650893,3.62650557183046,2.0584097505318093,0.0012095938722204158,1.414199823750132,0.9117502133433895,9.6766505003539e-05,-0.12034088349555325,0,0,0,0.8114350238531423,0.6026430436875584,689,0.3288,-0.22684,1.7091309181026026,-0.3951513319304548,2.097103259961434,0.08174243964963444,0.03933695847939136,1.4946683199531279,1.4667829454097703,0.8120777333049705,1.8062100279985507,0.9121680423214771,0.14237252516315252,487,205,32,31,1,0.3309,667,0.5871698884087613,-0.00277,-0.002769884619947094,127.0,373.0,-0.0924897,0.0894146,0.0723065,0.0383357,-0.0360154,-0.2310186,0.449271,0.8627933,-0.0193317,0.6383614,0.8086657,0.4287414,-0.4027909,565.0,372.0,0.0658424,0.0220994,-0.0064613,-0.0173879,0.0120124,-0.3422705,0.332578,0.8763596,-0.065089,0.6659357,-0.292375,-0.7868024,0.5435613,256,9.20231044811334e-09,2.5137422358805464e-09,3.813249355479805e-09,2.346745499670612e-05,0.0019602126580178063,-4.3976827621905835e-10,24.882832907681518,6.138100658555225,7.81110087886733,3.141556871669379,1.1159785747967457,1.4159100800327897,0.08314831707157495,0.0,0.01848937787698995,1.841720838831116,0.02141009982808889,1.1992134578682432,0.007876990258924426,0.0018931702441462067,0.0001665577283530975,0.6998864719483823,0.5000832788641765,621.4932954082278,289.78631854304,0.6091633899088934,0.6091702864096299,0.6091702876916183,0.7614628580120373,5.529200504527154e-05,1050,0.2643,0.2586,-0.08758,0.000821,2,0.0871,0.3356,4e-06,12.031,6.0157,2.0,0.4647,0.68695,1.56453,0.16899,0.9787,0.9622,0.9831,0.5355,3.2042,1.538,9.1512,13.0915,9.2424,2.8845,80,0.0933,0.5697,46,0.1516,0.3645,4.0,0.1083635,0.0977181,0.0516558,-0.0257742,-0.0032061,-0.0431781,0.0503879,182.0,191.0,0.040239,0.0059407,0.7427151,-0.0009335,-0.0176464,0.0115956,0.0211359,197.0,175.0
255,1819,139789,1.1593586477332792e-09,0.0161952799434869,0.0023091522200008657,0.0161952799434869,0.3528451364057735,8.191287993138799,5.677038088337626,-11.386716505756691,12.071451426656555,-0.10696718456746716,12.071451426656555,0.00868349081256378,12.56432103219459,6.254625228405598,-6.971517648065565,8.377168846819556,-0.057652433027867475,8.377168846819556,0.4481629401137512,1.9649907057103586,1.3714227596260786,0.282789634056392,1.2882002400744665,0.8930319683597704,0.0412870173109554,3.6406468547533857,2.067608369720926,0.0007892424877437021,1.4142034540268058,0.883131985767741,0.00011109762417604199,-0.11511589219203314,0,0,0,0.8438435458080205,0.6029005232082804,689,0.3353,-0.21225,1.7095069251235413,-0.3918300022511243,2.0984810378873298,0.05698916643218742,0.037048750467717204,1.4940168614030613,1.5115140486848384,0.8444647344220944,1.7899078399280182,0.9406120567323863,0.14232585377404436,493,199,33,32,1,0.3364,666,0.5867595546395953,-0.000651,-0.000651106718130734,127.0,373.0,-0.0879582,0.0474274,0.0322482,-0.0316294,0.0144563,-0.3042205,0.1800426,0.6637956,0.6590978,0.6425239,0.6799502,-0.6669022,0.3048101,565.0,372.0,0.0693088,0.0216335,-0.0072926,0.0200728,-0.0034513,0.8275244,-0.3813885,-0.3497218,-0.2178092,0.6654425,-0.3370953,0.9278554,-0.1595342,256,1.0690096633716277e-08,1.6026697378910467e-09,2.3283663460571125e-09,2.456734686940723e-05,0.0019912030552850348,8.118236376935159e-10,24.43704401654856,6.070904603509005,7.4518051937618806,3.136830449626414,0.9487781848808433,1.2595897992500997,-0.06538556923222233,0.0,0.013403926885800012,1.0090172584743695,0.001002269797970029,0.46005056914749154,0.01627403548230813,-0.004892289811823433,0.00045364507794919704,0.7019739454358922,0.5002268225389745,621.4932975941315,289.7863195622706,0.6091633156857723,0.6091702864088832,0.6091702876912289,0.7614628580111039,5.5886972055652144e-05,1050,0.2655,0.2594,-0.06867,0.003402,2,0.0892,0.3358,2e-05,12.031,6.0156,2.0,0.46522,0.68744,1.56351,0.16836,0.9787,0.9622,0.9831,0.5355,3.2046,1.5382,9.1267,13.1114,9.2435,2.8844,80,0.1421,0.2022,46,0.1711,0.0647,1.0,0.0422758,0.0648814,-0.2109569,-0.0311071,-0.0025576,0.0033373,0.03139,182.0,191.0,0.0159349,0.0643161,-0.602874,0.0120675,-0.0348127,0.0105417,0.0383233,197.0,175.0
256,1819,139789,1.8495393229664706e-09,0.016348778967898842,0.00234541658559005,0.016348778967898842,0.35245575565831627,8.190621737811574,5.677127806810213,-12.283816158828712,11.066354702013205,-0.11266763641490098,12.283816158828712,0.006857009189205619,12.565897949015069,6.223840683368837,-6.972308990275302,8.363776615961289,-0.05779891503846481,8.363776615961289,0.44939300283297795,1.9667909190814372,1.3716822578182115,0.25199331670625613,1.3196132723732212,0.892020824066555,0.05478645553592233,3.654788513176471,2.076373929058999,0.0007482284229265446,1.41420476682366,0.872078703570491,0.00012568670345554164,-0.10989641766563686,0,0,0,0.8648580769611056,0.6031440765762939,689,0.3415,-0.21572,1.7106384111771136,-0.3899626042164186,2.099259001339737,0.038748951532816024,0.04251441154748413,1.494404626247353,1.5408015161495705,0.8654640654569191,1.7803183028010632,0.9591356740962707,0.14130652580564765,493,199,34,33,1,0.3423,666,0.5869251291889216,0.007072,0.00707243250081846,127.0,373.0,-0.087408,0.0598149,0.006744,0.0248997,0.0539662,0.6490065,-0.3772863,0.6423619,0.1543272,0.6447762,0.1127481,0.4162789,0.9022193,565.0,372.0,0.0737902,0.0473663,-0.0108591,-0.0406678,0.0217205,-0.9296579,0.2301862,0.1514831,0.2445475,0.6654233,-0.2292569,-0.8585804,0.458564,256,8.544491719068452e-09,1.8765603986024243e-09,2.4436200262592215e-09,2.1956739927872246e-05,0.0020177890560839997,4.882278361699916e-10,27.52068302670836,8.38715303628344,10.416417495462783,3.1146092969972674,1.3685868702170243,1.7212250093955284,-0.0336785103251515,0.0,0.012463400243717568,0.9930748372875928,0.016445690416667737,1.9468543161056684,0.03283640328977535,0.006940321195288499,0.0010899561869766221,0.7037833899353784,0.5005449780934883,621.4934042120814,289.7863692754749,0.6091632496055807,0.6091702863722035,0.6091702876909317,0.7614628579652544,5.641665965440034e-05,1050,0.2725,0.2658,-0.07157,-0.000139,2,0.0932,0.3573,-5e-06,12.031,6.0157,2.0,0.46587,0.68702,1.5628,0.16724,0.9787,0.9621,0.9831,0.5355,3.205,1.5384,9.1277,13.1129,9.2445,2.8844,80,0.155,0.3289,46,0.127,0.2366,2.0,0.0389854,0.1154779,-0.4952148,-0.0408491,-0.0323822,-0.0471373,0.0702792,182.0,191.0,0.0576743,0.0610192,-0.0281808,0.0316442,-0.0038648,0.0159646,0.0356533,197.0,175.0
257,1819,139789,1.267430980875466e-09,0.016408208598350304,0.0023786132456541137,0.016408208598350304,0.35205293480197125,8.18998385621134,5.677218156454096,-12.33138875426038,12.706691466222034,-0.11563903783803989,12.706691466222034,0.005364428640308769,12.556844848953315,6.225881898169521,-7.0419140552674255,8.311648420028666,-0.05792147409918827,8.311648420028666,0.4506283095574082,1.9685250994527521,1.3719520524525843,0.33873909116914386,1.3075065259229608,0.8918223118514257,0.06727439925564424,3.668930607419692,2.0850974404806437,0.0030616611554679096,1.4142059378133534,0.9179341285507798,0.00014104037361535937,-0.104748988180528,0,0,0,0.8884612175867995,0.6034258150870675,689,0.3449,-0.22489,1.7112777939374855,-0.394705981500159,2.0999959397772754,0.04835856498714964,0.042329047548668,1.477837047328785,1.5724241279841982,0.8890595295142295,1.7686376173745646,0.9786756451703907,0.13793355642235702,496,196,34,33,1,0.3454,667,0.58774573489582,0.005106,0.0051057973212100816,127.0,373.0,-0.0893614,0.0916715,-0.0158405,-0.0312457,-0.0847139,0.207288,0.3325594,0.9184898,0.0530316,0.6477029,-0.1727962,-0.3408445,-0.9241031,565.0,372.0,0.078009,0.0256701,0.0023545,0.0231669,-0.0108031,-0.127679,0.3651207,-0.3174663,-0.8657945,0.6652264,0.0917228,0.902485,-0.4208417,256,6.55913840134424e-09,1.9115551286918312e-09,2.4671006142880413e-09,2.3069215607244253e-05,0.002047405407626963,2.3135939136909123e-10,35.474953555035746,7.665783783364677,9.75524919914377,3.125875821554295,1.1640599843250508,1.5107885269604338,-0.10066348634961515,0.0,0.01929324812587898,2.951122597626966,0.030523979999481043,2.535381958025025,0.011620841934526355,-0.00272214988066705,-0.0008485780206858844,0.7063654584502105,0.499575710989657,621.4934839259503,289.78640644399917,0.6091632240237951,0.609170286344442,0.6091702876911825,0.7614628579305525,5.6621733226541697e-05,1050,0.2785,0.2716,-0.0596,6.1e-05,2,0.0962,0.3523,9e-06,12.031,6.0156,2.0,0.46587,0.68629,1.56162,0.16821,0.9787,0.9621,0.983,0.5355,3.0771,1.5813,9.1543,13.0959,9.2455,3.0046,80,0.1139,0.446,46,0.0723,0.7123,1.0,0.0429271,0.1430316,-0.5383156,-0.0116187,0.011571,0.0650413,0.0670765,182.0,191.0,0.0738945,0.0743489,-0.0030653,0.0079844,0.0424777,0.0547283,0.0697373,197.0,175.0
258,1820,139790,0.0,0.016538842968612313,0.0024104268706236372,0.016538842968612313,0.3516270019233598,8.192038235778854,5.67639792280808,-12.239000634148367,10.827818867644782,-0.11703878067364376,12.239000634148367,0.0030004292534983623,12.558319173321449,6.251618792874672,-7.0635272345847016,8.352854984986989,-0.05750654816461206,8.352854984986989,0.4527512463891528,1.9701885470948162,1.3721808876127402,0.3042068766834697,1.2959688294486813,0.8919509953821321,0.0,3.683072392221412,2.0929556206541533,0.00012466501994834456,1.4142058579169898,0.91093927796939,0.00015704778380626208,-0.09960468886722651,0,0,0,0.9118711336152884,0.603732800831739,689,0.3432,-0.21999,1.715168673918683,-0.3962755859968533,2.1017750784443514,0.07129770383567444,0.040603674477265046,1.4810587581876327,1.6046167431531484,0.9124610940629465,1.758559081141988,0.9987276295547822,0.1379424932547239,495,197,34,34,0,0.343,667,0.5879721025345993,0.001635,0.0016349052721433832,127.0,373.0,-0.0890525,0.0928482,0.0148295,0.0765053,-0.050476,-0.2634526,-0.9385791,-0.1490255,-0.1656909,0.6504864,0.1597175,0.8239821,-0.5436394,565.0,372.0,0.0823282,0.0093504,-0.0079722,-0.0047703,0.001057,-0.7308243,0.5145872,0.2362351,0.3811676,0.6647167,-0.852609,-0.5101746,0.1130476,256,3.409645672577472e-09,7.539940411926574e-10,1.056926788580896e-09,2.757146198561202e-05,0.0020783878617199854,-5.213699384829679e-12,36.861768344839724,7.917263591023384,9.92240243034346,3.0693408523581183,1.2384131971291839,1.5929434904217072,-0.1474378619949038,0.0,0.02887458380440665,0.4734399903303921,0.024624074250432577,2.0550590190512983,0.06595990595828802,0.0029174673684691063,0.0013055987537034562,0.7007214809787945,0.5006527993768518,621.4934689618768,289.7863994666371,0.6091631677836843,0.6091702863496833,0.609170287691728,0.7614628579371041,5.707252997053238e-05,1051,0.2749,0.268,-0.05967,0.005316,2,0.0945,0.3477,1.6e-05,12.031,6.0153,2.0,0.46587,0.68623,1.56135,0.16813,0.9788,0.962,0.9829,0.5357,2.9472,1.6231,9.1746,13.0883,9.2401,3.1352,80,0.0491,0.8778,46,0.1071,0.71,-0.0,0.1269095,0.0840999,0.2028804,-0.035361,0.0022461,-0.0316329,0.0474983,182.0,191.0,0.0778617,0.082274,-0.0275531,-0.006141,-0.049472,0.0618742,0.0794582,197.0,175.0
259,1820,139790,1.1014054773504122e-10,0.016515150751579236,0.0024465374411141634,0.016515150751579236,0.3511944454507743,8.191415552235734,5.676489919688058,-12.291550255367971,11.350838094911653,-0.11643670063368176,12.291550255367971,0.0003391158778643321,12.551652022752869,6.23966600051995,-7.066116015529094,8.357588177806269,-0.058581786859960704,8.357588177806269,0.45503927937464006,1.9717770537568757,1.372663404296077,0.2930007419248286,1.3095715976587547,0.8970582462771185,0.014141919222417055,3.696875879602297,2.102020324348161,0.0009244754912168807,1.4141891544618714,0.9214794568221668,0.00017534879938952108,-0.09459837718963886,0,0,0,0.9439751230469648,0.6040678177570931,689,0.344,-0.22469,1.7216383141388842,-0.3963038107169839,2.1045712137777355,0.07137990427314884,0.04062523887266254,1.4885781725606275,1.64846820949676,0.9445483041496073,1.745245004680733,1.025853100990719,0.13613312462129187,496,196,37,37,0,0.3431,667,0.5882272146917049,0.000405,0.0004054639013115757,127.0,373.0,-0.0902989,0.0718367,-0.0189999,0.0485565,-0.0494144,0.268139,-0.5418285,0.1173349,-0.7878806,0.6543905,-0.2644876,0.6759289,-0.6878709,565.0,372.0,0.0826566,0.0172972,-0.0025936,-0.0007895,0.0170834,0.0767283,-0.0678681,0.0690623,-0.9923392,0.6641047,-0.1499406,-0.0456444,0.9876408,256,4.212659407269835e-09,6.691866966234854e-10,1.124108239557987e-09,2.0345517002818807e-05,0.0021054940618804676,-4.1400894290252584e-11,33.75365242755031,7.993720819929828,9.985183934802546,3.1367797429409214,1.0828162579493106,1.4359811704697005,0.09167137953628067,0.0,0.02624200254145926,1.0875697245141007,0.03160377819031856,0.89231831036935,0.035164601228382816,-0.002359864937596936,0.0004031226837157665,0.6950898466142617,0.5002015613418579,621.4934433347129,289.7863875173505,0.6091631779808613,0.6091702863586128,0.6091702876916806,0.761462857948266,5.699077480163011e-05,1051,0.2726,0.2658,-0.05471,-0.001288,2,0.094,0.3297,-9e-06,12.03,6.015,2.0,0.46582,0.68696,1.56098,0.16782,0.9788,0.962,0.9828,0.5357,2.9474,1.6232,9.1755,13.0896,9.241,3.1353,80,0.0632,0.9754,46,0.1891,0.8959,0.0,0.0823763,0.1362323,-0.2463582,0.0022292,0.0103809,0.0925514,0.0931584,182.0,191.0,0.0291487,0.0319563,-0.0459468,-0.0193775,0.0159031,-0.0002086,0.0250687,197.0,175.0
260,1822,139792,0.0,0.016569409487776948,0.0024938510699209714,0.016569409487776948,0.3513920737821738,8.189404610963786,5.677326298202127,-12.151388779656177,12.000582425363293,-0.12268370253262635,12.151388779656177,0.005571767219998651,12.565340276349705,6.220379203444563,-7.042351186948211,8.394057422646917,-0.05883339634700137,8.394057422646917,0.4567768780399418,1.9732799226506486,1.3728532729903244,0.29030659387339885,1.3251334469534621,0.8974966782549086,0.0,3.7110160121248086,2.108968557284408,0.0004009130346572798,1.4141942805183207,0.9392992985831926,0.00019289185000530705,-0.08972729903814305,0,0,0,0.9905165058101186,0.604456385724073,690,0.3508,-0.22771,1.7236570759918464,-0.39617606723070226,2.107547446047086,0.08174970751516165,0.04130483205551,1.4811955667507415,1.7087619612556657,0.9910746940938427,1.7241505321836688,1.0635340306407306,0.1294433121560905,500,193,33,33,0,0.3512,667,0.5879400323712315,-0.00361,-0.0036096849835292044,127.0,373.0,-0.0917404,0.0770462,0.0003657,-0.0279645,0.0717911,-0.0692215,0.2049174,-0.9649437,0.1486639,0.6603915,0.004746,-0.3629574,0.9317936,565.0,372.0,0.0832032,0.062857,0.0067552,-0.0472846,0.0408599,0.7245946,-0.1044059,0.5163386,0.4443608,0.6624624,0.1074688,-0.752257,0.650046,256,6.391255545404251e-09,1.1117646711994692e-09,1.7184732167558758e-09,2.6046148281966327e-05,0.0021455185076152137,-2.3194693838817346e-10,36.4563422316255,8.303179627200677,10.472346710995577,3.114032677590602,1.0668286996592728,1.3896731228169283,-0.11158004282092757,0.0,0.020972338074621767,2.5620267192896313,0.015749631181172147,1.6668602955041927,0.03814468993052565,-0.0014238759394534393,0.00021172171407997213,0.6979242026824544,0.50010586085704,621.4935045021729,289.78641603816186,0.6091631546238782,0.6091702863372459,0.609170287691728,0.7614628579215573,5.7178006182301274e-05,1052,0.2744,0.2676,-0.07315,5.9e-05,2,0.0965,0.3318,2.9e-05,12.031,6.0154,2.0,0.46588,0.68768,1.56183,0.16632,0.9791,0.9618,0.9823,0.5357,2.9488,1.624,9.1797,13.1139,9.2595,3.1401,80,0.1637,0.8963,46,0.2887,0.9029,-2.0,0.1204778,0.0558812,0.3662795,0.0323563,0.0019788,0.0293419,0.0437241,182.0,191.0,0.0644191,0.0694936,-0.0378942,0.0156467,0.00949,0.013351,0.0226523,197.0,175.0
261,1823,139793,0.0,0.01663002229298322,0.00253520649584498,0.01663002229298322,0.35094565875981143,8.184769536417964,5.679071885389868,-12.290491909576232,12.695836017973344,-0.12568731078978831,12.695836017973344,0.008213409976526975,12.562425879377049,6.230096981361696,-7.036216456595732,8.300886719053516,-0.05970989591171542,8.300886719053516,0.4590414884827612,1.974686416941938,1.3732361842574365,0.29556472755006213,1.3384847859812656,0.9016484558836277,0.0,3.7251508275208685,2.1169158567771347,5.8079900494334424e-05,1.4141928381353563,0.9179337193274277,0.0002096167838990056,-0.08503818540749032,0,0,0,1.0296475783197638,0.6050266923910275,691,0.3505,-0.23136,1.72997426545963,-0.39692171369344376,2.1111575692442224,0.05018880426304056,0.04414046720861075,1.4870529176424407,1.7613112770059325,1.030221513634448,1.7096432696229795,1.0967657154316235,0.1293522604204326,502,192,34,34,0,0.3504,668,0.58844458310439,-0.002649,-0.002648667812815253,127.0,373.0,-0.091715,0.059142,-0.0588102,-0.0045524,-0.0042914,0.3927569,-0.8674644,-0.253091,-0.1708577,0.6644509,-0.9943892,-0.0769732,-0.0725615,565.0,372.0,0.0851852,0.0614614,-0.0013391,-0.0587865,-0.0178843,0.3632974,-0.0974978,-0.0672321,-0.9241153,0.6615015,-0.0217882,-0.9564795,-0.2909849,256,5.440167280140171e-09,1.1619660391536003e-09,1.609662558269859e-09,2.3919948803899467e-05,0.0021774689628434912,2.6410881273960177e-10,22.10639716854724,5.992942021620878,7.183757702885754,3.1383039924848366,1.2509561948495633,1.6226718460177054,0.010617614083464046,0.0,0.025639612887547538,0.5317797578786609,0.01148021779297905,1.1698049867698745,0.030385920972489027,0.0017244691207245748,-0.0013953705222816929,0.7036275986484536,0.4993023147388592,621.4936823172486,289.78649894875247,0.609163128535724,0.6091702862741073,0.609170287691728,0.7614628578426341,5.738715348475972e-05,1052,0.2814,0.2752,-0.06859,-0.003913,2,0.0989,0.3287,7.1e-05,12.03,6.0151,2.0,0.46695,0.68797,1.56213,0.16782,0.979,0.9621,0.9827,0.5359,2.9521,1.6258,9.036,13.2387,9.2842,3.1449,80,0.2059,0.7393,47,0.2641,0.8542,-2.0,0.0971729,0.1478608,-0.2068611,0.0687278,0.0330696,0.0872273,0.1158694,182.0,191.0,0.0672198,0.1518008,-0.3861785,0.0150927,0.0748381,-0.0519318,0.0923333,197.0,175.0
262,1823,139793,1.5186869685102806e-10,0.01667590963839512,0.002582060049036706,0.01667590963839512,0.35047566321217427,8.194872390455158,5.67916426389062,-12.389059830985971,11.747597918777352,-0.12534425523109513,12.389059830985971,0.007999656163443447,12.559751289962533,6.250359887623471,-7.014140365247706,8.311222066802578,-0.06028267166380209,8.311222066802578,0.4605570287684924,1.976005970876418,1.373573830179607,0.2833648603374972,1.3468868049072906,0.9077050763349106,0.014142086158471616,3.7392917645963073,2.126574546230903,0.0014913142924698475,1.4141936502742851,0.9244825232424664,0.00022527887028670734,-0.0805122078113495,0,0,0,1.074543065356774,0.6053999859379601,691,0.352,-0.22407,1.732766706187042,-0.3964985187105891,2.111886739430329,0.034592979771089716,0.045913582688489565,1.4844673894138025,1.8197216074226943,1.0751158492476547,1.692581881939607,1.1340259808586268,0.129023399666518,502,192,38,38,0,0.3515,668,0.5887245595917667,-0.002444,-0.0024439886400187127,127.0,373.0,-0.089211,0.0364817,0.03389,-0.0050742,-0.0125153,0.406055,-0.0912779,0.6914393,-0.5905077,0.669427,0.9289601,-0.1390895,-0.3430559,565.0,372.0,0.0873281,0.0338013,-0.0116374,0.0282007,-0.0145541,-0.481236,0.0780327,-0.2936779,-0.8222385,0.6596551,-0.3442873,0.8343079,-0.4305771,256,7.310666221896765e-09,1.9213490120206522e-09,2.5711149582788402e-09,2.5047232505950127e-05,0.0022078264557241745,-3.365875339114506e-11,24.923535356227575,5.774742801095931,7.001569528245324,3.1262913740758074,0.9031970038077773,1.2184216727025023,0.09764632160415398,0.0,0.024076591408634405,2.994164231898971,0.009935731749060785,0.7606739968371206,0.03768211741927288,0.002140490317364516,-0.000874663691317848,0.7038633951395632,0.4995626681543411,621.4936037448398,289.78646231246165,0.6091631087809681,0.6091702863021697,0.6091702876916627,0.7614628578777122,5.7545509563570835e-05,1052,0.2818,0.2754,-0.07413,-0.000463,2,0.0994,0.3223,6.2e-05,12.03,6.0148,2.0,0.46729,0.68861,1.56206,0.16785,0.979,0.9621,0.9827,0.5359,2.9524,1.626,9.0626,13.2216,9.2851,3.1449,80,0.1406,0.7278,47,0.1392,0.9956,0.0,0.064301,0.033117,0.320105,0.0149914,0.0256496,-0.0123259,0.0321647,182.0,191.0,0.0238383,0.0491952,-0.3471968,0.009746,-0.0027657,0.009936,0.0141901,197.0,175.0
263,1825,139796,0.0,0.01669401481722605,0.0026242428945924792,0.01669401481722605,0.35024432689301843,8.218414530813655,5.677297275829301,-12.237852652069094,12.299423714922321,-0.12210280718916197,12.299423714922321,0.013966484643118086,12.565707392371504,6.221203326104193,-6.986425312316065,8.428308332651223,-0.061267418590341065,8.428308332651223,0.4623158585009261,1.9772331304581758,1.3736716919525536,0.3193361032792251,1.3602217232916822,0.907140770732025,0.0,3.7534321335840337,2.1334237176065804,0.0004684755101437288,1.4141986775176332,0.9273013793460203,1.636669350466599e-07,-0.0762054766181314,0,0,0,1.1157760456503456,0.6057067377306549,691,0.3579,-0.22429,1.7347820299559358,-0.39437459170854144,2.115141823342636,0.017631748462820507,0.04261940855991934,1.4880728970196875,1.8731526078091592,1.1163585733683579,1.677913040213726,1.1676345102935928,0.1289778026514876,501,193,39,39,0,0.3573,668,0.588939483659781,9.4e-05,9.353957011470904e-05,127.0,373.0,-0.0878306,0.0391474,0.0075908,-0.0346821,-0.016494,-0.5025841,0.4578173,0.6793961,-0.276104,0.6740344,0.1939036,-0.8859359,-0.4213299,565.0,372.0,0.0889013,0.0744542,-0.0083174,0.0256655,-0.069394,0.2183491,-0.2726109,-0.145298,-0.9256865,0.6578271,-0.1117121,0.3447156,-0.9320363,256,8.511516325009546e-09,1.1962552635774515e-09,1.7618850679883567e-09,2.5581618169779526e-05,0.0022348843003546625,8.974271047850017e-11,12.561201207469416,5.605983647471605,6.639718658995214,3.120583443245427,1.0343214705443011,1.4179863245350164,0.0483330986355955,0.0,0.00805130799349806,1.706411458804976,0.03277723478874907,2.1476193064893367,0.037269596275784085,-0.0006782582803892013,-0.0007664849501234379,0.6948852438492227,0.4996167575249382,621.4935315005101,289.78642862679123,0.6091631009845676,0.6091702863277604,0.609170287691728,0.7614628579097005,5.7607993915842965e-05,1054,0.2752,0.2679,-0.05189,0.003851,2,0.0987,0.3221,1.2e-05,12.03,6.015,2.0,0.46745,0.68757,1.56269,0.1666,0.9789,0.9619,0.9826,0.5359,2.9488,1.624,9.1799,13.1507,9.2739,3.145,80,0.0633,0.8691,47,0.1022,0.6852,-3.0,0.0351702,0.0505836,-0.1797403,0.0101024,0.019132,-0.0052855,0.0222717,182.0,191.0,0.119165,0.0236305,0.6690307,-0.0037221,0.0107453,-0.0545684,0.0557407,197.0,175.0
264,1825,139796,9.491507693568712e-11,0.016643104072855384,0.002664634534399779,0.016643104072855384,0.3497578063829155,8.235789109726513,5.677390114151855,-12.29265739349413,12.036916297429388,-0.12210034295274803,12.29265739349413,0.014409980442596095,12.564561964487186,6.1950492447758245,-6.89126279474446,8.547321343893703,-0.06146964582212652,8.547321343893703,0.46394033056712675,1.97835497778884,1.3740518153128505,0.32303396570324905,1.3712904065152756,0.9062125406158705,0.014141971511567023,3.767572337884927,2.142484916749714,0.0021630178250096055,1.41419046454639,0.92947393659416,4.839809954126357e-05,-0.07191374570705306,0,0,0,1.15739139734864,0.6060560041463531,691,0.3622,-0.2246,1.738480691837707,-0.3938101245227596,2.117046295641352,0.08627655527307766,0.04216306972343089,1.4959095682985446,1.9270058894560638,1.1579367134747502,1.6641720286020483,1.2012597294718728,0.1285430239775499,502,192,34,34,0,0.3613,668,0.5892051886956956,0.000247,0.00024739369518567145,127.0,373.0,-0.0876763,0.0675435,0.0583058,-0.0325389,0.0101868,0.1910178,-0.6590545,0.4820233,0.5448053,0.6781025,0.8632343,-0.481747,0.150819,565.0,372.0,0.0908987,0.0868297,-0.0047274,0.0505539,-0.0704369,-0.9051416,-0.0415798,-0.3581106,-0.2252701,0.6569058,-0.0544442,0.5822192,-0.8112069,256,3.6048104171046954e-08,7.242423457678144e-09,1.1957022620674486e-08,2.1276054856339697e-05,0.0022637649287791696,-1.122248875676893e-09,15.558091803214701,4.945593361732637,6.0023159119579566,3.140880504594709,1.1570845326363055,1.473109512588264,0.05331059059464392,0.0,0.01692170787182625,1.9092088969676382,0.00924406409056907,1.0366994546459687,0.04703200771176043,0.00023341963391056036,0.005419978771256642,0.6936686320567449,0.5027099893856283,621.4938458719462,289.786575210096,0.6091631229063452,0.6091702862147536,0.6091702876916871,0.7614628577684419,5.743228119104238e-05,1054,0.2863,0.2784,-0.06336,-2.5e-05,2,0.1039,0.3276,7.6e-05,12.03,6.0149,2.0,0.46826,0.6868,1.56183,0.16881,0.9789,0.9619,0.9826,0.5359,2.9491,1.6241,9.1805,13.1517,9.2746,3.1449,80,0.0199,-0.9475,47,0.0887,-0.3738,-1.0,0.1064412,0.0587538,0.2886736,0.0362203,0.027415,0.0114622,0.0468495,182.0,191.0,0.0993684,0.0838903,0.0844605,0.0098295,-0.0132007,-0.0311971,0.0352723,197.0,175.0
265,1829,139802,0.0,0.016583562322723056,0.0026903831211025223,0.016583562322723056,0.34954706234763533,8.249702196877076,5.67857537490096,-12.198366382167018,11.911674994777073,-0.12177931076321229,12.198366382167018,0.012919841457920054,12.564107152116126,6.188711773786177,-6.863360772326921,8.477643936807917,-0.05850447462989887,8.477643936807917,0.46571435895104524,1.9793663048072272,1.37377489946848,0.24402367364212496,1.3815195373731577,0.9100349962005062,0.0,3.7817129761426895,2.1469549345030714,0.001072724710708517,1.4141960763008692,0.9412575900124946,1.2910381795175633e-07,-0.06770819042745693,0,0,0,1.1945522235239876,0.6062940006144303,693,0.3596,-0.22519,1.743321983322025,-0.3929033956747311,2.1196884436349555,0.031876295718991005,0.04647225095586602,1.4936644713494356,1.9753852231085878,1.1950593602351953,1.6529599188443822,1.230512388615348,0.13213941104205695,501,195,31,31,0,0.3585,670,0.5894159085681617,-0.001611,-0.0016110292739373033,127.0,373.0,-0.0891785,0.0366267,-0.0322565,0.0160441,0.0066043,0.0480782,0.2045858,0.5795257,0.7873901,0.6817376,-0.8806835,0.4380451,0.180314,565.0,372.0,0.090898,0.0766329,0.015744,0.0674926,0.0327028,0.7894383,-0.5829949,-0.1714768,-0.0866016,0.6542333,0.2054471,0.8807266,0.426746,256,1.1491830587689442e-08,3.3887823224963256e-09,5.1139919279880475e-09,6.053997128557104e-05,0.0022868174334426073,-5.188035843714458e-10,12.562724174740145,5.557156103054064,6.618072953186206,3.1315558421265317,1.1580832144295543,1.4657574194702039,0.07154867805575443,0.0,0.0336433204287289,1.6998497028188126,0.007136827118447065,2.45124149263848,0.03949996501994461,-0.0002558347912842345,0.00017906386576808505,0.6954086728591344,0.500089531932884,621.4937477902615,289.78652947713226,0.6091631485362335,0.6091702862505004,0.609170287691728,0.7614628578131255,5.722682262921301e-05,1056,0.2889,0.2806,-0.05745,0.002025,2,0.1041,0.3319,-3.5e-05,12.031,6.0153,2.0,0.46759,0.68701,1.56257,0.16753,0.979,0.962,0.9826,0.5358,2.9511,1.6252,9.0586,13.2891,9.3095,3.1546,80,0.114,-0.7755,47,0.1561,-0.839,-2.0,0.0735904,0.1136862,-0.2140994,0.0908578,0.0164921,-0.0066317,0.0925803,182.0,191.0,0.1137586,0.1236851,-0.0418055,-0.0034959,-0.0301634,0.0850134,0.0902736,197.0,175.0
266,1831,139805,0.0,0.01653690202665621,0.002723670813565897,0.01653690202665621,0.3486219145574282,8.27041898189602,5.677039903957084,-12.280541392848072,12.63796637855876,-0.12152053081090224,12.63796637855876,0.0013293696909162378,12.561985874877273,6.157817952944979,-6.9690721228651595,8.485598624912802,-0.060732870199085076,8.485598624912802,0.4676137587665417,1.9802626015788765,1.3737662432516855,0.3080287840413658,1.3886134493074715,0.9114846316629455,0.0,3.795853148151522,2.153690532374561,0.002570692675019859,1.4141917198715486,0.9256175470339493,4.936182870125235e-07,-0.06365411002146741,0,0,0,1.2352108403007003,0.6066326932376964,693,0.3637,-0.22825,1.7455029910064208,-0.3938437655496844,2.121254902440093,0.032744323803846447,0.04661456334201964,1.4922045171083846,2.0282268004242883,1.2357116295768313,1.6413431353064576,1.2631457083006736,0.13013706380813558,501,195,30,30,0,0.3645,669,0.589060752763485,0.001722,0.00172247893951738,127.0,373.0,-0.0888272,0.0273343,0.0208332,-0.0029169,-0.0174537,0.6921181,0.4583816,0.1380067,-0.5401972,0.6854299,0.7621634,-0.1067106,-0.6385294,565.0,372.0,0.0922049,0.0794998,-0.0039874,0.0363893,0.0705701,0.4324297,-0.2496019,-0.6309581,-0.5937973,0.6531171,-0.0501564,0.4577281,0.8876764,256,6.82325186117697e-09,2.2738427818005183e-09,3.0457072816444294e-09,1.9309798286469444e-05,0.0023106303709899876,-4.5102039444599037e-10,25.11943760953103,8.027650066644862,10.023839634356202,3.138802814581812,1.1612265686076508,1.4484810078081947,0.05012662969717222,0.0,0.05140152014965255,1.3222999785869947,0.03247223005955901,1.3972948072285272,0.04443110054283028,-0.0007757358535340866,-0.0005452249770047763,0.6924790106943958,0.4997273875114977,621.4937542351751,289.78653248222946,0.6091631686235228,0.6091702862481702,0.609170287691728,0.7614628578102126,5.7065805939999305e-05,1058,0.2841,0.2767,-0.05948,-0.00148,2,0.1036,0.3285,1.5e-05,12.03,6.0151,2.0,0.46848,0.68582,1.56052,0.16713,0.9789,0.9618,0.9826,0.5358,2.9471,1.6231,9.277,13.1431,9.297,3.1546,80,0.1459,-0.704,47,0.1429,-0.9967,-2.0,0.0388661,0.0358247,0.0407197,0.0109531,-0.0126181,0.0190128,0.0253115,182.0,191.0,0.1013879,0.0698318,0.1843021,0.0257056,-0.0056656,0.0335785,0.0426661,197.0,175.0
267,1835,139811,0.0,0.016458023956959177,0.00274888879771749,0.016458023956959177,0.3486769811021239,8.281757035903027,5.678350414588789,-12.15876060492276,10.605914658325132,-0.11836211262644847,12.15876060492276,0.0035989874911184216,12.561936966152656,6.139514034580498,-6.993029120213778,8.592687092174176,-0.0585436196077001,8.592687092174176,0.4685415458965518,1.9810342504139964,1.3735550009921003,0.3346645432597825,1.400259511917655,0.90363364443156,0.0,3.809994388885501,2.158667761227201,0.0001190608239963753,1.4141897225759432,0.9149063807732205,3.425137825351506e-07,-0.05983971138997049,0,0,0,1.2756098894325603,0.6062426071570195,695,0.3622,-0.22434,1.747461738026038,-0.39377754904172785,2.1231730407054266,0.0354828314137088,0.04228554972839893,1.4927617281419472,2.08056975317492,1.2760986932163125,1.630414453235586,1.2963454971528985,0.1301223895915798,501,197,33,32,1,0.3626,671,0.588607111025713,-0.000937,-0.0009371935181561319,127.0,373.0,-0.0863397,0.0262326,0.0037548,0.0135644,0.0221372,0.1602503,0.6479193,-0.6541291,0.355859,0.6887992,0.1431339,0.5170818,0.8438834,565.0,372.0,0.091943,0.0374944,0.0063625,0.0359967,-0.008342,-0.3406503,0.2590735,-0.5469126,-0.719531,0.6506391,0.1696909,0.9600547,-0.2224859,256,8.16986552396263e-09,1.1218295496254521e-09,1.6150576665978772e-09,3.215740873774734e-05,0.0023236524807711562,-1.8451883831643222e-10,24.224211089166534,7.855636573274106,9.802512294741742,3.107728379014758,1.103190215678858,1.4490625589577466,0.00042195492377426064,0.0,0.006556984891806178,1.4794868644263859,0.029638348037348224,2.2324291338198172,0.027938662166932984,-0.0013110314736436437,-0.0008640415848369324,0.7068228158605436,0.49956797920758156,621.4937514330468,289.7865311756692,0.6091632025794596,0.6091702862491681,0.609170287691728,0.7614628578114602,5.6793612491887303e-05,1060,0.2803,0.2734,-0.05795,0.000811,2,0.1017,0.3292,2.2e-05,12.03,6.0151,2.0,0.46833,0.68624,1.5611,0.16685,0.979,0.962,0.9826,0.5357,2.9494,1.6243,9.1558,13.2813,9.3325,3.1642,80,0.1367,-0.3195,47,0.0658,-0.9911,-2.0,0.0970456,0.0374387,0.4432256,-0.0081296,0.0173562,0.060848,0.0637951,182.0,191.0,0.145767,0.0972129,0.1998276,0.0182054,0.1039029,-0.0634867,0.1231171,197.0,175.0
268,1835,139811,8.03498162872818e-11,0.016364971009742567,0.002777451924684421,0.016364971009742567,0.3481586034560389,8.294461411195009,5.678436152470352,-12.270694570172202,11.398488208014026,-0.1193612365877873,12.270694570172202,0.010345736167332104,12.564361992730689,6.171411364928386,-7.12086825387112,8.588089496817084,-0.05919155470285736,8.588089496817084,0.4690770926022013,1.9816763540283915,1.3737706626770412,0.30968686051531336,1.4107609553879081,0.908867607923843,0.014142046088896068,3.824135604293043,2.167896438283074,0.0009944232388205965,1.4141929478018709,0.9207331499084684,3.428318953716778e-06,-0.055861046085465355,0,0,0,1.3067232935697228,0.6065711145813614,695,0.3646,-0.21718,1.7471486997491918,-0.39057331319427485,2.1225530857030686,0.050829557044720454,0.044512962279415556,1.4911345357899528,2.1201100142379916,1.3071941445641708,1.6218784509204283,1.3212489933583234,0.12637559669778337,502,196,33,33,0,0.3658,672,0.5894674926707851,-0.00085,-0.0008500981529320217,127.0,373.0,-0.0828279,0.080888,0.0673575,-0.0264908,0.0361121,0.6033189,0.619148,0.490271,-0.1108893,0.6915687,0.8327247,-0.3274995,0.4464456,565.0,372.0,0.0935297,0.1391014,-0.0119647,0.0219504,0.1368365,0.3903032,-0.2350828,0.3351695,0.824658,0.648082,-0.086014,0.1578017,0.9837175,256,1.0189966102050038e-08,1.7373261523443443e-09,2.4493659153300834e-09,3.4747191054048854e-05,0.002338613523725763,2.054464981954214e-10,25.8799894012133,8.154597626156583,10.137622788144096,2.938757176051445,0.7890343709978713,1.0556737250751733,0.01249925164976011,0.0,0.01885834988097659,1.5595324547776885,0.018307832788490568,1.2341432313154779,0.06533181408050821,0.0006187654744668905,0.0024796959873019772,0.6912368486160696,0.501239847993651,621.4937909492864,289.7865496010741,0.6091632426375191,0.6091702862348155,0.6091702876916935,0.7614628577935193,5.6472500301587184e-05,1060,0.2802,0.2741,-0.08177,-0.002614,2,0.1024,0.3149,5.9e-05,12.031,6.0153,2.0,0.46867,0.68582,1.56053,0.1688,0.979,0.962,0.9826,0.5357,2.9495,1.6244,9.1306,13.3001,9.3329,3.1642,80,0.0876,0.2118,47,0.0379,0.3249,0.0,0.1404318,0.0486729,0.4852282,0.0166731,-0.020683,0.0493453,0.0560423,182.0,191.0,0.1369493,0.1436546,-0.0238961,0.0090911,0.0136528,0.0085996,0.0185203,197.0,175.0
269,1835,139811,1.438553196166812e-10,0.016275203055311736,0.0028147604329097687,0.016275203055311736,0.3476350076391225,8.30608132843492,5.678517291507027,-12.316957197234904,12.015694779828475,-0.11648748218689427,12.316957197234904,0.007299863363383922,12.564100502758627,6.161476048121482,-7.113667146446844,8.581535353626021,-0.05844200065722402,8.581535353626021,0.4704439898209116,1.9821859624972726,1.3740938411021406,0.27784515931660647,1.4109301409456283,0.9119688580906379,0.014142060231011692,3.8382763414277252,2.1770639130370695,0.0014226656709394048,1.414197094036036,0.9440966388344679,8.458791637718131e-06,-0.05205844819585736,0,0,0,1.3531029815495033,0.6068778761198865,695,0.3632,-0.21163,1.753963013881853,-0.38851804278405,2.125105031798818,0.04487182949369261,0.04593653934864276,1.4887148656523905,2.17632926491371,1.353551482636511,1.607865894154653,1.357456600924926,0.12600225761563458,503,195,33,33,0,0.3641,672,0.5896981006586673,-0.003562,-0.0035620242999554463,127.0,373.0,-0.0814415,0.0384495,-0.0075289,-0.0108663,0.0361054,0.3509909,0.8026594,-0.4708221,0.1042582,0.6960331,-0.1958129,-0.2826121,0.9390355,565.0,372.0,0.0936813,0.0507528,0.0174433,0.0169939,0.0445285,0.3400526,0.4005365,0.0642382,0.8484151,0.6451358,0.343691,0.3348369,0.8773601,256,9.775104023690092e-09,2.473054954198941e-09,3.560803033935591e-09,2.2893316968374327e-05,0.002361975187774178,-2.791772597244224e-10,17.123341009916942,5.1930959890280075,6.24715125555173,3.118989113260667,1.151255486327424,1.494731201502529,0.013506203207277676,0.0,0.011228349978996077,1.1294391818825233,0.02638311668211011,2.3900062662021235,0.048351439581648774,-0.0007306506592468641,-0.0003792570967848206,0.7142347842237404,0.49981037145160756,621.4938624654648,289.78658294722635,0.6091632812846973,0.6091702862086645,0.6091702876916661,0.7614628577608307,5.61627211646153e-05,1060,0.2833,0.2775,-0.07066,-0.000467,2,0.1033,0.2792,1e-06,12.031,6.0155,2.0,0.46898,0.6843,1.55955,0.16772,0.979,0.9619,0.9826,0.5357,2.9497,1.6245,9.1826,13.2646,9.3337,3.1643,80,0.1013,0.9804,47,0.1663,0.9813,-2.0,0.0892508,0.1201229,-0.1474499,-0.0586181,-0.0014035,-0.0829572,0.1015871,182.0,191.0,0.0629843,0.063029,-0.0003545,-0.0180381,-0.022845,0.0241048,0.0377929,197.0,175.0
270,1835,139811,1.0939227110319774e-10,0.016191478207707118,0.0028453458509361262,0.016191478207707118,0.3471085575995671,8.316549241913808,5.678598863457287,-10.730494108452719,12.58610287575341,-0.11577568917411094,12.58610287575341,0.01069250356190506,12.563657806418602,6.161181237172121,-7.14398564916798,8.691552724518486,-0.05855614078907406,8.691552724518486,0.4709947355095829,1.9825598201449064,1.3744083625053223,0.33375325515586224,1.3840437839856068,0.911363880345258,0.028284083373076103,3.8524177377488407,2.186343584422051,0.0017222397600632489,1.4141968970263572,0.9599371033686309,1.0898360784347926e-05,-0.04829211155819732,0,0,0,1.3858757715438133,0.6072235270185531,695,0.3667,-0.21447,1.760435844450187,-0.3881001978027438,2.1282211346489555,0.021690316782909076,0.04893162959050112,1.4841692689004795,2.218755158279407,1.3863432545754062,1.6004370858059556,1.384193256842247,0.12583047473440354,504,194,34,34,0,0.3672,672,0.5899801222850736,-0.000367,-0.00036658871941730453,127.0,373.0,-0.078808,0.0064643,0.0040808,0.0032107,-0.0038505,0.2210352,0.3768823,0.4046478,0.8033451,0.6984226,0.6312759,0.4966775,-0.5956528,565.0,372.0,0.0939179,0.0505851,0.0005326,0.0479607,-0.016073,-0.5010838,0.4810054,-0.3662754,-0.6191859,0.6425961,0.0105294,0.9481187,-0.3177421,256,1.544804820608316e-08,2.62566711184274e-09,4.128084642338903e-09,3.521537600839552e-05,0.0023847193193734283,-1.6279747266682215e-10,21.747817380921138,5.776154213796946,7.02890152226701,3.0894720090260765,1.1135325366574698,1.454934179662487,0.0016051076072919612,0.0,0.012165014102453688,2.090871783951943,0.013874172976547234,1.5921233347782355,0.02808227143597142,0.0015837785856558726,-0.0012878952731542428,0.7016461841600952,0.4993560523634229,621.4938647888995,289.78658403058415,0.6091633173273419,0.6091702862078106,0.6091702876916809,0.7614628577597632,5.587380196316564e-05,1060,0.288,0.282,-0.07264,0.00106,2,0.1062,0.254,6.7e-05,12.03,6.0152,2.0,0.46891,0.68423,1.55909,0.16777,0.979,0.9619,0.9826,0.5357,2.95,1.6247,9.1322,13.3026,9.3346,3.1643,80,0.0848,0.8264,47,0.1881,0.9786,-0.0,0.0473025,0.0373013,0.118212,0.0368573,-0.0179946,0.0059152,0.0414398,182.0,191.0,0.1003306,0.0377481,0.4532384,0.0134607,0.0608493,0.0128507,0.0636315,197.0,175.0
271,1835,139811,5.551664519046935e-11,0.01607407543657843,0.002877246782714359,0.01607407543657843,0.3465811700614001,8.325970804977931,5.678679430646682,-12.123787880897387,10.956234841978658,-0.11642141093886497,12.123787880897387,0.009567513259603066,12.561617176520896,6.196796683941357,-7.127678114711488,8.779034771432192,-0.058353856192963925,8.779034771432192,0.4718869588903258,1.982790540951531,1.3747668793254677,0.3307608766424179,1.3803251916206716,0.9165664284609231,0.03705764848738661,3.8665590344325174,2.1959960093988826,0.00044653570289965305,1.414196436209121,0.9369392583133042,1.5968027020650115e-05,-0.044535157145868066,0,0,0,1.428287365784117,0.6075547936137465,695,0.3755,-0.20535,1.7576323457901473,-0.38622211551881014,2.1312498802126143,0.04638469453130003,0.04845267038083073,1.4890063063237684,2.2734352504872195,1.4287522542505506,1.591203264053463,1.4181431771630868,0.12621209801153996,508,190,35,35,0,0.3759,672,0.5902543399051075,-0.000709,-0.0007088999786115657,127.0,373.0,-0.0758966,0.0428515,-0.009901,0.0329069,-0.0255999,-0.5502659,0.545477,-0.5909822,-0.2245045,0.701597,-0.2310545,0.7679298,-0.5974091,565.0,372.0,0.0950625,0.0338971,0.0129389,0.0011441,-0.0313096,-0.8281693,-0.2209369,0.2192504,0.4661027,0.6394863,0.3817119,0.0337528,-0.9236648,256,1.0719004571916503e-08,2.5583006600372734e-09,3.548801672190056e-09,3.590272302912333e-05,0.002405406632685008,2.413918179524455e-10,20.3993748736568,5.841396633437883,7.019052985232773,3.1412334023237074,1.2537339943142296,1.5347591198331034,-0.0550457582023917,0.0,0.016057867280017832,0.5810744326326198,0.02913962005716108,2.2995446143712153,0.033076060193168895,0.0023488844432686617,-0.002537452754446867,0.6975343998693749,0.49873127362277664,621.4940844743476,289.7866864642511,0.6091633678741263,0.6091702861260015,0.609170287691704,0.7614628576575019,5.5468647068302685e-05,1060,0.2888,0.2821,-0.06013,0.003538,2,0.1091,0.2422,2.2e-05,12.03,6.015,2.0,0.46803,0.68255,1.55813,0.16789,0.979,0.9619,0.9826,0.5357,2.9505,1.6249,9.1594,13.2865,9.3362,3.1643,80,0.1318,-0.5251,47,0.0329,0.6773,-2.0,0.076144,0.104895,-0.158811,0.0757059,-0.009598,0.034411,0.0837115,182.0,191.0,0.0834124,0.0569191,0.188791,0.004373,0.0508462,-0.04177,0.0659484,197.0,175.0
272,1837,139813,0.0,0.01598172737881428,0.0029055561602697694,0.01598172737881428,0.34612636695481375,8.333106447880711,5.6796288708497045,-12.109383656471344,12.5257915759485,-0.11670062276584962,12.5257915759485,0.0013894521032898018,12.542772336502296,6.157554657924334,-7.1071055170831885,8.783180365603283,-0.056739023443618426,8.783180365603283,0.47284600229036033,1.9828874294282692,1.3749488924232203,0.3084531229362317,1.3915773998123406,0.909038075159124,0.0,3.8807004468459834,2.2031269280008012,0.005007698715297049,1.4141965666975764,0.9465566675452575,1.9864186954150533e-05,-0.040848509562086036,0,0,0,1.466164997270983,0.6075219727534183,696,0.3795,-0.20923,1.7551362772344503,-0.38417903463186037,2.136241007717678,0.0386924924728863,0.05162047468831151,1.482867851632958,2.3221820361394045,1.4665872843014136,1.5833916337584641,1.4484751446229394,0.12253602976826802,512,187,35,35,0,0.3787,672,0.5895759321435554,0.002583,0.0025828735597026586,127.0,373.0,-0.0734533,0.0526397,0.0231494,0.0296592,-0.0368155,-0.4440856,-0.5771344,-0.414801,0.5455675,0.7040981,0.439771,0.5634372,-0.6993854,565.0,372.0,0.0980023,0.04183,0.0134156,-0.0143318,0.0369373,0.8309595,0.4835219,0.2099366,-0.1778752,0.6374123,0.3207168,-0.3426215,0.8830352,256,2.1492491718096026e-08,5.234949534342578e-09,7.186505190588621e-09,3.440634899209629e-05,0.0024219353327801347,1.282141135059314e-09,20.347916718858052,6.004139987430884,7.42985506868414,3.136163020131655,1.1081221885347925,1.3967453289267242,0.07964351230336994,0.0,0.01093715752384729,2.2917693997359834,0.03821776885398747,0.5750694251691173,0.011394556819924167,-0.0006484327886131034,-0.0012564488177193719,0.7012569244215028,0.4993717755911403,621.4942800742962,289.7867776674699,0.6091634076329875,0.6091702860513412,0.609170287691728,0.7614628575641764,5.514995372616103e-05,1061,0.286,0.2793,-0.05722,0.004248,2,0.1091,0.2426,2.4e-05,12.029,6.0147,2.0,0.46744,0.68127,1.55835,0.16765,0.9788,0.9622,0.983,0.5357,2.9521,1.6686,9.0359,13.3851,9.3553,3.169,80,0.1797,-0.7372,47,0.1001,-0.8677,-1.0,0.1189093,0.054087,0.374703,0.0334322,-0.0235977,-0.0575259,0.070596,182.0,191.0,0.0446728,0.0919519,-0.346051,0.0017856,0.0527265,-0.0104655,0.0537848,197.0,175.0
273,1837,139813,1.0586893503799352e-10,0.01576789764505082,0.002929963632088847,0.01576789764505082,0.3456009352600696,8.340647420143096,5.6797098689892795,-12.277931854412829,11.747766481532691,-0.11547963238868801,12.277931854412829,0.006873467825102994,12.563483269724712,6.157851050513636,-7.111755518613647,8.750850199501992,-0.05640548496711075,8.750850199501992,0.47455484916434443,1.9828560937352604,1.3752934114851292,0.3266489615109543,1.3787890922151547,0.9137586925987355,0.0141419744125102,3.8948411673860206,2.2123104191555236,0.0007219837945323659,1.414184564498614,0.9047756053307244,2.249017133627731e-05,-0.03709067041805431,0,0,0,1.5103424925013043,0.6078757501141319,696,0.3822,-0.20784,1.7572719447459362,-0.3836094682653621,2.138311241959836,0.05486167399348611,0.05240883867189874,1.4757310660336458,2.377964379339931,1.5107422929434187,1.5740370746534678,1.4830854591965474,0.12286163395287127,511,188,35,35,0,0.3832,671,0.5892522310332597,0.001411,0.0014108316167646962,127.0,373.0,-0.0719991,0.0574349,-0.0466039,0.0334741,-0.0025156,-0.3930479,0.3778073,-0.7739011,0.3222609,0.7074576,-0.8114217,0.5828177,-0.0437988,565.0,372.0,0.0973234,0.0679415,-0.0353402,-0.0554978,-0.0169444,0.2134849,0.0429542,-0.5366724,0.8152067,0.6341462,-0.520156,-0.8168468,-0.2493972,256,1.0488392186345085e-08,3.3255078138306354e-09,4.317268117465764e-09,3.4465278973332665e-05,0.002437702518697977,6.16080926004778e-10,32.08266397466733,8.402241978766341,10.751519619840426,3.1358521968127544,1.197407714956623,1.5341011287839688,-0.22638331182922727,0.0,0.03701638029328787,1.4539228667090511,0.031592844751878645,1.2621933867689596,0.04393410071395415,0.0005610726562347711,0.004262853858888268,0.704415334294043,0.5021314269294441,621.4942771097369,289.78677628517227,0.6091634996882124,0.6091702860524595,0.6091702876916825,0.7614628575655743,5.441206754560121e-05,1061,0.2938,0.2869,-0.07436,0.000246,2,0.1126,0.2622,7.4e-05,12.029,6.0145,2.0,0.46754,0.67966,1.5575,0.16712,0.9788,0.9622,0.983,0.5357,2.9526,1.6689,8.9861,13.4242,9.357,3.1691,80,0.1487,-0.7542,47,0.1888,-0.6291,-0.0,0.0692511,0.0620845,0.0545672,0.0122179,0.0128325,-0.025827,0.0313206,182.0,191.0,0.0568657,0.0862419,-0.2052738,0.0157222,-0.0033451,0.0101317,0.0190008,197.0,175.0
274,1838,139814,0.0,0.015597646671142575,0.0029480164217568273,0.015597646671142575,0.34498676908362574,8.343565063679156,5.681249367095814,-11.53771416951767,12.034229048867207,-0.11460143158302409,12.034229048867207,0.004891568869087289,12.55219593394002,6.119727888147748,-7.1169813801271635,8.76954850219081,-0.05572884777338824,8.76954850219081,0.4754989370019064,1.9826911452527403,1.3753823523911872,0.32673878238735454,1.356936214004999,0.9089075587015022,0.0,3.90898183784855,2.2201736732923885,0.0005360185926118755,1.4141891382562641,0.9164456175292638,2.8972804478215292e-05,-0.03331269936107264,0,0,0,1.5481319464327459,0.6080277532314683,697,0.3806,-0.21276,1.7615943172932966,-0.3835401661495031,2.1384591499922965,0.011478717424023082,0.050353426657446354,1.4702827481299192,2.424271197440091,1.5485163887781477,1.5655444236873433,1.511821162394556,0.120615951367131,513,187,37,37,0,0.3821,673,0.5899700520705605,0.00181,0.0018097247491684065,127.0,373.0,-0.0725479,0.0222623,0.0048846,-0.0216848,-0.0012325,-0.5667349,0.720139,-0.3043234,-0.2599973,0.7103008,0.2194103,-0.9740607,-0.0553607,565.0,372.0,0.0964599,0.0640687,0.0229097,0.0080031,-0.059295,0.082111,-0.3313598,-0.9245266,-0.1694373,0.6298584,0.3575806,0.1249139,-0.9254905,256,1.0806182735213639e-08,3.2922569221556173e-09,4.695773582623108e-09,3.0134182767228743e-05,0.002454837789630106,-5.463161498035204e-10,22.915977224195647,6.054749227067247,7.1855881609957075,3.0931576762971296,1.0711011322467612,1.3796002525052269,-0.04914201060006798,0.0,0.008057463353164821,2.313510500338916,0.019897088363135862,1.2619829140987209,0.009373081672537685,-0.0005673742949990083,-0.001452557955785425,0.687150178561713,0.49927372102210726,621.4939190055619,289.7866093104176,0.6091635729759254,0.609170286187845,0.609170287691728,0.7614628577348062,5.382459427044979e-05,1061,0.2954,0.2887,-0.09033,0.002414,2,0.1126,0.2753,2.6e-05,12.03,6.0149,2.0,0.46714,0.67953,1.55733,0.16657,0.9791,0.9622,0.9827,0.5354,2.956,1.6708,8.8424,13.55,9.3822,3.174,80,0.0749,-0.6988,47,0.2314,-0.4738,-0.0,0.0750572,0.0694308,0.03894,-0.0514738,-0.0009556,-0.0452721,0.0685568,182.0,191.0,0.0456722,0.1039291,-0.3894143,-0.0262259,0.0221682,0.0194643,0.0394726,197.0,175.0
275,1838,139814,9.427652245817452e-11,0.015405358250145372,0.002968934706504321,0.015405358250145372,0.34446153445102656,8.349740346167469,5.681325937906815,-12.204858357823916,12.273341668829474,-0.11074792651649829,12.273341668829474,0.0032539642874312626,12.56175585454784,6.1429597617744625,-7.147711686350561,8.789960362033645,-0.054787698035866784,8.789960362033645,0.47741264710479003,1.982384298162196,1.3757158199952524,0.3231803025616805,1.365965856557427,0.9130576462189928,0.014142046139580838,3.9231226548818556,2.2293645543039924,0.0005864900747408752,1.4141771488393935,0.9046205432211655,3.911954795658544e-05,-0.02948488706558706,0,0,0,1.5895708646676678,0.6083530189029447,697,0.3888,-0.21389,1.7614601963189054,-0.38311806123165504,2.1396511181928437,0.03973302231110424,0.05121657889168987,1.4680934737453444,2.475795859376603,1.5899495240821366,1.5571537472586479,1.5440207439044928,0.12377730925958591,513,187,34,34,0,0.3903,673,0.5902313069695145,0.002051,0.0020514050970374953,127.0,373.0,-0.0709883,0.039159,-0.0359412,-0.0088943,0.0127497,-0.731169,-0.308471,-0.0642518,0.6050696,0.7132372,-0.9178251,-0.2271336,0.3255877,565.0,372.0,0.0965331,0.0501263,-0.0307201,-0.0389379,-0.0072634,0.7655971,-0.5627224,-0.305905,-0.0602226,0.6270014,-0.6128543,-0.7767965,-0.1449028,256,1.0442571890185057e-08,2.3093854210053407e-09,3.3279386759639636e-09,6.616809176317951e-05,0.002463548454229003,-2.908236077129611e-10,24.11853321428528,6.065178151559969,7.2145882857830905,3.0964298882067656,1.1793847474316044,1.4975942198059882,0.001679529299789706,0.0,0.015509360909006434,2.4429621826035843,0.017324576055551696,2.180384957673327,0.025684852490729042,0.0031542273263591293,-0.002680581402064293,0.7031650355836143,0.4986597092989679,621.4940218391082,289.786657259052,0.6091636557576441,0.6091702861495496,0.6091702876916875,0.761462857686937,5.316103369236183e-05,1061,0.2907,0.2847,-0.06835,-0.001553,2,0.1132,0.2789,5.6e-05,12.029,6.0146,2.0,0.46733,0.67819,1.55601,0.1674,0.9791,0.9622,0.9827,0.5354,2.9562,1.6709,8.8685,13.5323,9.3826,3.1739,80,0.0346,0.2167,47,0.1315,-0.3872,-0.0,0.1259557,0.166671,-0.1391373,0.1411874,-0.0098462,0.0348359,0.1457545,182.0,191.0,0.0162664,0.1074211,-0.7369763,0.0193546,0.0392433,0.0210067,0.0485378,197.0,175.0
276,1838,139814,1.7058613496834204e-10,0.01517328219826776,0.0029826207066619742,0.01517328219826776,0.34393574633261065,8.355294163032456,5.681399155414538,-12.308937978285497,12.046530684959382,-0.10758604566376775,12.308937978285497,0.0009337713786028261,12.531202195053103,6.127651879680925,-7.195435045784858,8.77573854531859,-0.05497473193154209,8.77573854531859,0.4785207633379768,1.9819363383537574,1.3759411101519317,0.3212691102324672,1.3705334630662165,0.9116503547066229,0.014142060281696463,3.9372631295911247,2.2383589879090895,0.0017747222943551577,1.4141849269348539,0.9291587218520313,5.176785953444733e-05,-0.025607833657686527,0,0,0,1.629288234009192,0.6086316607896914,697,0.3886,-0.20934,1.7636401100443502,-0.3831789297312883,2.139386255765605,0.029006035324554265,0.04968188925552261,1.4696828515298728,2.5235100001354875,1.6296234371193254,1.5485233843938078,1.5744322259075927,0.12350570941782517,514,186,35,35,0,0.3898,673,0.5904517887720584,0.002433,0.0024333041254314125,127.0,373.0,-0.0706437,0.0302826,-0.0105551,-0.0273725,0.0075079,-0.6416205,-0.4565441,0.4047029,0.4648722,0.7162994,-0.3485536,-0.9039041,0.2479269,565.0,372.0,0.0946163,0.0368864,0.0104233,0.0190504,0.0298168,0.5336716,0.0862891,0.6636809,0.5169879,0.6222263,0.2825795,0.5164607,0.8083422,256,7.982038911020368e-09,2.000658721076528e-09,2.7303032825030077e-09,3.143677979394944e-05,0.002468487738396317,-8.243232552344266e-11,14.223427126541834,5.436120740598078,6.453346192369978,3.134243878751398,1.0677232613113086,1.3712888010194118,0.09541481077724381,0.0,0.02189969596663884,1.5288639334986067,0.03481471946737556,1.6049375935210006,0.0153747054203919,-0.0016702546960380288,-0.0012997958690493033,0.6984448983399842,0.49935010206547537,621.4941310238357,289.7867081690786,0.609163755667011,0.6091702861083848,0.6091702876916546,0.7614628576354809,5.2360173087769e-05,1061,0.2858,0.2803,-0.07014,0.004026,2,0.1112,0.27,-1.4e-05,12.03,6.0148,2.0,0.4671,0.67716,1.55556,0.16797,0.9791,0.9622,0.9827,0.5354,2.9562,1.6709,8.8429,13.5508,9.3828,3.1739,80,0.152,0.8612,47,0.1062,0.9856,0.0,0.1130148,0.0513016,0.3755758,-0.0131904,-0.0527071,0.0561705,0.0781482,182.0,191.0,0.0604954,0.1515531,-0.4294191,-0.0033145,-0.058175,-0.082767,0.101221,197.0,175.0
277,1839,139815,0.0,0.014923056835143497,0.003004792565341994,0.014923056835143497,0.34355503621375943,8.356640695516326,5.68279791769433,-12.571655517816543,12.446258010237287,-0.10770301406597604,12.571655517816543,0.02659173639498391,12.564294040914621,6.112405802350408,-7.220857300532043,8.71241481756317,-0.0545256892594276,8.71241481756317,0.47923319755177657,1.9813577260049273,1.3761594732562261,0.323328129384997,1.3746948492854603,0.9141627019728212,0.0,3.95140375277289,2.246584529231818,6.642060496042657e-05,1.4141862856836869,0.8829831612950775,6.527758877459302e-05,-0.0219377205399933,0,0,0,1.6735763928415932,0.6087568137016288,698,0.3893,-0.20061,1.7699180563193495,-0.37864344464574934,2.1434466116804165,0.0470429216230618,0.055268089128619045,1.4768328655391976,2.578917065052941,1.6738961164966084,1.5406673327198477,1.6099904523612751,0.12355372953093458,511,190,38,38,0,0.3902,674,0.5905429533479276,0.00025,0.0002497534140126767,127.0,373.0,-0.068178,0.0550162,-0.0005227,-0.0477231,0.0273681,0.5604575,-0.3718821,-0.4987192,0.5466902,0.7191893,-0.0095003,-0.8674372,0.497456,565.0,372.0,0.0942757,0.0459761,0.0194014,0.0251242,0.0332591,-0.3557798,0.0856447,0.0253883,0.9302909,0.6184316,0.4219881,0.5464613,0.723399,256,2.131356280250731e-08,5.908105244143742e-09,8.781891609191266e-09,3.006165161178083e-05,0.0024820038314457625,9.260889671859694e-10,15.808262483882551,5.554972426344539,6.588957246716186,3.1372633534865977,1.0072319007869344,1.3625833814465984,-0.027504094166677113,0.0,0.028801930316441557,0.49788426685552145,0.006169455998081215,1.2405175804834427,0.04309727342546447,-0.0016356345907387658,-4.813123807858222e-05,0.6978879535502095,0.4999759343809607,621.4943154449735,289.78679415990587,0.6091638633898109,0.6091702860376413,0.609170287691728,0.7614628575470517,5.1496676646034033e-05,1061,0.2843,0.279,-0.06212,0.001355,2,0.1109,0.2534,2e-05,12.03,6.0148,2.0,0.46664,0.67638,1.55558,0.16681,0.9793,0.9622,0.9825,0.5351,2.9591,1.6725,8.7229,13.656,9.4062,3.1787,80,0.1745,0.8333,47,0.216,0.8834,-1.0,0.0698892,0.0536157,0.1317643,0.0189405,-0.01331,-0.0140673,0.0270886,182.0,191.0,0.0918685,0.0538676,0.2607518,0.0086809,0.0634704,0.0050629,0.064261,197.0,175.0
278,1839,139815,9.850004012787631e-11,0.014676411038859772,0.00301989376026391,0.014676411038859772,0.343033412101688,8.361308414045224,5.68287039558142,-12.38527757908609,10.30105124317154,-0.10734304806732457,12.38527757908609,0.039041305489744375,12.560712152713212,6.107024964090278,-7.084261992995741,8.795831872601465,-0.053172423358262194,8.795831872601465,0.4802555958244938,1.9838964577131528,1.3764084085196755,0.24913741984303228,1.3823502648820634,0.9044158424152929,0.01414203004227397,3.965544324630011,2.255618766436572,0.004348852424823413,1.4141781740683161,0.8977045618616379,7.928799357951759e-05,-0.01831564298457578,0,0,0,1.708919866776808,0.6090780486884899,698,0.3946,-0.20433,1.7697641200688083,-0.3779411119281574,2.1440261206198103,0.07734825518620744,0.05482922380756963,1.4729483641055001,2.6231592507499086,1.7092611046855892,1.534674394426372,1.637982182149848,0.12369564735404498,514,187,37,37,0,0.3954,674,0.5908140325800859,0.003521,0.0035214192299259928,127.0,373.0,-0.0682384,0.08908,0.0075684,0.0336867,-0.0821168,-0.6964987,0.167422,0.6949247,-0.0627626,0.721315,0.0849614,0.3781627,-0.9218322,565.0,372.0,0.0946086,0.0363775,0.0006073,0.0316441,-0.0179334,-0.7307972,0.3719319,-0.3258134,-0.4705824,0.6148068,0.0166955,0.8698804,-0.4929801,256,1.0402538409866993e-08,2.7859985607850237e-09,4.027392060335783e-09,2.9953833335563342e-05,0.0024908986125861976,6.012706809887145e-10,24.43236183676104,6.357672287498268,7.67168175295128,3.1305766433418207,1.026364970291382,1.3934636742855262,-0.14442675322406118,0.0,0.01780887639144958,2.708587743209829,0.016377988523353728,1.8759011960617795,0.04801144796493714,-0.00016552323579610453,0.0004691777128445449,0.6919540256772383,0.5002345888564222,621.4940854179306,289.78668690421955,0.6091639695672361,0.6091702861256455,0.6091702876916857,0.7614628576570568,5.064556690180397e-05,1061,0.2921,0.2866,-0.07352,-0.000631,2,0.1155,0.2553,4e-05,12.029,6.0144,2.0,0.46706,0.67385,1.55429,0.16773,0.9794,0.9622,0.9825,0.5351,2.9591,1.6726,8.6716,13.6929,9.4064,3.1788,80,0.1192,0.9113,47,0.2147,0.8604,-3.0,0.069897,0.1157829,-0.2471235,0.0266468,-0.0100834,0.0319791,0.0428297,182.0,191.0,0.0169642,0.0665785,-0.5938784,-0.0047844,-0.0138551,0.0212378,0.025805,197.0,175.0
279,1839,139815,2.0397711886873947e-10,0.014559044486285276,0.003035706378121139,0.014559044486285276,0.34251372964588045,8.365538624069087,5.682940902214041,-12.129664384375511,12.643654676506005,-0.10452613547691186,12.643654676506005,0.01352604077270262,12.556394465805779,6.1175199071897515,-7.005246558670967,8.734632743886516,-0.05309553223221166,8.734632743886516,0.4818106137636351,1.9868360989658254,1.3766657171651668,0.3099608688228701,1.3954119615070488,0.9080907644440223,0.014142044184389595,3.9796847747044675,2.264527999264592,0.0005561310770685335,1.4141841949363,0.9320564356708043,9.264956342243847e-05,-0.014523992546711623,0,0,0,1.7558600732571568,0.6093668103136572,698,0.398,-0.20716,1.7730259835302493,-0.38012681663634823,2.142383244491709,0.08554973144286349,0.05214649627928556,1.4702404493334589,2.677152125871301,1.7561922171416164,1.524407237283309,1.6726225979523803,0.12290479841088722,512,189,36,36,0,0.3987,674,0.5910542990882703,0.003032,0.003032462399641389,127.0,373.0,-0.0688165,0.0723208,-0.0185865,-0.008167,-0.0694128,0.4584225,-0.0263643,0.7314518,-0.5041151,0.7249486,-0.2570002,-0.1129268,-0.9597908,565.0,372.0,0.0931042,0.0794326,-0.0040226,-0.0741932,-0.0280843,-0.1388362,-0.2648016,0.556141,0.775443,0.6103854,-0.0506417,-0.9340395,-0.3535614,256,9.777196212749229e-09,1.9099097727434397e-09,2.675733839095215e-09,2.977718933871781e-05,0.0025006047035579,-2.6306529181420536e-10,20.25829274362782,6.055071164637334,7.193167321757643,3.073114678485288,0.9780690520931887,1.2878490284760409,-0.04250650502280006,0.0,0.018236847751700074,1.8353641914128258,0.035031992965115145,1.3148777557113056,0.06693211982471726,-0.0014249619289627864,0.001141514654604044,0.6941348559765641,0.500570757327302,621.4942518796178,289.78676452101746,0.6091640200979422,0.609170286062188,0.6091702876916402,0.761462857577735,5.024054328481709e-05,1061,0.2845,0.2782,-0.06705,0.003983,2,0.1134,0.2499,3.8e-05,12.029,6.0143,2.0,0.46747,0.6725,1.55304,0.1668,0.9794,0.9622,0.9825,0.5351,2.9592,1.6726,8.6717,13.6931,9.4065,3.1787,80,0.0617,-0.4514,47,0.0708,0.9047,-3.0,0.1666378,0.0915297,0.2909277,-0.0098874,0.0888234,-0.0600538,0.1076746,182.0,191.0,0.1325573,0.0314428,0.6165517,-0.026654,-0.0571441,-0.0248796,0.0677855,197.0,175.0
280,1841,139818,0.0,0.014794160774879696,0.0030522074818856576,0.014794160774879696,0.34277742598297156,8.361766778679566,5.685918436478328,-12.25520743153552,12.017386644700661,-0.10259290273673527,12.25520743153552,0.00898523761558772,12.564951372493898,6.1346624770788045,-7.089342710544092,8.737574862987477,-0.052930391044766316,8.737574862987477,0.48272510748087555,1.989744991887851,1.3768827719956795,0.31532623561732476,1.4085409392176313,0.9030632585099138,0.0,3.993825590163395,2.2715344946579314,0.0004416350303800831,1.4141783746463066,0.8691709544736835,2.1323802783905452e-06,-0.010859819584601721,0,0,0,1.8103247837755405,0.608833212195705,700,0.3998,-0.20933,1.771882554302508,-0.37669285410187625,2.1442316948315,0.014845621315789276,0.05002056438137041,1.4735413829545023,2.742779241310898,1.810648394111336,1.5148050003695226,1.7147728905036002,0.12267834219564666,513,190,32,32,0,0.3998,675,0.5898986537443373,0.002955,0.0029549358310003715,127.0,373.0,-0.0678379,0.0252362,0.0017544,-0.0231116,0.0099821,0.8411385,-0.0999055,0.5176347,-0.1206613,0.728503,0.0695201,-0.9158104,0.3955481,565.0,372.0,0.0923228,0.063391,-0.0003214,0.043873,-0.0457545,0.7422729,-0.1517357,-0.403796,-0.5127924,0.6065057,-0.0050701,0.6921019,-0.721782,256,1.9348018677294236e-08,4.276878383845004e-09,5.866142601227134e-09,2.200114919765942e-05,0.002508936993939048,-4.5640278464347186e-10,22.579380616554104,5.669904326542283,7.062579229454987,3.1302539760666086,1.1022206557994056,1.4576217249123824,0.060025056951499636,0.0,0.015391134746314039,2.1244075177503623,0.02055675269943893,2.0262729054534065,0.022520803920065707,-0.000888974629596654,-0.001578986920031735,0.6888183198157101,0.4992105065399841,621.4945195217421,289.7868893156475,0.6091639188828667,0.6091702859575201,0.609170287691728,0.7614628574469001,5.105186369824103e-05,1061,0.2838,0.2769,-0.06156,0.002633,2,0.1136,0.2418,5e-05,12.029,6.0144,2.0,0.46748,0.67153,1.55345,0.16783,0.9796,0.9625,0.9825,0.535,2.9651,1.6759,8.3023,13.9967,9.4539,3.1884,80,0.1912,-0.7185,47,0.2099,-0.3888,-5.0,0.0973908,0.0495406,0.3256642,0.0363507,-0.0592423,-0.0072288,0.0698804,182.0,191.0,0.0272594,0.1479265,-0.6887944,0.0264901,-0.0565184,0.0392809,0.0737499,197.0,175.0
281,1842,139819,0.0,0.014933173441645787,0.003058089525445874,0.014933173441645787,0.34253810493257586,8.361535743548439,5.687453094789912,-12.149011981133231,10.885427436380283,-0.10202279868302044,12.149011981133231,0.008637026489265353,12.558494112503064,6.141984070954924,-7.0485349018647545,8.640795715499822,-0.05246609512127374,8.640795715499822,0.48401287600231474,1.9926327738776475,1.3770414575396894,0.30825912886502954,1.4144646516136206,0.9146728828370212,0.0,4.007966121134316,2.2794527365572237,0.0018141866789330718,1.4141632166625733,0.8502650370911186,1.0539483057329402e-05,-0.007403392597898615,0,0,0,1.842709744732958,0.6084239323484323,701,0.4063,-0.20527,1.7663108713299431,-0.37398155042038483,2.1449338577900985,0.023089313457930437,0.05079369114127588,1.4708935381281991,2.7842158821206713,1.8430324272984284,1.510671131382022,1.7401992380073803,0.11945479345913672,515,189,30,30,0,0.4056,676,0.589437861962062,0.000793,0.0007931076072560383,127.0,373.0,-0.0682139,0.0475898,0.0054301,0.0290816,-0.0372768,0.2599023,-0.1647767,0.9514588,-0.0050603,0.729928,0.1141022,0.6110897,-0.7832944,625.0,379.0,0.0322163,0.055528,-0.0547475,-0.0027402,-0.0088632,0.5760713,0.3527757,-0.586059,-0.4474661,0.6065469,-0.9859449,-0.0493476,-0.1596166,256,1.6925882570682037e-08,4.280783278382494e-09,5.695513183939586e-09,2.7526549166040578e-05,0.002512200953657895,1.246261920006476e-09,19.479871285717827,5.860814574647501,7.15438318060927,3.120922553554115,1.0493503551705547,1.3751576464017283,-0.0813711516663502,0.0,0.014181507707179382,0.6754167971476552,0.019494044449096675,0.984550588371756,0.033341590922249434,0.0013869284145844752,-0.001704852575271549,0.7065471368293695,0.49914757371236423,621.4947270630774,289.7869860868275,0.6091638590407362,0.6091702858741161,0.609170287691728,0.7614628573426452,5.153155303244512e-05,1061,0.2786,0.2716,-0.07467,-0.002279,2,0.1134,0.2286,5e-06,12.029,6.0143,2.0,0.46733,0.66909,1.55406,0.16602,0.9798,0.9624,0.9823,0.5347,2.9681,1.6776,8.0526,14.1952,9.4778,3.1932,80,0.2585,-0.8353,47,0.3206,-0.651,-1.0,0.0736618,0.0591388,0.1093596,0.0351094,-0.0231708,-0.0177927,0.0456743,182.0,191.0,0.02557,0.0961252,-0.5797692,0.0341261,0.0191754,0.0077342,0.0399012,189.0,190.0
282,1842,139819,1.1781321043493548e-10,0.01531867614868743,0.003049504847045104,0.01531867614868743,0.3420200803042849,8.364859062358983,5.687519075168258,-11.724337402141213,12.613582401938855,-0.10099724909010939,12.613582401938855,0.01054640076766955,12.565448995699786,6.150454021062259,-6.986775756295111,8.556450201788731,-0.05206572828961616,8.556450201788731,0.48448164742000754,1.9955011127106141,1.3771222463506554,0.3231961659535739,1.4186855316527318,0.9080728942153318,0.014141996091300272,4.022106160774285,2.2877788941623725,0.0001382848225673916,1.41417342109821,0.8628944475205036,2.4613254725815436e-05,-0.003940612671824191,0,0,0,1.8557785258221597,0.608677639838558,701,0.4082,-0.20505,1.7674561207797361,-0.37554218896970243,2.1462741993134897,0.07300253679193593,0.0522059311717059,1.4743649891904431,2.801531068769864,1.8561045356146413,1.509360607128816,1.7502951726505833,0.11941910428419811,515,189,28,28,0,0.4074,676,0.5896389405247402,-0.007142,-0.007142109395781526,130.0,373.0,-0.070852,0.0719852,-0.0535316,0.0379658,-0.0295777,-0.2882515,-0.1192922,-0.9499939,-0.0138555,0.7276434,-0.7436467,0.5274114,-0.4108853,625.0,379.0,0.0302142,0.0982921,-0.0186549,-0.0889223,-0.0374986,-0.4892339,-0.820867,0.2306074,-0.1834332,0.602133,-0.189791,-0.9046745,-0.3815015,256,1.5408389626168997e-08,3.359441239347993e-09,4.507733471966355e-09,6.646049569834723e-05,0.0025115132672143973,4.589280137599018e-10,16.395353011273844,5.5265029931941285,6.565789827170334,3.1315683682177586,1.134569502165695,1.4696846220681157,-0.12922890434959444,0.0,0.03263542520490684,2.227157196259305,0.03772734907212461,1.902163272221612,0.04794483384338901,-0.003418823733161531,0.0021745590257493154,0.6952559000846479,0.5010872795128747,621.4943879276409,289.78682795670704,0.6091636930795904,0.6091702860093883,0.6091702876916774,0.7614628575117353,5.286187870131895e-05,1061,0.278,0.2721,-0.08084,-0.003877,2,0.1136,0.2371,1.8e-05,12.029,6.0145,2.0,0.46683,0.668,1.55302,0.16714,0.9799,0.9624,0.9822,0.5347,2.9681,1.6776,8.0526,14.1954,9.4779,3.1933,80,0.2352,-0.9474,47,0.304,-0.8028,0.0,0.1366099,0.0308084,0.6319593,-0.021327,0.0406329,-0.0362241,0.0584642,181.0,192.0,0.1314987,0.0865496,0.2061428,0.0186527,-0.0147353,-0.0497236,0.0551134,189.0,190.0
283,1844,139822,0.0,0.01538281794483153,0.003045401150043948,0.01538281794483153,0.34266223710119675,8.359492574552648,5.691254807526743,-12.403352086001416,12.582127954430971,-0.09968325447802714,12.582127954430971,0.006629064637562151,12.552828231762149,6.166502338824006,-7.041979995297255,8.605847563404303,-0.05291510067482378,8.605847563404303,0.48600300360771254,1.9983262944934712,1.3772392694619087,0.35847147506243215,1.4285527839431915,0.9131146231739613,0.0,4.036246320962675,2.2940630023906907,0.0005624013047877963,1.4141719052674273,0.8723136676619115,2.5471435350603077e-06,-0.0005689212022999819,0,0,0,1.890738948424359,0.6095498750399038,703,0.4044,-0.20803,1.7714372861673189,-0.37378224541846317,2.145974664798095,0.051033524678448024,0.05138312741122188,1.4729848558255552,2.842056155326047,1.891036783905273,1.5029089753911486,1.776250485907778,0.11805590305829136,516,190,28,27,1,0.4034,678,0.5905401230307726,-0.005033,-0.005033201712980384,130.0,373.0,-0.0700149,0.0667426,0.0617957,-0.0112896,0.0225478,-0.8223141,-0.3497117,-0.4290656,0.1319243,0.729984,0.9258818,-0.1691518,0.3378321,477.0,382.0,0.0524018,0.083723,0.0520954,0.0648552,-0.0094555,-0.8550192,-0.0026584,0.3589806,0.3742568,0.6123066,0.6222355,0.7746405,-0.1129381,256,1.7162736902054386e-08,4.617144249275009e-09,7.073849856897658e-09,2.858651414752399e-05,0.002505504210966967,1.0496305845303172e-09,23.662489243987217,5.591074655717165,6.873244649429482,3.128759553825632,1.178273060934645,1.51572126076004,-0.10328313258412668,0.0,0.023838988690686683,2.4577233513403547,0.027527624342685162,1.0729780336970225,0.06363817871724499,-0.0016662644211125352,0.003375220694564493,0.6966916778853016,0.5016876103472823,621.4941435578033,289.786714013345,0.6091636654639272,0.6091702861036312,0.609170287691728,0.761462857629539,5.308324088358011e-05,1061,0.2664,0.2604,-0.07786,0.010436,2,0.1078,0.2278,-1.8e-05,12.029,6.0144,2.0,0.46641,0.66653,1.55408,0.16776,0.9801,0.9627,0.9823,0.5347,2.9745,1.6813,7.4752,14.651,9.5272,3.203,80,0.1662,-0.9989,46,0.2419,-0.7793,-3.0,0.0689594,0.088336,-0.1231863,-0.0272793,0.0192019,0.0309202,0.0454855,181.0,192.0,0.0811719,0.0985777,-0.0968337,-0.0235672,0.0107737,-0.0181836,0.0316564,186.0,196.0
284,1846,139824,0.0,0.015504682478816275,0.0030488825325341233,0.015504682478816275,0.34324139073523896,8.354371237181825,5.69446687258031,-12.15654992615178,11.848493256193287,-0.102629770709087,12.15654992615178,0.0023695842043541804,12.554263520303092,6.172276119810034,-6.989925326318052,8.657995202261546,-0.05328624305448177,8.657995202261546,0.4882134399795467,2.0007498232241328,1.3773677474904482,0.3054996906752926,1.4346868286476593,0.91140541361793,0.0,4.050386727145753,2.3008380527714842,4.883255826770849e-05,1.4141662734764846,0.8604369941207417,1.3249915939310715e-05,0.0026663693261921055,0,0,0,1.920650633219512,0.6093570165667119,705,0.4095,-0.20711,1.766157977637197,-0.3712917420618824,2.1479031032997424,0.061319672357746526,0.050978066257964146,1.4791519421546302,2.88144264742741,1.920930010966888,1.500024795789959,1.800563165104956,0.11558032929963719,519,189,26,25,1,0.4085,680,0.5903425450513899,0.000451,0.00045071193490731076,130.0,373.0,-0.0699563,0.0667574,0.0407348,-0.052637,0.0051551,-0.8927861,-0.2359417,-0.1909812,-0.3328524,0.7312372,0.6101914,-0.7884816,0.0772219,477.0,382.0,0.0512216,0.0371419,0.0167677,0.0242552,0.0225843,0.7553923,-0.3753134,-0.5051836,0.1825152,0.6097574,0.4514504,0.6530406,0.6080547,256,1.678844811824837e-08,4.083526726890932e-09,6.148913894595318e-09,2.658313075316658e-05,0.0024995719692687147,5.040452957769793e-10,12.508241747470688,5.144401422274846,6.263045856068714,3.12655667376104,1.2798015805323377,1.6237916358584163,0.054146652164805686,0.0,0.024692237246018767,1.5680303965083413,0.033635344761194445,1.441499732918348,0.03976247794658404,-0.001959109747699789,-0.00011283656336138284,0.7072096603252741,0.4999435817183193,621.4941053680475,289.7866962064453,0.6091636129995612,0.6091702861181181,0.609170287691728,0.7614628576476475,5.3503775990360415e-05,1061,0.2657,0.2602,-0.06664,-0.000711,2,0.1089,0.2172,3e-05,12.028,6.0142,2.0,0.46561,0.66446,1.55492,0.16718,0.9802,0.963,0.9824,0.5347,3.1103,1.6415,7.2313,14.8663,9.5756,3.0787,80,0.0894,-0.5559,46,0.0647,-0.9632,-3.0,0.0890457,0.0475335,0.3039419,0.0116401,-0.0113807,-0.0010125,0.0163107,181.0,192.0,0.0767029,0.1458873,-0.3108148,-0.039727,-0.0992793,-0.0039903,0.1070072,186.0,196.0
285,1846,139824,1.2523276834859385e-10,0.015585344573554602,0.0030429382419792815,0.015585344573554602,0.342717461269936,8.356842098860024,5.694531977880742,-12.313198097613913,12.277087731496106,-0.10129141979208447,12.313198097613913,0.013673424013271509,12.554700059642357,6.189268282257103,-7.001672234573532,8.719190245846143,-0.05247837161374097,8.719190245846143,0.489239324448082,2.0035521836093264,1.3775164939755054,0.3044763127351907,1.431968603092708,0.9040959102733164,0.014141985895233791,4.064526819145419,2.3095343599068956,0.0024867168252132865,1.4141649606222866,0.8463010215538317,3.31686497602077e-05,0.005816468924873969,0,0,0,1.9395939575437282,0.6096293050428854,705,0.4113,-0.2068,1.7677236420740075,-0.37397008631128603,2.148556494053033,0.03976761778141367,0.046309416847584356,1.4752775963008586,2.907050337772705,1.9398513504494843,1.4985943830691513,1.8163216219034601,0.11597139331884929,518,190,26,26,0,0.4101,681,0.591174757434444,0.005809,0.005808743664510674,130.0,373.0,-0.0701803,0.0608805,0.0223547,-0.0033178,-0.0565304,-0.583564,-0.7292582,0.2750792,0.2279627,0.7317792,0.3671903,-0.054497,-0.928548,477.0,382.0,0.0486963,0.0570129,-0.0303818,-0.0386416,-0.0288832,-0.492407,-0.3630709,-0.1288702,-0.7804533,0.6061054,-0.5328946,-0.6777697,-0.5066079,256,2.331173795957807e-08,6.925884077764824e-09,1.0654050638641036e-08,3.2119688452673805e-05,0.0024846548992325103,1.4375399312737958e-09,12.415872866201234,5.288889924335383,6.278166271576901,3.093169872708722,1.1543481302952006,1.490371972097848,-0.1755721279316628,0.0,0.013870056889746381,2.3448154686213076,0.02230020580277917,1.657088473733659,0.038340026142254804,2.4826191189968943e-05,-3.0338164172036405e-05,0.6924271673634372,0.49998483091791396,621.4944353588802,289.78685007267245,0.6091635782809541,0.609170285990783,0.6091702876916743,0.7614628574884788,5.378209732307082e-05,1061,0.2624,0.2569,-0.07395,0.000515,2,0.108,0.2169,5e-06,12.028,6.0141,2.0,0.46476,0.66306,1.55418,0.16667,0.9802,0.963,0.9824,0.5347,3.1103,1.6415,7.2314,14.8665,9.5757,3.0787,80,0.1626,0.563,46,0.125,0.6715,0.0,0.0718419,0.070072,0.0124717,0.0206631,0.0278057,0.0116745,0.036557,181.0,192.0,0.0959635,0.0700742,0.155924,0.0209507,-0.0089191,-0.0593027,0.063524,186.0,196.0
286,1846,139824,1.3389964153823817e-10,0.016048066806582873,0.003041967295169344,0.016048066806582873,0.342189873634007,8.359146856772721,5.6945964950824255,-12.280537957019156,11.83339570156745,-0.10050408577091666,12.280537957019156,0.005454202874367929,12.552192962531405,6.15590719862598,-6.96460102196784,8.675570779461802,-0.05214863460973789,8.675570779461802,0.49048799087573164,2.006361868836768,1.3777068151532275,0.2517258529805263,1.4295321295594436,0.9150941686814036,0.014142000037349415,4.078666841359564,2.318204100252164,0.0005857229358504634,1.4141644169918328,0.8485771694653366,6.292147723181977e-05,0.009176000804074748,0,0,0,1.9705562840506996,0.6098809880900308,705,0.4078,-0.20939,1.770488475746339,-0.37294977803432333,2.149172764440666,0.05876421427698405,0.04693681337728829,1.4794117493379773,2.943561741021048,1.9707911771390196,1.4935939307858028,1.8397562462263004,0.11585547684324787,516,192,24,24,0,0.4064,681,0.5913883415745902,-0.00277,-0.00276963433944033,130.0,373.0,-0.0701416,0.0799351,0.0382144,-0.0471525,-0.0520184,-0.0574396,-0.0339722,0.9975907,0.0189597,0.7337385,0.4780679,-0.5898856,-0.650758,477.0,382.0,0.0454487,0.0690995,-0.0051021,-0.0394989,-0.0564672,0.3088284,0.3520078,-0.3359465,-0.8172242,0.6015364,-0.0738365,-0.571624,-0.8171867,256,2.0729022929345558e-08,5.566901068601408e-09,9.006141235915302e-09,2.474942212329062e-05,0.0024774616232439337,-8.276853105194134e-10,20.64090580642319,5.714918728399935,6.796180605977657,3.122614153046977,0.9315315622635516,1.2700369938618847,-0.004064442171217722,0.0,0.029191203575173515,1.0183664701983532,0.02020829505591583,2.125391331052145,0.05273000442122044,-0.001342529718957375,0.001737115564031125,0.6902775868375784,0.5008685577820156,621.4941695565542,289.78672613589293,0.6091633790766383,0.6091702860937279,0.6091702876916704,0.7614628576171598,5.537888853838417e-05,1061,0.2623,0.2563,-0.0893,0.008201,2,0.107,0.2226,4.4e-05,12.028,6.0141,2.0,0.46463,0.6615,1.55408,0.16818,0.9803,0.963,0.9824,0.5347,3.1103,1.6416,7.2315,14.8667,9.5758,3.0787,80,0.1611,0.8267,46,0.166,0.9521,-1.0,0.0445976,0.116125,-0.4450369,-0.0350706,0.0135762,0.0278842,0.0468165,181.0,192.0,0.0587083,0.198405,-0.5433274,-0.0199437,0.0453595,0.1121937,0.1226485,186.0,196.0
287,1847,139825,0.0,0.0164336984812874,0.00302550089409278,0.0164336984812874,0.3420601350331252,8.357208652925937,5.696339015148969,-12.359475942618506,12.534546536672378,-0.10465032331119681,12.534546536672378,0.007064805007233221,12.519739943084833,6.189641890086297,-6.972313681807902,8.745294036584943,-0.052488752918396886,8.745294036584943,0.4908921416048391,2.0091569952833774,1.3777524669692522,0.3353346194225092,1.4323469364493417,0.9167716392004781,0.0,4.092806888643144,2.325343899107696,0.0009662652435064034,1.4141621145787928,0.828258404168325,0.00010327496096535601,0.012230100828958434,0,0,0,1.9822151268092374,0.6099035800397042,706,0.4123,-0.21407,1.7697431682079143,-0.374388384502319,2.15125559051279,0.040624632581290544,0.04666917495812522,1.4887378252183479,2.9595912190751896,1.9824366705174794,1.4929058078322581,1.8496626086048324,0.11610048384574446,519,190,22,22,0,0.411,682,0.5913924002205032,0.00097,0.000970352375272876,130.0,373.0,-0.0709914,0.0447903,-0.0342027,-0.0155181,0.0244037,-0.8619712,0.3869078,-0.32369,-0.0503268,0.7340748,-0.7636166,-0.3464611,0.5448434,477.0,382.0,0.0420232,0.0772046,0.018521,0.0580157,0.0474522,0.0727872,0.8555746,0.505436,-0.0850207,0.5978277,0.2398946,0.7514531,0.6146291,256,8.235022111583168e-09,1.942089959065151e-09,2.792592265931774e-09,3.6583457801513073e-05,0.0024587759427572237,3.456845170145541e-10,19.18437564629925,5.913675620882945,7.0363761412580335,3.10050241385448,1.0114022819670865,1.3284897119150023,0.03398491326586417,0.0,0.024411586119796127,2.2607858766612434,0.013330997414637238,1.3016869135212423,0.033688182788335644,-0.0009507297354853348,-0.0017583189821546985,0.7053047915095898,0.4991208405089227,621.4939853969696,289.78664026702126,0.6091632130602627,0.6091702861631714,0.609170287691728,0.7614628577039642,5.670964840250992e-05,1061,0.2563,0.2496,-0.08585,0.005254,2,0.1057,0.2034,-2e-06,12.027,6.0137,2.0,0.46389,0.66003,1.55395,0.16639,0.9805,0.963,0.9821,0.5344,3.1136,1.6433,7.0835,14.9937,9.6004,3.0834,80,0.0745,1.0,46,0.129,0.9353,-1.0,0.0841741,0.0565421,0.1963672,0.015613,0.0063498,0.0509977,0.0537108,181.0,192.0,0.0975553,0.0637055,0.209907,-0.017894,0.0248655,0.0114039,0.0326885,186.0,196.0
288,1849,139828,0.0,0.01674989535834709,0.0030231838430075687,0.01674989535834709,0.34250465628604493,8.351346736169436,5.699475962261259,-12.17593495768289,11.957649013718438,-0.10825454784749924,12.17593495768289,0.006999002598685104,12.549822960120052,6.223599275817546,-6.926775820532072,8.66146728858335,-0.05376353918697935,8.66146728858335,0.49302557593717067,2.011929942912876,1.3778292729241701,0.31384063275830265,1.4352155913794222,0.9082648901191175,0.0,4.1069423244999435,2.331770285926728,9.787815422701573e-05,1.414159301733487,0.8271494823966739,4.856213462358454e-07,0.015040881567915203,0,0,0,2.0129225262944166,0.6092401951346532,708,0.4142,-0.21538,1.7669697535842679,-0.3746040996415319,2.1510807911688774,0.0717513325266309,0.04951742634101908,1.4832033109975642,2.995857811057037,2.0131650271488386,1.4881332482215555,1.8739926873984223,0.11565509469076758,521,190,25,25,0,0.413,684,0.5907176059835864,-0.000459,-0.0004588793496496102,130.0,373.0,-0.0724193,0.0686501,-0.0350576,-0.0094291,-0.0582657,-0.1393486,-0.0962768,-0.6115606,-0.772856,0.7357442,-0.5106701,-0.1373497,-0.848735,477.0,382.0,0.039829,0.0754344,-0.0310612,-0.0534572,-0.0432188,-0.6913788,0.3588591,0.4509052,-0.4357752,0.5947226,-0.4117651,-0.7086589,-0.5729329,256,2.1267737603835122e-08,4.666692545024895e-09,6.827403966426561e-09,3.345622118187315e-05,0.0024495857742317727,-1.2575747713595805e-09,19.28346868204872,6.023827807999663,7.213833545302274,3.112234238178419,1.2485209796941759,1.5792310520497144,-0.06911527221705449,0.0,0.009841723487170707,2.821638833410248,0.032748155065569336,2.3775244195688696,0.05537507306963643,-0.0010584979190748935,0.0007647187349939235,0.6957691710151277,0.500382359367497,621.494181608902,289.7867317555923,0.6091630769386177,0.6091702860891303,0.609170287691728,0.7614628576114127,5.7800766987751674e-05,1061,0.2548,0.2476,-0.08082,-0.000324,2,0.1055,0.1997,1.9e-05,12.027,6.0136,2.0,0.46406,0.65954,1.555,0.16596,0.9808,0.9632,0.9821,0.5343,3.12,1.6467,6.8901,15.173,9.649,3.0926,80,0.0858,0.1798,46,0.126,0.6375,-2.0,0.0848567,0.1176058,-0.1617542,0.0326116,0.0718776,0.0104151,0.079614,181.0,192.0,0.1047331,0.0712934,0.1899694,0.0179843,-0.0058666,-0.0471684,0.0508204,186.0,196.0
289,1849,139828,1.3321907405024696e-10,0.017071395479454674,0.003007802538135783,0.017071395479454674,0.3419501826856485,8.353246568206089,5.699540502873851,-12.193035552151633,12.536697692978455,-0.10322802065347166,12.536697692978455,0.001215414813093809,12.558097242742791,6.217541780503265,-6.857897429540252,8.76290091119502,-0.054567441830806446,8.76290091119502,0.4936202408494677,2.0146789770767826,1.3778778133742005,0.3116219952801971,1.4174652711231308,0.9044422536030963,0.014141966594595169,4.120950213808095,2.339856613597673,0.0006312603752153256,1.4141617774759019,0.8313058191442099,4.035669297634041e-06,0.017932940777639753,0,0,0,2.024909485035914,0.6095008993492481,708,0.4174,-0.20976,1.768870715038962,-0.3787658378838343,2.1506642564177225,0.05036513074596082,0.04901251830896439,1.4830322124492212,3.011258322981599,2.025209931789728,1.4868870015467859,1.8839466741310493,0.1137770314388224,524,187,26,26,0,0.4163,684,0.5909481368474262,-0.000652,-0.0006515375016074021,130.0,373.0,-0.0736183,0.0674341,-0.036387,-0.0216986,-0.0524644,-0.2385189,-0.1524607,0.8890716,0.3597446,0.736275,-0.5395931,-0.3217753,-0.7780103,477.0,382.0,0.036171,0.0629347,0.0373909,-0.0310918,-0.03995,-0.7205025,0.0282211,-0.0443821,-0.691455,0.5902009,0.5941211,-0.4940323,-0.6347852,256,2.812107174601896e-08,3.0943331095931806e-09,5.2555563794998035e-09,2.335646131026782e-05,0.0024374403492261614,-2.9392295903783634e-10,24.19157033795706,7.6226269079740705,9.30143969080613,3.097704171985143,1.1097243713047602,1.39426061942316,-0.19625320963798246,0.0,0.013457613714305061,0.4830465469385727,0.020745853388028257,0.8746353124672351,0.04328564532717761,-0.0016385396977940492,-0.00019435311659615602,0.6871991734841176,0.49990282344170195,621.4946670899207,289.7869581228889,0.6091629385368441,0.60917028589841,0.6091702876916707,0.7614628573730126,5.891015796582284e-05,1061,0.2564,0.2494,-0.0969,0.000153,2,0.1071,0.1974,1.3e-05,12.027,6.0135,2.0,0.46422,0.65895,1.55375,0.16637,0.9808,0.9632,0.9821,0.5343,3.1201,1.6467,6.8902,15.1733,9.6492,3.0926,80,0.1529,-0.4371,46,0.1137,0.0567,1.0,0.0560212,0.106529,-0.310721,0.0408762,0.0406195,0.0043484,0.0577902,181.0,192.0,0.1113548,0.0685622,0.2378464,-0.0209542,-0.0600656,-0.028849,0.0698515,186.0,196.0
290,1851,139831,0.0,0.01698915987772863,0.0029926571090475133,0.01698915987772863,0.3426289193663206,8.347042429260567,5.702815189144312,-12.305139368025554,12.532879780462494,-0.09959601371425937,12.532879780462494,0.00899092175620253,12.565944774235595,6.186505676878205,-6.917701150423785,8.777834002210913,-0.055018973851104935,8.777834002210913,0.4942518558992861,2.0174095597682875,1.377845052891452,0.31944240778383437,1.4119653382325317,0.9120127781825558,0.0,4.13508997669239,2.345883737493079,0.003665135972373612,1.4141525008267049,0.8095506373135427,1.8733192710579344e-06,0.021046693180394815,0,0,0,2.04909797426583,0.6088527259145929,710,0.4155,-0.2167,1.7690201657995996,-0.3774523382904936,2.148707073562082,0.05014519117923413,0.04596931606322616,1.4849452058687558,3.0401812662947005,2.0493636268077657,1.4834757612197416,1.902850120377913,0.11377989600937168,526,187,22,22,0,0.4142,686,0.5902938380150339,-0.001825,-0.0018251683159034027,130.0,373.0,-0.0742874,0.0443148,0.02329,-0.0355047,-0.0126807,0.4861084,-0.6305101,-0.4581701,0.3952668,0.7377221,0.5255568,-0.801192,-0.2861492,477.0,382.0,0.0332601,0.0704288,-0.0341264,-0.0129728,-0.0602272,0.1338811,-0.6391216,0.7009091,-0.2869248,0.584862,-0.4845519,-0.1841974,-0.8551496,256,1.3403154567889716e-08,2.310579689700047e-09,3.404682595322513e-09,2.5148196827780644e-05,0.002412859845871363,-3.455799087869793e-10,23.958903655932055,7.329701463254956,8.989534129009481,3.129330180223941,0.9909242699562892,1.367072940470051,-0.028012955322316138,0.0,0.010963350699575934,1.1653598192160561,0.02857399758705324,0.5795605941695182,0.0182333115541432,2.0195912894849265e-05,-0.001382390297632964,0.6894821952451525,0.4993088048511835,621.4944001847758,289.7868336718934,0.6091629739356337,0.609170286004614,0.609170287691728,0.7614628575057675,5.8626403630761014e-05,1061,0.2471,0.2406,-0.09291,0.011854,2,0.1027,0.2044,1.6e-05,12.027,6.0135,2.0,0.46371,0.658,1.55483,0.16781,0.981,0.9635,0.9822,0.5343,3.1266,1.6502,6.644,15.3911,9.6838,3.0972,80,0.1485,-0.8285,46,0.0326,-0.8276,0.0,0.1091408,0.1558571,-0.176289,-0.0796744,0.0388131,0.0964514,0.130986,181.0,192.0,0.0993263,0.0600515,0.2464257,0.0075333,0.0211627,-0.0385587,0.0446249,186.0,196.0
291,1852,139832,0.0,0.017172340466801442,0.002983124366828131,0.017172340466801442,0.34257517695644263,8.344951335449867,5.704274622322397,-12.220816671493493,12.250553602670529,-0.10402259725403899,12.250553602670529,0.006558304605654592,12.536791389169409,6.173314139477055,-7.012448816304922,8.710320989029512,-0.054592145419224844,8.710320989029512,0.49591385945971744,2.020126668944275,1.3779484517033502,0.3372382456780298,1.3995591057710444,0.9083661958673098,0.0,4.149229880803665,2.353526814952476,0.0004479771672611932,1.4141576010246306,0.8497062368277618,9.260467455746028e-06,0.023834549380584946,0,0,0,2.0709283891454997,0.6088206482350047,711,0.4104,-0.21474,1.7727277441309024,-0.37653171148016396,2.1490274859519243,0.05068061672106535,0.04512430916416396,1.474203925883873,3.067173017353971,2.071155355685567,1.4808995418591935,1.9194226300494521,0.1105768861137747,525,189,22,22,0,0.409,687,0.5902516561941805,-0.00012,-0.00012029869285212769,130.0,373.0,-0.0749085,0.0797871,-0.0633266,0.0310605,-0.0372956,-0.9034935,-0.2198864,-0.156117,0.3331319,0.7388941,-0.7936955,0.3892922,-0.4674388,477.0,382.0,0.0296708,0.0700069,-0.0114786,-0.0679894,-0.0121097,-0.832466,-0.4182913,-0.3232534,0.1659518,0.5804727,-0.1639644,-0.9711817,-0.1729793,256,9.083341724566196e-09,2.396465210932792e-09,3.260080017179549e-09,2.4140812468574893e-05,0.002397620662415192,1.9980994697543706e-10,25.022235236458485,7.462325334895702,9.460631388072079,3.134719970951892,0.8695260113908772,1.2033400916360537,0.07940166865958456,0.0,0.017968484302471267,0.5927464780322719,0.021053676177280375,0.8024915962096223,0.025680981061783584,-0.0008459545598800371,-0.0009728350934232297,0.7004994130181226,0.49951358245328836,621.4944776590411,289.7868697961481,0.6091628950825472,0.609170285974115,0.609170287691728,0.7614628574676438,5.925851809256025e-05,1061,0.2389,0.233,-0.0961,-0.005018,2,0.0982,0.1656,-7e-06,12.026,6.0132,2.0,0.4632,0.65654,1.55473,0.16567,0.9809,0.9637,0.9825,0.5346,3.1298,1.6518,6.5465,15.4813,9.7082,3.1019,80,0.1358,-0.9953,46,0.0738,-0.5116,1.0,0.1591134,0.0847107,0.3051489,-0.0079462,0.0924603,0.0008399,0.0928049,181.0,192.0,0.1382232,0.0679257,0.3410037,-0.0295535,-0.0626117,0.0510452,0.0860189,186.0,196.0
292,1852,139832,1.3341491581027892e-10,0.01775147789593454,0.0029839686371162626,0.01775147789593454,0.34197956751387465,8.346630322536466,5.704337937883302,-12.214820044443599,11.792513748196988,-0.10169221251048303,12.214820044443599,0.00443650643546278,12.564293900600335,6.151937562349509,-6.947915928754836,8.739080251004859,-0.0532540659489234,8.739080251004859,0.4964041645909788,2.0228192657265884,1.3781451130084381,0.34325976826540255,1.3202722620819327,0.9101874849156739,0.014141930562241061,4.1633693204107995,2.362180247943103,5.195031143878648e-05,1.4141629796439723,0.8379468869452787,2.1646867636052128e-05,0.026654057215610132,0,0,0,2.1082641102795674,0.6090653836348087,711,0.413,-0.21149,1.7708027925885819,-0.3761145019633575,2.15257926619016,0.07313441752177705,0.048043298076734575,1.4857497661336463,3.1122369376650303,2.1084704629403364,1.476063806615961,1.9477044707025475,0.11083011320407514,523,191,21,21,0,0.4116,687,0.5904741318890909,-0.002904,-0.002903946526423562,130.0,373.0,-0.0743949,0.0967467,-0.0241388,0.0676675,-0.0647947,0.0514331,0.0644889,0.9412275,-0.3275463,0.7408793,-0.2495046,0.6994296,-0.6697355,477.0,382.0,0.0263095,0.0610487,-0.0093686,0.0597972,0.0079671,-0.7506605,0.4596077,-0.358569,0.3109628,0.5758441,-0.1534609,0.9794991,0.1305037,256,2.488684029305069e-08,3.5951703025096215e-09,5.552356429263031e-09,2.3219967799340985e-05,0.002397845562242937,-5.812544741581063e-10,21.903026342149374,5.779394045442059,7.096618514900668,3.0778877758708885,1.0884537135326315,1.3884724868897371,-0.05026292531145589,0.0,0.021899931844554427,1.6352538949677706,0.025104812895643994,0.44669228580520487,0.04751926607900452,-0.0005796851057394653,-4.785059079432486e-05,0.695031913628426,0.49997607470460287,621.4944113074795,289.7868388581237,0.6091626457613194,0.6091702860002255,0.6091702876916706,0.7614628575002819,6.125701900708285e-05,1061,0.2424,0.2371,-0.0899,0.001696,2,0.1003,0.1471,3.4e-05,12.027,6.0134,2.0,0.46244,0.65533,1.55525,0.16752,0.981,0.9637,0.9824,0.5346,3.1299,1.6519,6.5727,15.463,9.7084,3.1018,80,0.1341,-0.4885,46,0.0977,-0.0834,3.0,0.1158681,0.1111838,0.0206311,-0.0526759,-0.0029205,0.0272517,0.0593796,181.0,192.0,0.0721572,0.0607869,0.0855264,0.0192314,0.0089221,0.0178131,0.0276903,186.0,196.0
293,1855,139836,0.0,0.0182103070036819,0.0029656926107167326,0.0182103070036819,0.3403325300285187,8.35650388395407,5.702054919236505,-12.544890497533482,12.475656831189523,-0.09499906373547047,12.544890497533482,0.0006645484489143302,12.556769427857999,6.149932276454805,-7.021682253231814,8.736940744744937,-0.0504508364452054,8.736940744744937,0.4975251165727017,2.025534113751336,1.3781827146801298,0.30701360967465496,1.3380409715404566,0.9038175065481889,0.0,4.177509179456068,2.366934513307579,0.0012547273073550969,1.414153078472025,0.842304587751709,1.0675163088061886e-06,0.029539070246566133,0,0,0,2.1312876401215948,0.6093378536811858,711,0.4217,-0.21338,1.7697358488363992,-0.3741049590314688,2.1557839118635718,0.04979258757045132,0.050568137555423755,1.4834845390533988,3.1414227652468543,2.131493044913518,1.4738132844220997,1.9647987187437432,0.10908697272516332,526,188,21,21,0,0.4206,687,0.5907214333346656,0.000748,0.0007479282019888789,130.0,373.0,-0.0745372,0.0669556,-0.0550566,0.0367217,0.0101656,-0.5260395,0.7935267,-0.023319,-0.3050475,0.7419417,-0.8222852,0.5484486,0.1518261,477.0,382.0,0.0221751,0.0474838,0.0013632,-0.0415432,0.0229568,-0.9549726,0.2125939,-0.170988,0.1165949,0.56997,0.0287092,-0.8748927,0.4834652,256,2.2059532575554732e-08,3.252639657084039e-09,4.737666962661734e-09,2.0598029156073364e-05,0.002387700850571421,-7.228173628108616e-10,14.527680035343593,5.566903974100944,6.664693121693041,3.0772790095148537,0.8666182739202244,1.1507605850062903,-0.07415072030655874,0.0,0.0343916610384536,0.9255321997866178,0.03467629015831988,1.1854554647927684,0.026959142291409288,-0.000571780930248162,-0.0025708027318208783,0.6888808574292455,0.4987145986340895,621.4945935184978,289.7869238184291,0.6091624482381476,0.6091702859280025,0.609170287691728,0.7614628574100031,6.284033373117925e-05,1064,0.2369,0.2312,-0.07803,0.007203,2,0.1,0.1424,-3.8e-05,12.026,6.0131,2.0,0.46144,0.65276,1.55428,0.1675,0.9807,0.9635,0.9825,0.5342,3.1236,1.6485,6.8198,15.3017,9.6888,3.1018,80,0.1536,0.1113,46,0.0398,0.9289,-1.0,0.1095095,0.0543557,0.3365807,-0.0369354,5.23e-05,-0.0315282,0.0485619,181.0,192.0,0.1180438,0.0602038,0.3244926,-0.0058077,-0.0790314,-0.0218623,0.0822049,186.0,196.0
294,1855,139836,8.297518634937632e-11,0.01856233728432728,0.002960714152552452,0.01856233728432728,0.33973084675647236,8.358055506576902,5.702120490025269,-12.311338077799117,11.780067941672055,-0.09501645794598616,12.311338077799117,0.009089736824611193,12.5640232084894,6.183964616148724,-7.070021486008857,8.706785614953247,-0.05132129356261163,8.706785614953247,0.49951379326767825,2.0282644657931406,1.3783978512597659,0.3029728047443313,1.3542568256082386,0.908426693150532,0.014141665729583879,4.191648546732671,2.3759664977340997,0.00014727758463639606,1.4141539640514489,0.8330789876394445,3.158826154022882e-05,0.03252129643458884,0,0,0,2.164966803444446,0.6096203301455223,711,0.4245,-0.21229,1.7667446057584013,-0.37297794663766964,2.156294490476713,0.02835325070317565,0.04401300647281826,1.4873518449605168,3.1826981810208474,2.165170638203893,1.4699525870446126,1.9900689536427278,0.10925859779528044,532,182,21,21,0,0.4235,687,0.5909828754995694,0.00298,0.002979832784144598,130.0,373.0,-0.0742009,0.0122966,-0.0020842,-0.0059596,0.010552,-0.1627024,-0.6893784,-0.2120112,0.6733027,0.7434312,-0.1694966,-0.4846547,0.8581263,477.0,382.0,0.0187542,0.0709598,0.0185803,-0.0331234,0.0599408,-0.5440228,0.5263178,-0.2103251,-0.6187019,0.5651317,0.2618426,-0.4667918,0.8447152,256,2.1041796517758387e-08,3.2945611866121196e-09,5.103926499027479e-09,3.482837946136392e-05,0.0023793247649090037,-1.283173317684657e-09,14.750725737877932,5.332891057716729,6.403399681289828,3.134204763096151,1.1955142121528792,1.5395537771181471,0.20481181269794702,0.0,0.019743775981822812,1.0938332502583026,0.025164722825458417,0.48723302654601597,0.03238339634751775,-0.0014335811946576307,-0.001990327505286543,0.6977318444473283,0.49900483624735675,621.4945155768157,289.78688747622994,0.6091622966887877,0.6091702859590833,0.6091702876916923,0.7614628574488541,6.405513184529398e-05,1064,0.2278,0.2213,-0.08474,-0.001172,2,0.0967,0.1244,1.9e-05,12.026,6.0128,2.0,0.46094,0.65075,1.55412,0.16571,0.9807,0.9635,0.9825,0.5342,3.1236,1.6486,6.872,15.2649,9.689,3.1019,80,0.1463,0.4567,46,0.0408,0.07,-2.0,0.0637044,0.0468761,0.152181,-0.0240541,0.0318235,0.0355586,0.0534392,181.0,192.0,0.0927473,0.0756815,0.1013236,-0.0400646,-0.0059867,0.0233452,0.0467548,186.0,196.0
295,1856,139837,0.0,0.018899164000944105,0.0029499341423567574,0.018899164000944105,0.339626350859644,8.355704173487851,5.70361983162308,-12.135630319630197,12.416763733294381,-0.09226670969201403,12.416763733294381,0.024346904594128388,12.559827783906375,6.17880336034223,-7.02468571492658,8.742299948919248,-0.051870699054343654,8.742299948919248,0.5003381380586885,2.032032150972561,1.3784248803430947,0.3046539664682538,1.3705969922547139,0.9016590564736193,0.0,4.205788167404166,2.3832244848931605,0.0010036733325218261,1.4141537853438284,0.8332331857382749,1.6023327016737845e-05,0.035320752517032664,0,0,0,2.192122392861284,0.6094417136858614,712,0.4237,-0.20894,1.77269020372805,-0.3728216413587467,2.1571643582763698,0.0848469974355376,0.03990058310136303,1.4867112768403636,3.2154548126638396,2.192298622392447,1.4667047544621572,2.0110460392002634,0.10622209928386295,533,182,24,24,0,0.4227,688,0.5907960751480927,0.00083,0.0008299306532606465,130.0,373.0,-0.0742842,0.1038266,-0.0654181,0.02372,-0.0770571,0.6650177,-0.5484302,-0.3575782,0.3593238,0.7450013,-0.6300706,0.2284579,-0.7421711,477.0,382.0,0.0148387,0.0934464,0.0432842,0.0826889,0.0046088,-0.5939094,-0.5774241,0.0460065,-0.5583336,0.5595128,0.463198,0.8848814,0.0493205,256,2.8318263747815025e-08,8.42947716789585e-09,1.2969555762392585e-08,1.9742696330876388e-05,0.0023651921865838516,1.905025817375946e-09,23.314489353596077,6.711490470583419,8.193600125148892,3.13715206551782,1.3884619141711714,1.6582850041088701,-0.07947597257233069,0.0,0.0226384212446212,1.6839338632585548,0.03726204452560797,0.4224560801474062,0.04942711080011452,-0.002967601438639312,0.00129293811163842,0.698203174900125,0.5006464690558192,621.4944207456699,289.7868432589088,0.6091621516881813,0.6091702859965296,0.609170287691728,0.7614628574956619,6.52174673922609e-05,1064,0.227,0.2198,-0.07472,-0.001065,2,0.0962,0.0953,-2.5e-05,12.026,6.0128,2.0,0.46037,0.64901,1.55273,0.16651,0.9807,0.9638,0.9828,0.5345,3.1269,1.6503,6.6967,15.4109,9.7135,3.1064,80,0.1382,0.3181,46,0.0306,-0.9186,-1.0,0.0800396,0.1264857,-0.2248928,0.0266567,-0.0167945,0.0142916,0.034596,181.0,192.0,0.0730862,0.1168976,-0.230606,-0.0226894,-0.0116079,0.0003546,0.0254888,186.0,196.0
296,1856,139837,9.724834635298352e-11,0.018716866216179188,0.002945605705293662,0.018716866216179188,0.3390011946483724,8.35717439882761,5.703682715991249,-12.144187003154057,12.419716170726474,-0.0910836754606704,12.419716170726474,0.009214167266401674,12.556758418113313,6.180212861473552,-6.966034452309243,8.719663345096711,-0.05187608898611971,8.719663345096711,0.5018793713901896,2.0359611334605296,1.3785947757743116,0.3236457508582216,1.3818305592965334,0.8991688084944617,0.014141930413559226,4.219927341633641,2.3921352588760865,0.00021309269948388554,1.4141541890320657,0.8251795673126288,2.8621177119123255e-05,0.038265881811865486,0,0,0,2.220138360966765,0.6097205621555162,712,0.43,-0.21143,1.7693445491340627,-0.37047723952473643,2.158937615614687,0.05913092894190675,0.03955982890947918,1.4806305716981998,3.250022658902259,2.2202956160778595,1.4637792532525047,2.033118805663674,0.10633596263012124,538,177,23,23,0,0.4292,688,0.5910588260950196,0.00109,0.0010903082843412015,130.0,373.0,-0.0737087,0.0864767,-0.0592618,0.0606108,0.0171053,0.1950256,-0.158988,0.8525367,-0.4581147,0.7462844,-0.6852923,0.7008914,0.1978021,477.0,382.0,0.0121502,0.0293875,0.0014511,-0.0246294,0.0159659,0.9191347,0.1803289,-0.3350225,0.1021413,0.5549822,0.0493787,-0.8380931,0.5432879,256,1.5463559788765485e-08,4.592419951484165e-09,6.9293246341728615e-09,1.946828519741609e-05,0.0023584865846152502,1.0290898319096297e-09,23.3615847589775,6.653214249287252,8.04935343751222,3.1166495126394897,0.8857939274422502,1.201772556660696,0.14538392170332573,0.0,0.0076748007194967285,1.6857869285249747,0.023258319205276566,0.9277088329633996,0.03262566815572716,-0.0015881018774034329,0.002254246733935863,0.7063158095185165,0.501127123366968,621.4943660176815,289.7868177406572,0.6091622301655097,0.6091702860179466,0.6091702876916861,0.7614628575224333,6.458839764384908e-05,1064,0.2239,0.2166,-0.07878,-0.002077,2,0.0963,0.1154,6e-06,12.026,6.0128,2.0,0.45978,0.64743,1.55241,0.16829,0.9807,0.9638,0.9828,0.5345,3.1269,1.6503,6.6708,15.4299,9.7137,3.1065,80,0.0428,0.1682,46,0.0106,-0.8603,-1.0,0.0467626,0.127163,-0.462269,0.0473563,-0.0231739,0.001143,0.0527348,181.0,192.0,0.0928208,0.0707367,0.1350232,0.0266224,0.0083423,0.0721984,0.0774013,186.0,196.0
297,1856,139837,1.5486808926141542e-10,0.0185661975066601,0.002934240650991481,0.0185661975066601,0.3383649040955661,8.358601471901018,5.70374394985977,-12.164433899707126,11.743587786906167,-0.08735637908062163,12.164433899707126,0.013098963983909076,12.552875966325221,6.241310851291833,-7.050111583320094,8.683296141465012,-0.05242923428757461,8.683296141465012,0.5027238234299541,2.0398687292862387,1.378768495919265,0.3321425925169367,1.3938874998126236,0.9085586323195143,0.01414194455567485,4.2340668479449,2.40066304018309,0.0016998250638797785,1.4141527298093135,0.8384792618732451,5.216004607216875e-05,0.04118586034488843,0,0,0,2.248667468013248,0.6100105062215074,712,0.4338,-0.2087,1.7681325266241221,-0.37029474193891804,2.159916083215719,0.05855872721288225,0.04489654699088844,1.4891657293879443,3.2844629600166257,2.2488339907011876,1.4605181945833754,2.0550166344868073,0.10635956582250329,538,177,19,19,0,0.4331,688,0.5913325543256421,0.000794,0.000793989119590055,130.0,373.0,-0.0733225,0.0734726,-0.0645037,0.0318691,0.0148946,-0.0111781,0.2752344,-0.4255133,0.862009,0.7478841,-0.8779291,0.4337554,0.2027233,477.0,382.0,0.0100078,0.0548751,-0.0131081,-0.0527145,-0.0077871,0.8390037,-0.2521773,0.115427,0.468141,0.549134,-0.2388711,-0.9606265,-0.1419063,256,1.3986843313994623e-08,3.6163251253836474e-09,4.9420258095352315e-09,1.9036000558671384e-05,0.002354888081460799,-8.614447551190206e-10,22.145723665458235,6.547335419452553,8.189841736902984,3.1360373919758455,1.1896764036642886,1.5364328250843862,-0.06302419423476466,0.0,0.009594053790297229,1.1434582523192398,0.003558617933389031,1.5727400145747041,0.030687480949928733,0.004821786721274512,-0.0009095467883224565,0.6998736368579045,0.4995452266058388,621.4947156787365,289.78698077860247,0.6091622950361151,0.6091702858786971,0.6091702876916614,0.7614628573483714,6.40684321178828e-05,1064,0.2234,0.2163,-0.07221,0.004786,2,0.0969,0.1146,-1.5e-05,12.025,6.0127,2.0,0.45926,0.64658,1.55167,0.16565,0.9807,0.9638,0.9828,0.5345,3.127,1.6504,6.6709,15.4303,9.714,3.1065,80,0.0749,-0.7964,46,0.0165,0.9944,-4.0,0.0720107,0.0900528,-0.1113276,0.0256189,0.0222291,-0.0186806,0.0387225,181.0,192.0,0.0577119,0.1042676,-0.2874173,-0.0054975,0.0273841,0.0568775,0.0633653,186.0,196.0
298,1856,139837,5.678648184057478e-10,0.019198725592809128,0.0029168668044485314,0.019198725592809128,0.3377186303626941,8.359988252381761,5.703802161027756,-12.17324890477308,11.733008880754628,-0.0850138842616946,12.17324890477308,0.007206028547688641,12.55350085916864,6.22519508936762,-7.112811288889662,8.686575281822737,-0.052003490125291575,8.686575281822737,0.5030146685366418,2.0437480921263522,1.3788810038509955,0.3127461196418654,1.400600839538228,0.9086651293967615,0.028283911419295364,4.2482062313052955,2.4090575199588913,0.0005758675390006296,1.4141553307952581,0.8303873336631116,0.00010241146122284031,0.04374772802798051,0,0,0,2.272638026433178,0.6102825908876155,712,0.4314,-0.2067,1.7674165632061423,-0.36772510470417885,2.161091832283838,0.06701558895808185,0.04423606653164507,1.4866632313886978,3.3131411909930577,2.2728023873732726,1.4577339452824702,2.0736675014677752,0.10614858715064412,537,178,21,21,0,0.4306,688,0.5915882625883933,-0.001094,-0.0010943195221169155,130.0,373.0,-0.0721676,0.0716491,0.002792,0.0218701,0.0681726,0.1207473,-0.2514306,0.4300923,-0.8586171,0.7491337,0.0389678,0.3052391,0.9514781,477.0,382.0,0.0060409,0.0521017,0.0338913,0.0393008,0.0046266,-0.4155085,-0.4073956,0.2231951,0.7820265,0.5432389,0.6504846,0.7543106,0.0887989,256,1.9976958730931138e-08,3.431807802068495e-09,4.688915354549932e-09,2.2805733247626993e-05,0.0023311734636740334,-4.5219163891550985e-10,22.124518272669768,6.514213197107882,7.981787036540233,3.099157209198278,1.0829755939546235,1.399146950371417,0.09415095931197072,0.0,0.024647103231129498,1.3826890975837136,0.02152226175767835,0.48553073714361045,0.05024640033068451,0.0013873684970548965,0.0008655032243236415,0.6974739916375272,0.5004327516121618,621.4946404029963,289.7869456794634,0.6091620227276326,0.6091702859091639,0.6091702876914836,0.7614628573864548,6.625117479945096e-05,1064,0.2132,0.2065,-0.06067,0.000539,2,0.092,0.0911,-2.3e-05,12.025,6.0127,2.0,0.45895,0.64574,1.55147,0.16782,0.9807,0.9638,0.9828,0.5345,3.1271,1.6504,6.7232,15.3934,9.7142,3.1065,80,0.1536,-0.6407,46,0.0518,0.6468,-3.0,0.1119057,0.042839,0.4463266,-0.0090966,-0.0068693,0.0343742,0.036215,181.0,192.0,0.0766408,0.077708,-0.0069143,-0.0424325,0.0372899,-0.0070533,0.0569281,186.0,196.0
299,1856,139837,5.593608260927627e-10,0.019558986037558637,0.0029043612702017085,0.019558986037558637,0.33706380781183765,8.361354872106327,5.703858701006716,-12.351014660179862,12.377405918369588,-0.0824563200927255,12.377405918369588,0.011547421601764833,12.557644750358731,6.264398239233791,-7.075189430384814,8.735524362653948,-0.051925692731639016,8.735524362653948,0.5037800949000588,2.047611649618068,1.3789847445371397,0.3368994098380969,1.406861649342861,0.906735534429451,0.036229741109857556,4.2623458133101435,2.417544284759349,0.002178596367470642,1.4141557667331344,0.8117307082405399,0.00014903918142333686,0.04642942391024625,0,0,0,2.2985444070179284,0.6105411358112608,712,0.4334,-0.21049,1.7711239550342948,-0.3672713281869602,2.160089624287136,0.025164019094508275,0.04562455096331114,1.4779483883398479,3.343420074662275,2.2986921375596654,1.4544879760243634,2.093824995959828,0.10592065666549788,537,178,23,23,0,0.4327,688,0.5918343769034157,0.00141,0.0014101389674401332,130.0,373.0,-0.0714093,0.0362974,0.0136239,-0.0059602,0.0331114,-0.3768808,-0.0127622,-0.9019587,-0.2104006,0.7505542,0.3753414,-0.1642045,0.9122257,477.0,382.0,0.0012206,0.0234857,0.0074287,-0.0222201,0.0016304,0.8897784,0.3756047,0.2007407,0.1640692,0.5377879,0.3163077,-0.9461131,0.0694219,256,3.495319551349793e-08,7.979687226721466e-09,1.2203285612196441e-08,2.526601039673676e-05,0.0023139584841981985,1.0374561352988075e-09,13.693141317299052,5.473930418990862,6.566875500728236,3.13968927936764,0.908828763634631,1.20909159927729,-0.10968078476070982,0.0,0.024052361502290665,0.8182794024225692,0.018970307700604847,1.8473015209166617,0.023972669812094984,0.0008464349502171198,-0.001908584595118796,0.6923864722211693,0.49904570770244067,621.4948295739612,289.7870338850126,0.6091618676384243,0.6091702858321864,0.6091702876914873,0.7614628572902329,6.749434498618609e-05,1064,0.2123,0.2063,-0.06113,-0.008262,2,0.092,0.0495,3.1e-05,12.026,6.0129,2.0,0.45909,0.6449,1.55137,0.1673,0.9807,0.9638,0.9827,0.5345,3.1271,1.6504,6.7234,15.3938,9.7144,3.1065,80,0.1436,-0.7351,46,0.0223,0.0943,-1.0,0.0820456,0.0364667,0.3845923,0.0329144,0.0266439,0.0235525,0.0484559,181.0,192.0,0.0314233,0.0177246,0.2787235,-0.0020607,-0.007873,0.0058144,0.0100019,186.0,196.0
300,1856,139837,7.633053123741352e-10,0.019805656159508713,0.0028842740479252424,0.019805656159508713,0.33640003095808874,8.362683148263578,5.703912851901987,-12.157603115107285,12.315417843965374,-0.08432889453290228,12.315417843965374,0.004648027766815943,12.559648465978485,6.231316211419392,-7.124313863387402,8.75658684358919,-0.05164595386956069,8.75658684358919,0.5040058182661568,2.0514674779126487,1.3790626821909344,0.32342515056532656,1.4093423656110844,0.9009163614044152,0.04090645293980572,4.276485546827521,2.4257840865604203,0.000225303551276812,1.4141529684480934,0.8136094883592125,0.00014922969067439869,0.049229073989178,0,0,0,2.3154397448808766,0.6108041790474497,712,0.433,-0.21128,1.7702861351769663,-0.3669280345580819,2.1598732273663397,0.08347306897301911,0.04915233392569932,1.4806867872723966,3.363569299711909,2.3155423403053916,1.4526053966554962,2.1077626259045386,0.10581204174752756,537,178,24,24,0,0.4324,688,0.5920849511962938,0.000193,0.00019340059673478294,130.0,373.0,-0.0706599,0.0862593,-0.0487559,0.0334519,0.0628052,-0.6450656,0.5320489,0.1560395,0.5258004,0.7514473,-0.5652246,0.3878067,0.7280983,477.0,382.0,-0.0014016,0.0656345,0.0112403,0.0646502,0.0013741,0.6094056,-0.1115432,0.5246784,0.5838625,0.5310571,0.1712553,0.9850042,0.0209357,256,4.666818376459151e-08,1.31077280325259e-08,2.101016471196541e-08,2.2013241357753513e-05,0.002292870137451512,-2.407914531482183e-09,13.253266336032993,5.599946256193338,6.66537679248305,3.139504485888385,1.0451166377237282,1.379828822507158,0.06639210310357842,0.0,0.010564539357660508,0.1613838813724392,0.022175904481911375,1.009520862745283,0.05937322485478225,0.00016085749353063683,-0.0005342207518533154,0.6960785598575169,0.4997328896240733,621.4948245702685,289.7870315519196,0.6091617614485768,0.6091702858342403,0.6091702876913994,0.7614628572928003,6.834555726473301e-05,1064,0.2145,0.2079,-0.04798,0.006962,2,0.0929,0.0329,3.6e-05,12.026,6.0129,2.0,0.45877,0.64374,1.54995,0.16713,0.9807,0.9638,0.9827,0.5345,3.1272,1.6505,6.7235,15.3941,9.7147,3.1065,80,0.0807,-0.946,46,0.0077,-0.4209,-0.0,0.1153443,0.0641967,0.2848799,-0.0234194,0.0103864,0.0032213,0.025821,181.0,192.0,0.0629865,0.0795689,-0.1163227,-0.0042949,-0.0079188,-0.0276322,0.0290636,186.0,196.0
