# RUN_PARAMS {"alfanat":0.0,"batch":true,"bussola":1,"calore_scal":false,"calore_vett":false,"chi_basc":false,"chi_core":true,"chi_da_spinore":false,"coppia":1.0,"costanti_effettive":{"CS_M":2.0,"GAMMA":0.05,"K_C":2.0,"LAM":0.8,"PHI_CRIT":6.283185307179586,"SCALA_B":1.0},"cs_dinamico":false,"csv":"out_sync_spinore_step2\\cond_off_s1.csv","da_libera":false,"db_cleanup":false,"db_ogni":200,"denoise":false,"diaglog":"out_sync_spinore_step2\\off_s1.csv","diffres":0.0,"dpi":100,"elast_c":null,"fps":20,"frames":0,"gamma":0.05,"giri":1.0,"guscio_morbido":false,"ham":0.0,"kfrange":0.0,"lam":0.8,"leggi_attive":{"CHI_BASC":false,"CHI_CORE":true,"CS_DINAMICO":false,"LS_AZIM":false,"OLON_PART":false,"PAV_COM":false,"PLAST_DIN":false,"POLO_MATURO":false,"REGIME":"deterministico","SPINORE":true,"SPINORE_VIVO":true,"SPIN_FEEDBACK":false,"SPIN_LARMOR":false,"SYNC_UPDATE":true,"TAU_USA_D0":false,"VERLET":false,"VERSO_CHI":false,"VIRIALE":false,"ZETA_LOC":false,"ZETA_VIR":false},"ls_azim":false,"maxnodi":4000000,"mitmax":0,"mupsi":-0.05,"nmasse":2,"nmasse_effettive":2,"nodi":900,"ogni":10,"ogni_effettivo":10,"olon_part":false,"out":null,"passi":2000,"passi_effettivi":2000,"passi_per_frame":null,"pav_com":false,"plam":1.0,"plast_din":false,"plastmit":0.0,"polo_maturo":false,"regime":null,"scala":1.0,"scuotimento":false,"seed":1,"seed_effettivo":1,"sep":6.0,"sep_effettivo":6.0,"size":null,"solo_materia":false,"spin_feedback":false,"spin_larmor":false,"spin_positivi":false,"spinore_corretto":true,"spinore_vivo":true,"sync":true,"sync_db":"out_sync_spinore_step2\\db_off_s1.pkl","sync_spinore":false,"tau_d0":false,"tauloc":1.0,"tempo_proprio_orientato":false,"test":null,"tw_spinore":false,"verlet":false,"verso_chi":false,"viriale":false,"vista_rete":false,"zeta":0.75,"zeta_loc":false,"zeta_vir":false}
step,n,n_archi,I2_min,I2_max,I2_mean,I2_absmax,r_min,r_max,r_mean,tw_min,tw_max,tw_mean,tw_absmax,phi_min,phi_max,phi_mean,phivel_min,phivel_max,phivel_mean,phivel_absmax,d_min,d_max,d_mean,d0_min,d0_max,d0_mean,eta_min,eta_max,eta_mean,tau_min,tau_max,tau_mean,dmin_nodi,xi_termo,n_naninf,n_I2_grandi,n_lontani,m0_I2pesata,m0_raggio,m0_N,m0_coer,m0_spin,m0_spin_disp,m0_spin_core,m0_spin_core_disp,m0_spin_axis_R,m0_omega_axis_R,m0_spin_core_cv,m0_Mdyn,m0_Mcoh,m0_Rinerzia,m0_Jrot,m0_Jshell_frac,m0_Ncore,m0_Nshell,m0_vort_pos,m0_vort_neg,m0_carica,m0_coer_nucleo,m0_N_nucleo,m0_raggio_nucleo,m0_Lz,m0_Lz_norm,m0_picco_picco,m0_picco_n_dominio,m0_picco_chi,m0_picco_spin,m0_picco_spin_x,m0_picco_spin_y,m0_picco_spin_z,m0_picco_spinor_alpha_re,m0_picco_spinor_alpha_im,m0_picco_spinor_beta_re,m0_picco_spinor_beta_im,m0_picco_coerenza,m0_picco_verso_x,m0_picco_verso_y,m0_picco_verso_z,m1_picco_picco,m1_picco_n_dominio,m1_picco_chi,m1_picco_spin,m1_picco_spin_x,m1_picco_spin_y,m1_picco_spin_z,m1_picco_spinor_alpha_re,m1_picco_spinor_alpha_im,m1_picco_spinor_beta_re,m1_picco_spinor_beta_im,m1_picco_coerenza,m1_picco_verso_x,m1_picco_verso_y,m1_picco_verso_z,chi_core_media,chi_core_abs_media,rho0_core_max,rho_c_core,r_core_medio,n_cicli_topologici,circolazione_topologica_max,circolazione_topologica_media_assoluta,circolazione_topologica_rms,corrente_arco_max,gradiente_rho_arco_media_assoluta,circolazione_topologica_media,olonomia_fase_max,olonomia_fase_media_assoluta,olonomia_fase_rms,berry_spin_max,berry_spin_media_assoluta,berry_spin_rms,berry_spin_media,spin_feedback_arco,spin_cluster_modulo,spin_cluster_omega,spin_neel_modulo,spin_neel_omega,spin_axis_R,ncrit_adattivo,rho_critica,lambda_eff_min,lambda_eff_med,lambda_eff_max,lambda_eff_ratio_med,rho_su_rhoc_max,m1_N,m1_coer,m1_coer_nucleo,m1_spin,m1_Lz,n_masse,coer_01,cosphi_01,Lz_orb_01,dist_01,scala_com,rcom_01,tw_q,tw_disp,sync_rel,d0_disp,rchi_pos,rchi_neg,rchi_ratio,frac_chi_neg,dens_g0,dens_g1,dens_g2,dens_g3,dens_g4,guscio_idx,centro_N,centro_coer,centro_cosphi,guscio_N,guscio_coer,guscio_cosphi,guscio_circ,m0_picco_spin_plus,m0_picco_spin_minus,m0_picco_contrasto,m0_picco_q_x,m0_picco_q_y,m0_picco_q_z,m0_picco_q_modulo,m0_picco_n_plus,m0_picco_n_minus,m1_picco_spin_plus,m1_picco_spin_minus,m1_picco_contrasto,m1_picco_q_x,m1_picco_q_y,m1_picco_q_z,m1_picco_q_modulo,m1_picco_n_plus,m1_picco_n_minus
0,824,138571,0.0,3.814487201420857e-12,3.904806901785815e-14,3.814487201420857e-12,0.4321400097342401,6.764603784988526,5.722251685433997,-9.220253681701589,9.230863674259062,-0.00026106708986669647,9.230863674259062,0.00016920300822390326,12.566347903676304,6.3004976268503325,-1.0879596805795027,1.0019483028542497,0.00029862755174171334,1.0879596805795027,0.05713776769883193,2.3984126477226355,1.3530527368925866,0.05713776769883193,2.398392269362881,1.3525140703316243,0.0,0.05790579982061031,0.004402093168214537,1.0,1.0,1.0,0.019165553751225656,-0.12062435381413275,0,0,0,0.0,0.6122909156143452,372,0.9987,-0.02108,0.450489026714531,0.0,0.0,0.0,0.05838523794715927,0.0,3.6209120034350867e-13,2.0306173923941163e-13,0.00036209120034350864,3.388170973127401e-12,0.0,373,0,0,0,0,0.9989,372,0.6122909156143452,0.0,0.0,80.0,372.0,-5.97e-05,1.0,0.0,0.0,1.0,1.0,0.0,0.0,0.0,0.0,0.0,0.0,1.0,452.0,372.0,0.0591168,1.0,0.0,0.0,1.0,1.0,0.0,0.0,0.0,0.0,0.0,0.0,1.0,-0.1,1.0,1.4462006146379913e-12,289.78281860589755,0.0,256,1.0640384665331313e-18,4.225296608476104e-20,1.1172035186074077e-19,1.1283740636186332e-18,2.562875172842358e-15,4.068580818957657e-21,24.727647020329073,7.493888683423784,9.175578918119832,3.1235354086072,0.8737612786819271,1.1893639128671702,0.038312875198713923,0.0,0.9087686371306953,0.0,0.021961523439791863,0.0,0.0,621.4857873344093,289.7828177215713,0.6091702876917264,0.609170287691728,0.609170287691728,0.76146285961466,1.3163262167896673e-14,372,0.9988,0.9987,0.02718,0.0,2,0.9975,1.0,0.0,0.0,0.0,0.0,0.00224,1.0,1.25573,0.27246,0.9847,0.9663,0.9813,0.4915,4.1292,1.9748,0.8618,0.4104,14.183,3.4348,0,0.0,0.0,0,0.0,0.0,0.0,0.0,0.0,0.0,0.0,0.0,0.0,0.0,186.0,186.0,0.0,0.0,0.0,0.0,0.0,0.0,0.0,197.0,175.0
1,824,138571,6.245438642769579e-35,3.5554049900556416e-12,3.4273995172617637e-14,3.5554049900556416e-12,0.425100473195467,6.763965028438519,5.7222030177616,-9.22765046064056,8.878868053172823,-0.02478808698108735,9.22765046064056,0.00016740703727289018,12.565786210034588,6.140470228055935,-1.0879596859805676,1.0019483078981417,0.00029862754707041006,1.0879596859805676,0.05713776769883193,2.39841264772271,1.3530527368925858,0.05713776769883193,2.3983922693659436,1.3516673877461018,1.4142115624116159e-08,0.057905813962725934,0.004402107310330161,0.004728987042586508,1.414204008110299,0.9354575704817192,0.019194860355649452,-0.12062438144132677,0,0,0,7.2901169958770655e-28,0.6122909226955825,372,0.9956,-0.02188,0.4507575462433927,0.0,0.0,0.0,0.05838523794715928,0.0,3.0534403071585215e-13,-8.764811001196844e-15,0.00030534403071585215,2.8571745994010884e-12,0.002857174599401088,372,1,0,0,0,0.9931,372,0.6122909226955825,-0.001775,-0.0017750695491876023,80.0,372.0,-0.0027353,1.0,-0.0,0.0,1.0,1.0,-0.0,-0.0,0.0,0.0,-0.0,0.0,1.0,452.0,372.0,0.0813362,1.0,0.0,-0.0,1.0,1.0,0.0,0.0,-0.0,0.0,0.0,-0.0,1.0,0.01699029126213592,1.0,3.814487201420857e-12,289.7828177215713,0.0,256,9.490005705874942e-19,4.537358841213578e-20,1.0472887986684825e-19,1.0219195218983283e-18,2.2492072334584023e-15,-5.98593290753435e-21,25.734195853037026,7.504863805183154,9.451494189916321,3.1234005482366856,0.8737778096871862,1.189389235179561,0.03830885724803679,0.0,0.9087688568606934,4.126841552295186e-07,0.021961710285722753,1.1542813041850535e-05,0.0,621.4857873344093,289.7828177215713,0.6091702876917265,0.609170287691728,0.609170287691728,0.76146285961466,1.2269205669301417e-14,372,0.9273,0.9081,0.03684,0.059729,2,0.9232,0.9999,-3.138124,0.0,0.0,2.0,0.25548,0.47897,1.25573,0.27246,0.9847,0.9663,0.9813,0.4915,4.1292,1.9748,0.8618,0.4104,14.183,3.4348,0,0.0,0.0,0,0.0,0.0,0.0,0.0,0.0,0.0,-0.0,0.0,0.0,0.0,186.0,186.0,0.0,0.0,0.0,-0.0,-0.0,-0.0,0.0,197.0,175.0
2,824,138571,8.212641259933098e-34,2.765484387842877e-12,3.417559743180061e-14,2.765484387842877e-12,0.4251004695379723,6.763965027918824,5.7222030181956365,-9.227650455972643,9.205902465222314,-0.027310512058582665,9.227650455972643,0.00016201312633091353,12.566181890616917,7.374546786112834,-1.0879596911629745,1.0019483128957876,0.0002986275928919896,1.0879596911629745,0.05713776769883193,2.3984126477227847,1.3530527368925849,0.05713776769883193,2.398392269368086,1.3500174707210286,2.8284231248232317e-08,0.05790582810484156,0.004402121452445785,0.00021387828270824638,1.4036079145082043,0.6341366822003637,0.019222406592958298,-0.1206244090586481,0,0,0,1.1023144814515203e-27,0.6122909284637199,372,0.9761,-0.02606,0.4509483590166492,0.0,0.0,0.0,0.058385238175685514,0.0,2.671294117839476e-13,-2.1350329265106628e-13,0.0002671294117839476,2.499591583173062e-12,0.0024995915831730613,371,2,0,0,0,0.9639,372,0.6122909284637199,0.003034,0.0030340341129913018,80.0,372.0,-0.014803,1.0,-1e-07,-0.0,1.0,1.0,-0.0,-0.0,-0.0,0.0,-1e-07,-0.0,1.0,452.0,372.0,0.0509566,1.0,0.0,-1e-07,1.0,1.0,0.0,0.0,-0.0,0.0,0.0,-1e-07,1.0,0.01699029126213592,1.0,3.5554049900556416e-12,289.7828177215713,0.0,256,8.457759026354984e-19,3.46876272112008e-20,8.816859830371288e-20,8.385303415472965e-19,2.1518661800882466e-15,6.602496300012458e-21,13.754007319787313,5.248000687970439,6.3066220942205,3.1232655935364924,0.8737943662444086,1.1894145945119803,0.03830484137588992,0.0,0.9087690772775885,4.3316012185063205e-07,0.021961891238849958,1.178538670030634e-05,0.0,621.4857873344093,289.7828177215713,0.609170287691727,0.609170287691728,0.609170287691728,0.76146285961466,9.543300081028288e-15,372,0.7552,0.7434,0.02703,0.006621,2,0.8065,0.9192,0.011469,0.0,0.0,2.0,0.26802,0.93474,1.25573,0.27246,0.9847,0.9663,0.9813,0.4915,4.1292,1.9748,0.8618,0.4104,14.183,3.4348,0,0.0,0.0,0,0.0,0.0,0.0,0.0,0.0,0.0,0.0,0.0,-0.0,0.0,186.0,186.0,0.0,0.0,0.0,-0.0,-0.0,-0.0,0.0,197.0,175.0
3,824,138571,3.0822279457132376e-16,4.819956888228783e-11,1.466438853760532e-11,4.819956888228783e-11,0.4251003312872409,6.76396502729294,5.722203016692942,-9.34177828564212,9.394950136372792,-0.054447600613818446,9.394950136372792,0.0008477441056331534,12.566348739286077,8.149535602170442,-1.0928015490409897,1.0019661060455691,0.0006280441398137455,1.0928015490409897,0.05713776748616133,2.3984145431936805,1.3530527370856824,0.057137767697449056,2.3982063659553248,1.3469585411994343,4.731815465711331e-05,0.07204775457870262,0.013756697157262979,3.721790713362427e-05,1.3484419607349125,0.605695688129382,0.01924832843721064,-0.14013702639166362,0,0,0,7.589003672314562e-09,0.6172666157335807,372,0.9146,-0.03542,0.45308756459287314,-0.05291377859879226,0.4552783584901496,0.9999822228750618,0.05869548828726028,1.1086217816701833,8.305534345084042e-09,7.589015932805465e-09,1.0944151940940383,2.9038969321605375e-09,0.03106712170665827,366,7,0,0,0,0.9146,372,0.6172666157335807,0.284095,0.2840946718494408,111.0,372.0,-0.1063225,0.9999831,3.05e-05,-0.0002727,0.999983,1.0,0.000174,1.5e-05,-0.0001364,0.9203671,3.05e-05,-0.0002727,1.0,783.0,372.0,0.5259628,0.9999828,3.48e-05,-0.000191,0.9999828,1.0,-0.0002429,1.81e-05,-9.54e-05,0.784968,3.48e-05,-0.000191,1.0,0.01699029126213592,1.0,2.765484387842877e-12,289.78282557293556,0.0,256,9.866351684825112e-18,3.3477143726922383e-19,9.74271617146188e-19,9.941600248445851e-18,9.904022123973624e-12,-5.137815941780936e-21,20.49098608051233,5.44486984277004,6.644724638107552,3.1054567115873617,0.7986872081901607,1.0642120908441326,-0.05483844612471418,0.0,0.9071935768177212,0.01243342149004028,0.03486629738668649,0.3296714793164583,0.9892574736691315,621.4858038633772,289.78282542860336,0.6091702876917072,0.6091702876917218,0.609170287691728,0.7614628596146522,1.66329970766895e-13,372,0.7964,0.7964,0.02631,1.098472,2,0.7287,0.432,-0.017985,12.114,6.0572,2.0,0.28592,0.87381,1.25409,0.27246,0.9847,0.9663,0.9813,0.4915,4.1292,1.9748,0.8618,0.4104,14.183,3.4348,80,0.1267,-0.7589,42,0.1094,-0.9804,-1.0,0.9999863,0.9999805,2.9e-06,-5.97e-05,-0.0001774,-0.1063179,0.106318,186.0,186.0,0.9999808,0.9999891,-4.2e-06,-7.56e-05,-0.0001073,0.5259507,0.5259507,197.0,175.0
4,824,138571,1.726978557452108e-14,5.813899360538192e-10,1.0523217639062411e-10,5.813899360538192e-10,0.42509982229148274,6.763965027205318,5.722203010599914,-9.337728910908934,9.341014223004354,-0.0952069539528053,9.341014223004354,0.0007107106984021536,12.566021673358405,8.162931740489004,-1.0928899541576347,1.006333233208251,0.0006620755020807328,1.0928899541576347,0.05713776749659808,2.3984197837880186,1.3530526956394944,0.06984265224542777,2.39839491143787,1.3426102726226516,0.0029391704278379574,0.08538813571376572,0.019907004672163105,6.410020973912633e-05,1.3036903573435417,0.5641491070253037,0.019272747791098936,-0.15916065609466876,0,0,0,7.537034498271255e-09,0.6127492153816199,372,0.8622,-0.04036,0.45310648459137987,-0.044777047002477845,0.45040819522472914,0.9930761545746585,0.03870690116522461,1.0887728773519543,9.16474868018597e-09,7.536926575676949e-09,1.2159795625132268,3.4732307481430505e-09,0.10694054540072205,348,25,0,0,0,0.8622,372,0.6127492153816199,-0.166985,-0.1669847622319538,154.0,372.0,-0.1068221,0.9972344,-0.0013289,0.0189579,0.9970532,0.9999539,0.000423,-0.0007031,0.0095649,0.8793877,-0.0013326,0.0190105,0.9998184,823.0,372.0,0.3067114,0.9755762,0.004213,0.0312007,0.975068,0.9998712,-0.0003665,0.0020956,0.0159048,0.7235471,0.0043185,0.0319818,0.9994791,0.01699029126213592,1.0,4.819956888228783e-11,289.78283058199224,0.0,256,2.472254883627532e-17,1.3033755773339342e-18,2.8855877176182787e-18,5.769602192759945e-17,6.143621472217438e-11,5.812629192927764e-19,21.10257519762331,5.3655348976224015,6.644834482849889,3.1359371034147094,1.0833660475328388,1.4171167214314944,-0.18943276708317475,0.0,0.8965116294431825,0.029937888615681793,0.0432745096095353,0.1547990252522606,0.9748111425291298,621.4858137792866,289.78283005213655,0.6091702876914777,0.6091702876917122,0.609170287691728,0.7614628596146402,2.0062953210485863e-12,372,0.6965,0.6965,0.04214,-0.266167,2,0.6008,-0.2143,0.001487,12.07,6.0349,2.0,0.29868,0.80382,1.25297,0.26458,0.9847,0.9663,0.9813,0.4915,4.1292,1.9748,0.8618,0.4104,14.183,3.4348,80,0.0836,-0.2705,43,0.042,-0.2393,1.0,0.9967977,0.9975955,-0.0004,0.0008591,-0.0050406,-0.1068445,0.1069668,186.0,186.0,0.9808612,0.9656809,0.0077986,1.83e-05,0.0159904,0.3057585,0.3061763,197.0,175.0
5,824,138571,2.5997445647996057e-14,3.1860021034910436e-09,4.982255251641278e-10,3.1860021034910436e-09,0.4250986322701134,6.763965024782064,5.722202997099066,-9.394288726199814,9.10505751536803,-0.15283551627730893,9.394288726199814,0.0002294588949453343,12.56495693786427,8.018859829695685,-1.093003833872602,1.010800440260081,0.0006950399812727996,1.093003833872602,0.05713776850677208,2.3984237710574616,1.35305292454742,0.08610478119326674,2.396031000942413,1.3339459285766324,0.0030223691750136407,0.0964722323274971,0.025865138717915907,0.0004306982496853351,1.355598924945196,0.5968433841872385,0.01929583394431806,-0.17765993597821955,0,0,0,7.980994089832915e-09,0.6155823877948425,372,0.8147,-0.04179,0.4529945258325831,-0.047026965391246636,0.44345506959066044,0.6953705708607834,0.7787986625756198,1.0659948028769128,1.0863433112750005e-08,7.989350688181856e-09,1.3597391749018601,4.336365956191748e-09,0.156801458823978,339,34,0,0,0,0.8147,372,0.6155823877948425,-0.058224,-0.0582244093779436,154.0,372.0,-0.1432497,0.7487812,0.010048,-0.0275193,0.7482079,0.9894143,0.0123799,0.1445884,0.0004136,0.8366487,0.0134192,-0.0367521,0.9992343,823.0,372.0,0.2523236,0.3379817,-0.039649,0.1437198,-0.303322,-0.4632961,0.0047587,0.0287557,-0.8857241,0.6871954,-0.1173111,0.4252294,-0.8974509,0.01699029126213592,1.0,5.813899360538192e-10,289.7828310328627,0.0,256,3.1360427490253047e-17,1.2361944943267805e-18,3.3267487237980854e-18,9.20962192917139e-16,2.329345517459395e-10,4.691194549077594e-19,22.63278674429115,5.992263961070687,7.2866926768638445,3.0830421013236218,0.8332949064616201,1.1388794526813106,-0.01296689179054257,0.0,0.29213294252516625,0.16444832496859593,0.08534495074125073,2.3493704273293483,0.28785392526890297,621.4858145609193,289.78283041659176,0.6091702876903564,0.6091702876917111,0.609170287691728,0.7614628596146389,1.09944474588465e-11,372,0.6403,0.6403,0.07235,-0.132552,2,0.5219,-0.3133,-0.001147,11.993,5.9967,2.0,0.30994,0.68768,1.25201,0.24755,0.9847,0.9663,0.9813,0.4915,4.1292,1.9748,0.8618,0.4104,14.183,3.4348,80,0.0408,0.9722,43,0.0632,0.9994,4.0,0.8249156,0.6967393,0.0842348,0.0643394,0.0097897,-0.0456105,0.0794715,186.0,186.0,0.4700032,0.1194027,0.594837,-0.0282624,0.1219626,-0.2174912,0.2509503,197.0,175.0
6,824,138571,2.1105603400055504e-16,9.96719421411834e-09,1.6305229151877432e-09,9.96719421411834e-09,0.4250964788504493,6.763965020599241,5.72220298134539,-9.247805932392385,9.40964067954474,-0.17244116326329478,9.40964067954474,0.0005987926638813777,12.565627568010859,7.773105870503834,-1.09302785775329,1.0157348833402708,0.0007281327181756699,1.09302785775329,0.057137827686503724,2.398438098367856,1.353052976252382,0.08892718914279703,2.39375087002803,1.3169932769831132,0.003679921914891885,0.10657018950102981,0.0318924586552921,8.103187532015887e-05,1.4135239430196342,0.8887343539422146,0.019317735947119427,-0.1955976344441132,0,0,0,8.527220537900158e-09,0.6183644276050558,372,0.7858,-0.04238,0.45381214988907403,-0.04477905031775551,0.44265098514820456,0.7761129454427921,0.3102382015350414,1.060488144418055,1.1633094114017015e-08,8.548993426158993e-09,1.3607560018026224,4.66945311607196e-09,0.09648053364508911,338,36,0,0,0,0.7858,372,0.6183644276050558,-0.006188,-0.006187554690687103,154.0,372.0,-0.1448696,0.7516282,0.0037998,-0.024641,0.7512146,0.9885145,0.0113435,0.1506947,-0.0012437,0.806754,0.0050555,-0.0327835,0.9994497,823.0,372.0,0.1923347,0.0721094,-0.0042992,0.0696219,0.0182779,0.6698927,-0.0261861,0.0678416,0.738888,0.6684062,-0.0596207,0.965503,0.2534746,0.01699029126213592,1.0,3.1860021034910436e-09,289.7828309687499,0.0,256,1.135551034772037e-16,1.798377103614058e-18,7.761454955425891e-18,6.185143050019374e-15,7.016540480167287e-10,-5.863650921313641e-19,18.924143114147306,5.837744680452621,7.113412823162231,3.1403217770596297,1.297033384528496,1.5918658078260923,0.07764663865250823,0.0,0.45938585904099655,0.14222014833390884,0.03461538947985932,0.6294836960121171,0.06478076174728457,621.4858154472464,289.78283082986326,0.6091702876874372,0.6091702876917101,0.609170287691728,0.7614628596146376,3.439539252748297e-11,372,0.6159,0.6159,0.075,-0.045413,2,0.4844,-0.3181,0.000354,11.971,5.9854,2.0,0.32546,0.63279,1.25111,0.21369,0.9847,0.9663,0.9813,0.4915,4.1292,1.9748,0.8618,0.4104,14.183,3.4348,80,0.1145,0.5859,43,0.0978,0.8955,3.0,0.8469763,0.6896543,0.1023812,0.0890777,0.0027397,-0.0332532,0.0951216,186.0,186.0,0.1294774,0.0479336,0.4596327,-0.017708,0.0831553,-0.0154244,0.0864077,197.0,175.0
7,824,138571,1.121542723339223e-14,2.4138695954153294e-08,4.171921955199e-09,2.4138695954153294e-08,0.4250907437946626,6.763964867129125,5.722202968280653,-9.361954097308251,9.339322920702,-0.18282057529122914,9.361954097308251,0.0019624265094346782,12.557520368847973,7.595454851838758,-1.0940431536669089,1.0212011449274836,0.0006685628087523454,1.0940431536669089,0.0571447061829245,2.3984964275289604,1.3530550456825663,0.08925145555235643,2.3930466227528555,1.2804497886810307,0.007042142572274204,0.1206352533790215,0.03994517066775373,0.001003079902176851,1.414164552367733,0.8419108479688743,0.01933865187096719,-0.21285173630207951,0,0,0,2.433617699409472e-08,0.6351886479999262,372,0.7212,-0.0474,0.45780545124466737,-0.0747997804488719,0.44161665584073073,0.5678096315556787,0.7838675818897579,1.0525483057291478,3.3042747041053856e-08,2.4444461107723323e-08,1.3517478211296656,1.254067780519425e-08,0.10682591610239611,332,43,0,0,0,0.7212,372,0.6351886479999262,-0.019608,-0.019608436650779826,154.0,372.0,-0.2129959,0.512347,-0.1366651,0.0910362,0.485319,0.9984315,-0.0539918,-0.0088838,0.0118524,0.7886404,-0.2667433,0.1776846,0.9472466,823.0,372.0,0.1749222,0.0448862,-0.0154203,0.0187577,-0.0377509,0.9370418,-0.188464,0.2314074,0.1813413,0.6549571,-0.3435425,0.4178948,-0.8410366,0.01699029126213592,1.0,9.96719421411834e-09,289.7828408471193,0.0,256,2.1347016353124304e-16,5.162343506024664e-18,1.5620294572850704e-17,2.90918863546116e-14,1.770856138481676e-09,1.3351011067159325e-18,16.80368698912923,5.964677688734781,7.082450859237432,3.1402216690513947,1.0277852084462609,1.356389829847408,0.1400951470523224,0.0,0.3703362451198621,0.24124073431778095,0.11583955153257937,1.7066406173932307,0.02766126121177399,621.4858354294536,289.78284014705184,0.6091702876813363,0.6091702876916755,0.609170287691728,0.7614628596145943,8.329925934159519e-11,372,0.6083,0.6083,0.07467,0.000128,2,0.4401,-0.3663,0.002094,11.875,5.9374,2.0,0.34016,0.65943,1.24967,0.16295,0.9847,0.9663,0.9813,0.4915,4.1292,1.9748,0.8618,0.4104,14.183,3.4348,80,0.1766,0.3233,43,0.0932,0.6684,-1.0,0.6899361,0.4280349,0.2342648,0.1250549,-0.0331552,0.0544449,0.1403647,186.0,186.0,0.034207,0.1397864,-0.6068012,0.0487194,-0.0045723,0.0552216,0.0737829,197.0,175.0
8,828,138576,0.0,4.075495087428172e-08,7.449377572179864e-09,4.075495087428172e-08,0.4036119292121301,6.7763244939117016,5.721467442074965,-9.357190350543785,9.381168013459165,-0.1711373531324695,9.381168013459165,0.007106649841193141,12.55886287128325,7.584160489261785,-1.100916116599208,1.025427727548104,0.0013069791284649316,1.100916116599208,0.05719441923271312,2.398629531403867,1.3491928718454702,0.08240559973894412,2.3933148959979498,1.2301875606023278,0.0,0.13477514102584537,0.04943838670650452,0.0027690128067309194,1.4139690809509469,0.9246276548510529,2.5559129672367054e-12,-0.22898646511226955,0,0,0,2.418549121922904e-07,0.6169779012133016,376,0.7248,-0.04346,0.46143117860943317,-0.06411589693493483,0.4547501652441746,0.10761171771342615,0.6759354461445845,1.076549355753027,3.219513873331358e-07,2.420698781971965e-07,1.329993594126014,1.237436198748103e-07,0.08064690710240796,341,37,0,0,0,0.7248,376,0.6169779012133016,-0.098168,-0.09816781858037582,154.0,372.0,-0.1639159,0.1099583,-0.0802121,0.0276597,0.0699412,-0.7186445,0.4770158,0.4526625,0.2260589,0.7924764,-0.7294778,0.2515475,0.6360707,823.0,372.0,0.1685265,0.0195627,-0.011731,0.0037345,0.0152032,0.4648732,-0.1996463,-0.746614,-0.4319744,0.6623914,-0.599662,0.1909003,0.7771503,0.01699029126213592,1.0,2.4138695954153294e-08,289.7828849703286,0.0,256,2.0082210033252898e-16,1.2619021646276036e-17,2.5815390997773482e-17,4.3308443009192555e-14,3.3135971211087097e-09,1.812871629968984e-18,36.482007825852435,10.137597448569839,13.035227862640184,3.1214540495786838,1.1550154270235038,1.454319188713095,0.0033563600798326917,0.0,0.03851197150082583,0.44553860433272496,0.03224864785478409,1.7592704537976598,0.02906554336685857,621.4859405143335,289.78288914542514,0.6091702876741831,0.6091702876911943,0.609170287691728,0.7614628596139928,1.4063960434126662e-10,372,0.6038,0.6038,0.07244,-0.024716,2,0.4382,-0.3881,-0.00267,11.984,5.9921,2.0,0.35998,0.68114,1.25222,0.17681,0.9848,0.9663,0.9813,0.4915,4.1302,1.9753,0.8619,0.3591,14.3059,3.4637,80,0.1804,0.0344,43,0.0385,-0.1005,0.0,0.0748149,0.15814,-0.3576877,0.0208261,-0.0103055,-0.0791513,0.0824916,187.0,185.0,0.0356267,0.0296543,0.0914879,-0.0191942,-0.0187262,0.0082915,0.0280684,197.0,175.0
9,862,138622,0.0,7.185841217237905e-08,1.3141353722773758e-08,7.185841217237905e-08,0.25887635656211816,7.005906137244177,5.7162039401402875,-9.359465101893841,9.396276711306655,-0.17563727528987771,9.396276711306655,0.0015417997468786982,12.563028201757612,7.501173856272145,-1.108024047915874,1.0307763941357713,0.0021533299732994357,1.108024047915874,0.05729472173194754,2.398851775299712,1.3224276851740522,0.0748353839090401,2.3933821880783746,1.1377060659876652,0.0,0.14890278439520202,0.056460570105273056,0.0018250804276871424,1.4138016940206104,0.9019852354170689,4.347745535272773e-13,-0.24391316994042095,0,0,0,9.100263401364484e-07,0.6000044234296412,410,0.6095,-0.03878,0.4642957768819305,-0.09047797132919501,0.4590522748996807,0.09363902001583994,0.6433288266196878,1.1059758738348733,1.169030491994869e-06,9.100323286285005e-07,1.284603255531264,4.4354346667599316e-07,0.07675280061704748,341,70,0,0,0,0.6095,410,0.6000044234296412,0.0283,0.028300296655679125,154.0,372.0,-0.1890923,0.1199508,0.0426895,-0.0052708,0.1119733,-0.9167817,-0.3165582,-0.2004634,0.138263,0.8177142,0.3558915,-0.0439412,0.9334937,823.0,372.0,0.1730606,0.0684796,-0.0119256,-0.0098175,0.0667147,-0.9045101,0.2939725,-0.2923145,-0.0999693,0.6666225,-0.1741477,-0.1433642,0.9742275,0.016908212560386472,1.0,4.075495087428172e-08,289.78295660153054,0.0,256,3.6741165033929764e-16,1.0985999174162363e-17,3.036672029445569e-17,1.2353999305258448e-13,5.995770456647674e-09,4.298063706108327e-18,49.13772603546727,12.575765073391727,17.5023868887248,3.1257790839375628,1.109465288289665,1.425895953810044,0.11307680250832129,0.0,0.03922210554198538,0.8339013035341099,0.030483419288837278,2.6458115575013936,0.047748385738257196,621.4860750440241,289.7829518731554,0.609170287660793,0.6091702876898452,0.609170287691728,0.7614628596123064,2.4797322170916773e-10,372,0.6073,0.6073,0.0686,0.013646,2,0.3702,-0.4169,-0.001549,12.058,6.0288,2.0,0.3709,0.68273,1.29102,0.20004,0.9852,0.9658,0.9802,0.4907,4.2403,1.8657,0.7463,2.6654,12.3252,2.9067,80,0.0751,-0.7383,43,0.1316,-0.7239,2.0,0.1305519,0.1852741,-0.1732667,-0.1132178,0.0343231,-0.0385619,0.1244322,189.0,183.0,0.0578292,0.0938913,-0.2376873,0.022468,0.0109891,0.000288,0.0250131,197.0,175.0
10,889,138654,0.0,9.990419211585133e-08,2.0739760985653954e-08,9.990419211585133e-08,0.2468519594958858,7.149916930154604,5.706696828605165,-9.395387651408056,9.396677888971055,-0.22688074901185043,9.396677888971055,0.006266885746920075,12.565061083725457,7.487390302782102,-1.1134744497393958,1.034736670825509,0.0025432997099988862,1.1134744497393958,0.057490456217651045,2.399072044625714,1.3096727430747954,0.05579386177998635,2.3923261322408798,1.0419153003922648,0.0,0.16301376158707523,0.06351769006361768,0.00025289654816151863,1.4140538777227505,0.902938670257012,4.2795945813059e-11,-0.25761207234182304,0,0,0,2.3314559485314788e-06,0.5909714029103988,435,0.5832,-0.0324,0.458903174532891,-0.08001500514103153,0.46377988609217147,0.035848186702134716,0.6084717103904813,1.1310900641832347,3.061748696398186e-06,2.3314116609946697e-06,1.313259579001988,1.1418426410171505e-06,0.08135487440643889,358,78,0,0,0,0.5832,435,0.5909714029103988,0.083445,0.08344527475591179,154.0,373.0,-0.1542957,0.0573002,-0.0405799,0.0337943,0.0222381,0.0858739,-0.1258003,-0.972396,0.1767654,0.8060561,-0.7081974,0.5897766,0.3880979,823.0,372.0,0.1868856,0.0499896,0.0037653,-0.0402955,0.0293437,-0.2516684,0.4870104,0.1744754,0.81795,0.667495,0.0753224,-0.806078,0.5869964,0.018561484918793503,1.0,7.185841217237905e-08,289.7830392510677,0.0,256,7.290481970781715e-16,2.1679906076245787e-17,5.462599620449085e-17,2.353687030036555e-13,9.330650137049114e-09,-6.892503462716491e-18,41.94803932030171,11.49315941168485,15.54748706840868,3.136935474127364,1.1314189636361869,1.4308686846210386,0.04036974999913695,0.0,0.023562766794297495,1.0445294131511074,0.04168872619721101,2.4088668555356985,0.03269340080203586,621.4862383827843,289.7830280338129,0.6091702876487194,0.6091702876871005,0.609170287691728,0.7614628596088755,3.4475515282487195e-10,374,0.6098,0.6098,0.06283,0.030311,2,0.3557,-0.43,0.002228,12.053,6.0263,2.0,0.37344,0.67398,1.31723,0.1854,0.9851,0.9649,0.9795,0.4904,4.2328,1.845,0.6512,5.2096,10.2563,2.4231,80,0.165,-0.4761,43,0.2604,-0.4535,1.0,0.0219408,0.0911734,-0.6120593,0.023088,-0.0391145,-0.0190704,0.0492614,190.0,183.0,0.1045986,0.1439676,-0.1583844,-0.0035967,-0.0715467,-0.0832294,0.1098135,197.0,175.0
11,912,138682,0.0,1.2784837284581845e-07,3.169378046215077e-08,1.2784837284581845e-07,0.2538445079940944,7.186287802818529,5.706879323423571,-11.88573360105193,10.556460927877133,-0.25765157978568015,11.88573360105193,0.0014008138626182033,12.552429461482793,7.492801429811049,-1.1198503455396187,1.0394981935865428,0.002957008647414914,1.1198503455396187,0.05756874731407847,2.399569639737274,1.3024719966872609,0.055738202208409304,2.3890899906926517,0.9540444599150076,0.0,0.17715161715766528,0.07071749040040327,0.023048518356513226,1.4141115813244682,0.8356102193573183,1.9863097221846413e-11,-0.27047543293154563,0,0,0,4.309779120790708e-06,0.5869175365945454,450,0.5541,-0.02911,0.45817882840349894,-0.07400853660245123,0.46872905431930667,0.0583510601611031,0.5668166784425847,1.1542828509006053,5.9056544973113495e-06,4.312013913365552e-06,1.3695815032057612,2.146726851964566e-06,0.09269530882551606,363,88,0,0,0,0.5541,450,0.5869175365945454,0.091562,0.09156205398149386,376.0,374.0,-0.127908,0.0704401,0.0391182,-0.0223276,-0.0541576,-0.9675596,-0.1996337,0.1188556,0.0992374,0.7763216,0.5553406,-0.3169735,-0.7688463,799.0,372.0,0.1998804,0.0797173,-0.0185074,0.0601995,0.0488707,0.341595,-0.6643285,0.6614027,0.0672823,0.6672335,-0.2321632,0.7551624,0.6130498,0.019122609673790775,1.0,9.990419212082651e-08,289.78312870987793,0.0,256,1.3849457148899793e-15,6.34777715554363e-17,1.4971750625049134e-16,5.388871767473924e-13,1.5242816955224258e-08,2.4723855942032126e-17,27.833512793449643,7.888343418381469,9.920602510887392,3.1376616460490014,1.2507589748975643,1.584544689570628,-0.035272358686776806,0.0,0.02477574144777444,1.449119512221466,0.04792722482784006,1.6117805767374358,0.023281212185938784,621.4864086442765,289.783107422362,0.6091702876366895,0.6091702876829475,0.609170287691728,0.7614628596036843,4.411864238155128e-10,382,0.5934,0.5934,0.0542,0.012337,2,0.3294,-0.4333,0.003213,12.089,6.0445,2.0,0.37421,0.66975,1.34192,0.16499,0.9851,0.9654,0.98,0.4934,4.1939,1.9894,0.5484,5.7608,10.0904,2.406,80,0.2528,-0.1852,43,0.2708,-0.3314,0.0,0.167176,0.0195481,0.7906207,0.0576397,-0.0269572,-0.0431279,0.0768703,185.0,189.0,0.1314434,0.1132766,0.0742351,0.0348485,0.0932909,-0.0164958,0.1009441,197.0,175.0
12,925,138698,0.0,1.881445246545439e-07,4.724565259818235e-08,1.881445246545439e-07,0.2517444042255211,7.186845008338068,5.709206747603783,-11.887491766107377,10.55114320898433,-0.2509074382209123,11.887491766107377,0.005782215043035423,12.562624503066598,7.437751098842067,-1.1245506904520246,1.0431334285200682,0.002331914364168739,1.1245506904520246,0.05824963330792418,2.4001386122813746,1.293103392712035,0.05656567959943193,2.3919934270356795,0.9012182525785913,0.0,0.18915751013126883,0.07869104900925514,0.008225160338363069,1.4141051314476178,0.9118895589756829,4.0317179473413805e-10,-0.2825933212265464,0,0,0,6.6646226796391544e-06,0.5810023239696079,457,0.5588,-0.02869,0.4531826736661724,-0.06592697411497549,0.4720447165596606,0.019660145175755504,0.5448707659684106,1.181141526762802,9.679502935130049e-06,6.664909139874158e-06,1.4523083108846118,3.5448411913943645e-06,0.1262443506042949,369,89,0,0,0,0.5588,457,0.5810023239696079,-0.027393,-0.027393036615238398,398.0,372.0,-0.1363058,0.0098112,0.0075097,-0.0059588,-0.002087,-0.4531766,0.0859722,-0.8870328,0.0203132,0.7515876,0.765425,-0.6073516,-0.2127174,823.0,372.0,0.1567322,0.0323149,-0.0275445,0.0064981,-0.0155988,0.2465944,0.578427,-0.6011509,-0.4931845,0.6757269,-0.8523804,0.2010871,-0.4827128,0.013157894736842105,1.0,1.2784837284581845e-07,289.78320144811,0.0,256,8.7761006347558e-15,1.5009946978575983e-16,5.886634183266146e-16,1.0051643531087017e-12,2.2111564886749743e-08,8.494223302691268e-18,26.354499079116987,7.709932700144231,9.70429673029628,3.130663987428504,1.2940171444394002,1.664095052644282,0.02310574758863565,0.0,0.021629058396027596,1.295539815092845,0.04836727596646102,1.2461237905780136,0.038313917180306814,621.486569347106,289.78318235395284,0.6091702876107321,0.6091702876778178,0.609170287691728,0.7614628595972722,6.492596400047005e-10,388,0.5946,0.5946,0.04963,0.12971,2,0.3323,-0.4652,-0.000685,12.066,6.0328,2.0,0.37524,0.67093,1.35548,0.16674,0.9848,0.9663,0.9812,0.4941,4.1978,1.9913,0.5489,5.8585,10.2614,2.4445,80,0.2128,-0.0216,43,0.1513,-0.2419,3.0,0.0801175,0.0748029,0.0343059,-0.0651483,0.0298656,-0.027821,0.0768782,184.0,188.0,0.0822989,0.1236131,-0.2006399,0.0569076,0.0588778,-0.0470624,0.0944454,197.0,175.0
13,957,138739,0.0,2.9054110757918567e-07,6.638986316137469e-08,2.9054110757918567e-07,0.25343776370972626,7.209185014873361,5.713294905613381,-12.583494967706526,10.999336258615417,-0.23770099314015158,12.583494967706526,0.004379190678902143,12.556067231197604,7.330548237535608,-1.1274091854954478,1.0492557325706124,0.0019046185486317735,1.1274091854954478,0.0589337543828847,2.4011862441940144,1.2660421917032694,0.05,2.3936752784965662,0.8583373162458039,0.0,0.2032988379422644,0.08494190915694662,0.0026416663434651877,1.414051165217828,0.9067437029575254,1.1886556096362674e-10,-0.29427692808254036,0,0,0,8.585921320941542e-06,0.5735036829624076,476,0.5096,-0.03128,0.44975562688495907,-0.05676098957517831,0.4740783286966039,0.020578047423373227,0.5263649866199598,1.2047159411167911,1.3043916956627619e-05,8.586151928043304e-06,1.5191807769001584,4.79769935084309e-06,0.15864642035014634,369,108,1,1,0,0.5096,476,0.5735036829624076,0.06327,0.06326994700276178,398.0,374.0,-0.1413857,0.0080556,-0.0074144,0.0022786,0.0021743,-0.3734909,0.1137918,-0.3346692,0.8576436,0.7362643,-0.9203993,0.2828627,0.2699146,823.0,372.0,0.1125938,0.0332393,-0.0257051,-0.0094537,-0.0188342,-0.7597333,-0.2732249,0.5874861,0.0548953,0.6618231,-0.7733352,-0.2844133,-0.5666231,0.011891891891891892,1.0,1.881445246545439e-07,289.7832505950352,0.0,256,7.56302849561211e-15,1.5785067536311518e-16,5.1644511172268105e-16,1.9038148484799483e-12,3.228051949128481e-08,8.721512157269037e-18,25.52132350714046,7.5321519228735525,9.329955401331862,3.137485683919442,1.3147749452561142,1.6360457864214049,0.07497668101217336,0.0,0.03366606056505893,0.40165204030221247,0.011955811630403445,0.27855527148584247,0.027717540990725546,621.4866646062566,289.7832267708416,0.6091702875666505,0.6091702876742224,0.609170287691728,0.761462859592778,1.00261533704621e-09,401,0.5467,0.5467,0.04771,-0.001626,2,0.2787,-0.5013,-0.001403,12.039,6.0197,2.0,0.37468,0.67213,1.38865,0.18547,0.9844,0.9679,0.9832,0.4995,4.3426,1.8764,0.579,6.4795,10.2758,2.3663,80,0.0804,0.5785,43,0.037,0.971,3.0,0.0930678,0.0593463,0.2212496,-0.0343555,0.0304616,0.0575656,0.0736343,184.0,190.0,0.0856361,0.0806959,0.0297009,0.000773,0.0330114,-0.0700555,0.0774475,197.0,175.0
14,989,138781,0.0,4.1550285583822615e-07,9.272550340603983e-08,4.1550285583822615e-07,0.2526100254108318,7.2177373473922115,5.720607218403593,-12.719164677052015,10.993899672568334,-0.22892001869460546,12.719164677052015,0.002109269503375434,12.558700315065794,7.262992330669768,-1.1334231185607273,1.0550654500274297,0.0011141979722658563,1.1334231185607273,0.05935751278589928,2.402771782796825,1.23788402350111,0.05,2.3902714421025095,0.799938080885068,0.0,0.2174380370644892,0.09225773579191031,0.00162091849995738,1.4140480755494416,0.8991888813227302,2.267990508964425e-11,-0.30570966334360206,0,0,0,1.3453945985238854e-05,0.5703075710070442,494,0.484,-0.03136,0.4483872903888067,-0.057648983739685355,0.477849224137056,0.06604607197799096,0.5197002897511529,1.2369825990840506,2.077074139112964e-05,1.3454397804995596e-05,1.543788261070852,7.576697900130202e-06,0.1661557532698403,380,115,3,3,0,0.484,494,0.5703075710070442,0.021879,0.021878990667154596,398.0,376.0,-0.1459981,0.0850749,-0.0250357,0.0234804,0.0778436,0.2654725,0.0173451,0.5165989,-0.8138483,0.7270781,-0.2942788,0.275997,0.9150003,823.0,372.0,0.0959338,0.0481424,0.00078,-0.0434714,0.0206717,0.8819648,-0.1976626,0.1346674,-0.4061185,0.658639,0.0162014,-0.9029753,0.4293869,0.0010449320794148381,1.0,2.9054110757918567e-07,289.78335086428933,0.0,256,2.341463522661712e-15,2.1546080323548885e-16,3.7194871888702365e-16,3.455999147895939e-12,4.6822534026252964e-08,-1.0798063322590544e-17,46.64831715969285,10.824337638766664,14.777485675374992,3.1217902535188395,1.2527159315239265,1.5514063335978148,-0.07682040920526409,0.0,0.04280572064223828,2.487809485977479,0.019451753551733446,1.441739045654455,0.05957386649559147,621.4868723825191,289.783323651562,0.6091702875128546,0.6091702876649485,0.609170287691728,0.7614628595811856,1.433839775879686e-09,415,0.5155,0.5155,0.04324,-0.025898,2,0.2497,-0.5517,-0.000642,12.051,6.0255,2.0,0.37404,0.67159,1.42,0.18271,0.9839,0.9695,0.9854,0.5046,4.3366,1.8738,0.5782,6.7687,10.6005,2.4444,80,0.1314,0.6306,43,0.1775,0.3946,0.0,0.0711499,0.1127256,-0.2261079,-0.0177468,0.0098214,-0.0504086,0.0543364,184.0,192.0,0.0611885,0.0877625,-0.1784077,0.053226,0.0041097,-0.0151163,0.0554833,197.0,175.0
15,1006,138800,0.0,5.760818497454724e-07,1.2260936438063681e-07,5.760818497454724e-07,0.22211860903853042,7.1325095033949735,5.736146299373778,-12.714310379630046,12.130591350571875,-0.22244104446617324,12.714310379630046,0.0062786484870240855,12.565585047586247,7.206063890943697,-1.1388159350438996,1.0585343800382914,0.0006369075896904404,1.1388159350438996,0.060139267662069486,2.4063519740679102,1.2238876335285274,0.05,2.397646743102258,0.7716469158426937,0.0,0.23157603783629163,0.10048093599154984,0.0012578561539320354,1.414093387378919,0.905591373063012,9.750017106035591e-09,-0.3166295737922592,0,0,0,2.079780573469071e-05,0.5703098118085529,496,0.4933,-0.03065,0.4481603457114194,-0.05584361002808654,0.48264184914497776,0.04349410562940551,0.4870772311082554,1.2477838577948372,3.234065661090941e-05,2.0800206257464498e-05,1.5548238421579799,1.173521546210201e-05,0.16343134439837417,386,111,3,3,0,0.4933,496,0.5703098118085529,0.023511,0.023510670472526973,278.0,373.0,-0.1192393,0.0441362,-0.0113249,0.0149067,-0.0399692,0.0414157,-0.1574213,-0.5128503,0.8429044,0.7257681,-0.2565893,0.3377427,-0.9055892,526.0,372.0,0.0799457,0.0585546,0.0223129,-0.0533724,-0.0090646,0.7550079,-0.2409144,0.4195651,0.4425929,0.6514332,0.381061,-0.9114974,-0.1548062,-0.00910010111223458,1.0,4.1550285583822615e-07,289.78345982989526,0.0,256,4.8272132116449864e-15,2.0152777160548836e-16,5.400171580232882e-16,4.878634863794351e-12,6.332401333906123e-08,1.7412176983707188e-17,25.125669659232408,8.059913324132099,9.758261678088578,3.1345188449423187,1.3249274097579762,1.6532078837871116,0.05674995996571566,0.0,0.026530059087640154,2.404911230128652,0.0298329604340023,2.393683471763799,0.03335103415574067,621.487124133547,289.7834410365831,0.6091702874437259,0.60917028765108,0.609170287691728,0.7614628595638498,1.9879736664205952e-09,430,0.4943,0.4943,0.03877,-0.008598,2,0.2441,-0.5665,3e-06,12.05,6.0252,2.0,0.37389,0.6753,1.43193,0.16981,0.9847,0.9712,0.9863,0.505,4.2818,1.8115,0.6917,5.5993,12.2051,2.8505,80,0.208,0.278,43,0.2346,0.4075,-2.0,0.0670012,0.0429353,0.2189073,0.0017398,-0.0254037,-0.0173052,0.0307871,187.0,186.0,0.1211711,0.0574819,0.3564968,-0.0234422,-0.077309,0.0023587,0.0808194,196.0,176.0
16,1027,138827,0.0,8.282402611160671e-07,1.631446377408049e-07,8.282402611160671e-07,0.21636966108847155,7.118115342442921,5.742287204809919,-12.494567079719122,12.63805043422625,-0.21662239639172465,12.63805043422625,0.009863187028753662,12.563933326485216,7.210224180712856,-1.1424400083383661,1.0654089455421616,-0.00035126009527312646,1.1424400083383661,0.06089286577085433,2.4104816813729,1.214111935083911,0.05,2.3997812805820455,0.7640795914986008,0.0,0.24571710775552622,0.10784419492702615,6.27541323264813e-05,1.4140455852810503,0.9008950588280699,1.4001255445618026e-09,-0.32720405911522166,0,0,0,2.6619884181534003e-05,0.5644774225563984,506,0.463,-0.0325,0.4493909374549971,-0.06360997120126058,0.48500511511946415,0.04140120615556764,0.46671571121183114,1.2563905018080983,4.181206968723315e-05,2.6629025336348686e-05,1.5701689851246479,1.516700344351933e-05,0.16770862348335544,385,122,0,0,0,0.463,506,0.5644774225563984,0.025489,0.025489264780226506,278.0,374.0,-0.1452668,0.0491847,0.0201257,-0.0135709,-0.0427776,-0.904154,-0.2770563,-0.2681579,-0.1839474,0.7267038,0.4091859,-0.2759161,-0.869734,485.0,372.0,0.0674325,0.0994235,-0.0299192,0.0947221,-0.0041948,-0.4740293,0.6940356,-0.5120584,0.1772201,0.6504205,-0.3009273,0.9527133,-0.0421916,-0.009940357852882704,1.0,5.760818497454724e-07,289.78353541353346,0.0,256,2.576829241127065e-15,4.683970367859488e-16,6.559005532389293e-16,8.89904358729758e-12,8.795283504114966e-08,9.248520376495775e-17,23.55442286645976,7.836777107911122,9.619901670323614,3.1395779843524627,1.0027288802036407,1.3348031522801607,-0.011639003243410877,0.0,0.019930984675826584,1.164886998383772,0.024914139865556354,1.2787119530073865,0.02472422533698153,621.4872806239229,289.7835140040153,0.6091702873351723,0.6091702876410064,0.609170287691728,0.761462859551258,2.8581345076262377e-09,441,0.5025,0.5025,0.03272,-0.018932,2,0.233,-0.5991,-0.000813,12.038,6.0191,2.0,0.37435,0.67563,1.45284,0.16473,0.9846,0.9723,0.9876,0.5054,4.3047,1.8212,0.6954,5.2981,12.914,3.0,80,0.1307,0.1504,43,0.1813,0.8536,-0.0,0.0601274,0.0455763,0.1376594,-0.0056521,-0.0150034,0.0025874,0.0162402,188.0,186.0,0.1276876,0.0775333,0.2443918,-0.0191153,0.0278848,-0.0295734,0.0449171,196.0,176.0
17,1050,138855,0.0,1.12830108880331e-06,2.0816221726314122e-07,1.12830108880331e-06,0.21484919289151094,7.047006638202915,5.754662069025485,-12.5663582066492,11.81573874023047,-0.21913942854364646,12.5663582066492,0.005261878413008088,12.566145428178773,7.153298702014282,-1.14366362134146,1.0725578460432645,0.00016891729768523197,1.14366362134146,0.0613956180875901,2.4151084324116057,1.197812204204081,0.05,2.393981104733015,0.7437630735314171,0.0,0.2598573409519569,0.1139379486143457,0.001970849348681303,1.4140470950486237,0.9022840645015662,4.837474236770562e-08,-0.3376605656605894,0,0,0,2.8188191645879093e-05,0.5640216583354625,512,0.4534,-0.0345,0.44754840644964367,-0.06751766541053138,0.4857841365978331,0.06944011878369409,0.46049261802104274,1.272103728093611,4.534711551554797e-05,2.8202496505324117e-05,1.607911395609508,1.6422766311967898e-05,0.17942017465152046,387,126,2,2,0,0.4534,512,0.5640216583354625,0.026239,0.02623878509027433,278.0,374.0,-0.1596644,0.0494046,0.0053627,-0.0264076,-0.0414089,-0.3613307,-0.0974379,-0.5506079,0.7461749,0.7193704,0.1085457,-0.5345175,-0.838158,485.0,372.0,0.0481212,0.0632799,0.0555877,0.014937,0.0262915,-0.608895,-0.260974,0.5776919,0.4768768,0.6531888,0.8784417,0.2360456,0.4154789,-0.010710808179162609,1.0,8.282402611160671e-07,289.78355577448843,0.0,256,1.7645779886057188e-14,5.325210164487512e-16,1.4899954144658074e-15,1.4372686339074378e-11,1.1590468642734751e-07,1.0014616102343582e-16,37.30268194391581,11.266475677967943,15.075344699138407,3.0881329656476635,1.100350368501784,1.4301826301603398,0.11242291293072838,0.0,0.036485731056933444,2.1360953147258317,0.005880800118977713,2.81572735585197,0.038782737525801726,621.4873001762679,289.78352312077027,0.6091702872059968,0.6091702876396696,0.609170287691728,0.761462859549587,3.893599872940598e-09,458,0.4766,0.4766,0.02474,-0.023723,2,0.2166,-0.6218,-0.000521,12.032,6.0159,2.0,0.37465,0.67419,1.47135,0.17723,0.9855,0.9734,0.9877,0.5038,4.3961,1.8035,0.744,3.6956,14.9542,3.4017,80,0.0277,0.5208,43,0.1857,0.8891,1.0,0.0335926,0.094823,-0.476814,-0.0320129,0.0223556,0.0497889,0.0632735,188.0,186.0,0.0644698,0.0719427,-0.0547814,-0.0102911,-0.0033712,0.0224983,0.0249689,195.0,177.0
18,1067,138876,0.0,1.4812480180620337e-06,2.630821878341455e-07,1.4812480180620337e-06,0.22268951853140004,7.015967602743723,5.761675965966781,-12.638176906642327,11.983685003356088,-0.20958972634337295,12.638176906642327,0.002939291096738376,12.558858682448165,7.146542619249898,-1.1487356409489542,1.0784114325764886,0.00015735546118148273,1.1487356409489542,0.062049100664914474,2.420165839970941,1.1864310540397176,0.05,2.4083342088768376,0.7301304153673137,0.0,0.27399874962194903,0.12112894104770894,0.0030858824516798444,1.413967962149442,0.9302750615759322,3.364201778622838e-09,-0.34778100392321326,0,0,0,3.277698529501929e-05,0.5611084311342911,518,0.4332,-0.03454,0.4497593125903314,-0.06316461816765978,0.4898588464755053,0.07080707967799907,0.44718231168723044,1.294469188814014,5.386315892760926e-05,3.2791696125782545e-05,1.642585327730554,1.947903017481404e-05,0.18540767252390886,388,131,2,2,0,0.4332,518,0.5611084311342911,0.016173,0.016173161177371664,278.0,375.0,-0.1442764,0.0566197,-0.0536335,0.0147347,0.0105888,0.2718706,0.060218,0.8627336,-0.4220792,0.7110004,-0.947259,0.2602404,0.1870171,485.0,372.0,0.0443834,0.0395877,0.0268622,0.0286118,-0.0051936,0.5918015,0.0292441,0.0285681,-0.8050463,0.6581982,0.6785491,0.7227444,-0.131193,-0.007619047619047619,1.0,1.12830108880331e-06,289.78361181508296,0.0,256,6.396850493442198e-14,1.085741594232438e-15,4.482340616261399e-15,2.035057663063452e-11,1.516374498066741e-07,2.9825297101267053e-16,37.18812623340299,11.524665938683588,15.165169994843437,3.131872835822077,1.291295435219416,1.621436626876803,0.07752403454289317,0.0,0.013440108783379909,1.380000285668333,0.026719969805178257,0.587759656842303,0.028606696188630674,621.4874247563739,289.78358120926544,0.609170287054054,0.6091702876307429,0.609170287691728,0.7614628595384285,5.11156640373065e-09,469,0.4828,0.4828,0.02448,-0.016855,2,0.2093,-0.6212,-0.000836,12.034,6.0171,2.0,0.3765,0.66932,1.48585,0.18113,0.9858,0.9742,0.9882,0.5033,4.439,1.8211,0.7512,3.0732,15.916,3.5855,80,0.1667,0.3905,43,0.247,0.6412,2.0,0.0909878,0.0844085,0.0375114,0.0216037,-0.020037,0.06018,0.0670062,189.0,186.0,0.1106526,0.0898166,0.1039359,0.0847768,-0.0210824,0.0340903,0.0937748,195.0,177.0
19,1090,138904,0.0,1.910890634020208e-06,3.2134114927733704e-07,1.910890634020208e-06,0.23940450943344424,6.974489448447719,5.77178094261946,-13.04982087247168,12.23796998928273,-0.21105610537493164,13.04982087247168,0.0005709690597752524,12.561976020585922,7.1257994670596,-1.152883279262664,1.085680181175407,-0.0010339239601556765,1.152883279262664,0.0623293859849718,2.4252938235556054,1.1712765768563955,0.05,2.4058078077464295,0.7197444689449579,0.0,0.28813662739511364,0.12727440651928704,0.0019979629435381563,1.413974198047387,0.9346219278531795,7.890621525974771e-09,-0.3576212211277161,0,0,0,3.4537423199882566e-05,0.5602844016752297,526,0.4102,-0.03245,0.4508575855903619,-0.06364842578583405,0.4916840923081645,0.05490633134260014,0.4362048755380305,1.3070054939124873,5.876953614380305e-05,3.4553096017403005e-05,1.7008471864345585,2.1269814108331332e-05,0.19978683992492027,387,140,3,3,0,0.4102,526,0.5602844016752297,0.001401,0.0014007594263731882,278.0,376.0,-0.1402209,0.0610517,0.0529878,-0.0208094,-0.0220584,0.5832474,0.4163424,-0.4578055,0.5262087,0.6958405,0.8679169,-0.340848,-0.3613071,485.0,372.0,0.04022,0.0408405,0.0226921,0.0339561,-5.6e-06,-0.4602061,0.5388733,0.5584449,-0.4312368,0.657193,0.5556266,0.8314319,-0.0001369,-0.006560449859418931,1.0,1.4812480180620337e-06,289.78364258126254,0.0,256,7.6278828716358e-14,1.7277877963451992e-15,5.9347014625046615e-15,3.168997677339066e-11,1.895127800091667e-07,5.019612334973047e-16,24.122858695347524,5.940361490872493,7.336715233454553,3.1355695701305137,1.0776119417024321,1.4046292418686939,-0.11333099612810763,0.0,0.016202709583270542,0.7269818706995685,0.02982178460876542,1.89343842420109,0.024168165210844934,621.4874868885252,289.7836101798875,0.6091702868690938,0.6091702876260268,0.609170287691728,0.7614628595325335,6.594198453232031e-09,484,0.4582,0.4582,0.02365,-0.000744,2,0.1884,-0.6658,1.2e-05,12.043,6.0213,2.0,0.37869,0.66704,1.50241,0.17128,0.9857,0.9756,0.9897,0.5055,4.1505,1.9023,0.7955,2.0753,17.3707,4.1852,80,0.229,0.4507,43,0.1891,0.498,-1.0,0.0541561,0.1254691,-0.3970099,-0.0802536,0.0307113,-0.0143638,0.0871215,190.0,186.0,0.0657595,0.0725416,-0.0490391,-0.0216995,0.0132536,-0.0494859,0.0556361,195.0,177.0
20,1103,138920,0.0,2.3804992669399567e-06,3.881834565648881e-07,2.3804992669399567e-06,0.2501435849659512,6.957548741187402,5.775242280118282,-12.78015942356978,12.689899775726518,-0.21417070661538043,12.78015942356978,0.0015931720671574154,12.565099781476697,7.140498728194305,-1.154440264505358,1.0920055354345315,-0.0012590710018355296,1.154440264505358,0.06291876031174617,2.4298812305754605,1.1636536942662798,0.05,2.367784849480778,0.7200191534455977,0.0,0.3022742943032095,0.13435032927542517,0.0002845048158683916,1.414025661131274,0.9166537571041317,8.489174291200828e-08,-0.367282824585672,0,0,0,3.5824378293813546e-05,0.5592661925577509,531,0.3941,-0.03119,0.4519924586101447,-0.060314093272440826,0.49362667291937,0.07185106723637619,0.4222952322338655,1.3187649484288848,6.229670331959922e-05,3.5845696909141696e-05,1.737913018611496,2.2563513314708746e-05,0.20580503525509053,385,147,5,5,0,0.3941,531,0.5592661925577509,-0.004266,-0.004266302554378321,278.0,376.0,-0.1218321,0.0681042,-0.0537502,0.0205759,0.0364105,-0.0176846,0.2702823,0.7711226,-0.5761985,0.6872644,-0.7892351,0.3021242,0.5346297,496.0,372.0,0.0450088,0.0313857,0.0202431,-0.0076391,-0.022736,0.2070463,-0.4454657,0.8581427,0.1492757,0.6554736,0.6449775,-0.243393,-0.7244059,-0.011009174311926606,1.0,1.910890634020208e-06,289.7836533104846,0.0,256,1.180713086070058e-13,2.363741311500714e-15,8.283724863810382e-15,4.027279879596065e-11,2.313574352889772e-07,3.0615594738359487e-16,24.166722598435438,5.92422965165772,7.3039012603475175,3.1369765022500684,1.2830514176454817,1.6012015615613773,-0.06103447997529887,0.0,0.03309227200880531,1.7665216945700501,0.012320348796295367,2.535645318364598,0.03609227390305855,621.4875243793732,289.7836276609044,0.6091702866669283,0.6091702876230963,0.609170287691728,0.7614628595288704,8.214747279392683e-09,492,0.4582,0.4582,0.02037,-0.024759,2,0.1808,-0.664,-0.000264,12.041,6.0203,2.0,0.37949,0.66475,1.5127,0.16443,0.9857,0.9762,0.9904,0.505,3.9993,1.9706,0.7999,1.6643,18.0256,4.5072,80,0.1746,0.6066,43,0.0417,0.1736,-1.0,0.0623224,0.109072,-0.2727605,0.0568248,-0.0283551,0.017676,0.0659205,191.0,185.0,0.0898816,0.065043,0.1603273,-0.0214861,-0.0254243,-0.0651706,0.0731796,197.0,175.0
21,1127,138949,0.0,2.73690425682163e-06,4.5105563866570635e-07,2.73690425682163e-06,0.29973064247042414,6.883219571121663,5.782193617084211,-12.490314931093726,12.365470807837267,-0.19874718073235337,12.490314931093726,0.007919117476323796,12.565690260640645,7.144701568206518,-1.1616479268759257,1.0984927956088464,-0.0005504769043648165,1.1616479268759257,0.06407170212092429,2.433841849778271,1.1485700808659405,0.05,2.3142288907350004,0.7014369870467747,0.0,0.3164016285644752,0.14046060703884264,0.007106672127521807,1.4141717823460807,0.8868695907171952,7.768582806724536e-08,-0.37685950253079703,0,0,0,4.039972467489681e-05,0.5573875928223863,536,0.3768,-0.02873,0.4550532138446436,-0.056864936632032105,0.4976275150590789,0.03367730679616511,0.41660367894884154,1.346715664158265,7.32702322966694e-05,4.042346862354194e-05,1.8125666794956352,2.6721816250687264e-05,0.2219818603687881,385,152,6,6,0,0.3768,536,0.5573875928223863,-0.085489,-0.08548858195343767,278.0,376.0,-0.0956403,0.0316894,0.0031892,-0.0086452,0.0303201,-0.820719,-0.1175023,0.5488317,0.1067579,0.669289,0.1006403,-0.2728107,0.9567894,823.0,372.0,0.0444487,0.0630378,-0.0616114,0.0131713,-0.0020761,0.8416164,-0.3251979,0.3150315,-0.2944204,0.648467,-0.9773729,0.2089438,-0.0329335,-0.009972801450589302,1.0,2.380499271184148e-06,289.78372057636057,0.0,256,3.919190838994521e-14,3.757368635765887e-15,6.20814821454887e-15,5.3503796206773514e-11,2.759303280585236e-07,2.5105726772542004e-16,26.916381235592898,7.227178484449123,8.987762716735384,3.054797592892879,1.103044126903261,1.416675512516155,0.14315558065288236,0.0,0.036176113190357205,0.5992440361449541,0.03775095632930153,0.47422626322449374,0.053428038949300816,621.487634392127,289.7836789570184,0.6091702865134971,0.6091702876141278,0.609170287691728,0.7614628595176598,9.444645974101171e-09,511,0.412,0.412,0.01952,-0.049252,2,0.1556,-0.6978,-0.000927,12.049,6.0243,2.0,0.38064,0.66543,1.5324,0.16996,0.986,0.9774,0.9913,0.5049,4.0928,1.8981,0.8897,0.8389,19.594,4.7874,80,0.0727,0.9926,43,0.1231,-0.2952,3.0,0.0906692,0.0777768,0.0765377,0.0763617,-0.0002486,-0.0125395,0.0773848,192.0,184.0,0.021567,0.1314643,-0.718136,0.0547655,-0.0341231,-0.0025674,0.0645774,197.0,175.0
22,1149,138976,0.0,3.1819444170064066e-06,5.119926779126252e-07,3.1819444170064066e-06,0.2843780328718701,6.90340462218638,5.785771244202707,-12.464602853519713,12.362739070765814,-0.19573669812672453,12.464602853519713,0.0032958125225777102,12.557711555797015,7.085433818330237,-1.1699138530170463,1.099768505093238,0.0006247000834982827,1.1699138530170463,0.056110095296934975,2.437415264371242,1.1347790702634528,0.05,2.165611367229328,0.7005083705861783,0.0,0.32953468086285714,0.14639698167881526,0.0021606371433608995,1.4140233622861313,0.9100202685200203,7.748580301672129e-08,-0.3860728828400644,0,0,0,4.988415791921766e-05,0.5528592674714958,549,0.3516,-0.02648,0.4573159867979235,-0.053649318327932634,0.5025209019320072,0.02928641515630546,0.40977025551943674,1.3737598749037825,9.287456474891807e-05,4.991312097501434e-05,1.8607244535041096,3.412437591024156e-05,0.23850634730288164,384,166,5,5,0,0.3516,549,0.5528592674714958,-0.061332,-0.0613317351762257,278.0,376.0,-0.0719189,0.0187806,0.0136666,0.0101897,-0.0078807,-0.4363887,-0.1818331,-0.7835205,0.4032335,0.663067,0.7276966,0.542565,-0.4196199,823.0,372.0,0.0406223,0.0484297,0.0172269,-0.0429751,-0.0142061,-0.6443725,-0.1689243,-0.497751,-0.5554211,0.642401,0.3557102,-0.8873698,-0.2933345,-0.009760425909494233,1.0,2.73690425682163e-06,289.78381521099453,0.0,256,9.042935164911448e-14,2.9755919036552864e-15,7.194259573064974e-15,6.662789732917932e-11,3.1627654284222617e-07,-3.803315820565933e-16,26.903158623513058,7.2216712346739165,8.970739194217675,3.0938811267358277,0.9916714608195312,1.3184150372511387,0.047133188593061995,0.0,0.027020901825863173,2.3714071995774955,0.03247934471916047,2.837739482336144,0.023387581691805305,621.4878553763535,289.7837819962723,0.6091702863219091,0.609170287594449,0.609170287691728,0.7614628594930613,1.0980408893439517e-08,520,0.4103,0.4103,0.01779,0.114745,2,0.1447,-0.7309,-2.4e-05,12.05,6.0248,2.0,0.38221,0.66228,1.55295,0.17521,0.9861,0.9779,0.9917,0.503,4.0706,1.8878,0.8849,0.9102,19.8614,4.8792,80,0.1606,-0.1432,43,0.2499,-0.3894,3.0,0.0450153,0.0390881,0.0704751,-0.0206481,0.0308541,0.0044089,0.0373866,194.0,182.0,0.1240774,0.0949285,0.1330963,-0.0257624,-0.0782117,0.0579358,0.1006843,197.0,175.0
23,1162,138992,0.0,3.888594210034562e-06,6.024582276990858e-07,3.888594210034562e-06,0.3045305591376054,6.878138321972095,5.791009244386912,-12.796165424830747,11.512780289738066,-0.18941704125529718,12.796165424830747,0.0058999846426838615,12.555548334863031,7.037268432480924,-1.1720555621214455,1.1076229951861685,0.0012939807229521193,1.1720555621214455,0.05709407220767303,2.440474989237729,1.131437840645621,0.05,1.9021727611514334,0.7097393967850256,0.0,0.34366138439293126,0.15417249815964248,0.0017533698849686585,1.4139638482108559,0.9220063008343139,1.380359180729683e-07,-0.3949964353323857,0,0,0,5.4755295272659533e-05,0.5527017349168819,553,0.3561,-0.02525,0.4563287370441058,-0.051168080109273525,0.5062365885504588,0.06884933944478817,0.39663518728651,1.3812539860907105,0.00010413764372887607,5.478941770738353e-05,1.9006890032131565,3.8171987147496955e-05,0.24210896986082353,391,163,4,4,0,0.3561,553,0.5527017349168819,0.001846,0.0018456832237696563,278.0,376.0,-0.0662269,0.0960188,-0.0176444,0.0542145,0.0772598,-0.0699462,0.3552331,-0.8904002,0.2758703,0.661656,-0.1837603,0.5646239,0.8046316,823.0,372.0,0.035816,0.0441044,0.0314714,0.0294153,-0.0094602,-0.5111081,0.6140263,-0.3402372,0.4959626,0.6437786,0.713565,0.6669457,-0.2144959,-0.006092254134029591,1.0,3.1819444170064066e-06,289.78386450491473,0.0,256,1.2606959100074768e-13,4.920139211773273e-15,1.2091828995661917e-14,1.2333881773989204e-10,3.7884289284539715e-07,1.5386585228919046e-16,22.650409321661794,6.270134711469257,7.538090561443651,3.1303220205784568,1.0657199994913742,1.4179080270826845,0.05356240557739543,0.0,0.02012725407302429,0.8847132978128397,0.03390288488720304,2.232639125024929,0.03655251319362512,621.4879381850603,289.78382060783974,0.6091702860176984,0.6091702875865026,0.609170287691728,0.7614628594831282,1.3418948655856601e-08,529,0.4044,0.4044,0.01771,-0.032562,2,0.1447,-0.747,-0.000526,12.049,6.0243,2.0,0.38328,0.66337,1.56366,0.17021,0.9859,0.9786,0.9925,0.5052,4.1084,1.9053,0.8931,0.6124,20.5221,4.9952,80,0.2174,-0.4756,43,0.1869,-0.3902,3.0,0.1391206,0.1183007,0.0808783,-0.0784426,0.0172397,-0.0268872,0.0846958,194.0,182.0,0.0187043,0.0812968,-0.6259185,-0.0284901,-0.021042,-0.0077549,0.0362572,197.0,175.0
24,1178,139013,0.0,4.63009701594738e-06,7.016655109119061e-07,4.63009701594738e-06,0.3043221915398463,6.879887253378999,5.793851329920311,-12.754429894102408,11.484759609174397,-0.17820696822072463,12.754429894102408,0.007866444567881388,12.554951886735287,7.044101599671771,-1.1788309489628253,1.1145107983145983,0.0007004511254614478,1.1788309489628253,0.057910669871414716,2.443270822890189,1.1263969220442724,0.05228325955397217,1.5108587089609107,0.7135205886507322,0.0,0.3577976084313425,0.16154695236801347,0.001023805488569618,1.4140100463137713,0.9280391624992087,9.395276494478253e-08,-0.40394266041521076,0,0,0,6.185642410088771e-05,0.5514660356735509,561,0.3364,-0.02297,0.4575936161520264,-0.051010805329838815,0.508968767714238,0.011952232351705361,0.4072240253312556,1.3875471690354637,0.0001194228612087328,6.186789655341049e-05,1.9302880469782122,4.388143024883233e-05,0.23628872594240788,393,169,5,5,0,0.3364,561,0.5514660356735509,0.013252,0.013251680458162163,278.0,376.0,-0.0489203,0.0136446,0.0038339,0.0077055,-0.0105878,0.6185015,-0.2364644,0.7354269,0.1438325,0.6609045,0.2809864,0.5647304,-0.7759679,823.0,372.0,0.029802,0.0932573,-0.028257,-0.0736845,0.0496895,-0.4126689,-0.4031155,-0.5798235,0.5753321,0.6434213,-0.3030004,-0.790121,0.5328222,-0.010327022375215147,1.0,3.888594210034562e-06,289.7839252991731,0.0,256,2.57549439263698e-13,7.059343100631294e-15,2.3420876332069663e-14,1.2686970527638669e-10,4.4400548817886187e-07,-1.2252744124765352e-15,21.07291324308695,6.016274780960439,7.281700062593861,3.0954914040730714,0.9227504139619083,1.287162930297698,-0.07629096550891966,0.0,0.034902819073062474,1.9583552940676903,0.025658800752590125,1.7942880362984688,0.06357757187593964,621.488074726573,289.7838842736308,0.609170285698484,0.609170287572719,0.609170287691728,0.7614628594658986,1.5977758830699407e-08,537,0.3989,0.3989,0.01528,-0.039866,2,0.1346,-0.7624,0.000236,12.058,6.0292,2.0,0.38464,0.66498,1.57719,0.16596,0.9859,0.979,0.993,0.5059,4.1145,1.9082,0.8945,0.6133,20.8706,5.0725,80,0.1253,-0.9618,43,0.0251,-0.6456,1.0,0.0320391,0.050294,-0.2217207,-0.0201213,-0.0013249,0.0355385,0.0408608,194.0,182.0,0.1427632,0.0572051,0.4278581,-0.0235138,-0.0555955,-0.0025653,0.0604181,197.0,175.0
25,1197,139038,0.0,5.585688036751903e-06,7.876135447381411e-07,5.585688036751903e-06,0.30675362064287787,6.879055200794668,5.800461383607289,-12.716216461471637,13.153711316170844,-0.16800858329482704,13.153711316170844,0.004043771196892365,12.562877119074482,7.050768068309373,-1.1839755015752198,1.1218468137840163,-0.0018600355564740462,1.1839755015752198,0.05846420441452575,2.4511338847679753,1.121601311899585,0.05,1.485374533662378,0.716533114628424,0.0,0.371938614636959,0.16769334475764677,0.00019007429849859925,1.4139255078632527,0.9282700508749414,4.9402750453652366e-08,-0.4127503481641187,0,0,0,6.095451437296094e-05,0.5508627579080739,570,0.3284,-0.02256,0.45577298908435004,-0.051322830587566,0.5099116852474888,0.02483909531468892,0.3887102674553063,1.3909384834846799,0.0001222299604784957,6.096028633226794e-05,2.005075235576708,4.52093275455202e-05,0.2593282907422629,394,177,13,13,0,0.3284,570,0.5508627579080739,0.038237,0.038236893753731405,278.0,376.0,-0.042664,0.0282041,0.0263132,-0.0093191,-0.0040299,0.8114167,0.2124801,0.3533785,-0.4142208,0.6485563,0.9329572,-0.3304164,-0.1428842,531.0,372.0,0.0278347,0.0988699,-0.0353162,0.0066818,0.0921053,0.0278928,-0.5155437,-0.2051287,0.8314799,0.6409538,-0.3571987,0.0675822,0.9315802,-0.011884550084889643,1.0,4.63009701594738e-06,289.7839325671179,0.0,256,3.721152363084343e-13,8.081275560860386e-15,2.7760379730060183e-14,1.429995871361025e-10,5.057978109047078e-07,-9.766845900565801e-16,14.129447289637703,5.713629919194371,6.829200134495479,3.128973694134249,1.1584763982718502,1.5375206002616049,0.013558695681916588,0.0,0.025565510069384425,0.7919016055603468,0.04263408291659309,2.1303466335624925,0.03224624589430984,621.488080997133,289.78388719743145,0.6091702852871048,0.6091702875720656,0.609170287691728,0.761462859465082,1.9275357545833253e-08,547,0.3744,0.3744,0.0126,-0.037388,2,0.1233,-0.7865,-0.000214,12.059,6.0295,2.0,0.38523,0.66619,1.58847,0.16707,0.986,0.9795,0.9935,0.5071,4.1232,1.9122,0.8964,0.589,21.3133,5.1691,80,0.1419,-0.1876,43,0.1999,0.4889,3.0,0.0904328,0.0379717,0.408561,0.0591342,0.0012893,0.0154059,0.0611216,194.0,182.0,0.1256669,0.1108654,0.0625771,-0.0020591,0.0655983,0.0082052,0.0661416,197.0,175.0
26,1221,139068,0.0,6.75914582226731e-06,8.805848876856741e-07,6.75914582226731e-06,0.35548397681847593,6.822649582203344,5.805019376408008,-12.494567158316523,13.027065702689859,-0.16499309882221375,13.027065702689859,0.004508726369076524,12.55725866342976,7.075075696556175,-1.1891078009002831,1.1299241453569253,-0.002847902612154825,1.1891078009002831,0.058757454077752506,2.4579448259631453,1.1132492164305505,0.05771721192463308,1.5279692422326603,0.6867184636727774,0.0,0.38607477782606214,0.1730145248252183,0.0021437023301799085,1.413952836423611,0.9217045814930156,2.6599035755235533e-08,-0.42158831389177437,0,0,0,6.077720463080096e-05,0.5505908392397254,576,0.3312,-0.02271,0.4532091008470553,-0.0497821734021236,0.5124945118962378,0.051398498992062766,0.3857507075128673,1.440190638094595,0.00012608205236958156,6.077749542002032e-05,2.074485819105499,4.657720600026539e-05,0.2499135151642415,402,175,11,11,0,0.3312,576,0.5505908392397254,0.003098,0.003098248315295926,278.0,376.0,-0.0359609,0.0499564,0.0041944,0.0174915,-0.0466057,-0.6279246,-0.5932537,-0.2212138,-0.4525761,0.6387379,0.0839615,0.3501366,-0.9329281,531.0,372.0,0.026988,0.0369673,0.0246748,0.0153212,-0.0228691,-0.5919256,0.5947432,0.5261166,0.1382245,0.6373371,0.6674771,0.4144529,-0.6186301,-0.014202172096908938,1.0,5.585688036751903e-06,289.7839402944245,0.0,256,4.4952058902418496e-13,1.1028952966744372e-14,3.5432272603337135e-14,1.5384295515603115e-10,5.746971530986868e-07,-3.318517227274939e-15,14.073093775698965,5.846502571915302,7.0016067197602565,3.102887630243903,1.1449534376908224,1.4516108100200902,0.02782855179260496,0.0,0.0025873520628821992,1.638400431338997,0.015997361257552866,2.3796015613227373,0.04289229622126158,621.4880857775767,289.7838894264292,0.6091702847819344,0.6091702875715663,0.609170287691728,0.7614628594644579,2.3324781221087628e-08,565,0.3593,0.3593,0.00725,-0.024067,2,0.1192,-0.8084,-0.000516,12.065,6.0326,2.0,0.38572,0.66807,1.60831,0.16909,0.9863,0.9802,0.9938,0.507,4.1425,1.9212,0.9005,0.3602,22.0533,5.3237,80,0.2558,0.3186,43,0.2856,0.5643,1.0,0.0574382,0.0460304,0.1102536,0.0105841,-0.0057211,-0.0054442,0.0132058,194.0,182.0,0.0501516,0.0750709,-0.1989999,-0.0208335,-0.0417891,-0.0211476,0.05126,197.0,175.0
27,1232,139079,0.0,7.65760523659195e-06,9.84202135861254e-07,7.65760523659195e-06,0.3662652804480022,6.813159284662321,5.806591912498631,-12.446043187423978,12.41095847195801,-0.15444938487926585,12.446043187423978,0.0076496133828192776,12.560057186248608,7.065544697663324,-1.1936479976551535,1.1375682305126382,-0.0027706567748213284,1.1936479976551535,0.06049331354128964,2.4656207559920404,1.1101611715593442,0.05,1.5262528846659886,0.7108220010908564,0.0,0.40021330723614834,0.18164125064952774,0.0003153580726259486,1.413845031770362,0.9245724180140187,2.947538667993237e-05,-0.4299163295867177,0,0,0,6.833202731449859e-05,0.5498437669739354,580,0.321,-0.01892,0.45586872760550323,-0.05068234819120612,0.5159017275658391,0.04183785631893652,0.3746429914039885,1.452248151448151,0.00014548720248405825,6.833359023729217e-05,2.1290730075625457,5.37351997015628e-05,0.26218726854342905,400,181,12,12,0,0.321,580,0.5498437669739354,0.002265,0.0022645618450598537,278.0,376.0,-0.0400902,0.0528517,0.0383849,-0.0225153,-0.0285124,0.83739,-0.5415208,-0.0482464,-0.056617,0.6317877,0.7262756,-0.4260099,-0.5394805,531.0,372.0,0.0257666,0.0393311,-0.0331548,-0.019095,0.0091147,-0.3450129,-0.2189052,-0.898721,0.1592077,0.6347449,-0.8429663,-0.4854926,0.2317429,-0.013923013923013924,1.0,6.75914582226731e-06,289.7840060389599,0.0,256,3.567129677742643e-13,1.7572322815645604e-14,3.7739736382062107e-14,2.3323173603735e-10,6.442407393832898e-07,-8.394274332934053e-16,14.0480540566288,5.6119747818796,6.754719657949247,3.131055028814293,0.9323054379794069,1.235574620452517,0.1796116810796036,0.0,0.02526321674633593,1.1374568226955721,0.019668956447816036,1.610860412954205,0.035359957584402545,621.4882308675078,289.7839570781276,0.6091702843951512,0.6091702875559172,0.609170287691728,0.7614628594448964,2.6425221443599136e-08,572,0.3769,0.3769,0.00209,-0.023574,2,0.121,-0.8099,-0.000339,12.056,6.0281,2.0,0.38557,0.66805,1.61742,0.16747,0.9864,0.9804,0.9939,0.5089,4.1379,1.919,0.8995,0.3855,22.2285,5.3719,80,0.253,0.5073,43,0.2013,0.5495,1.0,0.0810344,0.0472101,0.2637486,-0.0100673,-0.0158816,-0.0329237,0.037915,194.0,182.0,0.0877598,0.0625409,0.1677898,-0.0238395,0.0126672,0.0602692,0.0660391,196.0,176.0
28,1243,139091,0.0,8.757089542378979e-06,1.1054057341383458e-06,8.757089542378979e-06,0.3697691500909484,6.812833780394499,5.807590472754704,-12.60204834019868,12.168518679322792,-0.14897448818880094,12.60204834019868,0.003102356908550874,12.565002464426533,7.021732288954466,-1.2006925354198412,1.1448842280054883,-0.0025158284277927057,1.2006925354198412,0.06207071849494194,2.472369145171517,1.1051720079334038,0.06296810021746013,1.5202677138698861,0.7048311088541828,0.0,0.41434644665047476,0.19035597925969308,0.00010978802381189645,1.4138492349163063,0.9199694512731623,9.885716219505259e-06,-0.43828667896036344,0,0,0,7.916318778977574e-05,0.5490385571450173,585,0.3107,-0.01847,0.4585273562779431,-0.05614818304445646,0.5198086872554342,0.07105747672459323,0.3735154415443227,1.4622831420335747,0.0001712506424924085,7.916293342391238e-05,2.163268023121028,6.326141571936462e-05,0.27242282171859694,398,188,10,10,0,0.3107,585,0.5490385571450173,0.007534,0.007533896619796865,278.0,376.0,-0.0542849,0.0936112,0.0553791,0.0352267,0.0667479,0.8702767,-0.290632,-0.3582082,0.1727379,0.623234,0.5915866,0.3763085,0.7130338,531.0,372.0,0.0279176,0.062182,0.034797,0.0463008,-0.0226273,0.4674165,-0.8718526,0.1032279,-0.1036281,0.6330731,0.5596001,0.7446025,-0.3638885,-0.017857142857142856,1.0,7.65760523659195e-06,289.7840973578593,0.0,256,2.797870051605425e-13,1.6406814750424038e-14,3.647853627620858e-14,2.760037157293477e-10,7.218138275876302e-07,2.156302284999556e-15,14.59416386996223,5.9058978351975995,7.007472059128671,3.138286479527496,0.9519251620229467,1.2453463525442328,-0.04348007677031545,0.0,0.01994559982853589,2.740280275720505,0.029209093955939996,1.4474364549168097,0.048675590866113234,621.488431550976,289.7840506516607,0.6091702839218279,0.6091702875326939,0.609170287691728,0.7614628594158673,3.021936342833985e-08,578,0.3754,0.3754,0.0018,-0.01815,2,0.1166,-0.8254,2e-06,12.051,6.0254,2.0,0.38376,0.66849,1.62636,0.16667,0.9865,0.9806,0.994,0.5101,4.3196,1.8598,0.8999,0.4114,22.4377,5.1944,80,0.2035,0.8326,43,0.1376,0.9348,0.0,0.1194148,0.118543,0.0036633,-0.0619392,0.0016099,0.039806,0.0736449,194.0,182.0,0.1071015,0.0608798,0.2751595,-0.0125543,0.0607541,0.0097957,0.0628062,196.0,176.0
29,1254,139104,0.0,9.350879344511886e-06,1.1864095229236208e-06,9.350879344511886e-06,0.3806131174975303,6.803175835841563,5.8088260235666755,-12.469297182334461,12.184408411637106,-0.14920041449189547,12.469297182334461,0.0156754742160066,12.565877362808099,7.02319154781875,-1.2084237607194626,1.1503060969242147,-0.0025209519630826943,1.2084237607194626,0.06387761995503306,2.477787278877697,1.1013998340577578,0.05261336958252183,1.506286927125734,0.6970652875144199,0.0,0.4284681364260133,0.19820470295090592,0.001997726350941198,1.4138955490300789,0.9191012675678406,1.8682888220154337e-06,-0.4465240580616789,0,0,0,9.278159957422091e-05,0.5482937158934797,589,0.3035,-0.0194,0.4604753811165339,-0.060738617595414754,0.5246169125462409,0.04412369035542834,0.35927568261765624,1.4797835350406645,0.0002043383426778492,9.278596121470808e-05,2.202254953257501,7.559251521182775e-05,0.25512148589102496,403,187,11,11,0,0.3035,589,0.5482937158934797,0.011608,0.011607714539651592,262.0,373.0,-0.0865501,0.0529645,-0.0179293,0.0007667,0.0498317,0.2959138,0.394757,-0.8696987,-0.0150351,0.6152981,-0.3385151,0.0144756,0.9408496,531.0,372.0,0.0254564,0.0620698,-0.0494787,0.0044273,-0.0372145,0.0881627,-0.8874295,0.3646181,0.2678615,0.6273219,-0.7971463,0.0713272,-0.5995584,-0.02011263073209976,1.0,8.757089542378979e-06,289.78420920940283,0.0,256,5.935598740256157e-13,2.0530397701288667e-14,5.613769467010834e-14,3.0655251349212003e-10,7.787709954143394e-07,-3.0870087227677136e-15,37.43723512468207,10.212768319726012,13.569491671124853,3.1246703830564724,1.3489970720678888,1.6479435962416036,0.09283766822557485,0.0,0.03347214125489881,1.4242887853468684,0.02429022441121338,1.7236066715611054,0.05190872987973064,621.488668489169,289.7841611298383,0.6091702836662053,0.6091702875029166,0.609170287691728,0.7614628593786457,3.226842801916357e-08,585,0.3648,0.3648,0.00051,-0.005663,2,0.1107,-0.8444,6.4e-05,12.046,6.0231,2.0,0.38229,0.67051,1.63582,0.16642,0.9866,0.9808,0.9942,0.512,4.3092,1.8554,0.8978,0.4104,22.5836,5.2408,80,0.1188,0.9475,43,0.0912,0.6785,2.0,0.0227733,0.0816994,-0.5640341,0.0074411,-0.0101777,-0.0345293,0.036759,188.0,185.0,0.0297195,0.1417805,-0.6534166,0.0459364,0.012353,0.0624071,0.0784691,195.0,177.0
30,1272,139126,0.0,1.0221779474375818e-05,1.2968359061675652e-06,1.0221779474375818e-05,0.41238240566432144,6.802270305099943,5.811877386527205,-12.663950929264567,12.316191991526663,-0.12999921838935427,12.663950929264567,1.597506849471131e-05,12.565527823727244,6.969779388585818,-1.218353396324575,1.1580215137916146,-0.004067400191464221,1.218353396324575,0.0652888765738076,2.4826011489094872,1.0943349005041239,0.0622375499605583,1.5055915154458948,0.7001464156063854,0.0,0.4425996179379029,0.20562006599889213,0.00019289658618815153,1.4138922424942582,0.9292961651098924,1.0457132184898158e-07,-0.45449979462902695,0,0,0,0.00010805364488677881,0.5469558758404837,594,0.2997,-0.02015,0.4618023687808525,-0.06460333723511387,0.5297733698308529,0.028236211882543463,0.3689704588012307,1.497068448821032,0.00024212722218537597,0.00010806530694098336,2.240563868639234,8.990713510981731e-05,0.2727257145644233,407,188,8,8,0,0.2997,594,0.5469558758404837,0.022664,0.02266403212808199,262.0,373.0,-0.0887669,0.0436736,-0.0138198,0.010235,0.0401452,0.3551368,0.0294561,-0.1674657,-0.91922,0.6148052,-0.3164341,0.2343517,0.9192109,531.0,372.0,0.0279666,0.0549783,0.0046204,-0.0464432,0.0290567,0.2420539,-0.0642488,0.2822999,0.9260609,0.6228912,0.0840405,-0.8447553,0.5285127,-0.023923444976076555,1.0,9.350879344511886e-06,289.7843196031243,0.0,256,4.440518684203772e-13,1.714993490979594e-14,4.40362604733071e-14,3.8296555953210373e-10,8.588045044214692e-07,4.055418311299027e-15,23.350752059246624,7.329729452971437,8.912079973911286,3.129313146577997,0.9736742752058367,1.3007419949374073,-0.06314094639665643,0.0,0.04658923179763172,0.8823027028183689,0.027032911646074957,1.5816056769530658,0.04532283307127919,621.4888980042596,289.78426814681444,0.609170283291288,0.6091702874716376,0.609170287691728,0.7614628593395469,3.527375567950818e-08,598,0.3461,0.3461,-0.0008,-0.001001,2,0.1038,-0.8738,0.000112,12.048,6.0242,2.0,0.37955,0.67377,1.64578,0.16506,0.9865,0.9813,0.9947,0.5134,4.3032,1.8528,0.8965,0.4611,22.8708,5.3148,80,0.1577,0.0615,43,0.1426,0.1263,1.0,0.1070759,0.0289444,0.5744109,0.0131604,0.0211359,0.0522428,0.0578725,188.0,185.0,0.0850661,0.0842435,0.0048584,-0.0182504,0.0276912,0.0552596,0.0644476,195.0,177.0
31,1294,139152,0.0,1.0725057857545244e-05,1.3913597992549348e-06,1.0725057857545244e-05,0.44373760766633713,6.8407375930789085,5.815684613894392,-12.711787755132072,12.53967114300589,-0.11225295193962329,12.711787755132072,0.0012166044854070024,12.564175015132617,6.941078661728395,-1.2281763880688845,1.1652477952528384,-0.004358901826642078,1.2281763880688845,0.06687931643289147,2.4870401041725234,1.0872411930451975,0.0506229622721166,1.4892706555306707,0.6991788142625962,0.0,0.4567245021518571,0.21125917402217403,0.0009558882749201025,1.4141781053478444,0.955001480304324,2.809003579113521e-08,-0.4622886403350582,0,0,0,0.00011362992828843013,0.5462075616720715,601,0.288,-0.01911,0.46270655124364607,-0.0674853901176078,0.5335449977321745,0.030336443580943933,0.3516325511924954,1.533006518481169,0.00026311387203801,0.00011364523760554226,2.3152212761547206,9.836701715986338e-05,0.26994170400752626,411,191,18,18,0,0.288,601,0.5462075616720715,-0.046092,-0.04609178252501156,262.0,373.0,-0.0887523,0.0320764,0.0027224,0.031797,-0.0032304,0.825567,-0.2352021,-0.2313974,0.4577928,0.6105295,0.084873,0.9912891,-0.1007095,823.0,372.0,0.041823,0.0486957,-0.0260059,-0.0328533,-0.0248118,0.730145,0.5754961,0.0306419,-0.3670878,0.6231561,-0.5340487,-0.6746652,-0.509528,-0.026729559748427674,1.0,1.0221779555169495e-05,289.7843675340738,0.0,256,1.3067481869204992e-12,4.511178795628826e-14,1.1438578782289503e-13,4.0413001138184013e-10,9.426200894949841e-07,1.984869698292296e-15,24.410772815281483,7.131787511747891,9.003780328518195,3.0874850770925577,1.0670462894448742,1.4014932608183908,0.05609421372020207,0.0,0.03511903047247604,2.3221900093520436,0.04083662662853943,0.9022051781617648,0.042352483825512904,621.4889783387849,289.7843056047348,0.6091702830746291,0.609170287460123,0.609170287691728,0.7614628593251538,3.701048555809023e-08,613,0.3318,0.3318,-0.00334,-0.015546,2,0.0956,-0.8617,-0.000516,12.052,6.0262,2.0,0.37664,0.6758,1.66529,0.16602,0.9864,0.9819,0.9955,0.5155,4.2844,1.8447,0.8926,0.51,23.1673,5.4074,80,0.2176,-0.3726,43,0.1271,0.1194,1.0,0.052897,0.0443002,0.0884467,0.0339719,-0.0040686,-0.011196,0.0359999,188.0,185.0,0.0813186,0.1070009,-0.136376,-0.0451819,0.0116326,0.0655476,0.0804562,197.0,175.0
32,1298,139156,0.0,1.1904926624333597e-05,1.5343683614559447e-06,1.1904926624333597e-05,0.45132939569131875,6.852742617991766,5.815979632533893,-12.688266345562353,12.215988305447059,-0.10533795854218957,12.688266345562353,0.008386036999114263,12.56498038047325,6.978669890618093,-1.2376732305625187,1.166760935704582,-0.003935336377260788,1.2376732305625187,0.06891567517469555,2.490667681975873,1.0873912339962215,0.05129246919048969,1.5053953921022685,0.7172342459930906,0.0,0.4707809138077643,0.21931703516395,0.0023172567662571586,1.4139784898308485,0.9078393539957051,1.7791832513566913e-06,-0.4700007537546424,0,0,0,0.00012788059526610182,0.5471275068754641,602,0.2939,-0.01918,0.46451913316288396,-0.06848254298519035,0.5389374884312937,0.047784077187769586,0.33828068711162795,1.5343206700034282,0.0003036225521724003,0.0001279034180326959,2.373842363577691,0.00011432418411779238,0.2721030834242428,418,185,20,20,0,0.2939,602,0.5471275068754641,-0.048579,-0.04857867503174784,262.0,373.0,-0.0868272,0.0457306,-0.025028,0.0368259,-0.0104279,-0.790836,-0.1458525,-0.5154218,0.2960502,0.606274,-0.5472924,0.8052786,-0.2280293,823.0,372.0,0.0378328,0.0629165,0.0008106,0.0593469,0.0208753,-0.1560669,-0.7115733,-0.1312223,0.6723743,0.6222104,0.0128831,0.9432642,0.3317932,-0.030911901081916538,1.0,1.0725057857545244e-05,289.78445037247434,0.0,256,6.808294900891409e-13,5.165570674259234e-14,8.14956299769075e-14,3.9230202511333936e-10,1.032387088720715e-06,-8.347950606630944e-15,24.380881680791035,7.300924740941819,9.097612003480618,3.112812409398964,1.1226157370658743,1.4597296208092592,0.02619027925921262,0.0,0.01883265140316468,2.7562845810827517,0.04780745913294001,1.429946905611655,0.03230822185739514,621.4891975285897,289.784407807296,0.6091702825667024,0.6091702874272131,0.609170287691728,0.7614628592840164,4.108201236365438e-08,616,0.3445,0.3445,-0.0073,0.11024,2,0.1013,-0.8557,0.000197,12.056,6.0279,2.0,0.37506,0.6759,1.66661,0.16524,0.9863,0.9821,0.9957,0.5154,4.2722,1.8394,0.89,0.5849,23.1214,5.4121,80,0.1658,-0.6599,43,0.0543,0.879,-0.0,0.1476911,0.1212224,0.0984282,-0.0374557,0.0138013,0.1186957,0.1252281,188.0,185.0,0.1127648,0.0365974,0.5099514,0.0063874,0.0359849,0.0466251,0.059242,197.0,175.0
33,1303,139162,0.0,1.3259762513937062e-05,1.7076532740939316e-06,1.3259762513937062e-05,0.46272864506083,6.869085437387828,5.816181806805788,-12.629760544347898,12.679965136509276,-0.09960424620242253,12.679965136509276,0.005920916643877176,12.565987245697464,6.971474484053673,-1.2450428590780704,1.1748994423554833,-0.0039384724823666745,1.2450428590780704,0.07073724131845266,2.494083261771215,1.0873065628326624,0.06218772709108589,1.555710287591045,0.7030340893146861,0.0,0.4849175147585498,0.2285023393452026,0.00033913497034165907,1.4139947538361863,0.9061713184797862,2.3047026445209308e-06,-0.4777630605803115,0,0,0,0.00014387346743948597,0.5478674280943999,603,0.2937,-0.01669,0.4669838839073092,-0.0683040877262917,0.543098084339803,0.05594697388162538,0.31681274211302335,1.537729422072435,0.00034333930413164447,0.00014390610794935064,2.3858563686017176,0.0001299156570599869,0.2690726893206154,420,184,21,21,0,0.2937,603,0.5478674280943999,0.006009,0.006008625312038385,428.0,372.0,-0.0816936,0.1079073,-0.0871741,0.0633092,-0.0060492,-0.831488,-0.2517628,0.2725328,-0.4134839,0.6025222,-0.8078615,0.5867002,-0.0560597,823.0,372.0,0.0387651,0.0707906,0.0261015,0.0107457,0.0649196,-0.7430568,0.2134359,0.3227146,0.5460467,0.6206002,0.368714,0.1517953,0.917065,-0.030816640986132512,1.0,1.1904926624333597e-05,289.7845373383285,0.0,256,8.54245283634005e-13,3.3569486216897685e-14,8.004160516289568e-14,5.118770938652462e-10,1.1503043381302333e-06,-1.6704364430418779e-16,26.860591723063397,7.401532034416417,9.462506012879896,3.1412382929966296,1.1460414626577113,1.503365135736833,0.06764071434378244,0.0,0.012826165030844501,2.5215294284785985,0.013353643850335259,2.1190108798066696,0.06247862988077853,621.4894191945494,289.7845111644246,0.6091702819834532,0.6091702873917094,0.609170287691728,0.7614628592396367,4.57573196740437e-08,620,0.3415,0.3415,-0.00902,0.003793,2,0.1004,-0.8605,-0.000134,12.052,6.0262,2.0,0.37451,0.67405,1.6696,0.16429,0.9863,0.9821,0.9957,0.515,4.4349,1.8331,0.8515,0.8109,22.943,5.1733,80,0.0885,-0.7971,43,0.1368,0.4438,1.0,0.1029941,0.1352746,-0.135479,0.0233753,-0.0119421,0.0533414,0.0594502,186.0,186.0,0.0363959,0.1145209,-0.5176696,-0.0179019,0.0121522,-0.0359747,0.0419802,197.0,175.0
34,1313,139174,0.0,1.5175728168089575e-05,1.8822506646734955e-06,1.5175728168089575e-05,0.46756525933694404,6.879693653815309,5.8140765191489985,-12.565802491772597,13.329971421051848,-0.0927884972430905,13.329971421051848,0.0003143911770173702,12.565445613569965,7.011557110164943,-1.2512815366903602,1.1838615701325985,-0.004485008695786224,1.2512815366903602,0.07228629476057166,2.497063720914836,1.0839509363350686,0.05,1.5185972230270468,0.6892237175354381,0.0,0.49905647856841173,0.23632708242714917,0.0055253256650302784,1.4139757786844986,0.9074978420005009,3.0125553253444707e-06,-0.4852469716733031,0,0,0,0.00015226300328861138,0.5483982681208432,606,0.2852,-0.01502,0.46884294195210424,-0.06659714395028933,0.5468773821568039,0.04880007443578614,0.3090752257660868,1.5495015291224792,0.00037009038463610715,0.0001523128430177461,2.4298041931564995,0.00014072774735190724,0.2840194585035315,418,189,20,20,0,0.2852,606,0.5483982681208432,0.015035,0.015035242132697357,262.0,373.0,-0.0689382,0.0648404,0.0530776,0.0219375,0.0300964,-0.2736569,-0.0494552,0.9547153,-0.105758,0.5953047,0.8185885,0.338331,0.4641606,459.0,379.0,-0.0061708,0.0485712,0.0126311,-0.0307641,0.0354004,0.6005453,-0.299831,-0.5289151,0.5193222,0.6130077,0.2600529,-0.6333821,0.7288344,-0.029930928626247123,1.0,1.3259762513937062e-05,289.78459909880644,0.0,256,9.985931217200211e-13,6.312106776807827e-14,1.405612382687076e-13,8.550099529647184e-10,1.2789358663930962e-06,7.479572859232004e-15,34.762300102092794,7.441985816242893,9.576781348453663,3.1367183059836434,0.9590065221325337,1.2541973668473259,-0.04302091914570386,0.0,0.018428533857821696,0.9732742103324732,0.0163033465924535,2.469456957527868,0.05497125002265024,621.4895151987029,289.784555928689,0.6091702811586391,0.6091702873756389,0.609170287691728,0.7614628592195486,5.236900261801413e-08,625,0.3388,0.3388,-0.0121,-0.002189,2,0.0967,-0.8753,-0.000508,12.048,6.0238,2.0,0.37446,0.67845,1.67554,0.16443,0.9858,0.982,0.996,0.5171,4.4234,1.9463,0.8493,0.9858,22.9034,5.1778,82,0.2093,-0.0287,43,0.2241,0.3157,2.0,0.0498424,0.1128188,-0.3871629,-0.058268,0.0220418,-0.0162244,0.0643757,189.0,184.0,0.0614189,0.0493243,0.1092128,0.0249046,-0.0081118,-0.0070171,0.0271161,191.0,188.0
35,1328,139195,0.0,1.6844750993181362e-05,2.045456600329182e-06,1.6844750993181362e-05,0.427908946120894,6.84109740849527,5.815719339996769,-12.597793097288307,13.32721767746,-0.08596218533494608,13.32721767746,0.0009008745783035815,12.56368869859823,7.01698246818375,-1.250355890430468,1.1920388031053795,-0.004369644223003632,1.250355890430468,0.07271754793598983,2.4990550266512246,1.07831054933865,0.05872029781076826,1.4482007556743435,0.6996902262571132,0.0,0.5131957769460532,0.2429770496901081,0.0007812968400567888,1.4140669319131298,0.9055329347959037,5.258500527837083e-07,-0.4924734151805592,0,0,0,0.00015926892465317928,0.5464223962004207,618,0.2646,-0.01397,0.4715204481616332,-0.06607777245153404,0.5488689220470282,0.07311363761210125,0.31546102255526415,1.5651526279901964,0.0003892489827389164,0.00015931116141604062,2.4433252465117237,0.00014925455708670278,0.2809079537860866,418,201,19,19,0,0.2646,618,0.5464223962004207,0.048558,0.04855759070686183,428.0,375.0,-0.0579513,0.0847747,-0.0656184,0.0342001,0.0413683,0.8390609,0.3100223,-0.3524612,0.2750165,0.5925075,-0.7740323,0.4034232,0.4879792,459.0,379.0,-0.0078001,0.0236718,-0.0230722,0.0037414,0.0037452,0.9366291,0.2063359,-0.169379,0.2268527,0.6123525,-0.9746728,0.1580545,0.158214,-0.03427265803503427,1.0,1.5175728168089575e-05,289.7846322648071,0.0,256,8.315352380520446e-13,7.845566831687699e-14,1.4381865143664088e-13,7.815053438787915e-10,1.4024794082541518e-06,4.713070858801051e-15,24.675290289858545,6.0797855893411015,7.710467249568544,3.1380427783319975,1.265833354963361,1.620408371600702,-0.0008195197180548286,0.0,0.02129401373774623,1.7880106672933547,0.027587045353165834,1.005970998546063,0.04974408575866317,621.4895778954818,289.7845851625824,0.6091702804401333,0.6091702873649176,0.609170287691728,0.761462859206147,5.8128526690716436e-08,628,0.3347,0.3347,-0.01295,-0.014631,2,0.0886,-0.8785,0.000153,12.046,6.0228,2.0,0.37444,0.68234,1.68211,0.16479,0.9859,0.9823,0.9963,0.5166,4.2875,1.9651,0.8932,0.5615,23.7601,5.5417,82,0.3182,0.4164,43,0.2578,0.3719,2.0,0.0612479,0.1304674,-0.3610531,0.0612432,0.0132376,-0.0088161,0.0632747,189.0,186.0,0.0577974,0.0453744,0.1204114,-0.0031104,0.0420349,0.0187855,0.0461465,191.0,188.0
36,1339,139208,0.0,1.795037992710657e-05,2.1693470461610408e-06,1.795037992710657e-05,0.4051873290671078,6.820461170452672,5.817128020552344,-12.941489534425848,13.326489075433308,-0.07974671782153342,13.326489075433308,0.0020017198558637084,12.565765805326853,7.004165527573528,-1.2542900565247073,1.1985332339323853,-0.00406754356588587,1.2542900565247073,0.07454836997897171,2.5008334806161217,1.0760767829940818,0.05228046590503599,1.5167366993380207,0.6996113829844647,0.0,0.5273368115058508,0.2505592474694048,0.0003361601039488793,1.413964624626421,0.9061453807306946,1.234615201125599e-07,-0.49967327292281893,0,0,0,0.0001831194341052977,0.544791994403187,626,0.2615,-0.01073,0.47379490966926396,-0.06478021801355156,0.5535914084738901,0.018541815203928527,0.327750100362923,1.5906933821933504,0.00044752350612434314,0.00018316189123632632,2.4433221512597387,0.00017218611250165145,0.2825146565639527,421,206,20,20,0,0.2615,626,0.544791994403187,0.031936,0.031935752663009076,262.0,375.0,-0.0415784,0.0183345,-0.002078,-0.0050723,0.017496,0.0542652,0.8543842,-0.5115191,-0.0736959,0.5954,-0.1133355,-0.2766523,0.9542634,459.0,379.0,-0.004252,0.050135,0.0241569,0.0021307,-0.0438797,-0.1474242,-0.6369618,0.3523197,-0.6696392,0.6111426,0.4818369,0.0424985,-0.8752297,-0.03313253012048193,1.0,1.6844750993181362e-05,289.7847478463218,0.0,256,9.227495453890857e-13,7.668488538054056e-14,1.3441360798864975e-13,1.1998953065338714e-09,1.5139716915617952e-06,1.0832529943821471e-14,24.161956679212697,7.265135848216079,8.91311851957306,3.1404567810456565,1.1737783157701762,1.5552533365433168,0.08318514160791882,0.0,0.020912307545625265,2.2410083412743274,0.007138828398850333,1.6181653735295773,0.04518543525097141,621.4898371674918,289.7847060544437,0.6091702799641694,0.609170287318683,0.609170287691728,0.7614628591483537,6.194384849190114e-08,631,0.3352,0.3352,-0.01472,-0.002263,2,0.0877,-0.8789,0.000231,12.04,6.02,2.0,0.37492,0.68565,1.68842,0.16432,0.9858,0.9826,0.9967,0.5168,4.2866,1.9647,0.893,0.5613,23.9731,5.5926,82,0.2729,0.6481,43,0.1697,0.643,-1.0,0.0438195,0.0218782,0.3339727,-0.0139729,-0.0227951,0.0095146,0.0283793,192.0,183.0,0.0670613,0.036364,0.2968062,0.0087607,0.0123571,-0.0123839,0.0195655,191.0,188.0
37,1354,139226,0.0,1.8636449418444787e-05,2.240195767759171e-06,1.8636449418444787e-05,0.4323221859703411,6.854897842090597,5.8192265611337,-12.426993381164651,13.334176755944481,-0.08016415465046813,13.334176755944481,0.003387827346202471,12.538004607280058,7.004656910630409,-1.2619986525011841,1.2130503280653293,-0.00389947179578297,1.2619986525011841,0.07612668729156145,2.502500216288083,1.074600520416695,0.05,1.4979373630883261,0.7143176388506737,0.0,0.5414746691685538,0.25685590021326843,0.00360992390060777,1.4140372156418666,0.9239151498590898,5.534778689998464e-06,-0.5067389980551004,0,0,0,0.00020847757210193282,0.5450967422571145,630,0.26,-0.00863,0.4752666016764817,-0.06480480909974605,0.5584089106017519,0.07329366847067965,0.3041294867974293,1.6156391043938119,0.0005111280237081709,0.00020852699538147,2.4511359921200415,0.00019750044656322257,0.2851713094868604,422,209,19,19,0,0.26,630,0.5450967422571145,0.029112,0.029112105700177082,262.0,375.0,-0.0358426,0.0794846,-0.0579398,0.0388894,0.0380578,-0.2401209,0.0376022,0.968891,0.0466728,0.5961815,-0.7289435,0.4892702,0.4788069,459.0,379.0,-0.0054001,0.006604,-0.0025338,6.87e-05,-0.0060982,-0.2575651,0.5429471,-0.472244,0.6448676,0.6039972,-0.3836793,0.0104073,-0.9234078,-0.033607169529499624,1.0,1.795037992710657e-05,289.78487775349504,0.0,256,7.688862009203891e-13,5.828449250099968e-14,1.0890204155003515e-13,9.223550866446908e-10,1.5956598152588923e-06,1.95060034475238e-14,22.44356873738026,5.806693858464774,7.055144273357217,3.138307155727412,1.112751568855816,1.4204699017234916,0.0009505972450929642,0.0,0.0297529725661353,0.9529388549863947,0.02818983689538226,1.8453978047128468,0.026248954465085888,621.4900657434804,289.78481263354075,0.6091702796688243,0.6091702872753861,0.609170287691728,0.7614628590942326,6.431133933168635e-08,642,0.3202,0.3202,-0.01574,-0.01268,2,0.0833,-0.8926,7e-06,12.035,6.0174,2.0,0.37489,0.68589,1.70009,0.1637,0.9861,0.9826,0.9964,0.5155,4.2814,1.9623,0.892,0.6116,24.1819,5.6481,82,0.1737,0.9876,43,0.1307,1.0,0.0,0.1432835,0.0588151,0.4179563,-0.0555386,0.0384099,-0.0228162,0.0712772,193.0,182.0,0.0450129,0.0339391,0.1402592,-0.0238122,-0.0189956,-0.0247561,0.039252,191.0,188.0
38,1358,139231,0.0,1.907423771317212e-05,2.3139552089461827e-06,1.907423771317212e-05,0.438657341700446,6.866310505610552,5.819122388563958,-12.658399469580731,12.532353448833677,-0.07656846143900226,12.658399469580731,0.004300700926981932,12.561191266930749,6.981991273253824,-1.26761676342146,1.2220273835130258,-0.0044729631511733125,1.26761676342146,0.07772912346072958,2.5037025977017926,1.0766881425938668,0.05,1.4763919962241023,0.7153547850603104,0.0,0.5556136269817792,0.26524005390440664,0.0020067898060477374,1.414049149618308,0.9237040288249433,1.6620161813033614e-05,-0.5137841630407436,0,0,0,0.0002323639364648526,0.5459261154659787,631,0.261,-0.0087,0.4773865444561287,-0.06564881564619046,0.5629040812757986,0.019522740927979457,0.29472123341499135,1.6268486084936962,0.0005724821940228594,0.00023242304253566915,2.4631042936932666,0.00022214007372480202,0.2863717931215462,427,205,24,24,0,0.261,631,0.5459261154659787,0.019606,0.019605657597831172,262.0,375.0,-0.0363868,0.0319953,0.0296206,-0.0105063,0.0059948,0.5207477,-0.0878443,-0.7843916,0.325323,0.5943794,0.9257792,-0.3283711,0.1873643,459.0,379.0,-0.0054111,0.0672227,0.0074019,0.0350941,-0.0568552,0.8467378,-0.1139808,0.4051588,0.3254071,0.599555,0.1101095,0.5220562,-0.8457737,-0.0310192023633678,1.0,1.8636449418444787e-05,289.784976943559,0.0,256,8.348373570716971e-13,7.967995034626941e-14,1.2966512854738852e-13,1.3938971603956892e-09,1.6636527918664904e-06,1.8727267903234446e-15,25.07350171089419,6.984178506228076,8.511190015982708,3.104241850607574,1.1498859509472972,1.4941481344100118,0.021697493825320543,0.0,0.020164323727323127,0.6302792381085175,0.02099833714243853,2.121013180036211,0.07416424271302595,621.4902987268517,289.78492126768685,0.6091702794803628,0.6091702872288085,0.609170287691728,0.7614628590360106,6.582205047015688e-08,645,0.3285,0.3285,-0.01628,0.005831,2,0.0858,-0.8863,0.000372,12.035,6.0173,2.0,0.37537,0.68568,1.70002,0.16474,0.9862,0.9826,0.9963,0.5155,4.2701,1.9572,0.8896,0.7879,24.0591,5.6343,82,0.1807,0.4115,43,0.1714,0.5431,1.0,0.0591548,0.0443024,0.1435603,0.0079235,-0.0232984,-0.0323945,0.0406817,194.0,181.0,0.1202746,0.113555,0.028737,0.0505553,-0.0695504,-0.0419556,0.0956732,191.0,188.0
39,1374,139251,0.0,2.0514601610407993e-05,2.463390481031066e-06,2.0514601610407993e-05,0.46022961679442353,6.89414041304756,5.820412661982385,-12.582831347701157,12.455313214070518,-0.07851391959599387,12.582831347701157,0.0045768737390329715,12.529622306226722,6.908464322814746,-1.2744282510060647,1.2328666873026892,-0.004758226756556478,1.2744282510060647,0.07919564383395074,2.504357320862433,1.0752675864671266,0.06767178189211642,1.5278842099324985,0.7149085849875383,0.0,0.5697549766356644,0.2720114837026738,0.007129039025532413,1.414052852037807,0.9190418115845587,8.89561721558534e-08,-0.5206525672251832,0,0,0,0.00025945509735745236,0.5465270272012961,636,0.2545,-0.00474,0.4795491475368546,-0.06633884304787772,0.5673159461486149,0.05195069536248558,0.302866054002856,1.6742796217047584,0.0006372029672552485,0.0002595121479613754,2.4553878200341006,0.0002483994217081182,0.28322184874671874,425,212,23,23,0,0.2545,636,0.5465270272012961,0.022563,0.02256315315095403,428.0,375.0,-0.0309011,0.1013407,-0.0487724,0.0212625,0.0862502,-0.491886,-0.5958778,0.5571734,-0.3041967,0.5945201,-0.4812713,0.2098117,0.8510916,459.0,380.0,-0.0086812,0.0932124,-0.0083683,0.0602455,0.0706329,-0.1158989,0.802298,-0.0791992,0.5801835,0.5957586,-0.0897767,0.6463247,0.7577629,-0.030927835051546393,1.0,1.907423771317212e-05,289.78507315155184,0.0,256,5.708282643283503e-13,7.121558420766152e-14,1.1241173933693714e-13,1.1481670624796016e-09,1.8055790764270893e-06,-7.250874754222691e-15,23.534669176000687,6.829283658676369,8.292665231568186,3.1140295443927393,1.1414275898237678,1.4530199639570647,-0.08491930633246249,0.0,0.03323350475524506,1.61045333200817,0.021934554517953037,1.5834407026318804,0.05863037524794128,621.4905067553285,289.7850182660083,0.6091702788602971,0.6091702871851321,0.609170287691728,0.7614628589814151,7.079248517801774e-08,656,0.3137,0.3137,-0.01715,-0.014614,2,0.0799,-0.8977,-8.4e-05,12.03,6.015,2.0,0.37559,0.68601,1.71242,0.16348,0.9865,0.9825,0.9959,0.5131,4.417,1.9435,0.8481,1.1358,23.9305,5.4178,82,0.2486,-0.1937,43,0.2159,0.0156,2.0,0.1448972,0.0908088,0.229474,-0.0245604,0.0579199,0.0035837,0.0630141,189.0,186.0,0.0904874,0.1155227,-0.1215248,-0.0205761,-0.039539,0.0117072,0.0460843,191.0,189.0
40,1387,139266,0.0,2.0865127220678078e-05,2.512308144620887e-06,2.0865127220678078e-05,0.4865320386355853,6.926873561860957,5.8217555888175,-12.496718724923072,12.567105187968824,-0.07320941088973228,12.567105187968824,0.00228496579921314,12.54211280249538,6.930943306366798,-1.2857506641438985,1.2464438486226763,-0.005099480475469849,1.2857506641438985,0.08075926725195309,2.5043526914786542,1.0756605933221897,0.057109807128606804,1.5188740392005287,0.7205958691287274,0.0,0.5838959000327377,0.2783418721271043,0.0024406387638530314,1.4140630573477113,0.9070907179700237,1.002707064240116e-05,-0.5274230250107277,0,0,0,0.00029406506500051694,0.5473313542356347,639,0.2612,-0.004,0.4801954226712774,-0.06502144658774128,0.5728153118522231,0.06106241346760411,0.3055238314842769,1.7058101023040446,0.0007223286041366483,0.0002941555501312696,2.4556007996935723,0.00028291945624138817,0.28186263309331855,431,209,22,22,0,0.2612,639,0.5473313542356347,0.01231,0.012309753228056497,428.0,376.0,-0.0282227,0.0980253,0.0739835,-0.0286749,0.05756,0.1251256,0.4405774,0.2880173,-0.8410001,0.5925421,0.7547387,-0.292525,0.5871956,823.0,372.0,0.0325139,0.0435325,0.0303837,0.0310796,0.0024418,-0.6946388,-0.0003461,-0.6768931,-0.2435006,0.5971803,0.6979547,0.7139419,0.0560908,-0.026200873362445413,1.0,2.0514601610407993e-05,289.7851833450104,0.0,256,5.030215680025581e-13,6.5857070534509e-14,9.830328337689658e-14,1.2089151333037586e-09,1.8725758399824329e-06,-4.093445003917522e-15,24.216061526282136,5.666585786816464,6.853615152266606,3.1288904350987297,1.077335989079924,1.3973425782669386,0.022124925843327328,0.0,0.0034154507034528615,0.8196159198437758,0.0378708518402566,2.2953469968492057,0.02962615429917666,621.4907760136317,289.78514381422093,0.6091702787094033,0.6091702871256817,0.609170287691728,0.7614628589071021,7.200205968479375e-08,666,0.3142,0.3142,-0.02008,0.00462,2,0.0822,-0.8999,0.000483,12.028,6.0142,2.0,0.37628,0.68689,1.7203,0.16424,0.9866,0.9825,0.9958,0.5141,4.3882,1.9308,0.8425,1.2788,23.9106,5.4488,82,0.2034,-0.6515,43,0.1177,-0.3468,3.0,0.1352186,0.0656185,0.34655,0.0345076,-0.0078113,0.0069772,0.036062,190.0,186.0,0.0347292,0.0766759,-0.3765246,-0.0370424,0.003141,-0.0108342,0.0387219,197.0,175.0
41,1396,139276,0.0,2.2558706706977077e-05,2.677736878635501e-06,2.2558706706977077e-05,0.4960167302545983,6.941752526858628,5.821843875036433,-12.69619033101382,12.296268828220512,-0.0742184352904612,12.69619033101382,0.0018092898575294018,12.563314558360723,6.885586295689099,-1.2961081357931217,1.2615607165336113,-0.005120556774041245,1.2961081357931217,0.08241041293476063,2.503393431207648,1.0771900706534787,0.05314545203980592,1.5080678233849114,0.7062050410576511,0.0,0.5980296762396823,0.2855598316365357,0.0030621354407176504,1.414203773276193,0.9523334296734632,2.6511054074248105e-05,-0.5341689587883336,0,0,0,0.0003293258495170534,0.5481726472968885,642,0.2621,-0.00264,0.4824778096483967,-0.06599715570052746,0.5778594370140773,0.10245565677058352,0.3077553888925422,1.7099951078690152,0.0008080646746879027,0.00032945250897372064,2.452750101084704,0.00031890783268995963,0.2812249144484335,431,212,20,20,0,0.2621,642,0.5481726472968885,-0.019777,-0.019776870748458242,262.0,376.0,-0.0306785,0.1297263,-0.0248371,-0.0008799,-0.1273234,0.6865181,0.3386549,0.627463,-0.1424635,0.5967274,-0.1914575,-0.006783,-0.9814775,823.0,372.0,0.0253401,0.095557,-0.0268421,-0.022451,-0.088919,0.8495748,0.0427679,-0.5228763,0.0547166,0.5966889,-0.2809012,-0.2349493,-0.9305339,-0.028118240807498196,1.0,2.0865127524873322e-05,289.7852708440706,0.0,256,4.991765008444073e-13,5.2252514474272996e-14,7.970141550630179e-14,1.2635826599022543e-09,2.0091909819206583e-06,6.392108901468113e-15,21.27897984638068,6.5389822780823765,7.927313046439537,3.132383807725059,1.2416627644382865,1.5087182631797509,-0.05435620820811793,0.0,0.048165189973492645,2.874715650320419,0.012768525148945317,2.3460881219475453,0.09949253696826521,621.4909812900391,289.7852395293233,0.6091702779803309,0.609170287078141,0.609170287691728,0.7614628588476763,7.784629315011873e-08,672,0.3175,0.3175,-0.02339,0.068859,2,0.0833,-0.8931,-0.000104,12.029,6.0143,2.0,0.37759,0.68857,1.7251,0.16447,0.9866,0.9826,0.9959,0.5143,4.373,1.9241,0.8396,1.4244,23.8865,5.4623,82,0.1359,-0.9973,43,0.0766,-0.8514,-0.0,0.1422863,0.1490112,-0.0230858,0.0072013,0.0661341,0.0071023,0.0669031,195.0,181.0,0.0957039,0.1010398,-0.0271212,0.0080578,-0.0213937,0.003163,0.0230786,197.0,175.0
42,1400,139280,0.0,2.4595502017646238e-05,2.9318541373076083e-06,2.4595502017646238e-05,0.4780943628377115,6.927716549611458,5.823067362217302,-12.519731308585573,12.555661889513106,-0.07326164053671728,12.555661889513106,0.0002107768935744651,12.56205055480588,6.900269086438046,-1.3073620307649023,1.2758702013238847,-0.005313129161029635,1.3073620307649023,0.08414062167980858,2.5014843960644746,1.079255705499627,0.06956412959585823,1.4962573699320516,0.7170503850300799,0.0,0.6117779725517485,0.29322630253952137,0.0003555747666054154,1.414034745269316,0.911940950576279,0.00011024556714824961,-0.5406650713842388,0,0,0,0.00035532025044939175,0.5487062993844387,646,0.2559,-0.00138,0.4856613242653789,-0.06716068673939608,0.5839852543029945,0.0833302808502129,0.28826567000233183,1.7143890918016762,0.0008973002168608368,0.0003554548360727287,2.524371947712768,0.00035622168433561735,0.28443909927597877,431,216,19,19,0,0.2559,646,0.5487062993844387,-0.033116,-0.03311624461198237,262.0,376.0,-0.0334638,0.0996363,0.0017651,0.020151,-0.0975614,0.0849178,-0.0828894,0.9596551,0.2549124,0.5878384,0.017715,0.2022458,-0.9791746,823.0,372.0,0.0214241,0.0732578,-0.019783,-0.0595778,0.0377601,0.1550169,-0.0382094,-0.545951,-0.8224642,0.5968318,-0.2700462,-0.813262,0.5154416,-0.02865329512893983,1.0,2.2558706706977077e-05,289.7853994339261,0.0,256,1.475698411469661e-12,1.463196859752011e-13,2.2206746487402715e-13,1.8159173985414375e-09,2.195520490095258e-06,2.5624149793297834e-14,19.524150285900184,5.746077229404705,7.054314898100679,3.1203233918798348,1.0695612928249345,1.3798939720156775,-0.09364933325447933,0.0,0.02859621746148773,0.33155142315983455,0.027551662196564304,0.2268386362041049,0.06526425114046552,621.4912037274277,289.78534324614924,0.6091702771035069,0.609170287024462,0.609170287691728,0.7614628587805774,8.487489995915475e-08,672,0.3224,0.3224,-0.02589,0.072948,2,0.0827,-0.8826,0.000277,12.032,6.016,2.0,0.37796,0.68822,1.72837,0.1645,0.9865,0.9829,0.9964,0.5157,4.3796,1.927,0.8409,1.4015,24.0199,5.4845,82,0.2098,-0.0948,43,0.2498,0.0583,1.0,0.1036165,0.145818,-0.1691888,-0.0704763,-0.0289595,0.0252357,0.0802646,195.0,181.0,0.0911812,0.1089297,-0.088693,0.0671486,-0.0038452,0.0113122,0.0682033,197.0,175.0
43,1407,139288,0.0,2.6834930083513063e-05,3.1195842885150506e-06,2.6834930083513063e-05,0.48858074394672873,6.943504727632215,5.823443583633919,-11.836087928086146,12.511154802612749,-0.07603762371759412,12.511154802612749,0.001835681284752184,12.56560424940662,6.912334515537774,-1.3180734063072224,1.288585353841841,-0.005425201664275826,1.3180734063072224,0.08501012799498114,2.4999781234396354,1.0794805726106833,0.05,1.5039686058695647,0.7312528216561017,0.0,0.6259194434772755,0.3010324951895092,0.00024276524484101447,1.4140087621323847,0.9046182531039815,1.330278755823004e-06,-0.547095210317339,0,0,0,0.0003644073627077213,0.5494536862072168,648,0.2563,-0.00082,0.4860977873900634,-0.06827085767868096,0.5872619926304598,0.04028489064745019,0.2858102559726916,1.7170910807483863,0.000931519660758053,0.000364536787285763,2.555351594811275,0.00037154588531881894,0.285586850194423,432,217,22,22,0,0.2563,648,0.5494536862072168,-0.001935,-0.0019346032193356955,262.0,376.0,-0.0272243,0.0156553,0.0009025,0.0136683,0.0075797,0.3193978,0.254019,0.2931212,0.8646036,0.5856098,0.0576486,0.8730758,0.4841646,823.0,372.0,0.0169135,0.0060526,-0.0014353,0.0053185,-0.0025073,0.6013165,-0.2515783,-0.4135262,0.6357066,0.5935141,-0.2371364,0.8787237,-0.4142596,-0.03142857142857143,1.0,2.4595502017646238e-05,289.7854236879816,0.0,256,1.20520227745756e-12,2.1949245432463313e-13,3.044085087277007e-13,1.7994745616736881e-09,2.3744476632806752e-06,-3.2244469677360697e-15,14.730573165970497,5.724096776227659,6.97860779554583,3.1026996366661583,0.7700269194323031,1.1059509785505852,-0.05019279284237922,0.0,0.021238733974635125,2.4283466511353833,0.017989628331918396,1.3742414773690874,0.03705833366574563,621.4911665997602,289.78532593447403,0.6091702761394456,0.6091702870335791,0.609170287691728,0.7614628587919738,9.260279138351178e-08,677,0.3156,0.3156,-0.02795,-0.029724,2,0.0811,-0.8962,-0.000252,12.027,6.0137,2.0,0.37724,0.68728,1.73169,0.16284,0.9866,0.9828,0.9962,0.5153,4.376,1.9254,0.8402,1.4253,24.0971,5.5066,82,0.3052,0.3971,43,0.3471,0.4158,-1.0,0.1193083,0.0981712,0.097191,0.0367025,0.0018713,0.1011141,0.1075855,196.0,180.0,0.0311121,0.0310757,0.0005841,0.0096534,0.0168696,0.0235105,0.0305043,197.0,175.0
44,1410,139292,0.0,2.9077544815638753e-05,3.3239051397395175e-06,2.9077544815638753e-05,0.4906707384521422,6.950150886918179,5.823780217481327,-12.083156140060499,12.472166907713264,-0.06993597143896893,12.472166907713264,0.006161509381005459,12.564227190877629,6.8858832835530315,-1.3278917256138603,1.3110927550841798,-0.005992022210557125,1.3278917256138603,0.08560873704518876,2.4974374288066294,1.0806208566633717,0.059596609250609944,1.476019847213061,0.7305123007501683,0.0,0.6400607579910865,0.31022342887868865,0.0006222357495546671,1.4140176440037582,0.9085052186068759,1.5039769808090046e-06,-0.5534756294653067,0,0,0,0.00037798245775478017,0.55042564003845,649,0.2534,-0.00035,0.4876870828582859,-0.07050737963940774,0.591554032097189,0.010265125688290924,0.2799636364717472,1.7083859093328106,0.0009824208382292249,0.0003780881233139827,2.5983911624046834,0.0003931693840139525,0.2969456373006789,429,221,28,28,0,0.2534,649,0.55042564003845,-0.002109,-0.002108661318463767,262.0,376.0,-0.0272992,0.0326439,-0.0234775,0.0217918,-0.0062889,0.9929474,0.1141441,-0.0177196,-0.0266937,0.5828965,-0.7191991,0.6675615,-0.192651,823.0,372.0,0.0144966,0.0639088,-0.0364033,0.0469854,-0.0234843,-0.0031778,0.9257355,0.1823426,-0.3312928,0.5908439,-0.5696127,0.7351939,-0.367466,-0.030561478322672354,1.0,2.6834930083513063e-05,289.7854879126404,0.0,256,2.393784024945272e-12,2.3930603635010783e-13,3.765894060102954e-13,1.701694849150147e-09,2.5599083860786745e-06,-1.386013331030565e-14,13.05449113407551,5.5332979818421375,6.79747401910854,3.136151828730284,0.9413919445227852,1.2399634904844588,0.1927435584191411,0.0,0.029159153607888077,1.9228204314550763,0.014341295014448207,1.5891020686491042,0.031605087550015516,621.491342612341,289.78540800460763,0.6091702751740179,0.6091702869898064,0.609170287691728,0.7614628587372579,1.0034164596436966e-07,679,0.3142,0.3142,-0.02836,-0.016426,2,0.08,-0.8857,-0.000345,12.028,6.0142,2.0,0.37701,0.68796,1.73056,0.16468,0.9865,0.9829,0.9963,0.5156,4.3693,1.9225,0.8389,1.523,24.0407,5.5022,82,0.324,0.7321,43,0.3314,0.6421,1.0,0.0667411,0.0527801,0.1168078,-0.0005863,-0.0004706,-0.05011,0.0501157,196.0,180.0,0.050925,0.1307556,-0.4394005,0.0300723,-0.0179795,0.0657652,0.0745162,197.0,175.0
45,1416,139300,0.0,3.0376909312748466e-05,3.461568113003257e-06,3.0376909312748466e-05,0.4900260680676732,6.95414383654551,5.8238983067663845,-11.73181415080956,12.442135235231836,-0.062446692674412746,12.442135235231836,0.0031822856350878226,12.566188902154328,6.905514263908525,-1.3379661565453524,1.3210104822260456,-0.005958314560580365,1.3379661565453524,0.0864131660474816,2.4954527622786777,1.0810598877509399,0.06711033787230514,1.5205736510374033,0.7203225820479352,0.0,0.6541992189415841,0.31833751002709954,0.000437313357530833,1.4139768085249578,0.9036493357692924,1.9606876067860668e-06,-0.5598133588781743,0,0,0,0.0004122385081689426,0.5512759638347922,652,0.2446,0.00207,0.4907043018509088,-0.07260529548471205,0.5970396873134955,0.019255640747197638,0.27566301721205255,1.7169563839345316,0.0010754014688120928,0.000412327562765795,2.608124137029686,0.00043175226208852664,0.2990597529317217,426,227,35,35,0,0.2446,652,0.5512759638347922,-0.006974,-0.006974025227376668,262.0,376.0,-0.0191255,0.0735819,-0.0352176,-0.0145352,-0.0629504,0.6537957,0.0408051,-0.5583811,0.5090154,0.5852457,-0.4786179,-0.197537,-0.8555139,823.0,372.0,0.012619,0.0744698,0.0192553,-0.0704212,-0.0146911,-0.7284943,0.2725285,-0.0078622,0.6284604,0.5858291,0.2585659,-0.9456352,-0.1972757,-0.031205673758865248,1.0,2.9077544815638753e-05,289.78557829510606,0.0,256,2.3402014335227788e-12,1.3570877422254553e-13,2.9302301574571326e-13,2.08473203447585e-09,2.7063391688113534e-06,-1.1552430482231403e-14,14.504647235073728,5.49067788655122,6.5944041735540795,3.1095886858748227,1.2264391063874458,1.5776262837979764,0.14247823937479231,0.0,0.031920052155889625,2.400182173358634,0.02737934131684888,0.7893099629412299,0.04815513883003574,621.4915123541758,289.78548715085395,0.609170274614655,0.6091702869462581,0.609170287691728,0.7614628586828226,1.0482550251709163e-07,682,0.314,0.314,-0.03031,-0.012758,2,0.0773,-0.8824,-0.000241,12.03,6.0152,2.0,0.37671,0.68839,1.73229,0.16424,0.9865,0.983,0.9964,0.5155,4.366,1.9211,0.8383,1.5718,24.1005,5.52,82,0.2049,0.9572,43,0.1792,0.9059,2.0,0.0381804,0.1125858,-0.4935158,0.0126789,-0.0057147,0.0409399,0.0432376,196.0,180.0,0.1531996,0.0270216,0.7001285,0.0226646,-0.0788784,0.010383,0.0827242,197.0,175.0
46,1422,139307,0.0,3.2170359873370306e-05,3.63259737432212e-06,3.2170359873370306e-05,0.49687996075988,6.965809372557396,5.824130827180972,-11.714223342269996,12.419045330669336,-0.053086007382761084,12.419045330669336,0.010367329584066139,12.565749257154623,6.881720038367893,-1.3491363581470568,1.3326441140771426,-0.006582731386522349,1.3491363581470568,0.08742983463574092,2.490912788065842,1.0809451770775402,0.0698959811125387,1.5061028141124404,0.7251425016077736,0.0,0.6683390825926102,0.32654221756687435,0.003210478219022761,1.4140274780251163,0.9092183561631306,7.28046768720031e-07,-0.565911143084003,0,0,0,0.0004320383684603405,0.5518283906293201,654,0.2447,0.0043,0.4918787459260108,-0.07641504598771251,0.6018903497392588,0.022277680235194438,0.27922052394257885,1.7307733983444527,0.0011421933211321817,0.0004320581967312669,2.643609888143396,0.0004607826839394612,0.30331019400764486,428,227,29,29,0,0.2447,654,0.5518283906293201,-0.006094,-0.006094262429086061,262.0,376.0,-0.004135,0.0655825,-0.0497512,-0.0004513,-0.0427279,-0.8718892,-0.1445549,-0.370099,0.2862512,0.5813966,-0.7586056,-0.0068816,-0.6515137,823.0,372.0,0.011097,0.0584311,0.0136741,0.0567034,-0.0034554,-0.7087342,-0.4582745,0.3272942,-0.4249221,0.583718,0.2340216,0.9704312,-0.0591366,-0.031073446327683617,1.0,3.0376909312748466e-05,289.78561068476614,0.0,256,4.7622094745304836e-12,1.5605805155218531e-13,3.81909888841707e-13,2.3359180715339798e-09,2.8839292586159302e-06,1.8787725937733723e-14,17.220048318894115,5.660800095583078,6.771565973221913,3.0689734566463596,1.1305738756302492,1.4431563334176452,0.019099512281952495,0.0,0.01028484197788656,2.421276047033747,0.024293651328423843,1.4497911569837167,0.03522616328427313,621.4916293118627,289.78554168521134,0.6091702738425862,0.6091702869154867,0.609170287691728,0.7614628586443584,1.1101437182230565e-07,686,0.3105,0.3105,-0.03134,-0.020853,2,0.0765,-0.8878,-0.000438,12.036,6.0181,2.0,0.37602,0.68996,1.73361,0.16325,0.9866,0.983,0.9964,0.5155,4.3527,1.9152,0.8357,1.6913,24.0463,5.5245,82,0.147,0.7551,43,0.1073,0.7373,1.0,0.0508876,0.1098252,-0.3667266,0.0009526,0.0065704,0.054952,0.0553516,197.0,179.0,0.1316699,0.0238624,0.6931517,0.0014426,0.0755663,0.0037158,0.0756714,197.0,175.0
47,1428,139316,0.0,3.4211800381992354e-05,3.846443007950798e-06,3.4211800381992354e-05,0.5026264604648253,6.976688632457028,5.825183393270162,-11.994434648048111,12.40967476867563,-0.04603927405212607,12.40967476867563,0.0117197611204028,12.565549513363242,6.845338269932338,-1.359666146620519,1.3393264758551733,-0.007734782560670961,1.359666146620519,0.08834744468554157,2.4861467827910064,1.08155697320242,0.05,1.525919229402429,0.7207784272131333,0.0,0.682474660199852,0.3350624236122316,0.0015200575058308408,1.4140217884351245,0.9041933574976713,2.735566748764638e-06,-0.5719477602608097,0,0,0,0.00046591043063116266,0.5526114906360737,656,0.2395,0.00594,0.4951065051312497,-0.07785125127011384,0.6079668220731056,0.047327234944088935,0.2930973260329961,1.7352883922225297,0.0012423532720623354,0.0004659155634896767,2.6664772963521366,0.0005026640598521064,0.3031196366347832,428,229,27,27,0,0.2395,656,0.5526114906360737,-0.007589,-0.007588967270786284,309.0,374.0,-0.0324047,0.079001,-0.0543046,0.0565409,0.0097617,-0.1024352,0.3606948,-0.8346435,0.4034558,0.5795242,-0.6873921,0.7156983,0.1235638,823.0,372.0,0.0087768,0.0554136,0.0033029,-0.0395812,0.0386405,-0.9706577,-0.23842,-0.0159302,0.0269399,0.5826209,0.0596053,-0.7142861,0.697311,-0.030942334739803096,1.0,3.2170359873370306e-05,289.785675811974,0.0,256,5.485814572406322e-12,2.5038747977240967e-13,5.240486307105755e-13,2.2322879018394463e-09,3.1020122255025784e-06,6.670318529902661e-14,18.76777689725732,5.5460906947084405,6.7079425057989095,3.1318559908553554,1.1242335425727568,1.421201567863951,-0.032667917464865186,0.0,0.018305902148826884,1.6730180217174184,0.019375217719560512,2.1885416857744007,0.0507413373311792,621.4917252335179,289.7855864110089,0.6091702729637636,0.6091702868897846,0.609170287691728,0.7614628586122307,1.180590132370112e-07,690,0.3032,0.3032,-0.03348,-0.019824,2,0.0731,-0.8857,-0.000186,12.038,6.0191,2.0,0.37535,0.69045,1.73325,0.16461,0.9866,0.983,0.9963,0.5154,4.3405,1.9098,0.8334,1.8106,23.9979,5.5288,82,0.185,-0.2237,43,0.1292,-0.337,0.0,0.0789038,0.0926281,-0.0800105,0.0008089,-0.0079504,-0.0343792,0.0352958,188.0,186.0,0.122047,0.0961659,0.118605,-0.0131485,-0.0829975,-0.0446099,0.0951394,197.0,175.0
48,1431,139320,0.0,3.681552123017461e-05,4.093114141702691e-06,3.681552123017461e-05,0.49686734318270925,6.975181783119978,5.826663829846603,-11.67911721061351,12.394046478815833,-0.04322096597842337,12.394046478815833,0.001053070938508328,12.56501029134338,6.80498330580984,-1.3677221257106364,1.351699427994365,-0.007694607512902845,1.3677221257106364,0.08913355243226347,2.482167646858713,1.0822293010835358,0.06322332600594505,1.5002307559239074,0.7394813907390652,0.0,0.6966139497446434,0.3436862099777988,1.226380059848875e-05,1.414037685503269,0.9070643645964531,6.846012289281443e-06,-0.5778079734354541,0,0,0,0.00046536827854340445,0.5529986425110668,658,0.2422,0.00834,0.4948107780332838,-0.07755724904963711,0.6106405214335687,0.05787257464981078,0.2975402939817634,1.7269744706933252,0.0012679594043564937,0.0004653722611332606,2.7246131973332424,0.0005160019315129996,0.30483640040785714,431,228,27,27,0,0.2422,658,0.5529986425110668,0.002729,0.002729499957397241,309.0,374.0,-0.0223271,0.0836492,-0.0329355,0.0768922,0.0001269,0.1822523,0.2071815,0.5244762,-0.8054717,0.574496,-0.3937343,0.919223,0.001517,823.0,372.0,0.0059135,0.0717088,-0.0018292,0.0189938,0.0691234,-0.4336101,-0.3172322,0.2514491,0.8050586,0.5813414,-0.0255085,0.2648744,0.9639455,-0.03081232492997199,1.0,3.4211800381992354e-05,289.7856826660028,0.0,256,7.171823500675644e-12,3.3398379291534076e-13,6.906383141618571e-13,2.306367361461073e-09,3.3159466023001963e-06,-7.220692558129645e-14,25.125826784907485,7.584253537622649,9.924448581735064,3.116724812796966,1.0677914213387842,1.4152702892732403,0.0685370916230518,0.0,0.043797421801209976,1.3166359048119802,0.015209852093701275,0.8647834758450638,0.07911440967942364,621.4917793491144,289.78561164371797,0.6091702718428802,0.6091702868751083,0.609170287691728,0.7614628585938854,1.2704399304489313e-07,691,0.3115,0.3115,-0.03806,-0.013828,2,0.0762,-0.8919,-0.00019,12.039,6.0193,2.0,0.375,0.69178,1.73248,0.16444,0.9866,0.9831,0.9964,0.5157,4.3443,1.9115,0.8341,1.7129,24.1545,5.56,82,0.2076,-0.8183,43,0.1012,-0.9192,-0.0,0.0294404,0.1365188,-0.6452089,0.015477,-0.0540086,-0.0002009,0.0561828,188.0,186.0,0.0760739,0.0988005,-0.1299597,-0.0196745,0.0398485,-0.0251796,0.0510784,197.0,175.0
49,1434,139323,0.0,3.974289759305668e-05,4.385173887427978e-06,3.974289759305668e-05,0.4954895643042731,6.978080567540646,5.824145661537147,-12.064703601399984,12.495898846037715,-0.0425722421119517,12.495898846037715,0.004222383422412983,12.56194819629573,6.809844520323396,-1.3700623261444895,1.371524395575426,-0.007634193252988036,1.371524395575426,0.08972230057748691,2.475809546252149,1.0825670847301676,0.08636047931080693,1.485893740999098,0.7225066910679157,0.0,0.7107546345801125,0.352768338755962,0.003706976765081471,1.4140237305726684,0.9008845010548668,4.604444210788665e-05,-0.5836607503742011,0,0,0,0.0004812514485141008,0.553783172893894,659,0.239,0.01079,0.4969466824524546,-0.0794985179564322,0.6150478791644108,0.05662286121913596,0.30067960891642975,1.7239793161498984,0.0013302299611760073,0.000481266467012814,2.7640196281129827,0.000543355203050236,0.305601270166728,432,228,31,31,0,0.239,659,0.553783172893894,-0.003582,-0.0035819029328705287,309.0,374.0,-0.0170173,0.0559214,0.0369558,-0.0410983,-0.0085091,-0.9283299,-0.2087251,0.0066121,0.307561,0.5707733,0.6608521,-0.7349295,-0.1521614,783.0,372.0,0.0014987,0.0780569,-0.0607036,0.0385456,-0.0303678,-0.2912764,-0.5976034,-0.6420251,-0.3818795,0.5789967,-0.7776831,0.4938135,-0.3890466,-0.031446540880503145,1.0,3.681552123017461e-05,289.78572732575014,0.0,256,1.100183923335643e-11,3.033497176813558e-13,8.476626987092481e-13,2.9200194629799943e-09,3.576741988426558e-06,-1.1454721882771117e-13,24.872091098859432,8.24457075820455,10.313637178011176,3.140229629239344,1.2111138579018021,1.50568982311134,-0.04874269452264306,0.0,0.02808792847854254,2.3650670882230167,0.02899499230519061,0.82345851284958,0.059051335537992335,621.4918863243751,289.7856615235271,0.6091702705826658,0.6091702868456912,0.609170287691728,0.7614628585571139,1.3714583870061507e-07,692,0.3125,0.3125,-0.04117,-0.014989,2,0.0754,-0.9036,-0.00021,12.04,6.0198,2.0,0.37492,0.69263,1.73208,0.16361,0.987,0.9821,0.9951,0.516,4.5161,1.9107,0.8337,1.737,24.163,5.3504,83,0.2138,-0.9866,43,0.1367,-0.7238,-2.0,0.167592,0.0632159,0.4522204,0.0706214,-0.0644181,-0.0580695,0.1118443,188.0,186.0,0.0381779,0.1877214,-0.661992,0.083932,-0.068028,0.0230776,0.1104761,197.0,175.0
50,1437,139327,0.0,4.2889271766987646e-05,4.695531942160974e-06,4.2889271766987646e-05,0.5061973152961495,6.993440730680135,5.824231209443605,-12.635471955111113,12.802990220537016,-0.04151436308147835,12.802990220537016,0.015255417205248844,12.553860065501466,6.890444537785955,-1.37302848104652,1.392533067419012,-0.007752345382395224,1.392533067419012,0.0905813609534113,2.4686015287991636,1.0845497268479836,0.08188759159068615,1.4831882664033307,0.7275027915614319,0.0,0.7248947624962925,0.36216026074876656,0.0025238175440739363,1.4140307539256722,0.9027925769569485,3.244502320514583e-05,-0.5893517901448896,0,0,0,0.0005035434790076643,0.5544160668384545,659,0.2412,0.01342,0.4998094134484913,-0.07954989849002898,0.6204448211328218,0.08136352274647979,0.3002374112334883,1.7258831886991948,0.001413551840826248,0.0005035578578524956,2.80712895009636,0.0005797004286606545,0.310319926085427,434,226,35,35,0,0.2412,659,0.5544160668384545,-0.006136,-0.006135674079963405,309.0,374.0,-0.0132552,0.0679684,0.0203682,0.0300297,-0.0574722,-0.662587,-0.4734008,0.5637982,-0.1378473,0.566525,0.2996721,0.4418182,-0.8455728,783.0,372.0,-0.0025084,0.1225565,0.0713412,-0.0617422,0.0782204,0.5237357,-0.3821829,0.7105226,-0.2734865,0.5793694,0.5821089,-0.5037852,0.6382395,-0.03207810320781032,1.0,3.974289759305668e-05,289.78579230885146,0.0,256,4.813129778256391e-12,3.3366800530424306e-13,6.557863282170909e-13,3.483755133644634e-09,3.841309117093699e-06,-2.2567074530752946e-14,25.064659245587336,8.456266679018253,10.51538723292728,3.11210709799321,1.0524527606159442,1.3508203267221521,0.009699209743833051,0.0,0.028793165036257107,0.7888311923274642,0.013266137467148663,1.8845109515486846,0.05774197731809529,621.4919979970443,289.78571359361695,0.609170269228176,0.6091702868144271,0.609170287691728,0.7614628585180339,1.4800340304951584e-07,695,0.3093,0.3093,-0.04345,-0.014104,2,0.0754,-0.9079,-0.000205,12.036,6.0182,2.0,0.37453,0.69219,1.73224,0.16381,0.987,0.9821,0.995,0.5164,4.4975,1.9605,0.7957,1.8781,24.0059,5.3376,83,0.1914,-0.499,43,0.2208,0.2089,-0.0,0.0605993,0.1009304,-0.2496819,0.02642,-0.0356699,0.020667,0.0489641,188.0,186.0,0.1507202,0.102899,0.188555,-0.0061142,-0.0059575,0.0391037,0.0400246,197.0,175.0
51,1442,139332,0.0,4.619825830268977e-05,4.953034873007067e-06,4.619825830268977e-05,0.509311444529374,7.000791928900201,5.8254092218324605,-12.356620417642159,12.471942013775683,-0.04262805751057615,12.471942013775683,0.004317138646561611,12.563582490983636,6.910764084192671,-1.384608443455064,1.411658386961049,-0.007822683883282668,1.411658386961049,0.09153824479827494,2.4609223376458296,1.0853254246082111,0.061078471949355895,1.504466924784034,0.7364299680853077,0.0,0.7390270014031233,0.36990112629802957,0.0018778913865942215,1.4141853780557339,1.0154818529177458,0.00014112383769684258,-0.5948896895427591,0,0,0,0.0005285034073095838,0.5550340900498795,661,0.2422,0.01696,0.502070984077431,-0.08057090872586765,0.6260598066501131,0.03256188155925152,0.30240888956182155,1.7276573411649059,0.0015092378778351681,0.0005285667814963229,2.855340007487148,0.0006231928104157499,0.3168355964099148,432,230,33,33,0,0.2422,661,0.5550340900498795,-0.034366,-0.034365909702837705,309.0,374.0,-0.0033102,0.028673,-0.0023394,-0.0283344,-0.0037189,0.2750259,0.2629373,-0.5781477,0.7217825,0.5624052,-0.0815897,-0.9881908,-0.1296997,783.0,372.0,-0.0062879,0.0711277,-0.0051673,0.0613316,0.0356495,0.5331474,0.393294,0.6075823,0.4380839,0.5781024,-0.0726478,0.8622743,0.5012038,-0.032707028531663185,1.0,4.2889273120439604e-05,289.7858395822574,0.0,256,1.7369695187140782e-11,4.134129169505538e-13,1.3671480057130034e-12,4.1139340104831975e-09,4.092932746790064e-06,2.887064003156186e-14,24.521066874652007,6.876251088683957,8.47459052421574,3.125348733418458,1.1122558582678184,1.4285850064429102,0.06280494580163183,0.0,0.019619505691873457,2.253005320814719,0.029984431426677723,2.069882176886632,0.04604350335278649,621.4920926209619,289.78575771431287,0.6091702678036891,0.6091702867874916,0.609170287691728,0.7614628584843645,1.594221146928643e-07,698,0.306,0.306,-0.04429,0.005628,2,0.075,-0.9214,-0.00037,12.042,6.0209,2.0,0.37422,0.69212,1.73422,0.16436,0.9869,0.9822,0.9952,0.5166,4.4901,2.0148,0.7599,1.8997,24.0434,5.3548,83,0.1904,0.5085,43,0.2929,0.7663,0.0,0.0680519,0.0420044,0.236674,-0.0018849,-0.029804,0.0383965,0.0486428,188.0,186.0,0.0599045,0.1275589,-0.3608941,-0.0217225,-0.0169086,-0.0647544,0.0703627,197.0,175.0
52,1451,139344,0.0,4.960059165718341e-05,5.328230407133334e-06,4.960059165718341e-05,0.5271775807084242,7.023467667933213,5.826468400852701,-12.51172347493948,13.261021299263167,-0.04261077068435161,13.261021299263167,0.00277792067661764,12.565411138846185,6.9447931486972365,-1.3983073283008174,1.4308377930906961,-0.007719625222704468,1.4308377930906961,0.0928288696619036,2.45264228804551,1.0866594760971564,0.0662868534779415,1.4765700930888093,0.7292924583826904,0.0,0.7522465826979132,0.3760627732404675,7.48621136271721e-05,1.4140537032566958,0.8977150834184348,3.9331941243933287e-07,-0.6003847518020053,0,0,0,0.0005760645165324077,0.5556200834898423,663,0.2369,0.01884,0.5066993406795501,-0.08229837680756676,0.6332834288382874,0.03068333282540432,0.3081210049908432,1.742243877995129,0.0016625993068079047,0.0005761800130154006,2.8855553286321047,0.0006912688446184182,0.3251023828957013,428,236,33,33,0,0.2369,663,0.5556200834898423,-0.027766,-0.027766100005813144,309.0,374.0,-0.0006544,0.0764777,0.0375825,-0.0524826,-0.0410118,0.2688463,0.9573275,0.0696578,-0.0799594,0.5595239,0.4914182,-0.6862474,-0.5362581,823.0,372.0,-0.0034029,0.0510061,-0.0120379,-0.0170569,-0.0465379,-0.1688071,-0.7696919,0.327563,-0.5213262,0.5740503,-0.2360094,-0.3344085,-0.9123982,-0.033287101248266296,1.0,4.619825830268977e-05,289.7859073346817,0.0,256,1.5087216218142215e-11,4.2295731791124725e-13,1.0939821925293444e-12,4.087633132802681e-09,4.4084565350099245e-06,1.0406189040540588e-13,24.600987290382562,7.616676112324283,9.710424836655436,3.0476425913039256,0.7305375712628743,1.0106839439622566,-0.010081463094010444,0.0,0.023187994420953196,2.0816388834829826,0.01673421594613858,3.027132888856487,0.05296970549566922,621.492151380788,289.7857851125065,0.6091702663390117,0.6091702867705613,0.609170287691728,0.7614628584632016,1.711629562434419e-07,705,0.3015,0.3015,-0.04421,0.084399,2,0.0725,-0.9305,0.000397,12.045,6.0223,2.0,0.3743,0.69116,1.73847,0.16453,0.9871,0.9821,0.995,0.5162,4.6351,1.9456,0.7554,2.4034,23.6526,5.1029,83,0.2542,0.8818,43,0.2651,0.9244,-1.0,0.0458396,0.1178424,-0.4398948,-0.0156204,0.0436545,0.0017913,0.0463996,188.0,186.0,0.0312987,0.0754551,-0.4136275,0.0117098,-0.0048174,0.0243036,0.0274042,197.0,175.0
53,1458,139353,0.0,5.197486097100819e-05,5.588060778561821e-06,5.197486097100819e-05,0.5209534603849745,7.021328592024122,5.828570216115096,-12.277103394918315,12.33385121808376,-0.04197829808552153,12.33385121808376,0.0010695503699799283,12.555584692631681,6.947750935866393,-1.407132704074145,1.4494341759713076,-0.008215991518834528,1.4494341759713076,0.09366901496234148,2.4471630727224905,1.086995124069735,0.08959825855725512,1.527747268728867,0.7369061278385993,0.0,0.7663859567836855,0.3837156665707553,0.0009422844413637943,1.414049530046447,0.9058003013304882,4.082767255051325e-06,-0.6056898929034199,0,0,0,0.0006186183202369836,0.556843969084646,667,0.2294,0.01966,0.51128847810485,-0.08278447453484425,0.6396810531552395,0.060491959381111085,0.30648989078411965,1.7588120087787933,0.0017997490209196193,0.0006187683372109732,2.908599087393159,0.000752290164183834,0.3282200576508082,425,243,33,33,0,0.2294,667,0.556843969084646,-0.004195,-0.00419484476761145,309.0,374.0,0.0016285,0.054417,-0.0459024,0.019864,-0.0214382,-0.4803625,0.863432,-0.0835777,0.1294288,0.5580156,-0.843531,0.3650333,-0.393962,823.0,372.0,-0.0028738,0.0203305,0.0065881,-0.014027,0.0131593,-0.0706729,0.4713231,0.2508979,0.8425616,0.571872,0.3240486,-0.6899518,0.6472704,-0.03239145416953825,1.0,4.960059165718341e-05,289.7859708317573,0.0,256,3.0139644404363627e-12,3.28756288253874e-13,4.981738973209817e-13,4.4201153409674834e-09,4.637198145779271e-06,-5.1050508922527344e-14,24.677248358925098,7.760098730981326,9.7385220040155,3.112766093668301,1.202200297803404,1.4840119227864057,0.27363893788854154,0.0,0.018094852443707093,1.248652556048281,0.031247703021729828,1.8934325578882132,0.015749595792548178,621.4923976460879,289.78589993967387,0.6091702653169186,0.6091702866978943,0.609170287691728,0.7614628583723678,1.7935607281730427e-07,708,0.2987,0.2987,-0.04727,0.016013,2,0.0696,-0.9282,0.00037,12.046,6.023,2.0,0.37444,0.6917,1.74122,0.16436,0.9871,0.9821,0.9949,0.5158,4.6408,1.948,0.7563,2.3327,23.8725,5.144,83,0.2295,0.9984,43,0.1659,0.9873,1.0,0.0804639,0.0547745,0.189956,-0.0124559,0.0356616,0.0188389,0.0422114,188.0,186.0,0.0949988,0.0790745,0.0914804,0.0774435,0.0171039,0.0304549,0.0849561,197.0,175.0
54,1471,139370,0.0,5.424405627701837e-05,5.72026120202823e-06,5.424405627701837e-05,0.5467294005273557,7.052180889667395,5.829056069873742,-12.725967777425177,12.323384306485469,-0.04045002598045218,12.725967777425177,0.002767517904232886,12.549443906383535,6.886278158733232,-1.4103587024050301,1.4673035521548352,-0.008081581841174818,1.4673035521548352,0.09451234003418013,2.4422385043260335,1.0860547809050831,0.09474984064506897,1.477779875083471,0.7415517271422815,0.0,0.7805273978865537,0.38978176104176454,0.0011994058187709822,1.4140254253625628,0.9080005984961598,7.488635703795634e-07,-0.6109691984896795,0,0,0,0.0006775704503464426,0.5560351178882497,670,0.2228,0.0181,0.5166897496072397,-0.08317569879621566,0.6453093818171189,0.0090817127102584,0.3046413530471119,1.7686657519858244,0.0019713588293273853,0.0006777165517976597,2.9088249712926557,0.0008290525474348608,0.3251528013426558,426,245,40,40,0,0.2228,670,0.5560351178882497,0.00401,0.004009784877772038,309.0,374.0,-0.0027442,0.0585176,0.0519318,-0.0264872,-0.0050818,0.7636796,0.3639028,-0.4219822,0.3260358,0.5589149,0.8874565,-0.4526363,-0.0868416,783.0,372.0,-0.0079266,0.0511011,0.0466165,0.0045943,-0.0204236,-0.6399874,0.1108497,-0.6907407,-0.3178142,0.5629011,0.9122398,0.0899052,-0.3996694,-0.03155006858710562,1.0,5.197486097100819e-05,289.7860801717458,0.0,256,1.7815258480328066e-12,1.7453442271901154e-13,2.968894677779848e-13,4.5928365100910345e-09,4.844423810677273e-06,-6.2251904118464966e-15,24.75144455755202,6.780621290080515,8.33142414364519,3.1143783142060917,1.312530667643525,1.6422158778210703,-0.24348547481896063,0.0,0.02034404213145875,2.6752483084829137,0.02392905981272305,2.2021950456935047,0.031037741553029463,621.4925215645927,289.7859577196815,0.6091702643400501,0.6091702866602856,0.609170287691728,0.761462858325357,1.8718662803354414e-07,718,0.2891,0.2891,-0.05151,0.008425,2,0.0656,-0.9328,0.000268,12.044,6.022,2.0,0.37453,0.69389,1.7476,0.16404,0.9873,0.982,0.9946,0.5146,4.6017,1.9884,0.7158,2.873,23.4819,5.1029,83,0.1639,0.8322,43,0.1124,0.3986,1.0,0.0612814,0.0775484,-0.1171726,-0.0225529,-0.0174986,-0.0255279,0.038295,188.0,186.0,0.0774845,0.0689007,0.0586383,0.0201464,-0.0426018,0.0231049,0.0524846,197.0,175.0
55,1475,139375,0.0,5.812292049610825e-05,6.061103637918626e-06,5.812292049610825e-05,0.5379575152096436,7.046931392244706,5.830183633105098,-12.622164821087479,12.334400778479571,-0.03541948181942118,12.622164821087479,0.004078480652668923,12.548653111672577,6.908883591539306,-1.4101358875948797,1.4830794225335104,-0.008009563192288977,1.4830794225335104,0.0951842087727487,2.437198951122848,1.0868126727980787,0.10333653131667098,1.4553695523960246,0.7452926378689924,0.0,0.794666669530343,0.39868033547867027,0.0004301584899824018,1.4140530524658907,0.9062603360994368,3.4325284896025264e-06,-0.6161512675866131,0,0,0,0.0007141494619631532,0.5554721432251611,673,0.2185,0.01624,0.5199681577264071,-0.08422004941921185,0.6500386514744066,0.07341911624682083,0.29600090701545145,1.7685356084495762,0.002081407275703731,0.000714270965879558,2.9140303542097254,0.0008804829091993239,0.32599725136544705,426,248,42,42,0,0.2185,673,0.5554721432251611,0.004134,0.004134119395703406,309.0,374.0,-0.0080777,0.0676267,0.0630496,-0.0135274,-0.020375,0.2705957,-0.1579804,0.734846,-0.601516,0.5603162,0.9323169,-0.2000299,-0.3012859,783.0,372.0,-0.0080655,0.038022,0.0270842,0.0095886,0.0249034,0.6266656,-0.1231042,-0.316171,0.7015493,0.5604189,0.7123289,0.2521852,0.6549734,-0.029231815091774305,1.0,5.424405627701837e-05,289.78609939787185,0.0,256,2.271048731155554e-12,2.873193920757016e-13,3.960652014523216e-13,4.542491507754568e-09,5.15569442594655e-06,7.374151723423903e-14,23.00373730879801,6.354450472920286,7.9717308060994245,3.1356123368889843,1.286342052468472,1.6152081980348343,-0.2189873343271689,0.0,0.05040412098032314,1.8129897400428383,0.03347674737869886,1.4577996406298601,0.037684982822925255,621.4926822827439,289.78603265841645,0.6091702626702393,0.6091702866104683,0.609170287691728,0.7614628582630854,2.0057184938454328e-07,719,0.3053,0.3053,-0.05266,0.001068,2,0.0679,-0.9362,0.000266,12.043,6.0216,2.0,0.37542,0.69442,1.74674,0.16325,0.9874,0.982,0.9946,0.5146,4.6106,1.9353,0.7514,2.6834,23.755,5.1523,83,0.1468,0.218,42,0.1247,-0.0214,1.0,0.1567635,0.0431367,0.5684173,0.0881531,-0.02221,0.0140544,0.091988,188.0,186.0,0.0613369,0.0988711,-0.2342843,0.0134304,-0.0280814,-0.0663564,0.0732947,197.0,175.0
56,1481,139382,0.0,6.197674274985831e-05,6.29410966851065e-06,6.197674274985831e-05,0.5368551679892261,7.0493301027122275,5.831147513464983,-12.570603684446498,12.327937027985481,-0.0335294305147862,12.570603684446498,0.005434738481107023,12.555231537282609,6.869786048823571,-1.411892593006517,1.4934874216901128,-0.007566281032282583,1.4934874216901128,0.09553747948200432,2.431170223845342,1.086697439429069,0.11938618736684359,1.4389672196746666,0.743357211396524,0.0,0.8087996576154862,0.40594189152762905,0.0020844880612032046,1.4140272823850124,0.887736877792967,3.751273926157955e-07,-0.6212593100377353,0,0,0,0.0006973135263756994,0.5547459628625329,676,0.2128,0.01915,0.5201718233036025,-0.08697062351314386,0.6522555490830544,0.045851709817952585,0.3015329364851718,1.7644861557950418,0.0020655645238502655,0.0006974858528778334,2.9614428956913263,0.0008788814328121743,0.32813864354791034,423,254,46,46,0,0.2128,676,0.5547459628625329,0.002587,0.002587147269191181,309.0,374.0,-0.0062218,0.0891556,-0.070798,0.0503184,0.0201102,-0.4625655,0.5726642,-0.5882085,0.3348127,0.555379,-0.7940949,0.5643888,0.2255627,783.0,372.0,-0.0094975,0.0188807,-0.0066841,-0.0086469,0.0153959,-0.0823842,0.0393447,0.3717278,0.9238416,0.5561703,-0.3540183,-0.4579767,0.8154314,-0.029152542372881354,1.0,5.812292049610825e-05,289.78606793123,0.0,256,3.167558371128592e-12,3.3693585385081737e-13,4.924067550571697e-13,5.398571824527541e-09,5.40839396646103e-06,8.656690171024666e-14,22.365297682162172,6.240431722247072,7.849978044750883,3.138731336273781,1.2219448448300128,1.560680496460477,-0.13402815660260176,0.0,0.01387620899102784,2.301736997584008,0.006967574018912218,1.0778134267746822,0.0322412918607234,621.4921472346001,289.7857831792459,0.6091702610111873,0.6091702867717621,0.609170287691728,0.7614628584647026,2.1387088790178098e-07,722,0.3097,0.3097,-0.05575,0.000414,2,0.0671,-0.9502,-6.4e-05,12.041,6.0207,2.0,0.37539,0.69604,1.74747,0.16422,0.9876,0.9819,0.9943,0.5138,4.6094,1.9348,0.7512,2.6583,23.8818,5.1811,83,0.1404,-0.6002,42,0.0884,-0.7594,1.0,0.0462002,0.1365982,-0.4945231,0.0468775,-0.0185856,0.0028858,0.0505099,188.0,186.0,0.1262371,0.0979898,0.1259764,-0.075328,0.0266647,0.0772536,0.1111459,197.0,175.0
57,1487,139390,0.0,6.593069411029837e-05,6.674064306463551e-06,6.593069411029837e-05,0.5356333537854295,7.051525920213675,5.831613432309578,-12.446966093564711,12.31759465998458,-0.03524563635854831,12.446966093564711,0.0022479576422557677,12.547275302392606,6.858411739430105,-1.4220497287208445,1.5106198904973231,-0.007524804588250749,1.5106198904973231,0.09620661434897286,2.422403873351216,1.087837534218524,0.08619609444193832,1.4895669075489026,0.7350593635496451,0.0,0.8229398252985192,0.41432811599470776,0.006287434352580057,1.4140329914938734,0.9005238358822518,3.5707666067912727e-06,-0.6262769946780314,0,0,0,0.0007363310158403154,0.5542469228209204,679,0.2153,0.02171,0.5211457737279142,-0.08986906612478576,0.6582015828863758,0.01727289016966678,0.29627134349998213,1.762808625271438,0.0021792178793828927,0.0007365160533832637,2.958819253663823,0.0009310322802108736,0.33331639717289663,429,251,53,53,0,0.2153,679,0.5542469228209204,0.000836,0.0008356665445763412,309.0,374.0,-0.0059855,0.0297279,0.0287069,0.0037852,-0.0067327,0.3688089,0.1258457,-0.112453,0.9140553,0.5540685,0.9656577,0.1273281,-0.2264791,783.0,372.0,-0.0086744,0.0556853,-0.0342888,0.0421237,0.0122768,-0.5344404,0.0148942,-0.7694201,-0.3494915,0.55441,-0.6157606,0.7564608,0.2204676,-0.027683997299122215,1.0,6.197674274985831e-05,289.7859441700216,0.0,256,2.5537618725609656e-12,3.9616167051424817e-13,5.667813539556964e-13,6.795348514093445e-09,5.794505961304334e-06,-2.1753081586382477e-14,37.389207501033574,8.634222734682584,10.824176484678322,3.130296250225829,1.2881145379589145,1.5966405640738537,0.029231306461251078,0.0,0.02931019350689858,0.4587555537042428,0.020192279589810975,1.9255694309743312,0.04345770093850389,621.4915941178741,289.7855252751608,0.6091702593089895,0.6091702869248147,0.609170287691728,0.7614628586560183,2.2751548424544335e-07,725,0.3132,0.3124,-0.05551,0.002952,2,0.0683,-0.9634,0.000129,12.039,6.0195,2.0,0.37665,0.69801,1.74929,0.165,0.9876,0.982,0.9943,0.5145,4.6083,1.9344,0.751,2.6821,23.9709,5.2017,83,0.1603,-0.971,42,0.0822,-0.9317,-1.0,0.1011626,0.1000387,0.0055861,0.0225751,-0.0762253,0.0540013,0.0961045,188.0,186.0,0.087653,0.0451923,0.3196257,0.001524,0.0238741,0.0337784,0.0413918,197.0,175.0
58,1491,139395,0.0,7.019557760378899e-05,7.043383660887783e-06,7.019557760378899e-05,0.5195623153109399,7.038360189625399,5.832599909870829,-12.517283708775537,12.820676123178705,-0.03520742119296228,12.820676123178705,0.010604729314129199,12.559477658505502,6.894805885488667,-1.4348799916220256,1.5316660574631096,-0.007337848722153104,1.5316660574631096,0.09674641344332277,2.413245207411935,1.0893308288818198,0.10943821999580261,1.4657243747849684,0.7529967542515225,0.0,0.8370812177128726,0.42318025725949704,0.00020923375494874552,1.4140392983769,0.8939156045238686,1.2398380891204128e-05,-0.6311146204809607,0,0,0,0.0007591006851710261,0.5546430846875606,683,0.2098,0.02133,0.5253371333724991,-0.08943215027324726,0.663665538565456,0.01805518661886602,0.28989564444085864,1.7669634908046699,0.002278456604957229,0.0007591952628859548,3.001147025464904,0.0009776500192555937,0.3368496588703163,432,252,51,51,0,0.2098,683,0.5546430846875606,0.006354,0.006353754512901544,309.0,374.0,-0.0035023,0.0383707,-0.0272118,-0.0192912,0.0189652,-0.0791254,0.4247374,-0.8759115,0.214747,0.5541027,-0.7091817,-0.5027593,0.4942615,783.0,372.0,-0.0107664,0.0339445,0.0214549,0.020671,-0.0162673,-0.0907813,-0.7447437,-0.315591,0.5809629,0.5521027,0.6320579,0.6089662,-0.4792316,-0.028917283120376596,1.0,6.593069411029837e-05,289.78569236352865,0.0,256,3.876741303436979e-12,4.206051273365973e-13,6.53274906727283e-13,7.227316168519783e-09,6.147075885103314e-06,4.559141979543899e-14,18.382501110054086,5.582249294849824,6.819120260478602,3.1384087180231925,1.1976591426028704,1.4738482714910777,0.21561434861759862,0.0,0.022969962029711823,2.7193835519235683,0.020784133862473766,0.9585572945866465,0.029450339967502664,621.4869889535372,289.78337800562576,0.6091702574726721,0.6091702876588853,0.609170287691728,0.7614628595736065,2.4223465847798294e-07,725,0.3189,0.318,-0.05663,0.000236,2,0.0677,-0.9614,-2.8e-05,12.037,6.0185,2.0,0.37633,0.69887,1.75024,0.16442,0.9876,0.9822,0.9945,0.5151,4.6286,1.9429,0.7543,2.498,24.3047,5.251,83,0.1682,-0.8346,42,0.0981,-0.3398,-1.0,0.0339944,0.0965476,-0.4791802,0.0593065,0.0134497,-0.0098355,0.0616026,188.0,186.0,0.0444399,0.0326871,0.1523828,-0.0018552,0.0175578,0.0069388,0.0189701,197.0,175.0
59,1496,139401,0.0,7.51307825756406e-05,7.380029494005575e-06,7.51307825756406e-05,0.5381384847852023,7.0612534436672245,5.832734191985224,-12.687600090116614,12.671936780221278,-0.03285215488982404,12.687600090116614,0.0013023628971495782,12.550377783161855,6.869174390097935,-1.448924265886366,1.548814436425595,-0.007611298263798686,1.548814436425595,0.09701518686702854,2.4038997594865257,1.0898268152870714,0.07428915141446368,1.4745331266789323,0.7431380285763906,0.0,0.8512002102938551,0.43097509799267386,0.001622235183483367,1.4140479986344043,0.8909155750251923,2.6819724669712467e-05,-0.6359594741884378,0,0,0,0.0007459642950907032,0.5549898914207264,683,0.2214,0.02174,0.5237535055375786,-0.08984410526279996,0.6663122325978386,0.03643838784631244,0.2859178509713834,1.764357959263707,0.0022738825893947644,0.0007460461519099716,3.047911424210607,0.0009799376805564239,0.3415762437034228,433,251,52,52,0,0.2214,683,0.5549898914207264,0.015011,0.015010620912268013,309.0,374.0,-0.005481,0.0256743,-0.015239,-0.018743,-0.0086973,0.7996352,-0.1888772,0.5337399,0.2000765,0.5516878,-0.5935521,-0.7300287,-0.3387536,783.0,372.0,-0.0164358,0.0875993,-0.0080157,0.0058792,-0.0870335,0.4082104,0.129432,-0.8148317,0.3907185,0.5529453,-0.0915036,0.0671147,-0.9935405,-0.030181086519114688,1.0,7.019557760378899e-05,289.7833977897568,0.0,256,7.592577929138784e-12,1.3378830665899878e-12,1.8854172092444226e-12,9.43794689768813e-09,6.493503929652388e-06,3.236737169201102e-13,18.38172994349509,5.25648274924429,6.689726563558107,3.1121916026609986,1.1681867475016807,1.4901986146452932,0.08558258045459233,0.0,0.0430527375362785,1.000006373326895,0.018985071532923954,0.8468495460038913,0.06768764902554189,621.4870773611368,289.7834192278127,0.6091702553480971,0.6091702876537888,0.609170287691728,0.7614628595672359,2.5926529121590863e-07,730,0.312,0.3112,-0.05855,-0.012095,2,0.0698,-0.9735,-0.000112,12.035,6.0177,2.0,0.37607,0.69873,1.75172,0.16407,0.9875,0.9822,0.9946,0.516,4.6007,1.9879,0.7157,2.8237,23.9878,5.2139,83,0.2067,-0.1133,42,0.1473,0.6134,-1.0,0.0551149,0.0462749,0.0871884,-0.0341092,0.0233601,-0.0147095,0.0438805,188.0,186.0,0.0526188,0.1831092,-0.5535635,0.0354548,0.0378135,0.0910977,0.1048126,197.0,175.0
60,1500,139406,0.0,7.980115563178047e-05,7.712653123697298e-06,7.980115563178047e-05,0.5451847971545659,7.071851023309838,5.833116543750317,-12.914759114929137,12.512516031938818,-0.034821173662814134,12.914759114929137,0.001229330996227186,12.565011473365262,6.8347364173121505,-1.4591564243833675,1.571068173197344,-0.007195259012503398,1.571068173197344,0.0974637388480691,2.3944143950985923,1.0901043958953498,0.09714977354520105,1.4720326563860746,0.7411909416095539,0.0,0.8653332380725283,0.4389086975114995,0.0003043650362977157,1.4140497112468735,0.8891711654205109,4.803063132462303e-05,-0.6406415749199094,0,0,0,0.0007565539079031311,0.555189216304466,684,0.2186,0.02187,0.5256424160702458,-0.0919649888164212,0.6688133031076613,0.03747819420882876,0.2947760863183953,1.7620602924406377,0.002315185660728035,0.0007566144400141319,3.0599279346093273,0.0010028014699514918,0.3376324736134601,439,246,49,49,0,0.2186,684,0.555189216304466,0.009147,0.009146553865837292,309.0,374.0,-0.0102754,0.0890374,0.0792215,-0.0029624,0.0405319,0.4725911,-0.2045251,0.7768751,-0.3623427,0.550599,0.8897556,-0.0332719,0.4552229,783.0,372.0,-0.0197591,0.0550397,0.0308899,0.0165494,0.0424417,-0.9722812,0.1063265,0.0194897,0.2073259,0.5510894,0.5612292,0.3006819,0.771111,-0.03208556149732621,1.0,7.51307825756406e-05,289.78344021075196,0.0,256,8.589403965565585e-12,1.9853837921018407e-12,2.698790410581188e-12,6.974701797120542e-09,6.83075969751842e-06,-7.388024681809876e-13,27.123317799153224,8.68914074169997,11.219292653296078,3.1046630887211397,1.1321357604055062,1.4744703329124644,-0.17528521409260436,0.0,0.02796607647987027,2.3542999667543283,0.015043189251513947,0.6916890843347072,0.03452143076711838,621.4871531867617,289.7834545833489,0.6091702533375186,0.6091702876492915,0.609170287691728,0.7614628595616143,2.7538202878600747e-07,733,0.307,0.3062,-0.06102,-0.015489,2,0.0677,-0.9723,-6e-06,12.032,6.0158,2.0,0.37598,0.69891,1.75033,0.1653,0.9876,0.9821,0.9944,0.5153,4.5896,1.9832,0.7139,3.0112,23.8548,5.1976,83,0.2413,0.3534,42,0.1803,0.8425,2.0,0.1026591,0.080705,0.1197295,0.0175157,-0.0099995,-0.0122952,0.0236213,188.0,186.0,0.0551143,0.0698782,-0.1181181,-0.0281182,-0.0078436,0.0108054,0.0311274,197.0,175.0
61,1508,139417,0.0,8.406497812433242e-05,8.009531098593776e-06,8.406497812433242e-05,0.5594916020072099,7.090047228927146,5.834004821860222,-12.843284528599971,12.36917567110727,-0.03436670393968473,12.843284528599971,0.003576437900370877,12.545083117211501,6.794348887113989,-1.4728354412486684,1.5990148233391472,-0.006825206909192195,1.5990148233391472,0.09856017354167483,2.3843444933068905,1.0900567178632479,0.08755202587204503,1.467849092915534,0.745347536465362,0.0,0.8794723090739465,0.44542481019193664,0.001034722132749688,1.4141985262168513,0.9382220051078726,4.7656657910417543e-07,-0.645207138794932,0,0,0,0.0008048345463922201,0.5549329774543693,686,0.2119,0.02233,0.5307543587167001,-0.09161338410693844,0.6746709939748345,0.13500723815146698,0.2882363997791821,1.77242704229387,0.002482245925352785,0.000804899798756676,3.0839191775014676,0.0010821547181562178,0.33694296593895157,436,251,54,54,0,0.2119,686,0.5549329774543693,-0.021603,-0.021602534713393018,309.0,374.0,-0.0111788,0.1486992,0.0957724,-0.0019054,-0.1137342,-0.8478344,-0.1906263,0.1365225,-0.475605,0.5494121,0.6440683,-0.0128141,-0.7648607,783.0,372.0,-0.0226476,0.0828825,0.0448686,0.0687897,0.0111483,-0.4769007,0.2857556,-0.7478253,-0.3628591,0.5480663,0.5413523,0.8299672,0.1345073,-0.030666666666666665,1.0,7.980116048790778e-05,289.7834765010038,0.0,256,3.6749024227656565e-12,4.963449294009429e-13,7.20507666973403e-13,9.492819029065897e-09,7.153722297830185e-06,7.674259735463093e-14,28.267200535085465,8.845513561956082,11.140473263609852,3.0808584311019165,1.0885196588633101,1.4167853176308867,0.04839210788414426,0.0,0.04820277145743396,2.048545259640616,0.04050389354284044,0.18473874033712337,0.05711425007247989,621.4868492789617,289.78331287896816,0.6091702515019115,0.6091702876660711,0.609170287691728,0.7614628595825887,2.900959937587686e-07,739,0.3039,0.303,-0.06422,0.04196,2,0.0649,-0.9776,-2e-05,12.031,6.0156,2.0,0.37584,0.69898,1.75397,0.16456,0.9877,0.9819,0.9941,0.5153,4.5709,1.9751,0.711,3.4584,23.5317,5.1482,83,0.1711,0.8521,42,0.1794,0.9999,2.0,0.1399783,0.1794912,-0.1236827,0.0182971,-0.0381563,0.0463435,0.0627567,188.0,186.0,0.1614426,0.1600011,0.0044846,0.0320901,-0.0480121,0.1250214,0.1377145,197.0,175.0
62,1519,139432,0.0,9.04227973243482e-05,8.505861843396558e-06,9.04227973243482e-05,0.5853062591361279,7.1206109053577755,5.835032997089477,-12.788913984527936,12.359101864501213,-0.03802214641472253,12.788913984527936,0.0033363497818978682,12.54345454254617,6.765360867773394,-1.4882505191907907,1.6064046663882854,-0.005577890309341775,1.6064046663882854,0.09984077455447271,2.373683352437389,1.088795968115356,0.08055718261832523,1.4933669382467514,0.7461389861691391,0.0,0.8892607869746642,0.45077406485064386,0.00015750459484342727,1.4140520412925395,0.8950577573549198,1.5766957464719529e-06,-0.6496778764522053,0,0,0,0.0008436192774320217,0.554562999490953,688,0.209,0.02222,0.5376752461013702,-0.09279304938540382,0.68316406034323,0.035305213139865906,0.2884271489483812,1.7900351140099893,0.002670240632840557,0.0008437351817722779,3.1647852199687563,0.0011704463920905442,0.3377467648168193,437,252,54,54,0,0.209,688,0.554562999490953,-0.010525,-0.010524562190879161,309.0,374.0,-0.012046,0.0462605,0.0318216,-0.0272377,0.0196347,-0.6932183,0.6010341,0.3365109,0.2120537,0.5457231,0.6878795,-0.5887905,0.4244379,783.0,372.0,-0.0283632,0.0730373,-0.0025973,0.0385428,-0.0619851,0.4466582,0.8153978,-0.3069144,0.203535,0.5475188,-0.0355619,0.5277138,-0.8486775,-0.03050397877984085,1.0,8.406497812433242e-05,289.78332740062405,0.0,256,3.4622920065078856e-12,3.8092412062508936e-13,5.628051172599313e-13,1.0960357045619049e-08,7.647191732303438e-06,1.9216579174496796e-14,25.41936722444846,8.407432459858576,10.423602212387356,3.1173483708165124,1.3028554519662832,1.6139240774186108,-0.009529861130585772,0.0,0.018954435198706227,1.529642957778905,0.017226539341063437,2.7275876750638943,0.04507429271895721,621.4867009016325,289.78324369444067,0.6091702487648605,0.6091702876727441,0.609170287691728,0.7614628595909301,3.120359761715336e-07,748,0.2976,0.2968,-0.06668,0.073276,2,0.0626,-0.9846,6.8e-05,12.032,6.016,2.0,0.37481,0.69811,1.76135,0.16376,0.9879,0.9817,0.9938,0.5148,4.5368,2.0723,0.6385,4.0807,23.0572,5.0823,83,0.1783,0.9197,42,0.2063,0.9524,0.0,0.0949901,0.0696128,0.1541728,0.0348622,-0.0310591,-0.0506472,0.0688853,188.0,186.0,0.1234078,0.0593441,0.3505505,-0.0426751,0.040489,-0.0160035,0.0609642,197.0,175.0
63,1520,139433,0.0,9.621299104411015e-05,8.969485396182787e-06,9.621299104411015e-05,0.5887960211367862,7.127584538459089,5.834872482765939,-12.737935954059331,12.33735432529615,-0.04091692508320106,12.737935954059331,0.015974122765692853,12.561600060558057,6.782944362087223,-1.4957580577615968,1.6255308529860315,-0.005448597260549484,1.6255308529860315,0.1003286722210831,2.3637133991716643,1.0903132294117233,0.12027856533587333,1.4396569041296794,0.7455268128092274,0.0,0.9034021431250748,0.4602429003431569,0.0041006365892583,1.4140592061796289,0.8885966912590917,2.0575371067326912e-05,-0.6540581870160272,0,0,0,0.0008624315145342039,0.5553153844452896,688,0.2022,0.02445,0.5431924674611389,-0.09132988324803978,0.6882008304222393,0.0831965092421687,0.29047373822033384,1.783765161051729,0.002797292284531916,0.0008626621405115062,3.242627852977635,0.001232186153874388,0.34976380589529116,436,253,58,58,0,0.2022,688,0.5553153844452896,0.012103,0.01210284818592311,309.0,374.0,0.0031958,0.0472655,-0.020523,0.0320733,-0.0280025,0.6924068,-0.700674,0.1360431,0.1054559,0.538897,-0.4342056,0.6785769,-0.5924515,783.0,372.0,-0.0287711,0.0940767,-0.0012385,0.0937328,0.00794,-0.3971369,0.3128576,-0.841979,-0.1883448,0.54517,-0.0131652,0.9963451,0.084399,-0.029624753127057275,1.0,9.04227973243482e-05,289.78325784502994,0.0,256,3.3696928097959393e-12,1.0123134614337597e-12,1.328710989593247e-12,1.2402566985857985e-08,8.090859951544994e-06,3.2154408988009907e-13,21.740187751377853,5.784461881052554,7.037293757375868,3.118112489924666,0.8776562260247307,1.1348745902002466,-0.019671326362577558,0.0,0.015618922601419038,0.8649172079669412,0.020821137775296716,1.4783987972180688,0.046121966790849886,621.4866930025369,289.78324001129585,0.6091702462721948,0.6091702876730668,0.609170287691728,0.7614628595913334,3.3201710023105454e-07,749,0.3081,0.3073,-0.06528,-0.009201,2,0.0626,-0.9831,-0.000154,12.034,6.0172,2.0,0.37388,0.69815,1.75895,0.16544,0.9878,0.9817,0.9938,0.5145,4.5305,2.0695,0.6376,4.2189,22.9324,5.0618,83,0.1741,0.492,42,0.1845,0.7808,-1.0,0.0966797,0.056844,0.2594754,0.0213645,0.0102128,-0.0592785,0.0638332,188.0,186.0,0.150209,0.0822256,0.2924841,-0.0106154,0.0425144,-0.0587267,0.0732733,197.0,175.0
64,1526,139441,0.0,0.00010124558279137858,9.388367505481275e-06,0.00010124558279137858,0.5959868100550746,7.138145215885314,5.835396706280088,-12.684609805522584,12.336460575730285,-0.03996657351191917,12.684609805522584,0.016247883238526238,12.56203395854113,6.743143992162743,-1.5051876874477979,1.6512199080220618,-0.004781154669358436,1.6512199080220618,0.10080646017318877,2.353380488922019,1.089463759686131,0.11984973906537555,1.439129723097551,0.747870304641356,0.0,0.9175418836711194,0.46809499727058224,5.5726792045462936e-05,1.4140371145399715,0.8894169464843139,2.325723067767515e-06,-0.6583704139643001,0,0,0,0.0009075764090377738,0.5553407354924906,690,0.2014,0.03189,0.5461607800186841,-0.09053744411883762,0.6943199546786091,0.060785993399781024,0.28086597464527846,1.7883423815611,0.0029612352536276376,0.0009079540583247657,3.261437323262048,0.0013084476827236128,0.3437301722218052,444,247,61,61,0,0.2014,690,0.5553407354924906,0.011989,0.0119886734888901,309.0,374.0,0.0176043,0.0681542,-0.0603312,0.0291178,0.0125416,0.1627659,-0.4620344,0.5132641,-0.7046924,0.5362662,-0.8852168,0.427234,0.1840175,783.0,372.0,-0.0307383,0.0629732,-0.0196311,0.011659,-0.0586882,0.1413195,-0.0207844,0.4666409,0.8728362,0.542976,-0.3117379,0.1851416,-0.9319561,-0.02894736842105263,1.0,9.621299104411015e-05,289.783256153137,0.0,256,9.785901355103772e-12,5.261710805643969e-13,8.939497577174085e-13,1.2491481374042527e-08,8.577833996085082e-06,1.7762712459509416e-14,24.736487913485522,6.1108935832848985,7.544757149304093,3.1387768021287097,1.1440913554925776,1.4447016568818432,-0.08415110192219999,0.0,0.016988100094191067,0.6906920926147905,0.011238609249435972,0.1983062521723881,0.06431568264148267,621.486721440683,289.783253271271,0.6091702441056671,0.6091702876718808,0.609170287691728,0.7614628595898509,3.493838296328355e-07,753,0.3052,0.3044,-0.06815,0.004656,2,0.0616,-0.9933,-0.000269,12.037,6.0184,2.0,0.37345,0.70017,1.75954,0.16537,0.9878,0.9817,0.9938,0.5144,4.6877,2.009,0.6362,4.3768,22.8619,4.877,83,0.154,-0.0946,42,0.1522,0.5526,3.0,0.082491,0.0558922,0.1922108,-0.0191019,-0.0041319,-0.0019331,0.019639,188.0,186.0,0.1269555,0.0737402,0.2651541,0.0017368,0.0764983,-0.025277,0.080585,197.0,175.0
65,1533,139451,0.0,0.00010604658880919284,9.72204566076051e-06,0.00010604658880919284,0.5991421101526578,7.14438266538001,5.835474554180533,-12.616604295542585,12.45492781146433,-0.040584670921306326,12.616604295542585,0.012336354136836647,12.56621934821186,6.757801487203581,-1.5093303428291707,1.6707163789844082,-0.004416836167833678,1.6707163789844082,0.10157949068488142,2.342191190970266,1.0905734652313315,0.1431140248659737,1.4286611931820916,0.7400796896775885,0.0,0.9316819172328373,0.47575875610186863,0.0015192426827519423,1.4140393534116245,0.8937616622038291,1.2697714874514113e-06,-0.6625814769756672,0,0,0,0.0009621198778361459,0.554967663471479,693,0.1978,0.03597,0.5492561628549258,-0.08942554440021251,0.7006757641432281,0.04360964163689569,0.27308233310515573,1.7996101109146856,0.003139608048591244,0.0009625524671863105,3.261752637514715,0.0013925196340655594,0.34456263377231233,437,257,66,66,0,0.1978,693,0.554967663471479,0.007881,0.007880726965111995,309.0,374.0,0.027076,0.0628274,0.0015764,0.0296002,0.0553952,0.0999816,0.3827408,0.7884576,-0.4710072,0.5346078,0.0250905,0.4711355,0.8817039,783.0,372.0,-0.0359291,0.0731386,0.0421404,-0.0595712,-0.0049726,0.5628301,0.0909988,0.260592,0.7791234,0.5410768,0.5761709,-0.8144966,-0.0679889,-0.028833551769331587,1.0,0.00010124558279137858,289.78327100890783,0.0,256,1.0574015179915694e-11,4.560158341282626e-13,8.921925937206376e-13,1.040520959796144e-08,9.021510629732305e-06,-8.197034393762399e-14,23.9423806122092,6.577626019338072,8.31045487828877,3.088409071446444,1.0485964091654205,1.3226598258684348,0.17584992682581965,0.0,0.017296653144708733,0.251560777453378,0.007202929460443175,1.9291029806359692,0.043323885229630155,621.4866644993762,289.78322672100603,0.609170242038829,0.6091702876742268,0.609170287691728,0.7614628595927834,3.659514389743858e-07,757,0.3028,0.302,-0.0713,-0.012581,2,0.06,-0.998,-8.1e-05,12.037,6.0185,2.0,0.37353,0.70035,1.76211,0.16483,0.9879,0.9818,0.9938,0.5147,4.6828,2.0069,0.6355,4.5394,22.8379,4.877,83,0.0879,-0.4742,43,0.0779,0.3537,-0.0,0.0362863,0.1148432,-0.5197982,0.0202044,-0.042397,-0.0279944,0.0546755,188.0,186.0,0.094751,0.0759298,0.1102714,0.0224059,0.0098272,-0.0363012,0.0437764,197.0,175.0
66,1537,139456,0.0,0.00011021155339053525,1.0182538604251526e-05,0.00011021155339053525,0.5978215183627603,7.145936801369123,5.835556569938009,-12.619103581464323,12.346814938250098,-0.04009387418635454,12.619103581464323,0.0015056150514059577,12.56226637375848,6.758064564322542,-1.5310477991163078,1.694023590708733,-0.004554279831977779,1.694023590708733,0.10266239434153927,2.331514670598205,1.092834422116743,0.13755957502531158,1.4319000211682469,0.7503424066407849,0.0,0.945820750905034,0.48374109401752563,0.004388931809185204,1.4140757226868286,0.8947540956386741,5.893773898426109e-06,-0.6666863942072195,0,0,0,0.001059183524224894,0.5547813640542556,695,0.2,0.04104,0.5535842719646621,-0.09014311099914579,0.7078439968533443,0.03666557860187509,0.27520652953417196,1.80188262660091,0.0034385168472118085,0.001059610766752305,3.2450754136359183,0.001531990853176418,0.34675439658421886,439,257,65,65,0,0.2,695,0.5547813640542556,-0.002567,-0.002566646575079101,309.0,374.0,0.0331362,0.0499894,0.0133377,0.0257045,-0.0407471,-0.6104385,-0.4575615,-0.4964366,0.4141897,0.5332868,0.2668097,0.5141986,-0.815115,783.0,372.0,-0.0375093,0.0374071,0.0150701,-0.0339031,0.004771,0.3269529,-0.5596056,-0.6025678,0.4656774,0.540345,0.4028673,-0.9063283,0.1275417,-0.029354207436399216,1.0,0.00010604658880919284,289.7832446794049,0.0,256,5.04156841634624e-12,1.001131529239092e-12,1.3336846769184309e-12,1.153960135613721e-08,9.47462676329235e-06,-1.4998346332151047e-13,25.119734274675352,7.364042006184599,8.973449074359268,3.139474865732172,1.4810600788611366,1.7360380151416508,0.023732316796194218,0.0,0.011939655865592494,1.890117210632148,0.021866668833665656,1.4375017632919118,0.04323803977839529,621.4867035120595,289.7832449116156,0.6091702402458185,0.6091702876726354,0.609170287691728,0.7614628595907942,3.803241054331832e-07,759,0.3006,0.2988,-0.06971,-0.001822,2,0.0601,-0.9997,9.2e-05,12.037,6.0184,2.0,0.37317,0.70045,1.76272,0.16508,0.9879,0.9818,0.9939,0.5146,4.6832,2.0071,0.6356,4.5398,22.9142,4.8929,83,0.114,-0.723,43,0.0536,-0.5997,0.0,0.0347983,0.1146186,-0.5342117,0.0022233,-0.0569692,0.03221,0.0654822,188.0,186.0,0.0906251,0.0956792,-0.0271278,0.0193577,0.0135839,-0.0822965,0.0856268,197.0,175.0
67,1539,139458,0.0,0.00011332281386253502,1.0574356686002702e-05,0.00011332281386253502,0.5977148609823371,7.1487973188856095,5.835985454566579,-12.51356302133515,12.365332542103001,-0.04007488554120163,12.51356302133515,0.008733850838346413,12.55214555432734,6.774223731876147,-1.5474609880483627,1.7015134331507242,-0.004782878898675659,1.7015134331507242,0.10395245285439085,2.3219720962335657,1.0955219563513123,0.13169739399021807,1.4320965713099183,0.7456959472670648,0.0,0.9599584251843695,0.49203347024863164,0.0010648630913187018,1.41407683713773,0.8807114493047898,5.0872577292118294e-05,-0.6707079530367556,0,0,0,0.001150074292931381,0.5547553448090005,696,0.1983,0.04652,0.5579444887406206,-0.0908610164381752,0.7153556524533029,0.05970113018907698,0.27217442076634063,1.794517428674004,0.00374167722513626,0.0011505933567567345,3.2519544834529652,0.0016755806087582587,0.34958088134170184,435,262,65,65,0,0.1983,696,0.5547553448090005,-0.004622,-0.004621999316264613,309.0,374.0,0.0358599,0.0435265,-0.0400932,0.0159843,0.0056207,0.8531971,-0.4632182,-0.1105675,-0.2127402,0.5304565,-0.9211218,0.3672322,0.129132,783.0,372.0,-0.0398702,0.0778548,-0.0205391,0.065914,-0.0359841,0.8224275,-0.4114887,0.3596015,0.1580403,0.5391963,-0.2638131,0.8466279,-0.4621947,-0.029277813923227064,1.0,0.00011021155339053525,289.78325994486,0.0,256,5.113219933496072e-12,8.905055704238785e-13,1.2770592090734227e-12,1.638101114205223e-08,9.872757705751659e-06,-2.1015999824098012e-13,25.12974890485905,7.344430435783039,8.932097381749506,3.1095101823697084,1.1326846078108286,1.4842436322420678,0.08986136705231526,0.0,0.025197418256381738,1.0105274924311003,0.008605130116373117,2.5901147726916687,0.0408788795779956,621.4868090124717,289.78329410374084,0.6091702389064563,0.6091702876679852,0.609170287691728,0.7614628595849815,3.9106054823838836e-07,760,0.2981,0.2955,-0.07047,0.006923,2,0.0591,-0.9997,0.000207,12.037,6.0185,2.0,0.373,0.69926,1.76131,0.16625,0.9878,0.9819,0.994,0.5153,4.6813,2.0063,0.6353,4.5858,22.9049,4.8929,83,0.2295,0.2533,43,0.1815,0.1031,-2.0,0.0216726,0.0912833,-0.6162643,0.0311768,-0.0269543,-0.0230606,0.0472262,188.0,186.0,0.1310021,0.0315047,0.6122658,-0.0040674,0.0382006,-0.0301599,0.0488411,197.0,175.0
68,1541,139460,0.0,0.00011763147930715737,1.103296466328355e-05,0.00011763147930715737,0.6052758039516721,7.159394459936907,5.835884840005033,-12.495941868217107,12.777984910590773,-0.040276458449101896,12.777984910590773,0.01494368699639928,12.558270871759841,6.750772660931698,-1.5556966802861443,1.7171164284063132,-0.004929780521356526,1.7171164284063132,0.10521091111420847,2.309277069159358,1.0981907940027564,0.12455868594649355,1.4562012797428228,0.7565416497948594,0.0,0.9740972037299833,0.5004544569956316,0.0017276540422493936,1.4140595341350104,0.8819123901506567,9.923816475356501e-05,-0.6746021691198756,0,0,0,0.001215504075082348,0.5550126118720904,696,0.1985,0.04868,0.5627137708882473,-0.09176978857100226,0.7229153682921288,0.031416969938055234,0.2713519321647173,1.7995578398057341,0.003995973623953265,0.0012160657902584872,3.285984735335643,0.0017976278326740519,0.3482236072269872,435,262,64,64,0,0.1985,696,0.5550126118720904,0.003726,0.003725869523593772,309.0,374.0,0.03065,0.0330018,0.0033567,-0.029448,0.0145144,0.113403,0.0045653,-0.9374565,0.3290809,0.527021,0.101713,-0.8923143,0.4398064,783.0,372.0,-0.0424765,0.0396662,-0.0108537,-0.0374384,0.0073465,-0.3471858,0.7742081,-0.0617824,-0.5255918,0.5383455,-0.2736259,-0.9438364,0.1852071,-0.030539311241065625,1.0,0.00011332281386253502,289.7833121472788,0.0,256,9.31118344636153e-12,9.10546655172944e-13,1.3424549333025726e-12,1.535233664723297e-08,1.0314945331925436e-05,7.024298640758944e-14,24.84400332555546,7.061658611476226,8.78188262856807,3.0549432091583317,0.9204787469642075,1.242405784016998,-0.042703224900471445,0.0,0.018657192685864972,2.3339551041437367,0.01107355720859313,0.7518093836349451,0.03339669472431403,621.4868408962344,289.78330897031833,0.6091702370515857,0.6091702876664801,0.609170287691728,0.7614628595831,4.0592910518254187e-07,762,0.2978,0.2952,-0.07205,-0.002069,2,0.0591,-0.9964,0.000161,12.037,6.0183,2.0,0.37277,0.69886,1.76017,0.16628,0.9878,0.9818,0.9939,0.5159,4.6687,2.0009,0.6336,4.6926,22.7879,4.881,83,0.2516,-0.0732,43,0.2546,-0.1253,0.0,0.1100272,0.0719023,0.2095586,-0.0244743,-0.0320972,0.0783603,0.0881451,188.0,186.0,0.0905304,0.0644799,0.1680566,-0.0448815,-0.0161316,-0.0465654,0.0666552,197.0,175.0
69,1544,139464,0.0,0.00012272118514618417,1.1527114386344704e-05,0.00012272118514618417,0.5938446646758414,7.15040464052133,5.837166334961236,-12.443074548670888,12.366692726621858,-0.03766656856670671,12.443074548670888,0.009222893119049407,12.5545729883326,6.736707908571551,-1.574088649472962,1.7382740385290392,-0.004647718067017409,1.7382740385290392,0.10643624756632139,2.295658495157105,1.1006222864621107,0.11022396361151998,1.4743275028571765,0.7453335915402991,0.0,0.988235340700303,0.5087315255566697,0.000336352488067182,1.4140799107033368,0.8946041437504386,1.050575277608405e-07,-0.678452402069797,0,0,0,0.0012875076855027106,0.5547299093895803,699,0.1954,0.0494,0.5688193012623715,-0.0926733644544932,0.7304693004429313,0.042528550230978984,0.2647882753709858,1.7994248493400427,0.004265537625807509,0.0012880268282418439,3.3116838347458697,0.0019276002588408682,0.35450420165870583,433,267,69,69,0,0.1954,699,0.5547299093895803,0.007718,0.007718175675478278,309.0,374.0,0.0221867,0.0665528,-0.065698,-3.2e-05,0.0106318,-0.344386,0.5853495,-0.7260657,-0.1076697,0.5263514,-0.9871573,-0.0004804,0.1597506,783.0,372.0,-0.0458369,0.0586235,0.0115148,-0.0295514,0.0493036,-0.1127374,-0.6887674,-0.3550589,0.6219509,0.5366456,0.1964192,-0.5040881,0.84102,-0.0317975340687865,1.0,0.00011763147930715737,289.78332388319495,0.0,256,4.561304627081746e-12,4.954436169507406e-13,7.064334924374948e-13,1.0817751295771343e-08,1.0831349789498797e-05,1.8021768740328888e-13,23.58950829590659,6.969138381158587,8.527381965947765,3.0988264474320077,1.1700388502826857,1.489647536085437,0.13304625589559999,0.0,0.023800203408888495,1.5034302543416813,0.03740927816453649,0.9958469056387353,0.025528839757911048,621.4867862601958,289.7832834949405,0.6091702348604627,0.6091702876690299,0.609170287691728,0.7614628595862873,4.2349297608233783e-07,762,0.2982,0.2957,-0.07405,-0.009553,2,0.0584,-0.9929,0.000114,12.035,6.0173,2.0,0.37213,0.7007,1.75987,0.16547,0.9879,0.9819,0.9939,0.5155,4.6826,2.0068,0.6355,4.4915,23.0788,4.9286,83,0.1992,-0.5587,43,0.2078,-0.5313,1.0,0.0375283,0.1005111,-0.4562672,0.0310611,0.0130767,-0.0005483,0.033706,188.0,186.0,0.107733,0.0852342,0.1165938,0.0106378,0.059541,0.0464914,0.0762872,197.0,175.0
70,1549,139471,0.0,0.0001300392863507969,1.2164513832628206e-05,0.0001300392863507969,0.6118066544240014,7.171732622000849,5.836113853782854,-12.571887853998007,12.35454188977374,-0.039494537881030904,12.571887853998007,5.741222611277408e-05,12.558688489732305,6.764234485885263,-1.5991823325772276,1.7610083787966082,-0.004696387448538656,1.7610083787966082,0.10756824701600101,2.281786871868211,1.1020037300721324,0.07797396144295099,1.4325278380696207,0.7551180197313301,0.0,1.0023759536661507,0.5170514164425043,0.00260868310889395,1.4140742801235007,0.8909353533261097,1.94927343490773e-06,-0.6821495107116643,0,0,0,0.0013807117455893023,0.5551120540833274,699,0.1992,0.05253,0.5726243289001122,-0.0922604686561065,0.7377118974298478,0.04054884989797844,0.26665085756051893,1.8078260163942703,0.004562829333092793,0.001381397918196901,3.3030521278391114,0.0020698873023426976,0.3542318471332749,437,263,60,60,0,0.1992,699,0.5551120540833274,0.002831,0.0028307203014847904,309.0,374.0,0.0258343,0.0761847,0.0487029,0.0037115,0.0584667,0.0745524,0.7642075,-0.1809537,-0.6145604,0.5257226,0.6392741,0.0487178,0.7674342,783.0,372.0,-0.0471654,0.0971788,-0.052643,0.0789593,0.0209251,-0.8984964,-0.0177444,-0.368067,0.2385707,0.5344972,-0.5417131,0.8125157,0.2153257,-0.031088082901554404,1.0,0.00012272118514618417,289.7833020101264,0.0,256,2.7884416196094004e-12,5.677410273193603e-13,7.611205763212244e-13,1.5949946560659915e-08,1.1503631277528018e-05,-6.747711710430987e-14,23.644525608967612,6.744115331008803,8.338838635346034,3.1144593672590544,1.2290304785200228,1.52605628209742,-0.047144664578888495,0.0,0.016527678012326377,1.0450740140773185,0.007740959910285733,1.2319044246206736,0.05416690711662118,621.4867433184694,289.7832634723194,0.6091702317100142,0.6091702876709402,0.609170287691728,0.7614628595886752,4.4874671087834746e-07,767,0.2958,0.2933,-0.07596,-0.009498,2,0.0591,-0.9885,-0.000116,12.035,6.0175,2.0,0.37177,0.70129,1.76125,0.16588,0.9879,0.9818,0.9938,0.5152,4.6553,1.9951,0.6318,4.8928,22.7038,4.877,83,0.1511,-0.9817,43,0.1768,-0.9869,2.0,0.1228064,0.0276059,0.6329299,0.0320463,0.0070888,0.0376251,0.0499286,188.0,186.0,0.1583862,0.0545563,0.4875958,-0.0440595,0.0368261,-0.01669,0.0597993,197.0,175.0
71,1551,139473,0.0,0.0001375965537869822,1.2760978308814118e-05,0.0001375965537869822,0.6194130098090064,7.1823894755720445,5.836036335748061,-12.576708483926105,12.367323912063863,-0.04045001900165299,12.576708483926105,0.019444347527419588,12.560078920351856,6.786537510085133,-1.6137080689622298,1.7812560706772802,-0.004744487340685802,1.7812560706772802,0.10886784496532252,2.2680042521620627,1.1034608958583572,0.15140499228338877,1.4252822357110801,0.7553393539605341,0.0,1.0165131757440307,0.525282548787626,0.0010143260458848058,1.4141962388797762,0.9854841450631436,3.245463236627781e-05,-0.685800842115108,0,0,0,0.0014482100216971344,0.5555297968146137,699,0.1954,0.05553,0.5776415214517545,-0.0936234372696711,0.7453384297234116,0.0783129848828921,0.2642847805754844,1.807444605206873,0.004847140740645768,0.0014492299896348738,3.344631821942203,0.0022129008735404265,0.35564620705380806,438,262,57,57,0,0.1954,699,0.5555297968146137,-0.024965,-0.024965214329998986,309.0,374.0,0.034984,0.0963128,0.0644142,-0.0042397,-0.0714773,0.2769922,0.1050449,-0.5501366,0.7807629,0.5198426,0.6688016,-0.0440203,-0.7421366,783.0,372.0,-0.0518235,0.0222309,0.016212,0.0135331,-0.0069456,0.4117075,-0.6510182,0.5515101,-0.32017,0.5332575,0.7292545,0.6087497,-0.3124288,-0.030342156229825695,1.0,0.0001300392995108906,289.7832792486051,0.0,256,5.7007637529632875e-12,8.020285947894911e-13,1.0925024727836096e-12,1.7495493352384424e-08,1.210150139460102e-05,-1.5612931810893245e-13,28.741805281662177,8.10819144201404,9.970286720974668,3.1030861293513,1.3368123039139521,1.6344234955686499,0.038520749511027644,0.0,0.018681336790172635,1.0238748115802199,0.01581314233324025,2.906379853588954,0.03295070584928703,621.4867485137805,289.78326589475915,0.6091702284566265,0.6091702876707137,0.609170287691728,0.7614628595883921,4.748257404102598e-07,769,0.2953,0.2937,-0.07989,0.030554,2,0.0579,-0.9843,-0.000181,12.038,6.0189,2.0,0.37156,0.70246,1.76015,0.16624,0.9879,0.9817,0.9937,0.5145,4.644,1.9903,0.6303,5.1415,22.4643,4.8373,83,0.1166,-0.7057,43,0.1707,-0.88,2.0,0.0901269,0.1188996,-0.1376509,-0.0282096,-0.028197,-0.0081357,0.0407068,188.0,186.0,0.0540906,0.0114202,0.6513496,0.0180423,0.0238038,-0.0009916,0.0298853,197.0,175.0
72,1553,139475,0.0,0.00014669975504097492,1.3582149488394e-05,0.00014669975504097492,0.619372956192272,7.185040886967445,5.836339625276154,-12.270260315743565,12.386719573208063,-0.04052092715715874,12.386719573208063,0.001466229129509132,12.560332976749526,6.743002154420136,-1.62625685994416,1.7973065450197825,-0.004704819757561916,1.7973065450197825,0.11026555210137967,2.255739869446735,1.1056585617819745,0.14755613567359893,1.386545486077734,0.7442108155087682,0.0,1.0301372142641125,0.5333799354870594,0.0020328597201920706,1.4140510702126878,0.8895826812522004,0.00012908620110664386,-0.6893490499586118,0,0,0,0.0015467399932911838,0.5553364331520076,700,0.1912,0.05894,0.5830681299460213,-0.09420693777367299,0.7551499193280328,0.06396107080566593,0.26479089939010647,1.812496012167775,0.0052476055069875195,0.001548012091321708,3.389899559832935,0.002410087811171027,0.3515186868157002,437,264,59,59,0,0.1912,700,0.5553364331520076,-0.020874,-0.02087430534014345,309.0,374.0,0.0401437,0.0422809,-0.0160489,0.0213214,-0.0327949,-0.4113949,0.819731,-0.3978729,0.0221913,0.5129597,-0.3795782,0.5042806,-0.7756426,783.0,372.0,-0.0576638,0.0537352,0.0500292,-0.0030444,-0.0193723,0.5536017,-0.247914,-0.2117228,-0.7663141,0.5316528,0.9310319,-0.0566553,-0.3605132,-0.029013539651837523,1.0,0.0001375965537869822,289.7832783541312,0.0,256,3.952875938273863e-12,1.3304649925332717e-12,1.7241057355328774e-12,2.1762274326839737e-08,1.29472776328012e-05,-2.7819037535655994e-13,23.521009910998437,6.5173719655026225,7.798241035612749,3.110767189565224,1.1721649775960818,1.5016851364166195,-0.20794364071319243,0.0,0.020139537138708436,0.1663970200216731,0.019976757665734313,1.277949346567135,0.02265097954266944,621.4867781817513,289.78327972816993,0.6091702245377091,0.6091702876693964,0.609170287691728,0.7614628595867454,5.06239542801041e-07,770,0.2963,0.2931,-0.08462,0.037359,2,0.057,-0.9766,5e-06,12.041,6.0204,2.0,0.37105,0.70286,1.76189,0.16626,0.988,0.9816,0.9936,0.5138,4.642,1.9894,0.63,5.1867,22.4548,4.8373,83,0.1537,0.1681,43,0.1175,-0.1616,0.0,0.05757,0.061847,-0.0358157,0.0222868,0.0339933,0.0107243,0.0420388,188.0,186.0,0.1231726,0.0391886,0.5172666,0.0525556,-0.0431416,-0.0091842,0.0686122,197.0,175.0
73,1553,139475,5.907599977080344e-12,0.00015481121253482622,1.4396739629280139e-05,0.00015481121253482622,0.6198255997296112,7.188134135077796,5.836450333793664,-12.241031508520937,12.384874366264118,-0.03934393295755934,12.384874366264118,0.0036752784175327303,12.5618462063195,6.705560780083143,-1.6582014829725604,1.8134214273353577,-0.004949777304149742,1.8134214273353577,0.11131370210815211,2.2434001923738975,1.1080797763373833,0.14891829180017402,1.3875417042232199,0.7461876327989801,0.014139654434195723,1.0442730198275811,0.5433406819271668,0.0010292113870434827,1.4140565427498333,0.8781033768458928,0.00023624026569063895,-0.6927704540336901,0,0,0,0.001672074834308808,0.5555680365548166,700,0.1944,0.05911,0.5883193938025074,-0.0952765745951279,0.7627244687693367,0.03742704527751922,0.26934218925681236,1.8052330563392123,0.0056592617926307575,0.0016731872060352403,3.382324328214809,0.0026117581421574378,0.3530845688860533,436,265,56,56,0,0.1944,700,0.5555680365548166,0.001399,0.0013990589307280032,309.0,374.0,0.0395784,0.0670423,-0.0073145,-0.0153399,-0.0648525,0.8415266,-0.5328951,0.0261133,-0.0846985,0.5130076,-0.109103,-0.2288092,-0.967338,783.0,372.0,-0.061095,0.116088,0.0008872,-0.0090585,-0.1157307,0.9316316,0.2414258,0.2713868,0.011199,0.5312568,0.0076426,-0.0780314,-0.9969216,-0.027688345138441726,1.0,0.00014669975504097492,289.78329808134174,0.0,256,4.766613706481801e-12,4.3344980229509664e-13,6.80706725285896e-13,1.7980564020090835e-08,1.3727743125916352e-05,6.731844388278789e-14,24.8808990151059,6.054483542055241,7.363393266221038,3.1174532288966015,1.223414044510588,1.5054176504313301,-0.03383243204429873,0.0,0.04195176482973657,0.589832426382854,0.014875446934784866,1.1400724095108539,0.0704975055417562,621.4868160771991,289.78329739784135,0.6091702210457499,0.6091702876676557,0.6091702876917254,0.7614628595845696,5.342309716432243e-07,770,0.2963,0.2932,-0.08765,-0.012637,2,0.058,-0.9644,-7.7e-05,12.042,6.0208,2.0,0.3705,0.70404,1.75909,0.1668,0.988,0.9816,0.9935,0.5138,4.8051,1.9331,0.6296,5.1839,22.4424,4.6705,83,0.1789,0.6939,43,0.1863,0.8053,1.0,0.1082202,0.0310295,0.554333,-0.0229408,-0.0137598,-0.0395257,0.0477273,188.0,186.0,0.1349549,0.1395608,-0.0167783,0.0036066,-0.0718795,0.0183438,0.0742709,197.0,175.0
74,1554,139476,0.0,0.00016468866000650837,1.520723908531976e-05,0.00016468866000650837,0.6239966885634992,7.195089139080735,5.8365094514180855,-12.179216027391083,12.378270548107878,-0.03832272667386529,12.378270548107878,0.027431394723203967,12.565981683005012,6.740897460020276,-1.6601414879024121,1.833470773859741,-0.005137531089989918,1.833470773859741,0.11279169992689944,2.228073966972253,1.1101031101009873,0.06475588587179149,1.483824712142105,0.7558017363283771,0.0,1.0583977872128518,0.5517612658110181,0.002084332473792694,1.4141301599832472,0.9833462061108944,0.00033041761990667174,-0.6961070437583031,0,0,0,0.0017859736246560241,0.5559461519592509,700,0.1978,0.06226,0.5926923908616036,-0.09686163411001969,0.7708596981970824,0.030884801405108585,0.2648482609148609,1.8090385378482972,0.00604867344281194,0.0017871201401163975,3.3845925111772184,0.002807688781694737,0.34854477336780904,438,263,47,47,0,0.1978,700,0.5559461519592509,-0.010616,-0.01061563204906335,309.0,374.0,0.0437104,0.0478893,0.0085999,0.0021502,-0.0470617,-0.2483877,0.0258853,-0.7097638,0.6586872,0.5118855,0.1795781,0.0448995,-0.9827185,783.0,372.0,-0.0661171,0.0645903,0.0287826,0.0077453,0.0573016,0.1282046,0.8365358,-0.421142,0.3262068,0.5309316,0.4456178,0.1199151,0.8871556,-0.027688345138441726,1.0,0.00015481121253482622,289.7833126135514,0.0,256,3.037224122895104e-12,4.640610957488294e-13,6.594656052867638e-13,2.0934123255033114e-08,1.4577361479989385e-05,-1.8708184125695887e-13,24.09569389366344,7.553056887110223,9.465186855544802,3.133255968125584,1.1973059872981386,1.5097423928701936,0.023618260936331917,0.0,0.019713903234220443,1.9573755687759389,0.022025811774780003,1.1517596618449946,0.006930405223085427,621.4868767780612,289.7833257010901,0.6091702167935322,0.6091702876647309,0.609170287691728,0.7614628595809136,5.683165503331403e-07,771,0.2955,0.2923,-0.08908,0.038861,2,0.059,-0.9558,-0.000219,12.044,6.0221,2.0,0.36983,0.70393,1.75877,0.16569,0.988,0.9816,0.9935,0.5142,4.7972,1.9851,0.5955,5.3644,22.2769,4.6437,83,0.1399,0.9843,43,0.1926,0.9864,1.0,0.0546716,0.1120031,-0.3439722,-0.0633514,0.0040976,0.0322554,0.0712082,188.0,186.0,0.0865616,0.059236,0.1874215,-0.0228626,-0.0050266,0.0232738,0.0330096,197.0,175.0
75,1554,139476,3.629247878406701e-12,0.00017013292414692205,1.5919726841812243e-05,0.00017013292414692205,0.6245415129699782,7.1981813200460225,5.8366188713923295,-12.40371045865193,12.358658495861686,-0.038345667817243086,12.40371045865193,0.008485138573281148,12.564081180476956,6.68902179039676,-1.6717023330416307,1.849284265369834,-0.005279833578283425,1.849284265369834,0.11429494376236722,2.211705029726938,1.113120571951373,0.12258326635371686,1.4247949101639623,0.7441705361497156,0.014140643221218805,1.0725280328920113,0.5607205294754202,0.0003113410190294097,1.4140823864288683,0.8876024839739743,0.0003877010011337213,-0.699381169752612,0,0,0,0.0019083833626185789,0.556019464197136,700,0.2026,0.06631,0.5963037582620951,-0.09763955222859608,0.7791075154778835,0.0441202816855452,0.2610016198761863,1.8129777355740033,0.0064343343428092045,0.0019092923751814657,3.370009971467918,0.0030012312190430975,0.35033368521979485,441,260,49,49,0,0.2026,700,0.556019464197136,-0.007458,-0.007457822701533834,309.0,374.0,0.0451556,0.0489767,0.0239229,-0.021254,-0.0370767,-0.2698358,-0.1165548,0.9483024,-0.1196918,0.5126053,0.488455,-0.4339612,-0.7570267,783.0,372.0,-0.0688959,0.0395214,0.008735,-0.0247979,0.0295077,0.6972889,0.4030764,-0.5892035,0.0644746,0.5283709,0.2210195,-0.627456,0.7466253,-0.028314028314028315,1.0,0.00016468866000650837,289.78333558438254,0.0,256,6.3999326116797136e-12,1.8726661271933616e-12,2.434521952852515e-12,2.4894319846314296e-08,1.5247572813437296e-05,5.657590660141222e-13,24.898500710053458,7.90899741489232,9.841401732534452,3.1368250673091205,1.166728906861599,1.4974560306199662,-0.028700038380095216,0.0,0.0247945116539616,2.834165300475806,0.011564618029054563,1.877278505889043,0.03597973157770721,621.4868805574583,289.7833274633257,0.6091702144497888,0.6091702876645426,0.6091702876917265,0.7614628595806783,5.871039084139638e-07,771,0.2972,0.2941,-0.09071,0.06122,2,0.0607,-0.9551,0.000164,12.044,6.022,2.0,0.36958,0.7038,1.75689,0.16662,0.988,0.9815,0.9935,0.5142,4.7946,1.984,0.5952,5.3615,22.2647,4.6437,83,0.1517,0.4276,43,0.1425,0.7163,2.0,0.030889,0.0956667,-0.5118517,-0.0061001,-0.0036171,0.0473733,0.0479012,188.0,186.0,0.0790914,0.037878,0.3523428,0.0020003,-0.0439888,-0.005501,0.0443765,197.0,175.0
76,1555,139477,0.0,0.00018059300634266521,1.6786030538821846e-05,0.00018059300634266521,0.6289006766148826,7.2051496620967885,5.836698257930133,-12.412886755500798,12.376659483796569,-0.04390212659187153,12.412886755500798,0.007506971818514943,12.565420955523779,6.694431533938471,-1.6977945776841261,1.8747692516501597,-0.00553874018939216,1.8747692516501597,0.11561078759614553,2.198063699020695,1.1154278001438371,0.15878566395198823,1.421783611793906,0.7664031950723882,0.0,1.0866573815476097,0.5692029473371394,0.0016143686500387222,1.4141451917263228,0.9133740814339453,0.00042534402400282157,-0.7025018161392576,0,0,0,0.0020546257113059027,0.5562656303229531,700,0.2051,0.06846,0.6024784327371682,-0.09837083135348818,0.7879310758263657,0.04178305878538496,0.26223063286626525,1.8130578384817926,0.006891072101665245,0.0020556841438053503,3.352203752911639,0.003229180444714482,0.34767136409664817,438,263,50,50,0,0.2051,700,0.5562656303229531,-0.010287,-0.01028665966493758,309.0,374.0,0.0483575,0.0826988,0.0645636,-0.0279623,-0.0434595,0.5137659,0.0085121,-0.0277597,0.857439,0.5139895,0.7807086,-0.3381221,-0.5255164,783.0,372.0,-0.0719944,0.0462625,0.0303025,0.0323439,0.0132607,-0.4816807,0.8750523,0.0012862,-0.0475966,0.527661,0.6550127,0.6991392,0.2866404,-0.028314028314028315,1.0,0.00017013292414692205,289.7833406300856,0.0,256,7.644705707948808e-12,1.0395905479545669e-12,1.4951508514563702e-12,2.5114977110176172e-08,1.618106638251953e-05,2.364494529991248e-13,23.282384493376853,7.032259991387047,8.522044700245575,3.1393150145808315,1.1711111676518429,1.5014650929568094,-0.030585481899767942,0.0,0.011871666406727094,1.4710688058457886,0.018371763914791995,3.0573100268595508,0.027833353516820775,621.4870242554031,289.7833944659767,0.6091702099467656,0.6091702876569273,0.609170287691728,0.761462859571159,6.231999824402242e-07,772,0.2964,0.2933,-0.09415,0.032533,2,0.0612,-0.953,-0.0002,12.046,6.0228,2.0,0.3693,0.70496,1.75599,0.16625,0.9879,0.9815,0.9935,0.5145,4.7867,1.9807,0.5942,5.447,22.173,4.6322,83,0.2133,-0.0409,43,0.2135,-0.0387,1.0,0.0906824,0.0979968,-0.0387663,-0.0263071,-0.0085496,-0.0355415,0.0450372,188.0,186.0,0.0836741,0.0812228,0.0148656,0.0240722,-0.0085775,-0.0633413,0.068302,197.0,175.0
77,1560,139483,0.0,0.00018619435055106296,1.742194228900396e-05,0.00018619435055106296,0.6393884010750258,7.218316520292082,5.836077831810504,-12.159609298122616,12.386833810246259,-0.04547104884247117,12.386833810246259,0.003052500489379972,12.557391795540244,6.67112852130819,-1.7218590548889512,1.8926009357937914,-0.005642567824411142,1.8926009357937914,0.11710490451946717,2.1807125013209414,1.11642649834179,0.13981426647669193,1.4478263212822866,0.7515353734194943,0.0,1.1007897470492913,0.5763904689511528,0.0006372047023850413,1.4140483363518535,0.8815458474855284,4.7351156827114217e-05,-0.7056257847418116,0,0,0,0.002165685812578776,0.5558506062558262,701,0.2062,0.07018,0.6084650716521587,-0.09966238621977791,0.7972995311727372,0.03332345092837791,0.2666194795057296,1.822399240434098,0.007310842925084716,0.0021668085576007565,3.3740142383320646,0.003443123649563936,0.3469912456380918,442,260,52,52,0,0.2076,700,0.5552125403685885,-0.017781,-0.017781357242018014,309.0,374.0,0.0469438,0.0368738,0.0319873,0.0024291,0.018182,0.5399155,-0.5005398,-0.6355131,0.2325386,0.5123307,0.8674816,0.0658764,0.4930881,783.0,372.0,-0.0736575,0.1454388,0.0171888,0.0683475,0.1272227,0.5485607,0.0823272,-0.7137723,-0.4275891,0.5267249,0.118186,0.4699401,0.8747505,-0.028938906752411574,1.0,0.00018059300634266521,289.7834068667077,0.0,256,1.2614322763678546e-11,1.7675880017349633e-12,2.4645464669791305e-12,2.742233980234765e-08,1.6892400611225708e-05,-6.089106051621606e-13,23.716627200619804,6.691324914734549,8.324435002089215,3.1272748946783606,1.2403818862511096,1.534179253909483,-0.04991295734305899,0.0,0.04032548908268099,1.981115115893744,0.009370867141211008,2.0989032541588,0.08277133633479979,621.4869637346916,289.7833662467275,0.6091702075353864,0.6091702876602485,0.609170287691728,0.7614628595753106,6.42529462483134e-07,776,0.2932,0.29,-0.09562,0.054458,2,0.0607,-0.9479,0.000175,12.045,6.0223,2.0,0.36887,0.70363,1.75885,0.16727,0.988,0.9814,0.9934,0.5141,4.7708,1.9741,0.5922,5.7579,21.9348,4.5977,83,0.185,-0.6237,43,0.2325,-0.6822,0.0,0.0698471,0.0302806,0.3951606,0.0304946,-0.025689,0.0118579,0.0415987,188.0,186.0,0.226101,0.1158321,0.3224867,-0.0474915,-0.0243113,0.0752881,0.0922755,197.0,175.0
78,1560,139483,9.844105755693677e-14,0.00019648455308012805,1.8190762817817522e-05,0.00019648455308012805,0.6400415309005991,7.221131833315777,5.836185229824698,-12.02888367389052,12.373524020438577,-0.04933518844695632,12.373524020438577,0.004229839860857876,12.559708325375723,6.67577979616898,-1.7433662251041777,1.9072643199039896,-0.005660516919811118,1.9072643199039896,0.11797305292760255,2.1715303892538818,1.1176764444031264,0.12785564991729748,1.4245103899244218,0.763082805562333,0.014139912629320791,1.1149289335413177,0.5854668639570799,0.0033355463162326737,1.4140948434717069,0.889889600733408,0.0002523032939126715,-0.708570459467811,0,0,0,0.002216750763782884,0.5559016074571953,701,0.202,0.07053,0.6128517904617191,-0.09996913211709851,0.8017738937728776,0.07173913136812736,0.27131587691737946,1.8122717071187047,0.007524093647266276,0.0022178824738426374,3.3924672456743186,0.003559286302942028,0.3482721002846532,440,262,53,53,0,0.2033,700,0.5552587569854844,-0.00309,-0.0030896524381682777,309.0,374.0,0.0459839,0.0622953,0.042832,-0.0140202,-0.0430065,-0.8956359,-0.2790716,-0.2866592,-0.1943756,0.5126142,0.6875632,-0.2250606,-0.6903655,783.0,372.0,-0.0752312,0.0839274,-0.0511404,-0.0628361,-0.0219109,0.1461183,-0.0051933,0.0640518,-0.9871777,0.5274709,-0.6093412,-0.7486959,-0.2610702,-0.028205128205128206,1.0,0.00018619435055106296,289.78337974943105,0.0,256,7.700649341419072e-12,1.0096973776163126e-12,1.441668293561988e-12,3.7842011369393665e-08,1.7685915484506092e-05,-2.7990093249014016e-13,24.596756632885747,7.242505953092601,9.094550206768202,3.132427312131639,1.377708111448426,1.6676367791397388,0.17470491533136467,0.0,0.016038537600766744,2.586546232943515,0.03761406910183763,2.674869965919137,0.05030400004131904,621.4869748951088,289.78337145054263,0.6091702031054571,0.6091702876596465,0.609170287691728,0.7614628595745582,6.780394337211378e-07,776,0.2924,0.2889,-0.09861,-0.003196,2,0.0593,-0.9428,-6.8e-05,12.044,6.0219,2.0,0.36852,0.70358,1.75544,0.16729,0.988,0.9814,0.9933,0.5141,4.7684,1.9731,0.5919,5.7549,21.9236,4.5977,83,0.1501,-0.993,43,0.2423,-0.9908,2.0,0.0887491,0.0780063,0.0644225,0.0331356,-0.036916,0.0271361,0.0565432,188.0,186.0,0.0908865,0.0863333,0.0256922,-0.0106987,0.006022,0.025419,0.0282286,197.0,175.0
79,1560,139483,1.5530258769150643e-11,0.00020797948927680758,1.9139613630905136e-05,0.00020797948927680758,0.6407372975477581,7.223967804142372,5.836292486179751,-13.271995960398051,12.358582802491025,-0.04973992459764808,13.271995960398051,0.0016996988161428416,12.565312505729615,6.633223498147566,-1.7612586887759243,1.9276805140636784,-0.0058191854242680575,1.9276805140636784,0.1194882261857216,2.1538997389641557,1.1204578238755905,0.12714387149222228,1.4000475001085453,0.761518559019885,0.014139926771436415,1.1290579195197992,0.5941675560831234,0.001172565328017905,1.4141524641758614,0.8434173242937071,0.0004312520195859808,-0.7114630026461432,0,0,0,0.002377170368637716,0.5557690387743179,701,0.1989,0.0706,0.620590838416555,-0.10022357973290126,0.8122390489929824,0.052832956988119205,0.26698572686183775,1.809774849677046,0.008054506169462175,0.002378368657753621,3.3865675715175665,0.0038299774944461676,0.35220082606008973,441,261,58,58,0,0.2011,698,0.5538402601293481,-0.015763,-0.015763203724412644,309.0,374.0,0.0454713,0.0490105,0.0441968,0.0155944,0.0143349,-0.8119858,-0.1815655,-0.312438,0.4583618,0.5132365,0.9017817,0.3181851,0.2924859,783.0,372.0,-0.0784657,0.0932234,0.0557766,-0.0516867,-0.0539265,-0.9223213,0.1138118,-0.366929,0.0416341,0.5295017,0.5983109,-0.5544384,-0.5784652,-0.028205128205128206,1.0,0.00019648455308012805,289.7833912438464,0.0,256,7.525762973150938e-12,7.310015149715089e-13,1.1772336738984484e-12,2.7193516704015533e-08,1.8664065234660728e-05,4.500719140880644e-14,24.408534542893403,6.719887443486721,8.138028599941899,3.0465811099743036,1.047671113492089,1.3394200343010272,0.044808103536335575,0.0,0.02481214075679793,2.4564374518043244,0.03523727663817565,0.9755850338871601,0.04537214786004281,621.4869761459136,289.78337203376066,0.6091701981569253,0.6091702876595813,0.6091702876917213,0.7614628595744766,7.177067746060231e-07,776,0.2927,0.2892,-0.10167,0.02206,2,0.0586,-0.9313,-0.000213,12.043,6.0213,2.0,0.368,0.7049,1.75417,0.16692,0.988,0.9814,0.9933,0.5141,4.7659,1.9721,0.5916,5.7989,21.8758,4.5901,83,0.1491,-0.543,43,0.2391,-0.856,3.0,0.0469249,0.1383131,-0.4933559,-0.0647709,-0.0044621,-0.0574571,0.0866977,188.0,186.0,0.1471877,0.0780973,0.30668,-0.0102267,-0.0001333,-0.0628541,0.0636808,197.0,175.0
80,1564,139488,0.0,0.00021950694839910213,1.9878700070916875e-05,0.00021950694839910213,0.6408938079602572,7.2259894745398014,5.836372761317618,-13.138023856094438,12.352882397805532,-0.0513783069621269,13.138023856094438,0.0011155842545811367,12.565568929771645,6.607109403536025,-1.7893385435189473,1.9486736156503353,-0.006068274232331728,1.9486736156503353,0.1197676101657037,2.141318249631277,1.1197258575891151,0.17126987640507085,1.4236444917832887,0.763048076093875,0.0,1.1431982270269303,0.6012317569662657,0.00011289303142669738,1.4141488951082828,0.8289216926805029,1.0372520720370235e-05,-0.7142688112792421,0,0,0,0.0023574158380424448,0.5554541334059329,703,0.1954,0.07255,0.6230614194228604,-0.10005311143397448,0.8151826695604084,0.04288101602514853,0.26554544677873837,1.8119615266944116,0.008083855735738986,0.002358869214016141,3.4270046375210654,0.003859692848194699,0.35391584925291697,438,266,57,57,0,0.1975,700,0.5535150364477877,-0.002234,-0.0022338900208767054,309.0,374.0,0.0491825,0.0385324,0.0307415,-0.01125,0.0203258,0.7930497,-0.3192971,0.4783995,-0.2006378,0.5121246,0.7978106,-0.2919619,0.5275001,783.0,372.0,-0.0799185,0.0544486,0.0350865,-0.041266,-0.0055408,0.266333,-0.3474713,0.5762832,-0.6900928,0.5302454,0.6443973,-0.7578896,-0.1017617,-0.028205128205128206,1.0,0.00020797948927680758,289.7833903588416,0.0,256,1.0688687515671252e-11,1.6614720797361914e-12,2.3276544677259735e-12,3.372301870166642e-08,1.9439144585922057e-05,4.717658530332723e-13,21.489233240802143,5.873724402895519,7.0752658289334915,3.1187867321141334,1.1666842716029073,1.4861066639417024,0.1744955138817424,0.0,0.02200970225414313,1.224358007406877,0.02658516136941876,2.5361042264156763,0.05417185353548922,621.487074075736,289.7834176959149,0.6091701931943817,0.6091702876540674,0.609170287691728,0.7614628595675843,7.574862293516132e-07,778,0.2905,0.2891,-0.10608,-0.004516,2,0.0571,-0.9213,-1.7e-05,12.041,6.0207,2.0,0.36742,0.70456,1.7526,0.1669,0.988,0.9814,0.9933,0.5141,4.7649,2.0265,0.5586,5.8446,21.9076,4.5977,83,0.1988,0.0058,43,0.2605,-0.4669,1.0,0.1486669,0.0968642,0.2109822,0.1042487,-0.0636339,0.0020213,0.1221522,188.0,186.0,0.0482485,0.0844188,-0.272639,-0.0465105,-0.000657,-0.0035508,0.0466505,197.0,175.0
81,1566,139491,0.0,0.00023390107394307837,2.077415292862357e-05,0.00023390107394307837,0.6343893638790357,7.220595732209212,5.836982114048348,-13.007400789612008,12.134429617778085,-0.05455829683006412,13.007400789612008,0.005340766523383677,12.562318271490504,6.6035144810439075,-1.8219645921791416,1.9779579163492715,-0.006510131866920096,1.9779579163492715,0.12016354083753207,2.13061598998712,1.1197839508619776,0.14868714228743596,1.4280731472455437,0.7597170836790368,0.0,1.1573381856424694,0.6087425312516724,0.00048451499806745346,1.4141979335295292,0.8537292250514276,2.02290855283593e-06,-0.717015041069142,0,0,0,0.002336276044288427,0.5550304899074919,705,0.1895,0.0717,0.6250282449108585,-0.10125661375666813,0.8173162919565167,0.05040047699176091,0.2700385979775585,1.8058155168139662,0.00802827056842009,0.0023376746428938164,3.4342976653422834,0.0038471338820552704,0.352867943969669,440,266,58,58,0,0.193,701,0.5524401726782602,-0.004375,-0.004374584308328711,309.0,374.0,0.0515994,0.0744631,-0.0612319,0.0326352,0.0270253,-0.4260831,0.1443464,0.7539253,-0.478763,0.5116826,-0.822311,0.4382729,0.3629346,783.0,372.0,-0.0812875,0.0641066,-0.0249231,0.0575593,0.0132449,-0.1994476,0.4293028,0.3468476,0.8097015,0.5316044,-0.3887765,0.8978678,0.2066067,-0.028132992327365727,1.0,0.00021950698743084638,289.7834302776059,0.0,256,1.2685240588758424e-11,1.5005137011695974e-12,2.1696005702347336e-12,2.8367322660817457e-08,2.0332783613545567e-05,1.4014581811573819e-13,20.31968140344219,5.609755265119752,6.769060783707389,3.0748868747099745,1.1358645583107299,1.4441705737710027,-0.06424481508485312,0.0,0.02683063226262043,1.4465465336615337,0.02964549601672413,2.0683645077154176,0.0467839450580035,621.4871090606878,289.783434008497,0.6091701869977408,0.6091702876519914,0.609170287691728,0.7614628595649893,8.07158196407528e-07,778,0.2978,0.2962,-0.10674,-0.007798,2,0.057,-0.9082,-1.5e-05,12.041,6.0205,2.0,0.36744,0.7067,1.74957,0.16779,0.9881,0.9815,0.9933,0.514,4.7737,2.0302,0.5597,5.5262,22.2408,4.659,83,0.1754,0.4351,43,0.1504,-0.1978,-4.0,0.0843915,0.1154426,-0.155384,0.0453652,0.0477294,0.0071163,0.0662325,188.0,186.0,0.058895,0.1019959,-0.2678894,0.0073055,-0.0453334,0.0364318,0.0586154,197.0,175.0
82,1566,139491,3.485628379068133e-12,0.00024929450078975174,2.213238182720314e-05,0.00024929450078975174,0.6352175934538027,7.222981070761091,5.837088016517284,-12.899630359257634,12.220427114936157,-0.05872085477393094,12.899630359257634,0.0019158614090128562,12.548459522938145,6.616872021393927,-1.8227558477534358,1.9634810117636972,-0.006670159460694577,1.9634810117636972,0.12204843987146533,2.1121444366560507,1.1228034040311976,0.10498038590660408,1.4542776718628423,0.7616780936626719,0.014134416462979901,1.1703093572691121,0.6175372347540635,0.00021878644456030383,1.4140986895379761,0.8774670063430868,6.549726792997007e-05,-0.719672984918691,0,0,0,0.0025535255898353577,0.5547262616823297,705,0.1939,0.0754,0.6319972873353474,-0.10096855181656182,0.827630992628193,0.053819881345322985,0.26941710113937645,1.8039724527631822,0.008649734429540238,0.0025545360718428976,3.3860294731716714,0.0041622668421036,0.3549244671672542,443,263,55,55,0,0.1975,701,0.5521187004807098,-0.010397,-0.010397060811089265,309.0,374.0,0.0519203,0.0556278,-0.0533941,-0.0155974,0.0004973,0.8696282,-0.0502807,-0.3908405,-0.2974262,0.5147796,-0.9598452,-0.2803878,0.0089395,783.0,372.0,-0.0827948,0.024345,0.001845,0.0242704,-0.000475,0.22863,-0.249276,-0.0837481,-0.9373239,0.5319816,0.075786,0.9969332,-0.0195127,-0.0280970625798212,1.0,0.00023390107394307837,289.78344854889497,0.0,256,1.2786751209874734e-11,1.5504956062851269e-12,2.4516218270211567e-12,5.199095258249278e-08,2.161213297494714e-05,3.1148114659092304e-13,18.685391788327784,5.531182783972326,6.757080569386564,3.1079018558881177,1.392938079954983,1.6563894290357575,0.11756962717748042,0.0,0.024211670354667505,0.27549872675056725,0.02113937286468373,1.2950010418384261,0.027140806381942887,621.4871351316541,289.7834461647172,0.609170180370896,0.6091702876504086,0.6091702876917265,0.7614628595630107,8.602786118018938e-07,778,0.3003,0.2987,-0.10845,0.039751,2,0.0589,-0.8953,2.3e-05,12.04,6.0199,2.0,0.36724,0.70804,1.75031,0.16708,0.9881,0.9814,0.9933,0.514,4.7717,2.0293,0.5594,5.5709,22.1948,4.6513,83,0.1329,0.8588,43,0.0496,0.2746,-2.0,0.1216917,0.0515177,0.40514,-0.0737024,0.0281531,0.0081846,0.0793198,188.0,186.0,0.0312919,0.0395471,-0.1165353,0.0190218,-0.0115451,0.0155215,0.0271299,197.0,175.0
83,1571,139497,0.0,0.0002646309465357945,2.3285011537377287e-05,0.0002646309465357945,0.6390196363395939,7.228507161121182,5.837092706162922,-12.801276543681704,12.34208088864627,-0.06026127409433893,12.801276543681704,0.0045680008189106155,12.549941513306704,6.641999818966034,-1.8549655770236437,1.9876676254187022,-0.007153934422389093,1.9876676254187022,0.1237252060702451,2.0941800748426123,1.1241938827683835,0.16410540764391301,1.3943812366478818,0.7578553909330293,0.0,1.1844265025282472,0.6242661369427216,0.0006762745858690522,1.414176017281552,0.9446530394755984,6.071674699493387e-07,-0.7222301496111109,0,0,0,0.002696960485531209,0.5541444492762821,707,0.1936,0.07979,0.6366698779175546,-0.10103060400751243,0.8379502918748843,0.06208478206708587,0.2730766368596466,1.8137647671478085,0.00920248881383117,0.002698471103478844,3.4102602773724007,0.004444462629043838,0.35393748947401377,443,265,61,61,0,0.1972,703,0.5515211446989845,-0.013457,-0.013457453859813784,309.0,374.0,0.0573489,0.0781033,-0.0433149,0.03043,-0.0574278,-0.7674944,0.5509897,-0.2729801,0.1812307,0.5121187,-0.5545851,0.3896125,-0.7352805,783.0,372.0,-0.0827118,0.0606583,0.0399436,-0.0347413,0.0296139,0.2471069,-0.2939369,0.0687994,-0.9207638,0.533209,0.6585016,-0.5727375,0.4882084,-0.0280970625798212,1.0,0.00024929450078975174,289.7834650357793,0.0,256,9.436006246121056e-12,1.493871459642457e-12,1.995309431489317e-12,3.5831439174453486e-08,2.2943965406741464e-05,4.0691005531566104e-13,19.90633027146148,5.513515612837429,6.712487974392487,3.0931171636802963,1.1457183795218506,1.4546200392025948,-0.14654612066349118,0.0,0.011910178237700651,0.9138948387096525,0.04131772361908056,1.9622770300711765,0.029431693968934323,621.487097419575,289.7834285805459,0.6091701737685761,0.6091702876526885,0.609170287691728,0.7614628595658607,9.132024830820848e-07,781,0.2961,0.2948,-0.10896,0.024292,2,0.0578,-0.9035,-4.9e-05,12.04,6.0202,2.0,0.36662,0.70538,1.75388,0.16777,0.9882,0.9814,0.9931,0.513,4.7668,2.0273,0.5589,5.6592,22.1905,4.6552,83,0.1147,0.8617,43,0.101,0.4875,-3.0,0.1013595,0.100163,0.0059374,0.041073,-0.0108382,-0.0479147,0.0640334,188.0,186.0,0.0927569,0.1554518,-0.2525892,0.000792,0.1043769,-0.0566494,0.1187616,197.0,175.0
84,1572,139498,0.0,0.00027455171020547765,2.438377591889554e-05,0.00027455171020547765,0.6360065602250422,7.226878041864897,5.8377689111546385,-12.704274173690111,12.826199985646776,-0.05874401162318162,12.826199985646776,0.004025773393331988,12.561390782707505,6.663603831400657,-1.8822603292961178,2.0186047741630104,-0.0073338706078473915,2.0186047741630104,0.12535878674023465,2.0765429831156528,1.1266155059476965,0.08771624833290959,1.4261216732747624,0.7660095877702477,0.0,1.198543199499967,0.632941241427752,0.0016859705310895423,1.4141072497622118,0.8802759729415011,9.139437475548482e-05,-0.724675393151974,0,0,0,0.0028444295792402698,0.5532941969244146,708,0.199,0.08061,0.64117221726028,-0.1023200605583971,0.8471787058981753,0.08336149224055411,0.2689970028319547,1.8142093639417758,0.009770630557367781,0.0028457260171563703,3.4334403587915374,0.004743338113808559,0.3557250737889331,440,269,61,61,0,0.204,703,0.5500150522674428,-0.005499,-0.005499250964771996,309.0,374.0,0.0551224,0.1619029,-0.1368452,0.0531267,-0.0682898,0.5246629,0.8359594,-0.0736562,-0.1430926,0.511804,-0.8452299,0.3281393,-0.421795,783.0,372.0,-0.0856565,0.0678604,-0.0182254,0.0150889,-0.0636018,0.5125696,0.1169733,0.6998687,-0.4835014,0.5323017,-0.2685723,0.2223528,-0.937245,-0.026098026734563972,1.0,0.0002646309465357945,289.7834424051571,0.0,256,7.26104820843975e-12,1.4765605160206162e-12,1.9902425229836976e-12,3.454239011645038e-08,2.3944968888543946e-05,2.914015180215004e-13,21.041971560452446,5.875125983927943,7.090330581546708,3.136420099985185,0.8075084475819224,1.1854651061213948,0.018002324714838785,0.0,0.028346412552736417,1.9919166333999865,0.02620113836169575,2.3046546405438906,0.056558761148559684,621.4871008922632,289.783430199771,0.6091701694977133,0.6091702876524809,0.609170287691728,0.7614628595656011,9.474375743851438e-07,781,0.2952,0.2947,-0.11085,0.034456,2,0.0592,-0.9042,0.000232,12.039,6.0195,2.0,0.36605,0.70386,1.75303,0.1677,0.9881,0.9815,0.9932,0.5134,4.7716,2.0293,0.5594,5.5942,22.2856,4.6705,83,0.1278,0.3323,43,0.1417,0.4987,-2.0,0.1973977,0.1399209,0.1703933,-0.0396243,0.0469267,0.0210894,0.0649381,188.0,186.0,0.0772531,0.1032675,-0.1441074,0.0109666,0.0505952,0.038655,0.0646092,197.0,175.0
85,1577,139505,0.0,0.00028951769302172213,2.530414030056473e-05,0.00028951769302172213,0.6388369242818741,7.231327463075487,5.837131983448292,-12.615183747751152,12.16989033544501,-0.05651360171699689,12.615183747751152,0.013252841117687299,12.557238755927028,6.663169131180483,-1.9082958585089032,2.0448359911736396,-0.006976519031445691,2.0448359911736396,0.1258054238283699,2.0607137966792597,1.1255149093604861,0.16900061467437755,1.3584570596014256,0.7472751123685022,0.0,1.2126843782234153,0.6393933683042756,0.0010444223560697186,1.4141071785586132,0.8794077581324472,1.172171506852221e-05,-0.7271023546156697,0,0,0,0.0027837258797777033,0.5518429289297629,710,0.1981,0.07911,0.6421346344424386,-0.10126545197566773,0.8509585647368699,0.06464445654300278,0.2580598216090138,1.813279040419566,0.009743908751166106,0.0027849845480672187,3.4987299150109776,0.004743186825576957,0.3604493897661279,440,271,55,55,0,0.2021,704,0.5478987353271315,-0.003492,-0.0034919689452832525,309.0,374.0,0.0542135,0.0682443,0.0163364,-0.059067,-0.0300248,0.4091942,0.6134141,-0.1737373,0.6527623,0.5098036,0.2393815,-0.8655235,-0.4399609,783.0,372.0,-0.0883097,0.0588508,0.030731,0.0158701,0.0476147,-0.2400649,0.4464243,-0.3553876,-0.7853495,0.5333878,0.5221847,0.2696665,0.8090755,-0.026717557251908396,1.0,0.00027455171020547765,289.7834481443018,0.0,256,1.1404165773297143e-11,2.8628417678086272e-12,3.835857236842481e-12,6.328660051619408e-08,2.5008888375083242e-05,1.2309617585953188e-12,21.0565920143529,5.925800941155512,7.107114968556796,3.076250548681025,1.1594150594772397,1.4906600004445356,0.021819782970976448,0.0,0.012700150240489427,2.3895008695880273,0.01301319040752895,1.1958843989396832,0.05378520246190978,621.4870804716368,289.78342067815873,0.6091701630548716,0.6091702876536921,0.609170287691728,0.761462859567115,9.990830129073128e-07,784,0.2921,0.2905,-0.11345,-0.000243,2,0.0583,-0.9071,0.000111,12.037,6.0183,2.0,0.36578,0.70308,1.75339,0.16785,0.9881,0.9815,0.9933,0.513,4.7681,2.0278,0.559,5.6841,22.2877,4.6743,83,0.1363,-0.4351,43,0.1041,0.0302,-3.0,0.0643774,0.1119659,-0.269863,-0.0433854,-0.0027949,0.036913,0.0570322,188.0,186.0,0.0611265,0.0806209,-0.1375289,0.0045811,-0.0417701,-0.0131487,0.0440297,197.0,175.0
86,1578,139506,0.0,0.000303879470851257,2.6077633400990326e-05,0.000303879470851257,0.6359940404552119,7.2296401213893295,5.837680898539358,-12.538600240866277,11.725254921238717,-0.056650307246968,12.538600240866277,0.009224524345639043,12.565085732368036,6.70130130545935,-1.9258080006290774,2.0730681147840664,-0.0073195682636619545,2.0730681147840664,0.12649809988560642,2.0460563371950187,1.1266922358383824,0.16977192240369088,1.3646338348826483,0.7683542660126896,0.0,1.2268259736405085,0.6480302348250884,0.0003713212047625758,1.4140989744087882,0.8802708760667255,7.300581110430004e-05,-0.7293717151886596,0,0,0,0.002710298138398361,0.5510016297396921,711,0.1967,0.07779,0.6430319321897116,-0.10089950532307104,0.8546282353988993,0.03919886618876648,0.251396608881407,1.8022166671195774,0.00963910922947414,0.002711664340871554,3.5546837726884886,0.004701902242442405,0.35973290154358567,442,270,57,57,0,0.2007,705,0.5470369024217444,-0.001791,-0.0017911864162800661,98.0,376.0,0.0969496,0.0569324,-0.0532262,-0.0047171,0.0196473,0.3873581,-0.0195261,0.6237844,-0.6785761,0.4979564,-0.9349025,-0.0828543,0.3450979,783.0,372.0,-0.0919301,0.0894183,-0.0586947,0.0560288,0.0375678,-0.6884403,-0.5722602,-0.3534571,0.27136,0.5323441,-0.6564054,0.6265924,0.4201356,-0.02599873176918199,1.0,0.00028951769302172213,289.7834393457475,0.0,256,7.103364095645849e-12,1.8546765662121466e-12,2.4780124656757835e-12,4.930473136584279e-08,2.584326008754811e-05,2.41095957428451e-13,24.01126913195557,6.579879492573561,8.14840123914917,3.1334190820789423,1.3405687085273768,1.614561574192534,0.1657030712150697,0.0,0.010098596526133645,1.5209695439613478,0.02499179461453903,0.678121784604391,0.03298418200076442,621.4870773103481,289.78341920413123,0.6091701568721626,0.6091702876538777,0.609170287691728,0.761462859567347,1.0486434030140148e-06,784,0.2938,0.2921,-0.11828,-0.00391,2,0.0581,-0.9011,1.9e-05,12.036,6.0182,2.0,0.36572,0.704,1.75005,0.16675,0.9882,0.9815,0.9932,0.5127,4.7725,2.0297,0.5595,5.6189,22.3816,4.6897,83,0.162,-0.8571,43,0.102,-0.835,-0.0,0.0684072,0.1180021,-0.2660536,0.0114443,-0.0477478,-0.0533013,0.0724697,196.0,180.0,0.1527352,0.092728,0.2444651,0.0054957,-0.0087969,0.0814914,0.0821489,197.0,175.0
87,1578,139506,1.5201787256253094e-11,0.0003188633899685635,2.6909058495344578e-05,0.0003188633899685635,0.6369845190038587,7.23173803736729,5.83778944060064,-12.468950244741976,12.448805087121967,-0.05130557498942128,12.468950244741976,0.0015596246353268839,12.549589130422937,6.67587526434079,-1.9549718328091714,2.0971877052963723,-0.0075765989325856705,2.0971877052963723,0.12741522858698207,2.0378703452027445,1.1276793368308886,0.1660200585445899,1.3761985855237697,0.7637995154669203,0.0141409142565843,1.2409662716557472,0.6566784251876784,6.46251324367686e-05,1.4141011890047797,0.8812451820898599,7.891319842425323e-05,-0.7316291818504647,0,0,0,0.0026301072901035484,0.5506651365867308,711,0.1932,0.07362,0.6458375672957386,-0.10024063194540156,0.858593739062816,0.010570543514032959,0.25356926551421716,1.7946371777496677,0.009481493951328185,0.0026311200186842176,3.603596143086522,0.004630194232469809,0.36119744566125084,442,270,61,61,0,0.1972,705,0.5466712071902866,0.000439,0.0004385121742898068,98.0,376.0,0.0968449,0.0830493,0.067654,-0.0041105,0.047992,-0.4275937,-0.3256359,0.7017849,-0.4675712,0.4966949,0.8146241,-0.0494952,0.5778735,783.0,372.0,-0.0969954,0.0802894,0.0216413,-0.0718535,0.0285504,0.2551365,0.1734119,-0.5505371,0.7757207,0.5311999,0.269541,-0.8949307,0.3555935,-0.025348542458808618,1.0,0.000303879470851257,289.783435053897,0.0,256,8.070007154643332e-12,1.7582806029963198e-12,2.347136782518775e-12,5.3429303703034734e-08,2.6802406428700765e-05,1.0621174794927028e-13,25.592193303134547,8.488804081916498,10.584108600643665,3.126713729830229,1.3712280564825807,1.678174946258346,0.04638095024566813,0.0,0.011566774359163826,1.6494659607717916,0.026664117334463715,0.26679147783452595,0.06605784023707113,621.4871054055378,289.78343230419466,0.6091701504216142,0.6091702876522112,0.6091702876917214,0.7614628595652639,1.1003506564648689e-06,784,0.2932,0.292,-0.12252,-0.002498,2,0.057,-0.8961,-0.000141,12.036,6.0181,2.0,0.36645,0.70647,1.7466,0.16834,0.9882,0.9815,0.9932,0.5127,4.7716,1.9744,0.5923,5.6413,22.3588,4.6858,83,0.1305,-0.9909,43,0.1246,-0.9597,-1.0,0.1001594,0.0774947,0.127578,-0.0004889,-0.0154271,0.0367206,0.0398326,196.0,180.0,0.1363158,0.101918,0.1443869,-0.0708427,-0.0409541,-0.0261485,0.085905,197.0,175.0
88,1578,139506,3.0667649516363836e-11,0.0003345699812450573,2.79607346597105e-05,0.0003345699812450573,0.6379941089374229,7.233918179435998,5.83789750832165,-12.40859466863743,11.803335260107321,-0.04527174503702929,12.40859466863743,0.005979328000160853,12.563549524628431,6.676611303435733,-1.985489955611309,2.108385185240126,-0.00770590788068982,2.108385185240126,0.12898772727103142,2.04488849528204,1.130376511461764,0.18352690450817188,1.3722909358947115,0.7538675760840767,0.014140928398699924,1.255101047921173,0.6654580102645561,0.00020427662549205028,1.4141492010550751,0.8205141955001108,2.6245828372817068e-05,-0.7338080784755283,0,0,0,0.0027387904309232607,0.5503225923138976,711,0.1871,0.07389,0.6539642091226858,-0.1001620812317128,0.8690161114404277,0.04111836750770002,0.2517996569158326,1.804134969261726,0.009925985069619985,0.002739668753448243,3.623060290455477,0.004862727868479936,0.36088337001939175,441,271,56,56,0,0.1907,705,0.5463059573058483,-0.015991,-0.01599135474405,98.0,376.0,0.0974364,0.0406694,-0.0268844,0.0033406,0.0303327,0.9120641,-0.3697561,0.1471294,0.0988552,0.4951533,-0.6610473,0.0821401,0.7458348,783.0,372.0,-0.1009935,0.0365523,-0.0130504,-0.0067938,-0.0334604,-0.9431828,-0.2163031,0.1466824,0.2051911,0.528792,-0.3570346,-0.1858661,-0.9154125,-0.025348542458808618,1.0,0.0003188633899685635,289.7834502829859,0.0,256,9.645823644560717e-12,2.9785723839975946e-12,3.72313932429841e-12,4.944370489643481e-08,2.7997981416294583e-05,-6.45519827353107e-13,35.680732166525445,10.322284603211912,13.23633477741271,3.1295502317786097,1.346473152214699,1.6721974637187316,0.09293755047053885,0.0,0.027720306759358732,2.505507602882704,0.015400189324304838,1.0541324775070344,0.027488812394327763,621.4871931281037,289.7834732069681,0.6091701436599504,0.609170287646776,0.6091702876917149,0.76146285955847,1.1545516296786946e-06,784,0.2941,0.2927,-0.12566,0.012336,2,0.0554,-0.8867,-0.000179,12.036,6.0179,2.0,0.36678,0.70721,1.74596,0.1685,0.9882,0.9815,0.9932,0.5127,4.7707,1.9741,0.5922,5.6402,22.3546,4.6858,83,0.0835,-0.1353,44,0.095,-0.6955,-2.0,0.0959312,0.0344578,0.4714616,-0.0297858,0.0227305,0.0544749,0.0661164,196.0,180.0,0.0665628,0.0580664,0.0681737,0.0322507,-0.0381671,-0.0010466,0.0499793,197.0,175.0
89,1578,139506,4.2509675397354254e-11,0.00035207499311972336,2.903159573785631e-05,0.00035207499311972336,0.6390245910101705,7.23582514185028,5.838009480318238,-12.352147527307372,11.858374172649716,-0.04373990548400284,12.352147527307372,0.010936893672900424,12.541739153887303,6.653615739189744,-2.025254921216569,2.1320218284204127,-0.007806801575544705,2.1320218284204127,0.1299326067698513,2.051548428072098,1.1318949798535698,0.2058875744086538,1.3467817975312442,0.7639811970927082,0.028282413857046534,1.2692403833980084,0.6740074698464731,0.001161133311132101,1.4141593579356748,0.849745309356253,2.8537802851229804e-05,-0.7358677474443582,0,0,0,0.002662691537063066,0.5497624206219627,711,0.1824,0.07781,0.6568467126933325,-0.09821762838075053,0.8738178556459093,0.09947376802573227,0.24971564104201446,1.7956738883269487,0.00998448691627963,0.0026634964780006395,3.748639053495017,0.004910760308063883,0.36387636389531847,438,274,57,57,0,0.1859,705,0.5457312990248746,-0.004488,-0.004487760433932175,98.0,376.0,0.0954165,0.1162033,0.0814119,-0.0522758,-0.0643627,0.4642595,-0.5359123,0.1704513,-0.6842569,0.4895779,0.7005984,-0.4498652,-0.5538801,783.0,372.0,-0.1056811,0.1139165,-0.0002863,0.0204742,-0.1120611,-0.219344,0.0079661,0.8945107,-0.3894552,0.5262044,-0.0025135,0.1797295,-0.9837129,-0.025348542458808618,1.0,0.0003345699812450573,289.78348945675384,0.0,256,1.2996209851931766e-11,2.4786960698017774e-12,3.484135223439188e-12,4.858768496180441e-08,2.9079024750737386e-05,5.830369524732934e-13,32.441225585117444,10.154799973371968,12.885309816364805,3.13417440412318,1.2626090871970685,1.6268550028615396,-0.023261691586957657,0.0,0.0348891044572797,1.9450751825643513,0.03378638676070961,1.4477731362455495,0.06782550620934492,621.487230543818,289.7834906529521,0.609170136124094,0.6091702876443512,0.6091702876917098,0.761462859555439,1.214958769136273e-06,784,0.2936,0.2912,-0.12752,0.000307,2,0.054,-0.887,-2e-06,12.031,6.0156,2.0,0.36648,0.70614,1.74279,0.16797,0.9882,0.9814,0.9932,0.5127,4.7699,1.9737,0.5921,5.6628,22.3326,4.682,83,0.1408,0.7507,44,0.0745,-0.0045,-3.0,0.0634734,0.1879815,-0.4951508,-0.0203668,0.0438448,0.0321631,0.0580658,196.0,180.0,0.1120154,0.1594529,-0.1747444,0.0638536,-0.0448995,0.0385891,0.0870768,197.0,175.0
90,1578,139506,4.1906266441390836e-11,0.00036959939299193643,3.002522010295866e-05,0.00036959939299193643,0.6400819918292672,7.237518758373286,5.838122104477942,-12.301501845755904,12.308652756960498,-0.042670190017792625,12.308652756960498,0.01166503095349044,12.542450655809239,6.6856189301127795,-2.045359945025674,2.1565744022561835,-0.007947276904969415,2.1565744022561835,0.13032388277356072,2.058132690098007,1.132811709677078,0.09307105412048688,1.3949933486529034,0.7671524272137078,0.04222035848142062,1.2833778943416816,0.6823989799838689,0.0021323174945687695,1.41416970633985,0.9062781002346649,6.87251170363305e-05,-0.7378724545296562,0,0,0,0.002586450324475274,0.5493518739682999,711,0.1794,0.08125,0.6599757405170923,-0.09785368473286724,0.877752421512953,0.07119232343040856,0.2490066752226976,1.782901415772057,0.009893519317573428,0.002586758521277662,3.8246783517646565,0.004880012473003861,0.3647381617430035,436,276,55,55,0,0.183,705,0.5452991677186106,0.005156,0.005156063109940101,98.0,376.0,0.0903572,0.0797237,-0.0012853,-0.0166196,0.0779615,0.4963625,0.3993519,0.3070018,-0.7070306,0.4852261,-0.0161219,-0.2084649,0.977897,783.0,372.0,-0.1084957,0.1466959,0.0696529,-0.1126185,-0.0631286,0.9213491,0.3559449,0.1179004,-0.1025598,0.5242547,0.4748117,-0.7677006,-0.4303367,-0.025348542458808618,1.0,0.00035207499311972336,289.78350043927446,0.0,256,1.5935110525121954e-11,3.7586305162664886e-12,5.072223109195732e-12,9.252810932139635e-08,3.0160225857633742e-05,-3.258793758012203e-13,32.16733065343669,9.84217975865489,12.560383433822695,3.120595741620266,1.4175579322213574,1.7100447181853584,-0.05362707741942763,0.0,0.0062436661144128405,1.275053362209616,0.01806114536538809,1.9235472637744349,0.06710130519905146,621.487237523134,289.7834939072274,0.609170128579902,0.6091702876438918,0.60917028769171,0.7614628595548647,1.2754328688930145e-06,784,0.2956,0.2931,-0.12924,-0.008281,2,0.0536,-0.8751,-0.00016,12.029,6.0145,2.0,0.36696,0.70923,1.7399,0.16844,0.9882,0.9814,0.9931,0.5127,4.7691,1.9734,0.592,5.6619,22.3291,4.682,83,0.1727,0.9876,44,0.0668,0.9813,-2.0,0.077272,0.10589,-0.1562438,-0.0052243,0.0424417,0.0019734,0.0428075,196.0,180.0,0.2028554,0.1157007,0.2735931,-0.0213394,-0.0509274,0.0029291,0.0552951,197.0,175.0
91,1578,139506,5.971886117265913e-11,0.00038662308690390644,3.113687539504792e-05,0.00038662308690390644,0.6411586583363622,7.2392295194891805,5.838236577135824,-12.255075610843981,11.957180039101958,-0.04219800811729163,12.255075610843981,0.005571799475147632,12.54223903126486,6.646644805182392,-2.066352434507603,2.175921425164483,-0.008059539049631765,2.175921425164483,0.13138303251840208,2.0640712976634834,1.1343927685903783,0.1814399389481096,1.3885894854611294,0.7738327848523775,0.056253344315538634,1.2975179020060106,0.6914617610261299,0.0003154591561864706,1.4141999717978309,0.8618447586318806,0.00010074071095738282,-0.7397740547614474,0,0,0,0.0026239752527209446,0.5489207370416594,711,0.1814,0.08618,0.6627899735034732,-0.09572134986476216,0.8839794139610941,0.06704067805187805,0.2549667552278216,1.7746740963359637,0.0100942645655844,0.002624007369731753,3.8468888014656444,0.004986702424759794,0.3606310967037621,444,268,47,47,0,0.185,705,0.5448515570416076,0.00841,0.008410382053503529,98.0,376.0,0.0916627,0.0527492,0.0220141,0.046968,0.0095846,0.0386135,-0.2164321,-0.9721423,0.0812738,0.4832265,0.4173349,0.8904022,0.1817018,783.0,372.0,-0.1084112,0.053116,-0.021194,0.0472536,-0.0117991,-0.9770931,0.2065099,-0.0088968,-0.0506321,0.5233804,-0.3990142,0.8896305,-0.2221379,-0.025348542458808618,1.0,0.0003695993863925494,289.783509745893,0.0,256,1.3610542110917378e-11,2.790493479539016e-12,3.6470002792214454e-12,5.874559188076911e-08,3.128971940335372e-05,2.1133444991065608e-13,36.229555408879996,9.710828778951976,12.344565735978488,3.117176662779975,1.3282969763157584,1.628338233887578,-0.047917340814162275,0.0,0.014082215454008501,1.4148502200424473,0.009186239220040637,1.2506907296957026,0.03709345883825705,621.4872546946821,289.78350191387807,0.6091701212512287,0.6091702876427523,0.6091702876917022,0.7614628595534403,1.3341790831791677e-06,784,0.2955,0.2929,-0.13221,-0.010304,2,0.0543,-0.8603,-6.1e-05,12.026,6.0132,2.0,0.36712,0.71043,1.7367,0.16816,0.9882,0.9814,0.9931,0.5127,4.7684,1.9731,0.5919,5.661,22.3257,4.682,83,0.1686,0.9073,44,0.1407,0.6455,-1.0,0.0136197,0.1001561,-0.760587,-0.014974,-0.0349778,-0.0043183,0.0382925,196.0,180.0,0.1215038,0.0755762,0.2330406,-0.0456289,0.020402,0.0636943,0.0809642,197.0,175.0
92,1579,139507,0.0,0.0003832560217793983,3.0450665545276603e-05,0.0003832560217793983,0.6387881878159786,7.236918701859625,5.8385464586917175,-12.305081788799113,12.468547627404977,-0.04348118673598741,12.468547627404977,0.009211183245115662,12.540825498329928,6.652666590390682,-2.0594096727975697,2.176560706201568,-0.008136839377193847,2.176560706201568,0.1313830342612932,2.0640713036033365,1.133953676373554,0.19007616092728363,1.3684537010163675,0.7646251285458584,0.0,1.2975179161481263,0.6910238639743453,0.002323223234279914,1.4141876859624916,0.8866437939456471,0.00012960167686952253,-0.7397740574046971,0,0,0,0.002481767869922764,0.5485865259682968,712,0.1798,0.08851,0.6597652355498054,-0.09369867957638021,0.8848157313870224,0.06863152800930214,0.2559862191154238,1.7773460411666424,0.009760865625586822,0.0024817802276635055,3.933009666523243,0.004825362088981159,0.3635589591193715,439,274,56,56,0,0.1834,706,0.5445042233810719,0.00373,0.003730417910039918,98.0,376.0,0.0860147,0.0534069,0.0221771,0.047018,0.0122386,0.1213241,-0.2489738,-0.9608426,0.008601,0.4804558,0.4152481,0.8803726,0.2291571,783.0,372.0,-0.1097496,0.0550114,-0.0230485,0.0486571,-0.0112918,-0.9752138,0.2172238,-0.0229596,-0.0352819,0.5202834,-0.4189776,0.8844911,-0.2052638,-0.025348542458808618,1.0,0.00038662308690390644,289.7835019139042,0.0,256,1.6259818148777586e-11,3.001559981116484e-12,3.8440143625992875e-12,8.234144202391413e-08,3.079724426134312e-05,7.153775566351947e-13,36.22955549231864,9.8033370256653,12.361998904748576,3.1386436748616573,1.3382632922079483,1.6386219471393622,-0.05056733872773758,0.0,0.013932073307015937,0.05288074599143665,0.008753866362526272,0.03504142192827026,0.03729412544529959,621.4872603794327,289.78350456453086,0.6091701227007416,0.6091702876423725,0.609170287691728,0.7614628595529656,1.3225598273971194e-06,784,0.2908,0.2881,-0.13535,-0.000509,2,0.0529,-0.8616,-0.000212,12.025,6.0125,2.0,0.36799,0.71048,1.73729,0.16877,0.9882,0.9814,0.9931,0.5123,4.7732,1.9751,0.5925,5.5726,22.4393,4.7011,83,0.1727,0.6376,44,0.1794,0.5283,-1.0,0.0141778,0.1001947,-0.7520763,-0.0164474,-0.0338034,-0.006796,0.0382017,196.0,180.0,0.1239976,0.0745717,0.2489101,-0.045232,0.0207035,0.0633743,0.0805659,197.0,175.0
93,1584,139514,0.0,0.00039330320308187983,3.139967014748607e-05,0.00039330320308187983,0.6363172273170001,7.2343654820103716,5.839216215061729,-12.173899420611038,11.956380461676783,-0.04207605667843934,12.173899420611038,0.009426244364521288,12.545237731588893,6.658210886388238,-2.0793112019415103,2.1956342356308403,-0.00758460090648121,2.1956342356308403,0.13333717282844706,2.0697760419803,1.1352234564776307,0.18607332678389144,1.3360195967108304,0.761066116082029,0.0,1.3116527460664484,0.6977880912278854,0.0005687345769430641,1.4141345699513619,0.8920737935181468,1.244123456703827e-06,-0.7416154452385042,0,0,0,0.002761039016321935,0.5476427171941088,715,0.1736,0.09287,0.6678854857559483,-0.09038573006631397,0.8969874762330873,0.012128778716213975,0.2560871821815589,1.799222629993351,0.01033574378098261,0.002761238183940744,3.743155458697805,0.00509948277640183,0.3537676029834209,440,276,46,46,0,0.1772,709,0.5435528510893585,-0.00231,-0.0023102271627031268,98.0,377.0,0.102166,0.0471072,0.0190272,-0.0151213,0.0403534,0.6382836,-0.6352873,0.2577704,0.3500837,0.4862886,0.4039132,-0.3209986,0.8566295,783.0,372.0,-0.1100453,0.0342454,0.003312,0.0307414,-0.0147221,-0.881546,0.3643147,-0.0242418,-0.2992721,0.5183399,0.0967144,0.8976819,-0.4298994,-0.024699176694110196,1.0,0.0003832560217793983,289.78351851969654,0.0,256,1.1531525097375766e-11,2.092606818552197e-12,2.8324382844457877e-12,8.165706968893564e-08,3.1918280185664886e-05,-4.961663653134178e-13,33.146385804027354,10.008596897684203,12.36084051590574,3.135844237394204,1.217575147435984,1.5368720873085346,0.06105507031748377,0.0,0.024975151537668848,2.618460546716798,0.01724535491287551,0.35444127082847054,0.04495833854025958,621.4872082216383,289.78348024469454,0.6091701183753988,0.6091702876458056,0.609170287691728,0.761462859557257,1.3572312774688632e-06,786,0.2846,0.2822,-0.13828,0.02356,2,0.0499,-0.8555,0.000245,12.026,6.0129,2.0,0.36892,0.71331,1.73937,0.16815,0.9883,0.9815,0.9932,0.5126,4.7792,1.9776,0.5933,5.4855,22.6327,4.7357,83,0.1303,0.1404,44,0.1571,0.011,-1.0,0.0835535,0.0308924,0.4601398,0.0393257,0.0002211,0.0293134,0.0490493,197.0,180.0,0.0236969,0.0566347,-0.4100233,-0.0209367,-0.0191609,0.0148418,0.0320275,197.0,175.0
94,1587,139517,0.0,0.0004098896115748509,3.2598349716581e-05,0.0004098896115748509,0.6262129308791049,7.2238153311441655,5.841021628173411,-12.130028876223172,11.942260454445751,-0.045855804198052894,12.130028876223172,0.008412241086954708,12.548729700415437,6.708070826218386,-2.1041812284974806,2.2092634831971267,-0.007451698445633827,2.2092634831971267,0.13454695548578607,2.075255202705277,1.1364156069029507,0.16805505131362408,1.3192086559563725,0.7589668296486575,0.0,1.3257930439413919,0.7063180997183993,0.0009859057520298364,1.4141308287496102,0.892111931719174,7.263041728275256e-06,-0.743345459420684,0,0,0,0.002832764271951712,0.547070042438644,718,0.1683,0.10449,0.6722537262418637,-0.09719332640375028,0.9042693798628906,0.11346010704946309,0.25952882584106,1.7995838700057896,0.010912746349733101,0.0028339414563292253,3.8507310464586193,0.005427720566078295,0.3599675036153257,433,286,48,48,0,0.1718,712,0.5429524378098383,0.009522,0.009521506409377878,98.0,377.0,0.1314746,0.1300246,-0.0331419,0.0066282,-0.1255551,0.9282633,0.1888843,-0.3125191,-0.0705813,0.4756436,-0.2548893,0.0509765,-0.9656256,783.0,372.0,-0.1081488,0.1226094,0.055078,0.1011027,0.042163,0.3602505,0.4543491,-0.2899106,0.7614055,0.5174827,0.4492152,0.8245919,0.3438807,-0.025252525252525252,1.0,0.00039330320308187983,289.7834948441532,0.0,256,1.1028620633470896e-11,2.1532058123728217e-12,2.840880441450438e-12,7.050648300294164e-08,3.3124803682215325e-05,-1.92200427509524e-14,22.610480965227538,6.414711876798268,7.909140957599855,3.085872048825825,1.1805510060135154,1.4867678889022262,-0.013916104550216996,0.0,0.028810233867309566,1.4356531325029254,0.024676898705547463,2.485848211600381,0.04490779932262359,621.4872295642298,289.7834901961953,0.609170111234993,0.6091702876444158,0.609170287691728,0.7614628595555197,1.4144684754032703e-06,786,0.2822,0.2797,-0.14003,-0.002933,2,0.0476,-0.873,-0.000207,12.032,6.0162,2.0,0.36727,0.71035,1.73903,0.16966,0.9884,0.9815,0.993,0.5123,4.7963,1.9847,0.5954,5.2452,22.9707,4.7893,83,0.0314,-0.7627,44,0.0505,-0.3315,-1.0,0.1243277,0.1484487,-0.0884278,-0.0201303,0.0299037,0.0005888,0.0360529,198.0,179.0,0.1415627,0.2076648,-0.1892808,-0.0617298,-0.005867,-0.1247808,0.1393386,197.0,175.0
95,1589,139520,0.0,0.0004237143543329779,3.3815560098157565e-05,0.0004237143543329779,0.6204098828949174,7.218088276181775,5.8415986268883655,-12.097013593847937,11.98061547125184,-0.045657771838693496,12.097013593847937,0.0034716278077038254,12.56496152404262,6.6860660404834285,-2.1294276088522976,2.243809052821797,-0.007961772919650273,2.243809052821797,0.13596930253850983,2.0805015818178196,1.1379178308172861,0.22270804925974352,1.3729065729600891,0.7759744841765613,0.0,1.339932686010382,0.7150226430244799,0.001477319962260748,1.4141297974526943,0.8856672138913723,2.3326013270380747e-06,-0.7450049135828188,0,0,0,0.002941432282796671,0.5465138846441785,720,0.1683,0.10707,0.6771835309326846,-0.09803020491677082,0.9155229252683519,0.010855495896648333,0.2589353763682679,1.7941411387723236,0.01170801241039922,0.00294473192639866,3.9759179113861998,0.005846563166971894,0.35944592986876855,434,287,45,45,0,0.1717,714,0.5423824784742417,-0.002239,-0.002239441644992457,98.0,377.0,0.1428204,0.0294868,-0.0268488,0.0085776,-0.0086627,0.8776932,-0.0451627,0.1043396,0.4655408,0.4660279,-0.9105342,0.2908945,-0.293782,783.0,372.0,-0.1072583,0.0463916,-0.0368037,-0.0261535,0.0106613,0.4784272,-0.8229959,0.142588,-0.2710238,0.5163484,-0.7933268,-0.5637544,0.2298119,-0.024574669187145556,1.0,0.0004098896115748509,289.7835108315741,0.0,256,1.5889532667680985e-11,3.4479076263831056e-12,4.619031240630208e-12,6.936700384657726e-08,3.4390448897376174e-05,-6.28092546725096e-13,25.109327747640187,8.430756948581786,10.6708132175668,3.140353355420111,1.2689786917151975,1.629318872436436,-0.0722812634936761,0.0,0.019161675425603188,0.5327971262327327,0.0163089808303818,1.9365465937013164,0.01003512128941534,621.4872667417247,289.7835075311038,0.6091701052834988,0.6091702876419453,0.609170287691728,0.7614628595524315,1.462175532151355e-06,786,0.2817,0.2791,-0.14266,0.000315,2,0.0475,-0.8797,0.000166,12.035,6.0176,2.0,0.36508,0.70719,1.73778,0.16923,0.9885,0.9816,0.9931,0.5123,4.807,1.9891,0.5967,4.8543,23.3718,4.862,83,0.0965,-0.493,44,0.0655,-0.7663,0.0,0.0452934,0.0739551,-0.2403524,-0.0034017,0.000486,0.049676,0.0497947,198.0,179.0,0.0342255,0.0924868,-0.4597923,0.0580977,0.0120592,0.0061164,0.0596505,197.0,175.0
96,1589,139520,5.6994022846102016e-12,0.0004383395145450971,3.494552923950097e-05,0.0004383395145450971,0.6215859285687625,7.2199493090030495,5.84171102353844,-12.28696181086046,12.336897114053038,-0.04388973445739665,12.336897114053038,0.014127814050940683,12.56215399304597,6.686258656269108,-2.1469420600360776,2.284147274733234,-0.00799856580972304,2.284147274733234,0.137546665914573,2.085494418101217,1.1404253680245044,0.15999475428441667,1.296232062721014,0.7678515275851081,0.014138760746444668,1.3540678832700155,0.7245902345412156,0.00013530926976690338,1.4141357108181702,0.8883479700293018,1.7393370811827632e-05,-0.746637103984617,0,0,0,0.0030371773165695313,0.5463420792596552,720,0.1684,0.10909,0.68328589362968,-0.100306907718495,0.9255166664176258,0.029742610492032178,0.25016571891421635,1.7950915490506592,0.012204196796788637,0.003040535780313304,4.0138310082741695,0.006112907511209567,0.3644706368013771,438,283,53,53,0,0.1718,714,0.5421927470924592,0.006087,0.006086868662992462,98.0,377.0,0.1454773,0.032025,0.0125316,0.0291825,0.0041162,0.5473022,-0.310553,-0.2367998,-0.7402317,0.4613958,0.3913061,0.9112408,0.1285293,783.0,372.0,-0.1055052,0.0797389,-0.0130783,0.0765586,-0.0180564,-0.8425058,0.3509057,-0.3751804,0.1621387,0.5153932,-0.1640142,0.9601159,-0.226444,-0.024543738200125866,1.0,0.0004237143543329779,289.78352696769167,0.0,256,1.4643013755608172e-11,3.744899644078947e-12,4.856307206038504e-12,6.843868113514422e-08,3.552904197127798e-05,3.306309605097431e-13,25.04627304847615,8.41624400593756,10.807569844224284,3.1404633091967367,1.4716571393301796,1.7635938276538918,-0.2906377749535084,0.0,0.0293359057187878,1.30869304045597,0.02751300822953426,1.7709092279031582,0.015188271323826365,621.4873130085768,289.7835291041455,0.6091700989873974,0.6091702876387827,0.6091702876917255,0.7614628595484783,1.5126446830853592e-06,786,0.2812,0.2785,-0.14427,0.003255,2,0.0475,-0.8539,0.000161,12.036,6.018,2.0,0.36494,0.70597,1.73555,0.16938,0.9885,0.9816,0.9931,0.5123,4.8071,1.9891,0.5967,4.8071,23.4091,4.8697,83,0.1335,-0.4419,44,0.1768,-0.795,-1.0,0.0164738,0.0569358,-0.5511822,-0.0015638,-0.0173576,0.0056801,0.0183302,198.0,179.0,0.0859047,0.0808283,0.0304461,-0.0213116,-0.0086472,0.0075698,0.0242128,197.0,175.0
97,1590,139521,0.0,0.00045799519581671695,3.618764377484991e-05,0.00045799519581671695,0.6261654841619791,7.225646584419945,5.841826983236623,-12.451204587326178,12.413444840729737,-0.044550360085896974,12.451204587326178,0.008726122410855908,12.56384410308835,6.678770827130408,-2.1681129922125773,2.315305204510083,-0.00784397074075496,2.315305204510083,0.13953317744612642,2.090231491931033,1.1424746107378887,0.22365077179970136,1.3423551069869561,0.7584675915340104,0.0,1.3681996120397952,0.7328711429812329,0.009655072659286779,1.4141841202602308,0.9760922816609138,4.861855969595301e-05,-0.7481475779133029,0,0,0,0.0031309522723851433,0.5462239968410799,720,0.1666,0.11241,0.6902175372245594,-0.10229025719170394,0.9368024283125125,0.0898465658406373,0.2520303571890418,1.795298050250896,0.012639565647657091,0.0031345272944748753,4.03236739075025,0.006352943076362617,0.3675185854102869,441,280,54,54,0,0.17,714,0.5420520708341956,-0.005627,-0.00562704924454227,98.0,377.0,0.1505364,0.0519237,-0.0029568,-0.0350445,0.0381996,0.0677147,-0.5538235,-0.0847905,0.825533,0.4576895,-0.0569445,-0.6749237,0.735687,783.0,372.0,-0.1028815,0.0787291,-0.0270504,-0.0090676,0.073378,0.2793739,-0.0857143,0.0913056,0.9519803,0.5148167,-0.3435877,-0.115175,0.9320312,-0.024543738200125866,1.0,0.0004383395145450971,289.78354083888615,0.0,256,1.508225049987156e-11,3.561182504613386e-12,4.536854310292617e-12,9.28181770770027e-08,3.6835173948745763e-05,-4.839425644256215e-13,25.129123684054075,7.430349244576179,9.673086963913372,3.121965085567589,1.37100964788661,1.6612576133914403,0.0744850906876185,0.0,0.015267924193868663,1.6020682729161189,0.019062374633863333,1.7786210770827882,0.02830884120673807,621.4872938630726,289.7835201770899,0.6091700905256409,0.6091702876401015,0.609170287691728,0.7614628595501268,1.5804735739866472e-06,787,0.2788,0.276,-0.14477,0.020463,2,0.0466,-0.8417,8.1e-05,12.038,6.0189,2.0,0.36529,0.70704,1.73501,0.16958,0.9885,0.9815,0.993,0.5119,4.8021,1.9871,0.5961,5.015,23.2375,4.839,83,0.1065,0.2574,44,0.1509,-0.4037,0.0,0.0827769,0.1465044,-0.2779443,-0.0079737,0.0892996,0.0393064,0.0978927,198.0,179.0,0.0298748,0.1354064,-0.6384969,0.007618,0.0265463,-0.0674459,0.0728813,197.0,175.0
98,1590,139521,1.5985381461556853e-11,0.0004698289729822355,3.732829846575392e-05,0.0004698289729822355,0.6273603376972213,7.2275408205330205,5.8419414878077625,-12.238801895929724,11.392126236162332,-0.04376474789830032,12.238801895929724,0.0028385994449914532,12.558457834358428,6.6626614031344085,-2.2042304378652653,2.342698793361789,-0.007930559909082513,2.342698793361789,0.1413247238983048,2.0947840832787716,1.145281499494826,0.1902114713808879,1.3600072963338805,0.7682285452733038,0.014141580694025387,1.3823299658424728,0.7418745855228716,0.00017070267406604778,1.4141384829569794,0.891384985828816,7.56623700648272e-05,-0.749563115294917,0,0,0,0.003194455978495317,0.5458549170640828,720,0.1673,0.11638,0.6977036273819245,-0.10342207859696396,0.9477561683354896,0.013184620417722684,0.2566572766490824,1.7897172364168072,0.013149432832298793,0.0031979577936315333,4.111821881603564,0.006632273120220351,0.365370404644745,442,279,57,57,0,0.1709,714,0.5416655273969828,-0.000891,-0.000890695418814369,98.0,377.0,0.1525853,0.044402,0.0147106,0.0181085,-0.0377785,0.7323801,0.2570697,-0.4760915,0.413366,0.4537578,0.3313057,0.4078321,-0.8508287,783.0,372.0,-0.1033745,0.0464527,0.0332244,-0.0233161,0.022591,-0.9520376,0.0606851,-0.1049523,0.2809389,0.5125268,0.7152304,-0.5019324,0.4863223,-0.02389937106918239,1.0,0.00045799519581671695,289.78353415296027,0.0,256,1.490120886342287e-11,2.718337452835331e-12,4.043665569544558e-12,6.697324060676844e-08,3.805431021547016e-05,3.0868416511698305e-13,25.878670877597933,7.372066229843406,9.667952138386179,3.117801265797684,1.4087937494850227,1.6762234630295125,-0.214538156108587,0.0,0.016344086133376987,3.0296381304477777,0.027446685226124347,1.7057220742286665,0.020354119102978147,621.4873634547596,289.78355262590134,0.6091700854312452,0.6091702876352234,0.6091702876917212,0.7614628595440293,1.6213100043975423e-06,787,0.2772,0.2744,-0.14465,0.014352,2,0.0465,-0.8326,0.0003,12.037,6.0186,2.0,0.36541,0.70391,1.73383,0.1686,0.9885,0.9815,0.9929,0.5119,4.8021,1.9871,0.5961,4.9914,23.2564,4.843,83,0.0547,0.9731,44,0.0809,-0.2102,1.0,0.0878341,0.1054452,-0.0911174,-0.0632714,0.0543893,-0.0135509,0.0845287,198.0,179.0,0.0581425,0.0776129,-0.1434228,-0.0233696,0.0408887,0.0254906,0.0535518,197.0,175.0
99,1593,139525,0.0,0.0004900668260352248,3.877441859915548e-05,0.0004900668260352248,0.6390740151151136,7.240828344012652,5.842029961230506,-12.42066090338145,11.732892222188621,-0.04565101543085927,12.42066090338145,0.0046161742514099656,12.56014237992777,6.711940851043078,-2.231732477851844,2.3723526712847107,-0.007555756627415999,2.3723526712847107,0.14301203337571233,2.0990552873933734,1.1471675330882958,0.21201283157045192,1.34634903285078,0.775713613888985,0.0,1.3964686097365793,0.749311602952006,0.0027917513323927334,1.4141985247827593,0.9471473009444143,6.070708347472918e-06,-0.7508819747901522,0,0,0,0.0033567309280518117,0.5455408233906435,720,0.1697,0.11947,0.7027859761321874,-0.10388688125001865,0.9600525809105233,0.08155747151617061,0.2613931414365473,1.8003301545547858,0.0138561866981,0.0033601203063535474,4.123717437110738,0.007012969059323611,0.36541796442870444,444,277,58,58,0,0.1734,714,0.5413266550698431,0.002126,0.002126031911255044,98.0,377.0,0.1551623,0.0660629,-0.052027,0.0374028,0.0160788,0.2150399,-0.2710624,0.5032393,-0.7918543,0.4527727,-0.7875372,0.5661699,0.243386,783.0,372.0,-0.1020148,0.0587677,0.0094195,0.0453382,-0.036185,-0.8766803,-0.0656404,-0.4754312,0.0329859,0.5129951,0.160284,0.7714826,-0.6157302,-0.02389937106918239,1.0,0.0004698289729822355,289.7835638600408,0.0,256,3.137704257312994e-11,4.830992346773269e-12,7.675419298927667e-12,1.3327487891203925e-07,3.968932040361292e-05,3.263186729608826e-14,25.10835250343328,7.392631458964495,9.448113653979016,3.1299017954631214,1.0194511496178875,1.3228982893200572,-0.05881692768324583,0.0,0.03973116077700108,1.962286981502878,0.015987295741515778,2.085869919299495,0.023086511298154453,621.4874310723002,289.78358415421917,0.6091700767189449,0.6091702876302715,0.609170287691728,0.7614628595378393,1.6911476454595073e-06,790,0.2735,0.2717,-0.14483,0.013085,2,0.0465,-0.8345,-9.7e-05,12.036,6.018,2.0,0.36565,0.70204,1.73517,0.1713,0.9885,0.9815,0.993,0.5122,4.787,1.9808,0.5942,5.353,22.9446,4.7931,83,0.1159,0.3757,44,0.0352,0.9768,1.0,0.1114413,0.0656945,0.2582587,-0.0731367,-0.0099708,-0.0036823,0.073905,198.0,179.0,0.1520762,0.0727475,0.3528485,0.028793,-0.0106078,-0.0902382,0.0953126,197.0,175.0
100,1596,139528,0.0,0.0005032881842146507,4.0000862441566374e-05,0.0005032881842146507,0.6296781423347689,7.231142037297702,5.84315283557877,-11.921837583452463,12.054697565777877,-0.0415652203560245,12.054697565777877,0.01065032959401013,12.565521659982844,6.700798517737487,-2.2456270629165607,2.42858406741333,-0.00824875689965366,2.42858406741333,0.14483230271056222,2.1030666688478163,1.1488081221107949,0.18228288218558075,1.3803417181357533,0.7703859647761507,0.0,1.4105956693107038,0.7568974450869561,0.002165398221777304,1.4141363526900619,0.8944937602331127,2.9660771570165588e-05,-0.7521477520958781,0,0,0,0.0035131038947395377,0.5451810525858104,723,0.1718,0.12553,0.70661174078278,-0.10691660023182518,0.9716283239152107,0.06203535100730149,0.26075150385250134,1.808043787788398,0.014532702057095823,0.003515447097506434,4.133955555014357,0.00737764177698495,0.3621382452367126,442,282,59,59,0,0.1745,716,0.5403132075832484,0.006154,0.006153636483199776,98.0,377.0,0.1572599,0.0720184,-0.0399615,0.0241202,0.0548448,0.5317926,-0.51018,0.430229,-0.5213598,0.4488359,-0.5548792,0.3349165,0.7615379,783.0,372.0,-0.1029392,0.0582658,-0.0105734,-0.0202221,0.0536113,0.7714044,0.2689939,0.2401855,-0.5242981,0.5114522,-0.1814676,-0.3470668,0.9201164,-0.02448210922787194,1.0,0.0004900668260352248,289.783599522493,0.0,256,2.4333884228786656e-11,6.104153710237909e-12,7.788946230043662e-12,1.064841730164447e-07,4.108251968429859e-05,-1.1245575128776281e-12,22.78344595160224,6.883865828182749,8.436154328350288,3.0706046849465483,1.2786870123154954,1.5991927253281464,0.017192058954350907,0.0,0.035210081126576746,0.3801514695921677,0.03189582307155008,0.7370058618602495,0.042952498205638096,621.4874529879812,289.7835943729369,0.6091700710271843,0.6091702876286214,0.609170287691728,0.7614628595357766,1.7367725226257775e-06,790,0.2775,0.2758,-0.14727,0.014839,2,0.0478,-0.8312,3.1e-05,12.036,6.018,2.0,0.36609,0.70244,1.73596,0.16908,0.9885,0.9816,0.993,0.5125,4.8035,1.9877,0.5963,4.9218,23.4285,4.8774,83,0.1922,0.113,44,0.1909,0.2213,1.0,0.0833674,0.1833478,-0.3748584,-0.0373659,0.0127382,-0.0992281,0.1067927,198.0,179.0,0.1236364,0.1043472,0.0846077,0.0348489,-0.085327,-0.0297167,0.0968413,197.0,175.0
101,1596,139528,1.4490267778162623e-12,0.0005230643948743592,4.152902851812932e-05,0.0005230643948743592,0.6308721437997945,7.232974210067494,5.8432674248390395,-12.231352364100688,12.278305508374498,-0.046508679990793285,12.278305508374498,0.012311037104860765,12.56037332877815,6.716335301895168,-2.2572755996035943,2.420632605636678,-0.008400350192721702,2.420632605636678,0.1469827425145197,2.1068379069803256,1.1513594947813537,0.17069510845379998,1.3672901898613103,0.7674656401351396,0.013944567166102952,1.4247364963583324,0.7658423827494558,0.00844669358783201,1.4142076227446247,0.9688392875363254,6.748431624053131e-05,-0.7533247809662622,0,0,0,0.003745151718307071,0.5449566453197294,723,0.175,0.1301,0.7116642047274122,-0.1089657304539192,0.9828328348551062,0.06917714469245564,0.25999531717783264,1.808744968881076,0.01548039886684182,0.0037471340466418636,4.131263700244502,0.007895634005060551,0.3616508774990004,440,284,63,63,0,0.1776,716,0.5400701643829626,-0.006629,-0.006629468701446095,98.0,377.0,0.1642099,0.0533154,-0.0376672,0.0090835,-0.0366224,0.1659052,0.3623386,-0.6151014,0.6803208,0.4483293,-0.7064977,0.1703734,-0.6869016,783.0,372.0,-0.1017088,0.0524512,-0.0008399,0.0505975,-0.0137956,-0.598648,0.6667664,-0.2970745,-0.3298331,0.5112229,-0.0160124,0.9646583,-0.263017,-0.02506265664160401,1.0,0.0005032884066501353,289.78361147893474,0.0,256,1.9466665909259534e-11,5.90056997512432e-12,7.797544129204391e-12,9.277380412353126e-08,4.2675558717128024e-05,1.362355200897523e-12,22.79700069438653,6.541261709915625,7.981206985177168,3.1394346090052028,1.0890479224811678,1.4063147315257916,0.21733038165688712,0.0,0.01838348968510529,0.8378223645230818,0.02238940508574884,2.552264038052827,0.060888215829720364,621.4874110420961,289.7835748146509,0.6091700625135369,0.6091702876317601,0.6091702876917274,0.7614628595397,1.8050174003440933e-06,790,0.2757,0.2739,-0.1514,0.006109,2,0.0484,-0.8384,-9.3e-05,12.035,6.0176,2.0,0.36575,0.70229,1.73475,0.16883,0.9885,0.9816,0.993,0.5125,4.8036,1.9877,0.5963,4.9219,23.4288,4.8773,83,0.1779,0.0254,44,0.2849,0.1323,-1.0,0.0753769,0.0892633,-0.0843439,-0.0416204,0.028501,0.0353032,0.0615701,198.0,179.0,0.1505567,0.0707534,0.3605952,0.0538751,0.0715082,0.0376355,0.0971204,197.0,175.0
102,1598,139531,0.0,0.0005194162133056855,4.082445230354128e-05,0.0005194162133056855,0.6252662712557834,7.226736871863289,5.844123736725626,-11.870002670901089,11.898058705098368,-0.044654305249280594,11.898058705098368,0.0011465408031244902,12.558431410663568,6.710998846253588,-2.265394567315205,2.4185134117587217,-0.008841208076465074,2.4185134117587217,0.1469827448329262,2.1068379107543884,1.1506373719271032,0.1816665444236926,1.339258260160404,0.7663663985577143,0.0,1.4247365105004481,0.7648838957690538,0.001609559299039609,1.4142044442373631,0.9488214611097567,3.1634113152354613e-06,-0.753324782494022,0,0,0,0.0036026923411970617,0.5442595634032158,725,0.1666,0.13336,0.712518763936492,-0.1076089994499547,0.9832680740278743,0.07015309559063443,0.257762799128746,1.8125854891687743,0.015154047501846235,0.0036043788473098964,4.204343700761743,0.007743051874887902,0.36860030794660864,439,287,53,53,0,0.1691,718,0.5393558977602136,0.002749,0.002749383954045781,98.0,377.0,0.1678436,0.0566367,-0.0372736,0.0060291,-0.0422143,0.1265577,0.3659079,-0.6254813,0.6773978,0.4501978,-0.658117,0.1064516,-0.7453523,783.0,372.0,-0.1046596,0.0521349,-0.0008537,0.0504128,-0.0132616,-0.5988004,0.6594768,-0.3050826,-0.336828,0.5076676,-0.0163749,0.9669679,-0.2543715,-0.02506265664160401,1.0,0.0005230643948743592,289.78357481468123,0.0,256,2.5154580990889355e-11,4.529151099652279e-12,5.978625361896492e-12,9.335577668365449e-08,4.2119105473249344e-05,1.1392576598280731e-12,22.79700068100339,6.089035400446456,7.514462550394508,3.1286182203644657,1.091851942284631,1.4094646627015361,0.2448226865666774,0.0,0.01837248692910873,0.0726104683692215,0.022484511566840715,0.011517381669555602,0.061083004608319474,621.4873614984814,289.7835517137392,0.6091700640840747,0.6091702876353631,0.609170287691728,0.7614628595442038,1.7924282114493075e-06,790,0.2745,0.2727,-0.15156,-0.012305,2,0.0459,-0.8412,-0.000197,12.034,6.0168,2.0,0.36556,0.70025,1.73568,0.17053,0.9885,0.9817,0.9931,0.5125,4.8148,2.0477,0.5645,4.6962,23.705,4.9234,83,0.1064,0.2181,44,0.2685,0.2998,0.0,0.0707003,0.0922524,-0.1322597,-0.0383041,0.0256114,0.0320074,0.0561037,198.0,179.0,0.1514069,0.0708869,0.3622233,0.0534224,0.0718723,0.0389437,0.0976535,197.0,175.0
103,1599,139532,0.0,0.0005327704956315467,4.209141986258961e-05,0.0005327704956315467,0.6228654267802749,7.224392999791853,5.844586931414563,-11.831848890558787,11.966348903065404,-0.041664895810395376,11.966348903065404,0.00046413386080080155,12.559140364394517,6.700492998209023,-2.3009690481149163,2.448956080681922,-0.009195702099358471,2.448956080681922,0.14907239071035008,2.1102716507530874,1.1530604347060973,0.2276274137390586,1.2946256373297398,0.7811391533881568,0.0,1.4388025552554107,0.7732720918944392,0.0021825914231641264,1.4141425529634515,0.9010264090421328,1.6110865815265572e-05,-0.7544129512688479,0,0,0,0.003868777619833249,0.5437062716004296,726,0.1664,0.13409,0.7181969229442156,-0.10842988134245869,0.9955815753141498,0.04426180678567656,0.2550608029888935,1.8110958880245003,0.01588267622253232,0.003869572783301557,4.10450380751879,0.008130923275730102,0.3616405755850283,439,288,54,54,0,0.1702,718,0.5381355082778952,-0.003809,-0.0038088292274942592,98.0,377.0,0.1699561,0.0513311,-0.041895,-0.0292847,-0.0047014,-0.6745648,0.5890192,0.1129651,0.4304156,0.4524779,-0.8161711,-0.570505,-0.0915897,783.0,372.0,-0.1074508,0.0751443,-0.0171858,0.0587086,-0.0436419,0.5886319,-0.0197381,-0.4440324,0.6752467,0.505867,-0.2287044,0.781278,-0.5807745,-0.025031289111389236,1.0,0.0005194162133056855,289.7835667576406,0.0,256,2.4027206252825175e-11,6.791023582504304e-12,8.826342168789508e-12,9.888653342670896e-08,4.365025276711647e-05,-7.407280598007014e-13,25.172962536846466,7.7472262772706735,9.69431937494625,3.116753322326563,1.1179106155675251,1.4158235989323327,-0.004325006301510628,0.0,0.020393589230266983,1.2550071985233853,0.021601914708472558,1.5249199930058077,0.05211801898530826,621.4874183834658,289.78357823774246,0.6091700583350952,0.6091702876312166,0.609170287691728,0.7614628595390207,1.8385116881759752e-06,790,0.2739,0.2718,-0.15189,0.000595,2,0.0458,-0.8322,-0.0,12.034,6.0168,2.0,0.36601,0.70032,1.73561,0.16981,0.9885,0.9818,0.9932,0.5128,4.8205,2.0501,0.5652,4.7017,23.7514,4.9272,83,0.0681,0.8709,44,0.2174,0.5308,0.0,0.1096543,0.0812772,0.1486243,-0.0844143,0.0217564,-0.0164598,0.0887133,198.0,179.0,0.1234934,0.091541,0.1485922,0.0225922,-0.032449,-0.0632717,0.07461,197.0,175.0
104,1603,139537,0.0,0.0005462077848802958,4.27168986167115e-05,0.0005462077848802958,0.6303845373981306,7.2330606418403205,5.844326423153099,-12.51000507182638,12.108535225845854,-0.03812663667438765,12.51000507182638,0.002332088764150415,12.566287187921269,6.680634983442541,-2.3242809780038853,2.4458259352513556,-0.009554090438849954,2.4458259352513556,0.15099054492017908,2.1135554111519426,1.1540768043023368,0.16911430777541292,1.319168963046451,0.7784600411697253,0.0,1.45292185382319,0.7810620691816357,0.001294230257638751,1.4141377565430764,0.8980859860256117,4.8959444146439055e-06,-0.755433235936626,0,0,0,0.003889245895907575,0.5432668883222731,727,0.1665,0.13446,0.7237808612785992,-0.10971365300028564,1.0047014475130323,0.06513620036754747,0.2534277998049214,1.8273300149709393,0.016303385612658237,0.003889416649759507,4.191730298081158,0.008373699102641819,0.36797802478243474,440,288,50,50,0,0.1703,719,0.5376897612030267,-0.00595,-0.005950315623851399,98.0,377.0,0.1608422,0.0704525,0.036473,-0.0384093,-0.0464542,0.8585836,0.0016073,0.1709504,-0.4833296,0.4498129,0.5176972,-0.5451804,-0.6593693,783.0,372.0,-0.1092169,0.0686038,-0.0330401,0.0600984,-0.0017362,-0.4302417,0.6980374,0.1466683,-0.553285,0.5034786,-0.4816081,0.8760212,-0.0253076,-0.02564102564102564,1.0,0.0005327704956315467,289.78359998674534,0.0,256,1.6719711258586766e-11,3.155957468620902e-12,4.085763731782329e-12,1.503556316014112e-07,4.4633213193459276e-05,-9.566320421918191e-14,24.98083540174967,7.629155243784942,9.573026634330255,3.1193779085826754,0.9811807089405233,1.2961303408160842,0.011063651002687622,0.0,0.03547876781281291,0.383284277995186,0.026359643059478244,0.7950627726564782,0.027435372218220008,621.4874478259223,289.7835919660018,0.609170052550352,0.6091702876290124,0.609170287691728,0.7614628595362655,1.8848816842065316e-06,793,0.2654,0.2637,-0.15582,0.000927,2,0.0444,-0.8167,7.7e-05,12.031,6.0154,2.0,0.3654,0.70066,1.73519,0.17028,0.9886,0.9817,0.993,0.5128,4.811,2.0461,0.5641,4.8584,23.6312,4.9119,83,0.1106,0.6686,44,0.0857,0.9761,2.0,0.0441314,0.1631694,-0.5742283,-0.0538778,-0.0094218,0.0522619,0.0756498,198.0,179.0,0.1196364,0.0759951,0.223079,0.0238182,0.0291699,-0.0557382,0.0672677,197.0,175.0
105,1603,139537,1.2082891952942256e-11,0.0005574653502569579,4.33018735564258e-05,0.0005574653502569579,0.6315384526436039,7.234548237709771,5.844435770234613,-12.462861533870505,12.901209171643854,-0.03667856529717682,12.901209171643854,0.0022361271487002995,12.56163155409048,6.692389581997588,-2.3545385295454766,2.4879377983061204,-0.009828396349637192,2.4879377983061204,0.15216129351879115,2.116611557683621,1.1558442218125453,0.22895268371320057,1.2612481039475334,0.7714720160952351,0.014141869836107235,1.4670583211290256,0.7901465279276252,0.0020778731830241037,1.4141397337325587,0.9043927122432492,2.4031624870544913e-05,-0.7563890653762895,0,0,0,0.00394094638143539,0.5430180927935401,727,0.1623,0.13634,0.729980755290037,-0.10967909171398509,1.0114044900963044,0.04830651203327456,0.24533457628835517,1.8177294426510482,0.016727306187582603,0.0039411601710461095,4.244259421494824,0.008619482883835301,0.3699401329172822,441,287,53,53,0,0.1661,719,0.5374172465523573,0.001206,0.001205594054705994,98.0,377.0,0.1593929,0.0828946,0.0226331,0.0256253,0.0755155,0.4490252,-0.1849384,0.5137525,-0.7072711,0.4486013,0.2730345,0.3091311,0.910983,783.0,372.0,-0.1105299,0.0584761,-0.0370005,0.0072958,0.0446899,-0.077572,0.0635681,-0.8485193,0.5195735,0.5036303,-0.6327466,0.1247653,0.7642417,-0.025577043044291953,1.0,0.0005462077848802958,289.78360567742726,0.0,256,2.4140411187765173e-11,4.807466770994723e-12,6.345520348573543e-12,9.851130961639052e-08,4.548054636614009e-05,-9.529168821071243e-13,24.77053369736934,7.121404172464084,8.908650389733177,3.1341408397774444,1.2204458288039748,1.5125195631984218,0.06432580747497307,0.0,0.030527282317697187,1.6636409595491297,0.014232736091891088,2.046252053277723,0.06085733359271587,621.4874814411589,289.7836076399209,0.6091700477040298,0.6091702876264473,0.6091702876917228,0.7614628595330591,1.92372976096582e-06,793,0.2714,0.2713,-0.15884,-0.011852,2,0.0442,-0.8257,-0.00016,12.031,6.0153,2.0,0.36479,0.69985,1.72981,0.16954,0.9886,0.9817,0.993,0.5128,4.811,2.0461,0.5641,4.8584,23.6312,4.9119,83,0.1443,0.6397,44,0.161,0.3881,1.0,0.1427508,0.0851058,0.2529882,0.07558,-0.0189987,0.0575331,0.0968676,198.0,179.0,0.1274438,0.0856567,0.196091,-0.0380065,0.0747229,-0.0224012,0.0867745,197.0,175.0
106,1605,139540,0.0,0.0005796560516235534,4.502740033470463e-05,0.0005796560516235534,0.6401318128713812,7.244084621853197,5.845056922557926,-12.40000990664402,12.235388438057974,-0.034695009797737895,12.40000990664402,0.002210296008569582,12.562623964277032,6.6975003395290615,-2.3649779929110424,2.5204798978612755,-0.009719998696753964,2.5204798978612755,0.15433863286394287,2.11943721778822,1.157961875292567,0.1981101040412221,1.3571152983703136,0.7837090932586123,0.0,1.4811998506764736,0.7980685925250705,0.0026063458706255815,1.4141981817141125,0.9276547070527532,4.049451325094097e-05,-0.7572562921730346,0,0,0,0.004218152114374193,0.542758240920302,727,0.1652,0.14167,0.7385163756340932,-0.10971520759239511,1.0239220592571352,0.0684094989133076,0.25022575757767407,1.8309547393211574,0.017750218335829834,0.004218262545223318,4.207945367442775,0.00916375370770768,0.3672108023916874,438,290,55,55,0,0.169,719,0.5371286797837355,-0.005839,-0.005839421569891146,98.0,377.0,0.1584915,0.0972412,-0.085273,0.0222916,0.0410785,0.58888,0.5994454,-0.5144167,0.1710588,0.4484232,-0.876923,0.2292407,0.422439,783.0,372.0,-0.1071679,0.1187977,-0.0395684,-0.1064446,0.0348823,0.4666962,-0.5913922,-0.6569059,0.0304071,0.5046626,-0.3330736,-0.8960161,0.2936274,-0.025577043044291953,1.0,0.0005574653502569579,289.78362093107023,0.0,256,3.549178928742458e-11,7.804634712431239e-12,1.027950166204898e-11,1.1327382994885152e-07,4.7546925182857925e-05,-1.0010803922122531e-12,24.7652135949511,7.181039368106812,9.070338596709588,3.1403488078333357,1.316081951535574,1.6286389212267844,0.04305754064099285,0.0,0.008828696806732369,0.17262251185804667,0.017016550651549608,2.3058371026072813,0.056478978448579284,621.4875908453738,289.78365865228886,0.6091700381510485,0.6091702876177437,0.609170287691728,0.7614628595221796,2.000306208843481e-06,795,0.2712,0.271,-0.15767,-0.008525,2,0.045,-0.8257,-7e-05,12.031,6.0157,2.0,0.36447,0.70163,1.7311,0.16922,0.9886,0.9816,0.9929,0.5128,4.7977,2.0404,0.5625,5.1522,23.3635,4.8697,83,0.1059,0.5665,44,0.1997,0.1378,1.0,0.1527401,0.0314998,0.6580565,-0.0705328,0.0331169,0.0218905,0.080937,198.0,179.0,0.1588103,0.1125959,0.1702776,0.0497715,-0.0196961,0.0290637,0.0609084,197.0,175.0
107,1606,139541,0.0,0.0005962814414930261,4.6685631004898965e-05,0.0005962814414930261,0.6443795653650534,7.249136277537839,5.845034802002373,-12.346359521460268,12.278275421043077,-0.037016285723014616,12.346359521460268,0.010178426070053365,12.564667074063832,6.691280873136393,-2.4002405255364456,2.5457743343009227,-0.010260499947826147,2.5457743343009227,0.15645129271011016,2.121991703894954,1.1603426058791446,0.21367255742180025,1.3077807627020994,0.7870689228971413,0.0,1.4949799042768637,0.8065108663230678,0.0003400277640387417,1.4141413780494245,0.8884082429875513,0.0001035891243459146,-0.7580503802963946,0,0,0,0.004442495112537234,0.542579007930511,727,0.1709,0.14299,0.744150516687179,-0.11258946754253574,1.0354698354213592,0.03814089971081724,0.2539319083317129,1.8284254095542767,0.01878554815672882,0.00444256978752261,4.228531920756734,0.009729315091492507,0.37289600584458665,443,285,58,58,0,0.1748,719,0.5369281620412597,-0.009707,-0.009707392280376315,98.0,377.0,0.1554137,0.0509672,0.0038083,0.0245213,-0.0445181,0.0740234,0.1036113,0.3694842,-0.9204709,0.4462585,0.0747207,0.4811185,-0.8734654,783.0,372.0,-0.1053782,0.0590022,0.050116,0.0310487,0.0023734,-0.130651,0.0620992,-0.3556841,0.9233433,0.5053331,0.8493911,0.5262287,0.0402252,-0.02554517133956386,1.0,0.0005796560516235534,289.7836721890344,0.0,256,4.512564321212698e-11,8.111771146320973e-12,1.2368364169836118e-11,1.1442806409627998e-07,4.9410906020892645e-05,9.571289685401904e-13,37.29875784775342,9.63709560484337,12.380967451433696,3.1078819791029266,1.281453907588789,1.634969017260125,-0.012973797854679128,0.0,0.022227371572259753,0.5725981550387481,0.009148898969737184,0.2495214290398875,0.0395121400919941,621.4876339945931,289.78367877165863,0.6091700309938735,0.6091702876141613,0.609170287691728,0.7614628595177015,2.057677796142822e-06,796,0.2764,0.2764,-0.1576,0.008489,2,0.0474,-0.8134,7.7e-05,12.034,6.0168,2.0,0.36396,0.70106,1.73095,0.16974,0.9886,0.9816,0.9929,0.5131,4.7937,2.0387,0.562,5.2423,23.2888,4.8582,83,0.0315,-0.1945,44,0.1432,0.0284,0.0,0.026903,0.0869192,-0.5272799,-0.0110618,-0.0139865,0.0161875,0.0240836,198.0,179.0,0.0580247,0.0695242,-0.0901577,-0.0158294,0.001512,-0.0237953,0.0286195,197.0,175.0
108,1609,139545,0.0,0.0006253629582925331,4.806892077490239e-05,0.0006253629582925331,0.6343173596767524,7.237948473013544,5.847261656012278,-12.294681617819199,11.9387021231578,-0.04195657611700915,12.294681617819199,0.0017008494469885457,12.564663290578839,6.656977105777711,-2.4250208720135777,2.5825219176218095,-0.010382904051952099,2.5825219176218095,0.15706231758107086,2.1233493880419485,1.160654523993452,0.1923210479244606,1.3596777407180407,0.7784077157745172,0.0,1.5091135292049345,0.8138199594145378,0.0036157974499237966,1.4141403269448396,0.8880424546996664,4.977009248332849e-05,-0.7587577463418697,0,0,0,0.004376785975875329,0.5429355800695241,730,0.1684,0.14405,0.7471008667504364,-0.11442733212366177,1.0412833906557315,0.023666977222862245,0.25298126978116753,1.8270442672005942,0.018839894552622402,0.004377148539711407,4.30414786742982,0.009784831725289028,0.37095504610709706,443,289,59,60,-1,0.1735,721,0.5366517668896864,1e-06,7.434855893162506e-07,98.0,377.0,0.1520155,0.0374229,-0.0088265,-0.0087921,0.0352883,-0.8891026,-0.00456,-0.4576668,-0.0041079,0.4448039,-0.235857,-0.2349395,0.9429607,783.0,372.0,-0.1049784,0.1206062,-0.0359559,0.0980549,-0.0603181,0.7088268,0.0955577,-0.69595,0.0639291,0.5063888,-0.2981268,0.8130167,-0.5001243,-0.026151930261519303,1.0,0.0005962814414930261,289.7836980657801,0.0,256,3.8629861075840317e-11,6.4141021895476084e-12,9.051957305611694e-12,1.2141957418649667e-07,5.1099962656395e-05,-1.9070589096604888e-13,36.590446099874555,10.04426693913577,12.859395654934481,3.1351598656428004,1.1998823028922811,1.5677449834330102,-0.06333858393521434,0.0,0.016355123561613855,2.2255149903151805,0.02307854429498392,2.0328461286734916,0.050156833788428015,621.4876517922734,289.78368707025857,0.6091700184743307,0.6091702876126589,0.609170287691728,0.7614628595158236,2.1580336857985823e-06,796,0.2781,0.2772,-0.15723,-0.004815,2,0.0471,-0.7992,3.2e-05,12.033,6.0165,2.0,0.36385,0.70155,1.72968,0.17112,0.9886,0.9818,0.9931,0.5134,4.976,2.0457,0.5308,4.8576,23.7375,4.7704,83,0.0748,-0.8369,44,0.0281,-0.3481,0.0,0.0374088,0.1318329,-0.5579249,0.0115068,-0.0085734,-0.074639,0.0760059,198.0,179.0,0.2050425,0.0706315,0.4875725,-0.0558175,0.0469073,-0.0048144,0.073069,197.0,175.0
109,1612,139549,0.0,0.0006526343800341271,4.9655711624137755e-05,0.0006526343800341271,0.6389719544605997,7.243267254365464,5.848023267167181,-12.245495429453284,12.47162741690704,-0.04502438626542666,12.47162741690704,0.003951840567322576,12.563714404998931,6.658976772651881,-2.4631042786075765,2.6286278054629952,-0.010762253246280941,2.6286278054629952,0.15809903850332271,2.125541123611945,1.1604990462184934,0.2263586635272754,1.3518540060645912,0.7695579310130918,0.0,1.5232488425378765,0.8211362887324598,0.0005292492545743155,1.4141364405364139,0.8895783257761857,6.547643614536706e-06,-0.7594074625268887,0,0,0,0.00444808416694438,0.5421064810748862,731,0.1667,0.14624,0.7513972161478719,-0.11347096415210002,1.0472942389516242,0.039550352955239294,0.24957908802090686,1.8206502995165983,0.019109618799953525,0.004448334914270906,4.295903786076693,0.00993688005668314,0.3733089454245603,443,290,61,62,-1,0.1719,722,0.5357894615614369,-0.003238,-0.003238065355898323,98.0,377.0,0.1531841,0.0826537,0.036052,-0.0731871,0.0132488,-0.8218323,0.1317287,-0.462141,0.3060473,0.4475783,0.436181,-0.8854673,0.1602927,783.0,372.0,-0.1068326,0.0465979,-0.0060743,0.0406379,0.0219779,0.969286,-0.1890795,0.0199254,-0.1560019,0.5052739,-0.1303555,0.8720977,0.4716493,-0.026724673710379118,1.0,0.0006253629582925331,289.78370059344604,0.0,256,2.5617741044651865e-11,7.62810858797264e-12,9.543097374808074e-12,1.6948899406835764e-07,5.307671771447066e-05,-1.8269828584975185e-13,36.98793366327059,10.023918592502302,12.9687980046288,3.0994726517670843,1.062234745557996,1.3454092145825285,-0.22323783245275727,0.0,0.014899213941463785,1.5261989260616118,0.04279297331042142,2.972141479229092,0.04489493880469103,621.4876638296706,289.7836926829869,0.6091700067339938,0.6091702876116329,0.609170287691728,0.7614628595145412,2.25214322445703e-06,798,0.2743,0.2733,-0.16083,0.008206,2,0.046,-0.7727,-6.1e-05,12.031,6.0153,2.0,0.36373,0.70403,1.72929,0.17028,0.9885,0.9818,0.9932,0.5136,4.9686,2.0426,0.53,4.9449,23.6837,4.7667,83,0.1191,-0.6437,44,0.1356,0.0307,1.0,0.0914728,0.115438,-0.1158243,-0.0218098,-0.0062019,0.0547336,0.0592444,198.0,179.0,0.0484509,0.0797617,-0.2442102,0.0443006,-0.0214059,-0.0155293,0.0515938,197.0,175.0
110,1613,139550,0.0,0.0006820273236738451,5.150395956521227e-05,0.0006820273236738451,0.6432820838068067,7.248197410086298,5.848088292301773,-12.197184167918975,12.225084931120051,-0.04565054171040848,12.225084931120051,0.0015239377880994446,12.562054504484031,6.681614027374345,-2.533500492916886,2.6617066538460747,-0.01104992945270628,2.6617066538460747,0.15896479467863225,2.1274981181246657,1.1613894509772238,0.23189360469021575,1.3096989979354163,0.7773329819287383,0.0,1.5373892591086429,0.8293257962771815,0.0010705527113131774,1.4141456981506797,0.8967409869224233,6.972780015951234e-05,-0.759949465032567,0,0,0,0.004587542059278931,0.5418909423658662,731,0.1629,0.1476,0.7582787187488342,-0.11391757872526774,1.0538771385380983,0.02681140636534565,0.2554164602943225,1.8092360237713851,0.01945441618511111,0.004587555674477558,4.240693206917129,0.010123526694895543,0.37220220156749484,446,287,58,59,-1,0.168,720,0.5342492042452863,-0.001459,-0.0014594046140781192,98.0,377.0,0.1550244,0.0398372,0.0138069,0.0001283,0.0373679,-0.2398073,-0.7670552,-0.2625416,0.5340325,0.4516087,0.3465819,0.0032218,0.9380142,783.0,372.0,-0.1046035,0.0749803,-0.0059746,-0.0629391,0.0403116,0.4502384,-0.1335319,0.2054151,-0.858638,0.5047151,-0.0796829,-0.8394078,0.5376292,-0.02729528535980149,1.0,0.0006526343800341271,289.78370931140006,0.0,256,3.010066478681074e-11,7.140841121010617e-12,9.626283663264769e-12,2.491516479930119e-07,5.520894496882277e-05,1.1055739625808676e-12,48.06133319476491,13.318635108397988,17.60719401315116,3.1393946921333407,1.3444463404342082,1.6160509479500365,-0.027763891156019835,0.0,0.007965254116851412,2.0059651608587528,0.03675516809416483,1.166598571708957,0.03274120824234266,621.4876498839202,289.7836861804426,0.6091699940804695,0.6091702876128208,0.609170287691728,0.7614628595160259,2.3535739111592364e-06,799,0.2734,0.2723,-0.16187,0.022181,2,0.0449,-0.7802,-7e-06,12.029,6.0144,2.0,0.36341,0.70446,1.72685,0.16958,0.9886,0.9817,0.9931,0.5133,4.9617,2.0398,0.5292,5.1271,23.522,4.7407,83,0.1359,-0.3145,44,0.2678,0.0468,1.0,0.1464881,0.1191696,0.1028332,-0.0210623,0.0087138,0.1314423,0.133404,198.0,179.0,0.0405693,0.1529404,-0.5807,-0.0243666,0.0826836,-0.0433304,0.0964771,197.0,175.0
111,1616,139554,0.0,0.0007103941850558703,5.36027211283333e-05,0.0007103941850558703,0.6337893575990979,7.2377073886145675,5.849443811274795,-12.161659588609073,11.83455207729564,-0.045515087772239726,12.161659588609073,0.0034008620876289086,12.563712910097944,6.651705474877004,-2.576276589837473,2.6915217124950988,-0.011360617825721248,2.6915217124950988,0.16111691312645537,2.129218570449659,1.1626562943628778,0.2129329067871637,1.3614608903727006,0.7844169352813845,0.0,1.5515296587780865,0.8367369703454826,0.0030927860901480697,1.4142073551025933,0.9535634537809486,8.259481155466384e-07,-0.7604250837989064,0,0,0,0.005034327884807054,0.5408061012118514,734,0.1599,0.14555,0.7675911304900999,-0.11701871412463674,1.06538052856507,0.0220603448575903,0.2593596153292745,1.8188518226083605,0.020747982066254545,0.005034322194622545,4.121305960197916,0.01081977396811119,0.3705290887692045,441,295,58,58,0,0.1637,722,0.5324983813389856,-0.009101,-0.009101197072629352,98.0,377.0,0.1569521,0.0216895,-0.0069031,0.0056192,-0.0197789,0.2287778,-0.2122571,0.3562642,-0.8807289,0.4566646,-0.3182703,0.2590752,-0.9119123,783.0,372.0,-0.1018895,0.0591138,-0.0035056,0.0487191,0.0332957,0.9400851,0.335351,-0.0579982,-0.0203943,0.5054947,-0.0593026,0.8241571,0.563248,-0.026658400495970243,1.0,0.0006820277343960109,289.7837079855357,0.0,256,1.607565650474004e-10,1.0482291506986032e-11,1.7204772152023684e-11,2.0809566191818454e-07,5.760311995519174e-05,-1.2259245265674163e-12,25.83265421322077,6.427657781074002,8.223435035241735,3.111286093268471,1.2735303217155827,1.5526762052756937,-0.006001214481922892,0.0,0.03007675469275022,1.4307329722386013,0.019153499507208443,1.0140768634288595,0.04527774593726771,621.4877402032878,289.78372829403776,0.6091699818686045,0.6091702876049825,0.609170287691728,0.761462859506228,2.451463335218903e-06,799,0.2731,0.2721,-0.1604,0.018492,2,0.044,-0.7773,-6.8e-05,12.028,6.0139,2.0,0.36339,0.70428,1.72843,0.16958,0.9887,0.9818,0.993,0.513,4.9773,2.0462,0.5309,4.8588,23.8727,4.7963,83,0.1192,0.3098,45,0.283,0.0741,1.0,0.0899706,0.0804626,0.0557872,-0.0536056,0.0467259,-0.0468076,0.0851341,198.0,179.0,0.1476778,0.0390515,0.5817315,-0.0207821,0.0320953,0.0690279,0.0789105,197.0,175.0
112,1618,139557,0.0,0.000737568198257544,5.5746665744764e-05,0.000737568198257544,0.6275803834987722,7.230919785448364,5.850618319118846,-12.1284235163774,12.147239965920978,-0.04193560794382429,12.147239965920978,4.005521269077883e-06,12.563563495324537,6.6588762695803165,-2.6094088321205215,2.7246617989204247,-0.011693951379177895,2.7246617989204247,0.1638812824308695,2.130621726873719,1.1646026402283403,0.2139855845769032,1.2831013452798046,0.7818521495383428,0.0,1.5642704472675408,0.844690210207331,0.0005867301023330107,1.4141417134154752,0.8993133538684802,7.354769513205976e-06,-0.7608379238723549,0,0,0,0.005326250536536691,0.5410903238982838,736,0.1587,0.1472,0.7759146416682428,-0.11810947156754639,1.078904745981415,0.06803809164102292,0.26308701742406854,1.8317607625900443,0.021890483319479223,0.005326212453274318,4.109953087962523,0.011439224750124292,0.36901740230315655,445,293,63,63,0,0.1618,723,0.5321347636798915,-0.002052,-0.0020520390725882187,98.0,377.0,0.157523,0.0376923,-0.0123255,-0.0353384,0.0044712,-0.9876855,0.0088032,-0.0164874,-0.1553318,0.4581295,-0.3270024,-0.9375489,0.1186232,783.0,372.0,-0.1012987,0.0564363,-0.0074895,0.0520747,0.0204252,-0.6392713,-0.5158828,0.5522039,0.1423656,0.5051307,-0.1327074,0.9227167,0.3619153,-0.02599009900990099,1.0,0.0007103941850558703,289.7837469957881,0.0,256,6.342078478283784e-11,1.1678362529152343e-11,1.5846294319916947e-11,2.129785136025744e-07,6.0092411431006824e-05,6.840263671563417e-13,23.700921076122683,6.931747291410129,8.578704762233224,3.0668361046636567,1.0752628558719588,1.3695037847418263,-0.0353411374709306,0.0,0.029015060501551202,2.0318512607871844,0.0223376652032475,0.8453259259859724,0.021377774001181193,621.4877113002722,289.7837148173059,0.6091699701702313,0.6091702876075309,0.609170287691728,0.7614628595094136,2.545236880279983e-06,799,0.2714,0.2703,-0.15974,0.011137,2,0.0433,-0.8064,2.7e-05,12.027,6.0137,2.0,0.36216,0.70243,1.73039,0.17073,0.9887,0.9819,0.9931,0.513,4.982,2.0481,0.5314,4.6736,24.0795,4.8333,83,0.1077,0.9978,45,0.0762,0.0642,3.0,0.083392,0.1172145,-0.168601,0.0122541,0.0100158,0.0886763,0.0900775,198.0,179.0,0.0289698,0.1128263,-0.591388,-0.0101396,-0.0570587,-0.0389239,0.069811,197.0,175.0
113,1618,139557,9.78775837588092e-12,0.000761513073167686,5.730940414169197e-05,0.000761513073167686,0.6286411230428073,7.232062053471113,5.850735082373559,-12.07551230778449,12.410643146680453,-0.04374905153458276,12.410643146680453,0.0009460026425969978,12.566232065742957,6.672506322278448,-2.6326722624787706,2.7546618116204904,-0.011755527076790093,2.7546618116204904,0.16413264832413307,2.13193663352595,1.166133500177288,0.22153597873046105,1.27538942218647,0.7828764917076303,0.014141908880082226,1.5783700466440258,0.8543322694155624,0.0013082590519598591,1.4141463117321147,0.9021294815236689,1.5519462441515445e-05,-0.7611586407648364,0,0,0,0.005530011675259295,0.541079015162276,736,0.1529,0.15535,0.7833977056606897,-0.114020906824397,1.0870269885783381,0.06887771032130215,0.26636829738515533,1.8191242224613937,0.02250407917643374,0.005530025440614952,4.069435017631896,0.011802048261344598,0.36897757931196135,445,293,68,69,-1,0.1556,722,0.531433779510195,-0.00085,-0.0008496837939231394,98.0,377.0,0.1633098,0.0431293,-0.0192583,0.037349,-0.0097113,-0.5087091,0.0158522,0.4203641,-0.7511709,0.458778,-0.4465247,0.8659764,-0.2251678,783.0,372.0,-0.1018578,0.042014,-0.0247758,-0.0339308,0.0002092,0.1986004,-0.1459285,-0.3347766,0.9094984,0.5048929,-0.5897025,-0.8076052,0.0049797,-0.02595797280593325,1.0,0.000737568198257544,289.78373719659356,0.0,256,6.987842800900696e-11,2.1022806864958914e-11,2.7509576729743332e-11,2.331709392793049e-07,6.174644297190239e-05,-1.5041572636317212e-12,23.022594196287763,6.894506326536618,8.696135447140461,3.0891096210931845,1.167795456048286,1.4986632388012582,0.0017945022273789593,0.0,0.040854578124680636,1.3009267874169304,0.017831594836580034,2.063817482946785,0.04890419760005559,621.4877565072373,289.7837358961496,0.6091699598620776,0.6091702876035281,0.6091702876917239,0.7614628595044101,2.6278668497827323e-06,799,0.2694,0.2663,-0.16494,0.002105,2,0.0415,-0.7881,-9.1e-05,12.029,6.0146,2.0,0.36193,0.70334,1.72689,0.17063,0.9887,0.9818,0.993,0.513,4.9808,2.0476,0.5313,4.6961,24.0552,4.8296,83,0.1852,0.7726,45,0.1563,0.0847,3.0,0.0347774,0.1167295,-0.5409131,0.0517069,-0.0296623,-0.0131964,0.0610541,198.0,179.0,0.0690665,0.0451184,0.2097312,-0.0341071,0.014785,0.003554,0.0373433,197.0,175.0
114,1618,139557,1.1883388520377824e-11,0.0007883145054441075,5.938771552718884e-05,0.0007883145054441075,0.629679939498623,7.233160613598205,5.8508531930002405,-12.376698498713129,11.944481925200527,-0.04694341647564215,12.376698498713129,0.0006907708351096961,12.557420089489327,6.658971437572804,-2.662174490659468,2.7920783081725387,-0.012025028133583655,2.7920783081725387,0.1667030988149923,2.1330676547740905,1.1687509357264265,0.23783123653736837,1.359050188982852,0.7901751979762983,0.01414192302219785,1.592496671509005,0.8632577552723936,5.440062677997126e-06,1.4142007491657256,0.9585759564562802,2.9796559667539896e-05,-0.7613934604650602,0,0,0,0.005829101749182033,0.5407503842731596,736,0.158,0.15734,0.7906725452435354,-0.11615338852657132,1.0996548191866677,0.02843376375999553,0.27088987309611756,1.8316641931575661,0.023748468559645762,0.005829199066639276,4.074053448536204,0.01249923833678195,0.36960248995021416,442,296,66,67,-1,0.1607,722,0.5310868900815244,-0.001819,-0.0018189575742433295,98.0,377.0,0.1637624,0.022714,-0.0214628,-0.0005921,-0.0074109,0.9562819,0.1293859,-0.0826416,0.2489067,0.4580726,-0.9449174,-0.0260676,-0.3262691,783.0,372.0,-0.1026924,0.0642002,-0.0565885,-0.0280154,0.0115991,-0.3552786,0.7346092,-0.1905062,-0.5457416,0.5042128,-0.8814383,-0.4363765,0.1806711,-0.02595797280593325,1.0,0.000761513073167686,289.7837469666213,0.0,256,6.768567380243224e-11,1.3651570020821963e-11,1.7966244901714003e-11,1.5376567659251894e-07,6.416008353331864e-05,2.8364861637949553e-12,23.023411267953506,7.047667638508773,8.8496099727439,3.135548687054713,1.3741544654462596,1.689007812289201,-0.09966096703835536,0.0,0.030187199153536844,1.0599807723721781,0.011434259168858357,2.2187343155502135,0.06208478072771668,621.4877655430186,289.7837401093017,0.6091699483241352,0.6091702876027167,0.609170287691723,0.7614628595033959,2.720354513841143e-06,799,0.2682,0.2651,-0.16701,0.004293,2,0.0428,-0.7739,0.000162,12.029,6.0145,2.0,0.3614,0.70293,1.72667,0.17042,0.9887,0.9818,0.993,0.513,4.9792,2.047,0.5311,4.6947,24.0477,4.8296,83,0.1514,0.4645,45,0.262,-0.0307,2.0,0.0943457,0.0919914,0.0126346,-0.0574251,0.0559441,-0.0452009,0.0920353,198.0,179.0,0.0805552,0.0932056,-0.0728033,0.042435,-0.0428682,-0.0115713,0.0614191,197.0,175.0
115,1620,139560,0.0,0.0008092104202065168,6.081292776563274e-05,0.0008092104202065168,0.6374602424408693,7.241558436539515,5.850970129460445,-11.981203405035574,12.15487353323076,-0.048900446998356134,12.15487353323076,0.0020297208911059157,12.562613889495683,6.6893856481516485,-2.6952918762909497,2.827526753545887,-0.012232654466338233,2.827526753545887,0.16834136628494764,2.1340000173204983,1.1708233907044867,0.23589550297350764,1.2645651771559152,0.784329099213953,0.0,1.6066387211568898,0.8718373964838029,0.0012119657568475661,1.4142054979911938,0.9430550621731049,4.019404745213317e-06,-0.7615559972772751,0,0,0,0.0059471303126204245,0.54028588066118,736,0.1592,0.15661,0.7972542095283354,-0.11869964393860738,1.108020095864551,0.031249486472002805,0.274634061730689,1.826934542721064,0.024557965770594003,0.005947294265556549,4.129266969825288,0.012958448965643035,0.37088373894771837,443,295,64,65,-1,0.1625,723,0.5312644339420465,0.009595,0.009594933820108231,98.0,377.0,0.162727,0.0683052,0.007773,-0.029668,0.0610327,-0.6590341,-0.1535722,0.4949724,-0.5450614,0.4567047,0.1137974,-0.4343445,0.8935295,783.0,372.0,-0.1054753,0.054744,0.0200774,0.0411618,-0.0299918,-0.535484,0.7427354,-0.080788,-0.3937948,0.5030122,0.3667512,0.7518962,-0.5478555,-0.02595797280593325,1.0,0.0007883145054441075,289.78376578153086,0.0,256,4.04995046544378e-11,1.0358138998522623e-11,1.3606833299475918e-11,1.6536920763258185e-07,6.586266044146865e-05,-2.591119737851976e-12,32.61026284613679,9.786018027961465,12.4126030827033,3.1380935601363804,1.3039180574872293,1.6638003597792597,-0.01754900602436947,0.0,0.017497918496010584,2.028057466952277,0.031023970643165498,1.9606249085666065,0.04260921222893197,621.4877845096674,289.7837489529616,0.6091699393284911,0.6091702876010017,0.609170287691728,0.761462859501252,2.7924630802463314e-06,801,0.2645,0.2615,-0.1696,-0.010242,2,0.0425,-0.7633,0.000278,12.028,6.014,2.0,0.36101,0.70157,1.72404,0.16971,0.9887,0.9818,0.993,0.513,4.9711,2.0437,0.5303,4.8528,23.9167,4.8111,83,0.0781,-0.1308,45,0.1978,0.0594,0.0,0.094029,0.0653552,0.1799034,-0.0265009,0.0097925,0.0448318,0.0529913,198.0,179.0,0.1157762,0.0273734,0.6175558,-0.0069795,0.0491229,-0.0190262,0.0531391,197.0,175.0
116,1620,139560,1.7730324683023068e-11,0.0008290301120191624,6.262654082615757e-05,0.0008290301120191624,0.6384475258588869,7.242460404270338,5.85108996354816,-12.152841494699704,12.213188449769344,-0.047998041190144766,12.213188449769344,0.001129618432063495,12.56585065176154,6.7173831227548755,-2.7279675456912984,2.856771629433911,-0.012460079118332489,2.856771629433911,0.1706934138803705,2.134750836339651,1.1733806850349826,0.22876629036055507,1.373846184468023,0.787503691700273,0.014141653990011707,1.6207650750280316,0.8809570314392274,0.0007806752221581892,1.4141413420697735,0.8925260081888147,7.111712497861845e-05,-0.7616380044161479,0,0,0,0.006291309984835979,0.5400799235395234,736,0.1593,0.16153,0.8063757002115222,-0.11810922836673,1.122052586742107,0.04972979089419302,0.27700213696781695,1.830415133726925,0.025817193658752038,0.0062916199966112606,4.103425456823119,0.013648615169935659,0.36999660806521306,443,295,65,66,-1,0.1619,722,0.530385127771464,-0.000528,-0.0005278404749935461,98.0,377.0,0.163967,0.0652887,-0.0287416,-0.0246356,0.0531942,0.284102,-0.5540056,-0.3798243,0.6841764,0.4563888,-0.440223,-0.3773339,0.8147533,783.0,372.0,-0.1081255,0.0531864,0.0100239,0.0489041,-0.0183495,0.7360225,-0.2528664,0.208206,0.5924354,0.5015203,0.1884673,0.9194847,-0.3450042,-0.025925925925925925,1.0,0.0008092104202065168,289.7837658145768,0.0,256,3.369863358916589e-11,8.811522934751648e-12,1.1470508734465732e-11,1.7525569239538234e-07,6.813391489029801e-05,4.729731450784956e-13,37.29856870308103,10.0344806333721,12.857710907901255,3.137294796343798,1.2331566736479591,1.5414949052966052,0.1285523166407351,0.0,0.011491218225798518,1.80157317265245,0.025358265377971173,1.5663067948839853,0.026383263822490052,621.4878073169388,289.78375958740486,0.6091699307961163,0.6091702875989171,0.6091702876917204,0.7614628594986463,2.8608577416468692e-06,801,0.2632,0.2603,-0.17173,0.001736,2,0.0423,-0.7669,0.000113,12.029,6.0145,2.0,0.36083,0.69999,1.72317,0.17089,0.9887,0.9818,0.993,0.513,4.9691,2.0428,0.53,4.8508,23.9068,4.8111,83,0.0573,-0.9454,45,0.0667,0.9422,0.0,0.1410795,0.1366165,0.0160717,0.0671897,-0.08601,0.0618921,0.1254703,198.0,179.0,0.097561,0.1023288,-0.0238517,0.0100579,0.0029175,0.0853,0.0859405,197.0,175.0
117,1620,139560,3.419866424148622e-11,0.000854934369673477,6.462487166911042e-05,0.000854934369673477,0.6394158103643831,7.24332527619199,5.851209863621072,-11.906962583534597,12.410462746212486,-0.04511129532937969,12.410462746212486,0.002320256737787574,12.565823671266802,6.713076579131206,-2.7462483720160433,2.897254825943949,-0.012658158912535813,2.897254825943949,0.17292335575478804,2.135321708543358,1.1759491505906592,0.23783337534148866,1.2420225738001496,0.7909012543260325,0.014141668132127331,1.634781659444031,0.8899331656893132,0.0005955415565964683,1.4141988733408282,0.9467587058362322,0.00010675813458984033,-0.7616422663982768,0,0,0,0.006627207219997293,0.5399320404439949,736,0.1605,0.16572,0.8143951695159557,-0.12023222515401547,1.1359517657279337,0.04103068453598376,0.2813523251753111,1.8408092340570195,0.02721172966997995,0.00662745930017675,4.105906718922323,0.014411199637126915,0.3673395837928174,445,293,60,61,-1,0.1631,722,0.530209671991834,-0.008643,-0.008642963085512045,98.0,377.0,0.1651644,0.1391476,0.0663691,0.0316949,0.1181213,0.7149846,-0.3062945,0.4385641,-0.450158,0.454245,0.4769689,0.227779,0.8488919,783.0,372.0,-0.1088733,0.1152922,-0.0202049,0.0943162,-0.0631546,-0.1859487,0.5320102,-0.3184509,0.7622186,0.5008164,-0.1752498,0.8180622,-0.547779,-0.025925925925925925,1.0,0.0008290301120191624,289.78377473413684,0.0,256,3.6429964741846466e-11,8.9587316375811e-12,1.1665792578259016e-11,2.0574967823671574e-07,7.059405710292304e-05,8.426009081175909e-13,34.175606185285616,9.715143418956451,12.578023982075015,3.140630307119169,1.2781054119400619,1.6034376306476161,-0.005726334218820739,0.0,0.02243489324222042,2.994138581856112,0.018519568817732125,2.5241326588738096,0.04393553246224589,621.4878729049931,289.7837901694255,0.6091699196443648,0.6091702875927929,0.6091702876917133,0.7614628594909911,2.950249112186812e-06,801,0.2618,0.2588,-0.17462,0.002406,2,0.0425,-0.7575,-5.2e-05,12.03,6.0149,2.0,0.36039,0.69898,1.72295,0.17147,0.9887,0.9818,0.993,0.513,4.9671,2.042,0.5298,4.8725,23.8789,4.8074,83,0.1321,-0.6209,45,0.147,0.3808,-0.0,0.1156093,0.1773106,-0.2106425,-0.0229554,-0.0091977,0.0073946,0.0258114,198.0,179.0,0.2254781,0.1060434,0.3602625,0.022747,0.1058377,0.0457007,0.1175058,197.0,175.0
118,1620,139560,1.3630654839049942e-10,0.0008820561664820369,6.620185905190533e-05,0.0008820561664820369,0.6403683727222164,7.244117475955322,5.8513321864981,-11.859100081090986,12.104474607556316,-0.0434822984423568,12.104474607556316,0.007378683356149551,12.560118159024459,6.696545131514452,-2.7684470755891977,2.924573137400462,-0.013010957374670352,2.924573137400462,0.1742950647174472,2.1356793031119907,1.1776349147999583,0.23820885618652096,1.2880814487912757,0.7969689648215611,0.028283750550035847,1.6485040003369424,0.8995557783296468,0.0002143066504171065,1.414196587954313,0.8820605079230204,0.00014507945495753134,-0.7615541975464323,0,0,0,0.00671354685583551,0.5396666903094927,736,0.1625,0.16431,0.8203151081688915,-0.12337610040167987,1.1441105164732353,0.027485157979716943,0.276164788330793,1.824878450451516,0.027829847384405554,0.0067136241713715026,4.145279311743227,0.014770027936197364,0.36830092046365376,446,292,61,62,-1,0.164,721,0.5292786212453209,-0.00022,-0.00021981691128658554,98.0,377.0,0.1626551,0.1064104,-0.1020664,0.0262304,0.0147509,0.8816848,-0.2393357,-0.2798176,0.2950464,0.4528784,-0.9591769,0.2465022,0.138623,783.0,372.0,-0.1100866,0.0544377,0.0056748,0.0411732,0.0351571,0.6787537,-0.5252862,0.2050822,-0.4704351,0.5012045,0.1042437,0.7563374,0.6458228,-0.025925925925925925,1.0,0.000854934369673477,289.7838077661956,0.0,256,6.057667710844405e-11,6.690754940717798e-12,9.718965617109146e-12,1.766495692446397e-07,7.255214724230809e-05,-3.657846197724295e-13,35.58930624361621,9.829932923349753,12.89831738285926,3.133448511385979,1.141452871429188,1.4943672952691953,0.014576204482632013,0.0,0.02169270700106596,0.8466642055675441,0.03563252137250918,0.3496447621612082,0.04284866414689996,621.4879153444913,289.78380995787063,0.6091699079685745,0.6091702875887257,0.6091702876916694,0.7614628594859071,3.0438421201318046e-06,801,0.2597,0.2566,-0.178,-0.007167,2,0.0428,-0.7402,0.00012,12.03,6.0148,2.0,0.36008,0.6996,1.71955,0.17088,0.9887,0.9818,0.9929,0.513,4.9652,2.0412,0.5296,4.8706,23.8697,4.8074,83,0.1529,-0.2271,45,0.2497,0.0886,-1.0,0.2102946,0.0602138,0.5548102,-0.1182631,0.0735743,0.0209453,0.1408476,198.0,179.0,0.1283829,0.1252804,0.0122307,-0.0255309,-0.0908438,0.0657961,0.1150372,197.0,175.0
119,1622,139562,0.0,0.0009123600362525716,6.811662394345266e-05,0.0009123600362525716,0.6347714144984651,7.237278338519586,5.852013874377443,-11.824474512061581,12.16476388561965,-0.04198555008505903,12.16476388561965,0.012967570964381146,12.561128554681796,6.6668907022771045,-2.797704788747829,2.980706752104465,-0.013144452965997746,2.980706752104465,0.17581490552536316,2.135811802251536,1.1791359995209507,0.2382606858120388,1.3274475510920283,0.7983413564636669,0.0,1.6626460644509753,0.9078222179225944,0.00047632203387126815,1.4141938928331983,0.8784789968452933,0.0001915307096898574,-0.7614033404703887,0,0,0,0.006931840204288413,0.5388269680606916,738,0.1593,0.16533,0.8260290981354409,-0.12316977390025767,1.152019625487314,0.030570306329738634,0.27641406573394384,1.8158789359535086,0.028545529669106864,0.006931729425161682,4.118096353485558,0.015172549564945704,0.36534509374118224,447,293,59,60,-1,0.1607,723,0.5284316388437645,0.004426,0.004425500243787628,98.0,377.0,0.1686063,0.0743242,-0.0548466,0.0497762,-0.0061861,-0.0356414,-0.3228181,-0.8080162,0.4915567,0.45388,-0.7379371,0.6697174,-0.0832312,783.0,372.0,-0.1112005,0.1224537,-0.0314193,0.1136381,0.0330775,-0.9165054,-0.2186235,-0.1240087,-0.311197,0.5023248,-0.2565813,0.9280085,0.2701227,-0.025925925925925925,1.0,0.0008820561664820369,289.78382760127863,0.0,256,1.4353323736298872e-10,1.1359874671594948e-11,1.8175965733408726e-11,2.859727919280084e-07,7.500438497399329e-05,1.4962129828956181e-12,17.959456081679747,5.700015267073272,6.915827337127298,3.131851640221266,1.3617334162314823,1.6572898782021228,-0.09327514781482008,0.0,0.02097539368940408,0.6571165115571884,0.029816056672044497,0.7083377208999413,0.05718871475257507,621.4879076195477,289.7838063559284,0.6091698949228448,0.609170287589472,0.609170287691728,0.76146285948684,3.148416220097409e-06,801,0.2562,0.253,-0.18101,-0.009069,2,0.0415,-0.7192,0.000121,12.03,6.0149,2.0,0.35984,0.70036,1.71785,0.1701,0.9888,0.9818,0.9929,0.5129,4.9735,2.0447,0.5305,4.713,24.0753,4.8407,83,0.0989,0.393,45,0.1937,0.069,-1.0,0.0533036,0.1052637,-0.3276845,0.0136595,-0.003053,0.0070415,0.015668,198.0,179.0,0.1099214,0.1357075,-0.1049799,-0.0101674,-0.0322794,0.0015091,0.0338764,197.0,175.0
120,1622,139562,1.8469980801952803e-11,0.0009327185850840502,7.009995726483326e-05,0.0009327185850840502,0.6356976065844818,7.237927282042884,5.852136316690794,-11.792437461163669,12.713438145888636,-0.04085833576658606,12.713438145888636,0.00425579209131624,12.553756545687573,6.645466351332706,-2.7983519254095994,3.019511003890714,-0.01325919541402459,3.019511003890714,0.1781499179443139,2.1357484897978227,1.181603482836759,0.239231239356931,1.2975364576647455,0.7987669215826033,0.014128804083687314,1.6767573243580731,0.9168995375364173,0.00032508120451191225,1.4141556060617406,0.8922036496487502,0.000248216591627042,-0.7611654567263438,0,0,0,0.007259324447924111,0.5386626325509265,738,0.163,0.17002,0.8319921205103242,-0.12471741705011058,1.1661583174912307,0.057340180787280245,0.2735989869919655,1.8277916938232663,0.029847312513949602,0.007259315374097478,4.111587797996777,0.015898476743156607,0.3636762922505168,446,294,57,58,-1,0.1644,723,0.5282438520750435,-0.007009,-0.007008926115304348,98.0,377.0,0.1739831,0.1004453,-0.0450831,-0.0655901,-0.0612756,-0.2822177,-0.3374758,-0.8832882,-0.1620656,0.4512897,-0.448832,-0.6529939,-0.61004,783.0,372.0,-0.11343,0.1140299,0.0183499,-0.07434,0.0844965,0.9914295,-0.1228766,0.0277237,-0.0346445,0.5017232,0.160922,-0.6519342,0.7410033,-0.025893958076448828,1.0,0.0009123600362525716,289.7838270143995,0.0,256,6.022572161932623e-11,1.3473142607965957e-11,1.78842535577047e-11,3.0093340508122014e-07,7.732744301343468e-05,2.2147398194525837e-12,22.222548263794444,6.990111774288522,8.385358279828576,3.1407459237983133,1.0001095985086916,1.2934319209854275,-0.11416805203095733,0.0,0.03347112819607248,2.2676118339944495,0.008819929673660963,0.5919913379303098,0.059285251562731824,621.487963324844,289.78383232987346,0.6091698861585659,0.6091702875840275,0.6091702876917201,0.7614628594800343,3.218670198350805e-06,801,0.2561,0.253,-0.18696,0.001397,2,0.0424,-0.7145,0.000148,12.031,6.0153,2.0,0.35915,0.69996,1.71709,0.17046,0.9888,0.9818,0.9929,0.5129,4.9708,2.0436,0.5302,4.7341,24.044,4.837,83,0.0981,0.9901,45,0.0258,0.4615,1.0,0.1314633,0.1276877,0.0145694,0.0459243,-0.0132498,-0.0714009,0.0859226,198.0,179.0,0.1677554,0.0780529,0.3649289,-0.0023681,-0.0422667,0.0064274,0.0428182,197.0,175.0
121,1624,139565,0.0,0.0009677294510448111,7.25858199656174e-05,0.0009677294510448111,0.6303607846576327,7.230904915501105,5.852992779614778,-11.7681015601159,11.887425620244782,-0.038114432812212946,11.887425620244782,0.0018571386104619277,12.56360610460532,6.659035089871854,-2.8311648768736,3.0624566239559456,-0.014408062713509797,3.0624566239559456,0.18040614434207558,2.1355162238810856,1.184054095096195,0.23009612665557666,1.3266056653007134,0.7892326527664738,0.0,1.6908434683770088,0.924681399716355,0.001097091540566919,1.414206125498781,0.893696844020135,6.977697975279645e-06,-0.7608374361111357,0,0,0,0.007592919594557413,0.5384589306502146,740,0.1627,0.17462,0.8386890286659665,-0.12720407218582905,1.1799140448583842,0.06317542071462594,0.2838211023658197,1.8334627521191584,0.031291133111761786,0.007592980618162715,4.1210605802037925,0.016700524636536495,0.36020999971072015,448,294,59,60,-1,0.1641,725,0.5280431168754072,-0.010284,-0.010284288889437665,98.0,377.0,0.1758001,0.0901595,0.0696773,0.0031842,0.0571284,0.852294,-0.1499007,0.4084899,-0.290277,0.4484149,0.7728234,0.0353171,0.6336377,783.0,372.0,-0.112424,0.0484956,-0.0313833,0.0175928,0.0325177,-0.9885113,-0.1341245,-0.0636129,0.0284522,0.5032379,-0.6471376,0.3627712,0.6705297,-0.025893958076448828,1.0,0.0009327185653461987,289.7838571564146,0.0,256,1.0501619896496407e-10,2.3934642668965072e-11,3.2361306793447815e-11,2.398503890591939e-07,8.047805485192821e-05,-4.6214384400399094e-12,24.19445265012707,6.266920599313136,7.715406874273467,3.110647050264634,1.1133299459319765,1.3693306393606939,-0.018260082972248404,0.0,0.023464462444686744,1.861630244756849,0.03401675313093966,2.448211840312683,0.03168890173344272,621.4880063992422,289.78385241435603,0.6091698710865181,0.6091702875797225,0.609170287691728,0.7614628594746531,3.3394871487217114e-06,801,0.2556,0.2525,-0.18791,0.004044,2,0.0423,-0.6976,-0.000113,12.03,6.0148,2.0,0.35861,0.70087,1.71623,0.17143,0.9888,0.9819,0.993,0.5129,4.9798,2.0473,0.5312,4.6004,24.2352,4.8667,83,0.1258,0.8225,45,0.1224,-0.1854,1.0,0.1094405,0.0896529,0.0993886,0.051499,0.0043187,-0.0144835,0.0536709,198.0,179.0,0.0723126,0.0451736,0.2309977,-0.0091614,-0.0246263,0.0167378,0.0311535,197.0,175.0
122,1625,139566,0.0,0.0010037810937099775,7.569823550916343e-05,0.0010037810937099775,0.6343307094985758,7.23503190974506,5.852945996456039,-12.090416604455733,12.433379516288669,-0.03726348852505327,12.433379516288669,9.770544306419993e-05,12.561950479949187,6.641063864094136,-2.8437560764618723,3.092540464932377,-0.015190757548664629,3.092540464932377,0.18301749611576504,2.1351346196575847,1.186646561794727,0.24120115981973747,1.2766893499439744,0.8035515354561282,0.0,1.7044035715828867,0.9331489254035188,0.0013184643447911037,1.4141542894757284,0.8876365228980495,6.432873232372434e-05,-0.7604181409752903,0,0,0,0.007980909353631313,0.5382730015318001,740,0.1654,0.17846,0.8465120444404084,-0.12917678993242432,1.1942672712993654,0.023178868535911563,0.2796215681999327,1.8347379011465734,0.03298076533519052,0.007981505587013991,4.132148374217847,0.017657798908738604,0.36060845139727793,451,291,64,65,-1,0.1668,725,0.5278294882016845,-0.004903,-0.0049031478949224105,98.0,377.0,0.1806992,0.0524835,-0.0206188,-0.0002253,0.0482632,0.9407624,-0.3200828,0.0279985,0.1083011,0.4444317,-0.3928627,-0.0042926,0.9195871,783.0,372.0,-0.1143248,0.0598215,-0.0195395,-0.019671,-0.0530082,-0.1631363,0.2390829,-0.3332714,-0.8973049,0.5035572,-0.3266305,-0.3288287,-0.8861062,-0.02586206896551724,1.0,0.0009677294510448111,289.7838682457591,0.0,256,6.076374206977078e-11,1.588669374088542e-11,2.024415159979577e-11,3.6643024957264137e-07,8.410973781827805e-05,1.8806152794446198e-12,24.16410242539343,6.565312248123288,8.256515794099839,3.119036744023223,1.256447661816666,1.523952647990535,-0.12190653280116183,0.0,0.012914258681893862,1.4769073105949881,0.018990979475707864,1.255991962595521,0.043137680150790086,621.4880235812763,289.7838604258961,0.6091698555664297,0.6091702875779814,0.609170287691728,0.7614628594724767,3.4638957885187873e-06,802,0.254,0.2509,-0.19173,0.01234,2,0.0427,-0.6961,0.000148,12.029,6.0146,2.0,0.35798,0.70112,1.71674,0.17112,0.9888,0.9819,0.9929,0.5132,4.9724,2.0442,0.5304,4.6882,24.1436,4.8555,83,0.0747,0.7669,45,0.145,-0.4514,2.0,0.1224095,0.0942618,0.1299095,0.0340784,-0.0331615,0.0917108,0.1033049,198.0,179.0,0.0881729,0.1178948,-0.1442333,0.0275719,0.0849716,0.0109396,0.0900003,197.0,175.0
123,1626,139567,0.0,0.0010459460877401121,7.853146398151565e-05,0.0010459460877401121,0.6320418827632402,7.231928176041219,5.853236070508226,-11.705892280049943,11.961023431226048,-0.037437846088739075,11.961023431226048,0.00420826301100705,12.564786381953441,6.65190623374731,-2.869737194739444,3.1153328653100734,-0.01563004179368277,3.1153328653100734,0.18447858615345702,2.1345599037506533,1.1880843211539855,0.2415155442918465,1.3366286216699705,0.7990142786341201,0.0,1.7185455736341355,0.9414771119386927,0.006662759813085839,1.4141582325906716,0.9013403158163831,0.00016440599686485537,-0.7599251992087905,0,0,0,0.007988288414337108,0.537823876909115,741,0.1633,0.18229,0.8492004838455526,-0.13274537200858927,1.2017868923033763,0.0475641923473163,0.2718453960199627,1.8352173149459035,0.03357829483572675,0.007989832420836299,4.2026281737974305,0.01801253824430962,0.3592904710632659,456,287,62,63,-1,0.1647,726,0.5273677255239976,-0.003623,-0.0036225255009572077,98.0,377.0,0.1830715,0.0482698,-0.0416755,0.0215653,0.0113163,-0.2922991,0.2436551,0.3746531,-0.8454753,0.439423,-0.8633873,0.4467669,0.2344391,783.0,372.0,-0.1147772,0.0815611,0.07158,0.0216357,-0.032564,-0.3003459,0.942235,-0.1476083,0.0140467,0.5044189,0.877624,0.26527,-0.3992592,-0.02646153846153846,1.0,0.0010037810937099775,289.7838840869751,0.0,256,6.443708392046876e-11,9.854310380877084e-12,1.3161948836739589e-11,3.460440255923195e-07,8.744636490662448e-05,-1.6498637782803575e-12,21.661372300361418,6.600776084153722,8.099112511505062,3.11467690864293,1.3023774774787518,1.6029599135228243,0.07780226997863011,0.0,0.029846043659972267,0.8171452134608507,0.016410779216659243,1.650691948655472,0.07319903057311639,621.4880465812474,289.7838711501903,0.6091698374145532,0.6091702875756296,0.609170287691728,0.761462859469537,3.6094006322319272e-06,802,0.2518,0.2486,-0.19103,0.010431,2,0.0418,-0.6883,0.000176,12.027,6.0134,2.0,0.35768,0.70106,1.71536,0.17096,0.9889,0.9819,0.993,0.5135,4.9753,2.0454,0.5307,4.5725,24.2684,4.8778,83,0.0225,0.7228,45,0.0745,-0.3841,1.0,0.0172293,0.1060149,-0.720404,0.0232653,-0.0283184,-0.0168795,0.04035,198.0,179.0,0.0866436,0.1182809,-0.1543852,-0.0022973,-0.0491491,0.0506098,0.0705851,197.0,175.0
124,1626,139567,2.937824336609362e-11,0.0010855398516911822,8.132466145079027e-05,0.0010855398516911822,0.6328963005262775,7.232435821112076,5.853357916249406,-11.683725992418838,12.712737978085674,-0.036805590992422615,12.712737978085674,0.018154552778110043,12.561925171932911,6.640609585895829,-2.898743745955897,3.152474968435492,-0.01580351884505447,3.152474968435492,0.18612905754070339,2.1337824944376234,1.1895404377600303,0.241826102380722,1.3192994163590321,0.8004270927971964,0.014140935396877417,1.732685537209948,0.9506225224569937,0.00448553615385372,1.4141599275457748,0.9060595320010801,0.0002933672055155078,-0.7593441313547105,0,0,0,0.008140529954114083,0.5375687461602463,741,0.1612,0.18691,0.8548740732548803,-0.13367858779163172,1.2106165873520403,0.0640478660175119,0.2683633467465808,1.8315686609104027,0.03437252367310931,0.008142789010921902,4.2212224370551095,0.01843222365307273,0.3630164225711194,456,287,62,63,-1,0.1625,726,0.5270865938956943,-0.005888,-0.005887669571025489,98.0,377.0,0.1882324,0.0259531,-0.0175388,-0.0071672,0.0177365,0.8375309,-0.4661237,0.2147739,-0.1874645,0.4357866,-0.6757878,-0.2761612,0.6834076,783.0,372.0,-0.1153558,0.1635845,-0.0031053,-0.0748926,0.1454006,0.7242454,-0.5690124,-0.3305908,-0.2059203,0.5060924,-0.018983,-0.4578222,0.8888411,-0.02706027060270603,1.0,0.0010459460877401121,289.78389831745466,0.0,256,4.3811927112123514e-11,9.156037232104716e-12,1.2131989646904064e-11,2.4992546219670574e-07,9.055068370216894e-05,3.994753226059869e-13,24.14254714137323,7.145401820906182,8.678848401458634,3.13121180081363,1.179393836873467,1.4612122749935907,0.035033888815314926,0.0,0.04620504914816253,2.4636273135025295,0.022832475313344255,1.8190908710661144,0.07844103590275384,621.4880758377991,289.7838847917669,0.6091698203694729,0.6091702875725988,0.6091702876917154,0.7614628594657485,3.746032504434227e-06,802,0.2532,0.25,-0.19503,0.006026,2,0.0414,-0.6834,8.6e-05,12.025,6.0125,2.0,0.35733,0.70039,1.71272,0.17065,0.9889,0.9819,0.9929,0.5135,4.9727,2.0444,0.5304,4.5939,24.2375,4.8741,83,0.1123,-0.4394,45,0.0608,0.3299,0.0,0.027506,0.0515695,-0.3043115,-0.0098901,0.0231928,-0.0100525,0.0271436,198.0,179.0,0.1796514,0.1609795,0.0548156,-0.0424353,-0.0013798,-0.0136184,0.0445883,197.0,175.0
125,1626,139567,1.3986615480822169e-11,0.001119534932384917,8.404513895323202e-05,0.001119534932384917,0.6337245278299736,7.232909074990079,5.853478508455081,-11.736453298299311,12.099437626159343,-0.03640974664725947,12.099437626159343,0.0034380736054711912,12.555676495232694,6.653608758171276,-2.9401681447783874,3.210337478878009,-0.01612987390166932,3.210337478878009,0.18859822622919822,2.1328317940202854,1.192005620403559,0.24287531788376987,1.2770597117025067,0.799519390254541,0.014140949538993041,1.7433855139896177,0.9595864036045668,0.001129928633009314,1.4141940296824578,0.9769866896032704,0.0004512762795337036,-0.7586745998136225,0,0,0,0.00860124752802382,0.537433431342455,741,0.1564,0.19219,0.8678752998319061,-0.13706018266344788,1.225855718850278,0.022413911720950107,0.26669371002279735,1.8325047855129462,0.03600413977077301,0.008603564877761052,4.184793197043055,0.01932368334489125,0.3626561177911813,456,287,58,59,-1,0.1586,725,0.5262683771901145,0.001126,0.001125749363875217,98.0,377.0,0.1882758,0.0565037,-0.0564595,0.0021533,0.0005943,0.0393319,-0.5152302,-0.2655924,0.8139113,0.4340555,-0.9992182,0.0381092,0.0105176,783.0,372.0,-0.1160728,0.0617124,0.0308153,0.0473986,0.0247428,0.765937,-0.4834278,0.2696721,0.3269786,0.5079437,0.4993379,0.7680568,0.4009368,-0.02706027060270603,1.0,0.0010855398516911822,289.7839047513328,0.0,256,3.6233908031172593e-11,9.988380149544829e-12,1.276918818589011e-11,2.5919195954700376e-07,9.374105007752819e-05,3.276083020081318e-12,22.651911975592718,6.8610860814092245,8.324537104828329,3.13012323006301,1.2187830548680871,1.510134020016853,-0.14081503425829878,0.0,0.005235226290015625,1.6591361535625848,0.010110161768876566,1.3451021596531518,0.031158591772135983,621.48807781091,289.7838857117777,0.6091698057346676,0.6091702875723932,0.609170287691722,0.7614628594654915,3.8633443320530906e-06,802,0.2516,0.2493,-0.19547,0.004906,2,0.0399,-0.678,-0.000111,12.025,6.0126,2.0,0.35736,0.70045,1.71258,0.17139,0.9889,0.9819,0.9929,0.5135,4.9705,2.0434,0.5302,4.5918,24.2266,4.8741,83,0.1561,-0.7011,45,0.1567,-0.0386,-2.0,0.0683106,0.1046503,-0.2101037,0.0049566,0.0463188,0.03924,0.0609079,198.0,179.0,0.1146781,0.1559452,-0.1524888,-0.0618479,-0.0067613,-0.1122692,0.128356,197.0,175.0
126,1628,139570,0.0,0.0011532960322289385,8.643822708996825e-05,0.0011532960322289385,0.627920369061815,7.22554174954642,5.854402458402113,-11.797736530021142,11.530855949235434,-0.03789181899220059,11.797736530021142,0.004644036522543971,12.557449806693523,6.6140098377659875,-2.9805447047056797,3.2553380396964453,-0.0160639880055335,3.2553380396964453,0.19101994099762437,2.1317134549221675,1.1939651421574364,0.24353417468999503,1.3066311361850143,0.8013898378304507,0.0,1.7575104904420429,0.9681539538238257,0.015619595737685454,1.4141916400220944,0.9684521524189016,9.790942760356558e-06,-0.757923304018038,0,0,0,0.00864872128736684,0.5372798007088685,743,0.1547,0.19801,0.8727090135644006,-0.13836222029006343,1.2377292245392175,0.07423957908157419,0.26223986549734934,1.8352863001422168,0.03690462993637388,0.008651738816923202,4.265573743879868,0.019827080609974027,0.3595999222153522,453,292,58,58,0,0.1569,727,0.5261243594695855,0.001554,0.0015539134932238685,98.0,377.0,0.1887968,0.0943715,-0.0535706,0.058982,0.0505698,-0.4530432,0.3034753,-0.3263247,0.7721184,0.426753,-0.567656,0.6249974,0.5358591,783.0,372.0,-0.118536,0.1111758,0.0880365,0.0351396,-0.0580934,-0.5928265,-0.6472719,0.005395,0.4791313,0.5096752,0.7918673,0.3160723,-0.5225366,-0.02706027060270603,1.0,0.001119534932384917,289.78390924297264,0.0,256,5.638600143035637e-11,1.3601401452472289e-11,1.8028547053341446e-11,2.825213976819842e-07,9.659126367672876e-05,2.8065480111630363e-14,24.84624337524132,6.747376591158051,8.390071011548114,3.092564874684153,1.2991176533548714,1.6122265489200707,0.001783393265495585,0.0,0.019444286426278604,2.0777602570731117,0.0336393297880517,1.8860761536832196,0.06234016181364497,621.4881904556297,289.7839382351096,0.6091697912007401,0.6091702875603715,0.609170287691728,0.7614628594504643,3.979848017985173e-06,802,0.2508,0.2467,-0.19623,-0.00103,2,0.0393,-0.6593,5.3e-05,12.025,6.0125,2.0,0.35712,0.69971,1.71117,0.17091,0.9889,0.982,0.993,0.5135,4.9805,2.0475,0.5313,4.4587,24.4228,4.9037,83,0.1222,-0.7394,45,0.1575,-0.134,1.0,0.1481727,0.0968341,0.2095395,-0.0798271,-0.0148759,0.0556731,0.0984538,198.0,179.0,0.0997091,0.1805054,-0.2883373,-0.1010285,-0.0292879,-0.0286338,0.1090158,197.0,175.0
127,1628,139570,2.346143605124204e-11,0.0011721972242792213,8.869657768351705e-05,0.0011721972242792213,0.6287102694778332,7.225875749719156,5.8545221555715425,-11.862579077461698,11.15711989013489,-0.040567292871150164,11.862579077461698,0.002670855015401964,12.564732430901463,6.608858007945357,-3.0248930442915007,3.3272155163432706,-0.01660688858990442,3.3272155163432706,0.1936368900606645,2.1304220114409387,1.1964644613187525,0.24463439501007,1.2419413009843359,0.8072180815563285,0.014139455745451486,1.7716508801531388,0.9772035126371346,0.0009932093850093526,1.4141567156479748,0.8902512783935821,5.597624645396023e-05,-0.7570885191127313,0,0,0,0.008932395353524821,0.5370345517252952,743,0.1605,0.20053,0.8778145002136181,-0.14217653914163395,1.2517218294551882,0.045626465472492,0.2673694408023924,1.8379518321650943,0.03840341825539755,0.008934869533190762,4.298150981694657,0.020682765727049843,0.36422269807493163,455,290,62,62,0,0.1639,726,0.5252062237525903,0.004521,0.004520550096992704,98.0,377.0,0.1846002,0.0758536,-0.0668241,-0.0337625,-0.0121822,0.9797882,0.1981522,0.026054,-0.0084797,0.4237742,-0.8809613,-0.4451002,-0.1606018,783.0,372.0,-0.1229314,0.0806894,-0.0429179,0.0195601,-0.0654694,0.2654078,-0.1586822,-0.3195607,0.8956895,0.5099334,-0.5318903,0.2424119,-0.8113749,-0.02702702702702703,1.0,0.0011532960322289385,289.78395895672315,0.0,256,7.224249833252629e-11,1.5049275908544848e-11,2.1341673564322615e-11,2.582472816126564e-07,9.905573511712728e-05,2.918987879150307e-13,23.05564252848189,6.238386274624848,7.924643873340756,3.0540168777987793,1.10312796128562,1.4132641248406543,-0.008158730563850386,0.0,0.019314782684796774,1.8772247884162119,0.02357616996150628,0.476715246712003,0.0674670642474618,621.4882220368363,289.78395296061296,0.6091697830638663,0.6091702875568971,0.609170287691718,0.7614628594461212,4.045072932104507e-06,802,0.2506,0.2466,-0.20114,0.005146,2,0.0407,-0.6474,0.00021,12.023,6.0117,2.0,0.3567,0.69868,1.70991,0.17129,0.9889,0.9819,0.993,0.5135,4.9789,2.0469,0.5311,4.481,24.3966,4.9,83,0.0296,-0.4935,45,0.0745,-0.5291,2.0,0.081666,0.1556627,-0.3117901,-0.0171486,0.0670393,0.0468254,0.0835522,198.0,179.0,0.1283472,0.054237,0.405896,-0.0372328,-0.0110286,-0.0131113,0.0409855,197.0,175.0
128,1629,139571,0.0,0.0012085732987839547,9.12899310538151e-05,0.0012085732987839547,0.6324464803800328,7.229529780801692,5.854304708260742,-11.910119224606925,12.099199229216229,-0.040687415262025725,12.099199229216229,0.006071682909331585,12.557134238584414,6.599274731055041,-3.0703353316459654,3.3581698851390125,-0.01689615809806701,3.3581698851390125,0.19619001753340856,2.1289438800819034,1.198950046808271,0.24569506513798184,1.278977149207877,0.8014815991664058,0.0,1.7857897106468974,0.9854674301220078,0.0015817944325483557,1.4141874038347395,0.9188874192083265,0.00013932048648332085,-0.7561492980754034,0,0,0,0.009092641733678096,0.5367657110385449,743,0.1616,0.20203,0.8858782324571469,-0.14498351482381788,1.2665126318088153,0.03264426405883022,0.26552743245184274,1.8436432349638705,0.039751958852184306,0.009094599152862455,4.370941278887776,0.021466316978351375,0.3708722351573502,454,291,60,60,0,0.1649,726,0.5249112650548384,0.001751,0.0017513018682866477,98.0,377.0,0.174661,0.08535,-0.0344592,0.0527357,0.0575858,0.5124068,-0.5243784,-0.6759084,-0.074929,0.4181491,-0.4037403,0.617876,0.6747022,783.0,372.0,-0.1236404,0.0645645,-0.0050189,0.0138511,0.0628612,-0.801374,0.4569876,0.2075435,0.325404,0.5119358,-0.077735,0.2145308,0.9736189,-0.02702702702702703,1.0,0.0011721972242792213,289.7839677130545,0.0,256,7.761579915556257e-11,1.8865511189143108e-11,2.541439731967504e-11,2.987453321329156e-07,0.00010238611950307869,-6.489349913308982e-13,20.948715807098964,5.790717989316244,6.885227045343153,3.1033687615199033,1.0561532042717596,1.3384443422029586,-0.08690104427804503,0.0,0.02471524600094095,0.5081102938855693,0.035265295920059364,1.1827089273297315,0.03838820338059947,621.4881432886892,289.7839162423799,0.6091697674039838,0.6091702875654779,0.609170287691728,0.7614628594568473,4.1706017174986505e-06,803,0.2504,0.2466,-0.20404,0.008152,2,0.041,-0.6452,7e-06,12.021,6.0106,2.0,0.3566,0.69823,1.71061,0.17066,0.9889,0.982,0.993,0.5132,4.8069,2.0996,0.5304,4.5464,24.329,5.0613,83,0.0522,0.7806,45,0.0984,-0.8291,3.0,0.1675704,0.0953793,0.2745435,-0.1021409,0.0660831,0.019666,0.1232335,198.0,179.0,0.0836265,0.0886428,-0.0291187,-0.005031,-0.0584849,-0.0056092,0.0589682,197.0,175.0
129,1630,139572,0.0,0.0012264265998700886,9.334308498942181e-05,0.0012264265998700886,0.6301741462910956,7.226047225436845,5.854695439052002,-11.972782270215596,11.418612104453633,-0.04043098331434282,11.972782270215596,0.0003631546017332987,12.546556753347085,6.624002257136813,-3.1101133597592945,3.405735822093396,-0.017036920431525156,3.405735822093396,0.19894091739558956,2.1272897854277244,1.2014282133984153,0.2443951783779882,1.3796910096548647,0.8005645420335142,0.0,1.7993501192408046,0.9937720804340447,0.004558764847388486,1.4141530197142693,0.886704344828495,0.00024785245351270396,-0.7551284651958121,0,0,0,0.009167503594654477,0.5365718364888565,744,0.1611,0.20095,0.8983623272587923,-0.15213820824844212,1.2801047146633873,0.07889199024008937,0.2582841321511236,1.8453054542896687,0.040970249447582166,0.009167987690251539,4.468837746275168,0.022199790612911576,0.3710546934896362,453,293,66,67,-1,0.1643,727,0.52471472834996,0.003005,0.0030049304404404786,98.0,377.0,0.1647923,0.0741063,0.0553375,-0.047418,0.0134554,-0.6318667,-0.2036,0.2471269,0.7058468,0.4174396,0.7467311,-0.6398636,0.1815685,783.0,372.0,-0.1290843,0.0465714,-0.0164032,0.0354851,0.0253109,0.0566053,0.9333195,-0.0978867,-0.3407767,0.5123735,-0.3522165,0.7619493,0.5434858,-0.026396562308164517,1.0,0.0012085732987839547,289.7839388290423,0.0,256,6.31904508693484e-11,2.1249288780782062e-11,2.7340987323990193e-11,3.806512291116123e-07,0.00010488454042528199,-6.9229657673549705e-12,15.881928680690285,5.408686433535268,6.418888832157686,3.137022555519168,1.3389481787907747,1.671393587368623,0.16600470582895782,0.0,0.006179255357092452,0.32440896304883365,0.022334785019575722,1.9619751585690501,0.04558459442840695,621.4881906222649,289.7839383128073,0.6091697597181868,0.6091702875603529,0.609170287691728,0.761462859450441,4.232210408246375e-06,803,0.2489,0.2451,-0.21197,0.001261,2,0.0407,-0.6456,0.000266,12.018,6.0088,2.0,0.35599,0.69702,1.71025,0.1726,0.9889,0.982,0.993,0.5129,4.8105,2.1012,0.5308,4.5025,24.4028,5.0728,83,0.1033,0.7247,45,0.1676,-0.4329,1.0,0.1099554,0.1657802,-0.2024578,0.0083238,0.0519987,0.0975829,0.1108855,198.0,179.0,0.1299643,0.0280451,0.6450194,0.0026051,0.057788,0.0373089,0.0688346,197.0,175.0
130,1630,139572,1.6575431290511245e-11,0.0012645457701098437,9.556424579241274e-05,0.0012645457701098437,0.6308951739546262,7.226225809145514,5.854813549472307,-12.03672386626858,11.525984857958754,-0.03849756690157875,12.03672386626858,0.0052597540332486,12.559145336581608,6.627144443791484,-3.1411580485944732,3.4848424102177846,-0.017371333562332555,3.4848424102177846,0.20083150584572884,2.1254634855966836,1.2026700463382234,0.24872325760621522,1.3175241983074122,0.8095828784378523,0.014141674069513069,1.813431022285115,1.0026377992670064,0.000688314175539273,1.4141529961480253,0.8876875032437594,0.00042546313548353466,-0.7540213377813794,0,0,0,0.009017857686618681,0.536382800365785,744,0.1639,0.1987,0.9040053933785139,-0.15757030331959665,1.2861852742805655,0.020046722255267102,0.26088731321190933,1.8353601179060954,0.041048066566389596,0.009017862195524813,4.551862256972615,0.022299929136168403,0.37252998454982506,456,290,71,72,-1,0.1662,726,0.5238464825323116,0.004238,0.00423763604153482,98.0,377.0,0.1576,0.1046431,-0.0934542,0.0391743,0.0261126,0.4883575,-0.7007673,-0.4924505,0.1671069,0.4158473,-0.8930754,0.3743613,0.2495396,783.0,372.0,-0.1323225,0.0916984,0.0172521,-0.0441342,0.0785057,0.1667365,0.2498929,0.0645557,-0.9516223,0.5136672,0.1881392,-0.4812975,0.8561287,-0.025766871165644172,1.0,0.0012264265998700886,289.7839575244983,0.0,256,6.292379092318487e-11,1.6605582271102423e-11,2.1498295312769105e-11,4.282780268316938e-07,0.00010746785126654715,1.1330385298543213e-12,24.748357161725473,5.747796626825013,7.152714698568615,3.138529033898484,1.3331742560581024,1.6592796275155604,0.2951640173906376,0.0,0.01655106114571181,2.0581697706342275,0.010412133709748393,0.7957186412266883,0.05583398932744463,621.4882397160028,289.78396120395297,0.6091697433080914,0.6091702875549317,0.6091702876917209,0.7614628594436647,4.363753483305596e-06,803,0.2493,0.2447,-0.21631,0.004479,2,0.0416,-0.6334,4.6e-05,12.015,6.0074,2.0,0.35565,0.69886,1.70762,0.17,0.9889,0.982,0.9929,0.5129,4.8095,2.1007,0.5307,4.4778,24.416,5.0766,83,0.1098,0.8043,45,0.1516,0.0582,-1.0,0.0926662,0.1735377,-0.3037956,0.0111589,-0.0621546,0.0387437,0.0740863,198.0,179.0,0.0558557,0.1247575,-0.3814882,-0.0209818,0.0368638,-0.0307348,0.0523813,197.0,175.0
131,1632,139575,0.0,0.001306976615278578,9.825081281282385e-05,0.001306976615278578,0.6259794210768743,7.219413427566477,5.854939587216293,-11.503570233496879,12.111582417897436,-0.03735069420327842,12.111582417897436,0.036277923308114704,12.56212086752726,6.598012185250713,-3.1828753505716025,3.507127531218978,-0.01686829720288187,3.507127531218978,0.20321224011258043,2.1234956280957507,1.2050718630932624,0.2516741214800962,1.2803682654362745,0.8115414786592356,0.0,1.8275723321034725,1.0102750729839827,0.0004862491747070763,1.4142009904971957,0.8795706238908209,4.193086072810879e-07,-0.7528423839636611,0,0,0,0.009262166851412472,0.5363845169017272,746,0.1654,0.19564,0.9106194306932498,-0.1593946252274825,1.3004543891699367,0.050130265699033,0.25637545989501626,1.837200699075847,0.042489860413432966,0.009262551554505215,4.587273837387314,0.02311352143888925,0.37273047044269186,455,293,61,62,-1,0.1677,728,0.5238640589510175,0.001781,0.001781133824541259,98.0,377.0,0.1535936,0.102154,0.0933141,-0.0106123,-0.0401909,-0.5256822,0.3073181,0.5939349,-0.52579,0.4156475,0.9134645,-0.1038855,-0.3934342,783.0,372.0,-0.1336626,0.0727931,-0.0481535,-0.0545307,0.0025448,-0.8324647,-0.2102922,0.3161874,-0.4034914,0.5163868,-0.6615118,-0.7491195,0.0349588,-0.025766871165644172,1.0,0.0012645457185308186,289.7839794313674,0.0,256,8.395291577451334e-11,9.525318464149282e-12,1.5424869290532294e-11,4.1368361902554787e-07,0.00011080039422408748,-1.6690893354728507e-12,21.843531642416433,5.894521466014321,7.278198253810024,3.106970339316464,1.0417316715379243,1.3518127659642325,0.10590409367052335,0.0,0.03943949417124604,1.343386468008506,0.017486114538182388,1.480248615513761,0.048902171061067014,621.4882608995631,289.7839710813016,0.6091697250417929,0.6091702875525584,0.609170287691728,0.761462859440698,4.510175667762843e-06,803,0.2491,0.2447,-0.21887,0.008463,2,0.042,-0.6502,-0.000135,12.013,6.0063,2.0,0.3554,0.69806,1.70673,0.1702,0.989,0.982,0.993,0.5129,4.8184,2.1046,0.5317,4.2725,24.6644,5.1188,83,0.1017,0.8013,45,0.1558,0.6003,-1.0,0.1038448,0.1218918,-0.0799471,-0.0098107,-0.0126024,-0.0425076,0.0454089,198.0,179.0,0.0299488,0.1172489,-0.5930804,0.0392132,0.0441968,0.0195112,0.0622231,197.0,175.0
132,1632,139575,5.828158543649585e-11,0.0013365286723599162,0.00010123838819201363,0.0013365286723599162,0.6266649075208868,7.219533524512403,5.855056157390443,-11.489033197188135,11.68431101879398,-0.03889569697269937,11.68431101879398,0.00742917792074671,12.560381811180008,6.604374692420891,-3.2054517961960505,3.5100090128339776,-0.017029418525184557,3.5100090128339776,0.20568347830637784,2.121742502356618,1.207483830938823,0.2519831097434083,1.2654539744167415,0.8027122071871801,0.014137503100743232,1.841633099915283,1.0192844401771226,0.0027541109441671097,1.4141568215839082,0.8885681303808441,2.808496499055964e-06,-0.7515931453593598,0,0,0,0.00977321131966009,0.5362229213167259,746,0.1639,0.19704,0.9207456077473114,-0.16352947282987512,1.3157081793360306,0.06560495064443453,0.245414064504995,1.8341275959696464,0.04468241205376168,0.009774273267409962,4.5714306149741875,0.02436122481412934,0.37768751638960407,455,293,66,67,-1,0.1661,728,0.523692405790968,0.004577,0.004577136986921637,98.0,377.0,0.15368,0.1203824,-0.0695594,0.0250633,-0.0950013,-0.4268334,0.4675888,-0.6211352,0.4619145,0.414892,-0.5778203,0.2081973,-0.7891626,783.0,372.0,-0.1364258,0.0635711,-0.0605832,-0.0179074,-0.007091,0.3412705,-0.1361516,-0.3999339,-0.8396726,0.5170413,-0.9529993,-0.2816917,-0.1115442,-0.025735294117647058,1.0,0.001306976615278578,289.78399001850164,0.0,256,7.626174743549084e-11,9.368528799353149e-12,1.4324061948159327e-11,3.3477416438501564e-07,0.00011438122724898027,3.723165920965109e-13,24.154807933963642,7.762233587269999,9.649323378161062,3.01627437290456,1.1150138202624784,1.4154590157843339,0.09593119771044481,0.0,0.017410977349512923,1.3826967526038396,0.014997663707646977,1.7746768500296053,0.05439769632823198,621.4883065508393,289.7839923673161,0.6091697123195997,0.6091702875473732,0.6091702876917029,0.7614628594342165,4.61215494148413e-06,803,0.2452,0.2407,-0.22206,0.003285,2,0.0411,-0.6509,0.000167,12.012,6.0061,2.0,0.35469,0.69537,1.70697,0.17123,0.989,0.982,0.993,0.5129,4.8178,2.1043,0.5316,4.2719,24.6612,5.1188,83,0.0413,0.4273,45,0.1411,0.9445,-1.0,0.0809715,0.2133859,-0.4498421,0.0700605,0.0298619,0.0194409,0.0786013,198.0,179.0,0.10839,0.0574489,0.307172,-0.0306452,0.0387776,0.0052719,0.0497054,197.0,175.0
133,1634,139578,0.0,0.0013743571287480505,0.00010450808036324516,0.0013743571287480505,0.6341110463309018,7.227259224435823,5.855454754878412,-11.481964165679729,11.737393863564543,-0.04166752764576891,11.737393863564543,0.007381200954396377,12.564833130264123,6.603023140981591,-3.2432469654767053,3.556107787554351,-0.017195578233741043,3.556107787554351,0.2084493009011087,2.119490299317136,1.2098898276968195,0.2502387527335288,1.295355951128309,0.806760917021542,0.0,1.8554654938967128,1.0269892981392768,0.0021082360223818597,1.4141851740549258,0.8881104620197339,4.713045478364954e-07,-0.7502332892598964,0,0,0,0.010481926967520268,0.5361137557901362,746,0.1661,0.20101,0.9304070122875088,-0.16604659656780354,1.3310686917384895,0.05237103506716855,0.25140146346792375,1.8374478495478752,0.047196902958956684,0.010483282006190232,4.502111355116419,0.025777190756300625,0.37753540789977347,456,292,63,64,-1,0.1682,728,0.5235666580146306,0.004423,0.0044234264341909135,98.0,377.0,0.1569227,0.0968786,0.0576878,-0.0777809,-0.0027753,-0.1971008,-0.9020298,-0.0042283,0.3840255,0.4141619,0.5954652,-0.8028702,-0.0286476,783.0,372.0,-0.1365345,0.0786831,-0.0755274,-0.0114688,0.0188441,0.5783504,-0.1063131,-0.3057011,0.7488358,0.5187599,-0.9598942,-0.1457597,0.2394938,-0.025735294117647058,1.0,0.0013365286723599162,289.7840119214121,0.0,256,1.1923555588133814e-10,1.2687514706542359e-11,1.9706892656560854e-11,5.221414505589708e-07,0.0001183033013245064,-2.3987540917624714e-12,24.83617595182277,7.195179092445606,9.127179246660322,3.140870328734759,1.4351072553536919,1.747614695900638,0.07153481152413549,0.0,0.008831671572590133,1.5806052368291876,0.03484655706520316,1.383974107644062,0.03204822789772033,621.4883599211632,289.7840172525237,0.6091696960347587,0.6091702875411924,0.609170287691728,0.7614628594264905,4.742694720635361e-06,805,0.2384,0.2336,-0.22198,-0.002181,2,0.0407,-0.6315,-8.3e-05,12.013,6.0064,2.0,0.3544,0.69233,1.70827,0.17068,0.989,0.982,0.9929,0.5129,4.8077,2.0999,0.5305,4.4051,24.536,5.1035,83,0.0971,-0.9956,45,0.0814,0.8966,-2.0,0.1133293,0.2081742,-0.2950045,-0.0188908,0.0338259,-0.1144996,0.1208769,198.0,179.0,0.1098941,0.1157203,-0.0258236,0.0031021,0.0433258,-0.0712253,0.0834253,197.0,175.0
134,1634,139578,1.5645121024792093e-11,0.0013884432159610273,0.0001073121984757375,0.0013884432159610273,0.6347285115979493,7.227309027203737,5.855568724800696,-11.940619787419669,11.92826494826595,-0.04509463853404845,11.940619787419669,0.0026096837627937997,12.559848144379053,6.590801265862017,-3.2783376638857407,3.591626080849207,-0.01749764967031614,3.591626080849207,0.21093677723630885,2.117097801661056,1.2121696092222145,0.2198244500028912,1.2291586210851038,0.8122616935480805,0.014141509456658041,1.8693953851264844,1.0359993565806347,0.00027472128233907434,1.4141558812365558,0.8872249632301443,2.2437961178174533e-05,-0.7488071526963151,0,0,0,0.011339476869808256,0.5360828115433468,746,0.1676,0.20568,0.9387193491056829,-0.17022357212012798,1.3465919509243673,0.03933145135760886,0.25321732840583416,1.8467490604090815,0.05002128367699804,0.011339948225026163,4.411068082886475,0.02736559195072783,0.3753315229023235,453,295,62,63,-1,0.1698,728,0.5235245544456666,1.1e-05,1.0783577915507436e-05,98.0,377.0,0.164125,0.0909565,-0.0868629,0.0171374,0.0208383,-0.3999279,0.7503089,-0.3677081,0.3766763,0.4133399,-0.9549938,0.188413,0.2291014,783.0,372.0,-0.1409049,0.0320292,-0.0223361,-0.0023314,-0.0228371,0.2059865,0.711367,0.2281906,0.632025,0.5188037,-0.6973675,-0.0727893,-0.7130079,-0.025703794369645042,1.0,0.0013743571287480505,289.78403722339795,0.0,256,8.101237795253639e-11,1.9322354059020002e-11,2.4151381092075637e-11,5.04684104215872e-07,0.00012141831656916838,-1.4157855175176891e-12,36.80341853937606,10.08549146042206,13.005944832260877,3.13461208045191,1.33082638900509,1.6603592435220271,-0.11215630916034697,0.0,0.025381978505441563,2.221541813787897,0.01703434387516018,2.530995734321971,0.03786845651639007,621.4884507689751,289.78405961251883,0.6091696899707612,0.6091702875303713,0.6091702876917213,0.7614628594129641,4.791302937151088e-06,805,0.2432,0.2388,-0.2245,0.001603,2,0.0419,-0.5976,0.000127,12.015,6.0076,2.0,0.35421,0.68889,1.70718,0.17135,0.989,0.982,0.9929,0.5129,4.8079,2.1,0.5305,4.4053,24.5371,5.1035,83,0.1397,-0.9919,45,0.0855,-0.4505,-2.0,0.1421736,0.0874562,0.2382855,-0.0392857,0.066619,0.0459768,0.089974,198.0,179.0,0.0501223,0.0527854,-0.0258785,-0.0118272,-0.0217468,0.0331935,0.0414079,197.0,175.0
135,1634,139578,2.2032856564336575e-11,0.0014218689260415778,0.0001109154466772846,0.0014218689260415778,0.6353206318031136,7.2273184977049505,5.855684060609082,-11.452809281640764,12.024732379907748,-0.04887649415980347,12.024732379907748,0.007815559190703425,12.554545594897254,6.5867275964059555,-3.30099719211172,3.6365713670619404,-0.01767185040750472,3.6365713670619404,0.2133752853202123,2.1145114983252653,1.2145371742879376,0.25241860310842673,1.3802253826429256,0.8160589507727074,0.014141523598773666,1.883312756465851,1.0449850671078613,0.0022650355874348493,1.414183165130973,0.8648909489723537,8.954942230224075e-05,-0.747280091453592,0,0,0,0.012317143123243947,0.5360761675531338,746,0.1673,0.20951,0.9458880652923016,-0.1742163007599737,1.3619003604714899,0.03829670603844367,0.25777327298286157,1.8459958169990935,0.05310270587421649,0.01231711942153555,4.311292604776604,0.02910008673272872,0.37335096019747466,453,295,61,62,-1,0.1693,728,0.5235055763900706,-0.001581,-0.0015813841842622356,98.0,377.0,0.1699891,0.0668086,-0.0486713,0.03775,-0.0258735,0.9325614,-0.0808108,0.3484716,0.0486463,0.4130908,-0.728518,0.5650464,-0.3872779,783.0,372.0,-0.1417183,0.033155,-0.0321007,0.0022604,0.0079806,0.5072682,0.4980673,-0.6984849,0.0820166,0.520381,-0.9682004,0.0681779,0.2407069,-0.025703794369645042,1.0,0.0013884432159610273,289.78408137684966,0.0,256,1.3974315488754936e-10,4.2426511835551194e-11,5.711676697281604e-11,4.545307851680903e-07,0.00012563040636848872,-5.039954521831484e-12,26.88132488742442,7.501918672936219,9.381887126993279,3.131081999867185,0.8848375462245902,1.2468533456663793,-0.05242894576260819,0.0,0.008051168284717634,2.7773379609480595,0.029363478500499623,0.9420566421691658,0.024474441268981705,621.4884410104826,289.78405506238505,0.6091696755812182,0.6091702875315538,0.6091702876917187,0.7614628594144421,4.906649973324019e-06,805,0.2446,0.2404,-0.22483,-0.001096,2,0.0421,-0.5834,-6.2e-05,12.017,6.0086,2.0,0.35413,0.68988,1.70681,0.17028,0.989,0.982,0.9929,0.5129,4.8082,2.1001,0.5306,4.4055,24.5384,5.1034,83,0.1195,-0.9505,45,0.1363,-0.688,-2.0,0.1378014,0.0481545,0.4820874,-0.0878021,0.036091,-0.0179033,0.0966038,198.0,179.0,0.0781512,0.0635497,0.103044,-0.0090224,0.0019227,-0.0608062,0.061502,197.0,175.0
136,1634,139578,8.18631248798201e-11,0.0014652548168225805,0.00011400867864364059,0.0014652548168225805,0.635889732322831,7.2272970580596425,5.855797078675289,-11.956451094564018,12.155286090206086,-0.0490675160913565,12.155286090206086,0.012327044452906222,12.562350017243,6.56562015153136,-3.3582455104547972,3.6812025988497576,-0.01794831115176675,3.6812025988497576,0.21482490192787448,2.1124842765283502,1.2156475889210718,0.25449962050101077,1.298720151428772,0.8137190621094468,0.028283528688440918,1.897454805905086,1.0537159833549536,0.0012272189265383204,1.4141831828029587,0.8456398974722316,0.00015119926031588834,-0.745657740915587,0,0,0,0.012622743116450013,0.5361224404760806,746,0.1655,0.21834,0.9495689468680856,-0.1767021758024038,1.3688441283324437,0.061702552580668486,0.26185374054905597,1.8429575705222156,0.05424452372519807,0.012622773832890078,4.297353691298641,0.029779191988070376,0.35904753021625324,455,293,55,55,0,0.1675,728,0.5235377911714797,-0.010414,-0.010413773751377198,98.0,377.0,0.1814854,0.1214612,0.0895167,-0.0396246,-0.071899,-0.5552986,0.4490465,-0.2449138,-0.6557575,0.4130783,0.7369985,-0.3262325,-0.5919506,783.0,372.0,-0.1437727,0.0346028,0.0287505,0.0074904,-0.0177384,-0.188129,0.4773444,0.534934,-0.6712641,0.5218172,0.8308741,0.2164695,-0.5126297,-0.025703794369645042,1.0,0.0014218689260415778,289.78407336078686,0.0,256,1.3716016748291274e-10,2.2895289609500293e-11,3.013318761754194e-11,4.39444192640712e-07,0.00012919015099693422,-3.44196972531537e-12,25.18194947675962,7.486929349622777,9.467137495778504,3.1118965533905283,1.062851411732349,1.3528109208553376,-0.057478904985523466,0.0,0.014640656204304638,1.2097912337723198,0.006801797251185217,2.1292585054637803,0.05048130124881996,621.4884181842341,289.7840444190932,0.6091696569035907,0.6091702875342977,0.6091702876916929,0.7614628594178721,5.056368164644327e-06,805,0.2442,0.2402,-0.22786,0.00103,2,0.0419,-0.5824,-3.6e-05,12.02,6.0098,2.0,0.35403,0.68994,1.70435,0.17022,0.989,0.982,0.9929,0.5129,4.8085,2.1003,0.5306,4.3821,24.5584,5.1073,83,0.0583,-0.9477,45,0.133,-0.8964,2.0,0.1650539,0.0811705,0.3406788,0.0269712,-0.0172925,-0.0737699,0.0804268,198.0,179.0,0.0970394,0.0742028,0.1333584,-0.0380275,0.0575673,-0.0331046,0.0765245,197.0,175.0
137,1634,139578,1.1082679684285966e-10,0.0015107167494097312,0.00011664137032727543,0.0015107167494097312,0.6364353596266558,7.227232982423682,5.85590849952001,-11.393738491883266,11.884320463096891,-0.046984893746562145,11.884320463096891,0.003801496618617506,12.565760997572118,6.582009019165724,-3.415142695812168,3.733497255759104,-0.01801618413165002,3.733497255759104,0.21651347649334385,2.1106384403447365,1.2166419268834148,0.25852701813557677,1.2792624276882039,0.8151929143240015,0.035151079662413334,1.9115898473958908,1.062356715523703,0.0011735062647801886,1.4141811425580417,0.8184736511865756,0.00021343114232316596,-0.743954469492165,0,0,0,0.012575058495390565,0.5360130446204595,746,0.1654,0.22022,0.9558700314866843,-0.177492361514103,1.3745034463863892,0.046374651756159624,0.2514967400207952,1.8327652662321752,0.05456667620403185,0.012575473558037488,4.33913490034386,0.03001136198358622,0.3626945212620316,455,293,58,59,-1,0.1675,728,0.5234140159844295,-0.002945,-0.0029453875003757624,98.0,377.0,0.180241,0.0624306,0.0478828,0.0111072,-0.0384896,-0.5636092,-0.6688423,-0.4438486,0.1949182,0.4126239,0.7669764,0.177913,-0.6165177,783.0,372.0,-0.1451607,0.0547259,0.0240036,0.0295643,0.0393027,0.4509726,-0.1938143,-0.8248909,-0.2803833,0.5230959,0.4386157,0.5402246,0.7181738,-0.025703794369645042,1.0,0.0014652548168225805,289.7840708329984,0.0,256,1.6080814692592035e-10,2.9509343909843736e-11,3.918798162046618e-11,4.383254427343683e-07,0.00013211758015170108,-2.2849030243655652e-12,28.828990950307286,8.231717981806149,10.12240223954079,3.083925414989889,1.2118989415309311,1.4571650572250476,0.12738456297859554,0.0,0.05201641557534353,1.6035865762835115,0.017364096421600146,2.901192628562313,0.048329335104680175,621.4884516311139,289.7840600145119,0.6091696373322337,0.6091702875302694,0.6091702876916804,0.7614628594128366,5.213249994958581e-06,805,0.2429,0.239,-0.23376,0.005968,2,0.0415,-0.5967,1.9e-05,12.018,6.0089,2.0,0.3537,0.68888,1.70151,0.17052,0.989,0.982,0.9929,0.5129,4.8089,2.1004,0.5306,4.3824,24.5601,5.1072,83,0.0262,0.0355,46,0.1026,-0.8929,1.0,0.0557201,0.0890617,-0.2302887,0.0121945,-0.0236662,0.0148723,0.0304955,198.0,179.0,0.118833,0.0608817,0.3224626,-0.027757,0.0616135,0.0053252,0.0677867,197.0,175.0
138,1638,139584,0.0,0.001554849628982481,0.00011911587519846912,0.001554849628982481,0.6365647086576576,7.22647244783036,5.857083706628909,-11.37488101078105,13.40791696868426,-0.046352090268554844,13.40791696868426,0.004123635927492259,12.536453293425508,6.566470088202881,-3.448687423362161,3.724371081923313,-0.01625483728882858,3.724371081923313,0.21783198240019985,2.1109455278489544,1.217673383616436,0.25300981352552065,1.367589447697915,0.8215476529464921,0.0,1.9255427018464426,1.0681856883526735,0.0014510303246271228,1.414181934415959,0.8365381644721449,5.423130757959329e-08,-0.7421771859034312,0,0,0,0.012755651618554562,0.536414355960369,748,0.1675,0.22349,0.9595823272877512,-0.17462729896680065,1.3804738930854135,0.06816785079962973,0.25414442775154195,1.8227184610511966,0.05525744183777692,0.012756859418617424,4.331586640919938,0.030411578846070774,0.3623495803273331,456,294,53,54,-1,0.1693,730,0.5238500687241945,-0.002781,-0.002780579391925775,98.0,377.0,0.1875346,0.0825399,-0.0562577,-0.0247945,-0.055074,0.10416,0.1944311,0.8282912,-0.5150544,0.4143267,-0.6815818,-0.3003939,-0.6672404,783.0,372.0,-0.1484607,0.0385465,-0.0246487,-0.0294284,0.0034992,0.2190515,-0.530888,0.7172423,-0.3946364,0.5228803,-0.6394532,-0.7634521,0.0907773,-0.025703794369645042,1.0,0.0015107167494097312,289.78408068144887,0.0,256,2.109619981913221e-10,3.948765953140674e-11,5.344821916121169e-11,4.835889414250596e-07,0.00013539395375834727,-1.7871275309393806e-12,27.25850125392195,8.181416528793324,10.110305824037415,3.1398737371757925,1.2342333380705295,1.5811922015429525,0.003985002614664453,0.0,0.030356446284757782,1.1903126380754685,0.02073654816977473,0.7666749180560981,0.017428571157468292,621.4885148896635,289.78408951034453,0.6091696183332527,0.6091702875225113,0.609170287691728,0.7614628594031392,5.365545194733602e-06,807,0.2386,0.2346,-0.23834,0.002147,2,0.0413,-0.5881,6.9e-05,12.017,6.0083,2.0,0.35335,0.68794,1.69951,0.17067,0.989,0.982,0.9929,0.5128,4.811,2.1013,0.5309,4.3844,24.6447,5.1226,83,0.0256,0.9865,46,0.0883,-0.5994,0.0,0.0830574,0.1105723,-0.1421006,0.0206753,0.0177776,-0.0366497,0.0456805,198.0,179.0,0.1511588,0.1018011,0.1951206,0.0403185,-0.0466075,0.0991713,0.1167596,197.0,175.0
139,1638,139584,2.5842617083310862e-11,0.0015732200207611469,0.00012186342726775425,0.0015732200207611469,0.6370603917118957,7.226350820500614,5.8571914059205685,-11.358545165823884,12.535611114530155,-0.047200541683207954,12.535611114530155,0.012060479903798438,12.563023496634298,6.580095971205674,-3.497539576763218,3.7691250816785833,-0.016508475125844965,3.7691250816785833,0.22025725633684745,2.111443349501843,1.219848226699341,0.2539910235402271,1.2963280243916175,0.8167225419854954,0.014137102537103619,1.9396720184926413,1.0770810075312367,0.0007973028796876003,1.4141582199461764,0.8866652403884371,3.142320396880833e-05,-0.7403632665897972,0,0,0,0.013286424897493813,0.5362870918417701,748,0.1644,0.22601,0.9703981717253379,-0.17633352808655298,1.3956464231097212,0.05321813198221168,0.24639089080424276,1.8220391027778893,0.05748427941745658,0.013288818793237657,4.325762907287808,0.031702813590634794,0.36206174145969483,462,288,55,56,-1,0.1661,730,0.5237194142270094,-0.002337,-0.0023371513567449487,98.0,377.0,0.1879804,0.1163673,0.1095255,-0.0357697,0.0163109,-0.0604529,0.3267682,-0.9157751,0.2256633,0.4134507,0.941205,-0.3073863,0.1401671,783.0,372.0,-0.152178,0.0538342,0.0178444,0.0360544,0.035774,-0.8066819,-0.3591838,0.1183457,0.4541427,0.5218803,0.3314698,0.6697301,0.6645219,-0.02564102564102564,1.0,0.001554849628982481,289.78411214024226,0.0,256,1.847523160373537e-10,3.5207561610137326e-11,5.0495615524072286e-11,4.98412177967128e-07,0.0001386007422958943,-8.995978210394278e-12,34.982585084390216,9.580819003780661,12.07677011891169,3.1383918851397024,0.9602097429252914,1.2831297990577741,-0.0016548872774708734,0.0,0.03103300989808269,2.0695108372608573,0.019243647055749467,0.4447113791098627,0.05311379054621145,621.4885626068582,289.78411175964357,0.6091696104249374,0.609170287516539,0.6091702876917169,0.7614628593956737,5.428938154021457e-06,807,0.2359,0.2321,-0.24156,0.010133,2,0.0398,-0.597,0.000258,12.016,6.0081,2.0,0.3528,0.68549,1.69834,0.17055,0.989,0.982,0.9929,0.5128,4.8114,2.1015,0.5309,4.3374,24.6837,5.1303,83,0.0443,0.735,46,0.0532,0.3484,-0.0,0.1804052,0.0715511,0.4320358,0.0794676,-0.0650075,-0.0239059,0.1054162,198.0,179.0,0.1360236,0.0668613,0.3408944,-0.0467939,0.0079154,0.0668329,0.0819692,197.0,175.0
140,1638,139584,3.563012698563561e-11,0.0016127793649618673,0.00012564510236125643,0.0016127793649618673,0.6375304748745293,7.226203502781899,5.85730156745406,-11.351782811181305,11.932365785470846,-0.04659619547820474,11.932365785470846,0.02517264719968218,12.556932771769889,6.553551400840712,-3.5419329095484935,3.8188919858507475,-0.01694181132814109,3.8188919858507475,0.22289467391136322,2.1117488010559358,1.2221361907706538,0.25515480626498105,1.2819157472807357,0.8183313306867388,0.014137116679219243,1.953813378816458,1.0860485265093671,0.0019839706586806116,1.4141851077740815,0.8697650373621572,7.607372947451435e-05,-0.7384491321704915,0,0,0,0.013935653728043024,0.5361667475761933,748,0.1649,0.23006,0.9782318476268448,-0.1809920698187751,1.4110999305507248,0.007582148981861865,0.24749819721558128,1.8290747764473618,0.060286058990631795,0.01393877344309688,4.325061974551873,0.033299395532861355,0.3539268625482299,459,291,53,54,-1,0.1666,730,0.5235945330001215,0.005202,0.005202071019268617,98.0,377.0,0.1908493,0.0992938,0.0486042,-0.0220031,0.0837422,0.2816182,-0.3690691,0.5131002,-0.7219469,0.4116905,0.4894987,-0.2215961,0.8433778,783.0,372.0,-0.1529723,0.1427018,-0.0002191,-0.0816884,-0.1170075,0.5722592,-0.3634674,0.3770183,-0.6310849,0.5224843,-0.0015352,-0.5724414,-0.8199442,-0.02564102564102564,1.0,0.0015732200207611469,289.78413269706266,0.0,256,1.2903175376034518e-10,2.194163915342801e-11,3.032192000085456e-11,4.53252047463136e-07,0.0001432022139439785,4.399880830600663e-12,36.495606457875446,9.449188684242852,11.831146739797505,3.1069951477864497,1.2291290403470638,1.596895799760988,0.08703194401680456,0.0,0.01774325561354776,2.3494874939195514,0.02514258680739197,1.4006328471124785,0.0572762014220854,621.4885042467822,289.78408454784307,0.6091695933944486,0.6091702875238294,0.6091702876917127,0.7614628594047868,5.565451834521295e-06,807,0.2321,0.2282,-0.24375,0.003197,2,0.0394,-0.5899,7.6e-05,12.016,6.008,2.0,0.35236,0.68355,1.6982,0.17022,0.989,0.982,0.9929,0.5128,4.8118,2.1017,0.531,4.3378,24.686,5.1303,83,0.0639,-0.5192,46,0.0239,0.6442,1.0,0.1439268,0.1519242,-0.0270318,-0.0457567,0.0567852,0.0840624,0.1112867,198.0,179.0,0.1325713,0.1573933,-0.0856036,-0.0261434,0.0029566,0.0414051,0.0490571,197.0,175.0
141,1639,139585,0.0,0.0016623255345616557,0.00012802380719368437,0.0016623255345616557,0.635045803129163,7.222354171296296,5.8575960896367185,-11.32787259478997,11.990285165682979,-0.045541950263539716,11.990285165682979,0.006298400422637393,12.563039007602331,6.57117999804435,-3.578454308885408,3.8404853626543924,-0.017287785355777612,3.8404853626543924,0.22417532292580347,2.111855535585024,1.2234748541513252,0.255419723164185,1.2598035226367248,0.817814720291983,0.0,1.9678667756953667,1.0940782417347272,0.0032612461795170633,1.4142037872077882,0.9277754104958106,0.00011565590436125177,-0.7364313252929251,0,0,0,0.013590151142215505,0.5359085495409401,749,0.1661,0.22888,0.983191566068733,-0.18279322922925906,1.4169196538842346,0.0540951128658161,0.24948989599946264,1.8243301149998694,0.060057075715461816,0.013593308227538623,4.418135358234021,0.03319795980753316,0.3521673545416608,463,288,58,59,-1,0.168,731,0.5233443202810188,0.004013,0.004013093378155919,98.0,377.0,0.1862571,0.1255721,0.098002,-0.0639326,-0.0455696,-0.5256028,-0.0777309,0.8344374,-0.1463347,0.410023,0.7804437,-0.5091307,-0.3628961,783.0,372.0,-0.1550292,0.0249951,-0.003286,0.0237288,-0.0071346,-0.1395925,0.7148856,-0.5298924,-0.4343577,0.5234282,-0.1314663,0.949337,-0.2854398,-0.02564102564102564,1.0,0.0016127792965375102,289.7841098705951,0.0,256,8.149654550237302e-11,1.6247299719831265e-11,2.231698033229325e-11,5.233693128503445e-07,0.00014599742504250356,-1.4183006900748506e-12,36.8290147867803,10.004018221898715,12.883306369722504,3.133560418968348,0.9471408822806815,1.2211645737060293,0.02340988500093833,0.0,0.028164033885136015,2.235984297441468,0.03578901744202003,2.336749295771643,0.015354387967179764,621.4885370332289,289.78409983531884,0.6091695720651086,0.6091702875197527,0.609170287691728,0.7614628593996908,5.73642769049902e-06,807,0.2317,0.228,-0.24905,0.008667,2,0.0397,-0.5906,0.000103,12.014,6.0069,2.0,0.35218,0.68272,1.69586,0.1711,0.9891,0.982,0.9929,0.5131,4.8176,2.1042,0.5316,4.2717,24.7893,5.1456,83,0.0404,-0.7121,46,0.0846,0.935,-0.0,0.2123585,0.0977714,0.369481,0.0615336,-0.047561,-0.1143588,0.1382981,198.0,179.0,0.0733944,0.0944609,-0.1255038,0.0162945,-0.0680532,0.0485124,0.0851482,197.0,175.0
142,1639,139585,2.709179456617049e-11,0.0016921266703163991,0.0001312145582859863,0.0016921266703163991,0.6354737156542869,7.222136716313949,5.8577056003702905,-11.318285924999586,11.962652230106126,-0.04590987764289017,11.962652230106126,0.01091408426936269,12.559157104700645,6.57174988733008,-3.633842791764336,3.9371714086324467,-0.01735465526817518,3.9371714086324467,0.22682811504744424,2.1118012701808655,1.2256760761014176,0.25658038546930484,1.237982896462762,0.8266452676618704,0.014137923501424827,1.9817872211632757,1.1030688100982446,0.0004558650464074887,1.4141628064243457,0.8894081679334384,0.0001693402448675162,-0.734355881481436,0,0,0,0.014268153566140437,0.5358377401373222,749,0.1707,0.22539,0.9909623915948543,-0.18397982223044967,1.432664887834607,0.039732594054654354,0.2505248410598566,1.8228424861003987,0.06252003390959356,0.014271122458260796,4.380877123887618,0.034598292343994044,0.3397340195282155,466,285,55,55,0,0.1726,731,0.5232685107744092,0.000669,0.0006688287510820956,98.0,377.0,0.1915498,0.1299656,0.0436412,-0.0597949,-0.1068227,0.9455029,-0.2323937,0.2280735,-5.97e-05,0.4092125,0.3357902,-0.4600822,-0.8219303,783.0,372.0,-0.1582083,0.049385,0.0118576,0.0224584,0.0423545,0.2723409,0.2255597,-0.7372536,-0.5756825,0.5231073,0.2401053,0.4547605,0.8576377,-0.026235509456985967,1.0,0.0016623255345616557,289.78412345749666,0.0,256,1.485072492979658e-10,1.9531718145013562e-11,2.941726873601852e-11,5.094317256047567e-07,0.00014979957030856545,5.613356034583137e-12,37.60084472628105,10.18075511088252,13.184647057097875,3.1395369512156983,1.252589536084153,1.5948966571813643,0.013624726881443401,0.0,0.014801021417685292,2.0667870396745567,0.011974533295064855,1.790353084495245,0.029729005811039745,621.4885891305479,289.784124126957,0.6091695592357884,0.6091702875131744,0.6091702876917164,0.761462859391468,5.8392663000926284e-06,807,0.231,0.2274,-0.25145,0.007138,2,0.0408,-0.5631,0.000126,12.015,6.0075,2.0,0.35179,0.67975,1.69605,0.16987,0.9891,0.982,0.9929,0.5131,4.8181,2.1045,0.5317,4.2485,24.8104,5.1494,83,0.0666,-0.2105,46,0.114,0.8893,2.0,0.1138856,0.1543801,-0.1509492,-0.0031618,-0.0093588,-0.0026935,0.0102391,198.0,179.0,0.0734475,0.053997,0.1526192,0.0342619,-0.0158508,-0.00171,0.0377896,197.0,175.0
143,1639,139585,8.061780214266054e-11,0.0017315372333751463,0.00013481344432447273,0.0017315372333751463,0.6358773672672055,7.221895769400902,5.85781841413454,-11.897951429517693,11.176711231006973,-0.046536433091801645,11.897951429517693,0.0053061315345206,12.562327099949556,6.545284130030358,-3.6758343827768964,3.979026867546462,-0.017815172827260663,3.979026867546462,0.22948497534463191,2.11154601265294,1.2278897368440749,0.25778782995262023,1.2965923157527872,0.8182302046513686,0.014137937643540452,1.995909277488351,1.1119312036278266,0.001911224927675259,1.4141843076591547,0.8714913101618637,0.00023131697359819652,-0.7322168006214715,0,0,0,0.01493653353692437,0.5357421031537866,749,0.1699,0.22961,1.001824926398132,-0.18622638330843497,1.4501890058063707,0.026789809561001843,0.2584030711490355,1.8317969954601816,0.06516977444554141,0.014940209368013466,4.36203890054365,0.03609498972134402,0.3506873514301608,461,290,59,59,0,0.1712,730,0.5225149825946348,0.003569,0.0035688606857757765,98.0,377.0,0.1937043,0.0420186,0.0197769,-0.0074593,-0.0363152,-0.8857516,0.1424489,-0.4012794,-0.1847356,0.4084398,0.4706702,-0.1775249,-0.8642653,783.0,372.0,-0.1584827,0.0641147,0.0249006,0.0579456,0.011531,-0.2727506,-0.5319361,-0.4074198,-0.6904058,0.5237008,0.3883752,0.9037804,0.1798489,-0.026235509456985967,1.0,0.0016921266703163991,289.78414591139534,0.0,256,2.2904467848812935e-10,3.695614020134414e-11,5.477463009419465e-11,5.494260802245497e-07,0.00015409151902772602,2.153134699543393e-12,24.897594926995712,7.194315568851192,8.931465619892556,3.1206289962694345,1.2742415418586688,1.5590219087577568,0.03143701098240068,0.0,0.02577666370359828,2.4108263825081577,0.005560946159446553,2.0493905277339515,0.034209290248226644,621.4887294161418,289.7841895385167,0.6091695422701169,0.6091702874948469,0.6091702876916933,0.7614628593685586,5.9752646827717925e-06,807,0.2328,0.2289,-0.24936,0.004108,2,0.041,-0.5595,3.8e-05,12.016,6.0079,2.0,0.35164,0.67763,1.69529,0.17025,0.9891,0.982,0.9929,0.5131,4.8188,2.1048,0.5317,4.2491,24.8139,5.1494,83,0.1727,0.1572,46,0.2103,0.4469,2.0,0.0669227,0.0568409,0.0814602,0.0490282,0.0073138,-0.0042753,0.0497547,198.0,179.0,0.1725265,0.0800913,0.3659095,-0.0605101,0.0707585,0.0454394,0.1036001,197.0,175.0
144,1639,139585,4.9954098336860406e-11,0.0017815109571851174,0.00013756773358397146,0.0017815109571851174,0.6362563841934193,7.221608168794924,5.857932975245971,-12.37858098768266,11.906639893125941,-0.04554557134586192,12.37858098768266,0.00735051019533856,12.552017305084298,6.548070338106507,-3.7148172817226515,4.046293589621889,-0.018033979456679165,4.046293589621889,0.23103091921947155,2.111119734403814,1.2293056415747403,0.2597393379394864,1.3264718834517244,0.8196486168719771,0.02827978264519703,2.010051289272458,1.1206766193477342,0.0009464271949510827,1.4141871551081213,0.8276764218741481,0.0003136806566259229,-0.7299626722862079,0,0,0,0.014677808148134333,0.5356424117427252,749,0.169,0.23477,1.0054948277315943,-0.1898571963556795,1.4558233079544154,0.04220299708927511,0.260395321560222,1.8164790883439301,0.0650745235406861,0.01468074149455821,4.432645555730794,0.03604423578813107,0.35174749544042166,461,290,59,59,0,0.1709,731,0.5230647173507238,0.004975,0.004975211104064181,98.0,377.0,0.192692,0.0611056,-0.0173699,-0.0176125,0.0558747,0.9154388,0.2352191,-0.0129962,-0.3263048,0.407061,-0.2842596,-0.2882309,0.9143957,783.0,372.0,-0.161535,0.0482296,-0.0326378,-0.0085624,-0.034461,-0.2815617,0.8391128,0.3491858,0.3077045,0.5244103,-0.6767162,-0.1775332,-0.7145189,-0.026235509456985967,1.0,0.0017315372333751463,289.78420594208933,0.0,256,2.2976745326778325e-10,4.592403351049324e-11,6.072216730015593e-11,8.195551593082757e-07,0.00015757378529800402,-3.8949736533764874e-12,25.121153397184877,7.663702851992203,9.455262622756473,3.130627146008444,1.229057577781739,1.5593128494966517,0.07433838801052747,0.0,0.01820015992795526,2.61693782185635,0.02130526327308907,1.423526597000105,0.027972569214590442,621.4887704935048,289.78420869183327,0.6091695207565473,0.609170287489311,0.6091702876917066,0.7614628593616387,6.147715795927441e-06,807,0.2342,0.2305,-0.24864,0.00703,2,0.0411,-0.57,0.000141,12.014,6.0069,2.0,0.35172,0.67688,1.69289,0.17105,0.9891,0.982,0.9929,0.5131,4.8195,2.1051,0.5318,4.2497,24.8175,5.1494,83,0.1636,0.2878,46,0.1845,0.1624,3.0,0.031609,0.1630715,-0.6752733,0.0541148,0.0204239,-0.0479262,0.0751163,198.0,179.0,0.0871085,0.0479759,0.2896903,0.0179771,-0.0301671,-0.0257018,0.043518,197.0,175.0
145,1640,139586,0.0,0.0018366131857429143,0.000140444029333168,0.0018366131857429143,0.6393545790652598,7.224900446015827,5.857988534991448,-11.272536277872613,11.176194307080532,-0.04554839525813781,11.272536277872613,0.004266837038102489,12.558294921221952,6.594311327105061,-3.762065727387336,4.0714295517999775,-0.01809484433664819,4.0714295517999775,0.2327320628272402,2.1105251825987437,1.230468108927988,0.20364245405186332,1.3676776842259222,0.8199561917906059,0.0,2.024192063327981,1.1287286156299492,0.0007465360780601893,1.4141801168621986,0.8884534917896001,0.00040330308878468087,-0.7275947531343708,0,0,0,0.014472246387353721,0.535544995880294,749,0.1714,0.23782,1.0126835305467043,-0.18954682959948643,1.4624239095502742,0.11802698623709185,0.26097733498554604,1.8103811582571214,0.06508235267699923,0.014474568881274711,4.496324084732789,0.036088542839326915,0.36172741681929305,463,288,60,60,0,0.1731,731,0.5229626166014816,0.003472,0.003472092074700006,98.0,377.0,0.1925159,0.1048859,0.0852067,-0.025257,0.0557042,-0.0857394,-0.6421113,-0.4766866,0.594232,0.4056098,0.812375,-0.2408041,0.5310934,783.0,372.0,-0.1610975,0.0276171,0.017143,0.0122095,-0.0178815,0.8465793,0.3573735,-0.3763023,0.1182552,0.5250483,0.6207399,0.4420995,-0.6474797,-0.026235509456985967,1.0,0.0017815109571851174,289.7842312704675,0.0,256,2.8588302722229354e-10,4.246304981348239e-11,6.24704865211798e-11,5.587691952644853e-07,0.00016067247879592272,3.1834992794952528e-12,24.033687070638923,7.187445377471851,8.914369460296749,3.1089613489357064,0.9102493310071158,1.2297413490020754,-0.2540018499127147,0.0,0.031072715220071746,2.007747722697754,0.015854121226507624,1.4997946342555304,0.06247207425801437,621.4888096705096,289.78422695906164,0.6091694970351574,0.6091702874839595,0.609170287691728,0.7614628593549494,6.337864572602759e-06,808,0.2322,0.2284,-0.24752,0.011103,2,0.0412,-0.5604,7.6e-05,12.012,6.0058,2.0,0.35154,0.67579,1.69076,0.17009,0.9891,0.982,0.9928,0.5128,4.8154,2.1033,0.5314,4.2935,24.778,5.1456,83,0.0794,0.5547,46,0.1024,-0.5015,2.0,0.0676664,0.1765266,-0.4457958,-0.0086604,0.0008016,-0.0483548,0.0491308,198.0,179.0,0.0490176,0.0162016,0.503164,0.0072059,-0.0032929,-0.0140334,0.0161153,197.0,175.0
146,1640,139586,2.173980120063297e-12,0.0018630545200186027,0.00014350405759506777,0.0018630545200186027,0.6396799495891328,7.224582916343406,5.85810512169542,-11.257491753021391,12.23081192718985,-0.04581249955496146,12.23081192718985,0.009445630186168815,12.561791953388196,6.57335577055493,-3.814691678790384,4.0994581334005735,-0.01849876306461429,4.0994581334005735,0.2352183534312027,2.109762742688297,1.2324963539740195,0.259565621089068,1.2784559262645026,0.8199246059993656,0.014141638287887939,2.038333368956386,1.1377076902426135,0.0004987049967818402,1.4141655664763029,0.8973268070615033,0.0005413160316313947,-0.7251713816135902,0,0,0,0.014952669080568047,0.5354741312734033,749,0.1743,0.24157,1.0238622693712098,-0.1899278436818412,1.478373516603241,0.08396908467597751,0.2610113967758425,1.8121459931948374,0.06734903851498457,0.014954993584098034,4.5034481717597155,0.03739187559536779,0.3641605052881829,463,288,56,57,-1,0.1757,731,0.5228903167587158,-0.007165,-0.007165094811595107,98.0,377.0,0.1957769,0.0449004,0.0170468,0.0115511,0.0399002,-0.4725146,0.5473728,0.1206747,0.6801107,0.4039006,0.3796579,0.2572604,0.8886377,783.0,372.0,-0.1653901,0.020937,-0.013451,-0.0127804,-0.0096999,0.3702548,0.363454,-0.5655023,-0.6411082,0.5241365,-0.6424539,-0.6104206,-0.4632922,-0.025609756097560974,1.0,0.0018366131857429143,289.78425182039643,0.0,256,1.4007701642015676e-10,3.680559223702678e-11,4.736068315627949e-11,5.832429287588683e-07,0.00016411368919461082,-4.245314163259931e-12,24.321492215266336,7.383934103597341,9.128075596777121,3.1288756487945713,1.3900610460156773,1.77684003843189,-0.07623732475458528,0.0,0.04501411849217625,0.714098531036445,0.02071632712559639,1.8266204447865777,0.023381854015445274,621.4888399648311,289.7842410845236,0.6091694856520407,0.6091702874797733,0.6091702876917271,0.7614628593497166,6.4291091642736744e-06,808,0.2318,0.2282,-0.25434,0.004951,2,0.0419,-0.5456,0.000253,12.011,6.0055,2.0,0.3514,0.67347,1.6898,0.17063,0.9891,0.982,0.9928,0.5128,4.8161,2.1036,0.5314,4.2704,24.8002,5.1494,83,0.0592,0.1596,46,0.1125,-0.8241,1.0,0.0468311,0.0901855,-0.316417,-0.0460995,0.0059374,0.0046649,0.0467137,198.0,179.0,0.0790284,0.0642734,0.1029641,-0.0213859,0.0611826,-0.018479,0.0673954,197.0,175.0
147,1640,139586,3.678114337174063e-12,0.0018996989778846207,0.00014721224918743403,0.0018996989778846207,0.6399837502730378,7.22424802512012,5.858225605345688,-11.244405867927691,12.191824494276474,-0.04791302744531145,12.191824494276474,0.0019947516487910377,12.534632144834617,6.562559044287707,-3.8668179545044374,4.172328654189629,-0.018896696683638796,4.172328654189629,0.2379700705969125,2.1088491275200703,1.2346740306492128,0.26048907433714624,1.29049145198679,0.8236986048837031,0.014141652430003563,2.0524747842205326,1.1465933162802107,0.0016730565838283251,1.4141880769226114,0.879780239871991,0.0006694715595736775,-0.7226315009625145,0,0,0,0.0155569443336622,0.5354267241595619,749,0.18,0.24352,1.034784565978905,-0.19308155657031012,1.4953393499024092,0.046737458047994104,0.2628433904663187,1.8172290976235634,0.0705098594937814,0.015562119048593746,4.5308649338569955,0.03924881888808076,0.3657781532591825,469,282,60,61,-1,0.1807,731,0.5228487058238153,-0.004343,-0.0043430719318788835,98.0,377.0,0.19328,0.1096576,-0.0145467,0.0112226,0.1081076,0.5984882,0.6967181,0.2793134,0.2799639,0.4016339,-0.1326557,0.1023423,0.9858643,783.0,372.0,-0.1657215,0.0156174,-0.0033439,-0.0070448,0.0135312,-0.1690368,-0.0917182,-0.6709135,0.716163,0.5238547,-0.2141157,-0.4510848,0.8664161,-0.025609756097560974,1.0,0.0018630545200186027,289.7842581575735,0.0,256,1.643940281392577e-10,3.993257261563793e-11,5.2589718379839245e-11,8.16142390177067e-07,0.00016854734703042548,3.757882472950605e-12,24.233436614676286,6.939403191511069,8.635613322947119,3.1302134194136024,1.236030193519246,1.525429132469218,0.1054497439558012,0.0,0.02375162665599816,1.690042419941295,0.021946749132192554,0.41484561640034084,0.04221289576946113,621.4888602177685,289.78425052794677,0.6091694698771367,0.6091702874769518,0.6091702876917265,0.7614628593461897,6.555563231692655e-06,808,0.228,0.2244,-0.25942,0.005575,2,0.0425,-0.5516,8.9e-05,12.01,6.0052,2.0,0.35127,0.67143,1.68924,0.16969,0.9891,0.982,0.9928,0.5128,4.8168,2.1039,0.5315,4.2711,24.804,5.1495,83,0.1493,-0.1148,46,0.1786,-0.2355,0.0,0.1591038,0.1169212,0.1528216,0.0376434,-0.0595706,0.0740299,0.1022062,198.0,179.0,0.0976842,0.0661484,0.1924879,-0.0533999,0.0503038,0.0258435,0.0777812,197.0,175.0
148,1640,139586,1.7789514142224218e-11,0.0019513344124508641,0.00015044219284503503,0.0019513344124508641,0.6402652704687698,7.223885612758665,5.858348332475058,-11.222421652343758,12.598638114095294,-0.04900136007230351,12.598638114095294,0.007996318643037889,12.565877672295594,6.598110738664074,-3.922341585301723,4.211423540164548,-0.019206516761153192,4.211423540164548,0.23987079262954092,2.1077721452291693,1.2358775354205007,0.28449381868489526,1.3718863290807755,0.817894281928971,0.0282837034341107,2.0666099552675785,1.1554653965184254,0.00017856189454745763,1.4141858335592878,0.8199094427191311,0.0007783074869976714,-0.72001866548049,0,0,0,0.015301694957044953,0.5354033130975561,749,0.1805,0.23863,1.0362276943745692,-0.1987405812124663,1.5010668905180993,0.02880938041821168,0.2611474151019706,1.8139920681911081,0.07091499204880634,0.015305761236237746,4.63322215434204,0.03956450372197746,0.36492397308507435,470,281,57,57,0,0.1801,731,0.5228349984424544,-0.006126,-0.006126277353095899,98.0,377.0,0.1846981,0.1096192,0.0696503,-0.0125633,-0.0837101,-0.3733637,-0.3168864,0.8032159,-0.339156,0.3998853,0.635384,-0.1146082,-0.763644,783.0,372.0,-0.1683932,0.0500478,-0.0117748,0.0226969,0.0430231,-0.9555096,0.0265897,0.2765967,-0.0989374,0.524185,-0.2352704,0.4535046,0.8596403,-0.025609756097560974,1.0,0.0018996989778846207,289.78426972937365,0.0,256,2.3151241044606404e-10,3.851309491375435e-11,5.491170683486243e-11,6.46427664208654e-07,0.00017212765543093202,-9.987864980418846e-12,30.19642096784212,8.772502222991946,10.96454333714,3.1371959497728095,1.1721724946122567,1.4993159757045555,-0.2004514253470535,0.0,0.021630326727671123,0.5614808444312935,0.027482124989180557,1.6515313561198668,0.01254868013078456,621.4889104517679,289.78427395076704,0.6091694476482463,0.6091702874698717,0.6091702876917203,0.7614628593373396,6.73374847381258e-06,808,0.2259,0.2223,-0.26878,0.003974,2,0.0422,-0.5479,0.00023,12.008,6.0039,2.0,0.35143,0.66962,1.68671,0.17093,0.9891,0.982,0.9928,0.5128,4.8176,2.1042,0.5316,4.2243,24.8447,5.1571,83,0.1555,-0.4234,46,0.164,-0.017,-2.0,0.1184753,0.1186994,-0.000945,0.0060388,-0.0460632,-0.0189266,0.0501648,198.0,179.0,0.0170995,0.0794505,-0.6457907,-0.0004554,-0.024629,-0.0360303,0.043646,197.0,175.0
149,1640,139586,5.001462586012555e-11,0.0020046445198867073,0.00015291178071868554,0.0020046445198867073,0.6405241089430621,7.2235008181384845,5.858472002949788,-11.913296166955975,11.17310062017866,-0.04503038278410065,11.913296166955975,0.0035247738220185454,12.560951442397123,6.569099584620894,-3.960225392320914,4.228542301226037,-0.01969422694661003,4.228542301226037,0.2416390788846412,2.1065335403421113,1.2370188041790806,0.30549907894627537,1.3334925490864489,0.8220617186988057,0.0424238598273075,2.0807508196459517,1.16412204562017,0.0005769704281541888,1.4141796689700228,0.8582951867067644,0.0008733623548725144,-0.7173049280886836,0,0,0,0.014961053450375428,0.535413460006895,749,0.1783,0.23851,1.0402293950949517,-0.1976375448041302,1.5078589138502838,0.05695105202594403,0.26784164059620963,1.802631687054618,0.07038792689129021,0.014964252915365319,4.703738121066891,0.03932176326226925,0.36925342096379316,468,283,55,55,0,0.1773,731,0.5228469283982219,-0.005006,-0.005006437174643219,98.0,377.0,0.181265,0.0343513,0.0012561,-0.0038602,0.0341106,0.0932165,-0.2585652,-0.7287689,0.6271766,0.3987768,0.0365674,-0.1123738,0.9929929,783.0,372.0,-0.1694005,0.1079071,-0.0404233,-0.0388237,-0.0922096,0.0793064,-0.3081933,-0.2827569,0.9048624,0.5237636,-0.3746117,-0.3597884,-0.8545282,-0.025609756097560974,1.0,0.0019513344124508641,289.784293089597,0.0,256,1.7269739340256753e-10,4.011044618325014e-11,5.072970028939838e-11,6.695021902566046e-07,0.00017498421047097302,9.253787102010983e-12,44.76016372191719,11.709561335461999,15.135437979094178,3.1366834434657953,1.1745487717065988,1.4698657518363771,0.1887284888695232,0.0,0.015747550307686153,1.0619001911797508,0.017247754594354747,0.9881131998303566,0.059304631498287956,621.488907453554,289.7842725527771,0.6091694246984041,0.6091702874702938,0.6091702876917066,0.7614628593378672,6.917713312138464e-06,808,0.2263,0.223,-0.26992,0.007921,2,0.0417,-0.5185,0.000135,12.005,6.0025,2.0,0.35168,0.66756,1.68419,0.16939,0.9891,0.982,0.9928,0.5128,4.8183,2.1046,0.5317,4.2249,24.8486,5.1571,83,0.0825,-0.5708,46,0.0749,0.8768,-2.0,0.0258832,0.071012,-0.4657481,-0.0237889,-0.0091914,-0.0180869,0.0312654,198.0,179.0,0.1803638,0.0777774,0.3974043,0.0076959,0.0279951,-0.0535803,0.060941,197.0,175.0
150,1640,139586,1.0556551582917387e-10,0.0020637113809077465,0.00015606682434863466,0.0020637113809077465,0.6407681632916808,7.223123219627632,5.85859534869177,-11.183494249662703,11.915318025978372,-0.04558248372793212,11.915318025978372,0.008901413341841075,12.565223487445904,6.561705226082536,-4.001052243241435,4.263200133617269,-0.019751791337180157,4.263200133617269,0.24281378455355276,2.1051352371540335,1.2378984813696388,0.2962965611824109,1.277679896978192,0.8251413201125279,0.05642556407657731,2.0948925191738046,1.1729965168626943,0.00020343985678261678,1.4141821873521856,0.8532333349777764,0.0008698697838268085,-0.7145190543539408,0,0,0,0.014862048973472297,0.5354061692811176,749,0.1748,0.24388,1.0467439883766694,-0.19443041616011342,1.5148938718396576,0.008425239559152765,0.2678783855744676,1.7883309595532533,0.0701133804519567,0.0148649411395947,4.7166941189696745,0.03919614387900997,0.38399762704235674,466,285,57,57,0,0.1737,731,0.5228260047711961,-0.003935,-0.003934996667313007,98.0,377.0,0.1876243,0.0561917,-0.0289474,0.0053299,-0.0478659,-0.5250458,-0.0489047,0.6144254,-0.5868703,0.3982137,-0.5151549,0.0948523,-0.8518324,783.0,372.0,-0.1708736,0.080743,-0.0187491,0.0744253,0.0250755,-0.4124089,-0.619544,-0.4213178,-0.5182427,0.5238029,-0.2322075,0.9217552,0.3105593,-0.025609756097560974,1.0,0.0020046445198867073,289.784294043035,0.0,256,1.418995967567896e-10,3.3381002224496626e-11,4.449792701335015e-11,9.093316411733812e-07,0.00017857247679493,6.947739153633426e-12,46.42025099744704,12.946557165754008,16.9516916875841,3.1275141995724405,1.311347574370854,1.6116047216449867,-0.19024033356705375,0.0,0.011269742938642474,1.4196461674401195,0.02604172416284816,0.19248371747283116,0.030115207775070475,621.4889018471486,289.78426993865463,0.6091693992702355,0.6091702874710914,0.6091702876916827,0.7614628593388642,7.12154383446907e-06,808,0.2271,0.2239,-0.26828,0.006203,2,0.041,-0.4912,-9e-06,12.005,6.0025,2.0,0.35179,0.66663,1.68198,0.17066,0.9891,0.982,0.9928,0.5128,4.8191,2.1049,0.5318,4.2256,24.8524,5.1571,83,0.0643,0.0117,46,0.1888,0.579,-1.0,0.1197914,0.0616413,0.3205053,-0.0750926,-0.0140967,-0.0487714,0.0906437,198.0,179.0,0.117719,0.1067986,0.0486391,0.0318596,-0.0335909,0.0626011,0.0778607,197.0,175.0
151,1642,139589,0.0,0.002122604857363333,0.00015856051234223512,0.002122604857363333,0.6347851620790778,7.215194040812042,5.859404682164975,-11.16470421596702,12.377383878858044,-0.04262384511759742,12.377383878858044,0.0016330738539971153,12.566302097866565,6.572587555159082,-4.035745313936309,4.3263298765294085,-0.019616764927819948,4.3263298765294085,0.2436877898410336,2.1035623631555955,1.2388118475838465,0.3437599944370222,1.3702600894016637,0.8333747382019339,0.0,2.1090122546672347,1.1800897164331225,0.0007974125054115433,1.414205189144606,0.8693268232956699,2.02429691871798e-06,-0.7116610306518696,0,0,0,0.014442173482768834,0.5354025706944339,751,0.1658,0.25083,1.051324826013364,-0.1912668705775829,1.520174987452668,0.07226388199546886,0.2692602536351661,1.7854413179956634,0.06918029975647597,0.014446946283003172,4.788575966248769,0.038778681313989,0.387623513207248,461,292,55,55,0,0.1648,733,0.5228721365420262,-0.005921,-0.005920595608265966,98.0,377.0,0.1964586,0.0825777,-0.0158535,-0.0126678,-0.0800455,0.5146999,-0.2847617,-0.735764,0.3356281,0.3954441,-0.1919828,-0.1534039,-0.9693347,783.0,372.0,-0.1717241,0.046826,0.0387724,-0.0160363,0.0207897,0.6405601,0.1279813,-0.3767003,-0.6568108,0.5239668,0.8280098,-0.3424668,0.4439778,-0.025609756097560974,1.0,0.002063711247720398,289.78428935013335,0.0,256,1.4636766195702703e-10,3.876469984952266e-11,5.1278220009685764e-11,7.525690369349765e-07,0.0001816201045145492,-1.5193597428468303e-11,20.411650197136147,5.565063612984886,6.747730262829158,3.120543747276232,1.0510356121018876,1.3323276225115033,0.019575392893834483,0.0,0.024707067710722654,1.7711031688640968,0.011312268300380837,2.319594121941152,0.05256474497512992,621.4889492697056,289.7842920505717,0.6091693739168916,0.6091702874643236,0.609170287691728,0.7614628593304044,7.324775412577941e-06,808,0.2274,0.2243,-0.26821,0.00504,2,0.039,-0.4779,0.000202,12.005,6.0027,2.0,0.3524,0.66652,1.68123,0.16956,0.9892,0.982,0.9928,0.5128,4.8308,2.11,0.533,3.9741,25.1533,5.2069,83,0.1832,0.2445,46,0.3085,0.4034,-2.0,0.0864119,0.0889987,-0.014747,-0.0309548,-0.0022629,-0.0109227,0.0329033,198.0,179.0,0.0955664,0.0377375,0.4338129,0.0398368,0.0138697,-0.0117636,0.0437918,197.0,175.0
152,1642,139589,2.587738605262237e-11,0.0021429347916169937,0.00016199894053755786,0.0021429347916169937,0.6349912902678381,7.214785693432901,5.859529276924433,-11.252961800795086,11.172116930080346,-0.0411184739827215,11.252961800795086,0.008000367017326093,12.554649739624818,6.556736667543613,-4.034321512897493,4.374670073698455,-0.01988880091387842,4.374670073698455,0.24646237731241685,2.102403939927089,1.2409423885825321,0.25193998126219286,1.340229191435121,0.830464360369545,0.01414014746795153,2.1231319529107116,1.1889424815300096,0.003988102229017687,1.4141641277989867,0.9006663676551592,1.0234848926570717e-05,-0.7087782569551996,0,0,0,0.015204424919947461,0.5352651589269395,751,0.1647,0.25371,1.0645401418153049,-0.1917247557939893,1.5367697465739867,0.03415458267526647,0.2680045301640088,1.7873669845780176,0.07239169176892668,0.015207896880368561,4.760138258326505,0.04060500493086188,0.38562220373357714,456,297,58,58,0,0.1637,733,0.5227519036542225,0.015067,0.015066906762341903,98.0,377.0,0.1983283,0.0720561,-0.0517998,-0.0299752,0.0401293,0.9238207,-0.1665804,-0.3357009,0.0781736,0.3949364,-0.7188808,-0.4159977,0.5569168,783.0,372.0,-0.1740083,0.091866,0.0139025,0.0908059,-0.0006108,0.609834,-0.4570015,0.5616093,0.3222533,0.5229371,0.151334,0.9884603,-0.0066492,-0.025578562728380026,1.0,0.002122604857363333,289.7843101684333,0.0,256,2.391726876250815e-10,4.109376430976811e-11,5.900604570999986e-11,8.203438202497647e-07,0.00018529893206324007,-1.2863298999101649e-11,19.528532069360537,5.341001594182229,6.538983959555905,3.1345307191547778,1.0552247757165136,1.3544087118390968,-0.030842692692306745,0.0,0.016193507161623214,2.6416529792275187,0.028848025365545243,1.9793899993878348,0.019306418043694897,621.4890503156133,289.7843391656763,0.6091693651650646,0.609170287449557,0.6091702876917169,0.7614628593119462,7.394929614853443e-06,808,0.2269,0.224,-0.2746,0.001037,2,0.0386,-0.499,0.00034,12.008,6.0039,2.0,0.35249,0.66607,1.68081,0.17074,0.9892,0.982,0.9928,0.5128,4.8315,2.1103,0.5331,3.9747,25.1572,5.2069,83,0.2361,0.274,46,0.3101,0.1318,0.0,0.1005523,0.096504,0.0205442,-0.0187829,0.0378735,0.0572087,0.0711339,198.0,179.0,0.0854712,0.1038042,-0.0968592,0.004674,-0.0277053,0.02625,0.0384511,197.0,175.0
153,1644,139592,0.0,0.002176119407592781,0.00016580626181654824,0.002176119407592781,0.6291193094925465,7.206415209486062,5.860740889351836,-12.57357094716318,11.167304724260791,-0.0428457156188902,12.57357094716318,0.034727225439725104,12.551154535396343,6.576269560256786,-4.083755636035043,4.410465020531238,-0.019395840676676095,4.410465020531238,0.24912434195058858,2.1005528539749996,1.243031842691274,0.35636818976457235,1.3156294973639338,0.8265134668003695,0.0,2.137230001174823,1.1965901324927026,0.0033105054255505584,1.414186299320739,0.8729008013774201,4.712366431471534e-07,-0.7057667766035487,0,0,0,0.015822134321496515,0.5353255644156488,753,0.1659,0.26008,1.0751018411306132,-0.19768453891679205,1.552703608110862,0.024479555743055034,0.2729824647360802,1.795012146390373,0.07569574548470702,0.015825891633690112,4.7830319603330365,0.04252759322269035,0.3830598833758229,459,296,67,67,0,0.1649,735,0.5228758921919805,0.024744,0.024743923946311863,98.0,377.0,0.2031586,0.0539619,0.0152374,0.0006357,-0.051762,0.5836305,0.1109334,-0.7982,0.0997294,0.3936204,0.2823726,0.0117809,-0.9592325,783.0,372.0,-0.1739939,0.0309734,0.0168816,-0.0102547,0.023858,0.9607095,-0.0707412,-0.2666552,0.0304612,0.5228849,0.5450365,-0.3310822,0.7702725,-0.025578562728380026,1.0,0.0021429347916169937,289.7843623872114,0.0,256,2.337567697910084e-10,5.366835548691832e-11,7.256985864462177e-11,9.249798687293037e-07,0.00018974135640493472,-4.055343534289325e-12,23.56035491338952,6.243463928463958,8.021531971189606,3.113895240203164,1.072893841334057,1.3562052813979206,-0.05700912622304058,0.0,0.042866647650640154,1.841874385272408,0.04167139605160989,0.17422526707630653,0.02699232999002991,621.4891933584715,289.78440586287735,0.6091693508794137,0.60917028742786,0.609170287691728,0.7614628592848249,7.509442756635067e-06,808,0.2257,0.2236,-0.27741,0.002178,2,0.0385,-0.5138,0.000312,12.011,6.0055,2.0,0.35247,0.66544,1.6805,0.16903,0.9892,0.9821,0.9928,0.5128,4.8438,2.1157,0.5345,3.8178,25.3881,5.2414,83,0.1983,0.3944,46,0.2199,0.1451,-1.0,0.0843961,0.0701805,0.0919647,0.0562041,-0.017634,-0.018366,0.0617022,198.0,179.0,0.0486088,0.0753361,-0.2156388,-0.0225266,-0.0141662,-0.0552246,0.0613016,197.0,175.0
154,1644,139592,4.237272652258059e-11,0.002204097633992374,0.00016905606553345722,0.002204097633992374,0.6292893265804608,7.205960447518632,5.860871487998356,-11.885067284591207,12.055465015596894,-0.046859793645944545,12.055465015596894,0.030422901322152023,12.563024304962669,6.582391228110615,-4.123421209133418,4.462233362852013,-0.01933264551786656,4.462233362852013,0.2517500808761901,2.0985528208120448,1.2450551281348206,0.32259061620844537,1.3641561929336512,0.8283383523348361,0.014139234246496574,2.151370151892255,1.2056564424348144,0.0009123570927488389,1.414165731193394,0.9091334476398675,2.3828745772665183e-05,-0.7026595980470847,0,0,0,0.01637481998277213,0.5352890782954594,753,0.1686,0.27296,1.0832928692773534,-0.19999898054936516,1.5698401077587882,0.0437061835649806,0.2750690705875306,1.7980187643733923,0.07826271472529225,0.01638302639497945,4.777060894516762,0.044014533635724454,0.3918662045225414,458,297,65,66,-1,0.1673,734,0.5221979833589308,0.019759,0.019758678532957097,98.0,377.0,0.2175195,0.070168,0.0377914,-0.0380574,-0.0452437,0.4544821,0.1444364,0.708501,-0.5202024,0.3919051,0.5385843,-0.5423762,-0.6447906,783.0,372.0,-0.1778202,0.0400528,0.0093043,-0.0045443,0.0386911,-0.0886134,-0.205209,0.5162095,0.8267797,0.5223836,0.232301,-0.1134583,0.9660039,-0.025547445255474453,1.0,0.002176119407592781,289.78443214042767,0.0,256,2.491165970762481e-10,3.939725452394653e-11,5.298256931210024e-11,1.033569952269625e-06,0.00019367958731237206,6.764530781320141e-13,23.7783334329757,6.813616705443648,8.612421405305856,3.132109235419461,1.1192443774551297,1.4324651225742153,-0.020909124271005275,0.0,0.01756630609617165,2.2214126798055247,0.03076457315481802,0.2776378831354842,0.018152776724231153,621.4891816249271,289.7844003918278,0.609169338834687,0.6091702874296725,0.6091702876917098,0.7614628592870906,7.60599131979546e-06,808,0.2251,0.2231,-0.28107,0.000891,2,0.0391,-0.5085,0.000268,12.015,6.0075,2.0,0.35188,0.66345,1.67946,0.16988,0.9892,0.9821,0.9928,0.5128,4.8446,2.116,0.5346,3.8184,25.3922,5.2413,83,0.0992,0.6171,46,0.0546,-0.0171,2.0,0.1389541,0.0744654,0.3021684,0.0420931,-0.0097787,-0.0960072,0.1052846,198.0,179.0,0.0289685,0.0583412,-0.3364191,-0.0246227,0.0009453,-0.0208121,0.0322539,197.0,175.0
155,1644,139592,1.2376409751953663e-10,0.0022465530571721135,0.00017299173120650257,0.0022465530571721135,0.629441356389155,7.205487362579317,5.861005650814787,-11.365494316243351,11.170481851279094,-0.05153598951728652,11.365494316243351,0.0006536367506555507,12.539691599522858,6.589983876109568,-4.155155712956001,4.5209545928458725,-0.019781020738676765,4.5209545928458725,0.2547071658700564,2.0964122141212,1.2470963146859728,0.3292809233343552,1.354112644132857,0.8292317571126292,0.014139248388612198,2.165511238990421,1.2147318874076967,0.00667914069247777,1.4141726223641686,0.9479654032323457,4.224718937047674e-05,-0.6994421164177517,0,0,0,0.01699720938578685,0.5352881487490045,753,0.1714,0.28186,1.0944765552890368,-0.20458885478238464,1.5866280258188925,0.06700061281315926,0.2687754156709137,1.7967545949459371,0.08094047433103382,0.01700694216604586,4.759260867754959,0.045586042900741655,0.4011613186540075,458,297,63,64,-1,0.1702,734,0.5221979939027829,0.007992,0.007992168538673017,98.0,377.0,0.2210175,0.1152949,-0.1013007,0.0550524,-0.0005525,-0.7006948,0.4192567,-0.5614327,0.1343277,0.3897153,-0.8786231,0.4774918,-0.0047923,783.0,372.0,-0.1773327,0.0573022,-0.0455851,0.0334543,-0.009293,0.1496471,0.0046398,-0.0854518,0.985029,0.522519,-0.79552,0.5838213,-0.1621746,-0.025547445255474453,1.0,0.002204097633992374,289.7844249002578,0.0,256,2.0324963599160308e-10,2.4891357383095862e-11,3.618774247231004e-11,1.0263260109774071e-06,0.00019842841769721054,3.5611552561226433e-12,23.853083756786432,7.3193824751561065,9.07485183160529,3.1282805182557025,1.0399701871676497,1.3720148522488937,-0.009128134223246293,0.0,0.027265511863221854,0.7717699611423335,0.021400205450497277,1.1312770366282014,0.047304403735227145,621.4891220446389,289.7843726110737,0.6091693205576684,0.609170287438793,0.6091702876916748,0.7614628592984912,7.752498994096083e-06,808,0.2233,0.2213,-0.28185,0.005219,2,0.0393,-0.4972,2.7e-05,12.018,6.0089,2.0,0.35182,0.66253,1.67881,0.17017,0.9892,0.9821,0.9928,0.5128,4.8454,2.1164,0.5347,3.819,25.3966,5.2414,83,0.0595,-0.0983,46,0.1719,-0.4921,0.0,0.2039156,0.0826882,0.4229793,-0.1030972,0.0735848,0.0611103,0.1406351,198.0,179.0,0.1385819,0.0795655,0.2705346,0.0193963,0.0366818,-0.0766875,0.0871937,197.0,175.0
156,1645,139593,0.0,0.002297742903974942,0.00017735977012501327,0.002297742903974942,0.6267315755856828,7.201423831827448,5.861269771478877,-12.143948810263781,12.363460518304626,-0.05720623774888991,12.363460518304626,0.011373379845677834,12.557712079036792,6.609245427065848,-4.187317168432981,4.5748917583383895,-0.02009307442692067,4.5748917583383895,0.2569687583187586,2.094116140713376,1.2482994336507611,0.36161353442411404,1.2688680305095632,0.8353029512736982,0.0,2.1792739464382205,1.223417365577058,0.005610639577553811,1.4141710091142834,0.9286370080185193,4.433867897905655e-05,-0.6961556734067237,0,0,0,0.017239862932369558,0.5349768827504505,754,0.173,0.29036,1.1026914349158614,-0.2068526869754204,1.600342280960477,0.08284337850303877,0.26805815264273386,1.793974030216619,0.08312107765291617,0.01725283252713793,4.817822089339269,0.04681919025480623,0.4030979126119653,460,296,68,69,-1,0.1717,735,0.5219031705294582,-0.011417,-0.01141677994029533,98.0,377.0,0.2209865,0.1200836,0.0238215,0.0293014,0.1139914,0.4161894,0.2570713,0.0028148,0.872177,0.3866534,0.1983741,0.2440084,0.9492669,783.0,372.0,-0.1796368,0.0481356,0.0164865,0.0071987,-0.0446476,0.0149436,0.7862748,0.4135554,-0.4588253,0.5228377,0.3425016,0.1495513,-0.9275382,-0.025547445255474453,1.0,0.0022465530571721135,289.7843899050736,0.0,256,1.5737812767830487e-10,2.4030402226344006e-11,3.368584758779308e-11,8.952550537340437e-07,0.00020369952827426163,-1.888686305743008e-12,30.59201071736331,8.828355281351982,10.755531345819769,3.1407984034482217,1.2454012919368662,1.5852163640047523,-0.09189023014663697,0.0,0.03641465664079817,1.148255624749104,0.015695210381336994,1.5783207470277472,0.024232738953497972,621.4889369284365,289.78428629615576,0.6091692985205719,0.6091702874660953,0.609170287691728,0.761462859332619,7.929149414356714e-06,808,0.2215,0.2195,-0.28815,0.001885,2,0.0393,-0.4998,0.000135,12.017,6.0084,2.0,0.3514,0.6619,1.67886,0.16965,0.9892,0.9821,0.9928,0.5131,4.8514,2.119,0.5353,3.7521,25.5025,5.2567,83,0.1665,-0.3521,46,0.2689,-0.3253,-1.0,0.0697356,0.2707036,-0.59032,0.051198,0.0055148,-0.0937484,0.1069599,198.0,179.0,0.0707069,0.1007751,-0.1753429,0.0327946,-0.026886,0.0680655,0.0801951,197.0,175.0
157,1645,139593,3.7357399256141096e-11,0.00233603308626878,0.00018096516102235737,0.00233603308626878,0.6268488988278309,7.200916603922517,5.861407003095278,-11.36781089562774,12.127016113261613,-0.05875244586390086,12.127016113261613,0.004473372739718706,12.5359767657092,6.571616722054903,-4.254108193460558,4.639750230271736,-0.020423322473953318,4.639750230271736,0.2596761316739242,2.0916763047365143,1.2502564714301345,0.31873171201591455,1.3583974253161877,0.8333698742799351,0.014131139624464571,2.1934151744082966,1.2325740845726159,0.0013496764074168999,1.4141671899567814,0.914417812034308,7.142037582419643e-05,-0.6928015319361426,0,0,0,0.01728256632913159,0.5349632780584495,754,0.1728,0.28701,1.1117381323728934,-0.21217775416486623,1.6160365195069046,0.050324102206554415,0.26581160480498506,1.7933352699569722,0.08529185059802359,0.017294250496296338,4.931803816319726,0.048114609615632443,0.4198529558619431,457,299,62,63,-1,0.1714,735,0.5218909343332787,-0.018228,-0.01822849283271455,98.0,377.0,0.2144706,0.0244615,-0.0043224,-0.0164994,0.0175343,-0.2839469,-0.3126599,0.8549001,-0.3012701,0.3816088,-0.1767029,-0.674505,0.7168117,783.0,372.0,-0.1825231,0.0464554,-0.0236243,0.0097948,-0.0387821,0.634323,0.0840704,-0.3396753,0.6893382,0.5225455,-0.5085383,0.2108439,-0.8348255,-0.026139817629179333,1.0,0.002297742903974942,289.7843059939498,0.0,256,1.536966564123299e-10,2.2440635568217986e-11,3.0674494740208315e-11,7.89412319629363e-07,0.000208114429207468,-3.0586285849386525e-12,24.478727016568595,7.181345870308385,9.063420064484221,3.1370387296066227,1.2599889019719939,1.5537175943927402,0.05569921975512966,0.0,0.033273523190305514,1.3665762966106456,0.02913311529167001,1.1450658573353847,0.01750371125658285,621.4889911640929,289.7843115848456,0.6091692820369132,0.6091702874582579,0.609170287691712,0.7614628593228223,8.061282108382239e-06,808,0.2229,0.2215,-0.2941,-0.001017,2,0.0395,-0.4546,0.000159,12.014,6.0071,2.0,0.351,0.66017,1.67748,0.16944,0.9893,0.9821,0.9928,0.5131,4.8523,2.1194,0.5354,3.7288,25.5255,5.2605,83,0.1616,-0.5709,46,0.1986,-0.3692,-1.0,0.095383,0.1753882,-0.2954718,0.0585424,-0.040238,-0.1027394,0.1249068,198.0,179.0,0.1784246,0.0559776,0.5223802,-0.0654461,0.058735,-0.0541946,0.103296,197.0,175.0
158,1645,139593,3.7410237628504545e-11,0.002380470142374653,0.00018553587847004914,0.002380470142374653,0.6269511942086411,7.200390968621234,5.861547982983921,-11.17642428380559,11.539455060540794,-0.060546262572103986,11.539455060540794,0.01272670095195461,12.535132486220313,6.583669754215284,-4.2811799921053675,4.710044115907821,-0.020884944360268703,4.710044115907821,0.2624540714751739,2.0891017028697294,1.2522174833939004,0.23471760311621448,1.3223313492053763,0.8349659383716025,0.014131153766580196,2.2075548595326873,1.2416244438199753,0.0019060812511331182,1.4141807633981016,0.9316340326704431,0.00013826403989253494,-0.6893346164508087,0,0,0,0.01791541992855388,0.53495782790346,754,0.1734,0.2895,1.1241945443626664,-0.2166473512206864,1.6337579403107108,0.02001833370642325,0.26766927571252885,1.796042756374216,0.08867762514615389,0.01792434894098843,4.947327539655887,0.05006570118580582,0.4254089247441166,453,303,58,59,-1,0.1719,735,0.5218887627388901,-0.011725,-0.011724682961434585,98.0,377.0,0.2150518,0.0665403,0.0031772,0.0203107,0.063285,0.9828217,0.1524032,0.0020507,0.1040702,0.380265,0.047748,0.3052397,0.9510777,783.0,372.0,-0.1833509,0.0467101,0.0114863,0.0090787,0.0443562,-0.1673216,0.3128461,-0.9275922,0.1170621,0.5227423,0.245906,0.1943617,0.9496072,-0.026139817629179333,1.0,0.00233603308626878,289.7843358858212,0.0,256,1.866507087020429e-10,3.8086207482136116e-11,4.9672696767756455e-11,9.674875667141414e-07,0.0002137247135962074,-3.3255384912814577e-12,24.366651290644917,7.735487643966168,9.676109677378232,3.1017637814103582,1.193172392669521,1.5008649886363385,0.08854362362643761,0.0,0.020534990089717705,1.1668767914149403,0.035535219814859846,0.9516295023755359,0.039107046825164186,621.4890671284398,289.7843470050643,0.6091692629073768,0.6091702874470556,0.609170287691712,0.7614628593088194,8.214626383298237e-06,808,0.223,0.2217,-0.29564,-4.8e-05,2,0.0397,-0.3976,6.3e-05,12.014,6.0069,2.0,0.35061,0.65898,1.67644,0.16895,0.9893,0.9821,0.9928,0.5131,4.8531,2.1198,0.5355,3.7295,25.5301,5.2606,83,0.1259,-0.9651,46,0.0761,-0.9989,0.0,0.0768698,0.2051817,-0.4549237,0.0145215,0.0673157,-0.0903419,0.1135955,198.0,179.0,0.0713354,0.0345813,0.3470096,-0.0094648,0.0131748,0.0094439,0.0187709,197.0,175.0
159,1645,139593,1.1465686806798801e-10,0.0024369110148409353,0.00018978245200312101,0.0024369110148409353,0.6270390265142319,7.199864281648299,5.861690353117123,-11.068473449059134,11.862461560209836,-0.06085040536197864,11.862461560209836,0.008938332249447626,12.562044365754993,6.611687447292735,-4.335157876004326,4.769729795052502,-0.021067224544980372,4.769729795052502,0.2644895065953123,2.0864078958111323,1.2534967913841562,0.22457498376693086,1.2835685318929362,0.8282966594986728,0.028273123074911595,2.221687410042283,1.2507745501688445,0.0031291478167785325,1.4141795304869742,0.8845094082164263,0.00015752448100370654,-0.6857857113209039,0,0,0,0.01789934196853548,0.534965464044522,754,0.1717,0.29319,1.1326030710327135,-0.2220433684223258,1.6441021259532622,0.032701998011001016,0.2723326398802984,1.7918561768959607,0.08994346232154307,0.01790574277608661,5.023162872732871,0.050814606007466956,0.43490298798656474,452,304,63,64,-1,0.1702,735,0.5219025120164411,-0.004292,-0.004291560833447283,98.0,377.0,0.2170062,0.0218634,0.0099653,-0.0193927,-0.0016194,-0.5090543,-0.0372141,-0.538892,0.67013,0.3776941,0.4557972,-0.8869965,-0.0740685,783.0,372.0,-0.1851202,0.0711095,-0.0120753,0.0534634,-0.0453035,-0.4814611,-0.5268809,-0.387067,-0.5837559,0.5231926,-0.1698132,0.7518468,-0.6370949,-0.026139817629179333,1.0,0.002380470142374653,289.7843689928533,0.0,256,3.1872310677696866e-10,6.287751011799625e-11,8.430574273934431e-11,1.2705506394796931e-06,0.00021838993876886832,-1.553801317799343e-11,24.883701024583516,7.834998986842818,9.882634810362793,3.125828612143989,1.4189674150357665,1.7190536862651764,-0.292679558698169,0.0,0.023732958366820812,0.6993299513040143,0.0197283016983074,1.6141724222884508,0.03923530606333343,621.4892248602125,289.7844205513279,0.609169238609775,0.6091702874229566,0.6091702876916787,0.7614628592786957,8.409392783106154e-06,808,0.2217,0.2204,-0.2988,0.007568,2,0.0393,-0.3631,0.000101,12.013,6.0066,2.0,0.35043,0.65835,1.67506,0.17028,0.9893,0.9821,0.9928,0.5131,4.854,2.1201,0.5356,3.7063,25.5533,5.2644,83,0.1293,-0.7689,46,0.1849,-0.2233,-0.0,0.029103,0.0488283,-0.2531117,-0.0164627,-0.0037512,-0.0243924,0.0296662,198.0,179.0,0.1707149,0.0305059,0.6967914,0.0223014,0.0449101,-0.0525242,0.0726159,197.0,175.0
160,1646,139594,0.0,0.0024958930322029004,0.00019371637834659385,0.0024958930322029004,0.6239746498457582,7.195403037895851,5.862305870687848,-12.598528972094982,12.52780890897908,-0.06292562512441675,12.598528972094982,0.0047398224040574154,12.544494572267599,6.578268086878599,-4.365430140162772,4.839163294383358,-0.02079156041409442,4.839163294383358,0.2668206378985575,2.0835787840917597,1.254826231942101,0.2762767898041174,1.2885769469901425,0.8299858741402724,0.0,2.235814406021244,1.2592723014637661,0.0012316186647127747,1.4141747368660211,0.8610133934356492,0.0001842774674196894,-0.6820964690796596,0,0,0,0.017761793856161473,0.5347978556068356,755,0.169,0.30404,1.137189818353833,-0.22651076154763733,1.6532019456772087,0.04786128319236279,0.270600520485722,1.792363956277665,0.09087921675022598,0.017768254559800304,5.1146957876118675,0.05136181266325192,0.444895873229599,443,314,67,68,-1,0.1682,737,0.5224016740098202,-0.004721,-0.004721433408270137,98.0,377.0,0.2206442,0.0688141,-0.0664664,0.0113513,-0.0137388,-0.1389934,-0.7249161,-0.0886205,-0.6688228,0.3758031,-0.9658827,0.1649554,-0.1996507,783.0,372.0,-0.1870705,0.0507482,0.0343409,-0.0347096,-0.0138319,0.2320641,-0.4527402,0.8110829,-0.2886471,0.5235331,0.6766929,-0.6839574,-0.2725601,-0.026139817629179333,1.0,0.0024369110148409353,289.78444492307943,0.0,256,4.2336199426166745e-10,5.992000731967508e-11,8.0440523718689e-11,1.0096949880124781e-06,0.00022297397749063274,1.614090605533873e-12,25.1139746713065,7.278934894261264,9.533765186161302,3.140554190047464,1.3967682727422612,1.7018925923264925,0.04666127810209194,0.0,0.025692090029075975,1.995366318019976,0.016543111460101394,1.6182572884377489,0.04483680889999329,621.4894263791866,289.7845145144359,0.6091692132182569,0.6091702873905211,0.609170287691728,0.7614628592381514,8.61292756234759e-06,808,0.2214,0.2202,-0.30281,0.005183,2,0.0386,-0.3656,8.9e-05,12.013,6.0067,2.0,0.3502,0.65683,1.67343,0.16883,0.9894,0.9821,0.9927,0.5128,4.8606,2.123,0.5363,3.6394,25.6622,5.2796,83,0.2012,-0.2192,46,0.2915,0.105,1.0,0.1299843,0.0541992,0.4114652,-0.0896967,0.0156819,0.0212734,0.0935092,198.0,179.0,0.0668552,0.0629975,0.0297086,-0.0215143,0.011017,-0.0333688,0.0412033,197.0,175.0
161,1646,139594,4.9284559509452355e-12,0.00256053288691327,0.00019692138218153202,0.00256053288691327,0.6240373721874282,7.194879469851322,5.862452306844001,-11.029227072367693,10.077253124893618,-0.06375758869907655,11.029227072367693,0.006886224715218048,12.566151302323016,6.574268081633393,-4.419150508188036,4.878415782693794,-0.02099588330268439,4.878415782693794,0.26882234167780017,2.080619457149181,1.255743373600872,0.33187053466500355,1.2503753990977216,0.8331330385692413,0.014139157019230877,2.2499549062014457,1.2678824266370767,0.0005092491031238877,1.4142029374429346,0.8270732771423156,0.00021608047975438756,-0.6783252394916077,0,0,0,0.017028860374732047,0.5347987606160423,755,0.1654,0.30668,1.140286050985198,-0.23179806078619986,1.658161585299577,0.035013406102662584,0.2728342120885246,1.7831904924049384,0.08975589068343809,0.017033506554961837,5.269372480283123,0.05074384214903613,0.4496236495440589,443,314,73,74,-1,0.1647,737,0.5223988366665745,-0.003347,-0.003346506649014813,98.0,377.0,0.2162442,0.0131625,0.0030143,0.0014132,-0.0127345,-0.3563068,-0.2670145,0.8321374,-0.3305995,0.3734767,0.2290111,0.1073693,-0.9674842,783.0,372.0,-0.1885717,0.1034111,-0.043633,-0.0875724,0.0334826,0.1406914,0.6709307,0.387873,0.616127,0.5234788,-0.4219372,-0.8468379,0.3237816,-0.02551640340218712,1.0,0.002495899693250078,289.7845313836471,0.0,256,4.93617657798286e-10,1.0364193622818965e-10,1.4509033397802552e-10,1.2373579680156743e-06,0.0002267367112827118,1.9521654172698435e-11,25.049572109903785,6.765350514458977,8.346412033908669,3.120655921953934,1.2828021928459712,1.5828946583442451,0.10486821989361224,0.0,0.025355924406292127,2.378743868968132,0.015963807961569765,1.649574593649627,0.03171332984139906,621.4895056092781,289.7845514573872,0.6091691853912983,0.6091702873772606,0.6091702876917259,0.7614628592215757,8.835988233450729e-06,808,0.2211,0.2202,-0.30211,0.003242,2,0.0375,-0.3637,5.9e-05,12.012,6.0062,2.0,0.35021,0.65647,1.67153,0.1692,0.9894,0.9821,0.9927,0.5128,4.8614,2.1234,0.5364,3.6401,25.6668,5.2797,83,0.1944,0.2632,46,0.2368,0.5355,1.0,0.0864688,0.1007005,-0.0760364,0.0216719,0.0027119,-0.0894111,0.09204,198.0,179.0,0.0634213,0.1381412,-0.3707034,0.0461302,0.0441018,-0.0060529,0.0641062,197.0,175.0
162,1646,139594,7.4007180448699e-12,0.0025750193799443143,0.00019489641157648696,0.0025750193799443143,0.6241185171814779,7.194384079825555,5.862590748149589,-11.049220322532117,9.823844488315817,-0.0666013074257133,11.049220322532117,0.008947391925415474,12.563789835188256,6.595781132784055,-4.43419899761026,4.872137331535413,-0.021073692413238698,4.872137331535413,0.2688223446506295,2.080619454187656,1.2557433756530707,0.25756632258676393,1.2942524478659108,0.8402547511154824,0.014139171161346501,2.249954920343561,1.2678824415422982,0.0009287257237667879,1.4141911635553142,0.8693279183708341,0.00025804451447384994,-0.678325234011779,0,0,0,0.015824318780120736,0.534831776683016,755,0.158,0.31301,1.142596660018227,-0.23351196982071004,1.6577928368242365,0.035203341456362294,0.27283420238365286,1.7877061225804391,0.0863055563253251,0.01582648913280965,5.4532344856198325,0.04875656751829398,0.44995299010505646,438,319,77,78,-1,0.1576,737,0.5224220484035296,-0.00176,-0.0017602360488149227,98.0,377.0,0.2119179,0.0125352,0.0030063,0.0006588,-0.0121515,-0.3367437,-0.2560457,0.8423723,-0.3338462,0.3725448,0.2398295,0.0525558,-0.9693914,783.0,372.0,-0.1891189,0.1030713,-0.0442164,-0.0872328,0.0325427,0.1424227,0.6760756,0.37651,0.6171529,0.5230597,-0.4289888,-0.8463352,0.3157298,-0.02551640340218712,1.0,0.00256053288691327,289.7845514574195,0.0,256,4.6085330260422847e-10,8.766749580088863e-11,1.1917767964981906e-10,1.3637131686976857e-06,0.00022535688091588748,-1.4931795033416972e-11,24.481594686368823,6.519144929072462,8.113611430772155,3.1067180841035,1.262254014105541,1.5641124003828013,0.029116339280214863,0.0,0.026159219428158513,0.023789722148870967,0.01565881332719575,0.011305077627322448,0.032065577827573015,621.4895661167178,289.78457967044807,0.6091691791549443,0.6091702873669453,0.6091702876917249,0.7614628592086816,8.885977931857884e-06,808,0.224,0.2234,-0.29677,-0.000955,2,0.0361,-0.3566,-0.000104,12.011,6.0056,2.0,0.35123,0.65492,1.67194,0.16902,0.9894,0.9821,0.9926,0.5128,4.8622,2.1237,0.5365,3.6167,25.6898,5.2836,83,0.1462,0.8954,46,0.1591,0.9882,2.0,0.088037,0.1035921,-0.081173,0.0241509,0.0020356,-0.0909928,0.0941653,198.0,179.0,0.0622556,0.1384,-0.3794782,0.0466861,0.044494,-0.0057899,0.0647521,197.0,175.0
163,1646,139594,2.1584454597987128e-11,0.0026244050717209072,0.00019726168498653945,0.0026244050717209072,0.6241874986774515,7.193904953338636,5.86273097368865,-11.010137413921456,12.611770476982368,-0.06452420119523188,12.611770476982368,0.0015835519324276792,12.564999918260682,6.602296854200525,-4.5108449936066854,4.9060551675860085,-0.021070222834588075,4.9060551675860085,0.2704825127264961,2.077540030857931,1.256335164913304,0.36906227245519485,1.3370439950604354,0.8359541497177164,0.028277426940727254,2.264096577904662,1.2761531743137215,0.0007992894845307852,1.4141862078417933,0.9003791611924643,0.00031449684922404026,-0.6744562545897359,0,0,0,0.014992195145062595,0.5348697482294599,755,0.1539,0.31311,1.1519415452507962,-0.22990137009872366,1.6619328359977263,0.054006629962464775,0.2664210070170884,1.7791231774005207,0.08412294215231704,0.014991489983741387,5.611379672304107,0.04751564214499748,0.4460742235168638,438,319,73,74,-1,0.1539,737,0.5224473340416416,0.002542,0.0025416775401012615,98.0,377.0,0.2059569,0.0985278,-0.0961059,0.0056941,-0.0209517,0.9096692,0.1237825,0.0309681,0.3952478,0.3720929,-0.9754185,0.0577922,-0.2126473,783.0,372.0,-0.1935687,0.0142435,0.0111471,-0.008783,-0.0012157,0.642083,0.3069156,-0.7022089,-0.0208543,0.5238097,0.782612,-0.6166313,-0.0853479,-0.02551640340218712,1.0,0.0025750193799443143,289.7846015745873,0.0,256,2.6816659253247075e-10,6.597228548617135e-11,8.712271394020983e-11,1.1022764126290835e-06,0.00022803321354704844,-1.0364562346576717e-11,25.08742632844738,6.885077258852006,8.412543016913743,3.1243162212979354,1.2492398513850518,1.5399406673794176,-0.07136957698284241,0.0,0.01989704654077799,1.6132671357539288,0.0186607429250334,1.3621798336187807,0.03021238979266572,621.4897518850134,289.7846662894203,0.6091691578947708,0.6091702873342278,0.6091702876917188,0.7614628591677848,9.056397308130176e-06,808,0.2279,0.2277,-0.30276,0.004541,2,0.0356,-0.3276,2.4e-05,12.009,6.0047,2.0,0.35047,0.65735,1.66939,0.16915,0.9894,0.9821,0.9926,0.5128,4.8631,2.1241,0.5366,3.6173,25.6941,5.2835,83,0.16,0.8687,46,0.2345,0.6211,0.0,0.0752826,0.1443843,-0.3145749,0.0073634,-0.0246295,0.0180178,0.0313922,198.0,179.0,0.0523243,0.0190653,0.4658802,0.0052613,-0.029927,0.0047935,0.0307618,197.0,175.0
164,1646,139594,6.198983760735906e-11,0.002681006932459515,0.0002016386921380249,0.002681006932459515,0.6242451077820921,7.193403461416521,5.862873720024946,-11.191823157733909,10.585806172909217,-0.06637530330020655,11.191823157733909,0.00179569987936758,12.56439878877544,6.618308924077018,-4.563489459554402,4.971709541670942,-0.021279272646052557,4.971709541670942,0.2725707610969457,2.0743430571864536,1.2578822789186535,0.2730547333773755,1.2830387218585577,0.8379113314639692,0.038714046568949265,2.2781830848923046,1.2854871516433923,0.0025931107837019463,1.4141676208236709,0.8400358318025298,0.00035149266264261007,-0.6704883156321847,0,0,0,0.015292628146677834,0.5349045893602209,755,0.1568,0.30854,1.1624185346179194,-0.22579548405537359,1.6756988934437713,0.0666715244335429,0.26577785983652524,1.7854207923254324,0.08577658017004726,0.015290993804280622,5.60961447424265,0.0484334749689249,0.444838203617577,443,314,67,68,-1,0.157,737,0.5224832281555366,-0.000638,-0.0006377367053709282,98.0,377.0,0.2030758,0.0917061,0.0474365,0.0044955,0.0783554,-0.6336775,0.3277975,-0.5849171,0.3858414,0.3731382,0.5172666,0.0490202,0.8544192,783.0,372.0,-0.1956413,0.1281474,-0.0408885,0.0533331,-0.1091122,0.2409727,-0.2089637,-0.5730617,0.7548951,0.5254133,-0.319074,0.4161854,-0.8514584,-0.02551640340218712,1.0,0.0026244050717209072,289.7846925523561,0.0,256,2.79037983302744e-10,4.892259186849191e-11,7.01361260106957e-11,1.3699302575436801e-06,0.00023284810811261277,-8.944131988083152e-12,22.92025014561637,5.8805542799276145,7.227730899284857,3.1223650857878003,1.010155061545847,1.2930521324107744,-0.08067048481350743,0.0,0.022749144330761143,0.868701457909179,0.035654793442407656,2.648475905268187,0.03384340606120037,621.4895722717749,289.7845825403927,0.6091691335276724,0.6091702873658852,0.6091702876917013,0.7614628592073565,9.251723845887533e-06,808,0.2294,0.2294,-0.31198,0.004567,2,0.0365,-0.3389,7.2e-05,12.008,6.004,2.0,0.35042,0.65619,1.66748,0.16924,0.9894,0.9821,0.9926,0.5128,4.8639,2.1244,0.5367,3.6179,25.6983,5.2835,83,0.1618,0.1675,46,0.2576,0.1454,-1.0,0.165946,0.0810159,0.3438995,0.0221318,-0.0494072,0.1033079,0.1166337,198.0,179.0,0.1583932,0.1491431,0.0300784,-0.0649386,-0.0431628,0.0389038,0.087141,197.0,175.0
165,1646,139594,5.820646229262625e-12,0.0027453916821695164,0.00020588003713453606,0.0027453916821695164,0.6242923442811802,7.192904970982099,5.86301797801085,-11.898919675479004,10.088840656035575,-0.07075693614648501,11.898919675479004,0.00181425790648293,12.560907377133095,6.645144591634899,-4.631097906150292,5.0402967876233795,-0.0211413782809543,5.0402967876233795,0.2739058895753967,2.0730274275829825,1.25870738524378,0.3282269377101946,1.287385215348308,0.8286840019298921,0.05263839293667856,2.2923132882321537,1.2941282191000039,0.001281383643216838,1.4141712709662795,0.8322445707829452,0.00036986918747267724,-0.6664479184165873,0,0,0,0.01496089120924611,0.5349609065360047,755,0.1592,0.31025,1.1668187284738145,-0.22725561831396435,1.6818345521222928,0.04321112077637724,0.26377535332324026,1.7763253804609576,0.08573949027531105,0.014963051563113486,5.7300805195829,0.04846468788280144,0.4451500014087268,446,311,66,67,-1,0.1596,737,0.5225471065208538,0.003742,0.003741554778896594,98.0,377.0,0.2043799,0.0611926,0.0413777,-0.0446075,0.0065261,-0.8974262,0.2430769,0.3111446,-0.1967966,0.371023,0.6761881,-0.728969,0.1066486,783.0,372.0,-0.1975369,0.0823759,-0.0695903,-0.0097916,-0.042978,-0.5197284,0.419162,0.1701178,-0.7247382,0.526824,-0.844789,-0.1188646,-0.5217306,-0.02551640340218712,1.0,0.002681006932459515,289.78460704605465,0.0,256,3.2866573990723863e-10,5.4787067668394536e-11,8.194453506925637e-11,1.0494019742853697e-06,0.0002373647704003205,1.1137789366204108e-11,34.33935541563679,9.46709039097875,12.184510139489685,3.121559978723044,0.9587783139527292,1.290734000214532,0.04106315938409631,0.0,0.015358958354842741,1.8918954067705422,0.017479471799092195,1.3282318053478126,0.04670046880964737,621.4896370819223,289.7846127596954,0.6091691058103427,0.6091702873546256,0.6091702876917254,0.761462859193282,9.473904276781387e-06,808,0.2276,0.2261,-0.31784,-0.001076,2,0.0369,-0.356,0.00014,12.008,6.0041,2.0,0.35045,0.65499,1.66514,0.17063,0.9894,0.9821,0.9926,0.5128,4.8647,2.1248,0.5368,3.5946,25.7212,5.2873,83,0.1683,-0.6686,46,0.1991,-0.5349,-2.0,0.0626335,0.0736539,-0.0808616,-0.0070548,-0.0158657,0.0227193,0.0285947,198.0,179.0,0.0717528,0.0899011,-0.1122666,0.0183031,0.0065545,0.0170071,0.0258304,197.0,175.0
166,1646,139594,1.6137780174864786e-11,0.002813485538494966,0.00020951553045024277,0.002813485538494966,0.6243300748404345,7.192409026715501,5.863163834643852,-12.136499325639873,12.438057732182676,-0.0723823457583952,12.438057732182676,0.003306088677961427,12.554590715866563,6.659596219791747,-4.6523409409342715,5.067984721783617,-0.02123908703072585,5.067984721783617,0.2760613404677663,2.073388828411803,1.2596421395364388,0.2806782209217996,1.3554717822306381,0.8320002278006332,0.06028198627403091,2.3064541576864523,1.302550878089791,8.470834552076756e-05,1.414170597725563,0.8200293857867946,0.0003874307532599304,-0.6623142842383374,0,0,0,0.014371030913977952,0.5350527768901064,755,0.1564,0.30932,1.169534934574526,-0.22819241635294552,1.6876518796751585,0.03361110623306481,0.26745996191383686,1.7608052788315127,0.0846298344159745,0.014373751778194551,5.887804083576893,0.047860545202291584,0.4459005124767199,443,314,73,74,-1,0.1569,737,0.5226377050385441,0.003052,0.003051661030916142,98.0,377.0,0.2035036,0.0834424,0.0442886,-0.0068539,-0.0703859,0.1119232,0.1047314,0.7117426,-0.6855122,0.3681331,0.5307682,-0.0821394,-0.8435272,783.0,372.0,-0.1979978,0.0177196,-0.0046739,-0.002213,-0.0169482,0.5415383,0.409669,0.0613798,-0.7315327,0.5278244,-0.2637692,-0.1248916,-0.9564664,-0.02551640340218712,1.0,0.0027453916821695164,289.7846348137321,0.0,256,5.305531558791511e-10,6.538709704765043e-11,1.029639796181573e-10,1.132778430294269e-06,0.0002410199280334366,1.7344258666572796e-11,37.48736564876717,9.50993103936635,12.087168473790499,3.1372647879393587,1.0619902667286463,1.3599815323973907,0.13923032894647197,0.0,0.011832187075397845,1.6864329514277303,0.016882427931704046,0.9511944591236356,0.029683129404918022,621.4896266328938,289.78460788758247,0.6091690764962481,0.60917028735646,0.609170287691721,0.7614628591955749,9.708885364906666e-06,808,0.2274,0.226,-0.31761,0.000197,2,0.0363,-0.3474,6.8e-05,12.007,6.0033,2.0,0.35067,0.65424,1.66315,0.1689,0.9894,0.9821,0.9926,0.5128,4.8654,2.1251,0.5369,3.5951,25.7253,5.2874,83,0.1845,-0.9887,46,0.1576,-0.9999,-1.0,0.1098695,0.0854614,0.1249577,0.0051324,-0.0516974,-0.0373807,0.0640022,198.0,179.0,0.1153708,0.0583801,0.3280027,0.0076897,0.0492354,-0.0626832,0.0800777,197.0,175.0
167,1646,139594,3.2786192123566485e-11,0.0028839198376451117,0.00021266952376204488,0.0028839198376451117,0.6243591891598281,7.191912518221409,5.863310340006303,-12.58226569195705,11.891120753619399,-0.07354601790605432,12.58226569195705,0.0024115099823003305,12.564777243843553,6.65968625739468,-4.6981394131671435,5.111399204078139,-0.021289228699463904,5.111399204078139,0.277856026571583,2.073539766221067,1.260318986654837,0.2136083915228617,1.2624817684690357,0.8356453577974969,0.0622938221219323,2.320595707986214,1.3106780461207357,0.0007466194465687304,1.41416337683285,0.8512859986526815,0.0004198388900638389,-0.6581157153436467,0,0,0,0.013698829597631083,0.5352061868694241,755,0.1545,0.31939,1.172268296108541,-0.22273672277828585,1.6925629350467943,0.07338844336570455,0.26433216208467697,1.7506825355283484,0.08228444840470674,0.013700628920628342,6.005888407123794,0.046470634799879305,0.44708876526144203,444,313,70,71,-1,0.1559,737,0.5227764910852383,-0.006177,-0.006176860945210416,98.0,377.0,0.2071967,0.1249271,0.1208893,-0.0305052,0.0078724,-0.8596179,0.1319106,0.3537641,-0.3442492,0.3670039,0.9676792,-0.2441842,0.0630158,783.0,372.0,-0.1981579,0.094652,-0.0437412,-0.0449661,0.0708785,-0.2101953,-0.0550533,0.4050061,-0.88812,0.5291269,-0.4621262,-0.4750671,0.7488329,-0.02551640340218712,1.0,0.002813485538494966,289.78463180511983,0.0,256,3.1574775818390286e-10,7.241304408570342e-11,9.434232933362257e-11,1.2354842844617384e-06,0.00024474559455602387,2.2740039249499552e-12,23.185559716052452,6.8685132918571155,8.645682284154418,3.1347253830938677,0.921695704707947,1.2242063433682457,0.06684311321927845,0.0,0.029939987907644548,0.6866050479434784,0.00941655622542829,2.436360504359062,0.027918465392892056,621.4895968347316,289.78459399346684,0.6091690461748683,0.6091702873616434,0.6091702876917139,0.7614628592020541,9.951943262070479e-06,808,0.2278,0.2271,-0.31576,0.002642,2,0.036,-0.3405,-6.4e-05,12.004,6.002,2.0,0.35085,0.65281,1.66036,0.16799,0.9894,0.9821,0.9926,0.5128,4.8662,2.1255,0.537,3.6197,25.7107,5.2835,83,0.1356,-0.9239,46,0.1439,-0.5734,-3.0,0.1034008,0.1971676,-0.3119651,-0.0249965,-0.0108973,0.0604774,0.0663407,198.0,179.0,0.0529255,0.1325131,-0.4291859,0.0515546,0.0290243,-0.0323327,0.0674217,197.0,175.0
168,1648,139597,0.0,0.0029473445952470246,0.00021527597128498946,0.0029473445952470246,0.6298809838634982,7.198469445453641,5.863209757059985,-11.327479747673264,11.587579757469443,-0.07250559050891649,11.587579757469443,0.013742584018399524,12.5601015749381,6.641623910949179,-4.7592894662848835,5.171275645250572,-0.022654204525960044,5.171275645250572,0.2791894963933331,2.073487598852822,1.26099052940441,0.31086813383386036,1.285305154978861,0.8403932563386302,0.0,2.334734996582989,1.3173523696788565,0.0009334769048089386,1.414153465299686,0.8796869992091867,4.2745991642474547e-07,-0.6538197347341483,0,0,0,0.013028650024313313,0.5353558364067865,755,0.1489,0.32339,1.1784745469147866,-0.21944048524257354,1.69754041042118,0.052814435828810805,0.2681851971817165,1.7427181897382944,0.08014931644868833,0.013029675884343147,6.151290113440058,0.04524007424476123,0.4457150370282444,443,315,75,75,0,0.1508,737,0.5229232782264543,-0.00565,-0.005649991572237223,98.0,377.0,0.2075088,0.0623893,0.0051617,-0.0274547,0.0557854,-0.7504804,-0.0074972,0.5623113,0.3471728,0.3659406,0.0827337,-0.4400556,0.8941511,783.0,372.0,-0.1996417,0.0194757,-0.0066479,0.0073731,-0.0167555,0.193192,-0.1652095,-0.6194066,-0.7427773,0.5294598,-0.3413414,0.3785796,-0.8603276,-0.02551640340218712,1.0,0.0028839198376451117,289.78461645921686,0.0,256,6.874465521825084e-10,1.0609464310103311e-10,1.4790314574487464e-10,1.223839121637342e-06,0.0002476380275684955,-4.568229852505738e-12,30.715941380297977,7.728348585930634,9.79997363538921,3.125632247504342,1.399616681732566,1.6939023381719567,-0.18396391234602877,0.0,0.011720722236684173,1.582478570244366,0.015872404503809202,1.6734631379407017,0.04688330144292383,621.4897492716862,289.7846650708931,0.609169018870579,0.6091702873346995,0.609170287691728,0.7614628591683743,1.0170809399199866e-05,810,0.2226,0.2217,-0.3214,0.001604,2,0.0339,-0.3095,5.3e-05,12.002,6.0009,2.0,0.35141,0.65113,1.658,0.16863,0.9894,0.9821,0.9926,0.5127,4.8573,2.1216,0.536,3.8284,25.5334,5.2567,83,0.1242,-0.156,46,0.2164,0.3014,-1.0,0.1028577,0.1497797,-0.1857289,-0.055766,0.0740857,0.0476108,0.1042369,198.0,179.0,0.0428133,0.0543116,-0.118386,-0.0124709,-0.0223244,0.0409442,0.0482735,197.0,175.0
169,1650,139600,0.0,0.0030082706904137313,0.00021977626197496462,0.0030082706904137313,0.6237298266213963,7.190128947408336,5.864308260459634,-12.093025337670266,12.096976579756896,-0.07252785277840686,12.096976579756896,0.0009749987085534428,12.555856971691476,6.614329635857895,-4.838021358451472,5.280697180399635,-0.02351197301178383,5.280697180399635,0.28181098866156823,2.073241567652511,1.2626285688613428,0.36509737323966224,1.3468126627710097,0.8390118677000029,0.0,2.348836421684398,1.3248678357216064,3.8577968354824854e-05,1.4141489478301197,0.9454647151855307,3.7288287050209527e-07,-0.6494736825252698,0,0,0,0.01308462521186628,0.5352302305401578,757,0.1489,0.32487,1.187887260426985,-0.21772472127032855,1.713286548546304,0.09661860340389242,0.26827606469200144,1.742212320015909,0.0811589759143652,0.013085130770473673,6.202381721510858,0.04582326877194709,0.4468529099297373,445,315,68,68,0,0.1502,739,0.5228286685833672,-0.001355,-0.0013554750597302156,98.0,377.0,0.1995347,0.1300574,-0.0639702,0.0369713,-0.1070321,0.3293355,0.741721,-0.4061989,-0.4199887,0.3668737,-0.4918609,0.284269,-0.8229605,783.0,372.0,-0.2003833,0.0473774,0.0292887,-0.0263227,-0.0263422,0.622172,-0.1723415,-0.7398634,-0.1892155,0.5306416,0.6181984,-0.5555951,-0.556008,-0.025485436893203883,1.0,0.0029473445952470246,289.7846896789413,0.0,256,8.468326163170091e-10,1.1600064398182671e-10,1.6986506956675647e-10,1.642004580145335e-06,0.00025271414075099513,-4.180612776266004e-12,26.354371292327052,6.815349684119303,8.631430523435194,3.115389938052082,0.9987047915454741,1.2750088914938533,-0.020077333381467395,0.0,0.04595294325614692,2.575932052791563,0.0030809529995638324,2.492021267001208,0.0413289385325441,621.4898085811034,289.78469272534693,0.6091689926420759,0.6091702873239156,0.609170287691728,0.7614628591548945,1.038105450678487e-05,810,0.2247,0.2232,-0.32675,0.004366,2,0.0341,-0.3007,6.4e-05,12.002,6.0008,2.0,0.35183,0.65015,1.65835,0.16871,0.9894,0.9821,0.9926,0.5127,4.8694,2.1269,0.5373,3.6221,25.8023,5.2989,83,0.1359,0.6073,46,0.2406,0.869,-3.0,0.1284389,0.1401384,-0.0435609,0.0138245,0.0119503,-0.0301857,0.035286,198.0,179.0,0.058834,0.0434118,0.1508343,0.000598,0.0128348,-0.007393,0.0148238,197.0,175.0
170,1650,139600,4.805077192689976e-11,0.003066011936987224,0.00022520526772154762,0.003066011936987224,0.6237363297701926,7.189635896717014,5.864456418793283,-10.584514979457541,10.630416963812232,-0.07193385799718091,10.630416963812232,0.0012830479284833274,12.566125514582096,6.6283498279187825,-4.937211051764469,5.34049927548383,-0.02347207817846892,5.34049927548383,0.28327117498415416,2.0727839614203445,1.2634140734676462,0.20652002197141384,1.335466209360109,0.8336364459960649,0.014140490311159808,2.3629762874648215,1.333613661651288,0.00534049166692796,1.4141499082630766,0.9332386452799094,1.0134638669216427e-05,-0.6450201368596301,0,0,0,0.013624287699594187,0.5351837457174108,757,0.148,0.31798,1.1944203205603487,-0.2182830081262786,1.7209610366130694,0.03692191061087606,0.2704558104969351,1.7359448101672843,0.08347387260147927,0.013624507297402805,6.1267443129772206,0.047198457331743215,0.44636076711216055,445,315,64,64,0,0.1483,739,0.5228020717774952,0.017187,0.017186831146076775,98.0,377.0,0.1998053,0.0514902,-0.0038478,-0.0077783,-0.0507536,0.0302925,-0.3647013,-0.8932702,0.2610435,0.3672852,-0.0747281,-0.1510642,-0.9856953,783.0,372.0,-0.2024991,0.1162914,-0.0482947,0.0653343,-0.083203,-0.9393354,-0.2505359,-0.1049037,0.2094661,0.5309608,-0.4152906,0.5618155,-0.7154698,-0.025454545454545455,1.0,0.0030082706904137313,289.7847179406295,0.0,256,4.758702100707724e-10,8.640964448644922e-11,1.1673213910255747e-10,1.1284591320555743e-06,0.00025793518652333583,6.651162134627682e-12,23.997829768468545,6.838521195756403,8.758754981697,3.0980020818199216,1.2724245414888897,1.5937475424771683,0.026332424765529105,0.0,0.013563876484945872,1.2600216878370816,0.013938122074476336,1.4313591392183374,0.08223728374591271,621.4898212177463,289.7846986174881,0.6091689677849981,0.6091702873216154,0.6091702876917073,0.7614628591520192,1.0580309973627414e-05,810,0.2247,0.2234,-0.33209,0.003167,2,0.0339,-0.3217,0.000199,12.004,6.002,2.0,0.35232,0.64971,1.6561,0.16875,0.9894,0.9821,0.9926,0.5127,4.8702,2.1272,0.5374,3.6466,25.7877,5.295,83,0.1039,0.9904,46,0.2249,0.9408,-2.0,0.0585206,0.1117344,-0.3125537,-0.057738,0.0131236,0.0174591,0.0617311,198.0,179.0,0.07394,0.155434,-0.3552885,0.0469493,-0.0121824,0.057704,0.0753817,197.0,175.0
171,1652,139603,0.0,0.003117961484162284,0.00023067313581937038,0.003117961484162284,0.6295809128228126,7.196069296673239,5.864347194506491,-10.574207264187498,11.88480745820368,-0.07159532484699824,11.88480745820368,0.008688042228242588,12.545815010404613,6.619697207463132,-5.0246934115936766,5.388759129746893,-0.02292317945751196,5.388759129746893,0.28594420834384804,2.072112189465097,1.2651537236554504,0.32079814144175156,1.280604647324363,0.8329114508743056,0.0,2.377112250557174,1.3413202053726927,0.0023686859544015393,1.4142001368233135,0.8686631034638845,6.1504172967414355e-06,-0.6404691394288639,0,0,0,0.014297383271395146,0.535227096395424,757,0.1464,0.31883,1.203600654649217,-0.22255758399785802,1.7359980151732546,0.046615082936769574,0.26837778715841437,1.742597571636644,0.08726448477732202,0.0142916589437192,6.10597307989024,0.04948535653785642,0.4376809968890667,441,319,60,60,0,0.1454,739,0.5228743983460289,0.008032,0.008032174038935747,98.0,377.0,0.1993431,0.0212563,-0.0093227,0.0158749,0.0106256,-0.7766277,-0.1350069,-0.3688392,0.4925243,0.3666894,-0.4385875,0.7468334,0.4998809,783.0,372.0,-0.2026416,0.0511839,-0.0229905,-0.0210906,-0.040576,-0.9155999,0.281336,-0.0132015,-0.2869713,0.5306895,-0.4491739,-0.4120556,-0.7927503,-0.025454545454545455,1.0,0.0030660117339955228,289.7847289182229,0.0,256,5.327701736553481e-10,1.1583747007674653e-10,1.5580501165188556e-10,1.2854386226349282e-06,0.00026386888753226356,-1.8109580935799212e-12,28.668578865037524,8.151784607502593,10.548043117990433,3.127090133342093,1.3041303145091245,1.6271675144603366,0.06044054906593892,0.0,0.013977057870943579,0.5683484230386554,0.028567535482184974,0.612692314774108,0.04453589090264412,621.4899992461993,289.7847816275711,0.6091689454213028,0.6091702872882248,0.609170287691728,0.7614628591102809,1.0759576354045608e-05,812,0.2233,0.222,-0.33477,0.003401,2,0.0332,-0.3343,0.000236,12.005,6.0024,2.0,0.35272,0.64979,1.65625,0.16697,0.9894,0.9821,0.9926,0.5127,4.8619,2.1236,0.5365,3.8081,25.6322,5.2721,83,0.1422,0.3521,45,0.2689,0.119,-4.0,0.0386603,0.0950971,-0.4219339,0.042903,-0.0395303,0.0108846,0.0593446,198.0,179.0,0.1206072,0.019691,0.719298,-0.000873,-0.0142846,-0.0456054,0.0477982,197.0,175.0
172,1652,139603,1.010575845025449e-10,0.0031612905637600024,0.00023678166392346228,0.0031612905637600024,0.6295773978591712,7.195512003451959,5.864503527237921,-12.603230875531995,12.18563491468165,-0.07065541944827741,12.603230875531995,0.006482623206960398,12.556913186903811,6.645014104485136,-5.092263971928839,5.449811009905706,-0.023586383868478444,5.449811009905706,0.2887717490692298,2.071280244124815,1.2669479666306547,0.29894298023677557,1.288432335983651,0.8369564148281778,0.014141834300812681,2.3911920233195643,1.3503026560852556,0.0016410423255590612,1.4141628649949978,0.9487102166814569,2.5500885952716788e-05,-0.6358129567513203,0,0,0,0.01529095157577678,0.5351808116989943,757,0.1457,0.32051,1.2168615098355458,-0.22918593725783085,1.7534772453550127,0.06377430555453655,0.26284649695472423,1.749782685708562,0.09249522509135429,0.015287175654223406,6.0505110416390435,0.052624799884468665,0.44496351641979565,441,319,60,61,-1,0.1437,739,0.5228582619848222,0.00919,0.009189911200812029,98.0,377.0,0.2027252,0.0851859,-0.0110945,-0.028636,-0.0794577,-0.0041423,-0.9728209,-0.112583,0.2023051,0.3674217,-0.1302383,-0.3361587,-0.9327568,783.0,372.0,-0.2031366,0.0847321,0.0230674,-0.0717997,-0.0386295,-0.7008411,0.2393673,0.6493082,-0.1729851,0.5319145,0.2722389,-0.8473724,-0.4559013,-0.025423728813559324,1.0,0.003117961484162284,289.78480323808736,0.0,256,6.495579657424277e-10,1.5822093425232202e-10,2.1296242208746677e-10,1.7132467502375543e-06,0.00027008360199561775,-3.080207811086257e-11,28.666948355977343,8.08975774049111,10.507185938964843,3.135655624075631,1.1005887739135534,1.4753942549299925,-0.1798402848551914,0.0,0.021125004045414838,1.5276732105529094,0.01701772217579337,2.9115019271111295,0.05249636763070298,621.4899368863373,289.7847525507733,0.6091689267677792,0.6091702873000724,0.6091702876916845,0.7614628591250905,1.090909903275919e-05,812,0.2242,0.2232,-0.34286,0.00086,2,0.0333,-0.3436,0.00022,12.008,6.0039,2.0,0.35279,0.64935,1.65514,0.16836,0.9895,0.9821,0.9926,0.5127,4.8627,2.124,0.5366,3.8088,25.6365,5.2721,83,0.1767,-0.1924,45,0.3058,-0.5524,-2.0,0.1472235,0.1040422,0.1718552,0.0716741,-0.032295,-0.0753683,0.108906,198.0,179.0,0.0698723,0.1068696,-0.2093295,0.0080906,0.0506521,-0.0023837,0.0513495,197.0,175.0
173,1653,139604,0.0,0.0031893480486185123,0.00024197639935089285,0.0031893480486185123,0.6323654311437895,7.198554984391129,5.864657361325429,-11.00918570590014,11.903763417971776,-0.07463024796334033,11.903763417971776,0.004725523430239053,12.56631640869874,6.636789518579476,-5.1466198456913865,5.4992675219172655,-0.0246472812557102,5.4992675219172655,0.29176352506218495,2.070236187902061,1.268726806368112,0.3095563435280433,1.3433217836883822,0.8366092690867373,0.0,2.4053220986661636,1.3585245748792056,0.0035113818271731434,1.4141654777310892,0.8874439318052586,2.5340754410246758e-05,-0.6310904088477057,0,0,0,0.016158613475269864,0.5351798774091916,757,0.1451,0.32672,1.226974260776672,-0.2324234882867369,1.7733302278464012,0.03496494726575641,0.255549387423974,1.7565262107836408,0.09746445638967866,0.016169443896122713,6.027693779440971,0.05550917037031255,0.4581962469732969,436,324,60,60,0,0.1427,739,0.5228831518134803,-0.002887,-0.002886869712404261,98.0,377.0,0.2071353,0.0331025,0.0137958,-0.0284257,-0.0098705,-0.8543212,-0.2255882,-0.4664072,0.0413483,0.3669264,0.4167598,-0.8587197,-0.2981808,783.0,372.0,-0.206457,0.0607855,-0.0282838,0.0080256,-0.0532024,-0.2499949,0.0188625,0.275057,-0.9281651,0.53215,-0.4653043,0.1320318,-0.8752483,-0.025423728813559324,1.0,0.0031612905637600024,289.7847782392534,0.0,256,5.677563394070124e-10,1.1897231722076558e-10,1.66029730781694e-10,1.9687125470294973e-06,0.000275987527599132,2.186300128483999e-11,24.907274917522706,6.67937261476321,8.409109012606164,3.096190426660788,1.27361805984017,1.5680376370594742,-0.002399388811066036,0.0,0.02569959660275953,2.5625057510754248,0.013134536761210425,0.6822867638024299,0.03856190787901942,621.4897331900559,289.784657572443,0.6091689146887515,0.6091702873375922,0.609170287691728,0.7614628591719902,1.100592445209495e-05,813,0.223,0.2211,-0.35294,0.001714,2,0.0331,-0.3345,0.000231,12.01,6.0049,2.0,0.35256,0.64763,1.65372,0.16881,0.9894,0.9821,0.9926,0.513,4.8591,2.1782,0.5027,3.8299,25.6175,5.2721,83,0.1349,-0.7265,45,0.2417,-0.935,-1.0,0.0572544,0.0640927,-0.0563533,-0.0156367,-0.0104936,-0.0472138,0.0508307,198.0,179.0,0.0856611,0.0462967,0.2983104,0.0038501,0.0101629,-0.0075666,0.0132424,197.0,175.0
174,1653,139604,1.076411831645084e-11,0.0032337266511188807,0.0002483393572045644,0.0032337266511188807,0.6323561433769278,7.197939426796457,5.864816076580823,-10.549425205291175,12.184040451501794,-0.07533626358807814,12.184040451501794,0.002055372903752686,12.526768634815358,6.63363697634604,-5.207021142445012,5.559381541843126,-0.025120255162470517,5.559381541843126,0.2944791881225457,2.069007014427587,1.2703581289027193,0.2752528925440585,1.2586524802426857,0.8342720329878168,0.014037420062215249,2.4127656641952626,1.3678814766201581,0.0028332653249822926,1.4141545959218407,0.9344488651199891,2.0547374173291836e-05,-0.6262869531763741,0,0,0,0.016924489725795456,0.535185844407807,757,0.1439,0.32491,1.2381357857070765,-0.2382728027629703,1.790379782499033,0.061440454636105014,0.25649605648805823,1.7510616673647008,0.10193906786463022,0.016942772165900892,6.016669932550548,0.05812843012301169,0.4501813114407924,437,323,60,60,0,0.1413,739,0.5229088168359611,-0.004154,-0.004153994927537985,98.0,377.0,0.2061798,0.0331745,-0.0282439,0.0117544,0.0128321,-0.7186588,-0.0432958,-0.6938582,0.0146867,0.3664001,-0.8513742,0.3543192,0.3868073,783.0,372.0,-0.2091916,0.0568772,-0.0432512,0.0027891,-0.0368317,0.3236341,-0.0748609,-0.0871765,0.9391789,0.5329914,-0.7604311,0.0490378,-0.6475645,-0.02601330913490623,1.0,0.0031893480486185123,289.7846823359566,0.0,256,4.224084725305095e-10,7.85662448527944e-11,1.1011511040030854e-10,1.990360156637588e-06,0.00028298334082855434,2.4231565511743792e-11,23.93048285769804,6.584473114641553,8.282314370517474,3.130256767763102,1.1043826545309003,1.4237995605755827,-0.10800486146602872,0.0,0.016287248420840308,1.481310469493979,0.03055405286480964,1.0418674108121289,0.06118603445672259,621.4897918391147,289.7846849189888,0.6091688955842179,0.6091702873269866,0.6091702876917234,0.7614628591587332,1.11590667809891e-05,813,0.2244,0.2227,-0.34957,-0.001769,2,0.033,-0.302,0.000183,12.011,6.0054,2.0,0.35248,0.64739,1.65336,0.16709,0.9894,0.9821,0.9926,0.513,4.86,2.1786,0.5028,3.8306,25.6221,5.272,83,0.164,-0.9567,45,0.2554,-0.7969,1.0,0.0426596,0.0459668,-0.037316,0.0061834,0.0168901,0.0237802,0.0298162,198.0,179.0,0.1690358,0.0284126,0.7122023,-0.0406287,0.0239749,-0.0637508,0.0793073,197.0,175.0
175,1653,139604,1.2661634468779932e-10,0.0032683822516940764,0.0002537506128996308,0.0032683822516940764,0.6323427163918962,7.197295812244904,5.864975713883777,-10.539170873924364,11.077006624053142,-0.07537863804857624,11.077006624053142,0.0006951545816790844,12.541332666583308,6.648218491545674,-5.247248516734017,5.634645795030358,-0.025234897859576028,5.634645795030358,0.2971169985287657,2.0675878749257004,1.2720398940024613,0.3204121831824923,1.3640376343808451,0.836340503596474,0.014037434204330873,2.4268842850662,1.376998072378661,0.002794895631026084,1.414162048964602,0.840313596129074,3.013087988302134e-05,-0.6214195587994372,0,0,0,0.017578160884946556,0.5351575106305936,757,0.1382,0.32156,1.2497982035297708,-0.24648750758935503,1.805912487216963,0.07372819612985629,0.2617295474879336,1.7471192807126594,0.10658071697215697,0.017592130076712082,6.058431611601441,0.06091780227897816,0.45294471296649813,434,326,64,64,0,0.1353,739,0.5228996135745791,-0.007538,-0.007537708757819672,98.0,377.0,0.2001405,0.0812451,0.0163593,-0.0463373,-0.0646993,-0.7791687,0.0980595,0.4010458,-0.4716384,0.36495,0.2013575,-0.5703388,-0.7963472,783.0,372.0,-0.2121093,0.1038583,0.0388102,-0.0898396,0.0347729,0.846064,0.5059082,-0.1576004,-0.0582643,0.532594,0.3736839,-0.8650213,0.3348112,-0.02601330913490623,1.0,0.0032337266511188807,289.7847029862789,0.0,256,1.128672151984226e-09,1.6727001805334356e-10,2.445681351072666e-10,1.3511128034918625e-06,0.0002889139904718978,2.8018894257169705e-11,23.838638670040083,6.4954786525641515,8.02720256537006,3.1296335626169243,1.3912185287734669,1.68539810591674,0.06622355458607804,0.0,0.015818978263954994,1.091583811389555,0.02529856422657134,1.1551564736018443,0.06412824962791805,621.4901650807003,289.7848589519282,0.6091688806662008,0.6091702872558288,0.6091702876916736,0.761462859069786,1.1278650870562776e-05,813,0.2225,0.2209,-0.35003,0.001569,2,0.0314,-0.2617,0.000226,12.012,6.0058,2.0,0.35279,0.64641,1.6523,0.16781,0.9895,0.9821,0.9926,0.513,4.8609,2.179,0.5029,3.8313,25.627,5.2721,83,0.241,-0.5334,45,0.3245,-0.1297,-0.0,0.0568305,0.1449325,-0.436661,-0.039957,-0.0063732,0.028414,0.0494423,198.0,179.0,0.1277237,0.1224644,0.0210216,0.0473927,0.0550786,0.0037965,0.0727608,197.0,175.0
176,1653,139604,1.0586004496540577e-10,0.0033257444704772464,0.0002591523622946593,0.0033257444704772464,0.6323274151323799,7.196648619019572,5.865136602518104,-10.678480589358484,11.803802720505699,-0.07915149616596347,11.803802720505699,0.01961789403764882,12.564861342962308,6.635333078259636,-5.3066401041522155,5.710051288260696,-0.025753305598261125,5.710051288260696,0.2982149066752104,2.0660206961651766,1.2729175303001945,0.20920504952962582,1.2742033392690169,0.8342329969182664,0.028178708484246896,2.4410262590270926,1.3854782798245169,0.0006021616540348163,1.4141539191936128,0.8095440293491103,4.373039882812487e-05,-0.6164692388866371,0,0,0,0.01721084763812479,0.5352039895590556,757,0.1368,0.32921,1.2565429482679873,-0.25299539598797105,1.8116664972547154,0.02643257657933472,0.25752348228356575,1.7494770326813691,0.1072197126033557,0.017227272935815444,6.223835484747343,0.06125645176416001,0.461068208047993,433,327,65,65,0,0.1351,741,0.5242529968211302,-0.0007,-0.0006997463759521594,98.0,377.0,0.2003155,0.046199,0.0063798,-0.003254,0.0456405,-0.8829121,-0.3892622,0.2106263,-0.1567728,0.3621544,0.138094,-0.0704336,0.9879115,783.0,372.0,-0.2161773,0.1336571,0.0995856,-0.0539647,0.0709558,0.7704078,-0.5586748,-0.3071571,0.0029744,0.5334036,0.7450829,-0.4037551,0.5308796,-0.02601330913490623,1.0,0.0032683822516940764,289.7848825581895,0.0,256,1.4514432747019099e-09,2.98222992365767e-10,4.184010176673784e-10,2.029013795486781e-06,0.00029488803822350096,-3.527298778809534e-11,30.197884521068296,7.683333022891221,9.670509822468397,3.1079687716660374,1.197026088197285,1.4533193451738744,-0.04707314816692783,0.0,0.0408781247428338,2.558052873995235,0.015761811596876885,1.5518678164304678,0.08526652423045734,621.4904360194516,289.78498528369056,0.6091688559722443,0.6091702872002054,0.6091702876916825,0.7614628590002567,1.1476593472299627e-05,813,0.2189,0.2166,-0.35859,-0.000595,2,0.0306,-0.2476,0.00026,12.011,6.0054,2.0,0.35297,0.64719,1.65058,0.16791,0.9895,0.9821,0.9926,0.513,4.8618,2.1794,0.5029,3.832,25.6317,5.2721,83,0.2735,-0.1348,45,0.3616,0.427,1.0,0.0483072,0.1630206,-0.5428222,0.007949,-0.0421112,-0.0787889,0.0896896,198.0,179.0,0.1460847,0.1497365,-0.0123448,-0.0256562,0.0661059,0.015637,0.0726137,197.0,175.0
177,1653,139604,4.000288710727863e-11,0.0033958231293096637,0.0002641612031988486,0.0033958231293096637,0.6323120692492107,7.196018800565568,5.865297928592183,-12.573838232166525,12.3757031443835,-0.07913936343019601,12.573838232166525,0.00623615446048785,12.563609336532979,6.602021529094793,-5.367322212886108,5.767481651491501,-0.025904992840703616,5.767481651491501,0.29919390343496644,2.064295811595661,1.2738517390390693,0.2143560255848923,1.2639113719165445,0.8342020133079466,0.04231284383460231,2.4550674785858524,1.3939099486655266,0.00047085937329738314,1.4141537664839203,0.8600087097745782,6.712587284878676e-05,-0.6114014031154458,0,0,0,0.016451555894038836,0.5353000026428069,757,0.1389,0.32796,1.2609876805803053,-0.2550433808276628,1.8170834605756687,0.0746423320117716,0.25459720492370236,1.7449849584761663,0.10645672752766426,0.01646452259628733,6.465825346898897,0.06084490466931469,0.46378835366619126,432,328,65,65,0,0.1372,741,0.5243604406478739,-0.00186,-0.0018602601868720203,98.0,377.0,0.196014,0.1293954,-0.0996424,0.0400835,0.0721657,-0.7887613,0.44836,-0.0373902,-0.4188447,0.3589117,-0.7700608,0.3097753,0.5577146,783.0,372.0,-0.2197108,0.0356473,0.024222,0.0241549,-0.0100282,-0.2336612,0.3866389,-0.085936,0.8879909,0.5342586,0.6794914,0.6776074,-0.2813175,-0.02601330913490623,1.0,0.0033257444704772464,289.7850112480908,0.0,256,9.468841913877222e-10,1.9420085557829173e-10,2.814127050385407e-10,1.2765228653075e-06,0.0002991088667712525,7.605509199458304e-11,24.06825619405356,5.993232723000055,7.591259520571057,3.1159021156389937,1.1489998861996247,1.5118489283028762,-0.020100583391277148,0.0,0.007922542130300664,2.5011139045777107,0.0035425911112677527,1.942309505716155,0.034329150514731704,621.4901772461708,289.78486462437377,0.6091688258031801,0.6091702872534027,0.6091702876917109,0.7614628590667534,1.171842819917946e-05,813,0.2199,0.2178,-0.36684,0.003117,2,0.0313,-0.2543,0.000212,12.009,6.0043,2.0,0.35321,0.64632,1.64839,0.16723,0.9895,0.9821,0.9925,0.513,4.8627,2.1798,0.503,3.8327,25.6364,5.2721,83,0.21,0.3662,45,0.3318,0.891,-2.0,0.1787154,0.0567928,0.5177001,-0.0607689,0.030408,0.050254,0.084516,198.0,179.0,0.1339399,0.0921229,0.1849798,-8.61e-05,0.0238438,0.0996737,0.102486,197.0,175.0
178,1655,139606,0.0,0.003468524413308329,0.0002686951293544935,0.003468524413308329,0.6258215647044466,7.187590578565455,5.86641923623752,-11.22924941219281,10.733991537130102,-0.07676217915712769,11.22924941219281,0.004263809345135959,12.56279834014948,6.621785590147496,-5.417733726823825,5.804767481336787,-0.026514384511749044,5.804767481336787,0.2997385564759914,2.0623967825162715,1.2743749783310636,0.22580041982281307,1.268565351720408,0.8368133549186352,0.0,2.4691714495482713,1.4004716280287597,0.0004721488590009315,1.4141524222603543,0.8845667146029029,0.0001252003291242744,-0.606257117850015,0,0,0,0.015455132922912881,0.5352221160480694,759,0.1407,0.32828,1.2632052244552594,-0.2542936655168987,1.8213952762656993,0.05350875324616915,0.2560228773957251,1.7375076907025055,0.1047227614518996,0.015463846727571142,6.772102911831439,0.059853134419620126,0.4637378942368416,437,325,68,68,0,0.1392,743,0.5243231570167441,0.002004,0.002004494931741263,98.0,377.0,0.1908053,0.0827496,-0.0618578,-0.0519908,-0.0178344,0.8369229,0.0736983,0.1217577,-0.5284919,0.3545592,-0.7475298,-0.6282908,-0.2155224,783.0,372.0,-0.2237712,0.0745216,0.0256027,-0.0602094,0.0356762,-0.2525666,0.566913,0.2751466,0.7342439,0.5347404,0.3435607,-0.8079461,0.478737,-0.02601330913490623,1.0,0.0033958231293096637,289.78489066063673,0.0,256,1.484062240929383e-09,2.050395808791929e-10,3.0528082389083006e-10,1.4799388708132122e-06,0.00030344473393949364,-2.250318884835657e-11,22.095129176522065,5.6151773299371115,7.040253020395118,3.141240551116397,1.2899167673370828,1.6038192460035645,0.03784849290425702,0.0,0.03797558035774814,1.5375386818599968,0.030229408758258254,1.5124143663597198,0.059564027399577064,621.4900970760837,289.78482724312676,0.6091687945048907,0.6091702872692657,0.609170287691728,0.7614628590865821,1.1969309940434768e-05,813,0.2219,0.2199,-0.37334,0.002787,2,0.0321,-0.2595,0.000231,12.007,6.0034,2.0,0.3534,0.64646,1.64795,0.1675,0.9895,0.9821,0.9925,0.513,4.8758,2.1857,0.5044,3.6268,25.9108,5.3142,83,0.1529,0.8959,45,0.2703,0.9441,-1.0,0.120711,0.2143637,-0.279498,0.0840805,-0.0185435,-0.1054263,0.1361179,198.0,179.0,0.0857421,0.1049045,-0.1005129,-0.0186703,0.0021376,-0.0674448,0.0700139,197.0,175.0
179,1655,139606,2.972595027592117e-11,0.0035483364288970043,0.00027622500525452165,0.0035483364288970043,0.6258061672473854,7.186980987218778,5.8665777170620546,-10.492793102275666,11.115151088790347,-0.07844993814341303,11.115151088790347,0.007708108355744809,12.565593728725167,6.640530214873407,-5.452995224186228,5.845448877585898,-0.02627619899966196,5.845448877585898,0.3020943305657957,2.060334613610219,1.275655373540084,0.22599061247480445,1.2756585930036481,0.8405193677153586,0.014129302611157952,2.4831916839442725,1.4093531889311195,0.00028938544625689566,1.414146577675367,0.9303396628349131,0.00015439597839202852,-0.6010326810847404,0,0,0,0.01580304016013896,0.5352126718597849,759,0.1431,0.33432,1.2707464622885951,-0.25464174302392406,1.8355617474140764,0.05376832440815289,0.25518237403789495,1.7442656348822143,0.10752288359916905,0.015802303619478267,6.804253746057251,0.06150582682375985,0.45708341773130967,436,326,59,59,0,0.1415,743,0.5243339077484862,-0.001626,-0.0016263714504207716,98.0,377.0,0.1888245,0.0426831,-0.0226171,0.0288645,-0.0218439,0.5474878,0.2773043,-0.546955,0.5693853,0.3533807,-0.5298835,0.6762504,-0.5117703,783.0,372.0,-0.2262134,0.0793072,0.0155692,0.0539852,0.0559717,-0.5472111,-0.097415,-0.7777563,0.2935398,0.5351865,0.1963146,0.6807098,0.7057583,-0.025981873111782478,1.0,0.003468524413308329,289.78485040718056,0.0,256,8.37856611589053e-10,1.664161789072618e-10,2.1831413028617455e-10,1.8753822394821442e-06,0.0003106766003679655,8.005346408199688e-12,21.967358992561312,5.624362579262462,7.03503795407336,3.137290905445943,1.2241857279333235,1.5473944981376244,0.13319611909218332,0.0,0.016969255524498107,1.8875405037761952,0.03050111041862548,1.4412761067032878,0.03540799414158228,621.490210945699,289.78488033759595,0.6091687601473011,0.6091702872466477,0.6091702876917151,0.7614628590583096,1.2244725897235336e-05,813,0.2256,0.2239,-0.37611,-0.000658,2,0.0331,-0.2271,0.000218,12.008,6.0038,2.0,0.35351,0.64671,1.64752,0.16745,0.9895,0.9821,0.9925,0.513,4.8766,2.1861,0.5045,3.6275,25.9153,5.3142,83,0.1328,0.7305,45,0.2806,0.2056,-1.0,0.0961094,0.1383381,-0.18012,-0.037384,0.0417932,0.0886428,0.1048894,198.0,179.0,0.0230397,0.1171429,-0.6712905,-0.019063,-0.0380866,-0.0487015,0.0646979,197.0,175.0
180,1655,139606,6.548894203862297e-11,0.0035840848290866418,0.00028119047311599935,0.0035840848290866418,0.6257900848040056,7.18633858499381,5.866737053857442,-10.81205528280487,11.860048354917398,-0.07935943602202401,11.860048354917398,0.004500679554109866,12.565416431168195,6.660721770526939,-5.494202645823965,5.902140249139646,-0.026365913832612806,5.902140249139646,0.3052144249158306,2.05809821425219,1.2772640164354498,0.2940913949859444,1.3418575373976473,0.8439314704355478,0.014129316753273577,2.497332866158304,1.4181956694207516,0.00022975840602812436,1.4141529924955025,0.8647986678286961,0.00018805147591614875,-0.5957539686973402,0,0,0,0.015959369600056523,0.5351905089294882,759,0.1464,0.33513,1.2837961810854455,-0.26202216959076463,1.8508303198180913,0.08179021020745333,0.2570002809964851,1.7367293408064113,0.11085462275160031,0.015950363015619095,6.949974909226078,0.06346446442729643,0.459009659255527,438,324,65,65,0,0.1452,743,0.5243304040326648,-0.003991,-0.0039909740271331096,98.0,377.0,0.1827186,0.1391416,-0.1130623,0.0082209,-0.0806829,-0.2238172,-0.1593944,-0.7273834,0.6288185,0.3497898,-0.8125698,0.059083,-0.5798617,783.0,372.0,-0.2309622,0.0605612,-0.009524,-0.0587196,0.0113562,0.3260042,0.2167934,-0.6907256,-0.6079638,0.5345656,-0.1572621,-0.9695908,0.1875163,-0.025981873111782478,1.0,0.0035483364288970043,289.78490798866903,0.0,256,9.679911714018628e-10,1.8953505302735727e-10,2.505951522922043e-10,1.8453170863711077e-06,0.0003162600730915704,-7.56929553451426e-12,23.292757478785152,5.805180439463433,7.272888303199019,3.1400037425567238,1.1636177217509847,1.464370730272757,0.2248728861344727,0.0,0.0035036640839427955,1.3955935708199394,0.028295438893549487,2.134248455104114,0.010864809663432014,621.4905799041018,289.7850523733975,0.609168744757532,0.6091702871693085,0.6091702876916999,0.7614628589616357,1.2368080409021344e-05,813,0.2311,0.2297,-0.38472,0.006217,2,0.0345,-0.1831,0.000293,12.008,6.004,2.0,0.35402,0.64444,1.64625,0.16698,0.9895,0.9821,0.9925,0.513,4.8775,2.1865,0.5046,3.6281,25.9201,5.3142,83,0.217,-0.0995,45,0.3876,-0.4605,-2.0,0.1771193,0.1374452,0.1261237,-0.012413,-0.0415673,-0.0837154,0.0942878,198.0,179.0,0.0487365,0.0900765,-0.297811,0.0153675,0.0485598,0.0242443,0.0564092,197.0,175.0
181,1655,139606,1.0139951189930327e-10,0.0036441719622287176,0.0002871746340650118,0.0036441719622287176,0.6257767073516076,7.185690532646355,5.866897428742578,-11.853050821267479,11.800814115286444,-0.08059388173256311,11.853050821267479,0.004393289364829963,12.560711467814343,6.638754158534217,-5.5242492681921025,5.963769228129491,-0.02624025080994664,5.963769228129491,0.3065403755308906,2.055732184238469,1.278061565799311,0.267833645575271,1.3269772050751807,0.836624193783041,0.028270698395151117,2.511472371312862,1.4268436562865312,0.00015545269304961806,1.4141948105820596,0.847124070139321,0.00021235819973444117,-0.5903911064088141,0,0,0,0.015349096015520501,0.5352868318627989,759,0.1484,0.32958,1.2883501514948112,-0.26781089675772407,1.8569095051341347,0.08004116844491196,0.2573776843937993,1.722123158438304,0.11037743247078247,0.015343875855284472,7.1935822155891715,0.06311519000069252,0.4614796299963335,436,326,71,71,0,0.1473,743,0.5244437314496827,-0.003027,-0.0030268639979591505,98.0,377.0,0.1784766,0.1338169,-0.0241238,0.0256966,-0.1290918,0.0441348,-0.2112615,0.8767128,-0.4298783,0.3462167,-0.180275,0.192028,-0.9646897,783.0,372.0,-0.2380622,0.0708996,0.017389,-0.0496602,-0.0475209,-0.5047238,0.0647454,0.6670024,0.5442148,0.5347415,0.2452632,-0.7004301,-0.6702564,-0.025981873111782478,1.0,0.0035840846816543185,289.7850774013181,0.0,256,1.1053620993413225e-09,1.6855818433351242e-10,2.489035651776087e-10,1.5420141936476775e-06,0.00032202902342912256,2.1894407113355822e-11,24.798957669584055,7.240441834299627,9.057298168656443,3.105075966549563,1.2019918325607375,1.5073999999856922,0.041687782402215656,0.0,0.02547670361978308,1.908708170724382,0.02304999519053722,1.646024260611,0.040952384984914915,621.4902372858719,289.7848926193402,0.6091687188903797,0.6091702872413316,0.6091702876916845,0.7614628590516644,1.2575438040573362e-05,813,0.2299,0.2291,-0.39092,-0.005007,2,0.0347,-0.1511,0.000272,12.007,6.0035,2.0,0.35401,0.64483,1.64429,0.16656,0.9896,0.9821,0.9925,0.513,4.8784,2.1869,0.5047,3.6288,25.9247,5.3142,83,0.2711,-0.5501,46,0.3784,-0.8297,-3.0,0.1998252,0.0394303,0.6703916,-0.0157373,0.0222417,-0.0979946,0.1017119,198.0,179.0,0.0678238,0.0804577,-0.0852022,-0.005306,0.0009432,0.035224,0.0356338,197.0,175.0
182,1655,139606,1.9300594190084768e-10,0.003673713146620055,0.0002859974132813921,0.003673713146620055,0.625797284998181,7.1850957920304,5.867049942932523,-12.566492876238796,12.298497555839408,-0.08036982854617467,12.566492876238796,0.0038786288620532737,12.556799043351617,6.649302123997986,-5.508881239991154,5.930509398397001,-0.026339276295536937,5.930509398397001,0.3065403787809091,2.0557321818722176,1.278061567557543,0.2423947848545862,1.2633857946543063,0.8398472903975912,0.02827071253726674,2.5114723854549776,1.426843670428647,0.0005505857703373973,1.4141770115072494,0.8529840871815741,0.00023471235948004302,-0.5903910986484582,0,0,0,0.014347972929344735,0.535497950210232,759,0.1483,0.3315,1.28441549822265,-0.2622895865156566,1.8569948661926452,0.07707935073885107,0.25835965162411745,1.7295509744504847,0.10716126850175961,0.014348637020929306,7.468393572535936,0.06113980952725282,0.47091677430121,440,322,66,66,0,0.1465,744,0.5253124419818961,-0.003843,-0.003843322189219789,98.0,377.0,0.183617,0.1327978,-0.0246116,0.0222242,-0.1285908,0.0432914,-0.2196533,0.8768615,-0.4254318,0.3442601,-0.1853316,0.167354,-0.9683206,783.0,372.0,-0.2371649,0.0707392,0.0170548,-0.0493812,-0.0476935,-0.5124328,0.0675944,0.662199,0.5425274,0.5343918,0.2410935,-0.6980738,-0.6742158,-0.025981873111782478,1.0,0.0036441719622287176,289.7848926193716,0.0,256,7.526015383586056e-10,1.4597768039422324e-10,1.9653162644275213e-10,2.563205326392124e-06,0.0003221195085228582,1.7854248827477656e-11,24.21431366167444,7.203567092342489,8.972771887155643,3.1210971220903017,1.2044093451735565,1.50760511659788,0.0296494419644157,0.0,0.025268749997792404,0.00835000048899263,0.023125776391789782,0.02229667323885723,0.040759316150423115,621.4901289035289,289.7848420834448,0.6091687061724289,0.6091702872630034,0.6091702876916449,0.7614628590787542,1.2677382019733776e-05,813,0.2267,0.2259,-0.39171,0.002846,2,0.0343,-0.1633,0.00013,12.005,6.0023,2.0,0.35525,0.64295,1.64461,0.16735,0.9896,0.9821,0.9925,0.513,4.8792,2.1872,0.5047,3.6053,25.9477,5.318,83,0.235,-0.8811,46,0.2789,-0.9996,-1.0,0.2022719,0.0326671,0.72191,-0.0198773,0.0225692,-0.1023478,0.106675,198.0,179.0,0.0673868,0.0804218,-0.0881879,-0.0052927,0.0009285,0.0351846,0.0355925,197.0,175.0
183,1655,139606,2.890397533002758e-10,0.003728575133747528,0.00029161174244520996,0.003728575133747528,0.6258182852867655,7.184494581739232,5.867202634299997,-12.071526468463869,12.534469713013427,-0.0803085733498114,12.534469713013427,0.003472499521245523,12.566168975015216,6.650957886106483,-5.562928994357206,5.997416150650839,-0.026614659760653827,5.997416150650839,0.30761175038894406,2.053197154497134,1.2786258474418721,0.26078416131510773,1.2653630330949985,0.835014187362784,0.033462895002051116,2.5256052705236662,1.4353149111300403,0.00014904207505050948,1.4141709715690407,0.8414380403288566,0.0002494792518716247,-0.5848888600986409,0,0,0,0.013790479558589067,0.5357618111459762,759,0.1468,0.33228,1.2882745081754063,-0.2527499278177181,1.8600691774508447,0.042714901549269275,0.25161701059761676,1.7264227695313075,0.10570549765375327,0.013792582366324808,7.663938111534346,0.0602862285580392,0.472943237239631,436,326,72,72,0,0.1442,745,0.5262183124827049,0.00228,0.002280349925662284,98.0,377.0,0.1848333,0.0323955,-0.0239831,0.0177802,0.0125755,0.7986293,0.2062121,0.0290904,0.5646428,0.3442376,-0.7403221,0.5488489,0.3881856,783.0,372.0,-0.2456432,0.0320234,0.0274001,0.0068502,-0.0150933,-0.4311688,0.3783463,0.0313989,-0.8185119,0.5348456,0.8556281,0.213912,-0.4713196,-0.025981873111782478,1.0,0.003673713146620055,289.7848812391289,0.0,256,1.3301240781868403e-09,2.5616914101867e-10,3.366912547688531e-10,2.2776676008833673e-06,0.00032620413773646467,-2.5168962192459677e-11,24.20677502859853,7.583514131879314,9.305195344376177,3.137876383966874,1.1849978415531792,1.5019829431168494,-0.10529117042460842,0.0,0.007804789013137402,0.9426366318264444,0.018810929931804835,1.546298480140865,0.02143032090094685,621.4904586238475,289.7849958235382,0.6091686825556724,0.609170287195414,0.6091702876916036,0.7614628589942675,1.2866694920319504e-05,813,0.2216,0.2216,-0.39895,-0.001125,2,0.0334,-0.1812,0.000249,12.001,6.0005,2.0,0.35426,0.64712,1.64246,0.16612,0.9896,0.9821,0.9925,0.513,4.88,2.1876,0.5048,3.6059,25.9519,5.318,83,0.2311,-0.7999,46,0.3258,-0.2947,0.0,0.0793492,0.0559716,0.1727572,-0.0603941,-0.0055913,0.0270586,0.0664144,198.0,179.0,0.0857107,0.0346305,0.4244612,0.0284486,-0.0343541,-0.0023682,0.044667,197.0,175.0
184,1656,139607,0.0,0.003805450880914689,0.000298836083723136,0.003805450880914689,0.6286057875474057,7.187187134271041,5.867051150364088,-10.846041596578257,11.706660549161262,-0.07911937900378507,11.706660549161262,0.0006124044529951349,12.559799986451313,6.695131800454123,-5.641286953765765,6.0904197009241186,-0.026583953034657243,6.0904197009241186,0.31022011633616403,2.0505500391400915,1.2796438236839653,0.3179877054379836,1.3746873619211502,0.8394920370643204,0.0,2.5397469826277965,1.4438613177254809,0.0002135986468528861,1.4141356778846863,0.8673832468012792,0.0002576062419704706,-0.5793146623579483,0,0,0,0.014142703043700565,0.5359029006657232,759,0.1507,0.3375,1.295997722928228,-0.24914715793387066,1.8707252982560767,0.129075238174778,0.2515398603518607,1.7154491764624304,0.10832002789408506,0.014145282263523897,7.657678784778112,0.06175592327985285,0.47233014896826137,441,321,78,78,0,0.1494,746,0.5270121551244799,-0.004742,-0.004741722742005905,98.0,377.0,0.1924315,0.085019,0.0372666,-0.0268714,-0.0715356,0.3436014,-0.2921629,-0.8838785,0.1238454,0.3451968,0.4383332,-0.3160639,-0.8414081,783.0,372.0,-0.2509803,0.0451608,-0.0095306,0.0410573,-0.0162162,0.8001704,-0.5171748,-0.3031976,0.0181338,0.5350626,-0.2110367,0.9091356,-0.3590765,-0.025981873111782478,1.0,0.003728575133747528,289.7850161229169,0.0,256,1.6885708116960364e-09,2.809210626007796e-10,4.1251766673729076e-10,2.002876172810448e-06,0.00033301048227635574,-8.078419332300063e-11,17.528397340383854,6.244390742069534,7.711078904907618,3.1253032285514557,1.2344274898557077,1.5739599040072616,0.003491170234840732,0.0,0.03072016556859773,1.5927391909918462,0.022833897077071872,1.0630437971546223,0.04101694140671906,621.4907199568751,289.78511767639895,0.6091686494618432,0.6091702871383295,0.609170287691728,0.7614628589229119,1.3131974862712618e-05,814,0.2144,0.2127,-0.41141,0.00132,2,0.0332,-0.1615,0.000204,12.0,6.0001,2.0,0.35457,0.64655,1.64109,0.16697,0.9896,0.9821,0.9924,0.5133,4.8766,2.1861,0.5045,3.6514,25.915,5.3142,83,0.2901,-0.2102,46,0.4194,0.3342,1.0,0.0372276,0.1980991,-0.6836092,-0.0165796,-0.0118087,0.0783538,0.0809546,198.0,179.0,0.125921,0.1154389,0.0434294,0.0657402,-0.0221839,0.0895649,0.1132951,197.0,175.0
185,1656,139607,2.0855616002023556e-10,0.0038890280312695565,0.0003064681516851885,0.0038890280312695565,0.6286263513017789,7.186582156473434,5.8672075810361175,-11.621110679206554,12.514014081389659,-0.07865058240227715,12.514014081389659,0.001387896492649714,12.558014530843018,6.619115587081998,-5.677816805890053,6.121794128694315,-0.026665392601825124,6.121794128694315,0.31294994406342563,2.047790664864942,1.280964328826657,0.23664938662395563,1.2986118153539536,0.8383073764983987,0.014140110996951042,2.5538835607687442,1.4528125329954413,0.003185729937916104,1.4141532872484868,0.931124547598762,0.00025957430423333394,-0.5736661819815874,0,0,0,0.01383664013752029,0.5358786906498114,759,0.1528,0.34607,1.3054984544614954,-0.25298008203445665,1.8840594355147435,0.03967948790532765,0.2544028262869105,1.7206403683304927,0.10967995491644435,0.013838322015698247,7.925813172436873,0.06254128996258569,0.4794248118814532,444,318,80,80,0,0.1515,746,0.5270011665527933,0.006699,0.006699227389804774,98.0,377.0,0.2011949,0.0148371,-0.003766,-0.0039729,0.0137904,0.2677848,-0.567928,0.4196189,-0.6554915,0.3417876,-0.2538192,-0.2677685,0.9294492,783.0,372.0,-0.256044,0.0934898,-0.0070989,0.0810996,0.0459653,0.0544043,-0.4939835,-0.0922038,-0.8628551,0.5351627,-0.0759319,0.8674698,0.491661,-0.026570048309178744,1.0,0.003805450880914689,289.7851367111925,0.0,256,1.2826837044993014e-09,3.3207270310749847e-10,4.3854478372661447e-10,2.1019425715090246e-06,0.0003406935139810626,-5.576789816146961e-11,24.99808810235477,7.689561800032182,9.55561170075958,3.1086209774464852,1.3146500203430027,1.6131522735382424,-0.1853662022766976,0.0,0.016943509129209486,2.4382212552366647,0.013094323761690101,0.8762577618019435,0.045004315580489805,621.4905646356827,289.7850452541269,0.609168613481535,0.6091702871726322,0.6091702876916383,0.7614628589657902,1.3420388991637145e-05,814,0.2141,0.2124,-0.42292,0.003145,2,0.0338,-0.1349,0.00013,12.001,6.0005,2.0,0.3545,0.64633,1.64046,0.16724,0.9896,0.9821,0.9924,0.5133,4.8774,2.1864,0.5046,3.652,25.9194,5.3142,83,0.2385,0.2747,46,0.3241,0.8147,0.0,0.1036359,0.1283641,-0.1065872,0.0499221,-0.0106734,0.1008921,0.1130724,198.0,179.0,0.1006238,0.1217913,-0.0951712,0.0303396,-0.0135207,-0.0682573,0.0759102,197.0,175.0
186,1656,139607,6.167221169093867e-10,0.00394358712983939,0.00031197848296451867,0.00394358712983939,0.6286461841034756,7.1859520967063215,5.86736478021193,-12.61467727181226,11.230852581164347,-0.08349944137940439,12.61467727181226,0.007390318516830632,12.565206819294653,6.598951861771466,-5.7161930884962056,6.152432008812611,-0.02716972701733878,6.152432008812611,0.3157546875625348,2.044886323313208,1.2823331140549128,0.2430562527959259,1.250743587817799,0.8438013735765765,0.014140125139066666,2.568014324899864,1.4616728987956051,2.5501741421796176e-05,1.4140890276637836,0.9081840053872369,0.00025807871195318333,-0.5679064231823141,0,0,0,0.013353728442761238,0.5357228640247391,759,0.1513,0.35353,1.321058071916047,-0.26423834704307986,1.8972887345795026,0.11113697132596004,0.25484562765831115,1.7202217492981486,0.111743662587734,0.013354830250050066,8.367284382915694,0.06380466808837665,0.4839646352229838,442,320,76,76,0,0.15,746,0.5268529663713841,0.00085,0.0008502000239254404,98.0,377.0,0.1985987,0.0458121,-0.01613,0.0385634,-0.0187466,-0.3558702,-0.4965014,-0.63056,0.4787868,0.3364429,-0.3520909,0.8417737,-0.4092054,783.0,372.0,-0.2618824,0.0585723,0.0221237,-0.0147483,-0.0521895,0.4733055,-0.4795379,-0.6329316,-0.3813436,0.5342765,0.3777164,-0.2517969,-0.8910267,-0.026570048309178744,1.0,0.0038890280312695565,289.785063634285,0.0,256,1.1016771042592315e-09,1.450205488233847e-10,2.0090879781252528e-10,2.430963322920705e-06,0.0003469460281766332,-2.7782102000178476e-11,25.019362216619726,7.782208050094148,9.64517688868985,3.1388482165681295,1.1651829461734395,1.5064435832206677,0.09436255261438721,0.0,0.028192829617701,2.0674973374807473,0.025894117250597235,1.943661904474756,0.0919762060062516,621.4905287804814,289.78502853576987,0.609168589993031,0.6091702871803942,0.6091702876914625,0.7614628589754927,1.3608664152753531e-05,814,0.2153,0.2137,-0.42651,0.001675,2,0.0337,-0.1049,0.000176,12.003,6.0014,2.0,0.35491,0.64488,1.63898,0.16613,0.9896,0.9821,0.9924,0.5133,4.8782,2.1868,0.5046,3.6527,25.9239,5.3142,83,0.1784,0.9519,46,0.2935,0.9633,-1.0,0.0920381,0.1308154,-0.1740036,0.013828,-0.0309457,-0.0912828,0.0973725,198.0,179.0,0.0676633,0.0869537,-0.1247624,0.0276882,0.0117047,0.0541539,0.0619377,197.0,175.0
187,1656,139607,3.568638481572039e-10,0.004014042666460684,0.0003196353014371319,0.004014042666460684,0.6286660961436683,7.185330619222528,5.867522752347723,-10.43662298224034,11.842762953254445,-0.08438466293649094,11.842762953254445,0.0008943101194542891,12.564102581617524,6.550148696482745,-5.761366687531918,6.194936105975288,-0.02707509055446794,6.194936105975288,0.31802685792171853,2.0418342882295146,1.2835595562421798,0.2867629008014746,1.370767757652447,0.8418282220538473,0.028281412037595884,2.5821299283084866,1.4706298385222942,0.0007090836700003322,1.4141031602934018,0.9104571154066566,0.00026359903740992053,-0.5620422848723966,0,0,0,0.012728696509287242,0.5356571838841064,759,0.1426,0.36639,1.337802711770858,-0.2776971544789492,1.9077673702177163,0.03333725881079373,0.25166106447475306,1.715879637048829,0.11289827615235952,0.012724250587959994,8.872685693504552,0.06457158446968,0.5028878039469121,432,330,76,76,0,0.1413,746,0.5267987617932837,-0.003061,-0.003060900410632561,98.0,377.0,0.1954539,0.0725103,0.037218,-0.0217077,0.0583211,-0.1697351,0.2359398,0.7438338,-0.6018585,0.3316481,0.5132781,-0.2993735,0.8043141,783.0,372.0,-0.2698346,0.063991,0.0148363,0.0504465,0.0364676,0.7592548,0.4383801,-0.4737751,0.0830193,0.5337234,0.2318495,0.7883372,0.5698862,-0.026570048309178744,1.0,0.00394358712983939,289.7850449248266,0.0,256,1.0779717492084302e-09,2.2018097722963216e-10,2.9428367179248447e-10,1.974416073786605e-06,0.00035396005304991646,2.4668157356951278e-11,25.033829297775743,7.679055334309658,9.570560514307822,3.1335383251488853,1.3322488310986662,1.6538822799505173,-0.04053505396949367,0.0,0.028649298598627346,2.6718168821569477,0.025791497803575144,1.878770097220454,0.023475073291971352,621.4905735008389,289.7850493877209,0.6091685596634394,0.6091702871707039,0.6091702876915743,0.7614628589633798,1.3851793510196084e-05,814,0.2171,0.2147,-0.43522,-0.00089,2,0.032,-0.0352,0.000164,12.004,6.0019,2.0,0.35462,0.64483,1.63848,0.1656,0.9896,0.9821,0.9924,0.5133,4.8791,2.1872,0.5047,3.6293,25.9471,5.318,83,0.1965,0.733,46,0.2941,0.3822,-1.0,0.0184654,0.1567971,-0.7892826,-0.0268368,0.0060293,-0.046758,0.0542482,198.0,179.0,0.1493249,0.0413945,0.5659119,0.0512154,0.0179331,0.0169118,0.0568386,197.0,175.0
188,1656,139607,1.37471696030123e-10,0.004100608348545881,0.0003279488999869619,0.004100608348545881,0.6286864527710707,7.184685009543057,5.867681387177339,-10.432080243272992,12.064968672372265,-0.08706301725446916,12.064968672372265,0.001232853198612105,12.552086723040354,6.564968633073328,-5.791486220095861,6.24805966563817,-0.027451335840793838,6.24805966563817,0.32009725011154266,2.03865406177496,1.2847916229673577,0.2883363107464636,1.2858191519000595,0.838779656106603,0.032853307635341306,2.596271041307516,1.4798846135409818,0.002288550357015251,1.414104286524001,0.8939629856992912,0.0002730781890383426,-0.556130453644675,0,0,0,0.012136800856567924,0.5356320729289513,759,0.137,0.3763,1.3489435476123264,-0.2850591245870919,1.9199878527110539,0.07816410912161756,0.25110676961266754,1.7146769692592796,0.11393302409421703,0.012122494408896246,9.39848023444794,0.0651900253624124,0.5078312020033294,432,330,77,76,1,0.1355,746,0.5267862091354295,-0.007955,-0.007954996175024043,98.0,377.0,0.1948865,0.0877102,0.0574628,-0.0561279,-0.0352245,0.4910137,0.1261988,0.3302332,-0.7961944,0.3277657,0.6551442,-0.6399242,-0.4016007,783.0,372.0,-0.2774286,0.0460455,0.0166933,0.0182632,-0.0388326,-0.7222903,-0.4277037,-0.1711771,-0.5158145,0.5332493,0.3625402,0.3966342,-0.843354,-0.026570048309178744,1.0,0.004014042666460684,289.7850697740385,0.0,256,1.2589056991126242e-09,2.516469963720751e-10,3.5380658218194504e-10,2.1860349869139337e-06,0.00036202395707847376,2.1341513323507302e-11,27.897698714839795,8.698171995414047,11.036948809567951,3.1237927107918124,1.2000307750334935,1.5264549542899326,0.019914941703415234,0.0,0.0119838379564078,2.4217411020131268,0.02503661807342298,1.0883264185093622,0.032970949480310964,621.4907878772106,289.78514934590225,0.6091685223976415,0.6091702871229863,0.6091702876916688,0.7614628589037328,1.4150512397897888e-05,814,0.2184,0.216,-0.45308,-0.003558,2,0.0309,0.0218,0.000188,12.004,6.0022,2.0,0.35492,0.64369,1.6377,0.16567,0.9896,0.9821,0.9924,0.5133,4.88,2.1876,0.5048,3.6059,25.9704,5.3218,83,0.2612,-0.0104,46,0.3319,-0.3481,-1.0,0.090937,0.1089843,-0.0902721,0.0137927,-0.0259035,0.0346221,0.0453863,198.0,179.0,0.0634262,0.0934246,-0.191254,-0.0131225,-0.0638046,0.0425228,0.0777908,197.0,175.0
189,1656,139607,1.4294655505874822e-10,0.0041817098263860686,0.0003365667281354392,0.0041817098263860686,0.6287094588663036,7.184033481748203,5.867841009475747,-10.702628120579678,12.147205024244762,-0.08613002996094257,12.147205024244762,0.0003748272952925902,12.558722829766156,6.539135287124023,-5.852690992001187,6.312991400423503,-0.027728181394759174,6.312991400423503,0.3217571903240247,2.0353702807431646,1.2858094542287253,0.2806550393782036,1.2864211205790361,0.8402772471498857,0.033891917175371676,2.6104109040334365,1.4887974205813514,1.7096497169077907e-06,1.4140891642916684,0.8913889135851651,0.0002890913773504966,-0.5501368743067971,0,0,0,0.01147685010467449,0.5356273107244487,759,0.1341,0.37899,1.354695674466899,-0.28937079785362363,1.9312979612899994,0.08033544250606964,0.2499616155506617,1.7096948729637806,0.11422530045698762,0.011463722360877181,9.964067242836412,0.06530857021840657,0.5144329641904027,425,337,79,78,1,0.1326,746,0.5267908848717555,-0.017248,-0.01724838703181142,98.0,377.0,0.1970262,0.1096269,-0.0370615,-0.0204798,-0.1011192,-0.906981,0.1893846,0.1504064,0.3448141,0.3246381,-0.3380694,-0.1868135,-0.9223935,783.0,372.0,-0.285293,0.04429,-0.0242668,-0.0048831,-0.0367272,-0.8658391,-0.2627375,0.0134955,-0.4255696,0.5325104,-0.5479067,-0.1102518,-0.8292423,-0.026570048309178744,1.0,0.004100608348545881,289.78516616887646,0.0,256,1.7982305805521338e-09,2.153123543487727e-10,3.354503154315566e-10,2.3878539182607874e-06,0.00037038872366316735,2.172349106426993e-11,24.807467468434385,6.442067143738305,7.963831826383603,3.133030625903932,1.171605260801191,1.4874573897910688,0.13282322907685684,0.0,0.02203853301431338,2.2367852288912333,0.02459439730540568,1.9294120785140585,0.0395596606132696,621.4907327402415,289.7851236369535,0.609168487483494,0.6091702871354582,0.6091702876916665,0.7614628589193226,1.4430381290465995e-05,814,0.2191,0.2168,-0.46137,-0.004624,2,0.0304,0.0391,0.000113,12.005,6.0023,2.0,0.3554,0.64297,1.63706,0.16698,0.9896,0.9821,0.9924,0.5133,4.8808,2.188,0.5049,3.6065,25.9751,5.3219,83,0.2517,-0.4511,46,0.2934,-0.7259,-2.0,0.1838455,0.0481243,0.5850813,-0.0505097,0.015745,-0.1007191,0.1137694,198.0,179.0,0.0693467,0.051381,0.1488113,-0.0056249,-0.0313211,0.0208467,0.0380425,197.0,175.0
190,1657,139608,0.0,0.004285427098607479,0.00034482070306640254,0.004285427098607479,0.6257525090234651,7.179625685556597,5.868318392530062,-10.412380323488057,11.203105960476567,-0.08556559765714418,11.203105960476567,0.004969135179830475,12.56635031464693,6.561082431822603,-5.893961454497538,6.343484815976666,-0.02630507329899679,6.343484815976666,0.32365278264135083,2.0319639237225795,1.2867059422209417,0.3199026360319899,1.3686065554280298,0.842658993940284,0.0,2.6245148585147975,1.4968496499303716,0.00010401043889640693,1.4140973983423608,0.8928153304551733,0.00031131793671666244,-0.5440041388227631,0,0,0,0.010091003890329565,0.5351168844304993,760,0.1308,0.38025,1.3586995192932223,-0.29502049035299577,1.941464381878375,0.03504614742617143,0.25743955656317574,1.7074154327211957,0.11344037055082587,0.010094209047947241,11.238163387739142,0.06490803730933212,0.516615928923888,425,338,83,83,0,0.1293,747,0.5262914690934889,-0.021265,-0.02126523193613372,98.0,377.0,0.1933824,0.0593621,-0.0279489,0.0429992,-0.0298963,0.6934309,-0.3217469,-0.396487,0.5083607,0.3157313,-0.4708206,0.7243544,-0.5036255,783.0,372.0,-0.2923318,0.0106235,-0.0038854,0.0071262,0.0068542,-0.5265619,0.1820196,-0.5897173,0.5846665,0.5316168,-0.3657368,0.6707929,0.6451926,-0.026570048309178744,1.0,0.0041817098263860686,289.7851431091464,0.0,256,8.303651769567193e-10,1.8925870157520066e-10,2.594426268445022e-10,3.440267523403586e-06,0.00037820482809948074,-8.700171299875341e-12,19.833212033948186,6.113758902278418,7.319332183851472,3.09786197045446,1.259483500403725,1.5434801074852997,-0.09769090273908232,0.0,0.02289869672444898,1.673351903430031,0.02110723813407148,0.8422847925703025,0.03571988828608187,621.4902950637364,289.7849195596705,0.6091684428328497,0.6091702872295605,0.609170287691728,0.7614628590369505,1.4788302666402393e-05,814,0.2193,0.2169,-0.47021,-0.001427,2,0.0296,0.1032,8.9e-05,12.005,6.0023,2.0,0.35602,0.6423,1.63552,0.16533,0.9897,0.9821,0.9923,0.513,4.8875,2.1348,0.5393,3.5151,26.1039,5.341,83,0.1415,-0.9467,46,0.124,-0.9991,-1.0,0.0785163,0.0416536,0.3067546,-0.0115023,0.013893,-0.033243,0.0378208,198.0,179.0,0.0572141,0.0332198,0.2653238,0.0034929,0.0250212,-0.0314656,0.0403527,197.0,175.0
191,1657,139608,1.6814508707036885e-10,0.00438308231327394,0.00035437481027616677,0.00438308231327394,0.6257812224154843,7.178969529176971,5.868477879116614,-12.562037929637873,12.70490687327697,-0.08480867865089403,12.70490687327697,0.0019670908683813862,12.557853502643253,6.5556220675261425,-5.952604215335798,6.381734812721124,-0.02648176744673952,6.381734812721124,0.3254615307169015,2.028437984142475,1.2876367000236186,0.3154126956183829,1.2828287539611487,0.8447606051011599,0.01413271171205371,2.6386472613517404,1.505777795388319,0.0009494316195788333,1.4141844180106082,0.8921390633616595,0.00033734298727588775,-0.5377832213715179,0,0,0,0.00935129315273839,0.535125047051097,760,0.1345,0.39074,1.3671508409524749,-0.3034148587661586,1.9509056594045935,0.07121322381928431,0.2544887844854409,1.691436155635275,0.11343357424762636,0.009366372986251061,12.110725722127016,0.06501096037688867,0.5327403304535326,425,338,80,80,0,0.1331,747,0.5263099016885753,-0.025319,-0.025319458061694,98.0,377.0,0.196769,0.126013,0.039676,-0.0689421,-0.0977347,-0.7346739,0.2677726,-0.2768346,0.5584933,0.3110749,0.3148568,-0.5471032,-0.7755923,783.0,372.0,-0.3002804,0.0784345,0.0533469,-0.0031692,-0.0574112,0.2985298,0.0843868,-0.6434564,-0.6998019,0.5307574,0.6801454,-0.0404061,-0.7319628,-0.02595051297525649,1.0,0.004285450648680063,289.7849419539127,0.0,256,1.9786341056716353e-09,3.194701908995386e-10,4.944938136863099e-10,2.471501834564734e-06,0.00038611975593919815,1.1441599777583087e-10,16.470363276942148,6.098124318010221,7.294675754095953,3.1332766795387488,1.195986096519322,1.5184209151630133,-0.06912493983560447,0.0,0.011226283832723321,0.8338166900763373,0.048664041447508584,1.9026996313334537,0.05021470120271595,621.490699410536,289.7851080961701,0.6091684007930107,0.6091702871429311,0.6091702876916556,0.7614628589286638,1.5125284877714763e-05,814,0.2181,0.2159,-0.47865,0.001342,2,0.0303,0.1451,7.4e-05,12.005,6.0024,2.0,0.35643,0.64095,1.63504,0.16432,0.9897,0.9821,0.9923,0.513,4.8883,2.1351,0.5394,3.4917,26.1272,5.3448,83,0.1713,-0.4829,46,0.1981,0.2158,-2.0,0.1040438,0.2039913,-0.3244677,-0.0689342,0.0195451,-0.0127562,0.0727781,198.0,179.0,0.1180053,0.1004603,0.0803102,-0.0529165,-0.0546453,-0.0015397,0.076083,197.0,175.0
192,1657,139608,2.962872763163352e-10,0.004429924134099621,0.0003526220480172359,0.004429924134099621,0.6258473324279576,7.178369976372241,5.868630865463694,-11.541606297099191,10.349109072919923,-0.0844871069314421,11.541606297099191,0.0020024093834127596,12.56063024360022,6.578735409457672,-5.974216041164885,6.37753632692215,-0.026510098139656914,6.37753632692215,0.32546153386279975,2.028437980615686,1.287636701636046,0.31519237677348877,1.2686686001066505,0.8446690370868792,0.014132725854169335,2.638647275493856,1.5057778205220138,0.00463640455695391,1.4141660038421107,0.8725384041937414,0.0003656736321820843,-0.537783212499749,0,0,0,0.00816828041799545,0.5352748935897348,760,0.1364,0.40009,1.3643551596896024,-0.30859866159911353,1.9494273276548255,0.07110067273888862,0.2544887998438653,1.6930497234449515,0.1083992354712966,0.008197787867058007,13.222986155434457,0.06214216502231374,0.5461412806391283,426,337,83,83,0,0.1351,747,0.5264605616313623,-0.025431,-0.025431163750833763,98.0,377.0,0.200162,0.1230948,0.0389782,-0.0677502,-0.0950944,-0.7425033,0.2642518,-0.247088,0.563744,0.3063724,0.3166518,-0.5503905,-0.7725296,783.0,372.0,-0.2974924,0.0781254,0.0536447,-0.0039322,-0.0566601,0.2996267,0.0900977,-0.6391479,-0.7025641,0.5304023,0.6866484,-0.0503321,-0.7252452,-0.02595051297525649,1.0,0.00438308231327394,289.78510809620315,0.0,256,2.4192358694003375e-09,4.2521480568786155e-10,6.513620709388299e-10,2.4717276346462553e-06,0.00038546792618788584,1.5462922000062388e-10,27.180858688041045,9.0117263698918,11.244406074441171,3.140803896225329,1.1547978386652098,1.4706201869146611,-0.019501763570361506,0.0,0.011258319096040087,0.06465119681714872,0.049606178776089284,0.005609770324870328,0.050289382961093226,621.4908594540899,289.7851827203578,0.6091683806279318,0.6091702871065885,0.6091702876916005,0.7614628588832356,1.5286924239927375e-05,814,0.2183,0.2172,-0.47783,0.004624,2,0.0307,0.1448,-0.000126,12.003,6.0016,2.0,0.35844,0.63918,1.63535,0.16659,0.9897,0.9821,0.9923,0.513,4.8891,2.1355,0.5395,3.4922,26.1315,5.3448,83,0.3067,-0.0792,46,0.3808,0.4253,1.0,0.1035153,0.2006458,-0.3193388,-0.06964,0.0191387,-0.0150472,0.0737729,198.0,179.0,0.1187827,0.0998258,0.0867161,-0.0518575,-0.0554359,-0.0019524,0.0759352,197.0,175.0
193,1658,139609,0.0,0.004493567604140645,0.0003603415721019789,0.004493567604140645,0.6287569883836016,7.18140445916356,5.868773952587556,-10.736375769659862,11.693877456254855,-0.08388351018450975,11.693877456254855,0.0020925112692662395,12.562325463540233,6.555286021062874,-6.0460928528855025,6.439106811604742,-0.025818912678369676,6.439106811604742,0.32700533666212517,2.024822740112374,1.28844722307073,0.2776031896360015,1.35546625055753,0.8408510315960296,0.0,2.652787686435491,1.5137856410644628,0.0003440932630913718,1.414163358666956,0.8588205801793142,0.00039592131560197395,-0.5314537985120015,0,0,0,0.007577558003882206,0.5354192843266181,760,0.1371,0.40586,1.3707498960716362,-0.305584939328273,1.9597989045182922,0.12539968604957163,0.2570450710327676,1.6960026442308982,0.10695978180756661,0.007601197444855837,14.071438425790713,0.06129922438487676,0.5506706512713886,425,338,82,82,0,0.1359,747,0.5266040670322394,-0.043883,-0.04388281127187832,98.0,377.0,0.2053506,0.1366257,0.0891807,-0.0066851,-0.1032893,-0.002585,-0.0469684,-0.8574921,0.5123422,0.3026242,0.6527377,-0.0489304,-0.7560022,783.0,372.0,-0.3078508,0.0487432,-0.0195951,0.0329897,-0.0300602,-0.7315101,-0.3785365,-0.2578242,-0.5051037,0.5306106,-0.4020064,0.676806,-0.6167046,-0.02595051297525649,1.0,0.004429924134099621,289.78520485051206,0.0,256,2.2499246181404144e-09,3.948126050900446e-10,6.050998924116246e-10,2.291957055395359e-06,0.0003908245222275689,1.9292614769396627e-11,30.806480592335436,9.32151514015613,11.930011510803187,3.127969947439887,0.8507740290807182,1.1363699475199462,-0.21781247498631673,0.0,0.03319551512711264,0.6535069533149281,0.02462918997005997,2.3919258263837007,0.046842667092326845,621.4908216357941,289.78516508666036,0.6091683532292066,0.6091702871152813,0.609170287691728,0.7614628588941016,1.550654811055232e-05,815,0.2241,0.2231,-0.48104,0.000432,2,0.0316,0.1865,-2.7e-05,12.002,6.0008,2.0,0.35764,0.64145,1.63467,0.16496,0.9897,0.982,0.9922,0.5127,4.8852,2.1337,0.5391,3.5857,26.0542,5.3333,83,0.2813,0.2171,46,0.3889,0.7179,-1.0,0.2534191,0.0994085,0.4365037,0.1199777,-0.0794181,-0.102001,0.1763692,198.0,179.0,0.1457038,0.0772025,0.3073096,0.0120811,-0.0550283,-0.0680638,0.0883558,197.0,175.0
194,1658,139609,4.5042762114255755e-11,0.0046235860545033,0.0003685994666683011,0.0046235860545033,0.6288338402927484,7.18077685899387,5.868930891602983,-10.643514061277225,11.163304131274257,-0.08265082249826405,11.163304131274257,0.0013066100190087986,12.561303350002289,6.560550434845553,-6.080664999709005,6.475170338441993,-0.026392950507682436,6.475170338441993,0.329754321093317,2.021360864411476,1.2897880907710582,0.29896393024107215,1.2737146130818238,0.8436064534205335,0.014140794605946343,2.666902126716725,1.522665629923931,0.0010152454459382287,1.4141408819358319,0.9008324034688112,0.00042786532522842274,-0.5250433314414764,0,0,0,0.007441156242241841,0.5353606607216035,760,0.1377,0.41092,1.377961938985754,-0.3115367515307182,1.9732499839068385,0.018098939927318536,0.2585981281645757,1.697270100286762,0.10785443357510137,0.007461556135581416,14.454683663208437,0.06183735518618485,0.5504437669733783,422,341,82,82,0,0.1354,746,0.5259119407553334,-0.041562,-0.041562046710908795,98.0,377.0,0.2108005,0.0030741,0.0005528,-0.0013439,-0.0027089,0.858839,0.0452639,0.0780562,-0.5042361,0.2990424,0.1798317,-0.4371597,-0.8812218,783.0,372.0,-0.3105499,0.0362435,0.0038267,0.0048202,-0.0357171,-0.6818073,0.4181552,-0.1739713,0.5744729,0.530703,0.1055838,0.1329953,-0.9854767,-0.025331724969843185,1.0,0.004493567604140645,289.78518972878936,0.0,256,6.491335708026369e-10,1.4336087453431006e-10,1.8867757180646032e-10,3.789375651056454e-06,0.00039903410074587826,-6.322570159890273e-11,27.670676905374076,9.221197243168895,11.53781499263103,3.133370147272088,0.8448030813222439,1.1439203743017847,-0.24544029677475634,0.0,0.02423149428399473,1.7254919562671303,0.008931016014682512,2.234768220922081,0.024711918430808645,621.4903883989349,289.78496307946995,0.609168297256472,0.6091702872102236,0.6091702876917086,0.7614628590127794,1.5955231097464982e-05,815,0.2199,0.2187,-0.49502,0.004631,2,0.0309,0.2484,-0.000215,12.002,6.0011,2.0,0.35879,0.64032,1.63392,0.16598,0.9897,0.982,0.9922,0.5127,4.886,2.1341,0.5391,3.5622,26.0773,5.3371,83,0.1717,0.7223,46,0.2854,0.9929,1.0,0.0307123,0.0504542,-0.2432276,0.0225583,-0.011342,0.0289344,0.0384021,198.0,179.0,0.1151409,0.1098735,0.0234091,0.0305211,-0.0379148,0.0991739,0.1104742,197.0,175.0
195,1658,139609,1.013566807797082e-10,0.004719592984991452,0.000377963461955051,0.004719592984991452,0.6289140569279354,7.180116337619651,5.869087935897844,-10.383265116649167,12.509482993228064,-0.08121148065824173,12.509482993228064,0.0020259190960896234,12.562388707176819,6.570988006821096,-6.1095717379545045,6.538006658423965,-0.02698816756729769,6.538006658423965,0.33279365288805435,2.0202590584228197,1.2909898696471587,0.36754138652253737,1.2753710854250053,0.8446365411946045,0.014140808748061968,2.680953944465358,1.5315440416098332,0.0005576729101404165,1.4141467267036973,0.8704527275939571,0.0004607463976570048,-0.5185421624149494,0,0,0,0.007696516185212036,0.5352101591206344,760,0.1404,0.40823,1.3900200177904072,-0.3149492062962727,1.988070210827805,0.14928992817315276,0.25599943065033043,1.6995767885884083,0.11028943489955673,0.0077160060621366605,14.29359101216364,0.0632711877296614,0.5530698766885968,421,342,80,80,0,0.1382,746,0.5257673714082902,-0.042328,-0.042327650698165575,98.0,377.0,0.2111048,0.1996519,0.0134427,0.0322422,-0.1965722,-0.880647,0.0679647,0.1811492,-0.4324657,0.296537,0.0673306,0.1614922,-0.9845745,783.0,372.0,-0.3155342,0.0718415,0.0258925,0.0503962,-0.0441701,-0.2567604,0.1104481,-0.0092044,-0.9600993,0.5311905,0.360411,0.701492,-0.6148275,-0.025331724969843185,1.0,0.0046235860545033,289.7849821144371,0.0,256,7.742398621982017e-10,8.490111541755774e-11,1.197497156657959e-10,2.699063580474673e-06,0.00040718583582451947,1.7514702413007926e-11,24.709367982218566,7.896813426916324,9.704396430020427,3.138468593863328,0.9973725725632179,1.2721934589004125,-0.12356999469387236,0.0,0.03133577349487643,0.9104811182364267,0.047014943963870126,1.103186183836907,0.053051056695292094,621.4902530217711,289.78489995658475,0.6091682559241488,0.6091702872381377,0.6091702876916845,0.7614628590476721,1.6286538690244165e-05,815,0.2221,0.221,-0.4986,0.003352,2,0.0317,0.3082,-1.3e-05,12.004,6.002,2.0,0.35973,0.63831,1.63306,0.1654,0.9897,0.982,0.9922,0.5127,4.8868,2.1345,0.5392,3.5387,26.1006,5.341,83,0.1548,0.885,46,0.2682,0.6774,1.0,0.1444992,0.2843568,-0.3261179,-0.0038121,-0.0048158,0.0239996,0.024773,198.0,179.0,0.1262818,0.1235872,0.010784,-0.1041346,-0.0256118,0.0170591,0.1085864,197.0,175.0
196,1658,139609,3.7144169809375384e-10,0.00480558180045678,0.000387915116176918,0.00480558180045678,0.6289980774277272,7.179451677621283,5.869247430713082,-12.565925560916025,10.463276742976246,-0.08072853086783062,12.565925560916025,0.0013326299570339834,12.559335426963408,6.520058104339899,-6.181256373343691,6.623530552402697,-0.027239898740998532,6.623530552402697,0.33450585283006434,2.016419165008533,1.2920254334391874,0.2859333986682102,1.3546823474652117,0.8513455028680084,0.028275430607196967,2.6949596609159063,1.540362527595957,0.0023368812213633294,1.4141355245806049,0.8515752463518772,0.0004937082770211888,-0.5120225440340459,0,0,0,0.007063807917811354,0.5352446327575516,760,0.1407,0.40353,1.3961345202247333,-0.32321717327203,1.9943909605985446,0.07712871789373961,0.25338897693780604,1.700130113691391,0.10876346964070051,0.007064993920565405,15.394701094377767,0.06239951711449227,0.5496358794558401,425,338,82,82,0,0.1385,747,0.5264434246813278,-0.045486,-0.045486498015416155,98.0,377.0,0.2032065,0.0966863,0.0708983,-0.0656009,0.004266,-0.7769808,0.0045774,0.4746279,-0.4135315,0.2920981,0.7332813,-0.6784922,0.0441225,783.0,372.0,-0.3229215,0.0824712,0.0282885,-0.032133,-0.0704892,0.6219533,-0.4930582,-0.4559189,-0.4027476,0.5311952,0.343011,-0.3896271,-0.8547129,-0.025331724969843185,1.0,0.004719592984991452,289.78492438203165,0.0,256,1.9565649767801754e-09,2.359455871892469e-10,3.385185198029257e-10,2.6420285845845957e-06,0.0004147027893391905,9.467335188453638e-12,18.551695434345014,5.89141243446495,7.097465419628496,3.1387125294478824,1.2764370424232667,1.6405739723341977,-0.1587664367526139,0.0,0.039342994842985715,1.6209244938109135,0.00843651796320956,2.5759427982014405,0.06276727937991418,621.490647807336,289.7850840349269,0.6091682189082557,0.6091702871543991,0.6091702876915681,0.7614628589429989,1.6583261407193675e-05,815,0.2264,0.2253,-0.50021,-0.005059,2,0.0323,0.3351,3.6e-05,12.004,6.0021,2.0,0.3604,0.63861,1.63194,0.16493,0.9898,0.982,0.9922,0.5127,4.8877,2.1349,0.5393,3.5153,26.1239,5.3448,83,0.2285,0.1922,46,0.3224,-0.0762,2.0,0.1502059,0.1326715,0.0619857,0.0907692,0.0120021,-0.0647115,0.112119,198.0,179.0,0.1159032,0.0802974,0.1814769,0.0084004,0.0429578,0.0019679,0.0438157,197.0,175.0
197,1658,139609,5.740312943723612e-10,0.004929562131477191,0.0003978509977639483,0.004929562131477191,0.629086890474685,7.178812138662364,5.869410422685509,-10.556269317094344,10.606193900463719,-0.07560031959173999,10.606193900463719,0.007110360446670683,12.55328735130236,6.518305398150276,-6.25513394839585,6.673192910647327,-0.027752076594935365,6.673192910647327,0.33532555758543164,2.012492852097668,1.292808613188711,0.3588250294803733,1.25458305020294,0.8568823218083894,0.041946024688073215,2.7090969638998152,1.548793164473523,0.00255361825238809,1.4140955449687218,0.8564861439563127,0.0005299916370795576,-0.5055772121391264,0,0,0,0.00590355626757292,0.5354671482382113,760,0.1335,0.38818,1.4015578703585037,-0.3292746229829647,1.9987299256206488,0.0617199822942109,0.24782925061260294,1.6899214180398585,0.10487740934231765,0.005901994638639454,17.769824570104035,0.06020972910617676,0.5153451492893962,429,334,81,80,1,0.1313,747,0.5266665897872237,-0.024036,-0.02403606098376332,98.0,377.0,0.1835613,0.0425079,-0.0391957,0.0072545,-0.0147645,0.1654862,0.7512294,-0.565805,0.2968729,0.2866432,-0.9220804,0.1706618,-0.3473359,783.0,372.0,-0.3292493,0.111622,0.0286306,-0.077385,-0.0751753,0.1796933,-0.1670021,-0.4851475,-0.8393167,0.5315974,0.2564956,-0.6932771,-0.6734812,-0.025331724969843185,1.0,0.00480558180045678,289.78511544528664,0.0,256,1.303194934853216e-09,2.8062761803638183e-10,3.7041083119752653e-10,2.734988998630497e-06,0.0004211370560192235,-9.132920811495991e-11,18.455195640461948,6.10775431075152,7.459238517467973,3.133844591830065,1.26982356889321,1.6024127411814595,0.21501373458467532,0.0,0.04256939103484494,0.8477799515245873,0.025879657427121245,0.34062874873778654,0.11591643290835911,621.4908635946655,289.78518465100154,0.6091681655369547,0.6091702871056333,0.609170287691481,0.7614628588820416,1.70110909479863e-05,815,0.2305,0.2294,-0.51145,0.000753,2,0.0311,0.3408,9.6e-05,12.001,6.0007,2.0,0.36149,0.63975,1.63058,0.1633,0.9898,0.982,0.9922,0.5127,4.8885,2.1352,0.5394,3.5159,26.1284,5.3449,83,0.2531,-0.2179,46,0.3185,-0.5875,-3.0,0.0327281,0.1329256,-0.6048612,0.0444668,-0.038486,0.037064,0.0695141,198.0,179.0,0.2758194,0.061598,0.6348854,0.0783754,-0.0336497,-0.0270415,0.0894776,197.0,175.0
198,1660,139612,0.0,0.005038197640363245,0.000409300547197281,0.005038197640363245,0.627628948265289,7.1847563487319945,5.868898567746985,-10.527750777766121,12.469934977170812,-0.06979269814716504,12.469934977170812,0.01230466028642744,12.56347676078147,6.590124772054311,-6.301106889348422,6.712548537935732,-0.030078425111603968,6.712548537935732,0.33647763018011106,2.008488762019342,1.2932657640415446,0.26286833026896606,1.3077636339581646,0.847810230747486,0.0,2.7232383946595453,1.5553994029328997,0.0005487162149317992,1.414085639013742,0.8436252150632403,1.6642121984691062e-06,-0.4991171544618391,0,0,0,0.004685310391385049,0.5357969930454987,760,0.129,0.39411,1.4024661129771594,-0.3265978202971707,2.002417015957871,0.07070355947915423,0.2501357077644602,1.6844029400147489,0.10243782227489819,0.0048149015074452775,21.27516463555873,0.05888121038530242,0.47453229163206273,447,316,77,77,0,0.1267,747,0.5270056798216853,0.023336,0.02333550300564524,98.0,377.0,0.1626677,0.0772097,0.0160949,-0.068637,-0.031484,-0.7400326,-0.2410365,0.3849198,0.4960744,0.282302,0.2084573,-0.8889695,-0.407773,783.0,372.0,-0.3352843,0.0809043,-0.0717284,-0.0222723,-0.0300745,-0.6461101,0.1317192,0.717013,0.226018,0.5320196,-0.8865842,-0.2752922,-0.3717293,-0.025331724969843185,1.0,0.004929562131477191,289.78521037294354,0.0,256,8.19413417447104e-10,1.770241727965011e-10,2.350273042393333e-10,3.7652289662632335e-06,0.00042862143270095174,-5.4823046312480765e-12,24.533673579878844,6.743780899980811,8.511140737930782,3.140794075138159,1.1885980237692273,1.5341495245870584,0.13240928819350345,0.0,0.026606580834221735,1.7169624457198247,0.02760006758452298,0.7671128093295851,0.08328055073160545,621.490677666935,289.78509795768895,0.6091681187682392,0.6091702871477682,0.609170287691728,0.7614628589347102,1.738597904402546e-05,817,0.2332,0.2321,-0.52508,-0.002247,2,0.0304,0.316,0.000301,11.998,5.9989,2.0,0.36208,0.64042,1.6281,0.1648,0.9898,0.982,0.9922,0.5127,4.8806,2.1318,0.5386,3.6544,26.0112,5.3295,83,0.1728,-0.6572,46,0.2035,-0.9868,-2.0,0.0697141,0.0885466,-0.1189968,0.0079484,-0.0026677,0.0013617,0.008494,198.0,179.0,0.141471,0.0672632,0.3555136,-0.0160698,-0.0101071,0.0393585,0.0436977,197.0,175.0
199,1662,139615,0.0,0.00514704356142089,0.0004176117324587108,0.00514704356142089,0.6284952194452033,7.176428756819365,5.869923654892869,-10.40667210169401,12.201101777436861,-0.06486911153624736,12.201101777436861,0.006581331281923672,12.542831797207068,6.561835917968681,-6.323107711071486,6.75876826555021,-0.030364257479623315,6.75876826555021,0.3391068657340832,2.0044730265918385,1.2942950047188253,0.30550826821962596,1.3051845284567003,0.8524165594841602,0.0,2.7371160496601177,1.5625340366536473,0.0009838373393289412,1.4141396196036375,0.9038635485412663,5.617191118041114e-06,-0.4924322321175994,0,0,0,0.00283851642538542,0.5364979402199127,762,0.1283,0.39944,1.3976703057207505,-0.32875836783909473,2.014164170912821,0.05719925992142972,0.25159173214646524,1.685598253114319,0.09744168383084405,0.0032349992912442476,30.12108351756886,0.056006960023003594,0.4189623557981852,469,296,80,80,0,0.1272,750,0.5283763156313737,0.052395,0.052394662434708916,98.0,377.0,0.1353062,0.0799236,-0.0612748,0.0201706,-0.047184,0.8540607,-0.2372394,-0.1419082,0.4406358,0.2766313,-0.7666671,0.2523738,-0.5903634,783.0,372.0,-0.339901,0.0784154,-0.033232,-0.0707857,0.0058304,0.9872183,0.1546461,0.0374531,-0.0090518,0.5325454,-0.4237937,-0.9027018,0.0743525,-0.02530120481927711,1.0,0.005038197640363245,289.78511496310614,0.0,256,1.5473698567943819e-09,1.4250904452666858e-10,2.1668661095765651e-10,3.2533646620741827e-06,0.00043512895589735423,3.5144771115669895e-11,24.14519869256242,6.41891439195781,7.980140668142622,3.138410914423199,1.1787607691924942,1.4936712577235731,-0.1141509042566768,0.0,0.022910850824332786,0.565814629862645,0.012425213420078922,0.9851898136684024,0.03211288869162466,621.4905924594829,289.78505822764834,0.6091680719099332,0.6091702871665681,0.609170287691728,0.7614628589582101,1.7761590583381612e-05,817,0.2351,0.2347,-0.53607,0.006467,2,0.0304,0.3076,0.000305,11.993,5.9966,2.0,0.36255,0.6404,1.62911,0.1642,0.9898,0.9821,0.9922,0.5126,4.8929,2.1371,0.5399,3.5431,26.2079,5.3563,83,0.0957,-0.6077,46,0.2864,-0.0939,0.0,0.1616196,0.0487537,0.5365026,-0.0982645,0.0289692,-0.0289751,0.1064645,198.0,179.0,0.1506448,0.1190042,0.1173397,0.0539263,0.0365761,0.0852182,0.1072754,197.0,175.0
200,1664,139618,0.0,0.005289085976914576,0.00042777738167367054,0.005289085976914576,0.6220481950430019,7.167683346469277,5.871405007341668,-10.91542336443299,12.094428816140345,-0.0584346224219555,12.094428816140345,0.008348359374173775,12.566248644317868,6.566190373169263,-6.359913618391051,6.779519454628566,-0.03034254194308058,6.779519454628566,0.3395118318704982,2.000313426608207,1.2949695993429058,0.35831762513841553,1.2558438510378371,0.857245947018487,0.0,2.7512535449838595,1.5691683535670697,0.00026130694453840864,1.4141376343181093,0.9080496985577031,5.040041249778526e-06,-0.48578412211752936,0,0,0,0.0012964856183227936,0.5376619161402398,764,0.1236,0.40427,1.3980729188323526,-0.33612978995870363,2.01833639017035,0.05532590020365715,0.24375986584122447,1.6809540992011378,0.0914295825891932,0.002232611417422,40.95185659077525,0.052539046975981794,0.4556615396111786,437,330,85,85,0,0.1225,752,0.529576235771513,-0.000692,-0.0006921511764665933,98.0,377.0,0.1233823,0.0972747,-0.0923887,0.0236575,0.0191577,-0.4712726,0.570116,-0.6054668,0.2937344,0.2709675,-0.9497713,0.2432029,0.196944,783.0,372.0,-0.3437555,0.0493243,0.0004642,-0.0411919,0.0271275,0.2919323,-0.9364392,0.0378816,0.1908456,0.5337439,0.0094109,-0.8351239,0.5499814,-0.02527075812274368,1.0,0.00514704356142089,289.785070060444,0.0,256,1.259178369898174e-09,2.0292626414443804e-10,3.227195477020061e-10,4.268021612801824e-06,0.00044130310528714585,-4.291064069089595e-11,33.62581760690327,9.756639485159926,12.397443912927692,3.1086367585536197,1.1388067852919397,1.4507810237548904,-0.082166365334105,0.0,0.013216364989002864,1.1514390786736635,0.01084206520724634,0.11324160816547793,0.011522817686237417,621.49058909671,289.78505665967396,0.6091680107598738,0.6091702871673015,0.609170287691728,0.7614628589591268,1.8251755414448868e-05,817,0.2337,0.2331,-0.53844,-0.004455,2,0.029,0.3618,0.00019,11.989,5.9945,2.0,0.36358,0.63914,1.62889,0.16298,0.9898,0.9822,0.9923,0.5126,4.9058,2.1428,0.5413,3.4558,26.39,5.3793,83,0.2341,0.1162,46,0.4512,0.2905,-1.0,0.1024295,0.0940763,0.0425086,-0.0140353,0.0180564,-0.0059521,0.0236316,198.0,179.0,0.0684982,0.0452691,0.2041805,0.0184163,0.0052733,-0.0077877,0.0206789,197.0,175.0
201,1664,139618,1.1642227249597932e-10,0.005376027063120732,0.00044128072984787956,0.005376027063120732,0.6221537170676957,7.16702917798944,5.871568520432845,-12.565580200183062,12.318725806539696,-0.05505942001451957,12.565580200183062,7.229435576898337e-05,12.559741294606455,6.523350480110867,-6.411952174664756,6.8174905983251115,-0.03017760814561922,6.8174905983251115,0.34192740601372806,1.9961007583310488,1.2957213381541592,0.3155401691220361,1.2754902482981088,0.858973916876675,0.014137558032532908,2.76531758550956,1.5782488390786926,0.0005286599843532525,1.4141715894850324,0.9600667471252672,3.0225567786801997e-05,-0.47921892235613944,0,0,0,0.00028296581533506556,0.53783172192204,764,0.1252,0.43767,1.4099217316503108,-0.3295847088762869,2.0299439780550674,0.025606618444935354,0.24848962383181972,1.6804056536258123,0.09119357573461198,0.0016817426713974972,54.22564182119004,0.05240008671889143,0.504783984677674,384,383,88,88,0,0.1241,752,0.5297596321026592,-0.013084,-0.013084110371736957,98.0,377.0,0.1590073,0.0689999,-0.0392342,0.0187503,0.0535733,-0.963917,0.2135091,0.0236762,-0.1572176,0.2659056,-0.5686123,0.2717435,0.7764249,783.0,372.0,-0.3466245,0.0536555,-0.048632,0.0223692,-0.0036676,-0.6366113,0.1241589,0.6849795,0.3318339,0.5344186,-0.9063767,0.4169042,-0.068354,-0.025240384615384616,1.0,0.005289125652056884,289.7850773948206,0.0,256,1.3703001532791515e-09,1.5890336557004398e-10,2.617724487405698e-10,3.2102722103779874e-06,0.00045306831052908383,-3.344552440365212e-11,22.158436185836443,5.5856269343863545,7.081193227855458,3.110462884147719,1.0263801516886202,1.3753769628870947,-0.07034811708965331,0.0,0.009921191309803458,1.5176531650593215,0.013874511372346018,2.283240296941763,0.07722862945417011,621.4907402043895,289.7851271172935,0.6091679733335834,0.609170287133775,0.6091702876916779,0.7614628589172187,1.855177012222829e-05,817,0.2327,0.2319,-0.54465,0.003682,2,0.0293,0.4202,0.000336,11.988,5.9938,2.0,0.36444,0.64063,1.62809,0.16347,0.9898,0.9822,0.9922,0.5126,4.9066,2.1431,0.5414,3.4564,26.3941,5.3793,83,0.2707,0.4143,46,0.4199,0.6212,-2.0,0.1335096,0.1185947,0.0591616,0.0435375,-0.0105372,0.1008873,0.1103848,198.0,179.0,0.0361686,0.0778943,-0.3658127,0.0474875,-0.0166394,-0.0192304,0.0538678,197.0,175.0
202,1664,139618,6.306601714477808e-11,0.005400924329155702,0.0004418503041561664,0.005400924329155702,0.6222968701627732,7.166434218431429,5.87172605842907,-12.22764935546418,11.634502577850375,-0.052184482654907376,12.22764935546418,0.0037511743887814076,12.563227112218716,6.54503112997832,-6.422040410999751,6.8194735499659425,-0.030094997902487205,6.8194735499659425,0.3419274091649562,1.996100754117681,1.2957213396000355,0.32252054176199463,1.2914770803660436,0.8557629763842802,0.014137572174648533,2.7653175996516755,1.57824885812734,0.0006241141403845463,1.4141472905371177,0.9783850269664733,6.034893523021635e-05,-0.47921891296010755,0,0,0,-0.0002776460306997806,0.5379277957320768,764,0.122,0.47122,1.4098840745927506,-0.3341866826745011,2.02920909424138,0.02624494308227603,0.24848962214832324,1.6784425641743932,0.08872078431905031,0.001078818031658605,82.23887784175102,0.05097003437664308,0.5322538743711962,358,409,85,85,0,0.1211,752,0.529861428481706,-0.019942,-0.019942081127940492,98.0,377.0,0.2054829,0.0780611,-0.0370234,0.0221578,0.0650525,-0.9673035,0.2270054,0.0263082,-0.1100012,0.2620698,-0.474288,0.2838519,0.8333541,783.0,372.0,-0.3431306,0.0533349,-0.0487307,0.0213397,-0.0038142,-0.6296688,0.1250368,0.6911127,0.3320335,0.5340253,-0.9136734,0.4001082,-0.0715146,-0.025240384615384616,1.0,0.005376027063120732,289.78512711732907,0.0,256,9.69583408173281e-10,1.0767544235207819e-10,1.7733128963529057e-10,3.2212722380731877e-06,0.00045504292439305175,1.561483805928357e-11,20.587639980768003,5.687255463624547,7.111811092678398,3.1353243939170654,1.0342605599897703,1.381332141662815,-0.08407697598501844,0.0,0.011109028531332138,0.0782157719328296,0.01396905803202038,0.05127403070686774,0.07790950067820586,621.4904822314,289.785006831132,0.6091679626150565,0.6091702871903848,0.6091702876917009,0.7614628589879809,1.8637694158907995e-05,817,0.2329,0.2321,-0.54127,0.004742,2,0.0286,0.4482,6e-06,11.987,5.9936,2.0,0.36599,0.64058,1.62822,0.16392,0.9898,0.9822,0.9922,0.5126,4.9073,2.1434,0.5415,3.4327,26.4168,5.3832,83,0.1763,0.8499,46,0.2992,0.9958,-0.0,0.1448287,0.1149433,0.1150449,0.0336103,-0.0150966,0.1093597,0.1153998,198.0,179.0,0.035453,0.0778493,-0.3741881,0.0479587,-0.0155627,-0.0187326,0.0537879,197.0,175.0
203,1664,139618,2.332782904506101e-10,0.00546361672745215,0.0004565074844844718,0.00546361672745215,0.6224424213719935,7.165781951806778,5.871885434545182,-11.706463385928554,12.118556915870842,-0.05354300083775759,12.118556915870842,0.0015582892847775635,12.55505553188116,6.580260813805835,-6.4391214241240124,6.886094142610934,-0.030227854054810287,6.886094142610934,0.3449731874014262,1.9918263255957538,1.2970233208672275,0.37055676144162747,1.3243835264021078,0.8554087330158736,0.028279256196990305,2.77945920388407,1.587849525598593,0.002972578583525509,1.4141436304153552,0.9663736523808043,9.906706944825206e-05,-0.47245911953725106,0,0,0,-0.0005239775396712541,0.5380441608368182,764,0.1213,0.49909,1.4150687263280162,-0.31990534695600475,2.045694415727393,0.02482833116114904,0.2522825278214319,1.674039733598479,0.09335744110759049,0.000950457134387239,98.22372596295799,0.05367579874391513,0.544240211513776,336,431,84,84,0,0.1205,752,0.5299757766216039,-0.10794,-0.10794010575183521,98.0,377.0,0.2400886,0.0620432,-0.0614048,-0.0087146,0.0016943,0.7458293,0.4347113,0.2913924,-0.4121349,0.2603719,-0.9897097,-0.1404595,0.0273086,783.0,372.0,-0.3486834,0.102254,-0.0657025,0.0599594,0.0504375,-0.5151408,0.0153701,0.8568658,-0.0132196,0.535496,-0.6425417,0.5863768,0.493257,-0.025240384615384616,1.0,0.005400924329155702,289.7850293857622,0.0,256,9.39214122561991e-10,1.3450737545520548e-10,2.1908924098331014e-10,3.849132691256397e-06,0.0004669048250049841,-8.153332829514567e-12,30.954622046645845,9.08517909403593,11.58738303126645,3.139323455485636,1.2789130135477444,1.5834088639693862,-0.10891231928848161,0.0,0.025717289053864924,0.46003316626383167,0.037370731211609914,0.7309917592462079,0.07090758938065253,621.4905535467292,289.7850400836334,0.6091679356256716,0.6091702871750391,0.6091702876916276,0.7614628589687988,1.8854033064906742e-05,817,0.233,0.2308,-0.54345,-0.002418,2,0.0285,0.5015,-5.5e-05,11.986,5.993,2.0,0.36461,0.64421,1.62816,0.16264,0.9898,0.9822,0.9922,0.5126,4.9081,2.1438,0.5416,3.4332,26.4208,5.3831,83,0.1172,0.7251,46,0.3039,0.5599,-1.0,0.0902118,0.0648307,0.163704,-0.0406967,0.0059022,0.0439391,0.0601806,198.0,179.0,0.1030134,0.1133064,-0.047582,0.046551,0.0027043,-0.0360106,0.0589158,197.0,175.0
204,1664,139618,4.4356117720407444e-11,0.005515953362455626,0.00046881070971296044,0.005515953362455626,0.6225915384698647,7.165088518858201,5.87204614921439,-12.640748696223596,12.098248068013891,-0.051129419441015005,12.640748696223596,0.004350891555459738,12.562598051513561,6.538188990191926,-6.473921312290857,6.9285793757201235,-0.030432430011010154,6.9285793757201235,0.3473900624114761,1.987617138853017,1.298190639509899,0.35366588631995205,1.2705004552315866,0.8572701031658337,0.04233945615630564,2.7936000961464744,1.5968866534735706,0.0004040851176313476,1.4140920216742934,0.9137401230751274,0.00017656349683571617,-0.4656547841143536,0,0,0,-0.0009383016987912652,0.5379163784065584,764,0.1188,0.50604,1.4278572476929456,-0.3299631789539992,2.057993167663535,0.07270684402430833,0.2518032748684842,1.6782130240715636,0.09814700233834008,0.0011884700083532797,82.58264966596052,0.056508537859961294,0.5086486230046579,336,431,85,85,0,0.1181,752,0.5298580572949535,-0.083558,-0.08355802926552403,98.0,377.0,0.2483215,0.0867343,-0.0642326,0.0536067,-0.0228766,-0.6938935,-0.0661065,0.6616984,-0.2762191,0.2575814,-0.7405674,0.618056,-0.2637549,783.0,372.0,-0.3494115,0.0689127,0.0524218,0.0424679,-0.0140499,-0.0307977,0.8307381,0.1224678,0.5421506,0.5361086,0.7606983,0.6162559,-0.2038792,-0.025240384615384616,1.0,0.00546361672745215,289.7850564331606,0.0,256,1.1777918601956854e-09,1.7062070043404963e-10,2.736910811349878e-10,3.641126877032078e-06,0.0004786286158202813,-1.6002618528311832e-11,18.340761573864825,5.8331164005121945,6.997663579176682,3.127110542053209,1.2928332441664856,1.6174422885368638,-0.05366349657840548,0.0,0.017418319744561712,0.6688489600800647,0.018814072148661938,1.1958815380441932,0.014846347396598042,621.4907867081196,289.78514880078524,0.6091679130959282,0.609170287123247,0.609170287691709,0.7614628589040586,1.9034630950834563e-05,817,0.2352,0.2329,-0.5481,-0.000286,2,0.0284,0.4846,-4.1e-05,11.987,5.9935,2.0,0.36503,0.64382,1.6268,0.16467,0.9898,0.9822,0.9922,0.5126,4.9089,2.1441,0.5417,3.4096,26.4439,5.3869,83,0.1789,0.0381,46,0.4034,-0.0213,-4.0,0.0779744,0.1788637,-0.3928131,-0.00551,-0.0135559,0.0777073,0.0790731,198.0,179.0,0.0948024,0.0679008,0.1653414,-0.0303791,0.0151361,0.0140989,0.0367528,197.0,175.0
205,1667,139622,0.0,0.005610742334883695,0.0004840576331026195,0.005610742334883695,0.614333965986818,7.153742551267829,5.87259488858344,-11.3687717870808,11.809996353571204,-0.04721674031209049,11.809996353571204,0.016867213289701866,12.565139972148646,6.543877975243816,-6.562620180417419,6.95940719711299,-0.030920837885425115,6.95940719711299,0.3499822410928693,1.9832452291825373,1.299339755021305,0.38473100329472837,1.2885866787236118,0.8562070040688623,0.0,2.807679142470164,1.603241557728186,0.0020214990929490195,1.4141111647787985,0.8687524231707326,1.4206707211776975e-05,-0.4588706338644397,0,0,0,-0.0015459874596068226,0.5380495176088401,767,0.1126,0.49836,1.4413799749252714,-0.34059004181468155,2.0664471397551396,0.09622635854991948,0.24613304143028447,1.6816156664526474,0.10133805281885822,0.0017345453159199609,58.42341038239809,0.0584922354599107,0.43983836776725177,353,417,88,87,1,0.1119,755,0.5300454434408747,-0.030567,-0.0305671849043454,98.0,377.0,0.2478228,0.1277351,-0.0795402,0.0191499,0.0980964,-0.4295346,-0.1201614,0.7257877,-0.5237304,0.2549637,-0.6226965,0.1499187,0.7679671,783.0,372.0,-0.3534258,0.0498562,-0.0301184,-0.0087861,0.038747,-0.238431,-0.3473097,-0.4074235,-0.8102671,0.5372556,-0.6041046,-0.1762287,0.7771751,-0.025240384615384616,1.0,0.005515953362455626,289.7851705257069,0.0,256,1.3619825888671206e-09,1.9795218585250954e-10,3.1463710443100204e-10,2.8846539209975077e-06,0.0004904185933232342,9.634123633459146e-12,20.038575489363964,5.950541110524078,7.184199749432421,3.140091098140386,1.2352047414790124,1.5520327679197572,0.06521745382233993,0.0,0.024170546845468707,0.9769953143308899,0.004568448956760532,1.1994026717644009,0.023435182019059163,621.4909361624797,289.7852184875045,0.6091678722896812,0.6091702870887565,0.609170287691728,0.7614628588609457,1.9361727158369982e-05,817,0.2401,0.2378,-0.55301,0.000149,2,0.028,0.4484,9.5e-05,11.989,5.9943,2.0,0.36541,0.64561,1.62863,0.16483,0.9898,0.9823,0.9924,0.5129,4.9203,2.0925,0.5769,3.1751,26.7504,5.4367,83,0.1382,-0.49,46,0.2781,-0.5284,-7.0,0.1230297,0.1449427,-0.0817734,-0.0357757,-0.0110604,0.0029232,0.0375603,198.0,179.0,0.0989786,0.044242,0.382184,0.0070642,-0.0361195,0.0005927,0.0368086,197.0,175.0
206,1667,139622,5.4405872726683614e-11,0.0056680824841472,0.0004967109661232551,0.0056680824841472,0.6144793552546479,7.1530060035981045,5.872761082410441,-12.568080303396828,12.385572925620027,-0.05028744489919562,12.568080303396828,0.002539293284605393,12.562826708216237,6.540425480038986,-6.565443183650659,6.937887760155476,-0.03212241534631934,6.937887760155476,0.35284956233319814,1.9788739761834462,1.3004913743361008,0.28793624183725275,1.3032590946974596,0.8564149553875885,0.01413502172750109,2.821755845526387,1.6121775754394048,0.0013065239536547146,1.4141471280952072,0.9087286764866677,0.00010539305942224155,-0.4520872322057489,0,0,0,-0.002458935552182587,0.5381668386821568,767,0.1007,0.50079,1.4455941067499027,-0.3651823320373477,2.071413443310454,0.06293026087393432,0.24585520420086215,1.6752608255372512,0.10280934186048214,0.0028460380614429297,36.12367074541449,0.05948568522369319,0.46250548345930953,353,417,88,87,1,0.0998,755,0.5301849346766517,0.008397,0.008396582757895121,98.0,377.0,0.230729,0.1253478,0.0671921,-0.0904012,0.0549993,-0.9167948,-0.1803991,0.3029039,0.187597,0.2495505,0.5360451,-0.7212027,0.4387736,783.0,372.0,-0.3555959,0.0869514,-0.0377143,-0.0681358,0.0386741,-0.7350116,0.2051167,-0.2990289,0.5729457,0.5378098,-0.4337401,-0.7836083,0.4447781,-0.02579484103179364,1.0,0.005610742334883695,289.78524261254967,0.0,256,1.9271925514661055e-09,2.755950242196256e-10,4.20324818353875e-10,4.3988901989261735e-06,0.0004994830669219392,-1.6924466035695365e-11,21.44316925292439,5.567417631630493,6.938028773278847,3.1388305947740114,1.2784692561438644,1.5817837105287216,0.08607643345428388,0.0,0.019037750277570094,1.3763055468423435,0.013641411753761653,1.367234352373667,0.0649380882320707,621.4908516527627,289.7851790827998,0.6091678476058382,0.6091702871083873,0.6091702876917047,0.761462858885484,1.955960101923525e-05,817,0.2413,0.239,-0.55456,0.00109,2,0.025,0.4497,0.000161,11.988,5.9941,2.0,0.36626,0.64378,1.6277,0.16214,0.9898,0.9823,0.9924,0.5129,4.9211,2.0929,0.577,3.1757,26.7548,5.4368,83,0.1227,-0.981,46,0.1369,-0.9969,-3.0,0.1952582,0.0639351,0.506661,0.0393445,-0.0692617,0.0895918,0.1198827,198.0,179.0,0.1412585,0.0709177,0.3315204,-0.0031685,-0.0129233,-0.0320385,0.0346917,197.0,175.0
207,1667,139622,1.4687129951663092e-10,0.005723901491452133,0.0005102079500827664,0.005723901491452133,0.6146213281871725,7.152237572147942,5.872928391057518,-12.61810281441302,10.830595382833048,-0.05345134859698494,12.61810281441302,0.011753883216028618,12.564445978531085,6.51003768006489,-6.6155292414715685,6.983468223736695,-0.03255050324379195,6.983468223736695,0.3559645472622645,1.9744826934004662,1.301654676403271,0.3334199806894991,1.2762477070906904,0.8561310450752097,0.014135035869616714,2.835897606792638,1.6211646903791177,0.002034257693643182,1.414094946743636,0.9159950866919985,0.000259010119379722,-0.44523368789241874,0,0,0,-0.0032808806949774787,0.5384208261467482,767,0.0994,0.51371,1.4441556258027792,-0.3748945642371188,2.0806842230613967,0.08062554431215427,0.2437463753200989,1.6747300991031777,0.10321908404283398,0.0037872918420458275,27.254061304944713,0.059809673891476976,0.450990115449457,349,421,89,89,0,0.0981,756,0.5310836510162228,0.058135,0.05813498182299348,98.0,377.0,0.2211583,0.1191045,-0.043866,-0.0118636,0.110095,-0.7621025,0.1132667,0.213581,-0.6006276,0.2461528,-0.3682982,-0.0996066,0.9243565,783.0,372.0,-0.3560188,0.0683036,0.0249016,-0.034016,-0.053742,0.2728927,-0.5789138,-0.7222403,-0.2622161,0.5394495,0.3645717,-0.4980125,-0.7868106,-0.02579484103179364,1.0,0.0056680824841472,289.7852083124697,0.0,256,1.038858264990148e-09,1.7396107303671672e-10,2.512066432549581e-10,3.728697700336466e-06,0.0005102138789592391,-3.593255312916595e-11,21.412206103304825,5.383699390138188,6.886884212977315,3.135636857272279,1.3676551723591919,1.6955754106797392,-0.109883660612101,0.0,0.018574208245082255,2.6424600260415527,0.015635487234510165,1.1752902079473588,0.05174137152791929,621.4908716943232,289.7851884276634,0.6091678235767124,0.6091702871037615,0.6091702876916648,0.7614628588797019,1.9752222404841583e-05,817,0.2447,0.2424,-0.55131,-0.004591,2,0.0248,0.4775,0.000325,11.987,5.9937,2.0,0.36678,0.64208,1.62705,0.16209,0.9898,0.9823,0.9924,0.5129,4.9219,2.0932,0.577,3.1519,26.7781,5.4406,83,0.1672,-0.7544,46,0.2898,-0.3828,-3.0,0.1494118,0.1079807,0.1609644,0.0301777,-0.0028355,0.0712515,0.0774307,198.0,179.0,0.0786694,0.0917833,-0.0769356,0.0056009,-0.0046409,0.0656517,0.0660534,197.0,175.0
208,1667,139622,3.504671439597772e-10,0.005795761727962818,0.0005237497345309278,0.005795761727962818,0.6147678595522669,7.151447575371993,5.873097834036534,-10.682871928891794,11.029754251486544,-0.05634454642038145,11.029754251486544,0.0014694375761195033,12.556988242951244,6.532606242500142,-6.63586840052819,7.016190790784431,-0.03251065348166766,7.016190790784431,0.35826671643957203,1.9710104124587413,1.302530141884465,0.2874622206247065,1.2872932283434289,0.8617160365929233,0.028276901650565373,2.8475849168150535,1.6301067047539923,0.005896801177559863,1.4140680633289515,0.9395860200074467,0.0005068475055113778,-0.43831822666733894,0,0,0,-0.0037935948621853075,0.5384015420324894,767,0.0981,0.49292,1.4422606015455148,-0.3825313230591034,2.0861075227395807,0.05314502740377174,0.2432571555708786,1.6741971775185984,0.09758748859973189,0.0045443855010417755,21.474298027172317,0.05672611004863879,0.4534134672154559,354,416,87,87,0,0.097,756,0.5310844686839435,0.050064,0.05006389798439104,98.0,377.0,0.1855376,0.0298131,0.0160615,0.0247202,0.0044453,0.9575622,0.20851,0.1787163,-0.087514,0.2432172,0.5387383,0.8291732,0.149107,783.0,372.0,-0.358246,0.075976,0.020123,0.0693014,-0.023764,0.1612702,0.5135125,-0.6861862,0.4893316,0.5409943,0.2648604,0.9121488,-0.3127835,-0.02579484103179364,1.0,0.005723901491452133,289.7852058490183,0.0,256,1.2636595551870995e-09,2.1071026880569508e-10,2.9931784138658363e-10,3.534288473516973e-06,0.0005174530703551938,5.494259890095219e-12,19.082146900842716,5.690535845031475,7.005860972664432,3.131894837369638,1.2071572650544014,1.5010473144443572,0.08453030903774493,0.0,0.02158815497144923,1.6801016132794038,0.04226907259289115,1.2472193207103506,0.0376499480256208,621.4909151028929,289.7852086679615,0.6091677926414909,0.6091702870936793,0.6091702876915771,0.7614628588670991,2.0000198611253666e-05,817,0.2439,0.2413,-0.55722,-0.002659,2,0.0241,0.5406,0.000209,11.988,5.9941,2.0,0.3675,0.64086,1.62632,0.16383,0.9899,0.9823,0.9924,0.5129,4.9227,2.0936,0.5771,3.1525,26.7826,5.4406,83,0.1834,-0.2562,46,0.3818,-0.0104,-2.0,0.0865645,0.1344926,-0.2168131,-0.0495299,0.0013416,0.0890032,0.1018655,198.0,179.0,0.07663,0.1282436,-0.2519289,-0.0679754,-0.0689547,0.0350986,0.1029918,197.0,175.0
209,1667,139622,7.706490221119476e-10,0.005854093005321557,0.000537302464663438,0.005854093005321557,0.6149230778817723,7.150625328531893,5.873269539309833,-10.517060420731923,12.301240783676526,-0.05486357343448505,12.301240783676526,0.011847441650866486,12.56262397830846,6.498896138642632,-6.665977790485994,7.056999292006045,-0.03279510968623313,7.056999292006045,0.3611913116857898,1.9700572860756052,1.3035626925662418,0.34932253770849636,1.2753845040190332,0.858192535359414,0.04159404371035713,2.8617051470033696,1.6396290671896798,0.0032071872900172327,1.4140612272650863,0.9268789918267732,0.0009086958045827035,-0.43138098531963204,0,0,0,-0.0038478301599707177,0.5384270978749276,767,0.0951,0.42751,1.4467690484615674,-0.38822253010621727,2.0945303578560717,0.051327278231227035,0.23942887252264639,1.6690099900404087,0.09221599628666466,0.005473859765907452,16.846612852782346,0.053790224819401725,0.4620414315383984,345,425,93,93,0,0.0945,756,0.531116793509374,0.029807,0.02980652287460117,98.0,377.0,0.0521109,0.1272004,-0.110476,0.0251411,0.057818,-0.347034,0.0570162,0.4540564,-0.8186265,0.2418217,-0.8685194,0.1976493,0.4545423,783.0,372.0,-0.3593657,0.0408583,-0.0013478,0.0407385,0.002821,0.0225354,0.2248138,0.7504645,0.621091,0.5424825,-0.0329872,0.9970682,0.0690427,-0.02579484103179364,1.0,0.005795761727962818,289.78523368852433,0.0,256,1.2773487812263142e-09,1.9947219575568557e-10,2.9972135093440006e-10,4.617854451467327e-06,0.0005253248479268368,-5.634717317605186e-11,33.47675751822138,8.619471387804738,11.1230904949166,3.134153017053951,1.274681775406727,1.6071355370512916,-0.01877044199536361,0.0,0.030914741698311158,0.4261200203698556,0.016871186566441383,1.1496306439823643,0.041199046066962286,621.490973731174,289.7852360048192,0.6091677675304912,0.6091702870799262,0.6091702876913963,0.7614628588499076,2.0201488129727223e-05,817,0.2445,0.2417,-0.56388,-2.8e-05,2,0.0237,0.6209,-2.9e-05,11.988,5.994,2.0,0.36887,0.6404,1.62589,0.16329,0.9899,0.9823,0.9924,0.5129,4.9236,2.0939,0.5772,3.1288,26.8061,5.4444,83,0.1759,0.4356,46,0.3356,0.4464,-2.0,0.115979,0.2094215,-0.2871614,0.0626949,-0.0710068,0.0446655,0.1047264,198.0,179.0,0.1342357,0.0506675,0.4519566,-0.0645772,0.0136818,0.0065401,0.0663339,197.0,175.0
210,1667,139622,5.869527567077994e-10,0.005912567397680532,0.0005511996406174658,0.005912567397680532,0.6150838059557457,7.149778312431341,5.873443197739659,-12.57997571200795,11.89993184823235,-0.050011769730949604,12.57997571200795,0.008445948432934891,12.566185518521555,6.506082876087272,-6.696996157753036,7.090974199875376,-0.03252347783827625,7.090974199875376,0.36384610887688207,1.9691159439468175,1.3045437333628669,0.37592118219687576,1.2645989876984216,0.8595873403927013,0.05180836333333809,2.875783985190089,1.648885047712058,0.0006527909248736918,1.4140567915898892,0.9541055838412091,0.0010697438395394722,-0.42435583195569176,0,0,0,-0.001507352112257916,0.5388526253183527,767,0.0683,0.03318,1.4316203035939246,-0.39829975638813037,2.1040133844808677,0.03950071735980519,0.2477804421660753,1.6589951355260513,0.08683503754663142,0.006845421734353668,12.685126047216466,0.050667729794344384,0.437683909873884,337,433,95,95,0,0.0687,756,0.5315579518825809,0.038751,0.03875062067310253,98.0,377.0,-0.4965543,0.0561341,-0.0471313,0.0114913,-0.0282424,0.4498685,0.1153514,0.2310773,-0.8549361,0.2921285,-0.8396192,0.204711,-0.5031232,783.0,372.0,-0.3595413,0.0784525,-0.0079598,-0.0240234,-0.0742584,0.0779902,-0.7961398,0.3884249,-0.4573893,0.5442595,-0.1014603,-0.3062163,-0.9465397,-0.02579484103179364,1.0,0.005854093005321557,289.78525784906566,0.0,256,2.5712675226793597e-09,2.4963969334762397e-10,3.798786061686384e-10,3.98178388660996e-06,0.0005339920425311836,8.093889708241468e-11,33.60147701576091,9.00668233679044,11.524987346215624,3.126889655953918,1.3420805968156788,1.64783709363711,0.024577712999052863,0.0,0.032506418863845775,2.4417986216079863,0.022659119500543466,1.0566718671337443,0.06979276083096582,621.4913799937183,289.7854254345812,0.6091677423582195,0.6091702869803285,0.6091702876914754,0.7614628587254105,2.0403260063247346e-05,817,0.2435,0.2406,-0.56705,0.001596,2,0.0242,0.6866,0.000107,11.986,5.9928,2.0,0.36985,0.63967,1.62558,0.16196,0.9899,0.9823,0.9924,0.5129,4.9245,2.0943,0.5774,3.1293,26.811,5.4444,83,0.1743,0.9942,46,0.1988,0.9226,-1.0,0.1650879,0.0518338,0.5220966,-0.0344098,-0.0129843,0.0442596,0.057546,198.0,179.0,0.1066173,0.0843512,0.1165957,-0.0142383,0.0483794,0.0144527,0.0524612,197.0,175.0
211,1667,139622,3.457316156494236e-10,0.005968918137218539,0.0005664949364407609,0.005968918137218539,0.6152514732920387,7.148911023775693,5.87361778528649,-10.985190541347965,10.6472408388482,-0.04384428040349166,10.985190541347965,0.0020884454751914916,12.563323163885551,6.428887427994651,-6.706299154924769,7.093240679894346,-0.032817263436661706,7.093240679894346,0.3666761730772611,1.9681950499353793,1.3055935866119692,0.3196194366684211,1.2672797480351505,0.8593021060952635,0.06398569598515683,2.8899190729127775,1.6584261034775247,0.001979573977338722,1.4141711116021782,0.9740285362498351,0.001187488288886782,-0.4172490835808381,0,0,0,0.006526133164351047,0.5396903265526356,767,-0.0368,-0.62877,1.35661851404762,-0.4068136344333806,2.1152268410611126,0.03758468182151403,0.24597270285333578,1.651459847891517,0.08221030072036864,0.008353900386681776,9.840948169723521,0.04786089895716717,0.4349602667876392,335,435,94,94,0,-0.0356,756,0.5323996186299036,0.10806,0.10806020379886627,98.0,377.0,-0.8411459,0.038022,0.0082918,0.0094631,0.0358799,-0.2010646,-0.7032741,0.0976968,-0.6748584,0.3960704,0.2180786,0.2488861,0.9436617,783.0,372.0,-0.3588088,0.0238274,-0.0180367,0.0146968,0.0051404,-0.444575,0.6914784,0.3523194,0.447305,0.546423,-0.7569751,0.6168044,0.2157338,-0.02579484103179364,1.0,0.005912566584305627,289.78546441839956,0.0,256,1.586492625847342e-09,2.7639784666672195e-10,3.9491177386451096e-10,3.800717967729251e-06,0.0005436006311767207,1.0391233527686488e-11,24.5886939287171,8.538985583714588,10.73797928410661,3.1312061871772676,1.0538100383806461,1.334577257691959,0.11432888395905239,0.0,0.0157615605422846,1.5439721999037135,0.023821877860386653,2.609814141850471,0.0268632135072712,621.4916225411762,289.7855385282146,0.6091677180997118,0.6091702869172877,0.6091702876915792,0.7614628586466096,2.0597708800563154e-05,817,0.2504,0.2475,-0.56712,0.001307,2,0.0233,0.756,0.000218,11.98,5.9899,2.0,0.3706,0.63999,1.62519,0.16129,0.9899,0.9823,0.9924,0.5129,4.7555,2.1513,0.5775,3.1299,26.8159,5.6389,83,0.2188,0.7891,46,0.1931,0.7194,-1.0,0.4476114,0.0292126,0.8774699,-0.0395211,-0.0138234,0.027851,0.050286,198.0,179.0,0.0761561,0.0267221,0.4805102,0.0135591,0.0294196,0.0153077,0.0358286,197.0,175.0
212,1668,139623,0.0,0.005968849833962735,0.0005571327385071893,0.005968849833962735,0.6123467570905851,7.14430987994019,5.874177593833329,-12.562105136998907,12.34839640515702,-0.039551028354225796,12.562105136998907,0.005476902814712553,12.561481794826726,6.399008948085897,-6.724417224721532,7.091729811924028,-0.033479336108901254,7.091729811924028,0.36667617656934565,1.9681950490137465,1.3055951879866814,0.34651277933104024,1.3127273435981728,0.8524988788127067,0.0,2.889919087054893,1.65743185848684,0.0007750435221774987,1.414153867500379,0.9648394918315322,0.0012361203307103864,-0.41724907333653094,0,0,0,0.007701866512841696,0.5404490293468224,768,-0.0526,-0.60442,1.3973413963296253,-0.3994826479749399,2.1125520368573194,0.034020115591714854,0.24692870644824103,1.6532646193845006,0.06186598671323185,0.007971936677470062,7.760471415694356,0.03593165653789652,0.41690528783211434,349,422,99,99,0,-0.0519,757,0.5331477037292132,0.530662,0.5306615794361518,98.0,377.0,-0.7441346,0.0671182,-0.0146138,0.0266713,0.0598325,-0.0659448,-0.8574394,0.0979531,-0.5008534,0.3879413,-0.2177327,0.3973789,0.8914496,783.0,372.0,-0.3547897,0.0257855,-0.0202798,0.0150348,0.0052515,-0.4466178,0.6928978,0.3491028,0.4455922,0.5463619,-0.7864789,0.5830716,0.2036627,-0.02579484103179364,1.0,0.005968918137218539,289.78553852826076,0.0,256,2.2053476945246485e-09,2.9734595623871443e-10,4.202528301391789e-10,3.811136605994013e-06,0.0005290210746243674,2.0891774750053738e-11,23.18188221221974,5.607533118160054,6.982514294103796,3.107351457990477,1.0719634969160174,1.3536027711201803,0.1336484655608569,0.0,0.01506620979740405,0.05864861202321241,0.024929954824641914,0.026188960319664372,0.027346178171686133,621.4915632661395,289.78551088979145,0.6091677181303116,0.609170286932941,0.609170287691728,0.7614628586661761,2.059747506228064e-05,817,0.2521,0.2483,-0.56426,0.000588,2,0.0197,0.7018,-0.000281,11.973,5.9864,2.0,0.37381,0.63968,1.62549,0.16222,0.9899,0.9823,0.9923,0.5126,4.7547,2.1509,0.5774,3.1051,26.849,5.6468,83,0.2172,0.3011,46,0.2756,-0.0312,0.0,0.4916702,0.0227572,0.9115243,-0.0443605,0.003708,0.0470559,0.0647754,198.0,179.0,0.0771864,0.0284703,0.4610795,0.0138545,0.0297675,0.015525,0.036319,197.0,175.0
213,1671,139627,0.0,0.006024840853110289,0.000555727475676672,0.006024840853110289,0.6032650546857466,7.13222264691201,5.875425399327919,-12.445635361256938,11.94806393758631,-0.03162323979133884,12.445635361256938,0.002880781700891788,12.566178163397785,6.442391730121983,-6.71682036590579,7.1667542604214,-0.03352195850775752,7.1667542604214,0.3698750296926477,1.9672994639822,1.3065927144789633,0.3090889826017713,1.2792003709390793,0.8571692782314235,0.0,2.904047488269399,1.6633493154486598,0.0006619182616829367,1.4141037506014018,0.9031150832516579,1.5116885818333913e-06,-0.40984067025566734,0,0,0,0.007013749114032017,0.5400091585505893,771,-0.0342,-0.55917,1.4299933455843807,-0.34912067169937494,2.126471853281126,0.13040121494662138,0.25227634978812125,1.6536961667041947,0.045333423151593034,0.007087355573377201,6.396380523348171,0.026389542538907705,0.34510238689892225,376,398,114,114,0,-0.0339,760,0.5327276927040463,0.600639,0.6006392929869913,98.0,377.0,-0.684496,0.1511473,0.0504134,-0.0032746,-0.1424545,-0.4210221,0.1528814,-0.8693586,-0.2087662,0.3845125,0.3335379,-0.0216647,-0.9424877,783.0,372.0,-0.3567123,0.0504095,-0.0300752,-0.030756,-0.0262806,-0.9111925,-0.178192,0.3333863,0.163797,0.5479792,-0.596617,-0.6101234,-0.5213421,-0.025179856115107913,1.0,0.005968849833962735,289.7855415735015,0.0,256,1.4851556296980258e-09,2.1772564069184481e-10,3.2952601930532323e-10,6.2278392440690674e-06,0.000517118819342443,-1.455292019503788e-11,18.542440955417376,5.987962636507571,7.303912355554458,3.11235257014235,1.2419875871340578,1.5266501697696786,0.0699461755450229,0.0,0.014229793651656207,1.1584491568905226,0.02020282151960352,1.7729355970828842,0.04926075994590155,621.4914974558907,289.78548020416724,0.6091676940244409,0.6091702869501328,0.609170287691728,0.7614628586876659,2.0790692649146917e-05,817,0.2556,0.2518,-0.56448,-0.002115,2,0.0152,0.475,5.3e-05,11.971,5.9853,2.0,0.37522,0.64635,1.62716,0.16063,0.9901,0.9823,0.9922,0.5123,4.7675,2.1567,0.5789,2.9919,27.0728,5.6786,83,0.1853,-0.6193,46,0.2776,-0.7064,-2.0,0.1749861,0.1537774,0.0645104,-0.022432,0.0309807,0.1037579,0.1105835,198.0,179.0,0.1110482,0.0662227,0.2528644,0.0467956,0.0133747,-0.0409608,0.0636121,197.0,175.0
214,1673,139630,0.0,0.006080584503001473,0.0005700308590126511,0.006080584503001473,0.5975628415165996,7.124347774197013,5.87582109530528,-12.336325725843064,10.885735438431347,-0.03648966567404545,12.336325725843064,0.0023969541715545915,12.565564793909356,6.484677631637466,-6.733267382827235,7.243497063217768,-0.0336525734880605,7.243497063217768,0.37152873857817104,1.9664418326513173,1.3074882461146191,0.3406869552685087,1.277078677605654,0.8587564780354336,0.0,2.918185240370599,1.6711594093702653,0.0008716660034070456,1.4140711325722182,0.9033936911777284,7.44348454218327e-06,-0.40242371087602985,0,0,0,0.0068179447243065,0.5409572969804326,773,-0.0224,-0.52117,1.463328593450036,-0.31301981762001285,2.1487896258918746,0.039211978339069566,0.24960493060657,1.6657638832224841,0.03943356648828339,0.006844716054441292,5.761169079131684,0.023107959125820872,0.2973532194399903,400,376,131,130,1,-0.0235,761,0.533127243016582,-0.157729,-0.15772937164936107,98.0,377.0,-0.5962341,0.0600868,0.0416885,0.0306143,0.0305819,-0.0236766,-0.2791716,0.4785449,-0.8321643,0.3754746,0.6938047,0.5095019,0.5089626,783.0,372.0,-0.3567284,0.0756552,-0.0739821,0.0029186,0.0155509,-0.8443508,-0.1411093,-0.352802,-0.3777441,0.5505037,-0.9778859,0.0385779,0.2055503,-0.024536205864751647,1.0,0.006024840853110289,289.7855078723074,0.0,256,1.4257938393792585e-09,2.611828537892964e-10,3.64893767792664e-10,7.4723697471239e-06,0.0005209163379794291,8.663346694662887e-11,20.301605874772363,5.8155492800802016,7.1644804751944555,3.0939118609406377,1.0268754157724937,1.290432958567164,-0.044673930852397736,0.0,0.010883043413759301,1.2840002844260752,0.04388391742075635,1.373818861399994,0.05843560108010385,621.4913829745968,289.7854268244881,0.609167670025877,0.6091702869795728,0.609170287691728,0.761462858724466,2.0983058291210236e-05,817,0.259,0.2551,-0.56935,0.001204,2,0.0092,0.4048,0.00094,11.972,5.9862,2.0,0.37718,0.64716,1.62807,0.16034,0.9901,0.9824,0.9922,0.5123,4.7789,2.1619,0.5803,2.8527,27.289,5.7103,83,0.1886,-0.9908,46,0.2512,-0.9726,-2.0,0.0679665,0.0890127,-0.1340699,-0.0612139,-0.0260796,-0.0493246,0.0828264,198.0,179.0,0.0966048,0.0692951,0.1646155,0.0199043,-0.001963,0.0150503,0.0250309,197.0,175.0
215,1674,139631,0.0,0.006139400644108547,0.000590320466767952,0.006139400644108547,0.59481103135215,7.119813475027936,5.8762284764318355,-12.1671021093473,12.268606525878987,-0.04095639215699959,12.268606525878987,0.005567403240784949,12.554928768093589,6.497537987552633,-6.778254118814461,7.33066726389799,-0.0336229782410255,7.33066726389799,0.37432207169000364,1.9656244597645571,1.3085170797086474,0.3362118690013601,1.2686157438693628,0.8581914648859212,0.0,2.9323214863219906,1.6802398920801649,0.0039874175187049055,1.4139938378861248,0.8918702165476905,1.7752598151059742e-05,-0.3950697572564915,0,0,0,0.007638784345568924,0.541560374638119,774,-0.0224,-0.46059,1.514114495127406,-0.2916284112801579,2.175037646924938,0.0776898454141288,0.23514282144446888,1.6839871906381976,0.042427637777232095,0.007647952857374896,5.547580976041093,0.024963725019485024,0.29738713935222255,404,373,122,121,1,-0.0235,762,0.5337192045328264,-0.385234,-0.38523424285115215,98.0,377.0,-0.4962749,0.0838803,-0.0749146,0.0335281,0.0173083,0.0301475,-0.3459454,0.8561974,-0.3825426,0.3808746,-0.893113,0.3997136,0.2063449,783.0,372.0,-0.3561325,0.0674185,-0.0473699,-0.0433273,-0.0205933,0.679241,0.4671518,0.4115959,0.3885739,0.5525231,-0.7026256,-0.6426623,-0.3054546,-0.024506873879258817,1.0,0.006080584503001473,289.7854325648559,0.0,256,1.0476843637174026e-09,2.2831240590687907e-10,3.0149944775283164e-10,4.169708024037608e-06,0.0005355080470144561,-7.966406569403551e-12,22.103405515964482,5.928586524932911,7.311932898467969,3.1174724963539644,1.055826167181306,1.3838550831504839,0.11785204158769157,0.0,0.007706968501165617,2.506049648374191,0.010512944006358417,1.8428174750489088,0.0608328359980091,621.4914395741174,289.785453215387,0.6091676447067506,0.609170286965079,0.609170287691728,0.7614628587063488,2.1186020816391196e-05,817,0.2603,0.2562,-0.5678,-0.001638,2,0.0072,0.5574,0.00137,11.972,5.9862,2.0,0.37938,0.64935,1.62796,0.1598,0.9901,0.9824,0.9922,0.5119,4.7852,2.1078,0.6152,2.7832,27.401,5.7262,83,0.186,-0.8784,46,0.2064,-0.9045,-2.0,0.0412569,0.1129724,-0.4649933,0.0779543,-0.0371687,0.0029254,0.0864115,198.0,179.0,0.0890443,0.0612278,0.185107,0.0216636,0.0012373,-0.0086411,0.0233562,197.0,175.0
216,1674,139631,9.798853345192735e-12,0.006199871472700647,0.0006143674786523102,0.006199871472700647,0.5950050161932992,7.118891353795039,5.876403423067469,-12.472075092484516,12.438587885733982,-0.03695660779654435,12.472075092484516,0.0050723133884414615,12.544822707321032,6.444672916691396,-6.855006827297584,7.403272306249157,-0.03414432228715233,7.403272306249157,0.3774913095012514,1.9648470271201428,1.3096011808299672,0.3033371340398582,1.2809483834934254,0.8616431141346487,0.01413878245234122,2.946453654368522,1.6900394805249885,0.00034459862083091597,1.4140275584525186,0.8948672346837979,3.267234034018993e-05,-0.38765966419482334,0,0,0,0.00948918965688653,0.5424841529183551,774,-0.0269,-0.41653,1.5547189233988867,-0.32150806775687135,2.204794118732128,0.10281522691872652,0.22615191998650863,1.701080017950396,0.05327921388172282,0.009532563274772938,5.589180196969834,0.031502121303757805,0.30626247851952226,405,372,119,119,0,-0.0266,760,0.5333806856946041,-0.188909,-0.18890859286717054,98.0,377.0,-0.435277,0.0879167,-0.0792893,-0.0314329,0.0213199,-0.5646201,0.2855429,-0.572899,0.5210144,0.3835512,-0.9018675,-0.3575308,0.2425008,783.0,372.0,-0.3542461,0.0596151,-0.0163629,-0.0320538,-0.0475265,-0.5548502,-0.7896316,-0.1206968,0.2324985,0.5545538,-0.2744762,-0.5376795,-0.7972224,-0.023894862604540025,1.0,0.006139400644108547,289.78547688222767,0.0,256,2.170272445132352e-09,2.9653796144158297e-10,4.1484070427803053e-10,6.3758929640031684e-06,0.000557108440217657,-8.477229788620598e-11,26.251523398223725,7.356577984002392,9.2435856624647,3.138635771687694,1.273222701484723,1.621787486772827,0.1689635695205477,0.0,0.017610744641413795,1.591221219372819,0.024087482089827656,0.8775377310979727,0.04489653636311058,621.4914624744649,289.7854638932293,0.6091676186764434,0.6091702869591862,0.6091702876917239,0.7614628586989827,2.1394694507468373e-05,817,0.2611,0.2575,-0.56407,-0.003188,2,0.007,0.9062,0.00097,11.975,5.9875,2.0,0.37991,0.65045,1.6275,0.16312,0.9901,0.9824,0.9922,0.5119,4.615,2.1651,0.6153,2.7837,27.4052,5.9383,83,0.1506,-0.6387,46,0.177,-0.5595,0.0,0.1910111,0.1460857,0.1332714,0.1144314,0.0229326,0.0803086,0.1416683,198.0,179.0,0.1630407,0.0313898,0.6771106,0.0219545,-0.0386053,-0.0303245,0.0537768,197.0,175.0
217,1675,139632,0.0,0.006241777367185248,0.0006351886055437697,0.006241777367185248,0.5924240762615626,7.114381382733277,5.876691770731762,-12.288167810570508,11.970544479618683,-0.03339332220930037,12.288167810570508,0.0033131951069817703,12.56493093267879,6.469452018097408,-6.889042479889715,7.450061469080596,-0.03443849015895935,7.450061469080596,0.37923996648605823,1.9641100259170117,1.3105175973353447,0.33163815872931685,1.270117330147452,0.8658605017101524,0.0,2.960587538274937,1.6979967394300783,0.003076993327457145,1.4140682303313226,0.9815126768007552,6.133612917323905e-05,-0.3802243999732585,0,0,0,0.011479562873369561,0.5432480508603215,775,-0.0266,-0.40585,1.5835306556823483,-0.3223043328193963,2.22759968673741,0.08663661760221078,0.2239106832114843,1.7152668932336488,0.0642378463761273,0.011675678218309728,5.501851384991914,0.0380737817259703,0.3054481425062246,405,373,109,110,-1,-0.0259,759,0.5329002242889845,-0.065934,-0.06593369190394371,98.0,377.0,-0.3001151,0.1329586,-0.1204541,0.0441478,-0.034925,0.6893276,0.0134038,-0.6757587,-0.2607642,0.3820511,-0.9059523,0.3320419,-0.2626761,783.0,372.0,-0.3494221,0.1056868,0.0769985,0.0723566,-0.0023354,0.2028554,-0.1170755,-0.0433746,0.9712166,0.5572322,0.7285537,0.6846322,-0.0220973,-0.023894862604540025,1.0,0.006199871472700647,289.785491439839,0.0,256,1.5361554248205006e-09,3.60840198692183e-10,4.758351628714568e-10,4.635167831833196e-06,0.000578436924857348,-3.8067244733522153e-13,24.36734205514739,6.307083326078661,7.8941121027041525,3.1367227597800245,1.2309533358249451,1.544176014558,0.009772027202106879,0.0,0.015724482066512478,1.0709114566245708,0.012202627693352211,2.686889040737456,0.07963198027064432,621.4918129936058,289.78562733127785,0.6091676006367296,0.6091702868659143,0.609170287691728,0.7614628585823929,2.1539292423394613e-05,817,0.2604,0.2567,-0.56122,-0.005504,2,0.0072,0.9557,0.000811,11.976,5.9881,2.0,0.38113,0.65201,1.62785,0.15823,0.9902,0.9824,0.9922,0.5116,4.621,2.1679,0.6161,2.7139,27.5169,5.9548,83,0.1256,0.1734,46,0.1624,-0.0035,-1.0,0.1021067,0.1600048,-0.2208911,0.0785539,0.0103281,0.0153369,0.0807007,198.0,179.0,0.1436954,0.1119074,0.1243648,-0.0395854,-0.0046984,0.0548909,0.0678387,197.0,175.0
218,1677,139635,0.0,0.006276671369490098,0.0006534556491310402,0.006276671369490098,0.5870069513549462,7.105828920145616,5.877603638927493,-12.530820079627276,10.98746230923669,-0.027124280987177472,12.530820079627276,0.0007837220489488317,12.5586384998928,6.43606762896638,-6.865988507775895,7.574159599344901,-0.03431118228348817,7.574159599344901,0.38233271002221186,1.9634212541117477,1.3114259465671754,0.3888386692763082,1.3256600325274688,0.8608232947533244,0.0,2.974690971170313,1.7051543506190372,0.0006524405114666232,1.4141094661780191,0.9030150937621942,1.950946264206246e-07,-0.3729023413414763,0,0,0,0.01342256643998772,0.5436134810296345,777,-0.0266,-0.37941,1.6333655670606404,-0.32873098664768713,2.2480000258166313,0.01918191703297202,0.22378102147343532,1.7211787584052893,0.07796498045031137,0.014062150899801276,5.544314024635674,0.04622927907392349,0.2949851313701824,409,371,106,106,0,-0.0254,763,0.5345458323257113,-0.076079,-0.0760785929659662,418.0,373.0,-0.1858116,0.0280877,0.0193198,0.0115402,-0.0168074,-0.7814882,0.0201399,0.5245785,0.3371765,0.368571,0.6878377,0.4108649,-0.598389,783.0,372.0,-0.3496918,0.0858194,-0.0309388,0.0800435,-0.0008937,0.649379,0.1952489,-0.5772151,-0.4549808,0.5582583,-0.3605102,0.9326971,-0.0104137,-0.023283582089552238,1.0,0.006241777367185248,289.78566417640485,0.0,256,1.8836978978911533e-09,4.5698464247282304e-10,6.058880950378147e-10,8.246342424405984e-06,0.0005956889457140773,2.6577082126021227e-11,24.444687570979596,6.07922694647675,7.490896411266188,3.1231556183156033,1.177984061518774,1.4835119122625653,0.13570810510391293,0.0,0.03147684750318364,1.3591828889823956,0.009290936143471549,2.3354646969098702,0.03663562141580705,621.4921278060608,289.7857741202184,0.6091675856161487,0.6091702867773724,0.609170287691728,0.7614628584717155,2.165969460904663e-05,817,0.2584,0.2545,-0.56761,0.000901,2,0.0079,0.9792,-0.000104,11.977,5.9883,2.0,0.38133,0.65216,1.62873,0.15955,0.9902,0.9824,0.9922,0.5116,4.8046,2.1163,0.6177,2.5739,27.7407,5.7738,83,0.1434,0.9375,46,0.1314,0.9043,0.0,0.069056,0.0587045,0.0810224,-0.0471825,0.0303053,-0.0083685,0.0566977,187.0,186.0,0.1488255,0.0616861,0.4139409,0.0189328,0.0147624,-0.0144207,0.028006,197.0,175.0
219,1677,139635,7.166408647854268e-11,0.006322418250605824,0.0006803847372905917,0.006322418250605824,0.5872048922856911,7.104782138478425,5.877779790563021,-11.869421880351473,12.023729233887948,-0.0224124204052767,12.023729233887948,0.0004395265323008232,12.559610793257608,6.403310573515351,-6.821847052921913,7.64272272059087,-0.03415591902037285,7.64272272059087,0.385530152927676,1.9627861598662861,1.3124012124121067,0.3390011938759993,1.2731100060887006,0.8632372448163259,0.014141499787709408,2.9888283704353515,1.7151024180147167,0.0005500724902562926,1.4140981891061184,0.9054816346676272,1.9582217620705473e-05,-0.36541586702512363,0,0,0,0.014276504306650875,0.543361619892791,777,-0.0099,-0.28971,1.6831616902136053,-0.2983796316459483,2.278361762642659,0.07187833163021456,0.2179407050516636,1.7351829538438155,0.09314419124653242,0.015860069185192338,5.872874207477982,0.05495332441217314,0.2999608213448445,406,374,100,100,0,-0.0088,763,0.5343139055768844,-0.079111,-0.07911124201425879,98.0,377.0,0.0438862,0.1243727,-0.1227935,0.0177339,-0.0087088,-0.6472015,-0.178131,-0.7381682,0.0671368,0.3576076,-0.9873024,0.1425866,-0.0700221,783.0,372.0,-0.3469797,0.0414665,-0.0203472,0.0315704,-0.017572,-0.6783765,0.7288779,-0.0024565,0.0923921,0.5613222,-0.4906892,0.7613462,-0.4237642,-0.023255813953488372,1.0,0.006276671369490098,289.78581250576985,0.0,256,1.200939260173188e-09,2.7746091751487255e-10,3.7834918487615476e-10,5.4667067108192245e-06,0.0006137898057071605,3.840257104940531e-11,20.329367098292764,6.082977814994965,7.526775076480553,3.1330547417290378,1.2984379046842354,1.600076324151319,0.15110032005491023,0.0,0.02262040908210097,0.5903782104116229,0.021103476661163866,1.6686327466387496,0.018518196740589486,621.4921957297373,289.78580579127953,0.6091675659221915,0.6091702867576778,0.6091702876916971,0.7614628584470973,2.1817556706554477e-05,817,0.2606,0.2566,-0.56464,-0.001594,2,0.0082,0.958,-0.000248,11.976,5.988,2.0,0.38216,0.65047,1.62894,0.16011,0.9902,0.9824,0.9922,0.5116,4.6338,2.1739,0.6178,2.5498,27.7645,5.9917,83,0.1668,1.0,46,0.2108,0.9983,-1.0,0.1773241,0.1588608,0.0549201,-0.0211835,0.0585428,0.0965542,0.1148857,198.0,179.0,0.1207059,0.0490549,0.4220699,-0.0315175,0.0202275,0.0465576,0.0597504,197.0,175.0
220,1679,139638,0.0,0.006378543667459963,0.0007119034938604002,0.006378543667459963,0.5815854788390246,7.096641673660037,5.878223541531598,-12.443511870572017,10.9331496246921,-0.020799276506526385,12.443511870572017,0.002253498740516946,12.558369222600053,6.42988934683951,-6.8223326972417695,7.63683534653374,-0.03447692464704323,7.63683534653374,0.3859414952347661,1.9621951359518617,1.3131125241871349,0.3131005112648963,1.2615929885287802,0.8688096300221977,0.0,3.002965205184702,1.722099245152142,0.0019339361741037564,1.4140795369446144,0.9882228025111222,4.460972874721221e-06,-0.35777389422063965,0,0,0,0.016260804383510675,0.5420156598544006,779,0.0195,-0.17811,1.7252692003115557,-0.2741184490668416,2.305491994604655,0.06508623364778279,0.22429640744236332,1.7542390336608429,0.11866530745667438,0.019048032586033322,6.229793387884263,0.0695882904201594,0.34724955340279934,408,374,103,103,0,0.0193,766,0.5336234333297665,-0.063254,-0.0632536237072816,98.0,377.0,0.2340192,0.1193988,-0.0028561,-0.0393935,0.1126768,0.2816767,0.3299292,-0.8166029,0.3807423,0.3429247,-0.0239209,-0.3299322,0.9437015,783.0,372.0,-0.3402088,0.0375234,-0.0134536,0.0268155,0.0225374,0.1718651,-0.343608,0.2342083,-0.8930523,0.5647423,-0.3585393,0.7146341,0.6006228,-0.023255813953488372,1.0,0.006322418250605824,289.78585459937966,0.0,256,1.933202406913997e-09,3.9581631876228896e-10,5.468069659275431e-10,9.308793404351849e-06,0.0006402154478498412,-1.3284994989956993e-10,14.47741627860628,5.681480827343034,6.843156345732195,3.14030781014944,1.2550069655146092,1.5359821117365122,0.22888780860517513,0.0,0.028979067930291168,1.205692420339136,0.022666761406631875,0.8761390106576529,0.03119857099797576,621.4919357643838,289.78568457613,0.609167541759656,0.6091702868319234,0.609170287691728,0.7614628585399043,2.2011244885301595e-05,817,0.2609,0.2568,-0.55591,-0.007355,2,0.0102,0.6696,-0.000155,11.978,5.989,2.0,0.38439,0.64841,1.62946,0.15906,0.9902,0.9825,0.9922,0.5116,4.8068,2.1173,0.618,2.5015,27.8492,5.7937,83,0.1783,0.6362,46,0.2421,0.8377,0.0,0.1584706,0.1057816,0.1993891,0.0533788,-0.047745,0.0549429,0.0902641,198.0,179.0,0.107742,0.062492,0.2658104,0.0257617,-0.0435536,0.0454459,0.0680141,197.0,175.0
221,1679,139638,5.706108087273897e-11,0.00645801781288596,0.0007489700534693762,0.00645801781288596,0.5817878665051933,7.095599690241737,5.878399404276829,-11.83973674277711,10.919574341008733,-0.016252594751521507,11.83973674277711,0.0018666766569694522,12.55888150020612,6.436176351473063,-6.835317136769023,7.716506598246212,-0.03419243119419132,7.716506598246212,0.3890665093294424,1.9616454390782505,1.3140416326352353,0.2750825927645031,1.2511929968546631,0.8570451785293246,0.01413961364611109,3.0170974725068276,1.7319816243876505,0.0028499968158495204,1.4141807423058503,0.999771849856613,2.20360076461204e-05,-0.35032855621710274,0,0,0,0.020860502644067778,0.541060775499203,779,0.0489,-0.09383,1.7614972129534376,-0.22643081442267043,2.319208604295958,0.025871971506196887,0.22271244546130026,1.7551574648766854,0.14872691792687753,0.023818538052140098,6.244166522785995,0.08702074419996522,0.41481671531685677,415,367,94,94,0,0.0485,769,0.5345350535706759,-0.018245,-0.01824474802988374,98.0,377.0,0.297201,0.0984257,0.0955427,-0.0168486,0.0165935,-0.8727945,0.4304501,-0.2300788,-0.0024958,0.3506092,0.9707083,-0.1711813,0.1685894,783.0,372.0,-0.3361582,0.0156451,-0.0139594,0.0037323,-0.0059978,0.7635275,-0.1101795,-0.0232003,0.6358837,0.5682859,-0.8922548,0.2385592,-0.3833677,-0.023228111971411555,1.0,0.006378618645218159,289.78570915315015,0.0,256,3.503808185890852e-09,7.11343183911179e-10,1.0117819953056076e-09,7.204449054518358e-06,0.0006665654846669295,1.2313864685695933e-10,35.15340554188651,9.411133140519524,11.862241098842274,3.1301235387688076,1.3959674938156277,1.6972832177916546,0.14754322139774437,0.0,0.016022577063943694,0.2809522905209487,0.03575918728325761,0.5106861156790696,0.022230108189433464,621.4925786055146,289.78598431639443,0.6091675075481299,0.6091702866427379,0.6091702876917034,0.7614628583034223,2.2285473288573407e-05,817,0.2617,0.2574,-0.55563,0.000875,2,0.0146,0.3629,-0.000266,11.981,5.9906,2.0,0.38546,0.64787,1.62898,0.15904,0.9902,0.9825,0.9922,0.5116,4.636,2.1749,0.6181,2.4774,27.8731,6.0123,83,0.2265,0.0908,46,0.2408,0.5403,3.0,0.1393967,0.1073732,0.1297706,0.0499668,-0.0629625,0.0552049,0.0975117,198.0,179.0,0.0463978,0.0138818,0.5394209,-0.0102492,0.0151937,0.0081056,0.0200398,197.0,175.0
222,1679,139638,5.668472013877219e-12,0.006450837713483726,0.0007524731629780497,0.006450837713483726,0.5820246680667018,7.09466645705552,5.878568464647957,-11.459197966665743,11.483563683519366,-0.009144104542179026,11.483563683519366,0.003089622370969991,12.563938470266331,6.448854491532338,-6.822676713382657,7.723330675354137,-0.03456216064011437,7.723330675354137,0.38906651250776614,1.96164543852844,1.314041633659986,0.3621490555163468,1.2575982227387945,0.8619425584213887,0.014139627788226715,3.017097486648943,1.731981671072434,0.0006058594320378363,1.4141612502886844,1.00761639267802,5.209365829094881e-05,-0.3503285452736729,0,0,0,0.020803356014438747,0.5408780038320345,779,0.0547,-0.08321,1.7700531954141059,-0.22158403778712163,2.3237687882485574,0.029059003238626018,0.22271244966448553,1.7522989413460184,0.15113314244324752,0.02359060115676399,6.406498140464472,0.08828227332133254,0.4190793541836555,421,361,90,90,0,0.0545,769,0.5343754649158262,-0.013158,-0.01315847995281838,98.0,377.0,0.2924317,0.0867249,0.0860769,-0.0048886,0.0093853,-0.8794255,0.4493887,-0.1090324,-0.1130155,0.3504283,0.9925277,-0.0563688,0.1082187,783.0,372.0,-0.3336985,0.0157708,-0.0137009,0.0038633,-0.0067883,0.7810281,-0.1309848,-0.0138613,0.6104474,0.5680118,-0.8687469,0.2449634,-0.4304321,-0.023228111971411555,1.0,0.00645801781288596,289.7859843164454,0.0,256,3.5767186807942294e-09,7.281552272206428e-10,1.0362540006570836e-09,1.0467497180855506e-05,0.0006690527218167952,3.967220347801221e-11,30.52028067029098,7.7215420065531415,9.769012372364132,3.126521200156405,1.3852697452538485,1.6669295178158072,0.09665056657856583,0.0,0.016499114379761412,0.1159660134855994,0.035683366488074325,0.08249713551808444,0.02211461162816863,621.492548283195,289.78597017787763,0.6091675106406175,0.6091702866520843,0.6091702876917255,0.7614628583151053,2.2260697125965228e-05,817,0.2659,0.2617,-0.55975,0.002984,2,0.0158,0.2936,-3.9e-05,11.982,5.9909,2.0,0.38845,0.64857,1.62895,0.15999,0.9902,0.9825,0.9922,0.5116,4.6367,2.1752,0.6182,2.4778,27.8773,6.0123,83,0.2172,-0.422,46,0.1747,-0.2206,0.0,0.118577,0.1079277,0.0470157,0.0426897,-0.0508242,0.052272,0.0844859,198.0,179.0,0.0484784,0.0147362,0.5337713,-0.0120083,0.0155774,0.0089019,0.0215893,197.0,175.0
223,1680,139639,0.0,0.006516288240732462,0.0007886615911259371,0.006516288240732462,0.5792848286686392,7.089892781268614,5.879103650086562,-11.170614184083892,10.932843109109745,-0.00905513438858087,11.170614184083892,0.0027252453847585326,12.550703285806494,6.426629465769822,-6.881318948177273,7.865788977347029,-0.03448614873000133,7.865788977347029,0.3923411389057463,1.9611401146438443,1.314875352270517,0.3139614257331559,1.296676128443682,0.8706601423145379,0.0,3.031226494185552,1.7409424970772078,0.005205306685113764,1.4141589362167195,1.0100292293133157,9.456407758883265e-05,-0.34254742858451315,0,0,0,0.029957754538776617,0.539991373874137,780,0.0651,-0.07637,1.7938544872546967,-0.193498903607119,2.3430166664035172,0.06344691881285869,0.22221070435400284,1.7600934794342185,0.18259075731193194,0.032084204223165505,5.6909860080025725,0.10641526246966673,0.4192085522099756,420,363,93,93,0,0.0649,770,0.5335183943898387,-0.000286,-0.00028556271392088384,309.0,374.0,0.2596951,0.0880583,0.0238591,-0.0047668,0.0846303,0.3886038,-0.7829292,-0.2007477,0.4423904,0.3678227,0.2709462,-0.0541326,0.9610712,783.0,372.0,-0.3307426,0.0329614,-0.0165376,0.0242199,-0.0150451,-0.4303298,-0.4436932,0.2631578,-0.7407432,0.5715582,-0.5017271,0.7347969,-0.4564465,-0.023228111971411555,1.0,0.006450837713483726,289.786009405691,0.0,256,1.833618949808228e-09,3.947046557896457e-10,5.076295458025846e-10,9.21750608619446e-06,0.0006901145626508038,7.728321524379731e-11,27.20585444374623,7.912210627779625,9.79128615128884,3.13534268467522,1.2996005149390846,1.6150980768949743,0.000995284644099606,0.0,0.02289032165428781,1.746506942349959,0.04044091075958737,1.402928543088149,0.018167068024537283,621.4921845099595,289.7858005597861,0.6091674824634739,0.6091702867609476,0.609170287691728,0.7614628584511846,2.2486568452093907e-05,817,0.2707,0.2665,-0.55383,-0.002632,2,0.0178,0.0974,-6e-05,11.988,5.9941,2.0,0.38699,0.65228,1.62932,0.15863,0.9903,0.9825,0.9921,0.5113,4.6368,2.1753,0.6182,2.4533,27.9163,6.0206,83,0.1413,-0.763,46,0.1421,-0.8136,1.0,0.1769604,0.1754206,0.0043699,0.1242993,-0.082413,0.0572866,0.1597622,188.0,186.0,0.0584181,0.0425032,0.1576961,0.0317498,0.011629,0.0115805,0.0357406,197.0,175.0
224,1680,139639,3.243447254610677e-11,0.006540223337286624,0.0008209659814249524,0.006540223337286624,0.5795301552959463,7.088886916547449,5.879270487047117,-12.6052784764297,11.462228802253035,-0.007239269420815469,12.6052784764297,0.001687762924510154,12.55353536694352,6.3980527250989825,-6.905292909847021,7.8319036021852755,-0.03488271614147005,7.8319036021852755,0.39585910089219684,1.9606953438363113,1.3156830501353474,0.3369606935471873,1.2580877871150782,0.8636734082403092,0.014136588436445687,3.045326029662102,1.749888282002596,0.001316200117866928,1.41412996652492,0.9081471406969935,0.00013288619570675305,-0.334834092435151,0,0,0,0.03938271171412651,0.5390808090728944,780,0.0738,-0.06361,1.8205999269814852,-0.1789686587115636,2.3571937567978196,0.08042748914149109,0.2195891551273235,1.755851746886466,0.2170504789711775,0.04124669722022599,5.262251127945906,0.12624856975825946,0.42212532919513956,417,366,90,90,0,0.0735,770,0.5326335930930547,-0.018718,-0.01871814805114025,98.0,377.0,0.27565,0.0665687,0.0065003,0.0573026,-0.0332498,-0.72877,-0.4959421,0.3336958,-0.3340404,0.3793245,0.0976483,0.8608042,-0.4994807,783.0,372.0,-0.3296169,0.0954438,-0.0689154,-0.0470234,-0.0463572,-0.5999361,-0.0977983,0.6402582,0.4696612,0.5723452,-0.7220523,-0.4926815,-0.4857009,-0.02261904761904762,1.0,0.006516288240732462,289.78583496433345,0.0,256,1.3236343470553163e-09,2.25558526799368e-10,3.0767213106797145e-10,1.0432842866536883e-05,0.0007129714048029166,-5.782448864269969e-11,21.859270651909547,6.255547326209533,7.679259971410383,3.110282500540888,1.1834315140901213,1.518696819600172,0.15437477678508987,0.0,0.0343242201268,1.639387284321073,0.04054440841711007,1.478489534864099,0.06376776066147175,621.4918065425642,289.7856243233233,0.6091674721567879,0.6091702868676779,0.6091702876917141,0.7614628585845974,2.2569178000318895e-05,817,0.273,0.2687,-0.54864,-0.001345,2,0.0203,0.0812,-0.000283,11.993,5.9964,2.0,0.38865,0.65218,1.6287,0.16036,0.9903,0.9825,0.9921,0.5113,4.6375,2.1756,0.6183,2.4292,27.9397,6.0247,83,0.0852,-0.9758,46,0.182,-0.9964,2.0,0.1160407,0.0753862,0.2123758,-0.0207205,0.0400647,-0.0773372,0.0895296,198.0,179.0,0.1703306,0.0853382,0.3324316,0.0343825,-0.0003694,-0.0516225,0.0620256,197.0,175.0
225,1680,139639,9.988430077294399e-11,0.006581774454867742,0.0008594008369934181,0.006581774454867742,0.5797760741569317,7.087859754985552,5.879435542704176,-11.032994326853906,11.772119008282196,-0.00256288780318534,11.772119008282196,0.006644239020698734,12.563126343201752,6.398570728130879,-6.950196311213877,7.892728924268369,-0.03546893716899153,7.892728924268369,0.3992200343888519,1.9602660452498202,1.3166254413042395,0.3410665765584767,1.283207647206422,0.8650557556027303,0.014136602578561312,3.0594637264856654,1.7588570950688769,0.0014396025688928615,1.4141238203582005,0.9958070725666394,0.0001477929139264725,-0.3270224723619552,0,0,0,0.05033015992714126,0.5385512065187816,780,0.0826,-0.03343,1.8458450986818018,-0.16279097397266926,2.370153682127403,0.03894008926942633,0.21932503615163151,1.755987494274547,0.2508553811375271,0.05182030780308003,4.840870148645028,0.14548177337697127,0.4432762856828338,408,375,82,82,0,0.081,771,0.5327341276759445,7.9e-05,7.866202031991953e-05,98.0,377.0,0.2572497,0.0625416,0.00891,0.0083756,0.0613345,0.7952885,-0.1662073,0.4438378,-0.3780201,0.3894634,0.1424647,0.1339197,0.9806984,783.0,372.0,-0.3241089,0.0485033,-0.0205394,-0.0430562,0.0087676,0.2746758,0.8961715,-0.2352096,-0.2571115,0.5760617,-0.4234643,-0.8876952,0.180763,-0.02261904761904762,1.0,0.006540223337286624,289.78565119160356,0.0,256,1.7684851566750095e-09,3.7057540385747423e-10,5.119536140050785e-10,1.0753068852293743e-05,0.0007397614436935982,-8.7552104073482e-12,25.428273100182377,8.005537970320919,10.082740036133828,3.0902653051841,1.0204363592613839,1.3619243798974723,0.0926870148437835,0.0,0.0387069706730293,2.1215140071486203,0.02803498265035231,1.7204827165653473,0.021147591221391652,621.492070694612,289.7857474906206,0.609167454271285,0.6091702867937624,0.6091702876916851,0.761462858492203,2.2712554057134128e-05,817,0.2746,0.2702,-0.53988,-0.007245,2,0.0227,0.0224,-0.0001,11.996,5.9981,2.0,0.38961,0.65256,1.6281,0.15926,0.9903,0.9825,0.9921,0.5113,4.6382,2.176,0.6184,2.4296,27.944,6.0248,83,0.0403,-0.1774,46,0.1493,-0.834,3.0,0.0490219,0.1602183,-0.5314298,-0.0478539,0.0343551,-0.0399792,0.0711942,198.0,179.0,0.1602115,0.1259703,0.1196486,0.0119927,0.0644051,-0.1145832,0.1319892,197.0,175.0
226,1680,139639,2.931057598741351e-10,0.006702069451777249,0.0009044641628267523,0.006702069451777249,0.5800271857832977,7.086815472007298,5.879600124621338,-11.20822109284224,10.547735767723807,-0.0011405518138522476,11.20822109284224,0.010917886569977936,12.565318021888135,6.368409135347189,-6.976550172458514,7.938952619057863,-0.035759189183623134,7.938952619057863,0.4026713676485182,1.959921524548694,1.317428176692183,0.3226477244406073,1.242946635240392,0.8722052529048274,0.028278267861686326,3.0736020448986756,1.7687894178921775,0.008200341428613256,1.4141099591017805,0.9967952644985341,0.000185817148655727,-0.3193269344613959,0,0,0,0.06526876952848666,0.5380723034107565,780,0.09,-0.0182,1.871813579405797,-0.14974830128648525,2.3830298670402956,0.029562965440244688,0.21956691457727437,1.7532669576344118,0.29230758029924736,0.06651719644288565,4.3944663324804205,0.16923970170829514,0.41331515160977084,417,366,88,88,0,0.088,770,0.531646931318846,-0.002011,-0.002010737932815365,98.0,377.0,0.2386656,0.0654394,0.0285788,-0.0584499,0.0070127,0.8835487,-0.2799787,0.063052,-0.3701055,0.4010053,0.436722,-0.8931909,0.1071632,457.0,375.0,-0.3423327,0.0397308,0.0355983,-0.0033536,0.0173219,0.0015635,-0.0384373,0.8162229,0.576455,0.5875268,0.8959884,-0.0844071,0.4359819,-0.02261904761904762,1.0,0.006581774454867742,289.78577504946446,0.0,256,1.2721808007195136e-09,3.4801094908539665e-10,4.6178704491056635e-10,9.45142261226741e-06,0.0007705742924803776,5.743425336973558e-11,24.039490028668126,7.892026734362479,9.889891857920533,3.129535984897589,1.193832690874749,1.5198134515417812,-0.1645893382357415,0.0,0.028928094954481065,2.7494422950986572,0.024788201829234538,1.761503109857025,0.015519827944650733,621.4923648032276,289.78588462589397,0.6091674024866339,0.6091702867077418,0.6091702876916019,0.7614628583846772,2.3127660135791107e-05,817,0.2724,0.2678,-0.53773,-0.00126,2,0.0246,0.0005,-0.000159,11.999,5.9995,2.0,0.39051,0.65345,1.6273,0.15927,0.9903,0.9825,0.9921,0.5113,4.639,2.1763,0.6185,2.4299,27.9484,6.0247,83,0.1025,0.8294,46,0.1238,-0.1275,1.0,0.1401972,0.0580642,0.4142662,0.0538699,-0.0917173,0.0214292,0.1085046,198.0,179.0,0.0639529,0.0400989,0.2292504,-0.0014277,-0.0211693,-0.0174477,0.02747,188.0,187.0
227,1680,139639,3.323653076197743e-10,0.006853978335757952,0.0009537286240010494,0.006853978335757952,0.5802834987196328,7.085759188422667,5.8797653210631555,-11.32007122789624,11.419031505945549,-0.002804127826922202,11.419031505945549,0.01141272714286026,12.560714774272496,6.367117240274224,-7.031110533420904,7.995491516380384,-0.03590439601551375,7.995491516380384,0.4061929763552812,1.9596096792334452,1.318191386347431,0.322662598417497,1.3167053918855756,0.8744758818261874,0.04239968860210268,3.087739154209274,1.7787117117566849,0.0007068108231147452,1.414109626961536,0.9804366587976322,0.00022957675782085292,-0.3117787136484507,0,0,0,0.08320543378925652,0.537711032058776,780,0.0999,-0.01739,1.890628062713448,-0.13928590981128222,2.394622118034731,0.0641420385734712,0.2161865391409867,1.751800585891197,0.33925203687884964,0.08426038390490594,4.026234170280076,0.1963267787438496,0.3960791289208594,426,357,83,83,0,0.0976,770,0.5312760077246742,0.002741,0.002740946786675469,98.0,377.0,0.2216706,0.1447875,0.1330757,-0.0317341,0.0474046,-0.3306428,0.6751481,0.5849726,-0.3043969,0.4130165,0.919111,-0.2191772,0.3274084,457.0,375.0,-0.3390957,0.0624934,-0.0231996,-0.0335793,-0.0473248,-0.3025189,0.1389207,0.2920347,-0.8966042,0.5902961,-0.3712332,-0.5373256,-0.7572761,-0.02261904761904762,1.0,0.006702069451777249,289.7859173916451,0.0,256,2.5350070752595033e-09,5.673511609360368e-10,7.672904724540354e-10,7.488291226462658e-06,0.0008049233807695549,2.0618628306695734e-10,24.507803675225993,8.07913508294942,10.010981287509848,3.135304760890587,1.3035583102101433,1.5917238623311136,-0.11105271203442049,0.0,0.018826926523144754,2.216072582825354,0.020163763954750332,2.17377909938818,0.037781992528312325,621.492478669401,289.78593771875825,0.6091673370907363,0.6091702866733826,0.609170287691585,0.7614628583417282,2.36518665802543e-05,817,0.2779,0.2733,-0.53188,0.002241,2,0.0278,-0.0816,-0.00011,12.001,6.0006,2.0,0.39207,0.65494,1.62656,0.15766,0.9903,0.9825,0.9921,0.5113,4.6397,2.1767,0.6186,2.4058,27.972,6.0288,83,0.122,0.8828,46,0.1476,0.4744,1.0,0.107293,0.2631239,-0.4206907,-0.0087236,0.0262944,-0.0884905,0.0927257,198.0,179.0,0.1093409,0.0548324,0.3320176,0.0333465,-0.0166084,-0.0036684,0.0374338,188.0,187.0
228,1680,139639,1.4390246479471203e-10,0.007010998454820926,0.0010057096134290387,0.007010998454820926,0.5805451010246317,7.084696556451149,5.879931105885256,-10.435561319787144,10.286446143270112,-0.003806335942473676,10.435561319787144,0.007316069830302752,12.548702203421435,6.368567019454995,-7.075530552828482,8.04538395112397,-0.03634973731619224,8.04538395112397,0.41003267122898257,1.9592911503088477,1.318954425816912,0.36177283646849456,1.2460636357203372,0.8708633643224416,0.046246153871412385,3.1018764062418502,1.7885789906850127,0.0006460731934838648,1.4141137069808651,0.9666662025032436,0.0002826804908731909,-0.30418434009512924,0,0,0,0.103905197999208,0.5374188505627823,780,0.1102,-0.01113,1.9090908799407185,-0.13140030806240896,2.4063268952745367,0.08399720531395806,0.22176114149658868,1.7478163494442551,0.389379551018191,0.10481140648175134,3.7150493833510922,0.22534276181994217,0.3791306088062747,432,351,73,73,0,0.1079,770,0.5309757224479422,0.003274,0.0032735865127606623,98.0,377.0,0.2049157,0.0696806,-0.0148734,0.0074509,-0.0676658,0.3651514,-0.0798444,0.6783505,-0.6325582,0.4256177,-0.2134505,0.1069298,-0.9710844,457.0,375.0,-0.3363408,0.0485075,0.0374929,-0.0298296,-0.0075797,-0.6571059,-0.0966055,-0.4392524,0.6049269,0.5925712,0.7729297,-0.6149493,-0.1562593,-0.02261904761904762,1.0,0.006853978335757952,289.78596422796613,0.0,256,1.6499243984025244e-09,3.233791463210697e-10,4.4903503735400495e-10,8.772072389769541e-06,0.0008402255823753214,-4.397568565316337e-11,24.80647693862079,7.705859333469338,9.61392171479089,3.133722191960653,1.2859431465149942,1.5817175007368105,0.16865937308244106,0.0,0.021261921025811027,1.5246590491477696,0.020734567302979304,2.1373235045747854,0.028123653462568222,621.492262871062,289.7858370975502,0.6091672694921666,0.6091702867378967,0.6091702876916661,0.7614628584223709,2.419372363067151e-05,817,0.2827,0.278,-0.53301,-0.0002,2,0.0313,-0.1794,-0.000125,12.003,6.0015,2.0,0.3938,0.65599,1.62555,0.15792,0.9903,0.9825,0.9921,0.5113,4.6405,2.177,0.6187,2.4062,27.9765,6.0288,83,0.0985,0.8758,46,0.1468,0.718,-1.0,0.103696,0.0431387,0.4124183,0.0098414,0.0258883,-0.0526439,0.0594847,198.0,179.0,0.1567479,0.115293,0.1523849,0.0131252,0.1200596,0.0184438,0.1221751,188.0,187.0
229,1680,139639,9.713561618638763e-11,0.007184907531873441,0.0010594807995859136,0.007184907531873441,0.5808120097930709,7.083636182088149,5.88009843569784,-12.525360919258897,10.178817900794712,-0.005097311691429007,12.525360919258897,0.013035637439916314,12.564230074962794,6.393932146186176,-7.118879914300883,8.053738493974013,-0.036798040055865726,8.053738493974013,0.4137016765547649,1.9589562287630877,1.3196648832345101,0.35319957193433,1.2999077555300929,0.8790075570667372,0.0480578824108207,3.116014131334732,1.798362770564796,0.00011714126791151358,1.4140994093168016,0.9511318657663645,0.0003477077960273153,-0.29654510337463247,0,0,0,0.12617904806563934,0.5370243541886862,780,0.1168,-0.00236,1.9332449183375868,-0.1278978997457827,2.414331430919647,0.05454283945229372,0.21991581705140859,1.744174192534968,0.4407667604827044,0.1269342532844787,3.4724020434017917,0.25492893253895443,0.36239738928013754,437,346,70,70,0,0.114,771,0.5311837820381141,-0.003144,-0.003144254699605664,98.0,377.0,0.1888024,0.0614634,-0.0072884,0.0301555,0.0530592,-0.9154593,-0.1534431,0.3161292,-0.1960913,0.4369504,-0.1185807,0.4906249,0.8632646,457.0,375.0,-0.3334932,0.1091125,-0.0044895,0.038817,-0.1018755,-0.6272804,-0.4345811,0.5406208,-0.3541014,0.594928,-0.0411455,0.3557522,-0.9336741,-0.02261904761904762,1.0,0.007010998454820926,289.7858604034986,0.0,256,1.4910098811320704e-09,2.890753000189901e-10,3.910412888016417e-10,1.018512163588249e-05,0.0008750430256061935,1.5403964285934812e-11,23.859131370972925,7.158146883445146,8.828280559573985,3.1296678141912673,1.2202482197661086,1.5305813069099734,0.055514559199046964,0.0,0.030960362456260753,0.024963175504150215,0.025655577012176092,1.8016505624524912,0.06219048413958436,621.4921932035095,289.7858046133645,0.6091671946256512,0.6091702867584134,0.6091702876916862,0.7614628584480168,2.4793856074004818e-05,817,0.2864,0.2816,-0.53684,0.001142,2,0.0337,-0.2323,-0.00017,12.005,6.0027,2.0,0.39549,0.65738,1.6248,0.15868,0.9903,0.9825,0.9921,0.5113,4.6412,2.1774,0.6188,2.4311,27.962,6.0247,83,0.0272,0.6395,46,0.0444,0.8844,1.0,0.071449,0.1290013,-0.287115,-0.0541186,0.027163,-0.0404751,0.0728347,198.0,179.0,0.038523,0.1660771,-0.6234309,0.0254816,-0.0253426,0.1079602,0.1137847,188.0,187.0
230,1680,139639,3.149547509733051e-10,0.0073496784061367285,0.0011144973731276053,0.0073496784061367285,0.5810845811859928,7.082589518810998,5.88026678133998,-11.650306827146109,11.414761029312453,-0.0020353665748648903,11.650306827146109,0.006987251602622611,12.547788607708501,6.394793563257148,-7.171579666135053,8.03330693411778,-0.03686939730498814,8.03330693411778,0.417231519293745,1.9586219347025722,1.3203473754001434,0.35111715074564787,1.2815184921040244,0.8790517935729126,0.04919366326298603,3.130151808860819,1.8079497529756872,0.001242282828416541,1.4141001497418069,0.9438638973112672,0.0004164502226614252,-0.2890394144045738,0,0,0,0.1498846792904719,0.5367121812701233,780,0.1209,-0.00176,1.9550152627748318,-0.12160492117232499,2.423659845101581,0.06618934685654286,0.22094017327270876,1.7430549222390825,0.49300121246057055,0.15051896590127842,3.275342808187492,0.2848699874148561,0.3341326203066792,444,339,67,67,0,0.1168,772,0.5314716737651841,-0.002219,-0.0022190127981003283,98.0,377.0,0.17374,0.0577362,0.0219695,-0.0013983,-0.0533747,0.109953,0.1948869,-0.6417448,0.7335483,0.4476251,0.3805144,-0.0242193,-0.9244578,457.0,375.0,-0.3310494,0.0984679,-0.069456,0.0697906,-0.0010339,-0.7045704,-0.4839229,0.3018431,0.422244,0.5970254,-0.7053667,0.7087649,-0.0105004,-0.02261904761904762,1.0,0.007184907531873441,289.7858291699093,0.0,256,7.203207374126653e-10,1.4524328997674132e-10,1.921336935481827e-10,1.1114924163796451e-05,0.0009104345581879478,-4.124717638665063e-12,37.29597904552875,8.976270229963038,11.434353864335135,3.1243774973577843,1.23560260466033,1.5597728965418627,0.04373255189310906,0.0,0.013346074455519956,2.0810968489168324,0.004923684690890106,2.501280835601089,0.022802849971662164,621.4921101495427,289.7857658874387,0.6091671236915404,0.6091702867824564,0.6091702876915925,0.7614628584780705,2.5362454859123618e-05,817,0.2864,0.2814,-0.53514,0.001656,2,0.0349,-0.2373,-0.000131,12.008,6.0038,2.0,0.39732,0.65974,1.62415,0.15802,0.9903,0.9825,0.9921,0.5113,4.642,2.1777,0.6189,2.4315,27.9666,6.0247,83,0.0141,-0.9992,46,0.0549,-0.2268,0.0,0.1064179,0.0817166,0.131296,-0.0434027,0.0030546,-0.0696685,0.0821391,198.0,179.0,0.0762247,0.1197086,-0.2219319,0.0193141,-0.0623141,0.0065049,0.0655621,188.0,187.0
231,1680,139639,4.22840482635572e-10,0.007521817233493225,0.0011704892145304726,0.007521817233493225,0.581363202758667,7.081561988431495,5.880436294716142,-11.974197131527788,10.973260365453173,-0.0013468980836629947,11.974197131527788,0.0022511352763885384,12.551696409678454,6.3446742500628694,-7.221845769383469,8.114002646423035,-0.03754001442017087,8.114002646423035,0.42075771273158546,1.9582802745177357,1.3210056490467503,0.3220392964228119,1.2797412192602304,0.878979343470745,0.051817929641875905,3.1442893298518575,1.8173883927215835,0.0016918376978325433,1.4141867194390993,0.9416346111787585,0.0004933997382599527,-0.28157655562327316,0,0,0,0.1749761073197278,0.536448137033054,780,0.129,-0.00528,1.9659148632553505,-0.11828081468806023,2.432022087577295,0.10246381270950136,0.2211653631421891,1.7450348078485458,0.5465308413156648,0.17552465100885842,3.113698492914721,0.31552591849567546,0.3242772687938263,452,331,66,66,0,0.1249,772,0.5312015464883632,-0.000858,-0.0008579742019361181,98.0,377.0,0.1616108,0.0891521,0.0597321,0.0022343,-0.0661452,-0.261087,-0.2433099,-0.9276559,0.1099468,0.4574517,0.6700014,0.0250612,-0.7419367,457.0,375.0,-0.3280611,0.0411943,0.0325407,0.0247882,-0.0048602,-0.8707101,-0.0062627,-0.3166258,-0.3762615,0.598982,0.7899314,0.6017379,-0.1179829,-0.02261904761904762,1.0,0.007349676034798468,289.7857859668477,0.0,256,7.447197093224515e-10,1.8942962999398515e-10,2.4114628162531427e-10,1.466363492786804e-05,0.0009458368180803378,-2.3270222794220095e-11,34.33267189253168,8.461946514444334,10.687372795389901,3.140404833015138,1.0454834012833896,1.3947443843587854,-0.2565218433091746,0.0,0.02816902120701283,2.191665704019927,0.03986160874156393,1.001131535504703,0.05439369963880548,621.4923390190687,289.7858726034047,0.609167049586464,0.6091702867154385,0.609170287691546,0.7614628583942981,2.5956466289809224e-05,817,0.2873,0.2821,-0.53232,-0.00203,2,0.0373,-0.2035,-0.000146,12.01,6.0049,2.0,0.39898,0.66247,1.62337,0.15663,0.9903,0.9825,0.9921,0.5113,4.6428,2.1781,0.619,2.4319,27.9712,6.0246,83,0.0244,0.7875,46,0.1347,-0.1739,1.0,0.0807815,0.1084888,-0.1463897,-0.0041317,-0.0230528,-0.0065219,0.0243113,198.0,179.0,0.1403186,0.0817354,0.2638241,0.0396798,-0.0731531,0.0413951,0.0929485,188.0,187.0
232,1680,139639,5.024664406910558e-10,0.007500294918718065,0.0011745235864286667,0.007500294918718065,0.5816673524003422,7.080635032433777,5.880600048119606,-11.212538023128243,11.80863202230174,0.004143236442765608,11.80863202230174,0.008709729480649724,12.54906973297602,6.33639161408308,-7.170553750415434,8.099411387903436,-0.03689524941797594,8.099411387903436,0.42075771677059265,1.9582802741759573,1.321005650026587,0.3234217739415067,1.2531347480438617,0.874746552177235,0.05181794378399153,3.144289343993973,1.8173884087328542,0.0003945007638699316,1.4141729139729289,0.9558830570667771,0.0005587463834771587,-0.28157654519773867,0,0,0,0.17414012290848457,0.5364637623555251,780,0.1301,-0.02274,1.9635210817499011,-0.12597179875477396,2.4306000671277594,0.10269245829411018,0.2219088875969068,1.7475895004773492,0.5472627347946905,0.1747266569775589,3.132107854985049,0.3157413002088386,0.3312925881167068,448,335,67,67,0,0.1272,773,0.531813571444872,-0.000385,-0.0003852439131200036,98.0,377.0,0.1567727,0.0905135,0.0599449,0.0024212,-0.0677749,-0.2625339,-0.2071857,-0.9343529,0.1230228,0.4550479,0.6622761,0.0267492,-0.7487822,457.0,375.0,-0.3251585,0.0419378,0.0340273,0.0238782,-0.0055456,-0.8731905,0.003032,-0.3151152,-0.3717951,0.5987582,0.8113749,0.5693725,-0.1322338,-0.02261904761904762,1.0,0.007521817233493225,289.78587260344193,0.0,256,9.369595115683246e-10,1.9394074410123119e-10,2.6509304557436695e-10,1.4646789612799874e-05,0.0009515554132036041,-5.111028354263652e-11,30.768042588397556,7.890175179702708,9.905400153169262,3.125340271325836,1.0940065162798045,1.4501359072662419,-0.2710754860379121,0.0,0.02485286276661048,0.061620892602479806,0.039701107105444576,0.02975401329260683,0.05519900791335569,621.4924281225781,289.78591415007645,0.6091670588528528,0.6091702866887063,0.6091702876915117,0.7614628583608829,2.5882192861982095e-05,817,0.2835,0.2782,-0.52834,0.0021,2,0.0369,-0.1402,1.8e-05,12.01,6.0051,2.0,0.40248,0.66453,1.6235,0.15733,0.9903,0.9825,0.9921,0.5113,4.6434,2.1784,0.6191,2.4077,27.9944,6.0289,83,0.0811,0.6771,46,0.1646,-0.1957,1.0,0.0848218,0.1073744,-0.1173415,-0.0028119,-0.0252374,-0.0086626,0.0268305,198.0,179.0,0.1410871,0.0815886,0.2671979,0.0388512,-0.0730683,0.0420734,0.0928362,188.0,187.0
233,1680,139639,5.446373521026068e-10,0.007651363582507662,0.0012262929992062736,0.007651363582507662,0.5819754055696489,7.079714073496772,5.880765434849491,-11.56947407690742,12.058013121177652,0.0033637515408886333,12.058013121177652,0.008059221302114197,12.563070213097143,6.366309999084405,-7.192806525629855,8.097719494358875,-0.037766248865925875,8.097719494358875,0.42406404833399725,1.957906067649259,1.3216279938663906,0.2932497492612529,1.287526217772656,0.8832074207045334,0.05445450053142103,3.1584275493281355,1.8268047548446416,0.0019198002628619815,1.4141743004682406,0.9505684081649293,0.0006251056121843032,-0.27412102702559227,0,0,0,0.20101930374873705,0.5361998219596144,780,0.1401,-0.02864,1.9755969077483828,-0.12176896205490952,2.4377717521842226,0.060739796723888545,0.2160255534375822,1.7355548154382352,0.5980830190261451,0.20147721069997138,2.968489671602497,0.3449287592526065,0.3069272974492896,462,321,64,64,0,0.1373,773,0.5315422611358992,-0.000128,-0.0001284767887801408,98.0,377.0,0.143821,0.0835712,0.0161182,-0.0471325,-0.0671034,-0.9504158,-0.3049305,0.0598756,0.0119189,0.4662693,0.1928677,-0.5639804,-0.8029496,457.0,375.0,-0.3242283,0.0682712,-0.0470232,0.0250181,-0.0427067,0.8079513,0.1193514,-0.5576067,0.1484745,0.6011807,-0.6887712,0.3664513,-0.6255459,-0.02261904761904762,1.0,0.007500294918718065,289.78595280161863,0.0,256,1.4123186965881926e-09,4.0427420057976643e-10,5.13242158174305e-10,9.575353837647308e-06,0.0009786096472223086,-1.660554780616937e-10,33.98942248527454,9.514555002403476,11.650339556031362,3.0851390568570705,1.0712021108368606,1.3695732052411969,0.09696894484256274,0.0,0.03089481446764947,1.2239900749018313,0.010444358624448894,1.3707086284580616,0.04577010877372125,621.4923657396088,289.7858850625044,0.6091669938169968,0.6091702867074629,0.6091702876914935,0.7614628583843286,2.640350678521601e-05,817,0.2902,0.2848,-0.51892,-0.000455,2,0.0407,-0.1976,-6.5e-05,12.013,6.0066,2.0,0.40124,0.66629,1.62245,0.15745,0.9903,0.9825,0.992,0.5113,4.6441,2.1787,0.6192,2.4081,27.9985,6.0288,83,0.0995,0.5757,46,0.1253,-0.4188,3.0,0.0603042,0.1233932,-0.3434399,0.0019944,-0.0081741,0.0300767,0.0312314,198.0,179.0,0.1253519,0.0470466,0.4542113,0.0111689,0.0141618,-0.0232862,0.0294541,188.0,187.0
234,1680,139639,5.427377516487566e-10,0.00777682787419973,0.001282865821605616,0.00777682787419973,0.5822874846947653,7.078804239150619,5.880932584529462,-11.525478525306596,10.95793533373499,0.00915729035281674,11.525478525306596,0.003515519921803066,12.564891523974778,6.382311362131038,-7.195938302751559,8.146818160600926,-0.037501412542449354,8.146818160600926,0.4268614771557649,1.9575157532764575,1.3223397811359507,0.332212120927612,1.31216397727143,0.8796812718852977,0.05657587275526549,3.172569098202152,1.8365549007153237,0.00012710723387754364,1.4141245197577925,0.9197475114601358,0.0007040144829541374,-0.2668150698972514,0,0,0,0.23070870717783387,0.5360346147971049,780,0.1487,-0.01761,1.9942713414779656,-0.11776134336428103,2.4465488485887317,0.07902054466126195,0.21597041184594537,1.7445926499706532,0.6573460015820272,0.23110963373594068,2.844303765948122,0.3789279246614732,0.2930898187208667,468,315,63,63,0,0.1459,773,0.5313736078900483,-0.000315,-0.0003154485224239334,98.0,377.0,0.136733,0.0712788,0.0186993,-0.0597381,-0.0340933,-0.3933952,-0.6043185,0.2144692,0.6588189,0.4750438,0.262341,-0.8380918,-0.4783089,457.0,375.0,-0.3198162,0.0427128,-0.0360866,-2.7e-06,0.0228504,-0.7508407,-0.0088777,-0.2325235,-0.6181361,0.6034578,-0.8448668,-6.3e-05,0.5349768,-0.02261904761904762,1.0,0.007651363582507662,289.78591220884556,0.0,256,1.5817900059155118e-09,3.120362143434626e-10,4.268652002708237e-10,1.4310337555627647e-05,0.0010150091618871563,2.320042563417235e-11,24.187392365533167,7.727783474449243,9.440839643121144,3.119318407518621,1.159797293369414,1.4530760004442933,-0.1290229374835195,0.0,0.023896793558853727,0.3208202900013663,0.030976825458836846,2.3489073193653978,0.03857309267162602,621.4925348696778,289.7859639235,0.6091669398055098,0.6091702866562045,0.6091702876914944,0.7614628583202556,2.683645463329866e-05,817,0.294,0.2886,-0.51291,-0.002625,2,0.0438,-0.242,-0.000129,12.014,6.0072,2.0,0.40278,0.66802,1.62198,0.15716,0.9904,0.9825,0.992,0.5113,4.6448,2.1791,0.6193,2.4084,28.0027,6.0288,83,0.0896,-0.1401,46,0.0956,-0.8727,-2.0,0.074299,0.124967,-0.254273,-0.0627595,0.0088815,-0.0169506,0.0656122,198.0,179.0,0.1434816,0.0737753,0.3208475,-0.0470917,-0.0008124,-0.0738922,0.0876261,188.0,187.0
235,1681,139640,0.0,0.007933282365511838,0.0013418750627018751,0.007933282365511838,0.5795749733091862,7.074372560946329,5.8812067330954285,-10.811301605643019,12.431242097911547,0.009145017819866652,12.431242097911547,0.002935586451423333,12.563603905331947,6.405925910039594,-7.191196686072574,8.187527891758457,-0.03873709073373274,8.187527891758457,0.4300455217152792,1.9571136015310902,1.3228733391501588,0.3333272460215917,1.253324992441216,0.8910151716160406,0.0,3.186707434008254,1.8446761322836005,0.00011597462576862227,1.4141269410875397,0.9194967795030384,0.0007935849952562216,-0.25951796412715306,0,0,0,0.26039516672125235,0.5359127003088905,781,0.1578,-0.04023,2.0044225318831415,-0.114611130728719,2.453530153093115,0.026479290139260644,0.2153794360814282,1.7463951528644608,0.714520111313818,0.26072415583509523,2.7405213338412073,0.4118060077687427,0.2825881254352282,477,307,61,62,-1,0.1561,775,0.5318613397798787,0.000644,0.0006437038900573011,98.0,377.0,0.1219145,0.0350933,-0.0132241,0.0157756,0.0284217,0.5444872,0.3732518,0.7467702,-0.0809388,0.4824557,-0.3768262,0.4495327,0.8098904,457.0,375.0,-0.3158279,0.0766981,-0.0544336,0.0540082,-0.0016453,0.9062427,-0.1725774,-0.1516529,-0.354884,0.6064165,-0.7097117,0.7041655,-0.021452,-0.02261904761904762,1.0,0.00777682787419973,289.78599574849267,0.0,256,2.106291425731465e-09,3.1525972426739386e-10,4.4245019834851294e-10,1.0835410419147736e-05,0.0010522902031280782,1.0180206858831811e-10,25.027886461648194,7.578878139866739,9.453537707697427,3.12914434418072,1.4053035715578996,1.724132480410395,-0.030544519944088633,0.0,0.03082675587266955,1.1069695181585022,0.012100710477611307,0.9224935245652268,0.03565204439740983,621.4926654172086,289.7860247944517,0.6091668724530146,0.6091702866157536,0.609170287691728,0.761462858269692,2.7376345602376785e-05,817,0.2972,0.2917,-0.5042,0.003393,2,0.047,-0.2806,-0.000129,12.016,6.0081,2.0,0.40444,0.6707,1.62141,0.15694,0.9904,0.9825,0.9921,0.5116,4.6448,2.179,0.6193,2.3593,28.0599,6.0411,83,0.0947,-0.8624,46,0.1018,-0.9539,-1.0,0.0437888,0.0947354,-0.3677814,-0.018673,0.0110313,-0.0544498,0.0586101,198.0,179.0,0.1047004,0.0707643,0.1934072,0.0163075,-0.0007802,-0.0274148,0.031908,188.0,187.0
236,1681,139640,2.241719155262632e-11,0.00806077682531638,0.0013917552232241138,0.00806077682531638,0.5798992539508497,7.073507872016627,5.881376410027139,-12.575285272708399,10.772191950011088,0.009087948560449722,12.575285272708399,0.0026517168222215046,12.563421414369486,6.398268495052774,-7.183185485109092,8.211317735474966,-0.038742536033608777,8.211317735474966,0.43272117731582493,1.9566933254062295,1.3233314323378151,0.3605048931635211,1.2845560165431176,0.8890681009654886,0.014104228079450143,3.2008350685303313,1.8537707192864366,0.0021692356630683696,1.414164895958056,0.9021078590458679,0.0008836122194311643,-0.2523425868611888,0,0,0,0.2878185142976281,0.5357363455231964,781,0.1645,-0.04702,2.00599508112596,-0.11685960485993181,2.4597323323347817,0.08593931073742536,0.21919199292909758,1.7462391714273715,0.7678329879640055,0.28813659362727034,2.6648228824321563,0.44263566778279206,0.2628921892562344,479,305,58,59,-1,0.1629,775,0.5316833720292613,0.003508,0.00350793823327189,98.0,377.0,0.118129,0.0779112,-0.0722731,0.0205281,0.0206239,-0.3422355,0.2059663,-0.5634673,0.7231579,0.4883855,-0.9276345,0.2634811,0.264711,457.0,375.0,-0.3124347,0.0624591,0.0564453,0.0055403,-0.0261605,-0.6934523,0.1664991,0.579467,-0.3944869,0.607982,0.9037166,0.0887029,-0.4188415,-0.023200475907198096,1.0,0.007933282365511838,289.7860573577885,0.0,256,2.4688537930880157e-09,7.432352712769008e-10,9.635914329079596e-10,1.57512635828737e-05,0.0010802871270788404,2.6196713622843955e-10,32.32264965431861,8.374149044209663,10.669974517140725,3.123687101484187,1.077071685527188,1.3695733241808654,0.004094995731400666,0.0,0.028801655012899705,1.1006275834750325,0.029774788029896915,2.3946077814691407,0.037836848535599404,621.4926706313472,289.78602722567024,0.6091668175673642,0.6091702866141182,0.6091702876917183,0.7614628582676477,2.781630606033005e-05,817,0.2952,0.2894,-0.49765,0.002275,2,0.0487,-0.3001,-0.00019,12.018,6.0088,2.0,0.40567,0.67215,1.6198,0.15706,0.9904,0.9825,0.9921,0.5116,4.6455,2.1794,0.6194,2.3596,28.0643,6.0412,83,0.1006,-0.978,46,0.098,-0.6214,1.0,0.119773,0.0640364,0.3032303,-0.0512417,0.0302049,-0.0308844,0.0670216,198.0,179.0,0.0702276,0.0685818,0.011857,-0.01454,-0.0280373,0.0178313,0.0362692,188.0,187.0
237,1683,139643,0.0,0.008206461767732133,0.0014566365208898168,0.008206461767732133,0.5862153759293006,7.080088615639413,5.881827228791327,-10.64154158019822,10.508292872221105,0.010550415474327259,10.64154158019822,0.0035696666687785594,12.562163609543544,6.4135101073031215,-7.158717285960871,8.224366773265984,-0.03708806161588091,8.224366773265984,0.4360417016280918,1.9562401458083576,1.323973211242367,0.33128212685940234,1.2589212884124727,0.8936021713545719,0.0,3.214974820804313,1.8604712031683261,0.004780355874075548,1.414145398815575,0.9241108033326263,3.585065418166564e-07,-0.24514405315397603,0,0,0,0.32758038241661896,0.5356910042311064,781,0.1693,-0.04514,2.023164253670033,-0.11636732855419596,2.4688339570373774,0.06762494457548378,0.21673351727723159,1.7403323371339576,0.8396865259328204,0.32783708043939525,2.5612921052353226,0.4841267013565702,0.25295193421087847,482,302,54,54,0,0.1677,775,0.5316366245816273,-0.001621,-0.001620787106025423,102.0,372.0,0.0815067,0.0860447,-0.0393893,0.0007967,-0.0764954,0.0334361,0.137929,0.5709052,-0.8086562,0.4960254,-0.4577768,0.0092593,-0.8890189,457.0,375.0,-0.3049522,0.0715813,0.0276578,-0.034605,-0.0562265,0.2907573,0.445837,-0.762488,0.3678338,0.6115822,0.3863832,-0.4834364,-0.7854917,-0.023200475907198096,1.0,0.00806077682531638,289.7860586018312,0.0,256,1.3034795154661797e-09,2.863450836308284e-10,3.847452829586811e-10,1.140073659122103e-05,0.0011248231016300191,-7.986547160962085e-11,25.92798603976862,8.174085600371452,10.230497506373675,3.1297690323184244,1.3243877299416638,1.615253544069019,0.018170697483701155,0.0,0.015519597934014338,2.246073267611435,0.013636872302379985,0.7460323735521277,0.04327786345252285,621.4925454207577,289.7859688431968,0.6091667548498134,0.6091702866529678,0.609170287691728,0.7614628583162097,2.8319044571038735e-05,819,0.2946,0.289,-0.49339,-0.004569,2,0.0502,-0.367,-9.6e-05,12.019,6.0093,2.0,0.40679,0.67214,1.61824,0.15512,0.9904,0.9825,0.992,0.5116,4.646,2.1223,0.6539,2.4336,28.0484,6.0371,83,0.0874,-0.5365,46,0.0624,0.3357,2.0,0.1123313,0.0816098,0.158406,0.0204229,-0.0267268,-0.040667,0.0527752,186.0,186.0,0.1330991,0.0737705,0.286792,0.0050596,0.0546016,-0.0279628,0.0615537,188.0,187.0
238,1683,139643,8.977582839562442e-11,0.008257392066427657,0.0015086517198693006,0.008257392066427657,0.5865625900849505,7.079297992998122,5.881998153320614,-11.771247650352016,11.05746841604827,0.01267384240598323,11.771247650352016,0.011273041786329482,12.560297507347205,6.404941644945038,-7.205353708089036,8.271663653466348,-0.037067700000628784,8.271663653466348,0.43837960752970623,1.9557643857912697,1.3244077680278892,0.34936608074317427,1.2624602212609164,0.8979682024377496,0.014139612481042679,3.2291060218330263,1.8695809969472525,8.71022490509521e-05,1.4141657370193688,0.8991533074395054,2.775316949560882e-05,-0.23810826049319514,0,0,0,0.36055810947117617,0.5355970077357791,781,0.1779,-0.03062,2.0342538124046325,-0.11364791328891803,2.4761121214206163,0.0810945822557063,0.21904366557299013,1.7356210504932328,0.8993344700722772,0.3607940371541569,2.4926533630266663,0.5184103701741577,0.24844135965355077,482,302,53,53,0,0.1763,775,0.5315436366211835,0.001016,0.0010157327190558618,98.0,377.0,0.1065358,0.1152726,-0.0134357,0.0372088,-0.1082717,-0.5565687,0.2703222,0.701028,-0.3545659,0.5055471,-0.1165556,0.32279,-0.9392664,457.0,375.0,-0.3027301,0.0981838,0.0190153,-0.0825948,0.049564,0.8132122,-0.4849659,0.3131896,-0.0735269,0.6128537,0.1936702,-0.8412257,0.504808,-0.023172905525846704,1.0,0.008206461767732133,289.7859916503364,0.0,256,1.4092185980071403e-09,4.1868954509543226e-10,5.359060654376347e-10,1.26799424109238e-05,0.0011581653650098722,8.430043799977616e-11,35.70264319286756,9.553974861251854,12.49479024008031,3.1338040236137976,1.134337341082847,1.4475038062808558,0.06039849253423282,0.0,0.019471555792704834,1.511861971956052,0.026854659083040494,2.0276330605634185,0.03066903158142904,621.4924912617124,289.7859435902288,0.6091667329246454,0.6091702866695461,0.6091702876916893,0.7614628583369326,2.8494798485132894e-05,819,0.2991,0.2942,-0.49119,0.006998,2,0.0536,-0.3928,-0.000128,12.02,6.0099,2.0,0.4084,0.67533,1.61701,0.15618,0.9904,0.9825,0.992,0.5116,4.6375,2.1756,0.6183,2.4782,27.9585,6.0288,83,0.0908,0.7597,46,0.1244,0.973,-1.0,0.1831397,0.0929111,0.3268551,-0.0695815,-0.0141925,-0.0751559,0.1033993,198.0,179.0,0.1598332,0.0776121,0.3462741,-0.0280893,-0.0238862,-0.0179431,0.0410063,188.0,187.0
239,1684,139644,0.0,0.008389278655214766,0.0015760387269938734,0.008389278655214766,0.5901385598445683,7.08226277624829,5.882337248972487,-11.110504228379723,10.903749362034066,0.014501133179171413,11.110504228379723,0.0086324534585005,12.563453111216445,6.381451079613695,-7.274359681995605,8.362496971516173,-0.03732535858241951,8.362496971516173,0.44172974048181857,1.955278637750834,1.3250742929800234,0.3718734072232816,1.2529942412131438,0.9033995321464675,0.0,3.2432457647782322,1.8773512284491902,0.0010664118930497901,1.4141523130484608,0.9129459383472979,0.00010528836806775784,-0.2311400306709463,0,0,0,0.4072504273336193,0.5356033840059983,781,0.1894,-0.02794,2.039918205855674,-0.10995732722160421,2.4857074039256615,0.06977953692885903,0.21884419764093047,1.7430250435037264,0.9784442264462041,0.4074424212582417,2.4014294422869016,0.5637202331766816,0.24304108508722655,483,301,52,52,0,0.1879,775,0.5315511129147957,-0.003203,-0.0032029198381962054,98.0,377.0,0.0995085,0.0550557,-0.0469338,0.0205193,0.0201818,-0.9926606,-0.0036489,-0.084947,0.085998,0.5169412,-0.8524785,0.3727007,0.3665713,457.0,375.0,-0.2966783,0.04911,0.0184199,0.0412729,-0.0192107,-0.191102,-0.9528067,0.0382988,0.23275,0.6153272,0.375073,0.8404175,-0.3911761,-0.023172905525846704,1.0,0.008257392066427657,289.78597081755953,0.0,256,2.730308016248826e-09,4.3843707031101977e-10,6.31401459873825e-10,1.1556186759452503e-05,0.0012076172299742526,-3.6853616367049604e-11,32.43335487302211,9.321159018901565,12.127924112094428,3.1240162509800946,1.304102852869339,1.5557691896973844,-0.03631618811358879,0.0,0.016827876712208565,1.2545168978022976,0.022170184055200094,1.3170039830375904,0.01990337993207666,621.492719545729,289.78605003318677,0.6091666761494456,0.6091702865987529,0.609170287691728,0.7614628582484412,2.8949905125709165e-05,820,0.2967,0.2917,-0.4854,-0.005783,2,0.0567,-0.4154,-4.7e-05,12.021,6.0103,2.0,0.40955,0.67538,1.61649,0.15665,0.9904,0.9825,0.992,0.5119,4.63,2.1721,0.6173,2.5967,27.8371,6.0123,83,0.1592,0.9956,46,0.1877,0.8523,0.0,0.0492302,0.1005706,-0.3427241,0.0058867,-0.0016115,-0.0499743,0.0503456,198.0,179.0,0.0568653,0.090295,-0.227165,-0.0172608,-0.0697581,-0.0088397,0.0724035,188.0,187.0
240,1684,139644,1.0589748421752551e-10,0.008509357689306536,0.001630021133814443,0.008509357689306536,0.5905048635893747,7.081543428378996,5.882509144649064,-11.045748645580563,11.096893564983825,0.01346289003134477,11.096893564983825,0.009009868294761247,12.55597127337118,6.391653867594499,-7.248996879489094,8.38312581458943,-0.03762464602214484,8.38312581458943,0.4438399268524292,1.95477265340342,1.3254888400591802,0.3489747914656804,1.2636476422302256,0.903135166088855,0.014138964972678665,3.257378324275227,1.8863745155790168,0.002500763645302828,1.414169069538321,0.9033904462625276,0.00010988683283794945,-0.2242594100645344,0,0,0,0.44213714060798187,0.5355084908847925,781,0.1935,-0.03233,2.043508603682814,-0.11091193263062422,2.4917785214251156,0.05108631725805524,0.2165436964972415,1.7508900579775601,1.039192721040533,0.4423127482478898,2.349452339226107,0.599005942997383,0.23763227948400897,489,295,51,51,0,0.192,775,0.5314591426426093,0.000761,0.0007614636453192603,98.0,377.0,0.0967926,0.0727044,0.0723979,-0.0060672,-0.0027696,-0.9319081,0.0105026,-0.362445,0.0084083,0.5233335,0.9957836,-0.0834496,-0.0380944,457.0,375.0,-0.2946611,0.0993167,0.0052523,-0.0796842,-0.0590479,0.7087563,-0.281297,-0.0397753,-0.6457201,0.6168434,0.0528839,-0.802324,-0.5945415,-0.023752969121140142,1.0,0.008389278655214766,289.7860758985287,0.0,256,2.471103759803349e-09,5.368212860261927e-10,7.309479176781847e-10,9.786599839843338e-06,0.001241811558954085,-1.274855521478275e-10,28.99683029890997,7.835585493230361,9.913767164835312,3.098246736149017,1.2783569767616965,1.584297606670404,0.04306666898422537,0.0,0.017934820177936597,1.8457786125400393,0.02424060580654089,0.6291055383527293,0.06423155758729908,621.492800277883,289.78608767651116,0.609166624456607,0.6091702865731442,0.6091702876916825,0.7614628582164302,2.9364272652058956e-05,820,0.2997,0.2946,-0.47473,0.000403,2,0.0584,-0.4375,-0.000112,12.022,6.0109,2.0,0.41105,0.67866,1.6156,0.1556,0.9904,0.9825,0.992,0.5119,4.6307,2.1724,0.6174,2.5481,27.8794,6.0206,83,0.1393,0.9328,46,0.1819,0.5717,-3.0,0.1384505,0.0638496,0.3687636,0.0625562,-0.0625519,-0.0089646,0.0889178,198.0,179.0,0.1165085,0.0974801,0.0889227,-0.0201867,0.003352,0.0325229,0.038425,188.0,187.0
241,1684,139644,3.318219285477606e-10,0.008708639162664466,0.0016974393311506137,0.008708639162664466,0.590876444900954,7.08083708147445,5.882683459365079,-11.023742394227568,10.75581771654718,0.014060730632275642,11.023742394227568,0.01920459139615619,12.562885589904871,6.386166955635625,-7.315340476810051,8.365208543652889,-0.03743322379804042,8.365208543652889,0.4472818174870159,1.954243718149651,1.3262326191579517,0.35080583243890695,1.2595606244591628,0.898695798470564,0.02696755347847454,3.2714932371629026,1.8954084177555628,0.0006612507658898537,1.4141950074723804,0.9281996633861596,8.01553466554084e-05,-0.21753944680291004,0,0,0,0.4840587466625168,0.5354924626771341,781,0.1967,-0.04712,2.057391518432813,-0.10765560963866166,2.4986163442352014,0.019713032555201248,0.218153759297972,1.7465550617532903,1.1072179875394483,0.4841980205552594,2.286704902819995,0.6380842537705463,0.2313250426189391,494,290,51,51,0,0.1953,775,0.5314460369507936,0.000333,0.00033266922712060776,102.0,372.0,0.058959,0.0296202,0.026079,0.0089157,-0.0108512,0.6681327,0.223175,-0.7065608,-0.0675531,0.5293194,0.8804485,0.3010004,-0.3663458,565.0,372.0,-0.2579812,0.0456375,-0.0271027,0.0319081,0.0181684,0.0960091,-0.4161913,-0.2487287,0.8693107,0.6101608,-0.5938707,0.6991651,0.3981026,-0.023752969121140142,1.0,0.008509355598882561,289.7861230030747,0.0,256,2.436734642021737e-09,4.83191082838351e-10,6.417491880009189e-10,1.1842330513931783e-05,0.0012859739714717237,4.696272615285539e-11,25.59710046151983,7.482255289380507,9.46788680540153,3.105218185174054,1.2363538281473172,1.5808993387740076,-0.05086336218846286,0.0,0.04213825764062153,2.45899246076806,0.013490542714966013,2.7524069361897916,0.0410540286979384,621.4927484258283,289.78606349923336,0.6091665386659232,0.6091702865896238,0.6091702876915852,0.7614628582370297,3.005195990968525e-05,820,0.3016,0.2964,-0.46919,-0.003491,2,0.0598,-0.442,-7.7e-05,12.023,6.0116,2.0,0.41215,0.67975,1.615,0.15466,0.9904,0.9825,0.992,0.5119,4.6315,2.1728,0.6175,2.524,27.9034,6.0247,83,0.1204,0.4166,46,0.1464,0.0045,-1.0,0.0430228,0.0728482,-0.257402,-0.0206586,-0.0399713,-0.0220398,0.0501023,186.0,186.0,0.096911,0.0584389,0.2476484,-0.0133258,-0.0365605,0.0411183,0.0566124,198.0,174.0
242,1684,139644,3.3481404632790285e-10,0.008682597799679205,0.0017000936557945274,0.008682597799679205,0.5912666021695373,7.080191182246424,5.88285050595094,-11.621214549405137,10.760492720160542,0.013761660203189759,11.621214549405137,0.0009998034908755872,12.56568345501261,6.396378481653941,-7.327980680866781,8.273615613761853,-0.03728307343908346,8.273615613761853,0.44728182161121455,1.9542437176206469,1.3262326199097505,0.3273163087430605,1.2919544065619983,0.8929905315644314,0.026967567620590164,3.271493251305018,1.8954084386106536,0.0023975649018727063,1.4141805704350074,0.9403638305572117,6.174342199659858e-05,-0.21753943702283735,0,0,0,0.48207354035466815,0.5355434654909697,781,0.1965,-0.06162,2.0571300996848825,-0.10977221581286471,2.499232803045215,0.017740400767550363,0.21815373432185117,1.7458887465674724,1.10612455855722,0.4821905340219523,2.293957430750522,0.6370330806538383,0.23117895508810932,492,292,48,48,0,0.195,775,0.5314994965885117,-0.002554,-0.0025542009462753423,102.0,372.0,0.0514673,0.0294153,0.0264518,0.0085343,-0.0096296,0.6624367,0.2265189,-0.7098644,-0.0771967,0.527683,0.8992529,0.29013,-0.3273666,457.0,375.0,-0.2866426,0.0419167,-0.0286344,0.0293762,0.0086092,0.0999247,-0.4527695,-0.1502244,0.8731824,0.6197697,-0.683127,0.7008231,0.2053887,-0.023752969121140142,1.0,0.008708639162664466,289.7860634992746,0.0,256,1.4298355057752575e-09,4.06169326967809e-10,5.261119596796699e-10,1.6115540273536942e-05,0.0012932842128531349,2.7754488494788986e-11,24.976650158573538,7.3443975867683005,9.166348533794071,3.099827026910898,1.2230540807808299,1.5595215412072594,-0.0714684932876688,0.0,0.044463575467907274,0.06273756937265311,0.011918483093074,0.24773759309150215,0.040640098078926254,621.4926582425738,289.7860214491043,0.6091665498766207,0.6091702866179889,0.6091702876915839,0.761462858272486,2.99621001601837e-05,820,0.2995,0.2942,-0.4655,-0.004128,2,0.0594,-0.4602,3.8e-05,12.024,6.012,2.0,0.41506,0.68164,1.61483,0.15647,0.9904,0.9825,0.992,0.5119,4.6323,2.116,0.652,2.4755,27.9464,6.0329,83,0.0992,0.3728,46,0.0758,-0.3676,-2.0,0.0450005,0.0731195,-0.238054,-0.0193662,-0.0416839,-0.0233818,0.0515685,186.0,186.0,0.075772,0.060817,0.1094895,-0.0038124,-0.0406671,0.0331208,0.0525865,188.0,187.0
243,1684,139644,3.502565034514003e-10,0.008830005495473742,0.001758084349291101,0.008830005495473742,0.5916639844560064,7.079561339501849,5.883019612698589,-12.596879750513152,11.216458511343259,0.015813117734024808,12.596879750513152,0.0008333468274589854,12.56164996628112,6.349940420883237,-7.279179470045795,8.30776428294162,-0.03714636510302476,8.30776428294162,0.4502296542348978,1.9537225934923965,1.3267702581302296,0.36579854559119906,1.262000300361153,0.9018947887928368,0.03409013600561851,3.285635170226833,1.904690435244515,0.0007354145526266009,1.4141835035982748,0.9288321052879213,5.692351410286785e-05,-0.2103765651339096,0,0,0,0.5249190826359511,0.53553436508118,781,0.2002,-0.06798,2.067353828532375,-0.1071621925422226,2.504945871554827,0.011280358242245353,0.21560918589033967,1.7401300907454949,1.1705310988600082,0.5249967795566539,2.2295967221903554,0.6745259267182654,0.2204314296406291,500,284,46,46,0,0.1988,775,0.5314939526789537,-0.008991,-0.008990735349263312,102.0,372.0,0.0397204,0.0127974,-0.0070875,0.006967,-0.0080624,-0.1264757,0.0528609,-0.9276825,0.3472964,0.536815,-0.5538217,0.5444097,-0.6299996,457.0,375.0,-0.2849011,0.0717762,-0.0672316,-0.02102,-0.0137803,-0.7386167,0.1352699,0.2517321,0.6105558,0.6216039,-0.9366836,-0.2928542,-0.1919901,-0.023752969121140142,1.0,0.008682597799679205,289.7860466885031,0.0,256,2.2802464106549382e-09,3.1614816550642813e-10,4.445902222163172e-10,1.7208954973119058e-05,0.001322978379999209,3.9495294817269926e-11,24.874849399054696,6.043590523306493,7.398642949776947,3.1258404069584023,1.441997387383923,1.7033695171988383,0.18467329749880176,0.0,0.020412226799485032,0.2948921857660549,0.01483079560978648,1.6041147690773396,0.02005899749780511,621.4927133595016,289.7860471487083,0.6091664864189443,0.6091702866006936,0.6091702876915773,0.761462858250867,3.047077518864283e-05,820,0.3008,0.2954,-0.4595,0.001885,2,0.061,-0.4883,-2e-05,12.026,6.013,2.0,0.41427,0.68452,1.61384,0.15506,0.9904,0.9825,0.992,0.5119,4.6331,2.1164,0.6521,2.4759,27.9511,6.0329,83,0.0385,-0.6104,46,0.0977,-0.994,-3.0,0.0790371,0.09897,-0.1119778,0.0574559,-0.0589843,-0.030799,0.0879142,186.0,186.0,0.085262,0.0965562,-0.062118,0.0198144,0.0499947,0.0388702,0.0663549,188.0,187.0
244,1684,139644,2.0829585154573583e-10,0.008984177202467114,0.0018326906573466284,0.008984177202467114,0.5920673870880443,7.078924869394661,5.883188445718991,-11.055807258009102,11.085284866864574,0.014720349322723777,11.085284866864574,0.003086368028769826,12.566122324171118,6.405086104532505,-7.23608419100193,8.279336162314946,-0.03805979311971017,8.279336162314946,0.4532375953514914,1.9532035519044544,1.327408936096038,0.3551344727423509,1.2703847486982474,0.8993985384602421,0.04299203762170513,3.2997735526614034,1.914590579633395,0.0010576855638063654,1.4141516426711505,0.8897820477481698,0.00012944966315807504,-0.20346380881308293,0,0,0,0.5787381638655675,0.5355561060631809,781,0.2098,-0.06597,2.075889635675513,-0.10765629356986954,2.512309774253759,0.016656180499515724,0.21604207258978175,1.7369743285637262,1.2564448655726579,0.5788219375907625,2.170693237375165,0.7239155193755564,0.2091878981758857,508,276,46,47,-1,0.2084,775,0.5315207983312784,-0.005253,-0.005252983741611539,102.0,372.0,0.0341021,0.0485094,0.0217114,0.0134654,0.0412366,-0.4376828,0.1009904,-0.5623013,0.6942997,0.5461271,0.4475719,0.2775835,0.8500746,457.0,375.0,-0.2817227,0.0318154,-0.0090088,-0.0257549,-0.016363,0.1506949,-0.627346,0.2957914,-0.7044398,0.6237778,-0.2831581,-0.8095101,-0.5143101,-0.023752969121140142,1.0,0.008830005495473742,289.7860758599889,0.0,256,2.675391351761511e-09,4.911698174893311e-10,6.806923653856575e-10,1.9172848460794866e-05,0.0013725594043915324,-2.861231226962803e-11,13.594811721050029,5.123634457242076,6.206627386025394,3.139152496645652,1.0053371449010502,1.3651729725493702,0.03187033016480109,0.0,0.00985475394075453,2.425924609519765,0.018804994890031408,0.990363105623906,0.0204187108895227,621.4930702145455,289.78621354102523,0.6091664200504171,0.6091702864853814,0.6091702876916383,0.7614628581067268,3.1002776469886196e-05,820,0.302,0.2966,-0.45589,-0.008322,2,0.064,-0.5116,-6.5e-05,12.027,6.0134,2.0,0.4157,0.68586,1.61263,0.15678,0.9904,0.9825,0.992,0.5119,4.6339,2.1167,0.6522,2.4763,27.9559,6.0329,83,0.0647,-0.7699,46,0.1179,-0.8658,-4.0,0.0643894,0.1503273,-0.4002385,0.0077033,-0.0123531,-0.100962,0.1020062,186.0,186.0,0.0962848,0.0384213,0.4295539,0.0341394,-0.0120994,-0.0357762,0.05091,188.0,187.0
245,1684,139644,8.839420319455391e-11,0.00916087301844318,0.0018996728616391865,0.00916087301844318,0.5924786236282462,7.078309486587764,5.8833586211287265,-10.897618712602254,11.348553873916375,0.01474958627227273,11.348553873916375,0.01019505445996211,12.56502064878535,6.368685119635216,-7.2643632018423645,8.314671923412243,-0.03889140485333048,8.314671923412243,0.4559065358188281,1.952680843569803,1.327853138991717,0.3350571972671357,1.249078343210935,0.8976991334751476,0.05104463506512284,3.3130252979160724,1.9236708194522805,0.0008293092763892451,1.4141497107921643,0.8818294791120946,0.00019805187588465886,-0.19664049208275255,0,0,0,0.6199414691425699,0.5355598914637212,781,0.2194,-0.07353,2.0770572244926675,-0.10894198760286339,2.5161814851663813,0.016587919235995542,0.2210075891243462,1.7364368960463905,1.3236419339548198,0.620019540123266,2.134839062800612,0.7626141347477317,0.20029618906260904,514,270,43,44,-1,0.2186,775,0.5315293179364361,0.003228,0.0032284677412317553,102.0,372.0,0.0249676,0.0399684,0.0068343,-0.0083994,-0.0384735,0.6171696,-0.3930084,-0.2663447,0.6274604,0.5517467,0.1709937,-0.2101519,-0.9625993,457.0,375.0,-0.2782055,0.0255483,0.0107713,-0.0231372,-0.0011686,-0.7498464,-0.5815435,0.3107889,0.0542938,0.6260398,0.4216037,-0.9056257,-0.045742,-0.023752969121140142,1.0,0.008984177202467114,289.7862465450671,0.0,256,3.067936052970917e-09,5.21408509610529e-10,7.244413710968941e-10,2.0063136350098764e-05,0.0014154383619029687,1.3482362618121009e-11,25.068839331983128,7.8340356081744345,9.806260708960208,3.1287356472359646,1.2313016293917445,1.532692477352885,-0.04623152199828655,0.0,0.022087090788714892,1.9183684538126782,0.023756463634602386,2.6938740435456587,0.009637280138433364,621.4931772001871,289.7862634256748,0.60916634398427,0.6091702864496803,0.60917028769169,0.7614628580621003,3.1612516446255866e-05,820,0.3038,0.2982,-0.45727,-0.004614,2,0.0672,-0.5285,-9e-05,12.028,6.0139,2.0,0.41713,0.68763,1.61179,0.15564,0.9904,0.9825,0.992,0.5119,4.6347,2.1171,0.6523,2.4767,27.9605,6.0329,83,0.1007,0.0306,46,0.1095,0.0635,-1.0,0.1250653,0.1358841,-0.0414593,-0.1163303,0.0374015,-0.0215403,0.124079,186.0,186.0,0.1668325,0.0565897,0.4934279,0.0531577,-0.0738582,-0.0305435,0.0959879,188.0,187.0
246,1686,139647,0.0,0.009372308799891258,0.0019625685631579053,0.009372308799891258,0.5867485013409098,7.070284114605462,5.884110398628319,-10.952145815698305,11.73480909835259,0.015294267844784987,11.73480909835259,0.005701228883783216,12.5596106855069,6.371315715782089,-7.284236555406186,8.367170343057143,-0.038730378761026134,8.367170343057143,0.4587568885774013,1.952159744950136,1.3281269018651691,0.36621240768624924,1.243781081920792,0.8932627109611311,0.0,3.3268847006704836,1.9302463340940195,0.008013945949635115,1.4141519834622587,0.9162170989595275,7.584193427354212e-07,-0.18980261584069782,0,0,0,0.6602387853627485,0.5345336264065534,783,0.2219,-0.08513,2.0767655941884318,-0.11020068668785059,2.5198158177269936,0.029131114538576183,0.2206378835874111,1.731204660304452,1.3868905596489696,0.6602991947891399,2.100397169334516,0.7993301401476487,0.1886681273559652,516,270,44,44,0,0.221,777,0.5305078771562307,0.00127,0.0012699887810179167,102.0,372.0,0.0121066,0.0516989,0.001944,0.0249768,0.0452234,-0.5399249,-0.6171869,0.495056,0.2871951,0.5570146,0.0376014,0.483121,0.8747458,457.0,375.0,-0.2740876,0.0113446,-0.0027021,0.0010848,-0.0109646,-0.0447745,0.8542412,-0.5079124,0.101451,0.6278562,-0.2381796,0.0956266,-0.966502,-0.023752969121140142,1.0,0.00916087301844318,289.78629992137576,0.0,256,2.3011852567804344e-09,6.8502366140129e-10,8.924468041480648e-10,1.879651380380593e-05,0.0014527659734326329,3.836579117357888e-11,37.62587758631976,11.080259292057132,13.985270809599701,3.140220820728265,1.0572894161736262,1.3201995312789077,-0.05953332892228687,0.0,0.02622798021556207,1.0068473379692564,0.009098294093773392,1.2137197930315369,0.014016315117311311,621.4932274894254,289.7862868742515,0.6091662529620381,0.6091702864326971,0.609170287691728,0.7614628580408713,3.2342140482162405e-05,820,0.3037,0.2988,-0.45183,-0.002123,2,0.0679,-0.5627,-0.000106,12.029,6.0146,2.0,0.41855,0.68823,1.61239,0.15531,0.9905,0.9825,0.992,0.5119,4.6458,2.1221,0.6538,2.3598,28.1614,6.0617,83,0.1673,0.6322,45,0.1852,0.8567,-3.0,0.0426186,0.0617574,-0.183364,-0.0012017,0.0009785,-0.0107799,0.0108907,186.0,186.0,0.0928309,0.0630734,0.1908703,0.0281218,0.053046,0.0420243,0.0732854,188.0,187.0
247,1687,139648,0.0,0.009541328209533118,0.002019001805839252,0.009541328209533118,0.5838352699633982,7.065858467900045,5.884723463865062,-11.000319663856448,11.320920863618982,0.017390245566942707,11.320920863618982,0.0019370198873543529,12.565895308605477,6.355826733625261,-7.38031312265279,8.430001673617312,-0.0393381053813339,8.430001673617312,0.4593649228136749,1.9516565091697047,1.3282819208674408,0.397866273661981,1.2520652378741333,0.9067541578067215,0.0,3.3410258105633477,1.9381526904444875,0.0019225175865813515,1.4141703860595098,0.9084894543488541,1.899589288804608e-05,-0.18289325441910387,0,0,0,0.6989936515620448,0.5345943756521356,784,0.2211,-0.09709,2.0815939985417375,-0.1166688430226016,2.524477560076659,0.02239813111487372,0.22416439100956992,1.7201564205209268,1.448255560393268,0.6990486819754691,2.071752079269481,0.835075501742237,0.18217845704546826,520,267,47,47,0,0.2203,778,0.5305787783841733,-0.004896,-0.004895712159187937,102.0,372.0,0.0087036,0.0193609,-0.0117039,-0.0146605,0.0047891,-0.2450673,-0.6198142,-0.5651647,0.48617,0.561862,-0.6045099,-0.7572202,0.2473568,457.0,375.0,-0.2736753,0.0555316,-0.0094861,0.0526088,-0.0150361,-0.1590707,0.6543997,-0.1993978,0.7118273,0.6285049,-0.1708236,0.947367,-0.2707674,-0.02372479240806643,1.0,0.009372308799891258,289.7863109615144,0.0,256,4.246761342424863e-09,1.0401885781903412e-09,1.3655340783817294e-09,1.2570820947534805e-05,0.0014878737409753575,5.7737275619322555e-11,24.30683083591768,6.657782063545598,8.265977303194065,3.1285532226707207,1.4517292041066991,1.7525273903530676,0.19674929323317686,0.0,0.035119856316270244,1.0839985278496518,0.041684900703524944,0.4910797961388837,0.018767900704508077,621.4934998809625,289.7864138834105,0.6091661802029545,0.6091702863388506,0.609170287691728,0.7614628579235633,3.292538142720477e-05,820,0.3022,0.2973,-0.44924,0.000655,2,0.0674,-0.5944,-0.000165,12.03,6.0149,2.0,0.42011,0.68963,1.61046,0.15428,0.9905,0.9825,0.9919,0.5116,4.6519,2.1249,0.6547,2.289,28.2751,6.0782,83,0.2066,0.9353,45,0.2335,0.9935,0.0,0.0913383,0.0768606,0.0860746,0.0355359,-0.0742235,-0.0002929,0.0822922,186.0,186.0,0.0520783,0.071384,-0.1563691,-0.0171905,-0.0376463,-0.0072185,0.0420103,188.0,187.0
248,1689,139651,0.0,0.00965706162080527,0.002093721841037396,0.00965706162080527,0.5902878846851425,7.072154108689766,5.884718786257854,-10.964755649600447,11.113248998829016,0.0184391935480055,11.113248998829016,0.0019812681391095793,12.564254718599118,6.375952750156086,-7.491731133300619,8.4636157839768,-0.040941686858784916,8.4636157839768,0.46241568182685805,1.9511777850412213,1.328725067610338,0.37474954167752295,1.2666557129242777,0.9047072235274811,0.0,3.3551637030216113,1.9453717152736085,0.004475569430795079,1.4141776649147997,0.9151485219120407,2.6975912427813513e-07,-0.17630424007923784,0,0,0,0.7574413279644182,0.5346636769487758,784,0.2315,-0.10873,2.079926452197808,-0.11466824614385529,2.527021966099194,0.03433235431336973,0.22600127311395546,1.713822218265098,1.5379917576968016,0.7574893439451621,2.030380717551247,0.8872363684352683,0.17807055017233028,523,264,41,41,0,0.2317,778,0.5306490626735766,-0.003423,-0.003423056831611593,102.0,372.0,0.0031459,0.0353702,0.000348,-0.0325638,-0.0138033,-0.367362,0.3442794,-0.4765937,0.720677,0.5697769,0.0098377,-0.920656,-0.3902509,457.0,375.0,-0.272196,0.0684897,0.0302654,0.0247544,0.0562322,0.500399,0.5321209,0.4787845,-0.4870458,0.6292339,0.4418975,0.3614326,0.8210317,-0.023117960877296978,1.0,0.009541328209533118,289.7864449844211,0.0,256,6.724000405958008e-09,1.2081094492170009e-09,1.7687401631909352e-09,1.739059437213661e-05,0.001533423934438071,1.553167941578759e-10,24.34859864289746,6.875436719129096,8.517238820955022,3.114889647602099,1.3789051500771579,1.7055930818692775,0.1683577275985786,0.0,0.02248691472380107,1.0483645555107852,0.030951674056158528,0.976926023632481,0.024166401860333427,621.4935934593582,289.7864575166065,0.6091661303784005,0.6091702863058229,0.609170287691728,0.7614628578822786,3.332475127914445e-05,822,0.2949,0.2897,-0.45119,-0.005891,2,0.0689,-0.6152,-0.000154,12.03,6.0151,2.0,0.42062,0.68943,1.6116,0.15468,0.9906,0.9825,0.9918,0.5115,4.6435,2.1211,0.6535,2.3586,28.2052,6.0741,83,0.2226,0.9875,45,0.2089,0.9815,-1.0,0.0552001,0.0294035,0.3049117,-0.0077289,-0.0065687,-0.024673,0.0266766,186.0,186.0,0.1185286,0.055195,0.3645654,-0.0253941,-0.0075703,0.028164,0.0386702,188.0,187.0
249,1689,139651,1.0050116487491581e-10,0.009949155116154764,0.0021507816928254867,0.009949155116154764,0.5907310039243892,7.071593971506212,5.884889585780845,-11.731603394346877,11.318915817312028,0.01983842742332707,11.731603394346877,0.00829104369475786,12.566129373565454,6.381310301465571,-7.526698406137336,8.553817104400617,-0.04181777010058395,8.553817104400617,0.46454655448126436,1.9508239025736482,1.3291268815101387,0.37653991838959106,1.2734905305946844,0.8992568607108749,0.014140911924238872,3.3692136506275956,1.954077301805026,0.0007913767919356385,1.4141791051452246,0.9185398435110776,1.959643907985732e-05,-0.16963643990602492,0,0,0,0.7892733754729663,0.5347351058722529,784,0.2359,-0.12067,2.0823031531153586,-0.11604014289005411,2.530244773669075,0.026800738070995863,0.22465857640167092,1.7053274154939966,1.5883598283109988,0.7893142508186209,2.0123288369159233,0.9162844357724176,0.17379417874040473,529,258,39,39,0,0.2361,778,0.5307045209166492,0.000585,0.0005849484676780925,102.0,372.0,-0.006455,0.0293854,-0.0291042,-0.0028325,-0.002903,0.5410903,0.2874636,0.7451301,-0.2633763,0.5731117,-0.9904288,-0.0963917,-0.0987901,565.0,372.0,-0.2378535,0.0884042,0.0815308,0.0336825,-0.0057908,0.5681551,0.1191086,-0.1453372,0.8011804,0.6214739,0.9222496,0.3810052,-0.0655032,-0.023090586145648313,1.0,0.00965706162080527,289.78648846260205,0.0,256,8.043288733996503e-09,1.6091070875197898e-09,2.2080062643790656e-09,2.232637105443482e-05,0.001570702700158121,5.565040340843399e-10,23.279464827061823,5.930582221417477,7.482207694874509,3.1200849811562175,1.390734018064641,1.6946258626262107,-0.09685053549303638,0.0,0.015111181685395584,1.7891218088742131,0.024454301584338933,1.213977685496574,0.040025399016389254,621.4935935327117,289.7864575508093,0.6091660046338645,0.609170286305797,0.6091702876916848,0.7614628578822461,3.4332712440195186e-05,822,0.2992,0.294,-0.45134,-0.005243,2,0.0713,-0.6275,-5.6e-05,12.031,6.0154,2.0,0.42215,0.69155,1.61039,0.15573,0.9906,0.9825,0.9918,0.5115,4.6443,2.1215,0.6536,2.359,28.2097,6.074,83,0.1855,0.7856,45,0.1273,0.848,2.0,0.0942199,0.0699649,0.1477298,-0.0246705,-0.0074683,-0.0730267,0.0774423,186.0,186.0,0.0862499,0.108925,-0.1161787,-0.019524,-0.0528004,0.0163149,0.0586109,198.0,174.0
250,1690,139652,0.0,0.010434931621144046,0.0022278826600835816,0.010434931621144046,0.5882674512755811,7.067285704473655,5.885428695760983,-10.978483723164555,11.354918075814375,0.022223166826719095,11.354918075814375,0.008167841414794097,12.566021369064071,6.370180419090603,-7.5759623287589575,8.54544051086389,-0.043159037806270714,8.54544051086389,0.46772209335970855,1.9503984335281834,1.3297105182825244,0.371178777857018,1.2782291328110411,0.9025671038969371,0.0,3.383319611632794,1.961976174627036,0.0005738357087016199,1.4141526915349063,0.8396150121952137,2.889032686938487e-05,-0.1628167071060826,0,0,0,0.8543282065735774,0.5351719800073734,785,0.2395,-0.12395,2.0924320172704243,-0.11993681503395037,2.5366770073266323,0.07980459192858373,0.22233199189997568,1.7207403564450887,1.6807386881784752,0.8543674009545035,1.9672317627062381,0.969778827625239,0.17319133891449587,528,260,33,33,0,0.2396,779,0.5311345270809535,-0.001451,-0.0014509356167997645,102.0,372.0,-0.0107429,0.1146394,-0.0907937,0.0192984,0.0672774,-0.9765665,0.1233914,-0.175358,-0.018494,0.5829899,-0.7919944,0.1683398,0.5868617,527.0,372.0,-0.2366564,0.0556133,0.0026529,0.0112958,0.0543894,-0.4782763,0.6815178,0.4703724,0.2924636,0.6258389,0.0477033,0.203114,0.9779924,-0.023090586145648313,1.0,0.009949155116154764,289.78650058673503,0.0,256,5.555511957106937e-09,1.2833844577543785e-09,1.6782757287340105e-09,1.7083216741751034e-05,0.0016268994444404335,-1.8473024908215555e-10,24.69100988659597,6.137756660548229,7.653221659582829,3.137349999131493,1.2608358146847933,1.5761644826309138,0.06956506812945805,0.0,0.034967165270296925,1.8321285493345572,0.02323345661568442,2.3516282448167516,0.05292853535056038,621.4936192323062,289.7864695338684,0.6091657955094961,0.6091702862966344,0.609170287691728,0.7614628578707929,3.600903671565134e-05,822,0.3035,0.2983,-0.43749,-0.010189,2,0.0733,-0.631,4.6e-05,12.032,6.0158,2.0,0.42365,0.6913,1.61023,0.15431,0.9905,0.9825,0.9919,0.5118,4.6503,2.1242,0.6545,2.3375,28.2847,6.0823,83,0.1127,0.2202,45,0.0257,-0.7372,0.0,0.1226556,0.210903,-0.2645637,0.1173204,-0.0238946,0.0510361,0.1301527,186.0,186.0,0.0651811,0.1241038,-0.3112908,-0.028079,0.0002507,-0.0955697,0.0996095,198.0,174.0
251,1691,139653,0.0,0.010648520198224294,0.002273827470599569,0.010648520198224294,0.591349761883016,7.069877510789351,5.885179617539015,-12.584146837964807,12.288307327607049,0.022884142043195513,12.584146837964807,0.00024361134557398384,12.564435363031704,6.322835288977586,-7.595323624998901,8.583539669456744,-0.04317516519165574,8.583539669456744,0.4688405710854659,1.9500103624749094,1.3299424188929612,0.31338732832192484,1.290848888708594,0.9077113640277064,0.0,3.3974608732365885,1.9692071117177183,0.00024412552714347946,1.4141974230974768,0.837892323989339,3.737749055611326e-05,-0.1561939948758215,0,0,0,0.8769774585369294,0.5352699392802096,785,0.2437,-0.14136,2.0884449342660156,-0.11875992073165927,2.5388624647048728,0.027459270086751895,0.22031652334139906,1.7174337236455686,1.7170508881834123,0.8770086667803999,1.9578493955902447,0.9906568391721681,0.17046635499247567,533,255,34,34,0,0.2438,779,0.5312184109767896,0.005395,0.005395195692407206,102.0,372.0,-0.0174854,0.0472099,0.0007957,-0.0362607,-0.030221,0.4500084,-0.3241746,-0.4509545,0.6993163,0.5845868,0.0168543,-0.7680729,-0.6401406,527.0,372.0,-0.234701,0.1038665,0.0052292,0.0672799,-0.0789578,0.5167722,-0.4204976,-0.2271226,-0.7103123,0.6274124,0.0503455,0.6477529,-0.7601851,-0.023668639053254437,1.0,0.010435144433589047,289.78651099024285,0.0,256,5.189319383922058e-09,9.437339766011508e-10,1.2390596088622592e-09,2.1450592473353096e-05,0.0016570372710683254,1.5917544118893814e-10,20.229956563812742,5.544828387678747,6.879449850326826,3.1382145232555936,1.1171701016463274,1.400681136092849,0.035090253496304,0.0,0.01748774432597028,0.9865618414282897,0.016122690835688944,1.7667275801233195,0.04284060836140381,621.4939383399093,289.78661832552586,0.6091657035617484,0.6091702861806652,0.609170287691728,0.7614628577258314,3.6746072885472224e-05,823,0.3063,0.3009,-0.42415,-0.002081,2,0.0752,-0.6471,8e-06,12.032,6.0162,2.0,0.42508,0.69311,1.6095,0.15458,0.9906,0.9825,0.9918,0.5121,4.647,2.1227,0.654,2.385,28.2452,6.0782,83,0.1227,-0.8728,45,0.1025,-0.8423,1.0,0.0662172,0.0384818,0.2649054,-0.0193205,-0.0059933,-0.01565,0.0255759,186.0,186.0,0.1074773,0.1137349,-0.0282877,0.0303104,-0.0048558,0.0388878,0.0495435,198.0,174.0
252,1691,139653,1.1782733700940742e-10,0.01108519127404163,0.0023430037995825362,0.01108519127404163,0.5918185026044853,7.06938437165884,5.885348735609095,-12.063300889908179,11.043679200427107,0.019852889776017683,12.063300889908179,0.003205492098731,12.56576390365048,6.321911750532812,-7.610509843655596,8.77644956169461,-0.04290737631626412,8.77644956169461,0.4696459974924425,1.9496662496698456,1.330385799529124,0.33818944017574015,1.3057466186448135,0.9003739332740602,0.014141266885484323,3.411535271712757,1.9783536918732159,0.004121062120388208,1.4141761772319457,0.9172122653138782,4.962604688471569e-05,-0.14960747643129252,0,0,0,0.9407643200302174,0.5353688489549663,785,0.2505,-0.13442,2.0931284233626917,-0.12465254697198287,2.544918330025724,0.03449463851214014,0.21724993068934997,1.729702602848427,1.8055621427075692,0.940797004406826,1.9191835584616672,1.0421609344978293,0.16784714606674273,529,259,37,37,0,0.2507,779,0.5313041494884579,-0.004074,-0.0040739530533571156,102.0,372.0,-0.0183977,0.0522988,0.0139867,-0.0447646,-0.0231444,0.778506,-0.5214592,-0.3492786,0.0036379,0.5938394,0.2674375,-0.8559403,-0.4425419,527.0,372.0,-0.2327673,0.0670003,0.0262727,0.0206598,0.0580685,-0.0053108,-0.4482022,0.8794673,-0.1600747,0.6279505,0.3921282,0.3083536,0.8666911,-0.02424600827912478,1.0,0.010648520198224294,289.7866677492735,0.0,256,4.968495708696987e-09,1.2533039927272552e-09,1.5891694517902114e-09,1.2904427703046457e-05,0.001701646525799028,-3.6490506781203764e-10,31.023747768191463,9.123047899095234,11.829142543513717,3.1402269396151565,1.0991839604873224,1.398537294768702,-0.026757480637032233,0.0,0.02543223721243381,1.5558145947650637,0.008421955755382009,1.4212526892033097,0.032050507127303146,621.4940443356548,289.78666774861233,0.6091655155829241,0.609170286141114,0.6091702876916774,0.7614628576763924,3.8252937445893636e-05,823,0.311,0.3056,-0.42411,-0.011517,2,0.0785,-0.6712,1e-05,12.034,6.017,2.0,0.4264,0.69241,1.60912,0.15419,0.9906,0.9825,0.9918,0.5121,4.6477,2.123,0.6541,2.3853,28.2494,6.0781,83,0.1462,-0.9896,45,0.1258,-0.768,1.0,0.1120872,0.018512,0.7165073,0.0295037,-0.0494216,-0.0135032,0.0591211,186.0,186.0,0.1273786,0.0668804,0.3114307,0.0588855,-8.9e-05,-0.014757,0.0607065,198.0,174.0
253,1691,139653,2.1635533496455388e-10,0.011517548980441293,0.002419053471141735,0.011517548980441293,0.5922919520360618,7.068908379070903,5.885516378237663,-10.907315788824183,11.14692380287218,0.027691744943287758,11.14692380287218,0.012064081250233727,12.561325458427936,6.305389500386636,-7.62730677910611,8.781750593915849,-0.04299536751518609,8.781750593915849,0.47113086690894346,1.9493526492370161,1.3309845974729917,0.351589525411318,1.3138389306440912,0.903261897732939,0.014141281027599947,3.4256234759496684,1.9874862239606412,0.002336564696088117,1.414150058497584,0.8353381245796017,6.48235809355367e-05,-0.1428605828329401,0,0,0,1.0031471858550527,0.5355126899273691,785,0.2586,-0.12689,2.099574671630142,-0.1256414912854032,2.5492852262366266,0.04686062974808031,0.21631432644124865,1.7290292179194688,1.8947227463110095,1.0031731701542483,1.8887294862757105,1.093766888065735,0.16176738018224673,535,253,35,35,0,0.2588,779,0.5314360038034084,-0.00043,-0.00043041061055593133,102.0,372.0,-0.0189283,0.057642,0.0400257,-0.0400482,-0.0108019,-0.3565737,-0.1391046,0.65963,-0.6468333,0.6015915,0.6943841,-0.6947758,-0.1873959,527.0,372.0,-0.2298396,0.1013519,0.0844013,0.0545438,0.0131761,-0.3602191,0.457646,0.090482,0.8078461,0.6291998,0.8327546,0.5381624,0.1300039,-0.02424600827912478,1.0,0.01108519127404163,289.78669269357334,0.0,256,4.46414927909138e-09,9.820743356472222e-10,1.3105742968086864e-09,1.4941252876920646e-05,0.001753081807916497,1.251691588296174e-11,34.3883323585911,10.172310973233976,13.56190239438525,3.130212916893802,1.1881124035986217,1.493039486289573,0.11889512831095775,0.0,0.022155655684002257,0.8426648167653638,0.012221224440313847,2.847612787443082,0.05788289007905966,621.4940661422934,289.7866779164863,0.6091653294505693,0.6091702861329121,0.6091702876916348,0.7614628576661401,3.974492224159641e-05,823,0.314,0.3085,-0.42284,-0.008185,2,0.0817,-0.6732,8e-06,12.035,6.0176,2.0,0.42778,0.69068,1.60778,0.15487,0.9906,0.9825,0.9918,0.5121,4.6484,2.1233,0.6542,2.3857,28.2537,6.0782,83,0.0942,-0.4648,45,0.0828,-0.4704,1.0,0.0802515,0.0857058,-0.0328659,0.0069032,0.0297183,-0.0515661,0.0599157,186.0,186.0,0.1103943,0.1020037,0.0395041,-0.0324113,0.0090051,0.0088967,0.0347956,198.0,174.0
254,1692,139654,0.0,0.011653378148615591,0.0024589895922321036,0.011653378148615591,0.589967462264784,7.065101470324991,5.885613695819491,-10.890881273388286,11.861444238503125,0.03043590626097153,11.861444238503125,0.000791476268962539,12.565937131702698,6.349271407578818,-7.673260667218717,8.791736194658249,-0.044144440080030906,8.791736194658249,0.4722643274732479,1.9490971816592446,1.3311498571570664,0.3575232936046565,1.3060316835109245,0.905814962153797,0.0,3.4397352982828906,1.9947189049643348,0.0009054805445749547,1.4141501144078414,0.8255161451495496,8.387825833026477e-05,-0.13629910147822472,0,0,0,1.0186341272258144,0.5357803258712364,786,0.2643,-0.13148,2.0951483960156767,-0.12480842368639684,2.5508625672488185,0.07610242593450349,0.2187001165357951,1.722813149883296,1.922764619101139,1.018652611121428,1.8875567569442344,1.1098545766766372,0.16543128441017282,538,251,36,35,1,0.2646,780,0.531700424185807,0.003251,0.00325072080743416,102.0,372.0,-0.0216114,0.0669152,0.0351621,0.0118855,0.0556777,-0.0704713,-0.8912973,0.4478531,0.0071127,0.6019032,0.5254732,0.1776206,0.832063,527.0,372.0,-0.2268149,0.0540628,0.0441087,0.0016772,-0.0312154,-0.467177,-0.133957,0.8211776,-0.2991129,0.6305227,0.8158776,0.0310237,-0.5773918,-0.02424600827912478,1.0,0.011517548980441293,289.78670289560773,0.0,256,6.837608687324586e-09,1.2842015832171628e-09,1.6989152457046454e-09,1.7691458571136695e-05,0.0017710009653926194,5.406842053001043e-10,26.488455160126072,8.788588033705173,11.06468659010935,3.036619088478675,1.274647748720895,1.559832978083939,-0.14902033420408306,0.0,0.010000216828087598,2.0255404665179744,0.0425282532217105,0.4028790495198171,0.03742905080510551,621.4943385875754,289.7868049507051,0.6091652709797374,0.6091702860286357,0.609170287691728,0.7614628575357946,4.02136258433089e-05,823,0.3126,0.307,-0.41355,-0.007922,2,0.083,-0.6786,-6.1e-05,12.036,6.018,2.0,0.42861,0.69147,1.60828,0.15439,0.9906,0.9825,0.9918,0.5118,4.6538,2.1258,0.655,2.3392,28.3442,6.0905,83,0.0883,0.7894,45,0.0396,-0.1573,2.0,0.0719106,0.1711238,-0.4082271,-0.0355307,0.0415562,-0.1014367,0.1152334,186.0,186.0,0.0776386,0.0433228,0.2836921,-0.0034625,-0.0118708,-0.0117666,0.0170692,198.0,174.0
255,1692,139654,1.1182747547000003e-10,0.011904106543816148,0.0025182643915382177,0.011904106543816148,0.5904542361908737,7.064673672311105,5.885781539279849,-11.226194819531866,11.253621676401014,0.030751397511034374,11.253621676401014,0.0019994317453182475,12.55742048425573,6.324555940907461,-7.64508581693757,8.754757277395832,-0.04587098268227173,8.754757277395832,0.47261147768681494,1.9488333846373191,1.3313940216554092,0.3676383535010203,1.299063230099449,0.9025574560392622,0.014141794971261255,3.4538768003480316,2.003599177266038,0.0005699431838847024,1.4141764927447351,0.9123677196438363,0.00010839536636352706,-0.12977441065851678,0,0,0,1.0610479251623324,0.5359094619519729,786,0.2723,-0.12349,2.0954340927971833,-0.1276780896923934,2.555271108174273,0.07924440087396054,0.22466072632460987,1.7158351095533455,1.981496182293757,1.0610588649472141,1.8674705501775652,1.1441471042075133,0.16400248407170995,541,248,29,29,0,0.2727,780,0.5318207938936191,-0.007776,-0.007775789679587364,102.0,372.0,-0.0205966,0.1055693,-0.0313374,0.0633101,0.0784518,0.4896652,-0.3895623,0.7554895,-0.1941773,0.6072429,-0.2968417,0.5997014,0.7431307,527.0,372.0,-0.2239021,0.0390253,0.0285739,-0.0020729,0.0264992,0.9236842,0.3181124,-0.2116837,0.0283215,0.632263,0.7321898,-0.0531166,0.6790263,-0.02364066193853428,1.0,0.011653378148615591,289.7868375886198,0.0,256,6.653811188926251e-09,1.4204491289480317e-09,1.9348306898916005e-09,2.2706325639277414e-05,0.001807942851324958,8.604660284590485e-11,20.508700032052825,6.259312060433848,7.7419124716289875,3.1126315622006455,1.2092414083840577,1.5106130510659022,0.0979180778539465,0.0,0.025326645701425364,0.7411525806009877,0.018533764580567838,2.427081568082964,0.04565710949270309,621.4943487108691,289.7868096709363,0.6091651630417635,0.6091702860246937,0.60917028769168,0.7614628575308671,4.1078841916006125e-05,823,0.3122,0.3063,-0.41252,-0.003103,2,0.0856,-0.7151,-4.4e-05,12.037,6.0183,2.0,0.43009,0.69042,1.60802,0.15376,0.9906,0.9825,0.9918,0.5118,4.6545,2.1261,0.6551,2.3149,28.3673,6.0946,83,0.1268,0.9265,45,0.1782,-0.0531,1.0,0.1864219,0.0689983,0.4597272,-0.0356012,-0.0069014,0.081778,0.0894579,186.0,186.0,0.0854346,0.0320368,0.4545592,0.0322878,0.0190012,-0.0063567,0.0379994,198.0,174.0
256,1693,139655,0.0,0.012563130775069917,0.0025918913043445776,0.012563130775069917,0.5878860559831015,7.060648971819788,5.886160086082663,-12.219438043646921,11.17569636479815,0.02935899616539386,12.219438043646921,0.009433349912855736,12.565145798715129,6.320191148619231,-7.650394464662672,8.864399317315614,-0.045825025443898826,8.864399317315614,0.47390979886911516,1.9485958668348249,1.331829752850968,0.3790741790817975,1.29436009669613,0.9066701663600432,0.0,3.46432038247061,2.0115423802063694,0.0004728097072356219,1.414158063505208,0.8253669160770666,0.0001375079870493499,-0.12320597604944625,0,0,0,1.121699789833164,0.5359060667360154,787,0.2711,-0.13685,2.0995385886139712,-0.1283461241165656,2.5609315021880446,0.05965388568651646,0.23037573877981418,1.7217371010324332,2.0660485976515366,1.121709515425302,1.8418748965218357,1.193114112218169,0.15841189817228785,542,248,31,31,0,0.2716,781,0.5318138351130925,-0.012593,-0.012593214623679794,98.0,377.0,0.0098904,0.0617268,-0.0324072,-0.030989,0.0424223,0.1652207,0.2251421,-0.2714651,-0.9210428,0.6153999,-0.5250099,-0.5020356,0.687259,527.0,372.0,-0.2184584,0.0382005,-0.0190518,0.0172407,-0.0282677,0.1146529,-0.1512597,-0.947302,-0.2580585,0.6337848,-0.4987331,0.4513211,-0.7399828,-0.02364066193853428,1.0,0.011904106543816148,289.786845060914,0.0,256,5.036039451678446e-09,9.031181070565015e-10,1.288266725309561e-09,1.703440284677254e-05,0.0018567236757768488,-1.4664702233752948e-10,24.628861445573406,7.109961651154714,8.88668137912651,3.141074049005007,1.3234808183675992,1.6456059359024193,-0.2043854463302997,0.0,0.008950823922349018,1.366146993541658,0.005555150661259745,1.3470765699897527,0.024178044378164287,621.494392168081,289.7868299339151,0.6091648793343812,0.6091702860077285,0.609170287691728,0.7614628575096606,4.335300806435854e-05,823,0.3165,0.3107,-0.40064,-0.00508,2,0.0863,-0.7076,-5.8e-05,12.037,6.0184,2.0,0.43095,0.68965,1.60764,0.15306,0.9906,0.9825,0.9919,0.5121,4.6603,2.1288,0.6559,2.2685,28.4602,6.1069,83,0.1791,0.5961,45,0.2575,0.0794,-2.0,0.0550534,0.0924815,-0.2536895,0.0122619,-0.0205274,-0.0368224,0.0439046,198.0,179.0,0.062338,0.0804686,-0.1269592,0.0648577,-0.0046066,0.0175059,0.0673365,198.0,174.0
257,1693,139655,1.6085494778816176e-10,0.012810220948829843,0.002637847742911045,0.012810220948829843,0.5883774917166953,7.060255227458061,5.886326840681487,-11.029821138686577,11.113993647785984,0.029191331397248388,11.113993647785984,0.009737944511179595,12.55759659076499,6.354490038053337,-7.683787071319576,8.832926989508682,-0.0460114953019092,8.832926989508682,0.47435776341924424,1.94838116338554,1.3321073134751924,0.3486609426111567,1.2922083756686173,0.9035677342195956,0.014141837524485262,3.4784564593714675,2.0204369843059062,8.217116212672071e-05,1.4141759777920087,0.8918316587576381,0.00017421540782765828,-0.11690673255526335,0,0,0,1.1480433906630247,0.5360730011800658,787,0.275,-0.14391,2.101955264200631,-0.12902746795515524,2.5655576933750166,0.037003773885206065,0.23029272000879808,1.7167927359680002,2.109794096223621,1.1480573277276007,1.8377079656811453,1.2177448747524153,0.1545143203082925,547,243,31,31,0,0.2755,781,0.5319750227175132,3.8e-05,3.813442198108419e-05,98.0,377.0,0.0109721,0.0334945,-0.0062067,0.0322687,0.0064877,-0.3057662,0.1810168,0.8339441,-0.4222288,0.6169614,-0.1853034,0.9634026,0.1936956,527.0,372.0,-0.2160433,0.0711998,0.0149874,-0.05976,0.0356866,-0.020078,-0.7814882,-0.5863257,-0.2123563,0.6352092,0.2104976,-0.8393278,0.501218,-0.024217365623154165,1.0,0.012563130775069917,289.7868637476105,0.0,256,3.5115118693995408e-09,9.955326024063625e-10,1.2652916279529707e-09,1.808235345246062e-05,0.0018875123901247542,-1.417772606002402e-10,17.516006231885818,5.158415473387757,6.480330172811739,3.1166641387026486,1.165290807630913,1.4903420696188832,-0.12661694187820421,0.0,0.02126679230334551,1.4597070014091398,0.017563483128237894,2.3959238735557884,0.021533563652670513,621.494338466884,289.78680489442985,0.6091647729584297,0.6091702860286794,0.6091702876916587,0.7614628575358492,4.4205673731406244e-05,823,0.3182,0.3122,-0.39147,-0.00242,2,0.0879,-0.7157,-0.000121,12.036,6.018,2.0,0.43111,0.69102,1.60757,0.15466,0.9906,0.9825,0.9918,0.5121,4.6591,2.1282,0.6557,2.2679,28.4532,6.107,83,0.1257,-0.2624,45,0.1743,-0.4268,-2.0,0.024867,0.0468905,-0.3069153,-0.0010133,-0.0092408,-0.0135303,0.0164161,198.0,179.0,0.0828457,0.1169551,-0.170717,0.0468466,0.0681617,-0.0176827,0.0845772,198.0,174.0
258,1694,139656,0.0,0.012960700425484297,0.0027058871567965117,0.012960700425484297,0.5919910700497377,7.063445907839069,5.8865399857252765,-11.14946775285108,11.872748362806023,0.027742513682380066,11.872748362806023,0.006218576132875242,12.562637457116029,6.372826030019782,-7.725063893679498,8.9219658398452,-0.04660125270352465,8.9219658398452,0.4755071683827815,1.9481811257642747,1.3325317987521739,0.37588829166065263,1.297633656511721,0.9082034051064019,0.0,3.4925978228956547,2.0284090737715297,0.00013097810029838453,1.4141546172942898,0.8208244871466103,0.00021728988092288448,-0.11049791208517443,0,0,0,1.2101915234230674,0.536270945065311,787,0.2809,-0.1384,2.101638092166925,-0.1295826920600895,2.5701681902752886,0.03344596828081077,0.23237433924219442,1.7159762190876302,2.1957661832889896,1.2102094691600955,1.8143687016536783,1.2681495603564146,0.14701616533462503,552,238,31,31,0,0.2814,781,0.5321676119270392,-0.004493,-0.004492691676388771,98.0,377.0,0.0114311,0.0647613,-0.0509834,0.0183955,-0.0354446,-0.5261124,-0.0162744,0.4524455,-0.7198847,0.6236941,-0.7872514,0.2840508,-0.5473119,527.0,372.0,-0.2135006,0.062135,0.0133691,0.0290201,-0.0532903,0.4074233,0.7981295,0.2077236,-0.3922325,0.6356997,0.2151624,0.4670498,-0.8576536,-0.024217365623154165,1.0,0.012810220948829843,289.78683914731664,0.0,256,9.2243396685527e-09,1.5578039253962217e-09,2.0420544276027657e-09,2.3301728292487586e-05,0.0019349031244054015,-9.953440518782668e-11,24.93442931565614,7.710141136669528,9.71499828351337,3.1282486898712976,1.1992052719762407,1.4954276696487587,0.008068956231700314,0.0,0.03699442261987276,1.7377600616846454,0.024728750418600644,2.4221927406958366,0.044141498480474495,621.4943929405936,289.78683029411775,0.6091647081816431,0.6091702860074366,0.609170287691728,0.7614628575092958,4.472494630735944e-05,824,0.3188,0.3128,-0.38033,-0.003158,2,0.0899,-0.7258,1e-06,12.036,6.0181,2.0,0.43154,0.68849,1.60614,0.15303,0.9906,0.9825,0.9918,0.5124,4.6462,2.1223,0.6539,2.3354,28.3359,6.0987,83,0.1128,-0.9995,46,0.1535,-0.9717,4.0,0.1074263,0.1170028,-0.0426701,0.0377178,-0.0482255,-0.0681891,0.0916411,198.0,179.0,0.0680422,0.104138,-0.2096396,0.0149841,-0.0671516,0.0286741,0.074539,198.0,174.0
259,1694,139656,4.154886248149277e-11,0.013138759880913767,0.002752977276799072,0.013138759880913767,0.5924855951286653,7.063074763205363,5.886705029740959,-12.603718472036451,10.971938146330636,0.029220730429088366,12.603718472036451,0.004303299580769249,12.564478371060286,6.3700081067167815,-7.86038181604065,9.113356420007863,-0.046551222151033037,9.113356420007863,0.47624968513303173,1.9479840151920955,1.3327813878979322,0.3842293788975589,1.3009732545771355,0.9058005721374184,0.014138272096828709,3.5065834498578745,2.0371522166610583,2.286311422483589e-05,1.4141725800990599,0.8927651611554649,0.00026719976518504166,-0.10411448772701844,0,0,0,1.240392201393519,0.5364331055156234,787,0.2864,-0.12953,2.104824407658019,-0.129657900755067,2.57346517707803,0.06471086587770128,0.22743578062151654,1.7023429370239374,2.242242161951942,1.2404171595807558,1.8076516796250945,1.2949718301868296,0.147380067757347,554,236,31,31,0,0.287,781,0.532324193879927,0.002426,0.002425851935304202,102.0,372.0,-0.0174706,0.0650889,0.0586656,-0.0193708,0.0204861,0.6763862,-0.0885259,0.5719636,-0.4555464,0.6251813,0.9013151,-0.2976058,0.3147409,527.0,372.0,-0.2134257,0.0318659,-0.0195324,0.0239886,0.0076466,0.7286862,0.5252761,0.0338602,-0.4381267,0.6364585,-0.612956,0.7527971,0.2399613,-0.024793388429752067,1.0,0.012960700425484297,289.7868615232866,0.0,256,1.2309717881967713e-08,1.1325418830587793e-09,1.7777817217312709e-09,2.532418598777572e-05,0.0019666144771398565,5.057149596027708e-10,33.87505608494731,9.084931006547196,11.47873880875531,3.102951503990688,1.1268215984166141,1.4355508818859006,-0.036756371860472516,0.0,0.029891996572843527,0.347444028414257,0.027303669838483157,2.514691414699441,0.03646118141276902,621.4944007241351,289.78683392338274,0.6091646315251191,0.6091702860043773,0.6091702876917102,0.7614628575054716,4.533939552404768e-05,824,0.3182,0.3122,-0.38664,-0.004262,2,0.0916,-0.7538,-4.1e-05,12.036,6.0182,2.0,0.43241,0.68892,1.60379,0.15328,0.9906,0.9825,0.9918,0.5124,4.6464,2.1224,0.6539,2.3355,28.3374,6.0988,83,0.1476,-0.7648,46,0.1867,-0.5928,2.0,0.0925594,0.0502587,0.2961856,0.0135254,0.0017512,0.0319401,0.03473,186.0,186.0,0.0782232,0.0667292,0.079295,0.0611554,0.017694,0.0101248,0.0644637,198.0,174.0
260,1694,139656,1.5256665510001426e-11,0.01363025606790228,0.002825698737950996,0.01363025606790228,0.592974879662816,7.062709837239993,5.886867478898388,-11.347500230451864,12.07480013698397,0.031947700674929524,12.07480013698397,0.0024512957125197576,12.565811520845722,6.335483024440315,-7.843848841293064,9.162077293715054,-0.04731092122938538,9.162077293715054,0.4773903965040507,1.9477899768733176,1.3332943800625112,0.3554771673296771,1.3043282497472766,0.9113662727608337,0.014138286238944333,3.5191835994659497,2.046359586777872,0.0018855399324021471,1.4141560678317815,0.8256487078759724,0.00031827890094118593,-0.09776438088898887,0,0,0,1.3046793700315675,0.5366026264362366,787,0.2938,-0.13802,2.1067363106260455,-0.13121575825411963,2.5779341985450164,0.06620685012872572,0.22641652498987994,1.7088756664736005,2.329178386385282,1.3047030690997374,1.7852172203384533,1.345208260442977,0.14692093312759516,557,233,28,28,0,0.2941,780,0.5318712186696358,-0.005698,-0.0056980254714171785,98.0,377.0,0.0124946,0.0670561,-0.0013929,0.0461988,0.0485824,0.7084994,-0.5540485,0.4334994,-0.0560111,0.6326198,-0.0207728,0.6889571,0.7245044,527.0,372.0,-0.2118447,0.0739909,0.0066111,-0.0710256,-0.0196546,0.1573804,0.1093757,-0.0694782,-0.9790001,0.63652,0.0893496,-0.9599241,-0.2656357,-0.024793388429752067,1.0,0.013138759880913767,289.7868772514086,0.0,256,7.544626974546515e-09,1.0617100709615552e-09,1.5106039605647613e-09,2.3222096193918064e-05,0.002011900836528207,2.419203453502562e-10,30.78201793868193,7.641266360230471,9.571901598411351,3.0032373601693383,0.799072421611527,1.028042659380784,-0.1944444821976865,0.0,0.016906866321344236,1.6332409977643054,0.03358663013330922,1.1771943358268409,0.01492216263890189,621.494444591173,289.7868543774528,0.6091644199363606,0.6091702859871431,0.6091702876917214,0.7614628574839288,4.70354533409877e-05,824,0.3179,0.3118,-0.37908,-0.004571,2,0.0938,-0.7593,-5e-06,12.037,6.0187,2.0,0.43313,0.68794,1.60248,0.15322,0.9906,0.9825,0.9918,0.5124,4.6467,2.1226,0.654,2.3356,28.339,6.0987,83,0.1494,-0.2207,46,0.1886,-0.0459,3.0,0.062733,0.0897764,-0.1773226,-0.0344446,-0.0057591,-0.0151954,0.0380854,198.0,179.0,0.0430275,0.1013439,-0.4039328,0.0120222,0.0432176,0.0250918,0.0513994,198.0,174.0
261,1694,139656,2.001586529985422e-11,0.01372208648043176,0.002868623474527406,0.01372208648043176,0.5934618094105795,7.0623564082310475,5.887028760986096,-11.994328386180834,10.978508905735664,0.03678350289916766,11.994328386180834,0.006507046799677951,12.565368116755353,6.344669584301826,-7.890738005869424,9.218916780068628,-0.047275054820962996,9.218916780068628,0.477875496000173,1.9475991638390493,1.333540493701253,0.35792061970256045,1.3054991882466693,0.9064895080575296,0.027722845326726236,3.533325085593801,2.0546160720673554,0.0013833244844607684,1.41419781784067,0.8233418600166743,0.00036731348628748426,-0.09151411846488314,0,0,0,1.3238965801421092,0.5367797080981215,787,0.2975,-0.12894,2.1106459920973473,-0.1317690955605428,2.5786816867800697,0.036299637485039345,0.2241168430279675,1.7080152174038667,2.3596098028704837,1.3239037414943682,1.7823122096528354,1.3625087408529573,0.14500608987764863,557,233,27,27,0,0.298,780,0.5320247249685263,0.008361,0.008360918523187877,98.0,377.0,0.0103609,0.03961,-0.0315899,0.0238369,0.001683,0.2350657,-0.7413663,-0.3268595,0.53692,0.6335812,-0.7975231,0.6017902,0.0424904,527.0,372.0,-0.2115232,0.0285988,-0.0164265,-0.0169379,-0.0161608,-0.308228,-0.2416629,0.6814745,-0.6182128,0.6363649,-0.5743778,-0.5922582,-0.5650845,-0.024793388429752067,1.0,0.013630241058131402,289.786893602195,0.0,256,5.9835647871267695e-09,1.0424617552087334e-09,1.3815614870661396e-09,2.1340828762624634e-05,0.002030700580940054,-9.400437204460174e-11,33.98009041591932,9.23094421171269,11.812169686339859,3.138360747336267,1.0680077274925464,1.386794564824432,0.005539568095558806,0.0,0.047668402206063845,1.0372518932291803,0.019960354251749322,2.000573559449342,0.019471233918354806,621.4945463267617,289.7869018141379,0.6091643804050829,0.6091702859468516,0.6091702876917194,0.7614628574335645,4.7352335093574264e-05,824,0.316,0.3093,-0.37684,-0.005436,2,0.0944,-0.7702,-3.8e-05,12.038,6.019,2.0,0.4336,0.68906,1.60134,0.15282,0.9906,0.9825,0.9918,0.5124,4.6469,2.1227,0.654,2.3358,28.3405,6.0988,83,0.1545,0.5953,46,0.1832,0.6934,2.0,0.0512582,0.0905774,-0.2772163,0.0007828,-0.0528798,-0.0315087,0.0615604,198.0,179.0,0.0996377,0.1097519,-0.0483035,0.071824,0.0706324,0.0309933,0.1053955,198.0,174.0
262,1694,139656,4.077653122854164e-11,0.014189180242480767,0.002882134682615811,0.014189180242480767,0.5939546370071004,7.0620244707307585,5.887180618678659,-12.340244171488434,11.808287525441546,0.04555103375685868,12.340244171488434,0.0007621735516742945,12.553831526383059,6.337969374046231,-7.8933398895877875,9.22002576578444,-0.04772146346348629,9.22002576578444,0.4778754995159619,1.947599163648193,1.3335404963152098,0.35675690126842163,1.3097829962892604,0.9094803091744487,0.02772285946884186,3.5333250997359165,2.0546161066002533,0.001175836343388692,1.4141765298426316,0.8402294925955696,0.0004118037734565562,-0.09151410966985925,0,0,0,1.3283045728291678,0.5369547563427443,787,0.3002,-0.12728,2.1082278680705286,-0.13481583372478337,2.57945384218103,0.03574842897204284,0.22411681720584153,1.7098790915788091,2.3639724387225134,1.3282932797915443,1.7797066918034121,1.3651575289679632,0.14432587098060498,559,231,29,29,0,0.3008,780,0.5321781728303693,-0.003782,-0.00378234877914041,98.0,377.0,0.0083923,0.0386096,-0.0321427,0.0213862,0.0004157,0.2403963,-0.7343552,-0.3157118,0.5506888,0.6345559,-0.8325072,0.5539096,0.0107661,527.0,372.0,-0.2122476,0.0274719,-0.0183613,-0.0164012,-0.012189,-0.316702,-0.2304726,0.6786285,-0.6213257,0.6366363,-0.6683651,-0.5970157,-0.4436895,-0.024793388429752067,1.0,0.01372208648043176,289.7869018144959,0.0,256,6.619894791113023e-09,1.4396068896990255e-09,2.001564432124182e-09,2.0817759518163925e-05,0.002044169702237248,-3.737397150873801e-10,28.898846090896292,8.4788367901105,10.932139930509702,3.1190388001439486,1.1171061994224432,1.4422223269595664,0.024787167987551637,0.0,0.050045372955904145,0.05726577429190535,0.019002592261456116,0.11273107732217064,0.020260457852245017,621.4946929436251,289.7869701778055,0.6091641793299907,0.609170285887936,0.6091702876917104,0.7614628573599199,4.896417611107452e-05,824,0.3215,0.315,-0.37744,-0.00189,2,0.0969,-0.7759,7.9e-05,12.039,6.0194,2.0,0.43659,0.68819,1.60184,0.15418,0.9906,0.9825,0.9918,0.5124,4.6472,2.1228,0.654,2.3359,28.342,6.0987,83,0.1774,0.8814,46,0.1462,0.9343,3.0,0.0520176,0.0865776,-0.2493589,0.0003411,-0.0529434,-0.0276964,0.0597513,198.0,179.0,0.0954237,0.1065855,-0.055254,0.0700434,0.0682984,0.0291065,0.1020683,198.0,174.0
263,1694,139656,3.4129078714383496e-10,0.0142953891873255,0.0029272704230027887,0.0142953891873255,0.5944410714954897,7.061704002985211,5.887331933209961,-11.763860987945428,11.470750729156627,0.049095710069544336,11.763860987945428,0.012396715192857885,12.559162831548372,6.326129720862389,-7.8958944112383715,9.140652236355397,-0.04828982342695835,9.140652236355397,0.47838239203728034,1.9474117842790803,1.3337052965198635,0.3766095559596816,1.3162817572560823,0.9094594205434466,0.03936324573596424,3.547406152300998,2.0628495252004204,0.001076088828968147,1.4141641657875346,0.8117278078505024,0.00045193132810541814,-0.08527732748125896,0,0,0,1.3616122708520755,0.5371261051792445,787,0.3052,-0.13711,2.1038241350571534,-0.13569086525547217,2.5792608894593663,0.01887126499656683,0.22368662771457784,1.7053839017004955,2.403916998724086,1.3616040921853148,1.7655036530228876,1.3894815524334774,0.14333085312837063,560,230,28,28,0,0.3071,779,0.5317172853874376,-0.00653,-0.006529667904200398,98.0,377.0,0.0059206,0.0332447,-0.0318039,-0.008598,-0.0044491,0.4135266,-0.105004,-0.903533,-0.0399761,0.6386294,-0.9566618,-0.2586281,-0.1338274,527.0,372.0,-0.2138608,0.0579301,-0.0519184,0.0223198,-0.0127362,0.1992994,0.8447406,0.0370772,0.4952963,0.6355141,-0.8962238,0.3852881,-0.2198545,-0.024793388429752067,1.0,0.014189180242480767,289.78700132231717,0.0,256,6.839633339070628e-09,1.1638713640367054e-09,1.670782384833483e-09,2.2912181356368894e-05,0.002061780121419605,1.9970857405355792e-10,24.416238932266705,8.29379480545832,10.370744942129578,3.1249103753149026,1.146373921838788,1.4267165174017036,-0.030427057908226723,0.0,0.03541918413155016,1.150004974482045,0.007582464420506762,1.9520806859274116,0.03766664714996743,621.4944299994071,289.78684757368814,0.6091641336021508,0.6091702859928894,0.609170287691581,0.7614628574911116,4.933070395367206e-05,824,0.3182,0.3116,-0.37851,-0.003292,2,0.0976,-0.798,7.9e-05,12.04,6.02,2.0,0.43629,0.69044,1.60054,0.15307,0.9907,0.9825,0.9918,0.5124,4.6474,2.1229,0.6541,2.336,28.3434,6.0988,83,0.0928,0.9314,46,0.0828,0.3735,-1.0,0.0656692,0.0907796,-0.1605024,0.0443186,-0.0289661,-0.048428,0.0717526,198.0,179.0,0.0617921,0.0726627,-0.0808495,0.0123948,-0.0100836,0.0381902,0.0413981,198.0,174.0
264,1694,139656,2.0158175877625502e-10,0.014216454086540908,0.0029810902215180804,0.014216454086540908,0.5949183387468147,7.061389814513069,5.887481262656181,-11.310624284035441,12.290508266021158,0.05007103057919774,12.290508266021158,0.0001749448043852908,12.551397113947042,6.341972090493272,-7.911031414793339,9.122866089750195,-0.04861368312462873,9.122866089750195,0.47930045498419677,1.9472433885715266,1.3338668925347843,0.3670548480292811,1.3235958343693313,0.9118237500388027,0.041052790048612224,3.5615455418699153,2.0711450618792235,3.1372635048709796e-06,1.414161005509644,0.8212328382851851,0.0004985440045681964,-0.0791213373827929,0,0,0,1.396433101748127,0.5373200106422096,787,0.3031,-0.15121,2.1030427300382253,-0.13881417626761583,2.5805477621192754,0.07613875531280646,0.22553489483750672,1.709010033979382,2.448900568737369,1.3964340365744436,1.7536815235073357,1.416161174913705,0.14278239460704412,556,234,28,28,0,0.3049,779,0.5318776213236814,0.000702,0.0007016007268354496,98.0,377.0,0.0050137,0.1293646,-0.1199548,0.0465562,-0.0133629,-0.795486,0.2311571,-0.4059963,0.3859215,0.6421978,-0.9272613,0.3598838,-0.1032965,475.0,372.0,-0.2134698,0.0560041,-0.0010527,-0.0412188,0.0378994,-0.1377749,-0.02596,0.4896899,0.8605509,0.6323942,-0.0187973,-0.7359954,0.6767255,-0.024793388429752067,1.0,0.0142953891873255,289.7868842918958,0.0,256,4.647870049423818e-09,9.067926259857912e-10,1.3409498743637285e-09,2.0756923034700006e-05,0.0020940364914279913,-1.3970234378137632e-10,24.74511493223578,7.492013947847227,9.14999072532134,3.085580357104099,0.8644028275861579,1.159639301803278,-0.13509898475634738,0.0,0.03449888925061419,1.07771576180306,0.028242622012086934,2.4860069196227554,0.052660126906497434,621.4944548127575,289.7868591435144,0.6091641675815866,0.6091702859831204,0.6091702876916413,0.7614628574789004,4.9058311783214206e-05,824,0.3257,0.3185,-0.37402,-0.000267,2,0.099,-0.7951,4e-06,12.04,6.0201,2.0,0.43771,0.69025,1.59967,0.15431,0.9907,0.9825,0.9918,0.5124,4.6476,2.123,0.6541,2.3361,28.3448,6.0988,83,0.1592,-0.1226,46,0.2151,-0.387,-0.0,0.1344935,0.136957,-0.0090756,0.0118925,0.0344528,0.0188772,0.041046,198.0,179.0,0.0877418,0.0957025,-0.0433958,0.0106256,-0.0162365,-0.0749109,0.0773832,198.0,174.0
265,1695,139657,0.0,0.014032741775924252,0.003016393878579052,0.014032741775924252,0.5922670594132577,7.057279383215979,5.888026649170461,-11.802339159330211,11.275144256323857,0.050416298495757066,11.802339159330211,0.002949590132279109,12.564020190088003,6.3256322688667295,-7.821387341841479,9.15130888273454,-0.04976162007506522,9.15130888273454,0.4797274601821761,1.9470837474282867,1.3339194023992893,0.3918142686926997,1.337032440392325,0.9058041128914069,0.0,3.5756871478455152,2.078046640915173,0.001215767790315514,1.4141693477958233,0.8274479730699791,0.0015129279108068443,-0.07305569679697492,0,0,0,1.4068619211456228,0.5373155549576641,788,0.3045,-0.14911,2.1033777339456514,-0.14121392725207133,2.581633877992054,0.03535531778897671,0.22648629807740334,1.7165117534539258,2.466369053919227,1.4068707883491256,1.7530885382966521,1.4261801607772133,0.14097051935298008,560,231,31,31,0,0.3064,780,0.531847830769119,0.00161,0.0016102933145241138,98.0,377.0,0.0030266,0.0497046,-0.002173,-0.0160439,0.0469939,-0.8844413,0.0416713,-0.376503,0.2725301,0.6426367,-0.0437189,-0.3227846,0.9454622,475.0,372.0,-0.2123602,0.0301842,-0.0061591,0.0244716,0.0165617,-0.8712247,-0.3210971,0.2669707,0.2580518,0.6311778,-0.2040496,0.8107433,0.5486884,-0.024793388429752067,1.0,0.014216454086540908,289.7868911738994,0.0,256,7.574273472981925e-09,8.545880533818975e-10,1.2975977043896594e-09,2.0692405047349127e-05,0.002116052752522342,-1.1124302862795129e-10,26.92668872767028,8.113717819303123,9.843434787307093,3.1371411514229077,1.3613652898220685,1.6428717768308256,0.03267619240247793,0.0,0.028622701628340866,1.1424465489092732,0.01520285688286231,0.5439649868622246,0.021724306976392653,621.4944669997049,289.78686482597413,0.6091642466666896,0.6091702859783259,0.609170287691728,0.7614628574729073,4.8424354169231725e-05,824,0.3225,0.3153,-0.37278,0.000936,2,0.0985,-0.8003,-8.4e-05,12.04,6.0198,2.0,0.43784,0.69027,1.59865,0.15228,0.9907,0.9825,0.9917,0.5121,4.6532,2.1256,0.6549,2.2651,28.4556,6.1153,83,0.1694,-0.4143,46,0.1909,-0.5652,2.0,0.0831695,0.0751948,0.050357,-0.0182622,0.0536684,0.0246016,0.0617984,198.0,179.0,0.0425007,0.0358889,0.0843447,0.0235362,0.0021577,-0.0060972,0.0244086,198.0,174.0
266,1695,139657,1.2163619769403082e-10,0.014627363158640447,0.0030741945746144677,0.014627363158640447,0.5927203560023055,7.0569825645198,5.888172927977499,-11.232336420457386,11.208424598505717,0.057416622169827805,11.232336420457386,0.00032599833353244567,12.56573670362963,6.3657656117037265,-7.826694826252507,9.144015822663329,-0.04900065933870671,9.144015822663329,0.47988510518433963,1.9469519541329117,1.334080038131801,0.3527847693985894,1.3502239552192834,0.910456578606211,0.014141833575807146,3.589826038435391,2.0867777065664876,0.0020004060181681993,1.4141752464379451,0.8776987927007722,0.0016051353234716815,-0.06685637114439211,0,0,0,1.4490898796731442,0.5374550238959028,788,0.3115,-0.14777,2.1050928468375467,-0.14452536087845375,2.5847670682211676,0.03958561801099571,0.22634671104138046,1.709253264995251,2.52287329893705,1.4491116358582266,1.7409792568830595,1.458843615783108,0.14338746618665582,560,231,29,29,0,0.3135,780,0.531959046149799,-0.006467,-0.006467002583488091,98.0,377.0,0.0046395,0.022851,0.0144905,-0.0160722,0.0073401,-0.0472362,-0.1016979,0.9302997,-0.3492402,0.6464675,0.6341305,-0.7033489,0.3212146,475.0,372.0,-0.2130528,0.0572698,0.0336371,-0.0176894,0.0428423,-0.2978394,-0.5552306,0.6240362,-0.4621575,0.6302153,0.5873437,-0.3088788,0.7480784,-0.024188790560471976,1.0,0.014032741775924252,289.7868886475194,0.0,256,6.727785811209507e-09,9.040248680132169e-10,1.3528123435749984e-09,2.1823494188975784e-05,0.0021525003940963067,2.094080428229742e-10,24.539024276507085,7.780017799198417,9.88021590572926,3.126342595661293,1.2408328295209783,1.5353573157158842,0.11065203770108997,0.0,0.00839526106102268,0.8756293553959469,0.037619909407395145,0.5698969477491123,0.018026546123921874,621.4947235660622,289.78698445625935,0.6091639906915112,0.6091702858755279,0.6091702876916756,0.7614628573444099,5.047625995379483e-05,824,0.3234,0.3164,-0.37312,0.000582,2,0.1008,-0.7893,-6.7e-05,12.04,6.0198,2.0,0.43835,0.69139,1.59751,0.15265,0.9907,0.9825,0.9917,0.5121,4.6535,2.1257,0.6549,2.2652,28.4569,6.1152,83,0.1056,-0.5788,46,0.1275,-0.5796,1.0,0.0353544,0.0362529,-0.0125478,0.0210276,0.0161947,-0.0074321,0.027562,198.0,179.0,0.030885,0.0969236,-0.5166998,-0.0220818,0.0031947,-0.0585618,0.0626681,198.0,174.0
267,1696,139658,0.0,0.015008596987410628,0.0031346078743842384,0.015008596987410628,0.5902432186195163,7.053126344607331,5.888470029562107,-11.163912253172965,12.635855899342303,0.056090976963008486,12.635855899342303,0.0005012000151669582,12.550834894796532,6.3471228025911355,-7.765518712891502,9.166403898466974,-0.04931413124853371,9.166403898466974,0.48106596210432806,1.9468661422391862,1.3343940100004155,0.37010233319212166,1.3660833164182435,0.9153607340694734,0.0,3.6039634316205102,2.0947448878061095,0.000335176307420193,1.4141526843570473,0.7930296503608211,0.0016708812133264357,-0.06087901723093713,0,0,0,1.4976073911513093,0.5372501962957436,789,0.3166,-0.14319,2.1030708085685093,-0.14235279072267973,2.5889666869971593,0.041285124945338446,0.2281371650515381,1.7121280781306334,2.59337341625128,1.4976303878848374,1.731651171898297,1.4992856245870543,0.1421743623218535,564,228,27,27,0,0.3188,781,0.5317311675449027,0.00399,0.0039898137048082205,98.0,377.0,0.0083544,0.0562538,0.0043161,-0.0352571,-0.0436211,0.7616149,-0.5890481,-0.0876994,-0.2554877,0.649757,0.0767263,-0.6267498,-0.7754339,475.0,372.0,-0.2115159,0.0786707,0.0533239,0.0373066,0.0442025,-0.7747905,-0.4226335,-0.1353729,0.450283,0.6286579,0.6778112,0.4742125,0.561867,-0.024188790560471976,1.0,0.014627363158640447,289.7870161051686,0.0,256,6.483498221919228e-09,1.1951743188182994e-09,1.6740992808904998e-09,2.2618976947722257e-05,0.0021855446402763586,-2.7269257210323173e-11,23.143555499297705,6.44788644547244,7.971962605685208,3.135426852054133,1.1790552663236213,1.5294897207775535,0.04779896911612576,0.0,0.01989055360985851,1.4892875827397138,0.0174332773392575,2.332225666542649,0.016434464558906414,621.4944538907299,289.7868587135967,0.6091638265687465,0.6091702859834965,0.609170287691728,0.7614628574793706,5.179184816742841e-05,824,0.3202,0.314,-0.38133,-0.001423,2,0.1014,-0.7926,-5.4e-05,12.039,6.0197,2.0,0.43754,0.68948,1.59754,0.15276,0.9907,0.9825,0.9917,0.5124,4.6588,2.1281,0.6557,2.2431,28.5277,6.1234,83,0.0832,-0.6615,46,0.0689,-0.3556,2.0,0.0546011,0.0637601,-0.0773826,-0.0170712,0.0073605,-0.0020996,0.0187086,198.0,179.0,0.1458852,0.065112,0.382816,0.0527424,0.0038439,-0.0272303,0.0594813,198.0,174.0
268,1699,139662,0.0,0.015415015486858922,0.003163886417704221,0.015415015486858922,0.5810073714740036,7.041629180773206,5.889633366800346,-11.88254058741974,11.336098730049475,0.050242145017454616,11.88254058741974,0.006969596407508858,12.561508033022116,6.341135008605351,-7.73322543114855,9.169091358960845,-0.05075700698456124,9.169091358960845,0.4816574013174861,1.9468523500526922,1.3345329619064925,0.36840100790752417,1.3815338375218897,0.9163250155215004,0.0,3.618098563042097,2.0998142092706664,0.0030037799010728117,1.4141713548147028,0.8647611805592006,2.6976934502184864e-06,-0.05507601291492238,0,0,0,1.5125682117350128,0.5374895571287917,792,0.3139,-0.13963,2.109198315580474,-0.1381816184628755,2.5898244894811877,0.0729812883578608,0.23442373789951643,1.6983134273172227,2.6228410786365925,1.512578368734151,1.7340199574793602,1.5158359644891666,0.14313858031925505,563,232,31,31,0,0.3161,784,0.5319684227778657,0.010923,0.010922585441425214,98.0,377.0,0.0094177,0.1030151,-0.0974286,0.0305112,0.0137424,0.143536,-0.732143,-0.0392942,0.6646954,0.6494135,-0.9457696,0.296182,0.1334017,475.0,372.0,-0.2137218,0.0457189,0.0391148,0.0225225,0.0072793,-0.3172012,0.3178199,0.8790519,0.1601303,0.6269888,0.8555495,0.4926304,0.1592178,-0.024764150943396228,1.0,0.015008596987410628,289.7868940479028,0.0,256,4.047817335925771e-09,9.524244116090957e-10,1.2336834953838203e-09,2.0977670003855557e-05,0.0022011078227460613,-1.7585974132975291e-10,28.84065708939075,7.89377453993036,9.840315056439344,3.1308633035830535,0.866339966953947,1.1688464679343873,-0.031681635106814314,0.0,0.03780316732437705,1.5268408235581272,0.008167947681411295,2.606925455650244,0.03827197284436796,621.4945379430866,289.7868979050461,0.6091636516045421,0.6091702859502094,0.609170287691728,0.7614628574377617,5.319431485101141e-05,824,0.3267,0.3208,-0.376,0.002889,2,0.1026,-0.801,-7.1e-05,12.038,6.0192,2.0,0.43673,0.68975,1.59814,0.15227,0.9907,0.9827,0.9919,0.5127,4.6616,2.1294,0.6561,2.1951,28.641,6.144,83,0.1369,-0.0955,46,0.1274,-0.027,3.0,0.0583245,0.1723535,-0.4943212,0.0478482,-0.0375104,-0.0447089,0.0754677,198.0,179.0,0.073479,0.0506741,0.1836839,-0.0049817,0.015004,-0.0349313,0.0383423,198.0,174.0
269,1699,139662,1.0062000075033764e-10,0.015974857446747755,0.0031948973802866853,0.015974857446747755,0.5813960024548672,7.041354087257629,5.8897770694859135,-12.603381232712568,11.327396322721725,0.051295217984038965,12.603381232712568,0.003950691893106029,12.55049470392836,6.342784933991831,-7.8928454814379965,9.169302985510217,-0.05102892023743102,9.169302985510217,0.4820970639451069,1.9468939621235408,1.3346657764799326,0.37344390317100956,1.3953426047488569,0.9202853923820149,0.014141958350482745,3.6322371899112675,2.1078762582062285,0.000388822195572458,1.4141682366345287,0.8524874930084118,1.3845701932825348e-05,-0.04932788177970137,0,0,0,1.5324145464818222,0.5376656614630939,792,0.328,-0.13047,2.1031704760467833,-0.13689336518512682,2.5911169742898807,0.011639934441653567,0.23511412158284026,1.702179653533753,2.6500376258033103,1.5324077225121053,1.7293293337487576,1.5313995448711555,0.14674928557202602,572,223,30,29,1,0.3304,784,0.5321226035580923,0.001764,0.0017637566026906804,98.0,377.0,0.0088653,0.011645,-0.0056879,0.0083103,0.0058474,-0.0089731,-0.277665,0.8370464,-0.4713543,0.6507607,-0.4884431,0.7136403,0.5021363,475.0,372.0,-0.215111,0.0665653,-0.0579021,-0.0049534,0.0324615,0.2872356,0.3208269,0.6981893,0.5719244,0.6244589,-0.8698543,-0.0744147,0.4876637,-0.025309005297233667,1.0,0.015415015486858922,289.7869079493996,0.0,256,4.6806579940222974e-09,9.043383895202118e-10,1.252834608094228e-09,2.2426769710964052e-05,0.002211546656544965,-3.1444355064756154e-12,24.349772989050024,7.047599522899332,8.889509382906976,3.1380409131533176,1.3965117030344218,1.697487967099266,0.1445246285709873,0.0,0.022923709801693212,0.6293982270706925,0.010035224621529499,1.5529252668998283,0.027993396857534804,621.4944341415753,289.78684950507454,0.6091634105888927,0.6091702859912598,0.6091702876916847,0.7614628574890747,5.5126233209102244e-05,824,0.3187,0.3129,-0.38678,-0.000169,2,0.1046,-0.8095,2.2e-05,12.039,6.0194,2.0,0.43726,0.68946,1.59705,0.15284,0.9907,0.9826,0.9919,0.5127,4.6628,2.1299,0.6562,2.1957,28.6485,6.1441,83,0.1103,0.3404,46,0.1209,-0.0522,1.0,0.0358257,0.0433504,-0.0950375,0.0061456,0.0127493,-0.0352178,0.0379553,198.0,179.0,0.042388,0.1017727,-0.4119341,0.0543312,-0.023715,-0.0159613,0.0613925,198.0,174.0
270,1699,139662,2.2501352296149788e-10,0.016151368209759022,0.003265893970247001,0.016151368209759022,0.5817559497294753,7.041080670461307,5.889918100297286,-11.99947973576269,12.161588053740948,0.05371471295122482,12.161588053740948,0.005508644813669861,12.56411633429402,6.372998308740481,-7.934302133904691,9.231865972911688,-0.05052653714393325,9.231865972911688,0.48336542962229834,1.946972504251321,1.3350194842726015,0.3812533320969635,1.404933659622769,0.9187216924142123,0.01414197249259837,3.6463784398043266,2.1169920605043027,0.0028901633002872407,1.4141565935494003,0.7998255685438268,5.80705666895705e-05,-0.04371097535429267,0,0,0,1.6062746549059161,0.5378662604601389,792,0.3308,-0.11842,2.1128108905760214,-0.1413246565262562,2.5941798253517687,0.07121314965082351,0.23498502533235527,1.7045635363183216,2.7428544855899455,1.6062686149530219,1.7075938980916745,1.5859232624740958,0.1425744609817071,572,223,29,29,0,0.3332,784,0.53230214978344,-0.003224,-0.0032243828701306043,98.0,377.0,0.0100884,0.0698574,-0.0356266,-0.022408,-0.0557556,0.6291177,-0.6749702,-0.3809863,0.0589537,0.6573245,-0.5099895,-0.3207676,-0.7981346,475.0,372.0,-0.2145106,0.0364656,-0.0252373,0.0127369,-0.0230346,0.5396013,0.5410405,-0.2662238,-0.5875632,0.6228892,-0.6920848,0.3492847,-0.6316794,-0.025309005297233667,1.0,0.015974857446747755,289.78687943081405,0.0,256,6.589444347031243e-09,1.154069048489231e-09,1.6577738007126185e-09,2.9953471969535373e-05,0.002254147348022822,3.246082232366671e-11,24.362699248099887,6.660010254449656,8.550663063005562,3.1401200231146493,1.3412899200907822,1.6353024400132652,-0.2519974014294364,0.0,0.014800623313046657,0.5217830157952961,0.041136182407666116,1.4414631454626234,0.04609496624611615,621.4947048381878,289.7869757239338,0.6091633346087164,0.6091702858831316,0.6091702876916312,0.7614628573539145,5.57353144302305e-05,824,0.3202,0.3162,-0.3822,0.00164,2,0.106,-0.8222,9.5e-05,12.039,6.0197,2.0,0.4384,0.68796,1.59594,0.15271,0.9907,0.9826,0.9919,0.5127,4.6634,2.1302,0.6563,2.196,28.6524,6.1441,83,0.1181,0.8531,46,0.0613,0.4886,2.0,0.1215043,0.0899338,0.1493128,0.0506837,-0.0020316,-0.0635702,0.0813273,198.0,179.0,0.0536754,0.0566867,-0.027285,0.0102476,0.0249056,0.034694,0.0439202,198.0,174.0
271,1699,139662,4.764763355388378e-10,0.016864854528470596,0.003298455210715604,0.016864854528470596,0.5820873501055274,7.040814512308701,5.890058393080981,-11.044002452336702,12.704789545443624,0.05268262460158622,12.704789545443624,0.0015829785539018815,12.561577870515432,6.344044492636843,-7.932850394429809,9.245997904253938,-0.04997821252188636,9.245997904253938,0.48400620531620153,1.9495276330085163,1.335141650543607,0.34177189970963484,1.401052646878533,0.9217870840769486,0.028282642725545953,3.6605198658016467,2.124990316874639,9.159523611690368e-06,1.4141975066354313,0.7949833958024318,9.628049193153539e-05,-0.038213273397473824,0,0,0,1.6284920371204819,0.538077438382095,792,0.3332,-0.11104,2.112366188413317,-0.13948946383120997,2.5943895652693083,0.054193307193591236,0.23374250913920072,1.6884295089593224,2.7752222776811006,1.6285002871390803,1.7041582980354033,1.6049901842036163,0.13936447834075935,574,221,32,32,0,0.3358,784,0.5324941965459306,-0.000349,-0.00034875518769039715,98.0,377.0,0.0113273,0.0537899,-0.0158118,-0.0503618,-0.0103451,0.7976549,-0.5873685,-0.1276442,-0.0495165,0.6586037,-0.2939555,-0.93627,-0.1923242,475.0,372.0,-0.214813,0.0483503,0.0473185,0.0099261,0.0004309,0.9081993,-0.2549951,-0.2935101,0.1549304,0.6210187,0.9786595,0.2052954,0.0089113,-0.025309005297233667,1.0,0.01615135965032588,289.78698893284974,0.0,256,4.537762818832315e-09,9.212269176857446e-10,1.3148022372463839e-09,2.040705773390041e-05,0.002268117826902238,2.97462302586956e-13,19.4747699038256,6.8589608258350765,8.279774153992076,3.1282629727083187,1.3745874568298235,1.7071355133067154,0.0970079181667304,0.0,0.01938989049118083,1.6692569341295507,0.018282700463665712,1.2806335434987013,0.032455590518552034,621.4944191849173,289.78684253117007,0.6091630274529624,0.6091702859971384,0.6091702876915229,0.761462857496423,5.819744741052754e-05,824,0.3185,0.3148,-0.38522,0.000128,2,0.1062,-0.8332,-3.1e-05,12.039,6.0195,2.0,0.43901,0.68819,1.59528,0.15284,0.9907,0.9826,0.9919,0.5127,4.6634,2.1302,0.6563,2.196,28.6522,6.1441,83,0.0906,0.993,46,0.0349,0.5704,7.0,0.0379948,0.0928685,-0.4193212,-0.0008822,0.0394154,-0.0224874,0.0453876,198.0,179.0,0.1266099,0.0423546,0.4986567,0.0319284,0.0280278,0.0460694,0.0626687,198.0,174.0
272,1701,139665,0.0,0.016592995259688638,0.0032944400253933576,0.016592995259688638,0.5763679309533689,7.033351660120189,5.890575220041624,-12.07227396237714,11.994126190992846,0.056902923164317366,12.07227396237714,0.0048170176531286135,12.565773594444543,6.365824550517562,-7.920338319410253,9.266091572887992,-0.05145121040973912,9.266091572887992,0.4840062089602127,1.949527635871592,1.3349869052294934,0.35764433234459336,1.3946542985916015,0.9233317734144747,0.0,3.660519879943762,2.1224918335235503,0.001940913685875345,1.4141761661845327,0.8196451456991368,2.7348875231106373e-06,-0.03821326580699983,0,0,0,1.6269326508890163,0.537609458243026,794,0.325,-0.12553,2.1105479908402036,-0.13849250683286948,2.594061235206059,0.054251850080403195,0.23568586681524276,1.6927850386481593,2.7737823488650544,1.6269309420889906,1.704917078596771,1.6045509328851395,0.1412928216417634,571,226,34,33,1,0.3275,786,0.5320175603208497,-0.003264,-0.0032644346425534376,98.0,377.0,0.0102081,0.0517159,-0.0118539,-0.0497962,-0.0073729,0.8017552,-0.5814311,-0.1278312,-0.0527784,0.6584062,-0.2292114,-0.9628797,-0.1425652,475.0,372.0,-0.2149603,0.0463837,0.0452907,0.0099705,0.0008886,0.9115041,-0.2526973,-0.2875744,0.1503505,0.620711,0.9764357,0.2149566,0.0191575,-0.025309005297233667,1.0,0.016864854528470596,289.7868425312294,0.0,256,3.767609387177133e-09,6.189247615849149e-10,8.222506103052312e-10,2.255215284662013e-05,0.002270252890361721,-2.408027652508723e-10,22.503350671701014,6.690100558879081,8.14148408829767,3.140659127965,1.3513357992324808,1.6683036302712655,0.1208275265523707,0.0,0.01976523097330568,0.07006715326579795,0.016915084631573964,0.05682537672664455,0.03379017287564164,621.4942759842155,289.78677576037063,0.6091631444819924,0.6091702860528908,0.609170287691728,0.7614628575661134,5.7259325295815616e-05,824,0.3198,0.3163,-0.38819,-0.000346,2,0.1041,-0.8548,6e-06,12.04,6.0198,2.0,0.44114,0.68638,1.59635,0.15307,0.9907,0.9827,0.9919,0.5126,4.6633,2.1301,0.6563,2.1713,28.6898,6.1523,83,0.1014,0.0365,46,0.0999,0.1262,3.0,0.0349469,0.0921733,-0.4501757,-0.0026793,0.0395938,-0.0231401,0.0459381,198.0,179.0,0.1238041,0.0410508,0.5019764,0.0310853,0.0292989,0.0446167,0.0617687,198.0,174.0
273,1702,139666,0.0,0.016536679873783818,0.0033472788721758983,0.016536679873783818,0.5736089674926655,7.029486429667155,5.890935258539245,-11.166129002320305,11.890034028784168,0.06404142248115306,11.890034028784168,0.0007911009406060994,12.556817313878486,6.370804277435543,-7.949180785727276,9.192947675802412,-0.05136213901640875,9.192947675802412,0.48491098471730554,1.9523489422226474,1.3351545300472913,0.36129426454460256,1.406532467086719,0.9216619030918212,0.0,3.674658496557243,2.130159719905348,0.0017977096821442107,1.4141662942226694,0.8563813184012761,1.3467471628505035e-05,-0.03293865207882425,0,0,0,1.7059460596075218,0.5376049049417727,795,0.3276,-0.12818,2.1092218003138847,-0.14211139023941413,2.5969154922866546,0.06667304907191039,0.2391490337661299,1.703141944200128,2.8690844306775394,1.7059341283515823,1.6818260347777267,1.6618151646885833,0.14010738202498485,570,228,40,40,0,0.3302,787,0.5320036032795523,-0.002537,-0.002537008742915292,98.0,377.0,0.0117764,0.0507732,0.0097872,-0.0238649,0.0437332,0.4446593,-0.0750548,0.8400944,-0.3014736,0.6654523,0.1927624,-0.4700304,0.8613443,475.0,372.0,-0.2182532,0.1144636,0.0041798,0.0089588,0.1140359,-0.6101205,-0.2692099,0.4582645,-0.5875991,0.6190437,0.0365167,0.0782673,0.9962634,-0.025279247501469725,1.0,0.016592995259688638,289.7868099574649,0.0,256,9.80878616446867e-09,1.0698489494535319e-09,1.4605939714012668e-09,2.690461672689243e-05,0.002306439809980082,1.7942816153525057e-10,24.88056216376759,8.827808066108574,10.66654003092593,3.129490494811481,1.1258291213305731,1.4299311331509588,0.06475056012786676,0.0,0.01710550532691229,1.3273911026912666,0.021597640294736598,1.4715499274325436,0.06398482033406513,621.4943955166596,289.786831495271,0.6091631687273711,0.609170286006423,0.609170287691728,0.7614628575080287,5.706498044944351e-05,824,0.3215,0.3187,-0.38348,0.00365,2,0.1054,-0.8525,5.4e-05,12.04,6.0199,2.0,0.44127,0.68698,1.59708,0.1512,0.9908,0.9827,0.9919,0.5123,4.6689,2.1327,0.6571,2.1492,28.7624,6.1604,83,0.1553,-0.7041,46,0.1183,-0.2559,2.0,0.0485185,0.0903758,-0.3013608,-0.0471358,0.0030723,-0.0195969,0.0511397,198.0,179.0,0.1703623,0.0897907,0.3097084,-0.0292966,-0.0253772,0.0157198,0.0418259,198.0,174.0
274,1704,139669,0.0,0.01649867747888154,0.003368977683808153,0.01649867747888154,0.5680458733320248,7.021973336250883,5.891525272170388,-12.115934726793832,11.817471862130096,0.06552293667837486,12.115934726793832,0.003065231565677848,12.56268375188846,6.392349544337464,-8.03015304597799,9.247525996072348,-0.052330891460053756,9.247525996072348,0.4857195195736082,1.9551840178037376,1.3352394770057834,0.3564737697832225,1.4206481801211868,0.9270517344494235,0.0,3.6887831774925846,2.135959915359965,0.002281518867085941,1.4141628948588638,0.8429065695563668,1.8996685991115802e-06,-0.02773923203954197,0,0,0,1.7226375926699005,0.5370582408102852,797,0.3222,-0.13012,2.113627525665237,-0.14104570484876272,2.5977413128666895,0.05340602516959375,0.23859413232185173,1.6899594778690739,2.8992217099936757,1.7226370161391609,1.683013706794436,1.6778626581296776,0.14124455826718862,568,232,40,40,0,0.3248,789,0.5314502605091204,0.001461,0.0014611088348972512,98.0,377.0,0.0090824,0.0456374,-0.0290909,-0.0329575,0.0122595,-0.9260455,-0.1138957,-0.3048883,0.1910776,0.6652479,-0.6374355,-0.7221596,0.268629,475.0,372.0,-0.2198372,0.0819421,0.0298802,0.0411398,0.0642588,0.0987667,-0.1620014,0.023079,-0.9815641,0.6170525,0.3646504,0.5020593,0.784198,-0.024676850763807285,1.0,0.016536679873783818,289.78685797079294,0.0,256,8.171379622979097e-09,1.1349880394470366e-09,1.5840650519613966e-09,3.040395489325681e-05,0.002317166981454101,-1.7698409208575092e-10,24.526150566704107,8.935721906700543,10.927145437599295,3.1364516890646077,1.2418629542010764,1.5668448885525232,0.04341816568305848,0.0,0.026607028393657715,1.0338502004106065,0.011316228766457237,0.7581809256279802,0.029558013688461428,621.4949248237658,289.7870782975436,0.6091631850961097,0.6091702857928236,0.609170287691728,0.7614628572410295,5.6933792824058403e-05,824,0.3193,0.3166,-0.38187,0.001606,2,0.1029,-0.8486,-0.000142,12.039,6.0196,2.0,0.44023,0.68686,1.59615,0.15241,0.9908,0.9827,0.9919,0.5123,4.6796,2.1376,0.6586,1.9808,29.0022,6.1976,83,0.1562,-0.993,46,0.0637,-0.9996,1.0,0.07402,0.0691525,0.033998,-0.0409742,0.0172537,-0.0328317,0.0552675,198.0,179.0,0.1289166,0.0642602,0.3347008,0.0372754,-0.0049412,0.0012797,0.0376232,198.0,174.0
275,1706,139672,0.0,0.017293303539835728,0.003379429963432157,0.017293303539835728,0.5622564413073222,7.014677952161717,5.89190992068632,-11.036107606625787,12.733761296013485,0.06390633449893149,12.733761296013485,0.0006333401783518511,12.563374474056026,6.417149751633135,-7.924033949540684,9.30834581506811,-0.051901459054168576,9.30834581506811,0.4863654998391182,1.9580052995631172,1.3351976436725421,0.31108862114235897,1.4352441875220971,0.920547553775874,0.0,3.701827533654078,2.141563034459355,0.0005658906604032454,1.414157309099914,0.8300632902922676,4.350313742746376e-06,-0.022637766765681907,0,0,0,1.7332061855804641,0.5367546908809716,799,0.3237,-0.1283,2.1083753171106596,-0.1461583996993298,2.598310710406839,0.043397599771946294,0.23860190844435228,1.6902285863842448,2.91769008491576,1.7332247147354918,1.6833882301066945,1.6875507997554875,0.13917825560106264,568,234,37,37,0,0.3263,791,0.5311445047647635,-0.001383,-0.0013831535527499828,98.0,377.0,0.0087522,0.0504342,0.0050498,-0.0403795,-0.0297926,-0.5684254,0.1864865,0.0010025,0.8013203,0.6654352,0.1001272,-0.8006378,-0.590723,475.0,372.0,-0.2228675,0.0679835,0.028241,0.0327258,-0.0524712,0.746497,-0.0023908,0.2450977,-0.6185982,0.6147282,0.4154098,0.4813782,-0.7718223,-0.02464788732394366,1.0,0.01649867747888154,289.78711346155694,0.0,256,1.1036004760905825e-08,1.3549952253276846e-09,1.8809009468162317e-09,2.161582253722462e-05,0.0023253171938686194,2.3192406690408165e-10,25.950942378724648,7.79228241223367,9.565029461061002,3.121534517256163,1.164678206877047,1.500146652049099,-0.07875785335418872,0.0,0.020085710520391663,0.7107547823575865,0.04809364089774378,2.8010745140193767,0.03452370306522166,621.4946644386999,289.78695688669296,0.6091628430065009,0.6091702858994859,0.609170287691728,0.7614628573743573,5.967592097872586e-05,824,0.3123,0.3096,-0.39995,-0.00055,2,0.1011,-0.8594,-5.5e-05,12.039,6.0194,2.0,0.44012,0.68693,1.5973,0.15229,0.9908,0.9828,0.992,0.5123,4.6874,2.1412,0.6597,1.9097,29.147,6.2182,83,0.1816,-0.9236,46,0.2089,-0.6424,-1.0,0.0736264,0.0457596,0.2334179,0.0016421,0.0045593,-0.0349243,0.0352589,198.0,179.0,0.180141,0.1185497,0.2062042,0.1072383,-0.0582534,0.0281432,0.125242,198.0,174.0
276,1707,139673,0.0,0.01746472252995447,0.003398439895999591,0.01746472252995447,0.5596333182242017,7.01104704543617,5.892035687205765,-11.160905921124282,11.672368397415394,0.0695752244350739,11.672368397415394,0.011534860363065488,12.558048497326473,6.429050696667252,-7.920713106408603,9.441036358679865,-0.05108283037904667,9.441036358679865,0.48695313063858137,1.9608208018163449,1.3351860057183822,0.34493400085981174,1.4492832313276536,0.9267124890661648,0.0,3.7159670994106966,2.148308711801618,0.0022568683667828493,1.414158167625338,0.8347093267855891,2.1374678499667792e-05,-0.017476375516743407,0,0,0,1.7583511486848455,0.536628598968256,800,0.3297,-0.12326,2.105730740062349,-0.14716058186786618,2.599808850420275,0.04511710103688671,0.23498995377245696,1.6959953494812052,2.9466467411689194,1.7583640933463989,1.6757887358590575,1.704069837057647,0.1384483352892567,570,233,36,35,1,0.3323,792,0.53101059222691,-0.006346,-0.00634552814722511,98.0,377.0,0.007407,0.044211,-0.0016993,0.0323601,0.0300757,0.7722707,0.1923951,0.0147862,0.6052796,0.6677909,-0.0384365,0.7319468,0.6802768,475.0,372.0,-0.2263967,0.0618527,-0.048179,-0.0382281,0.0065686,0.1773062,0.1382164,0.1971092,-0.9542572,0.6116203,-0.7789317,-0.6180512,0.1061982,-0.0246189917936694,1.0,0.017293303539835728,289.78699210356837,0.0,256,7.800617752894035e-09,1.2473263772758284e-09,1.6462517764395545e-09,3.527787260752026e-05,0.0023490786478284624,-6.931824868173558e-11,23.495712357080205,6.897791865788987,8.592580949631268,3.0902401646482383,1.0366940564985536,1.301761314666632,0.09516444301871874,0.0,0.030971696219762156,0.34075776372963246,0.038409213248545494,1.4302810726682198,0.025369372298311498,621.4947688348136,289.7870055639123,0.609162769209589,0.6091702858570814,0.609170287691728,0.7614628573213518,6.0267445381027066e-05,824,0.3117,0.3091,-0.40191,0.001638,2,0.1028,-0.8906,3.8e-05,12.039,6.0197,2.0,0.44142,0.68595,1.59751,0.15132,0.9908,0.9828,0.992,0.5126,4.6923,2.1434,0.6604,1.9117,29.1968,6.2223,83,0.1783,-0.686,46,0.2495,-0.4389,-1.0,0.0886978,0.0233005,0.5839126,-0.0143305,0.0174018,0.0423885,0.0480101,198.0,179.0,0.1237063,0.1115017,0.0518886,0.0627096,-0.0031521,0.0784898,0.1005141,198.0,174.0
277,1707,139673,1.664278204006167e-10,0.017819381449060902,0.0034209671500158734,0.017819381449060902,0.559785665392764,7.010838675936494,5.892166858683929,-12.473682808413356,11.59927311999102,0.06869316012014874,12.473682808413356,0.007606131935572469,12.549594977571136,6.391300687124476,-8.001164673225388,9.56717968116124,-0.05157310435375113,9.56717968116124,0.48720138372022975,1.9634683228308343,1.3352487823544505,0.36666401362341583,1.4605147770175948,0.9279690980206357,0.014141971009455254,3.730106548486743,2.156244748994528,0.0018716857727163472,1.4141611834796275,0.8409764579730874,4.018233215996146e-05,-0.012624597083080924,0,0,0,1.79190143079124,0.5368253499437402,800,0.3366,-0.11486,2.1029898515578207,-0.14718603553799467,2.6002353689919158,0.02606886237699966,0.23230701065473683,1.6962704731490026,2.983617297684328,1.7919203936419734,1.6650389762127213,1.726102500819679,0.137285300982786,576,227,33,32,1,0.3394,792,0.5311949610734158,-0.005634,-0.005633964435594052,98.0,377.0,0.0077818,0.0238237,-0.0047463,0.0132697,-0.0192082,0.9040656,0.2664547,-0.0156043,-0.333802,0.6710297,-0.199227,0.5569973,-0.8062646,457.0,375.0,-0.247211,0.0529762,-0.0254273,-0.0323086,0.0334078,-0.9348229,-0.2940298,-0.1465738,0.1347919,0.6209375,-0.4799761,-0.6098697,0.6306203,-0.025190392501464556,1.0,0.01746472252995447,289.7870302137724,0.0,256,7.038957907956122e-09,1.104809825867185e-09,1.4923032042604753e-09,2.4200295979689453e-05,0.0023778932413642375,1.8403917104756176e-10,23.486502592402054,7.074489161192866,8.7924281471273,3.1195856291341526,1.26444048734256,1.5660108697268735,0.15862833508813495,0.0,0.026926899669271902,0.4089823137596648,0.020348248824552505,1.5405455172149658,0.0210340658353883,621.4945872182191,289.7869208807714,0.6091626165289412,0.6091702859305242,0.6091702876916564,0.7614628574131552,6.149132402146068e-05,824,0.3165,0.3126,-0.40072,0.001756,2,0.1066,-0.8947,2e-06,12.039,6.0197,2.0,0.44327,0.68346,1.59717,0.15231,0.9908,0.9828,0.992,0.5126,4.6925,2.1435,0.6604,1.9118,29.1977,6.2222,83,0.1138,0.1347,46,0.1279,0.1817,-1.0,0.0616498,0.0970391,-0.2230103,0.0629175,-0.0248691,0.0376921,0.0774453,198.0,179.0,0.0430026,0.0789583,-0.2948137,0.014018,0.0480927,-0.0075501,0.0506598,188.0,187.0
278,1707,139673,1.571700804838237e-10,0.017631346188697956,0.003473341086792613,0.017631346188697956,0.5598938381970037,7.010630824440815,5.892297154398013,-12.40871622925654,11.606314033309861,0.06787248946758821,12.40871622925654,0.005647403511304529,12.555829143433858,6.395750701620997,-8.02617658248651,9.68773983834384,-0.05183901616278567,9.68773983834384,0.48839287997608605,1.9661853337529676,1.3355457610360242,0.3327597950969885,1.4728940585417305,0.9272885392621895,0.014141985151570878,3.7442470723306327,2.1653546152577006,0.00021754352053704462,1.4141567353088293,0.8053395269618341,6.325058925775115e-05,-0.007730686694500708,0,0,0,1.862796378313361,0.537004191449484,800,0.3406,-0.10439,2.107034456454527,-0.14842807084312298,2.600920293383576,0.03894394453856262,0.23041990104781102,1.6891810947840078,3.07124645699625,1.8628132318189872,1.6487141086051125,1.7780424791405154,0.13135219681974553,575,228,31,31,0,0.3434,792,0.5313637540458113,-0.007647,-0.007646887774953592,98.0,377.0,0.0083363,0.0494475,-0.019794,0.0198654,0.0407261,0.8956574,0.1584394,-0.0077756,-0.4154929,0.6762732,-0.4003029,0.4017471,0.8236242,475.0,372.0,-0.2351414,0.0652985,-0.043233,-0.044768,0.0197642,-0.2946504,-0.0296527,0.2998481,0.9068589,0.6041359,-0.6620826,-0.6855905,0.3026752,-0.025190392501464556,1.0,0.017819381449060902,289.7869531962453,0.0,256,7.584602210677402e-09,1.4011434939383264e-09,1.864100973007599e-09,1.964870782940441e-05,0.0024142474158315606,-4.769631933000642e-10,23.933817617682422,7.879301519469922,9.752066005552534,3.0606775136531996,1.2380371046214589,1.5177454232865135,0.16081685077165764,0.0,0.017764123654118388,1.0461509587476006,0.006654241355716494,2.0474850834038487,0.028996614894177528,621.4949725819819,289.7871005659698,0.6091626974897089,0.6091702857729064,0.6091702876916604,0.761462857216133,6.084241208205261e-05,824,0.3185,0.3147,-0.41151,-0.001238,2,0.1086,-0.9067,1.6e-05,12.04,6.02,2.0,0.44406,0.68106,1.59673,0.15221,0.9908,0.9828,0.992,0.5126,4.6926,2.1435,0.6604,1.9118,29.1985,6.2222,83,0.1457,0.9486,46,0.1429,1.0,0.0,0.1220436,0.1416925,-0.0745019,-0.0530842,0.0677842,-0.0870978,0.1224691,198.0,179.0,0.1388662,0.0360708,0.587614,-0.0245536,-0.037001,-0.0199306,0.0486742,198.0,174.0
279,1708,139674,0.0,0.01829817227351032,0.0034519190394861365,0.01829817227351032,0.5627259690215293,7.013912398271812,5.892448243233833,-12.37261967675259,12.806293325344601,0.06027430708093203,12.806293325344601,0.0029135232295132056,12.560869437497006,6.413715238186288,-7.992213162319469,9.700154250430966,-0.050065053685074405,9.700154250430966,0.4886001263221412,1.9689694145449186,1.3355831493018693,0.4026355794292292,1.4878522460262051,0.9343528056019093,0.0,3.7583867216217963,2.1721324125963455,0.000635613717931971,1.414156251927203,0.811886695506437,9.195884988090257e-05,-0.002997504109323702,0,0,0,1.8429051333925188,0.5371952581668676,800,0.3386,-0.10537,2.1035887935329383,-0.1443554870610504,2.601839861818757,0.0297471087221637,0.22816412686982432,1.6960810102496509,3.058583178570337,1.842917517942263,1.6596419258011306,1.7694421980915467,0.1314201741346234,576,227,36,36,0,0.3414,792,0.5315484267750223,0.009016,0.009015890631760115,98.0,377.0,0.0089341,0.0735975,0.0706365,-0.0184928,-0.0092244,-0.0471297,-0.4555782,-0.6905611,0.5597792,0.6729162,0.959768,-0.2512693,-0.1253361,457.0,375.0,-0.2581291,0.0731465,-0.0471785,0.0331102,0.0450367,0.8316602,0.0412593,-0.4800635,0.2760036,0.6126099,-0.6449875,0.4526568,0.6157053,-0.025190392501464556,1.0,0.017631346188697956,289.7871414298099,0.0,256,7.474716614634575e-09,1.2985095818455434e-09,1.8976592037150195e-09,2.6133656806120233e-05,0.0023740545461123364,-9.720347586788062e-11,24.838440255953287,6.68566315737618,8.152988278211165,3.1285592908536284,1.2827829425414257,1.5997311159787413,0.16534456537930808,0.0,0.00885949746814842,2.2402220381700495,0.018318812567450788,2.0083776770308974,0.019405797547411882,621.4948641477783,289.7870500058932,0.6091624104138171,0.6091702858179457,0.609170287691728,0.7614628572724321,6.31435127040294e-05,825,0.3131,0.3094,-0.41619,-0.001578,2,0.1061,-0.9176,-1.8e-05,12.04,6.0198,2.0,0.44198,0.6814,1.59565,0.15189,0.9908,0.9828,0.9919,0.5123,4.688,2.1414,0.6598,1.9099,29.1889,6.2263,83,0.1337,0.9935,46,0.1625,0.9189,-2.0,0.1249468,0.037341,0.5398179,0.0547018,0.0144401,-0.0036518,0.0566934,198.0,179.0,0.064943,0.1440979,-0.3786578,0.0585632,-0.0797002,-0.0496203,0.1106523,188.0,187.0
280,1710,139677,0.0,0.018994374672330585,0.0034554399241982846,0.018994374672330585,0.5562298673238609,7.006154800723953,5.8933954390167145,-12.309008055780602,11.683829051495177,0.059527221480486295,12.309008055780602,0.005179107797135736,12.555187179805039,6.4287321669884125,-7.953056286625092,9.619050118973904,-0.051284125285941624,9.619050118973904,0.4890381180854428,1.9717479331725842,1.3356215410116046,0.390076298006652,1.4816482038474381,0.930679706533554,0.0,3.7725217662576647,2.178214617111485,0.0005613666863012456,1.4141536360818099,0.8314783174316415,5.097626439534176e-06,0.0016877379816677106,0,0,0,1.8658093255635146,0.5379072224619478,802,0.3379,-0.09857,2.1045497962535507,-0.1431377550792623,2.602072667257967,0.06130455801417274,0.2277026808930312,1.6844914971291962,3.091691186881787,1.8658215693380487,1.6570133166477699,1.7885782877135048,0.1317479314049596,574,231,30,30,0,0.3407,794,0.5322728440375173,0.000557,0.0005569793377386834,98.0,377.0,0.0093841,0.0901584,-0.0659221,0.0613483,0.00438,-0.1584498,-0.0460056,-0.7301976,0.6630148,0.6738758,-0.7311816,0.6804508,0.0485817,457.0,375.0,-0.2672347,0.0367845,-0.0287341,-0.0051681,0.0223772,-0.7516831,-0.2527099,-0.2649286,0.5485646,0.607918,-0.781147,-0.1404961,0.608334,-0.02459016393442623,1.0,0.01829817227351032,289.7870820518157,0.0,256,6.1616283100652245e-09,1.0873272835413235e-09,1.4120698813746567e-09,2.1874630806054185e-05,0.002373841081013177,1.0954114761711956e-10,23.07366349743363,6.282503618514319,7.653219426343491,3.132235048742403,1.3627296344792401,1.6418476551561356,-0.045639439201956775,0.0,0.02674513441673549,2.3166950040056786,0.02828415420104975,1.6062178464163397,0.046670270362098726,621.494663226468,289.7869563214604,0.6091621106988261,0.6091702858999846,0.609170287691728,0.7614628573749807,6.554599597388415e-05,825,0.3146,0.3132,-0.42544,-0.001499,2,0.1063,-0.927,-4e-06,12.04,6.0199,2.0,0.44143,0.67841,1.59471,0.15125,0.9908,0.9828,0.9919,0.5123,4.6906,2.1426,0.6602,1.911,29.2442,6.2346,83,0.0667,0.978,46,0.0998,0.9714,-1.0,0.0743281,0.1602396,-0.3662549,0.0607136,-0.0102829,-0.0590978,0.0853489,198.0,179.0,0.0720844,0.0647399,0.0536784,-0.0054354,-0.0181774,-0.0552024,0.0583718,188.0,187.0
281,1710,139677,6.222181060817736e-11,0.01948954604135625,0.003458598083045873,0.01948954604135625,0.5562045555788581,7.006575914299407,5.893525726575858,-12.246148315652563,11.694361259443692,0.05221401318068407,12.246148315652563,0.002948987797078466,12.566003502625817,6.464603712961084,-7.979362901157372,9.645897560597607,-0.05106852192976867,9.645897560597607,0.48959054887630543,1.9744869210861449,1.3357102418513134,0.35050222495534006,1.4625003464168704,0.9288450328806594,0.01414149501759531,3.7866614873959987,2.1865292938656453,0.00025886734726621174,1.4141981580666834,0.80349960753723,2.8015000026917327e-05,0.006078212619780062,0,0,0,1.8823474598305345,0.5380832087065575,802,0.3445,-0.10099,2.0977734355507076,-0.13963264359917196,2.6012483414307375,0.05875077625189004,0.22779289118158813,1.6811691426703534,3.1186318836236833,1.8823544445000022,1.656771865009762,1.8038886365623514,0.13238196003404837,575,230,28,28,0,0.3474,794,0.5324425911536542,0.003976,0.003976476642135962,98.0,377.0,0.0118132,0.0651918,-0.0324178,0.0046082,-0.0563722,0.5425953,-0.0826533,-0.7774549,0.30712,0.6740589,-0.4972684,0.0706863,-0.8647124,457.0,375.0,-0.2753974,0.0294079,-0.0008752,0.0046395,-0.0290264,0.9305303,-0.3369557,-0.1170633,0.0828875,0.6030334,-0.0297618,0.1577653,-0.987028,-0.02456140350877193,1.0,0.01899509344231528,289.7869783155025,0.0,256,3.6911676348316862e-09,6.675803790439111e-10,9.151568765175288e-10,2.490967584209462e-05,0.0023620092447053697,-2.48055750533487e-10,21.721642027866594,6.325370316053963,7.561380694139744,3.113209410615636,1.3534188047922484,1.6704328064372207,-0.03294790846704311,0.0,0.030785119024705612,2.2960829131849296,0.01648960527086632,2.5220374855007908,0.025967212179897742,621.4947593107677,289.78700112309497,0.6091618975299369,0.6091702858609707,0.6091702876917013,0.7614628573262133,6.725472835504285e-05,825,0.3126,0.3113,-0.437,-0.00288,2,0.1077,-0.9357,-3e-05,12.04,6.0198,2.0,0.44053,0.67575,1.59448,0.15206,0.9908,0.9828,0.9919,0.5123,4.6908,2.1427,0.6602,1.9111,29.2453,6.2346,83,0.0458,-0.9057,46,0.0152,-0.8903,1.0,0.0658521,0.1215136,-0.2970744,0.0661288,0.0271087,0.0084434,0.0719666,198.0,179.0,0.124234,0.0771331,0.2339056,0.0284967,-0.0849295,-0.0008772,0.0895871,188.0,187.0
282,1711,139678,0.0,0.018624826889825884,0.0034411626687335865,0.018624826889825884,0.5534632401174339,7.003646726451461,5.893712672516398,-12.230209556043368,12.29305667963513,0.050581838528778296,12.29305667963513,0.0012827648234413009,12.56377051027538,6.501780773753597,-8.013419752723543,9.611681000282543,-0.05086936197283213,9.611681000282543,0.48959063511465806,1.9744869238631328,1.335613618794614,0.3698069828766149,1.4506898428625845,0.9200525061866237,0.0,3.786661501538114,2.1852520571405485,0.0007347016757419667,1.4141742124144878,0.8210584487838261,7.21567641977806e-05,0.006078507371678766,0,0,0,1.8722601795738283,0.5379746645577307,803,0.3421,-0.1111,2.1011794062331686,-0.13729858485438912,2.601021831448173,0.05689791320692733,0.2281320650173367,1.6775793912488188,3.110023076939598,1.8722576529308799,1.6611084868960682,1.799465079364627,0.13250979329617268,575,231,29,29,0,0.3447,795,0.532332867376271,0.002946,0.0029461788653120102,98.0,377.0,0.0117384,0.0620641,-0.0305583,0.0032081,-0.0539245,0.537896,-0.0686709,-0.7782935,0.3165618,0.6725806,-0.4923668,0.0516894,-0.8688516,457.0,375.0,-0.2800557,0.0285644,-0.0019504,0.0074564,-0.027505,0.9407779,-0.3153964,-0.0998462,0.0741137,0.6014197,-0.0682823,0.2610378,-0.9629106,-0.02456140350877193,1.0,0.01948954604135625,289.7870011245296,0.0,256,4.29810456871621e-09,8.25957024562283e-10,1.1108325802798177e-09,2.4231859194867985e-05,0.0023549798277762947,-1.5496061198995913e-10,22.95825418254324,6.4318627391492775,7.850207978463002,3.1415845021478743,1.35569727276388,1.6848452887819885,0.09929300537789713,0.0,0.02930548153094511,0.08723566740062104,0.014997454981171695,0.177669368205902,0.024220760482366096,621.4948055136674,289.7870226663172,0.6091622697916423,0.6091702858420849,0.609170287691728,0.7614628573026061,6.427074172769953e-05,825,0.3147,0.3135,-0.44638,-0.004651,2,0.1077,-0.9513,8e-06,12.04,6.0198,2.0,0.44187,0.67208,1.59463,0.15243,0.9908,0.9828,0.9919,0.512,4.6863,2.1406,0.6596,1.934,29.2169,6.2345,83,0.1287,-0.9972,46,0.1158,-0.997,0.0,0.0660057,0.1175047,-0.2806328,0.0665907,0.0255817,0.005629,0.0715571,198.0,179.0,0.1229526,0.0809281,0.2061229,0.029918,-0.087018,0.0006091,0.0920195,188.0,187.0
283,1714,139682,0.0,0.019388863938933187,0.0034607185291494775,0.019388863938933187,0.5448942883457826,6.993461439186345,5.894457952977504,-12.13704424288486,11.771609419765909,0.05266466528055555,12.13704424288486,0.001169716701212669,12.565930706140449,6.5410403264297665,-7.955538216202945,9.632147190866831,-0.05320040916559929,9.632147190866831,0.48983664472739236,1.9769956470723258,1.335535288496594,0.39376411426021907,1.451752227409239,0.9313780008481548,0.0,3.8007990742027986,2.19019166126777,0.0024560724929864053,1.4141450615474844,0.8345579855455137,3.477428630601847e-07,0.010679335315928074,0,0,0,1.937093064742133,0.537804288128804,806,0.3384,-0.10984,2.1015356052880727,-0.1408471677752524,2.6023273730385643,0.034590809243817786,0.23110521645129356,1.6872162959812713,3.188467871903404,1.93709724836387,1.6460029947368304,1.8459049985273144,0.12866936728942244,576,233,29,29,0,0.3408,798,0.5321744390411401,-0.006798,-0.006797857221262804,98.0,377.0,0.0132704,0.0476171,0.0366018,-0.007369,-0.0295532,0.7512182,0.0229178,-0.3117322,0.5813511,0.6772511,0.7686692,-0.1547559,-0.6206434,457.0,375.0,-0.2883814,0.1004689,0.0025559,-0.0897834,-0.0450158,0.7026428,-0.3578294,-0.5816863,-0.1997305,0.598435,0.0254398,-0.8936432,-0.4480564,-0.02396259497369959,1.0,0.018624826889825884,289.78705014725875,0.0,256,1.0283022863885863e-08,1.1582552836069899e-09,1.6642672982049604e-09,2.7664760921135906e-05,0.0023655435964598857,-1.9638590172226445e-10,23.24979531756533,6.487288299461989,7.943108736359025,3.1155074225515573,1.240863074037529,1.506692874170302,-0.14005580476518176,0.0,0.020050166047313092,0.8399721802582136,0.03284069012935888,1.43789611820071,0.03227656223688998,621.4947805327748,289.7870110183704,0.6091619408684209,0.6091702858523107,0.609170287691728,0.7614628573153883,6.690729122329114e-05,825,0.3109,0.3099,-0.45695,-0.000416,2,0.1052,-0.9566,-1.7e-05,12.04,6.0201,2.0,0.4411,0.67269,1.59541,0.15051,0.9908,0.9829,0.992,0.5123,4.6892,2.142,0.66,1.9104,29.3121,6.251,83,0.1446,-0.9962,46,0.1941,-0.9442,2.0,0.096018,0.017904,0.6856803,0.0381938,-0.0241037,-0.0241202,0.051201,198.0,179.0,0.1877633,0.0928218,0.3383696,-0.0144826,-0.0420374,0.0632975,0.0773529,188.0,187.0
284,1716,139684,0.0,0.01931319321102946,0.0034494318981297648,0.01931319321102946,0.5447887304560678,6.9939668244001565,5.894645921956848,-12.111337981828646,12.501424756862072,0.047074291497987,12.501424756862072,0.005521226000953502,12.557814958539213,6.570020207959543,-7.9026943107742715,9.762130044403328,-0.05631483085047695,9.762130044403328,0.4903503917946073,1.9797321752551666,1.33543328575375,0.3343786620410051,1.464324877857389,0.9302117180942787,0.0,3.814937622290597,2.195802927716888,0.0033077165374887363,1.4141481761325232,0.8214754340989218,3.0896610038335565e-05,0.015067380000511246,0,0,0,1.9419118493982337,0.5378115327370485,807,0.3433,-0.10973,2.099028016435698,-0.13696432640753894,2.601697524720083,0.03101441724752788,0.23257290999395658,1.6889867641552707,3.201307472024733,1.941917099021658,1.6485294215893966,1.8550443313296892,0.1291200337312549,580,230,27,27,0,0.3456,799,0.5321833303146303,0.010671,0.010671422191984137,98.0,377.0,0.0156064,0.0592549,0.030369,-0.0389042,-0.0327923,-0.5457229,-0.3207721,0.2572694,-0.7301399,0.6762703,0.5125148,-0.6565561,-0.5534101,457.0,375.0,-0.2937098,0.077657,0.0510012,0.019525,-0.0552111,0.7833327,0.4334202,-0.4239306,0.1371851,0.5960645,0.6567493,0.2514259,-0.7109609,-0.024504084014002333,1.0,0.019388863938933187,289.78704342476453,0.0,256,1.1504657722950256e-08,1.1138486163782208e-09,1.8582489457476863e-09,2.695508355002188e-05,0.0023463812365431824,-2.0157220227124563e-10,23.526591347405137,6.30327614361828,7.742304119597716,3.1229330799626114,1.3316008007090405,1.6325383192589185,0.08834985869788811,0.0,0.031238915956982728,1.32324531455037,0.02491665627063092,1.433471024262195,0.03863083809395361,621.4947536265977,289.78699847271287,0.6091619734457371,0.6091702858633057,0.609170287691728,0.7614628573291321,6.664616878195812e-05,826,0.3076,0.3067,-0.46548,-0.003703,2,0.1057,-0.9671,-5.5e-05,12.04,6.0198,2.0,0.44052,0.67053,1.59443,0.151,0.9908,0.9829,0.992,0.5122,4.6896,2.1422,0.66,1.9106,29.3533,6.2592,83,0.1266,-0.9827,46,0.2268,-0.9682,0.0,0.0632775,0.1173136,-0.2992179,-0.0328344,0.0576579,-0.0286261,0.0722633,198.0,179.0,0.1293294,0.0518565,0.4275878,0.0073716,-0.0112012,-0.0145533,0.019789,188.0,187.0
285,1716,139684,1.6539006807665118e-10,0.01950555744464693,0.00347075060583556,0.01950555744464693,0.5446429425124852,6.994405076349066,5.894769601174218,-12.597047307828117,11.803043721754541,0.05225572472209495,12.597047307828117,0.006281290152778973,12.561121482233197,6.561084073626114,-7.857005286896344,9.871608900976854,-0.0552752786375714,9.871608900976854,0.49170377978318247,1.9824489786602786,1.3355969353861261,0.3317015494717358,1.4711715618874401,0.929050589401419,0.014132283428737978,3.8290768346132436,2.2043086709007693,0.0020785047993930883,1.4141554717626592,0.8405956113007741,0.00010497113365239566,0.019446618766079102,0,0,0,1.9890189713818351,0.5380029787160653,807,0.3468,-0.09899,2.1030939306170753,-0.13711714862044086,2.602934731068189,0.024787966237375943,0.23194740255593957,1.6844284742570594,3.260303106858443,1.9890347434654725,1.6391383396239998,1.8894719809683187,0.12892557052209747,579,231,26,26,0,0.3492,799,0.5323697305672866,-0.006606,-0.0066057501425991205,98.0,377.0,0.01518,0.0362664,-0.0215352,0.0026134,0.029063,0.1304816,0.1432441,0.9391701,-0.2835757,0.6790399,-0.5938065,0.0720613,0.8013744,457.0,375.0,-0.2977727,0.0340255,-0.007274,-0.0256597,0.0211282,0.4066036,-0.5799717,0.691725,0.1407937,0.5943089,-0.2137808,-0.754132,0.620953,-0.024475524475524476,1.0,0.01931319321102946,289.78703829044616,0.0,256,6.222307103672278e-09,1.0973871038963478e-09,1.6462600904662313e-09,3.144703225064496e-05,0.002356385830313827,2.887199929982247e-10,23.91191308175935,6.948554759889076,8.46140453911885,3.132410611032153,1.061329849308901,1.447878717867954,-0.05560457253651119,0.0,0.01091670133800816,3.0762724797891576,0.024082533073060217,1.095511983757612,0.02032537836265204,621.4948474997182,289.7870422433315,0.6091618906342151,0.609170285824805,0.6091702876916569,0.7614628572810063,6.730997112102858e-05,826,0.3081,0.3075,-0.46503,-0.0029,2,0.1069,-0.9667,-3e-05,12.039,6.0197,2.0,0.44092,0.66818,1.59464,0.15103,0.9908,0.9829,0.992,0.5122,4.6897,2.1422,0.66,1.9106,29.3542,6.2593,83,0.0891,-0.6583,46,0.1337,-0.9828,-0.0,0.0639825,0.0252634,0.4338474,0.0018728,0.0107162,0.0313912,0.0332227,198.0,179.0,0.2011669,0.0761577,0.4507686,0.0455024,-0.0259493,0.1046925,0.1170656,188.0,187.0
286,1717,139685,0.0,0.019781564120266933,0.0034984734102896367,0.019781564120266933,0.5416526726487388,6.991372180082165,5.894947336034502,-12.017213815669557,11.646817100798685,0.04887400278857902,12.017213815669557,0.004836360988078556,12.565823081359552,6.558879470176896,-7.918667801062585,9.809674453649219,-0.05589969810532205,9.809674453649219,0.4927068211317671,1.9851676774962776,1.3357962220006068,0.328309067733773,1.480136841384431,0.9309275553626185,0.0,3.8432167176554497,2.2117815118509845,0.0008258393022039234,1.4141495047926027,0.8254338966882209,0.0001142311131708162,0.023883293523501496,0,0,0,2.0457853887528303,0.5377210416923679,808,0.3506,-0.08981,2.10577450829411,-0.1367973716483879,2.6028534623088286,0.02599562879384429,0.23405893350438978,1.6754171716156792,3.3331847257097933,2.0458004278543007,1.6292814686747041,1.9325629580281207,0.12221592558985674,581,230,32,32,0,0.3529,800,0.5320857927815408,-0.000889,-0.0008889666259892515,98.0,377.0,0.0159826,0.0531402,-0.0144828,0.0507387,0.0063016,0.9640291,-0.2616291,-0.0464077,-0.0066694,0.6819569,-0.27254,0.9548087,0.1185841,457.0,375.0,-0.3029442,0.0471965,-0.0121526,0.0199712,-0.0409998,0.5963051,0.708892,0.1242237,0.3556133,0.5925362,-0.2574894,0.4231489,-0.8687026,-0.024475524475524476,1.0,0.01950555744464693,289.78707640049777,0.0,256,6.055348084989054e-09,9.867919134179e-10,1.3522483145154841e-09,2.5114114192952942e-05,0.0023774357115675182,1.5602106123090825e-11,25.907765542747406,8.741348327179672,10.980822873171602,3.138059617281814,1.3170344061543622,1.6573805910842903,-0.1902711955722091,0.0,0.018547968527788835,1.0998321364398311,0.025947930427904938,1.159895796538529,0.032321943241127506,621.4950761106825,289.78714883873675,0.6091617718205489,0.6091702857294102,0.609170287691728,0.7614628571617628,6.826239258551506e-05,826,0.3084,0.3085,-0.47353,-0.005476,2,0.1081,-0.9731,-3e-05,12.04,6.0199,2.0,0.4418,0.66625,1.59483,0.15195,0.9908,0.983,0.992,0.5119,4.6948,2.0866,0.6955,1.863,29.4438,6.2716,83,0.081,0.286,46,0.0501,0.6704,-1.0,0.1133506,0.0786784,0.1805569,-0.0637135,0.0234452,-0.0468531,0.0824881,198.0,179.0,0.1866374,0.0408148,0.6411133,-0.0009577,0.070967,-0.0511062,0.087459,188.0,187.0
287,1722,139692,0.0,0.020734619001302225,0.003496871745697476,0.020734619001302225,0.5282729536336165,7.006103755094591,5.894877179893013,-11.9969464083197,11.542811731114375,0.05379335592327709,11.9969464083197,0.002128104446677548,12.56577492686558,6.581669740118919,-7.90368773068211,9.785862792242362,-0.05481816718439971,9.785862792242362,0.49295559555072144,1.9878957569304114,1.3355158451387201,0.3592561628951228,1.4765129023420274,0.9361167953075598,0.0,3.8573477273571224,2.2137475309348846,2.321681579620094e-05,1.4141487295175847,0.8328832512349311,1.975022536877292e-06,0.028085874459736298,0,0,0,2.0731573099551173,0.5375895688451362,813,0.3449,-0.09379,2.0974364387511146,-0.13870966185319233,2.603546103030447,0.03564670581574861,0.23722658204394723,1.6958262257975696,3.372242822881022,2.073165422483855,1.6266154096091112,1.95523280183916,0.11768592255655488,585,231,35,35,0,0.3471,805,0.5319831316331928,0.001838,0.0018379982846536969,98.0,377.0,0.0153091,0.0420569,-0.0379147,0.0143498,0.0111954,0.9049856,-0.0952445,-0.1976912,-0.3644829,0.6826506,-0.9015112,0.3411998,0.2661959,457.0,375.0,-0.3093744,0.0482158,0.0442549,0.0075314,0.0175938,-0.2337837,0.6464084,-0.0512968,0.7244791,0.5909726,0.9178514,0.1562019,0.364897,-0.023878858474082703,1.0,0.019781564120266933,289.78718121912596,0.0,256,1.0809632659810486e-08,1.584482215196902e-09,2.2873196957038284e-09,3.1742505029025356e-05,0.0023813045652700086,-2.345858102277277e-10,29.37902220145058,8.43817248215802,10.491747793847109,3.1414732183750593,1.271568000512463,1.6273532018413897,-0.07059388317135393,0.0,0.01656941257405038,2.0572846200238915,0.02618923691027039,1.049379068245617,0.023592033219070593,621.4948900012139,289.7870620606844,0.6091613615268732,0.6091702858072638,0.609170287691728,0.7614628572590798,7.155122403967153e-05,826,0.3106,0.311,-0.4713,0.001577,2,0.1071,-0.9808,8.7e-05,12.041,6.0204,2.0,0.44148,0.66524,1.59569,0.15105,0.9908,0.9831,0.9922,0.5116,4.7116,2.0941,0.6631,1.8697,29.6658,6.2963,83,0.0624,0.6167,46,0.1626,0.9801,2.0,0.0896754,0.0812289,0.0494221,0.0181292,0.0291257,0.0663172,0.0746655,198.0,179.0,0.0987103,0.0634729,0.2172688,0.011675,-0.0323955,-0.0476108,0.0587585,188.0,187.0
288,1724,139695,0.0,0.020979618659603277,0.0034985731653693133,0.020979618659603277,0.5224247609111123,7.011510410103051,5.895387973794432,-12.040903981320467,12.48865164214369,0.04710386198829977,12.48865164214369,0.0002606901814212896,12.564876648458085,6.640879615533771,-7.871355163920673,9.923438213456768,-0.05560891826986364,9.923438213456768,0.4938467195750938,1.9906444534852943,1.3354747347594933,0.36659495239076706,1.4895085330315923,0.9390691558981131,0.0,3.8714865198956367,2.2194682238891903,0.00010479378670391615,1.414148331180143,0.8344756658244563,1.6716353168670958e-06,0.03196117342871213,0,0,0,2.101477349831823,0.5370072050009376,815,0.3522,-0.08515,2.088887470030972,-0.13664237075886812,2.604428527239631,0.040774230704366365,0.24258424173221946,1.6973479437754457,3.4087224214645158,2.1014907451104947,1.6220496946729537,1.9768128309944988,0.12093821870566518,585,233,32,32,0,0.3544,807,0.5314037923335351,0.003403,0.003402593584444169,98.0,377.0,0.0150596,0.0516105,-0.0489006,-0.015935,-0.0042951,-0.949677,-0.2313911,0.2111148,-0.0015238,0.683884,-0.9474936,-0.3087556,-0.0832213,457.0,375.0,-0.3159031,0.072038,-0.0472785,0.0534302,-0.0099715,-0.6357051,-0.1186466,0.354151,-0.6755584,0.589312,-0.6562996,0.7416945,-0.1384201,-0.023228803716608595,1.0,0.020734619001302225,289.787104619345,0.0,256,4.59601705740855e-09,1.0251377464124955e-09,1.3413132829848719e-09,4.072445228935156e-05,0.00238620447524662,-9.200010965256325e-11,31.47325847808514,9.215952133907553,11.489260031585323,3.1225931165885004,1.133194459144853,1.453721930737077,-0.01064782829478457,0.0,0.022229590973418027,1.9840948735282604,0.010410293025444982,1.5274109886209353,0.02248259044246198,621.4948578436815,289.7870470664552,0.609161256050406,0.6091702858205619,0.609170287691728,0.7614628572757023,7.239667497903085e-05,826,0.302,0.3025,-0.48695,0.004311,2,0.1064,-0.991,3e-06,12.041,6.0206,2.0,0.44202,0.66359,1.59622,0.14978,0.9908,0.9831,0.9922,0.5116,4.7114,2.0939,0.6631,1.8197,29.7417,6.3127,83,0.0326,0.9939,46,0.2064,0.9803,0.0,0.0681219,0.1119265,-0.2432938,0.0553105,-0.0515102,-0.0095422,0.0761814,198.0,179.0,0.1238913,0.0479066,0.4422913,-0.0175027,0.0012111,0.0090197,0.0197273,188.0,187.0
289,1728,139701,0.0,0.021332639878149273,0.0034992861148398996,0.021332639878149273,0.5110189976835621,7.023757850353223,5.895962990921503,-11.956074899295077,11.497385579390542,0.047877413581454066,11.956074899295077,0.023476643546549707,12.564799442516103,6.678138005404418,-7.920903631664976,9.994071298295296,-0.0562346624400148,9.994071298295296,0.49482437837812643,1.9933872676883386,1.335367135497209,0.3483880131935711,1.5045645797544127,0.9370333118472429,0.0,3.8856255375132545,2.2226692700057322,0.00015637841937155006,1.414158451125832,0.8637734042433678,1.044235589989749e-07,0.03571031483678379,0,0,0,2.137123939500903,0.5361533265219777,819,0.3448,-0.09397,2.0884491779289696,-0.13717753024943918,2.604750975904164,0.033050512441490834,0.24521096647067808,1.6973710439908782,3.4528963007594067,2.1371452087635165,1.615658255976505,2.002832055192547,0.12055718439383784,586,236,30,30,0,0.3468,811,0.5305637903885552,-0.001305,-0.0013046762483788221,98.0,377.0,0.0118934,0.0468486,-0.0161529,-0.0438907,-0.0027349,0.1001336,0.1209466,0.1201489,-0.9802599,0.6856369,-0.3447897,-0.9368629,-0.0583777,457.0,375.0,-0.3239321,0.0218286,0.0084304,-0.0121364,-0.0160663,0.5581527,-0.2881548,-0.6871178,0.3651047,0.5870519,0.386209,-0.5559842,-0.7360192,-0.02320185614849188,1.0,0.020979618659603277,289.78707164060035,0.0,256,2.8334820724195214e-09,7.633239870836048e-10,9.980635391171514e-10,2.584031403675058e-05,0.0023929405269057153,-1.867852218591779e-10,21.92064223722226,6.941750539140418,8.681471461474533,3.125824076003592,1.3672631370310027,1.6884051565950589,0.016928763300517142,0.0,0.047975703499872895,1.083329945022475,0.02056541730375408,1.2630329190576437,0.020261984767180087,621.494678737172,289.78696355370226,0.6091611040694437,0.609170285893702,0.609170287691728,0.7614628573671275,7.361490529644197e-05,826,0.2937,0.2943,-0.48991,0.00415,2,0.1013,-0.9953,5e-05,12.042,6.0209,2.0,0.44296,0.66163,1.59928,0.15236,0.9908,0.9832,0.9924,0.5116,4.8957,2.0399,0.6644,1.8484,29.8599,6.0992,83,0.0462,0.4295,46,0.1583,0.7276,0.0,0.0460181,0.0672326,-0.1873225,0.0079176,0.0117383,-0.0299261,0.0331066,198.0,179.0,0.039664,0.0190681,0.3506753,0.0055064,0.0111727,-0.0068229,0.0142022,188.0,187.0
290,1728,139701,1.4333656208142157e-10,0.021189607623830924,0.0035322923722633823,0.021189607623830924,0.5106884715881975,7.021913111942244,5.896086765425829,-12.011612046485839,11.459862116493372,0.05130023102248838,12.011612046485839,0.001079205229649883,12.552056638426244,6.664091253522108,-7.916562190011365,9.90853789322638,-0.05638138034618406,9.90853789322638,0.4963225029160622,1.9960913550869428,1.3356872865605476,0.3956369587946019,1.511739529005,0.930834541176297,0.014141958874855694,3.899764599364321,2.2317347063113684,0.00010397086472790917,1.4141542091520558,0.8549503154102437,5.133366044913511e-07,0.03943795719663326,0,0,0,2.208601991742507,0.5363152381240732,819,0.3516,-0.10947,2.0847623684124765,-0.1428418878538442,2.6048589987126762,0.04117924270360033,0.24231726605924156,1.6922250643751742,3.5415632528485195,2.2086029173463775,1.6035310037096597,2.0550625287751783,0.12045154887204507,591,231,30,30,0,0.3536,811,0.5307236571267575,-0.00192,-0.001920468033952849,98.0,377.0,0.0095119,0.0433037,-0.0265744,-0.031929,-0.0122291,-0.8013389,-0.0592659,-0.5952489,0.0047173,0.6894688,-0.613675,-0.737327,-0.2824039,457.0,375.0,-0.3329044,0.0479429,0.0045115,0.0227965,0.0419344,0.6633953,-0.5021144,0.4952489,-0.2500325,0.5847183,0.0941021,0.4754918,0.8746727,-0.023148148148148147,1.0,0.021332639878149273,289.787009067108,0.0,256,3.143705671826853e-09,6.823197088810561e-10,8.786535659311053e-10,3.489073793193697e-05,0.0024215251911415543,1.2172495512253437e-10,20.302507455748476,5.202086938487838,6.278332761850409,3.1276775976492357,1.2613103202380977,1.5698449526336287,-0.03152591809710441,0.0,0.01838975366927228,0.2408265886253631,0.03684096821990443,2.6482660373502944,0.023370799758796367,621.494690811485,289.7869691836435,0.6091611656425959,0.6091702858888096,0.6091702876916664,0.7614628573610119,7.312132661977174e-05,826,0.2916,0.2924,-0.49324,0.001064,2,0.1026,-0.9957,-1.8e-05,12.042,6.0209,2.0,0.44338,0.66006,1.59803,0.14969,0.9908,0.9832,0.9924,0.5116,4.8959,2.0399,0.6644,1.8484,29.8608,6.0991,83,0.0715,-0.0536,46,0.1546,0.2166,-0.0,0.0983326,0.0800071,0.1027565,-0.0057581,0.0067531,-0.0781861,0.0786881,198.0,179.0,0.0452716,0.0500035,-0.0496665,-0.0074017,-0.0061181,-0.0169234,0.0194581,188.0,187.0
291,1731,139705,0.0,0.021112755623484712,0.003521504652888738,0.021112755623484712,0.507597030219964,7.02360390764,5.896393467964855,-11.900483604522485,12.773805287610198,0.05108219627099707,12.773805287610198,0.025238870400256536,12.54850516055831,6.686145419393205,-7.983732468082968,9.883937771063529,-0.0584329986565585,9.883937771063529,0.49735945680074645,1.9987728763688954,1.3355316381844833,0.39628192922810385,1.505198810163836,0.9364167331382421,0.0,3.9139043325458154,2.23640156729514,0.0003540384829550103,1.4141907882203237,0.8396735570990452,1.4916405683861784e-06,0.043202067043164205,0,0,0,2.2144670487386007,0.5353735876501016,821,0.3477,-0.10764,2.082720190764338,-0.14460311123604108,2.6053416738136477,0.08628764634747164,0.24365890994989714,1.6897993355973282,3.558911068590422,2.2144605821147794,1.6071232413591714,2.0637372608135482,0.12127005197647552,589,235,33,33,0,0.3496,813,0.5297823449133955,0.006843,0.006843143762548687,98.0,377.0,0.0091865,0.0854746,-0.0575153,0.0385867,0.0500896,0.8822991,0.0309577,-0.4539001,-0.1206837,0.688212,-0.6728937,0.4514398,0.5860172,457.0,375.0,-0.339918,0.025913,0.0179701,0.0172229,-0.0072063,0.5578541,-0.2290695,-0.5572254,0.5708116,0.583197,0.693478,0.6646431,-0.2780967,-0.023148148148148147,1.0,0.02118960471770378,289.7870105707504,0.0,256,4.7778459194416e-09,5.80175765945479e-10,8.484273854134766e-10,2.6234295677464243e-05,0.0024217224193291156,-1.0684485098942256e-10,24.055091390812848,7.3439806439199256,9.06970575109449,3.076832137751185,1.1176404163027223,1.404637533670785,0.07673717598358076,0.0,0.023918513577571684,0.4095945969099156,0.011031287740531298,2.636453851847266,0.04418168532302127,621.4947325261855,289.78698863413405,0.6091611987314827,0.6091702858718725,0.609170287691728,0.7614628573398405,7.28561200176599e-05,827,0.2855,0.2865,-0.49838,0.004104,2,0.0994,-0.9969,-0.0001,12.042,6.0209,2.0,0.44221,0.65796,1.59832,0.14976,0.9908,0.9832,0.9924,0.5118,4.8979,2.0408,0.6647,1.7992,29.9705,6.1191,83,0.0645,-0.5716,46,0.1279,-0.74,1.0,0.072782,0.1400545,-0.3160756,0.0012012,0.0038085,-0.0707382,0.0708509,198.0,179.0,0.0310883,0.0460794,-0.1942667,-0.031015,-0.008355,0.0203324,0.038015,188.0,187.0
292,1731,139705,9.682735621020951e-11,0.0219392545676173,0.003564435821141187,0.0219392545676173,0.5071967125946005,7.021753400726028,5.896518282895195,-11.952071532374045,11.461992299322906,0.04913288457142554,11.952071532374045,0.005168784485981217,12.565529322472969,6.7227481575059365,-7.910775101277586,9.853876432688093,-0.05685904452681828,9.853876432688093,0.4983048761929376,2.0012854777330973,1.3357250256907118,0.3768502085178709,1.4919330878937729,0.9483957137688553,0.01394371047892214,3.9278761575181704,2.2453046695707672,0.001288637723915187,1.4141470383761257,0.8515088906113112,5.894020529760951e-06,0.04676912023017563,0,0,0,2.2879585959278677,0.5355333359189764,821,0.3532,-0.09293,2.082799245016226,-0.1418555176356018,2.6063415163556156,0.047909426375874524,0.24052609176272405,1.6971196030012337,3.6505689808213098,2.287948460633333,1.5955643423063763,2.117536350862125,0.10991853791721283,595,229,30,30,0,0.3551,813,0.5299413669945553,-0.000504,-0.000504079847150285,98.0,377.0,0.0116618,0.0379552,-0.0211549,0.0172677,0.0263608,0.2626623,-0.1121125,-0.5072737,0.8130884,0.6922332,-0.5573657,0.4549503,0.6945241,457.0,375.0,-0.3469157,0.024428,0.0130047,-0.0195199,0.0068247,-0.6609512,-0.219351,0.717551,-0.0122178,0.5826966,0.5323678,-0.7990813,0.2793808,-0.02368573079145003,1.0,0.021112755623484712,289.7870197139631,0.0,256,5.594728272828908e-09,1.2971992061094416e-09,1.6627332331890751e-09,2.419001720105993e-05,0.002453409398268742,-9.91917425867799e-11,25.084332090801603,6.879112036435862,8.675266812166916,3.1172157178891062,1.2218364387440357,1.5318939015461224,-0.043864446155538056,0.0,0.012499928916199053,1.8887576099769818,0.03492992190690197,0.7936562708640594,0.022246839774055043,621.4953375692376,289.7872707501278,0.6091608429347297,0.6091702856173927,0.6091702876916864,0.7614628570217409,7.570813759633583e-05,827,0.2866,0.2878,-0.51412,0.001305,2,0.1012,-1.0,-4e-06,12.042,6.0212,2.0,0.44272,0.65569,1.59815,0.15225,0.9908,0.9832,0.9924,0.5118,4.8979,2.0408,0.6647,1.7992,29.9702,6.119,83,0.0942,-0.9762,46,0.2231,-0.9826,0.0,0.0401022,0.0398872,0.0026877,0.0077589,-0.0034368,0.0093487,0.0126258,198.0,179.0,0.0985051,0.0330533,0.4975119,-0.0165042,-0.0247174,0.0397525,0.0496347,188.0,187.0
